lon,lat,p_anomalous,label,nearest_gold_deg
-112.5656,45.9292,0.03,1,0.04213002967006424
-112.5744,45.92,0.005,1,0.042493145329570874
-112.5756,45.9167,0.005,1,0.04181434442867267
-112.5722,45.9111,0.0,1,0.0362861323372953
-112.5722,45.9111,0.0,1,0.0362861323372953
-112.5722,45.9111,0.0,1,0.0362861323372953
-112.52,45.9108,0.005,1,0.02369800413537566
-112.52,45.9108,0.01,1,0.02369800413537566
-112.52,45.9108,0.01,1,0.02369800413537566
-112.52,45.9108,0.005,1,0.02369800413537566
-112.5306,45.8819,0.06,1,0.015114764305138098
-112.5081,45.8806,0.005,1,0.03467861156390269
-112.5175,45.8831,0.06,1,0.02505083032556229
-112.6056,46.015,0.02,1,0.002895876378574171
-112.7083,46.1792,0.055,1,0.025675669416785098
-112.7375,46.1944,0.005,1,0.0073239333694429445
-112.6022,46.0539,0.01,1,0.015256346220506914
-112.5964,46.0694,0.01,1,0.004500011111101676
-112.5964,46.0694,0.02,1,0.004500011111101676
-112.5964,46.0694,0.02,1,0.004500011111101676
-112.5722,46.0761,0.01,1,0.023595213497647545
-112.5722,46.0761,0.02,1,0.023595213497647545
-112.7375,46.1944,0.005,1,0.0073239333694429445
-112.7375,46.1944,0.015,1,0.0073239333694429445
-112.5722,46.0761,0.015,1,0.023595213497647545
-112.5975,46.0806,0.01,1,0.011989249350982105
-112.5839,46.0917,0.01,1,0.02827401810851129
-112.5839,46.0917,0.02,1,0.02827401810851129
-112.5839,46.0917,0.02,1,0.02827401810851129
-112.5839,46.0917,0.01,1,0.02827401810851129
-112.5656,46.2375,0.005,1,0.04651442894414823
-112.5889,46.0914,0.02,1,0.0253189671985319
-112.6194,46.1033,0.01,1,0.03544444949494829
-112.6194,46.1033,0.02,1,0.03544444949494829
-112.6194,46.1033,0.02,1,0.03544444949494829
-112.6042,46.1278,0.24,1,0.015446067460677093
-112.6042,46.1278,0.01,1,0.015446067460677093
-112.6042,46.1278,0.02,1,0.015446067460677093
-112.6042,46.1278,0.01,1,0.015446067460677093
-112.5656,46.2375,0.06,1,0.04651442894414823
-112.5656,46.2375,0.01,1,0.04651442894414823
-112.5925,46.1342,0.01,1,0.02323327355324528
-112.5667,46.1406,0.01,1,0.04867489085761042
-112.5667,46.1406,0.02,1,0.04867489085761042
-112.5667,46.1406,0.02,1,0.04867489085761042
-112.5586,46.1378,0.01,1,0.056734442801531
-112.5586,46.1378,0.02,1,0.056734442801531
-112.5586,46.1378,0.02,1,0.056734442801531
-112.5719,46.1353,0.015,1,0.04354846725201746
-112.63,46.1392,0.01,1,0.009515676539269699
-112.63,46.1392,0.02,1,0.009515676539269699
-112.63,46.1392,0.015,1,0.009515676539269699
-112.1761,45.9478,0.02,1,0.056554402127502686
-112.1789,45.9736,0.01,1,0.049912086712541194
-112.1478,45.8803,0.01,1,0.10023221288588573
-112.1761,45.9836,0.01,1,0.043834967776872645
-112.6411,46.1519,0.02,1,0.00882327036874323
-112.525,46.2236,0.0,1,0.043185670077007986
-112.525,46.2236,0.01,1,0.043185670077007986
-112.525,46.2236,0.005,1,0.043185670077007986
-112.5458,46.1867,0.01,1,0.0814117688052558
-112.1778,45.9797,0.02,1,0.04563762044628969
-112.6411,46.1581,0.015,1,0.01273460246728867
-112.6361,46.1572,0.015,1,0.009490000000001367
-112.6325,46.1092,0.01,1,0.033968882819419954
-112.5458,46.1867,0.02,1,0.0814117688052558
-112.6158,46.1381,0.02,1,0.0006236986451719332
-112.6139,46.1375,0.01,1,0.0017507141399968563
-112.6139,46.1375,0.015,1,0.0017507141399968563
-112.6139,46.1375,0.01,1,0.0017507141399968563
-112.6139,46.1375,0.01,1,0.0017507141399968563
-112.6656,46.135,0.005,1,0.0350876060739438
-112.6656,46.135,0.01,1,0.0350876060739438
-112.6656,46.135,0.005,1,0.0350876060739438
-112.6656,46.135,0.0,1,0.0350876060739438
-112.6664,46.1289,0.005,1,0.038497351856979174
-112.6556,46.1236,0.03,1,0.03334456627398949
-112.6833,46.0139,0.01,1,0.013988713307524128
-112.6833,46.0139,0.02,1,0.013988713307524128
-112.6833,46.0139,0.02,1,0.013988713307524128
-112.6925,46.0503,0.015,1,0.02363277596897449
-112.6925,46.0503,0.02,1,0.02363277596897449
-112.6925,46.0503,0.02,1,0.02363277596897449
-112.6878,46.0361,0.01,1,0.008685856319319922
-112.6878,46.0361,0.02,1,0.008685856319319922
-112.6878,46.0361,0.02,1,0.008685856319319922
-112.6753,46.025,0.01,1,0.010638331636129253
-112.6753,46.025,0.015,1,0.010638331636129253
-112.6753,46.025,0.015,1,0.010638331636129253
-112.5458,46.1867,0.01,1,0.0814117688052558
-112.7394,46.0394,0.01,1,0.029085529047969773
-112.7394,46.0394,0.02,1,0.029085529047969773
-111.8014,46.1411,0.02,1,0.037901076501865874
-111.8014,46.1411,0.02,1,0.037901076501865874
-111.8014,46.1411,0.02,1,0.037901076501865874
-111.7739,46.0203,0.02,1,0.07920168811332402
-111.7739,46.0203,0.02,1,0.07920168811332402
-111.7739,46.0203,0.02,1,0.07920168811332402
-112.7394,46.0394,0.02,1,0.029085529047969773
-112.7219,46.0247,0.01,1,0.01291402338544993
-111.7889,46.1792,0.02,1,0.020006289011208975
-112.7219,46.0247,0.02,1,0.01291402338544993
-112.7219,46.0247,0.02,1,0.01291402338544993
-112.7281,45.9708,0.0,1,0.04056902882741626
-112.7189,45.9897,0.005,1,0.02072805104200558
-112.7331,45.9892,0.01,1,0.02446242015827822
-112.7461,45.9883,0.005,1,0.031021089600464687
-112.3917,45.8117,0.005,1,0.02095414517464588
-112.3917,45.8117,0.01,1,0.02095414517464588
-112.3917,45.8117,0.01,1,0.02095414517464588
-112.3872,45.8286,0.01,1,0.01701023809357085
-112.3872,45.8286,0.015,1,0.01701023809357085
-112.3872,45.8286,0.015,1,0.01701023809357085
-112.4311,45.845,0.0,1,0.01970610057824822
-112.1411,45.9806,0.02,1,0.07397096998147609
-112.1411,45.9806,0.02,1,0.07397096998147609
-112.1411,45.9806,0.02,1,0.07397096998147609
-111.9556,46.3514,0.0,1,0.048331655258233026
-111.9556,46.3514,0.005,1,0.048331655258233026
-111.9556,46.3514,0.0,1,0.048331655258233026
-111.9467,46.2819,0.005,1,0.0028072940708108733
-111.9467,46.2819,0.01,1,0.0028072940708108733
-111.9467,46.2819,0.005,1,0.0028072940708108733
-111.8889,46.2639,0.01,1,0.02641991105208694
-111.8889,46.2639,0.02,1,0.02641991105208694
-111.8889,46.2639,0.01,1,0.02641991105208694
-111.8333,46.2556,0.015,1,0.029330710867616523
-111.8333,46.2556,0.02,1,0.029330710867616523
-111.8333,46.2556,0.02,1,0.029330710867616523
-111.7597,46.2236,0.02,1,0.008238015537742975
-111.7597,46.2236,0.02,1,0.008238015537742975
-111.7597,46.2236,0.02,1,0.008238015537742975
-112.2714,45.8361,0.015,1,0.020763992872281475
-112.2714,45.8361,0.02,1,0.020763992872281475
-112.2714,45.8361,0.02,1,0.020763992872281475
-111.9778,46.6694,0.01,1,0.06943194077655881
-111.9778,46.6694,0.01,1,0.06943194077655881
-111.9778,46.6694,0.01,1,0.06943194077655881
-111.8694,46.6911,0.0,1,0.03215155361720439
-111.8694,46.6911,0.0,1,0.03215155361720439
-111.8694,46.6911,0.5506237317444119,1,0.03215155361720439
-111.9056,46.695,0.01,1,0.04733667077435983
-111.9722,46.5603,0.02,1,0.017475251071159086
-111.9722,46.5603,0.02,1,0.017475251071159086
-111.9722,46.5603,0.02,1,0.017475251071159086
-111.9633,46.5639,0.02,1,0.011857419618111415
-111.9633,46.5639,0.02,1,0.011857419618111415
-111.9633,46.5639,0.02,1,0.011857419618111415
-111.9903,46.5297,0.015,1,0.033612503625889356
-111.9903,46.5297,0.01,1,0.033612503625889356
-111.9903,46.5297,0.01,1,0.033612503625889356
-111.95,46.5306,0.015,1,0.01033094380974201
-111.95,46.5306,0.02,1,0.01033094380974201
-111.95,46.5306,0.02,1,0.01033094380974201
-111.9194,46.5217,0.01,1,0.014639617481339974
-111.9194,46.5217,0.01,1,0.014639617481339974
-111.9194,46.5217,0.005,1,0.014639617481339974
-111.9361,46.5803,0.01,1,0.032009848484488936
-111.9361,46.5803,0.015,1,0.032009848484488936
-111.9361,46.5803,0.02,1,0.032009848484488936
-111.9333,46.5347,0.02,1,0.009671835399755335
-111.9333,46.5347,0.005,1,0.009671835399755335
-111.9333,46.5347,0.0,1,0.009671835399755335
-112.5825,46.3658,0.02,1,0.0052590968806415965
-112.5825,46.3658,0.02,1,0.0052590968806415965
-112.5825,46.3658,0.02,1,0.0052590968806415965
-112.5928,46.3472,0.015,1,0.018157128076876267
-112.6361,46.3,0.0,1,0.03374803697994515
-112.6361,46.3,0.025,1,0.03374803697994515
-112.6361,46.3,0.0,1,0.03374803697994515
-112.2458,46.5247,0.0,1,0.022687399586554344
-112.2458,46.5247,0.03,1,0.022687399586554344
-112.2458,46.5247,0.005,1,0.022687399586554344
-112.0536,46.5547,0.01,1,0.0044369358796331505
-112.0536,46.5547,0.01,1,0.0044369358796331505
-112.0536,46.5547,0.01,1,0.0044369358796331505
-112.0583,46.5658,0.02,1,0.013693151572951876
-112.0583,46.5658,0.02,1,0.013693151572951876
-112.0583,46.5658,0.02,1,0.013693151572951876
-112.2417,46.5931,0.0,1,0.03364427588758821
-112.2417,46.5931,0.005,1,0.03364427588758821
-112.2417,46.5931,0.005,1,0.03364427588758821
-111.7944,46.6267,0.02,1,0.004327227749957304
-111.7767,46.615,0.02,1,0.006346061770890554
-111.7767,46.615,0.02,1,0.006346061770890554
-111.7767,46.615,0.02,1,0.006346061770890554
-111.7683,46.58,0.015,1,0.03303060550458881
-111.7683,46.58,0.02,1,0.03303060550458881
-111.7683,46.58,0.02,1,0.03303060550458881
-111.765,46.5958,0.015,1,0.028747147684598934
-111.765,46.5958,0.02,1,0.028747147684598934
-111.765,46.5958,0.02,1,0.028747147684598934
-111.7925,46.5556,0.02,1,0.027213652823529923
-111.7925,46.5556,0.02,1,0.027213652823529923
-111.7925,46.5556,0.02,1,0.027213652823529923
-111.8092,46.5617,0.02,1,0.00945753139037037
-111.8092,46.5617,0.02,1,0.00945753139037037
-111.8092,46.5617,0.02,1,0.00945753139037037
-112.1733,46.5433,0.0,1,0.030349866556540143
-112.1733,46.5433,0.0,1,0.030349866556540143
-112.1733,46.5433,0.0,1,0.030349866556540143
-112.1453,46.5747,0.02,1,0.011946313238817107
-112.1453,46.5747,0.02,1,0.011946313238817107
-112.1453,46.5747,0.02,1,0.011946313238817107
-112.0778,46.5722,0.02,1,0.009026760216153104
-112.0778,46.5722,0.02,1,0.009026760216153104
-112.0778,46.5722,0.02,1,0.009026760216153104
-112.0564,46.5764,0.02,1,0.015812223120104996
-112.0564,46.5764,0.02,1,0.015812223120104996
-112.0564,46.5764,0.02,1,0.015812223120104996
-112.0836,46.5936,0.02,1,0.01858156075253995
-112.0836,46.5936,0.02,1,0.01858156075253995
-112.0836,46.5936,0.02,1,0.01858156075253995
-112.2181,46.5758,0.005,1,0.0363260801628776
-112.2181,46.5758,0.015,1,0.0363260801628776
-112.2181,46.5758,0.01,1,0.0363260801628776
-112.2414,46.6647,0.01,1,0.008907193721934062
-112.2414,46.6647,0.02,1,0.008907193721934062
-112.2414,46.6647,0.02,1,0.008907193721934062
-112.1956,46.6572,0.015,1,0.0019450963986377
-112.1956,46.6572,0.02,1,0.0019450963986377
-112.1956,46.6572,0.02,1,0.0019450963986377
-112.145,46.6647,0.02,1,0.007533531708299988
-112.145,46.6647,0.02,1,0.007533531708299988
-112.145,46.6647,0.02,1,0.007533531708299988
-112.1222,46.6542,0.015,1,0.013797912885644626
-112.1222,46.6542,0.02,1,0.013797912885644626
-112.1222,46.6542,0.02,1,0.013797912885644626
-112.1786,46.615,0.02,1,0.006773256233160343
-112.1786,46.615,0.02,1,0.006773256233160343
-112.1786,46.615,0.02,1,0.006773256233160343
-111.8292,46.535,0.02,1,0.016772146553141548
-111.8292,46.535,0.02,1,0.016772146553141548
-111.8292,46.535,0.02,1,0.016772146553141548
-111.8333,46.6728,0.005,1,0.01805344565449665
-111.8333,46.6728,0.0,1,0.01805344565449665
-111.8333,46.6728,0.025,1,0.01805344565449665
-111.8317,46.6767,0.015,1,0.01825762580402846
-111.8317,46.6767,0.01,1,0.01825762580402846
-111.8317,46.6767,0.005,1,0.01825762580402846
-111.7833,46.7083,0.02,1,0.01853625906163407
-111.8933,46.6683,0.005,1,0.06062613627800493
-111.8933,46.6683,0.005,1,0.06062613627800493
-111.8933,46.6683,0.005,1,0.06062613627800493
-112.6319,46.2889,0.005,1,0.040035234481635644
-112.4583,45.8753,0.0,1,0.0057050328658099
-112.4597,45.88,0.265,1,0.000809567785916748
-112.4564,45.8769,0.0,1,0.005290689936100581
-112.4578,45.8811,0.04,1,0.002280219287690375
-112.4575,45.8847,0.0,1,0.004718410749396082
-112.4631,45.8831,0.0,1,0.0038625639153296257
-112.4756,45.8881,0.03,1,0.017208120176247257
-112.4628,45.8917,0.0,1,0.011309438536021194
-112.4628,45.8917,0.005,1,0.011309438536021194
-112.4628,45.8917,0.01,1,0.011309438536021194
-112.4628,45.8917,0.01,1,0.011309438536021194
-112.4589,45.895,0.01,1,0.014316263478997756
-112.4678,45.9061,0.0,1,0.026527333073645784
-112.4883,45.925,0.0,1,0.04274480553236361
-112.4883,45.925,0.0,1,0.04274480553236361
-112.4883,45.925,0.0,1,0.04274480553236361
-112.4958,45.9306,0.0,1,0.04878450983662865
-112.4958,45.9306,0.0,1,0.04878450983662865
-112.4958,45.9306,0.0,1,0.04878450983662865
-112.4958,45.9306,0.01,1,0.04878450983662865
-112.4958,45.9083,0.025,1,0.04471594122904888
-112.4958,45.9083,0.015,1,0.04471594122904888
-112.4958,45.9083,0.005,1,0.04471594122904888
-112.4894,45.9047,0.01,1,0.037894371613742275
-112.4894,45.9047,0.01,1,0.037894371613742275
-112.4894,45.9047,0.005,1,0.037894371613742275
-112.4258,45.8997,0.0,1,0.026581363772385454
-112.4706,45.8831,0.03,1,0.010812927448207032
-112.425,45.8944,0.005,1,0.03174297402575699
-112.4206,45.8978,0.055,1,0.030464978253731765
-112.4203,45.8989,0.195,1,0.02964929847399729
-112.4467,45.9044,0.0,1,0.02333604293790746
-112.4453,45.9078,0.0,1,0.019697078463565002
-112.4419,45.9167,0.0,1,0.010471337068396664
-112.4256,45.9083,0.0,1,0.018858549785177838
-112.4256,45.9083,0.015,1,0.018858549785177838
-112.4256,45.9083,0.025,1,0.018858549785177838
-112.4569,45.8661,0.0,1,0.014965273134822809
-112.4592,45.8639,0.0,1,0.0168514509761017
-112.4583,45.8611,0.0,1,0.019707851227365698
-112.4803,45.8536,0.0,1,0.03385408985632543
-112.4803,45.8536,0.015,1,0.03385408985632543
-112.4803,45.8536,0.0,1,0.03385408985632543
-112.4817,45.8575,0.055,1,0.0317546122634219
-112.4564,45.8358,0.0,1,0.013599661760500306
-112.4564,45.8358,0.03,1,0.013599661760500306
-112.4564,45.8358,0.0,1,0.013599661760500306
-112.4278,45.9186,0.06,1,0.00942352906293499
-112.4278,45.9186,0.04,1,0.00942352906293499
-112.4278,45.9186,0.06,1,0.00942352906293499
-112.4278,45.9186,0.0,1,0.00942352906293499
-112.4458,45.8708,0.03,1,0.01253668217672318
-112.4425,45.8653,0.06,1,0.007487082208707145
-112.4261,45.8431,0.27,1,0.02302347497663865
-112.4261,45.8431,0.0,1,0.02302347497663865
-112.4261,45.8431,0.0,1,0.02302347497663865
-112.4147,45.8375,0.0,1,0.013815216248750569
-112.4044,45.8361,0.01,1,0.00759237775667165
-112.4075,45.8308,0.0,1,0.0040085159348519014
-112.4075,45.8306,0.0,1,0.003897717280657104
-112.3911,45.8319,0.0,1,0.013541203786971094
-112.3911,45.8319,0.01,1,0.013541203786971094
-112.3911,45.8319,0.03,1,0.013541203786971094
-112.3786,45.8283,0.005,1,0.025610860977327947
-112.3786,45.8283,0.015,1,0.025610860977327947
-112.3786,45.8283,0.01,1,0.025610860977327947
-112.3658,45.8306,0.005,1,0.038466819468224715
-112.3658,45.8306,0.02,1,0.038466819468224715
-112.3658,45.8306,0.01,1,0.038466819468224715
-112.3406,45.8678,0.01,1,0.03197311996036472
-112.3406,45.8678,0.01,1,0.03197311996036472
-112.3406,45.8678,0.015,1,0.03197311996036472
-112.2867,45.8517,0.02,1,0.029120171702782322
-112.2867,45.8517,0.02,1,0.029120171702782322
-112.2867,45.8517,0.02,1,0.029120171702782322
-112.2939,45.8458,0.005,1,0.03550009014073673
-112.2939,45.8458,0.01,1,0.03550009014073673
-112.2939,45.8458,0.01,1,0.03550009014073673
-112.2836,45.8625,0.02,1,0.021475204306366395
-112.2836,45.8625,0.02,1,0.021475204306366395
-112.2836,45.8625,0.02,1,0.021475204306366395
-112.2861,45.8708,0.01,1,0.01312800060938489
-112.2861,45.8708,0.02,1,0.01312800060938489
-112.2861,45.8708,0.01,1,0.01312800060938489
-112.2611,45.8664,0.005,1,0.015212836684852463
-112.2611,45.8664,0.01,1,0.015212836684852463
-112.2611,45.8664,0.005,1,0.015212836684852463
-112.3469,45.8197,0.01,1,0.05798320618938034
-112.3469,45.8197,0.01,1,0.05798320618938034
-112.3469,45.8197,0.01,1,0.05798320618938034
-112.2833,45.8069,0.01,1,0.01190052099700285
-112.2833,45.8069,0.01,1,0.01190052099700285
-112.2833,45.8069,0.01,1,0.01190052099700285
-112.2778,45.7808,0.06,1,0.033717093587678625
-112.2778,45.7808,0.0,1,0.033717093587678625
-112.2778,45.7808,0.005,1,0.033717093587678625
-112.2625,45.7569,0.02,1,0.05853674401604475
-112.2625,45.7569,0.02,1,0.05853674401604475
-112.2625,45.7569,0.02,1,0.05853674401604475
-112.2922,45.7611,0.02,1,0.05623351669600965
-112.2922,45.7611,0.02,1,0.05623351669600965
-112.2922,45.7611,0.02,1,0.05623351669600965
-112.3253,45.7528,0.01,1,0.042605611132810445
-112.3253,45.7528,0.015,1,0.042605611132810445
-112.3253,45.7528,0.01,1,0.042605611132810445
-112.3633,45.7722,0.015,1,0.0641420330204758
-112.3633,45.7722,0.01,1,0.0641420330204758
-112.3633,45.7722,0.01,1,0.0641420330204758
-112.3556,45.7847,0.0,1,0.06543888904925793
-112.3556,45.7847,0.005,1,0.06543888904925793
-112.3556,45.7847,0.0,1,0.06543888904925793
-112.3472,45.7894,0.02,1,0.06913560732358309
-112.3472,45.7894,0.06,1,0.06913560732358309
-112.3472,45.7894,0.06,1,0.06913560732358309
-112.0747,46.1917,0.0,1,0.04982905176700979
-112.0747,46.1917,0.0,1,0.04982905176700979
-112.0747,46.1917,0.0,1,0.04982905176700979
-112.0328,46.1725,0.025,1,0.044260782866998666
-112.0328,46.1725,0.0,1,0.044260782866998666
-112.0328,46.1725,0.0,1,0.044260782866998666
-112.2333,46.2375,0.0,1,0.02282543537372157
-112.0328,46.1725,0.005,1,0.044260782866998666
-112.1922,46.2097,0.06,1,0.02328970588049499
-112.1922,46.2125,0.005,1,0.022519555945887528
-112.1828,46.1828,0.0,1,0.030238123288320422
-112.1839,46.1828,0.0,1,0.031231300004951845
-112.2139,46.1667,0.01,1,0.004962307930787393
-112.2333,46.2375,0.01,1,0.02282543537372157
-112.2278,46.1597,0.035,1,0.010745436240558195
-112.2378,46.1553,0.005,1,0.01603073298386628
-112.2378,46.1536,0.06,1,0.01759302134370359
-112.2111,46.1658,0.0,1,0.003786092972968994
-112.0547,46.1903,0.005,1,0.0688486484979912
-112.0292,46.1819,0.01,1,0.04250318693933767
-111.8583,46.4958,0.415,1,0.016253211990252585
-111.83,46.4797,0.46782771535580525,1,0.00732221960883492
-111.8358,46.4831,0.56,1,0.004923098617731439
-112.0292,46.1819,0.01,1,0.04250318693933767
-111.8542,46.4703,0.32,1,0.01216391795434135
-111.85,46.4728,0.445,1,0.012963753314532808
-111.8567,46.4611,0.30398066783831285,1,0.016094561193149202
-111.8583,46.4847,0.505,1,0.005864887040684322
-111.8731,46.4872,0.385,1,0.01356226013611978
-111.8981,46.4939,0.39782771535580524,1,0.00698461881565566
-111.9275,46.4639,0.325,1,0.019808202846299663
-111.9181,46.4561,0.38,1,0.015601310842368548
-111.9042,46.4383,0.4064208076488739,1,0.0027793704323078824
-111.9281,46.425,0.29,1,0.0044553899941582546
-111.9439,46.4119,0.22,1,0.0203328428902528
-111.9408,46.4133,0.34,1,0.01739863500392453
-111.9678,46.4458,0.395,1,0.002830971564676332
-111.9947,46.4653,0.355,1,0.009428488744217707
-111.9417,46.4847,0.23746381390572857,1,0.023516470823664867
-111.9572,46.4906,0.405,1,0.0228802185304221
-111.9903,46.4356,0.36,1,0.015425926228269687
-111.995,46.4369,0.35,1,0.01618700713535598
-111.9942,46.4403,0.35,1,0.01295635751282411
-111.9667,46.3922,0.35,1,0.03791598343706236
-111.9644,46.3939,0.42,1,0.04067020776932368
-111.9769,46.3986,0.375,1,0.032016523858780815
-111.9806,46.4011,0.375,1,0.030901614844536067
-111.9828,46.4058,0.44,1,0.029805509557805924
-111.9806,46.3625,0.42,1,0.02712623084765012
-111.9814,46.3617,0.375,1,0.02650027169672213
-111.9833,46.3611,0.37,1,0.024793757278794553
-111.9875,46.3547,0.405,1,0.022516396248069538
-111.9903,46.4694,0.39782771535580524,1,0.0062579309679806515
-111.9931,46.4711,0.41,1,0.009428239496316514
-111.9033,46.3417,0.485,1,0.010421655338760317
-111.9056,46.3417,0.295,1,0.010237133387811754
-111.8875,46.3431,0.35898066783831284,1,0.012077371402754786
-111.9528,46.3542,0.44,1,0.045593211117445465
-111.9556,46.3514,0.445,1,0.048331655258233026
-111.965,46.2844,0.4,1,0.003929491061192854
-111.9694,46.2825,0.335,1,0.002855678553330224
-111.9467,46.2819,0.32,1,0.0028072940708108733
-111.9222,46.2694,0.34282771535580525,1,0.005078867984097287
-111.8889,46.2639,0.3078277153558052,1,0.02641991105208694
-111.8681,46.2611,0.39782771535580524,1,0.030154596664520035
-111.8561,46.2639,0.34,1,0.034534558054212475
-111.8417,46.2542,0.40898066783831283,1,0.03535645061371614
-111.8333,46.2556,0.39,1,0.029330710867616523
-111.8139,46.2519,0.355,1,0.02949499279539121
-111.7597,46.2236,0.34,1,0.008238015537742975
-111.7694,46.1944,0.365,1,0.02808062677362974
-111.7889,46.2097,0.38,1,0.03981340101021946
-111.9778,46.6694,0.2935930922930686,1,0.06943194077655881
-111.9778,46.6911,0.37,1,0.060018200572828855
-111.9931,46.7333,0.24,1,0.0453742922809867
-111.95,46.7311,0.31,1,0.08279774393061586
-111.9083,46.7158,0.465,1,0.04138693513657905
-111.8653,46.7133,0.29861244019138755,1,0.01015915350804538
-111.8694,46.6911,0.4669712793733682,1,0.03215155361720439
-111.9431,46.6758,0.315,1,0.08916294297520262
-111.9722,46.5603,0.37,1,0.017475251071159086
-111.9633,46.5639,0.395,1,0.011857419618111415
-111.9944,46.5608,0.42,1,0.011725971175128655
-111.9986,46.5528,0.305,1,0.02076021194496709
-111.9069,46.5556,0.42398066783831284,1,0.025147572447456634
-111.9686,46.5478,0.39,1,0.014464867783698541
-111.9903,46.5297,0.285,1,0.033612503625889356
-111.9897,46.5322,0.385,1,0.032479014763381775
-111.9694,46.5175,0.37463609854992336,1,0.02373845824816891
-111.95,46.5306,0.43,1,0.01033094380974201
-111.9417,46.5031,0.425,1,0.00517536472144755
-111.9222,46.5208,0.375,1,0.014973322944487654
-111.9194,46.5217,0.33726020067870155,1,0.014639617481339974
-111.9361,46.5803,0.4664401555471928,1,0.032009848484488936
-111.9367,46.5683,0.34,1,0.023151984796119872
-111.8625,46.5575,0.4186124401913876,1,0.023895583273896372
-111.8667,46.5319,0.325,1,0.013326323574046407
-111.8472,46.5167,0.335,1,0.008208343316409161
-111.8806,46.5097,0.34,1,0.016702841075699117
-111.9006,46.5069,0.44282771535580523,1,0.010285178656689105
-111.9019,46.5153,0.39,1,0.017992579025813117
-111.9333,46.5347,0.515,1,0.009671835399755335
-111.7833,46.63,0.355,1,0.010054874439793615
-111.7861,46.6267,0.325,1,0.00918000544662569
-111.7617,46.6183,0.355,1,0.01745922392318119
-111.7767,46.615,0.415,1,0.006346061770890554
-111.7842,46.61,0.38,1,0.012121159185492418
-111.7833,46.6078,0.445,1,0.013828683957632908
-111.7817,46.6033,0.37,1,0.017841650708389004
-111.7683,46.58,0.5287003562258943,1,0.03303060550458881
-111.7608,46.575,0.43,1,0.02605419160135506
-111.7567,46.5717,0.41,1,0.023054173158015414
-111.7717,46.5883,0.445,1,0.03342790002378751
-111.765,46.5958,0.39,1,0.028747147684598934
-111.76,46.5317,0.34282771535580525,1,0.013641807065047513
-111.7617,46.52,0.2689806678383128,1,0.007639430607051563
-111.78,46.5311,0.38782771535580524,1,0.014406210466323916
-111.77,46.535,0.3964401555471928,1,0.013425680615891094
-111.7925,46.5556,0.41,1,0.027213652823529923
-111.82,46.5533,0.42180838319411806,1,0.012598924557277739
-111.8092,46.5617,0.35,1,0.00945753139037037
-111.8222,46.5694,0.315,1,0.0034264996716708357
-111.8292,46.535,0.355,1,0.016772146553141548
-111.83,46.6283,0.445,1,0.02936404093444435
-111.8222,46.665,0.365,1,0.0063852094718920985
-111.8333,46.6728,0.305,1,0.01805344565449665
-111.8317,46.6767,0.26782771535580524,1,0.01825762580402846
-111.8133,46.6967,0.515,1,0.015235251885022316
-111.815,46.7083,0.515,1,0.02029938176398787
-111.7667,46.7133,0.455,1,0.00555389052827059
-111.7528,46.7233,0.47361244019138754,1,0.0056081726079065045
-111.8933,46.6683,0.305,1,0.06062613627800493
-111.8933,46.6406,0.325,1,0.060939448635509166
-111.9792,46.1264,0.33282771535580524,1,0.04370390600392731
-111.9411,46.0833,0.305,1,0.09469315128349412
-111.9403,46.0858,0.255,1,0.09288117624147117
-111.9389,46.0744,0.38680838319411803,1,0.09580094414984709
-111.9197,46.0306,0.40180838319411805,1,0.09180015740728424
-111.9722,46.0306,0.5328277153558052,1,0.10670343434022853
-111.9722,46.0292,0.385,1,0.10530879782810244
-111.9944,46.1717,0.34,1,0.006292288931700692
-111.9633,46.1978,0.4146360985499233,1,0.013615538916987106
-111.9583,46.2325,0.335,1,0.0047741910309573275
-111.95,46.1667,0.37,1,0.03776552528430992
-111.9292,46.1683,0.31,1,0.01731666538337041
-111.9208,46.1939,0.38,1,0.020790452135534983
-111.8944,46.2144,0.395,1,0.043961447883344065
-111.8919,46.2122,0.37,1,0.04315007415984668
-111.8958,46.1986,0.325,1,0.029567767923879683
-111.9028,46.1556,0.405,1,0.02159798370218969
-111.8914,46.1542,0.31,1,0.02976153389863857
-111.8914,46.1381,0.37,1,0.04244807298334953
-111.9744,46.2417,0.295,1,0.011085576214165655
-111.8722,46.135,0.32715293674587587,1,0.05690796868629083
-111.8653,46.15,0.33,1,0.05373204723440159
-111.8556,46.1458,0.395,1,0.06428250850737609
-111.8375,46.15,0.3864401555471928,1,0.06625329878580599
-111.8306,46.1417,0.40282771535580525,1,0.061441703264147385
-111.8167,46.1375,0.385,1,0.05220311868078414
-111.8069,46.1344,0.41,1,0.046494855629417145
-111.8361,46.1069,0.5,1,0.026323808615015133
-111.8786,46.1033,0.43,1,0.0413768401403576
-111.8556,46.0892,0.56,1,0.014399058997031911
-111.8028,46.0917,0.57,1,0.04180831137464262
-111.7931,46.0875,0.3299806521016811,1,0.04054868185279801
-111.7631,46.0825,0.5436124401913875,1,0.01879508978429454
-111.7653,46.07,0.375,1,0.030063855374849242
-111.7986,46.0533,0.3246152678299501,1,0.052964543800547034
-111.8111,46.05,0.355,1,0.04516539493904693
-111.8775,46.0278,0.39,1,0.06371261178134663
-111.875,46.0208,0.3028277153558052,1,0.06853536970061873
-111.8742,46.0644,0.505,1,0.03530338369052788
-111.8667,46.0417,0.505,1,0.04622011358705536
-111.9758,46.2736,0.32,1,0.011520802923408248
-111.9706,46.27,0.235,1,0.011583475298886477
-111.9628,46.2603,0.2978277153558052,1,0.0031904388412899464
-111.95,46.2528,0.3,1,0.0030276888875854766
-111.8417,46.0686,0.455,1,0.013106826465621571
-111.8014,46.1411,0.4489806678383128,1,0.037901076501865874
-111.7739,46.0203,0.395,1,0.07920168811332402
-111.7769,46.0075,0.3325931080297003,1,0.09231281276182667
-111.7736,46.1278,0.4178277153558052,1,0.032298910198331574
-111.7678,46.1389,0.41,1,0.027867644320960557
-111.7944,46.2083,0.4236124401913875,1,0.04527854790074762
-111.7639,46.1861,0.39,1,0.021673523017724648
-111.4353,46.4686,0.48,1,0.057506518760913436
-111.4061,46.475,0.505,1,0.02768060151079665
-111.3814,46.4883,0.41,1,0.005062973434650962
-111.4189,46.4397,0.4039806678383128,1,0.058747388878138185
-111.3739,46.4881,0.265,1,0.007443634864767643
-111.3228,46.4972,0.43,1,0.05858205954044576
-111.3492,46.4858,0.42202215980024976,1,0.03064567995656954
-111.3419,46.4858,0.54,1,0.03792919324215408
-111.3086,46.4772,0.57,1,0.06513332940975074
-111.3306,46.4564,0.3778277153558052,1,0.056139626824553035
-111.3267,46.4481,0.45,1,0.06379052986141943
-111.3022,46.4508,0.31,1,0.06820673427161864
-111.1772,46.0028,0.41,0,0.2362070737721466
-111.1714,46.1111,0.37,0,0.27881681907660466
-111.1556,46.1147,0.4039806678383128,0,0.2871281362040225
-111.1578,46.0144,0.41,0,0.24878605608032264
-111.3789,46.3781,0.465,1,0.06388488553641201
-111.4003,46.3731,0.53,1,0.06936280415323855
-111.3083,46.3642,0.4614401555471928,1,0.06895452559476055
-111.2922,46.3672,0.365,1,0.08327428534667417
-111.3147,46.3422,0.5,1,0.050720869472032915
-111.3169,46.3425,0.275,1,0.04896642318976356
-111.2772,46.3289,0.37,1,0.08255351355332981
-111.2886,46.3444,0.235,1,0.07534973523509263
-111.2831,46.3689,0.46,1,0.09167574706539146
-111.2656,46.2994,0.615,1,0.09507146049155688
-111.2592,46.2872,0.35361244019138754,1,0.10422430906462006
-111.1514,46.4878,0.35,1,0.053943253517009786
-111.1625,46.4878,0.42,1,0.046518325421282106
-111.1514,46.4956,0.39782771535580524,1,0.048906018034596
-111.5181,46.2811,0.415,1,0.06397014616209355
-111.1522,46.0603,0.37,0,0.2950065790791783
-111.1683,46.0989,0.27100282763856254,0,0.28998972843878
-111.6739,46.6506,0.3389806678383128,1,0.01618458834818267
-111.6439,46.6883,0.38,1,0.004320752249324287
-111.6256,46.6931,0.39,1,0.010847608031263362
-111.6156,46.7058,0.41,1,0.013249399986407635
-111.5886,46.7169,0.395,1,0.01504855142530323
-111.6928,46.6672,0.35,1,0.010061853705946323
-111.7192,46.6608,0.38715293674587586,1,0.014155949279361741
-111.7325,46.6692,0.445,1,0.010095588145330866
-111.7411,46.6803,0.37,1,0.004387128901684043
-111.7397,46.6878,0.4,1,0.012016359681700717
-111.7231,46.7081,0.43,1,0.01057756588255803
-111.7286,46.7142,0.26,1,0.0030716282327070896
-111.6914,46.7314,0.28398066783831283,1,0.003707141756126404
-111.7286,46.7392,0.24680838319411805,1,0.0059115903105696884
-111.725,46.7317,0.38,1,0.01252680725485056
-111.7119,46.7369,0.405,1,0.020715861073100084
-111.6808,46.7492,0.46,1,0.02387020946703288
-111.7231,46.6339,0.43,1,0.021942764183210058
-111.7072,46.6197,0.5,1,0.03389325744156214
-111.7292,46.6297,0.495,1,0.024524699794287813
-111.5822,46.6892,0.325,1,0.0018318296864082524
-111.5425,46.6581,0.35,1,0.049349484293153535
-111.5403,46.6572,0.58,1,0.04856547745054769
-111.5372,46.6636,0.44,1,0.04171315859533495
-111.5203,46.6869,0.37,1,0.013540886233923119
-111.5208,46.685,0.315,1,0.015055749732236683
-111.5094,46.6953,0.45,1,0.0010925200227031983
-111.49,46.7217,0.415,1,0.002435077000834528
-111.4967,46.7256,0.415,1,0.008600325575236165
-111.5203,46.7444,0.335,1,0.016172433335774214
-111.5036,46.7369,0.345,1,0.011188011440810747
-111.5856,46.6261,0.41,1,0.06137632768420983
-111.5872,46.6264,0.43,1,0.06117773778099354
-111.6272,46.6422,0.415,1,0.029981375885705513
-111.6153,46.6433,0.42,1,0.040609468107815634
-111.6486,46.6458,0.41,1,0.011262632907097126
-111.705,46.6083,0.33542082338550566,1,0.04130233528506843
-111.6878,46.5914,0.42180838319411806,1,0.048773362607067015
-111.6942,46.5939,0.405,1,0.04329474448475701
-111.7017,46.6006,0.3,1,0.039282373909934686
-111.5025,46.6153,0.365,1,0.00556862640154243
-111.4644,46.6214,0.41998065210168106,1,0.007174092277075797
-111.4764,46.6336,0.515,1,0.015464979793070524
-111.4444,46.6342,0.49215293674587585,1,0.010288712261498717
-111.4414,46.6344,0.3789806678383128,1,0.007338773739524482
-111.4239,46.4897,0.38,1,0.044571916045867334
-111.4242,46.6583,0.3839806678383128,1,0.02700391823420947
-111.4231,46.6583,0.36398066783831284,1,0.027428700297311755
-111.3808,46.66,0.3889806678383128,1,0.009679757228364288
-111.3822,46.6606,0.41398066783831283,1,0.009013195881591109
-111.3872,46.6083,0.43,1,0.015245514094319892
-111.3808,46.6144,0.43398066783831285,1,0.010569848627114057
-111.3794,46.6144,0.3389806678383128,1,0.01134414827124511
-111.3886,46.6289,0.4489806678383128,1,0.0037169476724912354
-111.4164,46.6,0.4489806678383128,1,0.0010822661410268433
-111.4314,46.5903,0.405,1,0.008419596189851894
-111.3997,46.5072,0.45,1,0.030964813902224667
-111.4267,46.4931,0.41,1,0.047909620119545804
-111.4456,46.4969,0.46,1,0.04354872673225601
-111.4842,46.4917,0.38,1,0.01856867254275263
-111.4619,46.5653,0.33782771535580525,1,0.021056269850091285
-111.4361,46.5836,0.38,1,0.00677389105316354
-111.4725,46.5469,0.48,1,0.012808028732015208
-111.5092,46.5464,0.355,1,0.025495913398036356
-111.5397,46.5353,0.425,1,0.052551932409757085
-111.4981,46.5678,0.275,1,0.02967766163294418
-111.5119,46.5658,0.47,1,0.036812329456307254
-111.5119,46.5736,0.355,1,0.03682265063788961
-111.5169,46.5981,0.385,1,0.017162680443338636
-111.5817,46.6033,0.37,1,0.07779551143864209
-111.5956,46.5967,0.44,1,0.08040459937092875
-111.6114,46.6075,0.395,1,0.0643074249212324
-111.6117,46.6083,0.44,1,0.06350994331599168
-111.6239,46.6214,0.425,1,0.04561463471299334
-111.7411,46.5325,0.42398066783831284,1,0.03011203912059038
-111.7353,46.5294,0.39746381390572855,1,0.02660279872494747
-111.73,46.5039,0.41898066783831284,1,0.006899920289393361
-111.655,46.5047,0.3628277153558052,1,0.018828566063301872
-111.6481,46.5028,0.29180838319411806,1,0.020350452083433414
-111.7203,46.5342,0.38,1,0.011374045014858033
-111.7389,46.5486,0.39,1,0.031807811933546204
-111.8514,46.5886,0.495,1,0.036722376012452616
-111.8083,46.5875,0.395,1,0.019758717063614137
-111.7892,46.5869,0.3439806678383128,1,0.0339265515489036
-111.7858,46.5994,0.35898066783831284,1,0.022590407256176063
-111.7872,46.6239,0.41,1,0.008758909749506369
-111.7842,46.6286,0.4,1,0.009289052696586784
-111.7942,46.6267,0.425,1,0.004426386788337358
-111.8281,46.6464,0.39,1,0.02389173287980748
-111.8264,46.6461,0.37,1,0.023359214455973856
-111.8347,46.6714,0.31782771535580523,1,0.01902237892588478
-111.8342,46.6761,0.40282771535580525,1,0.020151449079405224
-111.8369,46.6822,0.67,1,0.025646498786386657
-111.8142,46.695,0.405,1,0.01626612738177476
-111.8161,46.7072,0.385,1,0.020666177682396782
-111.7831,46.7081,0.45,1,0.01857689155913317
-111.7839,46.7094,0.4,1,0.018763765613540383
-111.7733,46.7106,0.26,1,0.01001267696473283
-111.7686,46.7139,0.185,1,0.005003568726417364
-111.7525,46.7142,0.355,1,0.0028764213877608877
-111.7569,46.7158,0.245,1,0.0041157745322125535
-111.7542,46.7261,0.43,1,0.006914014752661967
-111.7575,46.7347,0.18,1,0.014801945818027303
-111.8928,46.6814,0.4328277153558052,1,0.048818934851138245
-111.8986,46.6992,0.405,1,0.03922040795300226
-111.8928,46.6739,0.39,1,0.05537633429542839
-111.8922,46.6578,0.4728277153558052,1,0.06988064395810559
-111.8978,46.6464,0.33782771535580525,1,0.06613581782967407
-111.9603,46.6319,0.345,1,0.04515788524720961
-111.9717,46.6286,0.435,1,0.03823295175630529
-111.9575,46.6064,0.355,1,0.027144329057842493
-111.9317,46.5994,0.37,1,0.034047502111029054
-111.9042,46.7231,0.335,1,0.036620136537155915
-111.8983,46.7308,0.355,1,0.03164614352492569
-111.9092,46.7433,0.33,1,0.046219415833603186
-111.9108,46.7458,0.335,1,0.04877220929996308
-111.8942,46.7408,0.38280688463583196,1,0.03191213562267092
-111.9533,46.7383,0.36,1,0.08426763554295867
-111.9469,46.7367,0.36,1,0.08046062639576776
-111.9783,46.6997,0.3528277153558052,1,0.05695466969441553
-111.7936,46.7975,0.365,1,0.059835598935747414
-111.8872,46.7914,0.36,1,0.06554885353689563
-111.8858,46.7889,0.355,1,0.0626892351205577
-111.8711,46.7908,0.38,1,0.05785596079921331
-111.8483,46.7997,0.37,1,0.06350162360129545
-111.7875,46.7875,0.355,1,0.04827921809639981
-111.7756,46.7847,0.41,1,0.0426344801774313
-111.7789,46.7567,0.375,1,0.01670230223651525
-111.7658,46.7514,0.43,1,0.010048925315667251
-111.9864,46.5817,0.35,1,0.010765147467635855
-111.9622,46.5656,0.385,1,0.012582305035245848
-111.9525,46.5414,0.395,1,0.006174010042102933
-111.9969,46.5339,0.33180838319411804,1,0.026512706387694842
-111.9522,46.5103,0.405,1,0.00984654254040267
-111.9967,46.5297,0.42180838319411806,1,0.027662024510142994
-111.95,46.4972,0.4078277153558052,1,0.01326862464613439
-111.9633,46.4903,0.37,1,0.027381168711361526
-111.9792,46.4661,0.385,1,0.00534412761823561
-111.9803,46.4786,0.61,1,0.011335682599653361
-111.9944,46.4653,0.36,1,0.009128767715301042
-111.9994,46.4181,0.25,1,0.011280177303581173
-111.9683,46.4456,0.39,1,0.0028955828428859957
-111.9614,46.4406,0.31,1,0.0038294124875831925
-111.9522,46.4322,0.375,1,0.014206209909753546
-111.9497,46.4219,0.435,1,0.019248805157723845
-111.9461,46.4194,0.37,1,0.016984772591936228
-111.9283,46.4233,0.415,1,0.0056135995582239796
-111.9272,46.4261,0.355,1,0.004620876540231327
-111.8978,46.4928,0.5,1,0.007701097324405833
-111.8744,46.4889,0.385,1,0.015590153944068878
-111.8733,46.4869,0.36,1,0.013574126122881494
-111.8628,46.4808,0.37,1,0.0014446106741881014
-111.8358,46.48,0.445,1,0.003007806509720459
-111.8364,46.4828,0.475,1,0.004340840932347476
-111.8569,46.4964,0.435,1,0.017175648459376844
-111.8494,46.5036,0.435,1,0.00882388236549382
-111.8461,46.5292,0.32680838319411804,1,0.0045443261326624145
-111.8667,46.5519,0.255,1,0.019738057148571957
-111.8306,46.5661,0.225,1,0.012436032325468206
-111.8283,46.5414,0.3986124401913876,1,0.018457976595504
-111.9331,46.5331,0.34317511228275727,1,0.009356943945545402
-111.9189,46.5331,0.32,1,0.005441360124096687
-111.9361,46.5339,0.35,1,0.007982004760717552
-111.9658,46.1653,0.365,1,0.023158916209533937
-111.95,46.1656,0.43,1,0.038010852397701744
-112.0292,46.1819,0.01,1,0.04250318693933767
-111.93,46.1647,0.365,1,0.019612111054141172
-111.9158,46.1583,0.35,1,0.016527035426840284
-111.9528,46.1658,0.51,1,0.03599882498083463
-111.9689,46.1472,0.355,1,0.029467938509506717
-111.9558,46.1403,0.3635930922930686,1,0.04366732645812389
-111.9292,46.1325,0.36,1,0.04508422007753361
-111.9119,46.1244,0.495,1,0.05021363261107159
-111.8889,46.1044,0.335,1,0.05091974960662203
-111.8236,46.0894,0.385,1,0.021253068013811643
-111.7819,46.0944,0.395,1,0.027861615172122038
-111.765,46.0678,0.36,1,0.03182212123665094
-111.7653,46.0569,0.53,1,0.04182787826318758
-111.8019,46.0889,0.34282771535580525,1,0.04210761095098076
-111.8056,46.0897,0.33,1,0.0386287833098531
-111.55,46.3339,0.43398066783831285,1,0.012924844293067504
-111.5783,46.3156,0.35398066783831283,1,0.010282295463554966
-111.6031,46.3022,0.32,1,0.009087882041490952
-111.5894,46.2636,0.39282771535580524,1,0.03278358735709054
-111.5494,46.3225,0.33,1,0.019732045002988044
-111.5472,46.3175,0.40898066783831283,1,0.02189195285944113
-111.5467,46.3161,0.36398066783831284,1,0.022582019395973266
-111.5406,46.2961,0.41,1,0.037023365595257395
-111.5047,46.2675,0.33,1,0.059870106063037894
-111.5028,46.2614,0.44782771535580523,1,0.053632616941553954
-111.6269,46.3228,0.375,1,0.005457068810268948
-111.6361,46.3053,0.42,1,0.0022951252689188983
-111.6425,46.2756,0.31,1,0.012463611033727447
-111.6419,46.2536,0.39,1,0.022891692816385013
-111.6372,46.2439,0.42,1,0.01723350225577175
-111.6744,46.2572,0.37398066783831285,1,0.030994896354087108
-111.6728,46.2642,0.36898066783831285,1,0.02491255908171487
-111.6725,46.2797,0.35898066783831284,1,0.018557251951732134
-111.67,46.2794,0.455,1,0.016077673961121523
-111.6764,46.3303,0.3168083831941181,1,0.007360271734116585
-111.6847,46.3564,0.41398066783831283,1,0.010855947678583003
-111.6964,46.3267,0.30898066783831285,1,0.002256014184358123
-111.7122,46.3144,0.41680838319411806,1,0.014114517349169891
-111.7239,46.32,0.376808383194118,1,0.016386485285136924
-111.7389,46.3272,0.36898066783831285,1,0.0026527155897334634
-111.7356,46.3008,0.4114401555471928,1,0.02441599680537424
-111.72,46.2894,0.4,1,0.0069464811235620625
-111.7197,46.295,0.35180838319411806,1,0.008882544680445241
-111.5989,46.4147,0.36898066783831285,1,0.007209687926673294
-111.58,46.4286,0.425,1,0.03067030485665528
-111.5683,46.4317,0.465,1,0.04217548577076971
-111.5689,46.4306,0.415,1,0.04110899658225608
-111.6033,46.4578,0.37,1,0.04732252740503168
-111.4828,46.1867,0.36,1,0.029405230827184513
-111.4889,46.1922,0.42,1,0.026588636670580437
-111.495,46.2053,0.39215293674587587,1,0.021815673264883498
-111.4469,46.15,0.405,1,0.0581972645405292
-111.5086,46.1075,0.42,1,0.02209971945523039
-111.5133,46.1,0.315,1,0.030821966192958076
-111.5247,46.0908,0.355,1,0.04435206421351223
-111.5356,46.0758,0.42,1,0.06286992603781091
-111.5369,46.075,0.44,1,0.06425824149476586
-111.5578,46.055,0.39,1,0.07435366366225465
-111.5772,46.0194,0.465,1,0.050543598012013205
-111.5758,46.0206,0.36,1,0.050516960518226364
-111.5792,46.0125,0.395,1,0.047205098241610066
-111.5775,46.0061,0.37,1,0.04195789913711252
-111.5825,46.0025,0.335,1,0.044385462710210696
-111.6194,46.0181,0.44,1,0.07769515815030416
-111.6203,46.0347,0.355,1,0.06117172222522499
-111.5222,46.2211,0.45,1,0.04701169641695175
-111.5353,46.2106,0.48,1,0.059916839035455055
-111.5511,46.2108,0.44,1,0.07482332256722195
-111.5119,46.2283,0.435,1,0.03862907713108782
-111.6242,46.335,0.355,1,0.01155688539357249
-111.5075,46.2433,0.34,1,0.04254143392034617
-111.5958,46.2361,0.345,1,0.046061280920098154
-111.6147,46.2394,0.395,1,0.03207886531659285
-111.5797,46.2108,0.38782771535580524,1,0.05284219526097847
-111.6119,46.1694,0.35398066783831283,1,0.003018873962246257
-111.6297,46.2014,0.29180838319411806,1,0.013396551795143465
-111.735,46.2147,0.36,1,0.0018247191564675972
-111.6694,46.2014,0.40898066783831283,1,0.002397269279823995
-111.6617,46.2058,0.3789806678383128,1,0.005130652979891355
-111.7175,46.2553,0.42,1,0.025294562656823606
-111.7119,46.2442,0.3778277153558052,1,0.03226743869600318
-111.7292,46.2403,0.365,1,0.017356601049743896
-111.7239,46.2378,0.37,1,0.023170403535547696
-111.6772,46.2369,0.325,1,0.027856661680823902
-111.6692,46.2406,0.4389806678383128,1,0.021217059174166487
-111.6422,46.2314,0.35,1,0.007592338243253697
-111.7072,46.1683,0.28398066783831283,1,0.021296469190924396
-111.7422,46.1825,0.375,1,0.007222437261754767
-111.7136,46.1761,0.365,1,0.012073591015105287
-111.6797,46.1631,0.34898066783831283,1,0.0035445168923318162
-111.6494,46.1075,0.385,1,0.006759556198447379
-111.6975,46.1106,0.42898066783831285,1,0.006224917670136359
-111.7233,46.0858,0.3838305429943678,1,0.028252564485382128
-111.7236,46.0086,0.39,1,0.09096955204902572
-111.7219,46.0158,0.385,1,0.08464294063890246
-111.7217,46.0197,0.345,1,0.08103927072722746
-111.7261,46.0342,0.45,1,0.06591861193927516
-111.7292,46.0347,0.325,1,0.0643969207338386
-111.7403,46.0378,0.425,1,0.05869571875359155
-111.7028,46.0636,0.3,1,0.04490349206910152
-111.9617,46.2044,0.02,1,0.007678990819114794
-111.7022,46.0708,0.295,1,0.037717841931903646
-111.6364,46.0953,0.36,1,0.005255244999046696
-111.5825,46.0789,0.44,1,0.05122299874079993
-111.5772,46.0672,0.335,1,0.06065452662414417
-111.5789,46.0672,0.43,1,0.05914725352879111
-111.62,46.0581,0.365,1,0.03845498147184226
-111.6203,46.0425,0.39,1,0.053513545948670534
-111.3906,46.2011,0.36898066783831285,1,0.08612207382546805
-111.3981,46.1933,0.495,1,0.08049634525865396
-111.3858,46.1936,0.3128277153558052,1,0.09232235698897459
-111.3878,46.1897,0.34715293674587583,1,0.09138964711607418
-111.3706,46.1853,0.37,1,0.10913574849700462
-111.4019,46.1425,0.42,1,0.09998785726277468
-111.7283,46.4833,0.316808383194118,1,0.0012557467897572152
-111.7144,46.4758,0.40898066783831283,1,0.009025458437103187
-111.7325,46.4981,0.545,1,0.001664001201917913
-111.7033,46.4742,0.3439806678383128,1,0.006059942243953399
-111.7189,46.4667,0.385,1,0.011773228104475819
-111.7275,46.4622,0.37419444444444444,1,0.013261934248058873
-111.7336,46.4544,0.43,1,0.006177289049410667
-111.7125,46.4539,0.5314401555471927,1,0.014431593813566698
-111.7219,46.4456,0.375,1,0.004080061274048457
-111.7108,46.4453,0.375,1,0.009232491538034893
-111.6728,46.4428,0.3839806678383128,1,0.004013589415964713
-111.6617,46.4267,0.285,1,0.0033899262528839257
-111.6631,46.4169,0.345,1,0.005073549053669154
-111.6531,46.3847,0.37398066783831285,1,0.019947170225366538
-111.6319,46.3919,0.41898066783831284,1,0.005935789753686323
-111.6358,46.3953,0.255,1,0.0007717512552593679
-111.6356,46.3964,0.41898066783831284,1,0.0011088733020538448
-111.4708,46.1158,0.37,1,0.032517127794446224
-111.47,46.0864,0.295,1,0.05195747876870495
-111.3708,46.1197,0.42,1,0.13033746046321465
-111.3597,46.1064,0.385,1,0.14283341905870542
-111.3775,46.095,0.38,1,0.12774947984239052
-111.3769,46.0769,0.45,1,0.1341557736364669
-111.3997,46.045,0.43,1,0.13097933272085763
-111.3808,46.0436,0.43,1,0.14687261010822458
-111.3736,46.0392,0.43398066783831285,0,0.1552936173833345
-111.3767,46.0211,0.44,0,0.1639698618649214
-111.3461,46.0147,0.345,0,0.19191901312793166
-111.3339,46.0139,0.36,0,0.20233667883011486
-111.3194,46.025,0.42898066783831285,0,0.20875337506253805
-111.3075,46.0219,0.355,0,0.22065307521083596
-111.3042,46.0119,0.32,0,0.22847504371375865
-111.3008,46.0117,0.415,0,0.23150864692275222
-111.2978,46.0425,0.385,0,0.2204038420717834
-111.2869,46.0594,0.46,0,0.22474946407055232
-111.3186,46.0708,0.39,0,0.1910849748148711
-111.3344,46.0992,0.33,0,0.16896725008119184
-111.35,46.1714,0.43,1,0.1329802752290813
-111.3506,46.1817,0.435,1,0.1293725303145943
-111.4275,46.205,0.395,1,0.04913047526740133
-111.2819,46.2472,0.475,1,0.10424081062616693
-111.5725,46.4792,0.4689806678383128,1,0.04416437025476091
-111.5714,46.4706,0.31383054299436774,1,0.052119992325403756
-111.5947,46.76,0.405,1,0.05377583937049153
-111.5961,46.7514,0.37398066783831285,1,0.04681462271555479
-111.5369,46.7575,0.425,1,0.017483217667235536
-111.5244,46.7728,0.355,1,0.03693633576844977
-111.5264,46.7792,0.355,1,0.04158765321583212
-111.5544,46.7894,0.39,1,0.04888243958724199
-111.5533,46.7903,0.41,1,0.049548429843945065
-111.5753,46.7911,0.315,1,0.058475010902097904
-111.6025,46.7958,0.3728277153558052,1,0.07962429842706054
-111.6267,46.7911,0.26,1,0.07952440443034126
-111.6475,46.7653,0.37,1,0.056905701823283535
-111.6447,46.7689,0.375,1,0.059500007563029735
-111.6606,46.7661,0.385,1,0.049082429646463685
-111.66,46.7686,0.395,1,0.05142352477223083
-111.7492,46.7722,0.45,1,0.022362443963039307
-111.4658,46.7931,0.385,1,0.06237622624045211
-111.4056,46.7797,0.4,1,0.05489556994876187
-111.4153,46.7653,0.385,1,0.038081355017910545
-111.3806,46.7656,0.305,1,0.058565805723130644
-111.3439,46.3944,0.385,1,0.0784471962532688
-111.3106,46.3878,0.39,1,0.08539598702514883
-111.3006,46.3883,0.4,1,0.09181565552779464
-111.2794,46.39,0.4,1,0.10097593079540931
-111.4039,46.4103,0.36,1,0.07708724732405418
-111.3986,46.405,0.405,1,0.0807388735368541
-111.2969,46.3186,0.405,1,0.06206140990986196
-111.3172,46.3117,0.47,1,0.04213865920979743
-111.3203,46.3114,0.4536124401913875,1,0.03911448069448522
-111.255,46.3097,0.395,1,0.10423553424816095
-111.2547,46.3147,0.355,1,0.10428521755262633
-111.2469,46.3122,0.51,1,0.11217105954745749
-111.2775,46.3153,0.44,1,0.08147732568020573
-111.2533,46.3344,0.4564401555471928,1,0.10286228949425032
-111.2278,46.3344,0.3678277153558052,1,0.08648612952375476
-111.2186,46.3467,0.5,1,0.07115247430693919
-111.2175,46.3472,0.4,1,0.07013597222538395
-111.1822,46.3536,0.34,1,0.05276690819064281
-111.1833,46.3544,0.46,1,0.052031246381381
-111.1808,46.3289,0.405,1,0.07741712084545692
-111.1731,46.3325,0.385,1,0.07410896437003499
-111.4497,46.2781,0.275,1,0.06800845241585486
-111.3442,46.2783,0.455,1,0.041798978456414934
-111.3503,46.2578,0.36,1,0.06023433074252356
-111.3444,46.26,0.44,1,0.05922508421269235
-111.3264,46.2636,0.215,1,0.06288893861403387
-111.2731,46.2528,0.35,1,0.10744614744140028
-111.2706,46.2528,0.39,1,0.10945398393845102
-111.2217,46.2419,0.31,0,0.1566503195017447
-111.2114,46.2406,0.285,0,0.16634535941828651
-111.2033,46.2344,0.32,0,0.1735155629907558
-111.2039,46.2378,0.28,0,0.17023173205956496
-111.195,46.2364,0.315,0,0.17059299692542468
-111.1869,46.2283,0.3078277153558052,0,0.17815353659133487
-111.1697,46.2181,0.4228277153558052,0,0.18847813294915433
-111.1661,46.2192,0.32,0,0.1876072349351134
-111.1675,46.3881,0.435,1,0.021946904109685517
-111.1667,46.3883,0.48,1,0.022241011667630855
-111.2064,46.3903,0.455,1,0.031089268244846327
-111.2136,46.3839,0.395,1,0.04059594314706954
-111.2403,46.3881,0.33680838319411804,1,0.06322900125733942
-111.1639,46.2972,0.355,1,0.11025522481950804
-111.1631,46.2953,0.46,1,0.11225169308299991
-111.3122,46.6917,0.41,1,0.02102963860840376
-111.3503,46.5042,0.5,1,0.0359995513860909
-111.3308,46.5061,0.435,1,0.05392021606040576
-111.3692,46.6056,0.515,1,0.024665962377331475
-111.3739,46.6175,0.365,1,0.013653852936075768
-111.3736,46.6564,0.665,1,0.015633096302402644
-111.3633,46.6697,0.475,1,0.013530473014640429
-111.3553,46.6822,0.455,1,0.0033665561037955136
-111.3561,46.6867,0.405,1,0.004995768209199893
-111.3656,46.6953,0.36398066783831284,1,0.014639525265532107
-111.3669,46.7022,0.44,1,0.021436923753188748
-111.3628,46.7269,0.405,1,0.04468220786845953
-111.3611,46.74,0.415,1,0.05764166635343314
-111.3742,46.76,0.42,1,0.06060760348338543
-111.2522,46.7133,0.42,1,0.03786813568159261
-111.2561,46.6997,0.39,1,0.025816461802495593
-111.2561,46.6989,0.305,1,0.02536662571174514
-111.2314,46.6872,0.49,1,0.04591713950150211
-111.1561,46.6758,0.47,1,0.05145497643572281
-111.2306,46.6403,0.565,1,0.026818346332321868
-111.2019,46.6347,0.35,1,0.010181679625673191
-111.1981,46.6336,0.43,1,0.009259514026120227
-111.1969,46.6336,0.55,1,0.00896318023917505
-111.1906,46.6261,0.38,1,0.016959911556369896
-111.2022,46.6006,0.33,1,0.04238370677512633
-111.2064,46.5617,0.395,1,0.02759410444280089
-111.2072,46.5619,0.3,1,0.02790036917318766
-111.1975,46.6581,0.33,1,0.01585050787829825
-111.2031,46.6681,0.45,1,0.026862587366080413
-111.2444,46.6769,0.42,1,0.033822177635391
-111.2511,46.6783,0.42,1,0.0269821737449053
-111.2292,46.6553,0.425,1,0.03055375099721214
-111.2556,46.6958,0.45,1,0.024243508409464886
-111.2889,46.6786,0.455,1,0.013240305887704645
-111.2892,46.68,0.44,1,0.012910139426044907
-111.3397,46.6833,0.435,1,0.01898087721893469
-111.2156,46.7408,0.42398066783831284,1,0.08322047644660653
-111.2161,46.7422,0.455,1,0.0838014898435554
-111.2147,46.7458,0.395,1,0.08730031901431215
-111.2103,46.7533,0.41,1,0.09571224425327926
-111.1817,46.7761,0.405,1,0.1320883405149674
-111.1783,46.7942,0.33,1,0.14743603935266236
-111.1589,46.7747,0.425,1,0.13719317257065364
-111.16,46.765,0.325,1,0.12755732280038232
-111.1506,46.7528,0.41,1,0.11907801896236317
-111.1642,46.7339,0.405,1,0.09661533315163036
-111.9392,46.2783,0.38,1,0.006704543235747156
-111.3133,46.76,0.475,1,0.08329099411100441
-111.2997,46.7636,0.415,1,0.0818270719261009
-111.2589,46.7628,0.43,1,0.08002463183295189
-111.2681,46.7619,0.355,1,0.07753299749138509
-111.2897,46.7669,0.405,1,0.08292836486992584
-111.2133,46.5161,0.5,1,0.005888174589809122
-111.2372,46.5303,0.47,1,0.01991498430830422
-111.2383,46.5331,0.395,1,0.02290350628178929
-111.2,46.5456,0.5,1,0.011694725306738353
-111.2306,46.5844,0.39,1,0.02791563361273503
-111.2314,46.5833,0.44,1,0.026614180430749573
-111.2131,46.6067,0.36,1,0.03992275792076453
-111.8728,46.0878,0.395,1,0.030075985436894475
-111.8769,46.0803,0.3678277153558052,1,0.03355519184866753
-111.8769,46.0639,0.34,1,0.0379150484636517
-111.8761,46.0219,0.215,1,0.06808335259077643
-111.8761,46.0281,0.24180838319411804,1,0.06271764424785115
-111.8856,46.0497,0.385,1,0.05292431293838699
-111.9069,46.0775,0.375,1,0.06366216223158008
-111.9264,46.0953,0.355,1,0.08041255436807941
-111.9411,46.1125,0.39,1,0.06813289146954045
-111.9772,46.1289,0.25361244019138757,1,0.04176998204452503
-111.9939,46.1703,0.33,1,0.0053659016017782255
-111.9628,46.1964,0.41,1,0.015071924230174148
-111.9628,46.2047,0.315,1,0.0069794627300362715
-111.9675,46.22,0.415,1,0.009032989538351927
-111.9725,46.2244,0.295,1,0.01256244004960319
-111.9717,46.2456,0.335,1,0.006378871373526472
-111.9611,46.2506,0.325,1,0.006174301579930054
-111.9769,46.2733,0.44,1,0.012565623740982369
-111.9756,46.2753,0.37,1,0.010342480360141425
-111.9728,46.2753,0.315,1,0.008153459388505369
-111.9483,46.2747,0.345,1,0.002402269760037314
-111.9878,46.3611,0.375,1,0.02047340714195117
-111.9797,46.3656,0.355,1,0.026283945670314186
-111.9797,46.3611,0.38782771535580524,1,0.02829039412945779
-111.9831,46.3606,0.445,1,0.02511796966317406
-111.9969,46.3428,0.33,1,0.012200459007760664
-111.9547,46.7986,0.505,1,0.11157846745675803
-111.9586,46.7931,0.325,1,0.10542461951555138
-111.8875,46.755,0.405,1,0.037523944355574074
-111.8897,46.7639,0.3,1,0.0463226121888666
-111.9617,46.2044,0.02,1,0.007678990819114794
-111.9617,46.2044,0.02,1,0.007678990819114794
-111.1581,46.62,0.485,1,0.04338583409362787
-111.9617,46.2044,0.02,1,0.007678990819114794
-111.9867,46.4617,0.35,1,0.003500914166326608
-111.9931,46.45,0.345,1,0.006955228249309968
-111.9908,46.4506,0.355,1,0.0046421115884856656
-111.9892,46.45,0.375,1,0.0030746056657705773
-111.9911,46.4497,0.4,1,0.004998119646431764
-111.995,46.4411,0.35,1,0.01287459513927061
-111.9994,46.4408,0.355,1,0.016389423418773266
-111.9972,46.4406,0.37,1,0.014802067423171337
-111.9944,46.4364,0.37,1,0.016296662234949494
-111.9972,46.4361,0.355,1,0.018113287940075398
-111.9994,46.4353,0.335,1,0.020127672493359654
-111.4018,45.4159,0.305,1,0.14899152224203896
-111.3971,45.411,0.39,1,0.14357321372735282
-111.4113,45.3933,0.3,1,0.14959574091531072
-111.4152,45.394,0.315,0,0.1529967963716892
-111.4001,45.4642,0.28,1,0.13028530116632514
-111.3916,45.4632,0.36,1,0.12225019304688393
-111.4219,45.4597,0.365,0,0.15254132456485275
-111.4325,45.4504,0.3628277153558052,0,0.16505485058005065
-111.4337,45.4516,0.365,0,0.16591089084204874
-111.2045,45.2176,0.33317511228275726,1,0.03302673159730345
-111.1903,45.216,0.36600282763856257,1,0.03934271215867184
-111.2033,45.2039,0.335,1,0.046754261837830685
-111.167,45.2069,0.3139806678383128,1,0.06084084976395177
-111.1809,45.207,0.31,1,0.05194490350361743
-111.3719,45.4508,0.3128277153558053,1,0.10749411007120413
-111.1597,45.2053,0.34817511228275727,1,0.0672302684807921
-111.1647,45.5453,0.28,1,0.0740925752015689
-111.1579,45.5334,0.34383054299436777,1,0.08767201206770382
-111.1742,45.544,0.385,1,0.06972829913313563
-111.1915,45.5269,0.24,1,0.07894057068453432
-111.1795,45.5165,0.2360028276385625,1,0.09238085137082945
-111.2201,45.5222,0.32282771535580523,1,0.06045411234977476
-111.2441,45.5206,0.32,1,0.039984143106983124
-111.2434,45.5795,0.335,1,0.04069717066332521
-111.2406,45.5968,0.425,1,0.030799800324033514
-111.2285,45.6682,0.43484987515605494,1,0.06713685798426915
-111.214,45.6663,0.35702215980024976,1,0.0628852582088997
-111.2404,45.6271,0.435,1,0.03805401030114825
-111.2479,45.7285,0.3860028276385626,1,0.0778289901000887
-111.2294,45.7281,0.36202215980024977,1,0.0626053488130166
-111.2204,45.7422,0.36419444444444443,1,0.047167549226131714
-111.1749,45.6994,0.355,1,0.06740625861150064
-111.1697,45.5803,0.285,1,0.046974564393925146
-111.8208,45.5592,0.31,1,0.024080149501201794
-111.8009,45.5452,0.36,1,0.0005015974481545544
-111.8515,45.5513,0.31,1,0.018153886636196635
-111.8205,45.5127,0.4,1,0.013931317238519546
-111.8635,45.5036,0.43,1,0.0010215674231293514
-111.8847,45.5342,0.33,1,0.03809435128729223
-111.886,45.5297,0.42898066783831285,1,0.03537914074705082
-111.9075,45.509,0.365,1,0.014896563362068415
-111.9096,45.5049,0.42,1,0.010558200604273888
-111.7717,45.5435,0.365,1,0.0017898603297483008
-111.7742,45.553,0.37817511228275724,1,0.0070001142847792444
-111.9165,45.6624,0.315,1,0.004776777156197797
-111.5134,45.8149,0.39282771535580524,1,0.0992832438027651
-111.5138,45.8252,0.3439806678383128,1,0.0900980160713832
-111.5185,45.8468,0.34317511228275727,1,0.06947209871595489
-111.5251,45.8574,0.335,1,0.057032556491887654
-111.5423,45.7715,0.2717875524741448,1,0.13220914718732732
-111.4869,45.7582,0.325,1,0.13022962259024948
-111.4266,45.755,0.285,0,0.15702559855005196
-111.3867,45.7526,0.41,0,0.18341517548992184
-111.3583,45.7559,0.3,0,0.1785814427649136
-111.3324,45.7658,0.245,0,0.1523621531089676
-111.3339,45.7826,0.345,0,0.1546886540764978
-111.3414,45.8015,0.32,0,0.16508895087193404
-111.3156,45.793,0.28,1,0.1381048359037418
-111.3062,45.7448,0.295,1,0.12803133093114266
-111.2717,45.7343,0.37,1,0.09718791951677114
-111.3335,45.5791,0.39,1,0.10519933317279401
-111.3805,45.5905,0.395,1,0.14509290713195044
-111.3873,45.5929,0.345,1,0.13980760565864261
-111.3904,45.5988,0.405,1,0.13605439573935724
-111.8782,45.7603,0.35,1,0.06303976205538524
-111.892,45.7843,0.29,1,0.039746240073755656
-111.9289,45.8038,0.4378277153558052,1,0.00788641870559061
-111.9738,45.8359,0.45,1,0.051057650748942036
-111.8306,45.8645,0.335,1,0.07612997832654103
-111.8158,45.8709,0.395,1,0.07962078623072821
-111.5207,45.4807,0.245,1,0.12788818006367655
-111.5302,45.4718,0.45,1,0.12725971318528428
-111.5332,45.472,0.33,1,0.12508529330021506
-111.5582,45.4682,0.405,1,0.11315646954548972
-111.6221,45.3054,0.23,0,0.18346588920014342
-111.6307,45.297,0.415,0,0.18586164881437933
-111.8282,45.3493,0.245,1,0.040885567135607793
-111.8282,45.3479,0.245,1,0.040596916139041296
-111.812,45.3469,0.29,1,0.05645895500272904
-111.8194,45.3145,0.29,1,0.05502986098474033
-111.84,45.3282,0.27,1,0.030518250277494777
-111.9038,45.2791,0.415,1,0.009132119140694443
-111.4891,45.3336,0.37,0,0.1900744583051559
-111.4424,45.321,0.325,1,0.14204688556952708
-111.4353,45.3261,0.26,1,0.13770600458948756
-111.4716,45.3489,0.365,0,0.1803915011856147
-111.4877,45.2639,0.43,0,0.1760673612569984
-111.4695,45.3071,0.35,0,0.16324676934016114
-111.4786,45.3341,0.35,0,0.18049994376730727
-111.4927,45.2826,0.395,0,0.18186476211735167
-111.4912,45.3569,0.43,0,0.20147934310991805
-111.4596,45.3285,0.365,0,0.1608101417821625
-111.4702,45.485,0.35,1,0.13830045046925862
-111.6568,45.5526,0.2881751122827573,1,0.006268668120107243
-111.6383,45.533,0.395,1,0.023584157818330162
-111.9453,45.6236,0.442806884635832,1,0.01590628806478252
-111.2475,45.3713,0.22,1,0.012333085583094068
-111.3406,45.2691,0.37,1,0.029181667190205155
-111.4426,45.2535,0.285,1,0.13150954984334928
-111.275,45.2178,0.28,1,0.042248325410606954
-111.2756,45.2127,0.355,1,0.04738182140864123
-111.4065,45.2419,0.335,1,0.09775403674528915
-111.4114,45.2374,0.385,1,0.10364472827886892
-111.3854,45.2869,0.415,1,0.07679889126804643
-111.3929,45.2879,0.325,1,0.08428819430976155
-111.7448,45.7375,0.355,1,0.03560173591273124
-111.7075,45.7169,0.355,1,0.07821182519286667
-111.7036,45.575,0.305,1,0.004478001786516534
-111.7223,45.5701,0.395,1,0.004436496365387446
-111.6415,45.5662,0.245,1,0.002462214450447941
-111.6436,45.5021,0.41,1,0.040376960014344994
-111.8193,45.7291,0.3131751122827573,1,0.047034408681303444
-111.8504,45.7366,0.28178755247414483,1,0.064691711988483
-111.8468,45.7326,0.44,1,0.06597764469878861
-111.8739,45.7306,0.4036124401913876,1,0.041939809250873754
-111.8866,45.7164,0.46,1,0.02326700668328258
-111.8813,45.7068,0.35,1,0.025040359422344432
-111.8883,45.6979,0.365,1,0.018809295574263467
-111.8805,45.6978,0.38,1,0.026352146022669692
-111.9177,45.6992,0.397806884635832,1,0.012423027006327908
-111.917,45.6636,0.215,1,0.0048443368999253325
-111.948,45.7082,0.26,1,0.03684654122166546
-111.9597,45.722,0.245,1,0.0456176895513118
-111.9633,45.7226,0.32,1,0.045718066450799046
-111.9722,45.7281,0.325,1,0.05119290575850812
-111.9793,45.7261,0.33,1,0.05034055621464537
-111.8625,45.6857,0.29,1,0.04472830870936024
-111.8329,45.6785,0.395,1,0.017893395429599473
-111.8655,45.6624,0.44,1,0.041544332946862994
-111.9231,45.6442,0.42280688463583205,1,0.013078746117265767
-111.86,45.6494,0.36,1,0.03852066458408915
-111.7675,45.6752,0.40780688463583203,1,0.0577630643231481
-111.7867,45.66,0.3986124401913876,1,0.03738057784465423
-111.7851,45.6548,0.365,1,0.03971573491703124
-111.8578,45.623,0.28,1,0.05239413707658318
-111.8639,45.6202,0.515,1,0.0585409566030492
-111.8653,45.6071,0.3,1,0.05889308618166009
-111.9005,45.602,0.325,1,0.043590041293858996
-111.9035,45.602,0.385,1,0.04131527199475132
-111.9009,45.5944,0.395,1,0.0388667943108326
-111.9208,45.5684,0.41,1,0.014648402643293902
-111.958,45.5595,0.32419444444444445,1,0.01186616197428409
-111.9814,45.5701,0.24,1,0.0038682812720943296
-111.8087,45.6077,0.41280688463583204,1,0.0038246045547250195
-111.7943,45.6024,0.31,1,0.0028224280327471037
-111.7628,45.5684,0.455,1,0.007389675229669213
-111.7604,45.5651,0.275,1,0.005560035971105269
-111.7505,45.563,0.29,1,0.008794458482472576
-111.4592,45.499,0.4,1,0.13085577786250227
-111.2951,45.3978,0.255,1,0.040772683257308276
-111.2919,45.3948,0.34600282763856255,1,0.03714468602640568
-111.2598,45.3183,0.355,1,0.021210492686401763
-111.4099,45.2364,0.365,1,0.10248131390648255
-111.4556,45.2194,0.3906554307116105,0,0.15116419450386356
-111.3437,45.3047,0.2567875524741448,1,0.0457552805695719
-111.3282,45.2833,0.365,1,0.024304684733603796
-111.3754,45.2368,0.34280688463583203,1,0.06992568698268234
-111.3536,45.4373,0.3686124401913875,1,0.09794650427657249
-111.4584,45.441,0.32,0,0.18345919055746387
-111.589,45.2245,0.47,0,0.2694879264456948
-111.5597,45.2311,0.43,0,0.2504352445244175
-111.3114,45.3591,0.33782771535580525,1,0.06369911302365977
-111.3179,45.3597,0.225,1,0.06802785973407643
-111.2372,45.2245,0.33,1,0.037624526575103026
-111.2431,45.2051,0.3028277153558052,1,0.056111219911889575
-111.7425,45.4758,0.335,1,0.009897095533549914
-111.7306,45.4622,0.32,1,0.0072133556684813
-111.3058,45.4994,0.365,1,0.033377383060999834
-111.32,45.5,0.34,1,0.04747738093029027
-111.3433,45.4992,0.34,1,0.0705321465716215
-111.3547,45.5,0.37,1,0.08195862187713948
-111.3553,45.4953,0.265,1,0.08229186897865942
-111.3581,45.4978,0.33,1,0.08519476333672016
-111.415,45.4967,0.46,1,0.14200794942538708
-111.2864,45.4931,0.365,1,0.01336030314027924
-111.3228,45.4969,0.25,1,0.049911819241544475
-111.3256,45.4825,0.325,1,0.05360050093049407
-111.3272,45.4906,0.225,1,0.054213593313864494
-111.2689,45.4744,0.4,1,0.019064933779055326
-111.245,45.4534,0.32,1,0.04853033793411229
-111.24,45.4476,0.275,1,0.05615789971143593
-111.2213,45.4017,0.25,1,0.035642779072338274
-111.2088,45.4422,0.3,1,0.0695779972405026
-111.1754,45.44,0.395,1,0.09392323301504843
-111.1673,45.4367,0.32282771535580523,1,0.09929565801181475
-111.168,45.4342,0.3188305429943678,1,0.09752477480105907
-111.2646,45.4849,0.305,1,0.011704943400110999
-111.1524,45.4339,0.325,1,0.11155171760218918
-111.1768,45.3823,0.35100282763856255,1,0.07543100821280051
-111.1725,45.3727,0.28317511228275727,1,0.08035342556481058
-111.1572,45.3508,0.315,1,0.0870125243858621
-111.8927,45.9471,0.365,1,0.025164610070499173
-111.8814,45.976,0.405,1,0.05033739762840367
-111.8782,45.9961,0.245,1,0.07041127466535368
-111.9,45.9686,0.36,1,0.0475636583958879
-111.8849,45.9564,0.325,1,0.031178255243041846
-111.7526,45.7932,0.435,1,0.04480979357238392
-111.758,45.7717,0.292806884635832,1,0.024519779770627567
-111.7639,45.7545,0.405,1,0.011966687093749316
-111.7824,45.7912,0.345,1,0.0262630462818083
-111.8136,45.7902,0.315,1,0.005134549639444347
-111.75,45.8173,0.46,1,0.06404284191071169
-111.7872,45.8265,0.33,1,0.04097000854283811
-111.816,45.8186,0.385,1,0.027979914224315342
-111.8517,45.829,0.32317511228275725,1,0.05701930901018577
-111.898,45.8308,0.42,1,0.015062987751444414
-111.915,45.8452,0.2667875524741448,1,0.01482746100989482
-111.95,46.1667,0.015,1,0.03776552528430992
-111.9511,45.8137,0.365,1,0.028414813038262453
-111.9554,45.8322,0.41,1,0.039742742733729054
-111.9175,45.7955,0.31817511228275724,1,0.014692637612087693
-111.9622,45.7596,0.39,1,0.05248515694937765
-111.9644,45.7534,0.3531751122827573,1,0.055156066756074734
-111.8865,45.878,0.425,1,0.0343370878206115
-111.9314,45.8916,0.315,1,0.027119321525426596
-111.9246,45.9116,0.29,1,0.04453351097768524
-111.9278,45.9226,0.36919444444444444,1,0.04843929809566783
-111.9723,45.9202,0.3310028276385626,1,0.010044844448768851
-111.9736,45.9243,0.38,1,0.007869999999996935
-111.9247,45.938,0.29,1,0.04688227383564815
-111.9415,45.944,0.2667875524741448,1,0.0445610917729778
-111.9765,45.887,0.2717875524741448,1,0.03727445371832773
-111.987,45.8856,0.29,1,0.029016976065748958
-111.9095,45.9539,0.325,1,0.04120244652930063
-111.9725,45.971,0.3736124401913876,1,0.047553663370970146
-111.9211,45.9761,0.375,1,0.06537621585867769
-111.8958,45.9833,0.345,1,0.05987282856187833
-111.8945,45.9941,0.335,1,0.07003400316989256
-111.8569,45.9495,0.275,1,0.03135452917841636
-111.813,45.9459,0.38782771535580524,1,0.0669756261635486
-111.8371,45.9561,0.385,1,0.050233599313599914
-111.8353,45.9567,0.295,1,0.05202540244918269
-111.7999,45.9785,0.32419444444444445,1,0.0934865043736278
-111.7685,45.9839,0.3081751122827573,1,0.11339096701237254
-111.8121,45.9017,0.28,1,0.06872538468425901
-111.7961,45.8999,0.45,1,0.08446198257204175
-111.7916,45.9028,0.455,1,0.08798393319236691
-111.7657,45.8985,0.39,1,0.11415166446443158
-111.7648,45.912,0.405,1,0.11266358994813061
-111.7532,45.9153,0.35,1,0.12388460154513699
-111.759,45.8924,0.385,1,0.11236883731711475
-111.7925,45.9075,0.435,1,0.08602638258115168
-111.8605,45.8648,0.42,1,0.05871759191247874
-111.4682,45.9884,0.48,1,0.0746089538862463
-111.4689,45.9506,0.41780688463583204,1,0.07997400827768043
-111.4261,45.9853,0.45,1,0.11647140421578982
-111.4109,45.9834,0.42280688463583205,1,0.13162924447097427
-111.3937,45.9915,0.51,1,0.14913318879444729
-111.3905,45.9926,0.3886124401913876,0,0.15240032152196406
-111.95,46.1667,0.02,1,0.03776552528430992
-111.3925,45.9976,0.46,0,0.15084554352051424
-111.3594,45.9793,0.3956554307116105,0,0.18313761492386224
-111.4561,45.929,0.43144015554719284,1,0.1012940373368434
-111.4512,45.9166,0.3586124401913875,1,0.10943633994244631
-111.445,45.9089,0.415,1,0.11491737248997724
-111.4072,45.8967,0.275,0,0.15266794850261534
-111.3735,45.939,0.455,0,0.17436463517581813
-111.3095,45.9617,0.405,0,0.23388873423061265
-111.3325,45.9893,0.455,0,0.21015244942660094
-111.3262,45.9884,0.415,0,0.21641944459774937
-111.2601,45.6665,0.475,1,0.08014944603676223
-111.268,45.6764,0.35,1,0.09281488943052642
-111.2677,45.685,0.46,1,0.09953836295620674
-111.2568,45.7073,0.4036124401913876,1,0.09700398806234387
-111.2664,45.7268,0.4,1,0.09509408867011696
-111.268,45.7426,0.345,1,0.09117807686060855
-111.3152,45.7188,0.32,1,0.14336673847165385
-111.3081,45.7013,0.40280688463583203,1,0.13813340544560876
-111.3123,45.6884,0.335,1,0.13251946913567075
-111.2966,45.687,0.3,1,0.11990372679779465
-111.3501,45.6463,0.42,1,0.14597252378444564
-111.3486,45.6373,0.27,1,0.14213489261966256
-111.3271,45.6065,0.38063459999163723,1,0.11659834347022939
-111.3217,45.5992,0.385,1,0.11124352430592406
-111.2937,45.599,0.29398066783831284,1,0.08328220518214634
-111.2734,45.5924,0.335,1,0.06383425177755372
-111.3574,45.6949,0.46419444444444447,0,0.17297396249147023
-111.3654,45.6907,0.315,0,0.17080273592656908
-111.3606,45.6999,0.44,0,0.17835087804662772
-111.3575,45.7113,0.29898066783831284,0,0.18225236816020357
-111.3543,45.7264,0.43,0,0.17883901056535886
-111.3306,45.7479,0.255,0,0.15171808626528202
-111.3968,45.7276,0.3706345999916373,0,0.16001776963825157
-111.4013,45.6512,0.40063459999163725,1,0.12635242221658396
-111.8972,45.9811,0.2567875524741448,1,0.05817102027642275
-111.5693,45.8432,0.44361244019138757,1,0.06026153416566882
-111.5699,45.8327,0.465,1,0.0707320471922045
-111.5551,45.7958,0.39,1,0.10700108644308545
-111.5891,45.7822,0.392806884635832,1,0.1240228708746916
-111.6223,45.7954,0.4186124401913876,1,0.1242006139276319
-111.6496,45.7561,0.3420221598002497,1,0.12626570238982926
-111.6812,45.7905,0.40780688463583203,1,0.10113296000809206
-111.7048,45.7913,0.285,1,0.0798403632256167
-111.7358,45.8181,0.43144015554719284,1,0.07482675724632193
-111.7158,45.8191,0.345,1,0.0879138419135411
-111.6881,45.8413,0.43,1,0.12315347173343351
-111.6585,45.8622,0.41,1,0.10673243415195792
-111.6722,45.8742,0.4378277153558052,1,0.1160053985812826
-111.674,45.8756,0.375,1,0.11742006855730888
-111.6918,45.9011,0.46,1,0.13205969294225156
-111.7047,45.915,0.397806884635832,1,0.14547093352282575
-111.7223,45.9043,0.4328277153558052,1,0.14198358919255105
-111.7267,45.913,0.42,1,0.14647662475630752
-111.6755,45.8904,0.485,1,0.11640168598435922
-111.6073,45.895,0.465,1,0.04816941456982948
-111.6063,45.904,0.2739806678383128,1,0.04656814898620065
-111.6179,45.903,0.445,1,0.05815077385556776
-111.6094,45.9188,0.39,1,0.05219513866252102
-111.6701,45.9379,0.265,1,0.11582815935687732
-111.6399,45.9448,0.45282771535580524,1,0.09053415101496418
-111.7192,45.9507,0.2881751122827573,1,0.14821269648718333
-111.7237,45.9525,0.47,1,0.14557965311128265
-111.6611,45.9606,0.4078277153558052,1,0.11672288764420527
-111.6707,45.9568,0.27744298318575533,1,0.12343707911320802
-111.6829,45.9555,0.32817511228275725,1,0.13399165085930592
-111.6044,45.9552,0.415,1,0.06697802102182465
-111.6234,45.9656,0.33919444444444447,1,0.08201109254241506
-111.623,45.9723,0.33600282763856254,1,0.08053097106083357
-111.6286,45.973,0.3220221598002497,1,0.08601485511236429
-111.6382,45.9809,0.365,1,0.0951378226574454
-111.6296,45.9805,0.39,1,0.08654516335416644
-111.5937,45.9493,0.255,1,0.05765555047001206
-111.5884,45.942,0.32,1,0.048634478510617564
-111.5644,45.9294,0.3936124401913876,1,0.027101891077930637
-111.5355,45.9469,0.365,1,0.035638237891341934
-111.5151,45.979,0.42144015554719283,1,0.02756668278918536
-111.5041,45.9418,0.46,1,0.055491422760639085
-111.5972,45.9447,0.28,1,0.05627168470909727
-111.2537,45.2524,0.47065543071161053,1,0.016527461995112718
-111.2725,45.267,0.43,1,0.008207131045620437
-111.3031,45.2686,0.335,1,0.00908183351531731
-111.3258,45.2437,0.44419444444444445,1,0.02600349399600376
-111.3409,45.2393,0.23398066783831284,1,0.039282460462659465
-111.3485,45.2373,0.4,1,0.04641620083548845
-111.3504,45.2287,0.31,1,0.05345384644718648
-111.2434,45.2731,0.44,1,0.016533027550941232
-111.2372,45.271,0.3728277153558052,1,0.02213289407194453
-111.207,45.3018,0.3660028276385625,1,0.03591060289107799
-111.1951,45.3088,0.3491944444444444,1,0.04449871234092918
-111.1833,45.3145,0.24100282763856248,1,0.05524331090729638
-111.1568,45.3021,0.3160028276385625,1,0.07412258090486924
-111.1703,45.3241,0.28398066783831283,1,0.06819562595944856
-111.1745,45.9981,0.33817511228275726,0,0.2315562819273114
-111.1651,45.9918,0.47780688463583204,0,0.2256850453618921
-111.1834,45.977,0.34202215980024975,0,0.21041682846198076
-111.3118,45.6596,0.35,1,0.11575696825678299
-111.3285,45.6649,0.365,1,0.1329785460140202
-111.3445,45.6512,0.35,1,0.14219570211508073
-111.4103,45.6581,0.49919444444444444,1,0.1186626588274416
-111.3963,45.6291,0.44,1,0.13023519723945626
-111.4122,45.6478,0.335,1,0.11510335616305734
-111.4368,45.6465,0.43644015554719284,1,0.09054368337989507
-111.4543,45.6436,0.36,1,0.07281117084623147
-111.4651,45.6417,0.26,1,0.061855271400252175
-111.497,45.6426,0.345,1,0.030733802237925458
-111.4896,45.7003,0.405,1,0.07601869901544167
-111.4698,45.6879,0.375,1,0.07832592546532192
-111.4584,45.6852,0.315,1,0.08527446628387914
-111.4536,45.681,0.375,1,0.08679872464501086
-111.485,45.7294,0.515,1,0.10418997360590924
-111.4724,45.7404,0.485,1,0.11951079700178262
-111.491,45.5956,0.3628277153558052,1,0.03835156580897905
-111.4109,45.7152,0.4114401555471928,1,0.1413369541202892
-111.4113,45.7437,0.37861244019138757,0,0.1591707718144257
-111.242,45.981,0.3670221598002497,0,0.22316387185205538
-111.2063,45.9789,0.305,0,0.21390799821418768
-111.2098,45.9749,0.34317511228275727,0,0.21040527963907885
-111.17,45.9725,0.33383054299436776,0,0.20613464944059906
-111.1828,45.9657,0.34,0,0.19910913012717238
-111.1829,45.9618,0.275,0,0.19521095179317854
-111.2973,45.7504,0.405,1,0.11837513125652883
-111.3966,45.7578,0.4086124401913876,0,0.17953980784215817
-111.4644,45.8108,0.4,1,0.13242821640420804
-111.3978,45.7842,0.45,0,0.19790900585875
-111.3979,45.7828,0.4086124401913876,0,0.19678191634395387
-111.3994,45.7842,0.465,0,0.1968726862721178
-111.3499,45.8295,0.42,0,0.1811286054161527
-111.365,45.8424,0.455,0,0.1998857816354025
-111.4105,45.834,0.35361244019138754,0,0.16430232043400506
-111.4108,45.8446,0.452806884635832,0,0.15988030679230053
-111.4193,45.8521,0.43,1,0.1492868463730032
-111.4377,45.881,0.375,1,0.12396407745793547
-111.391,45.8681,0.435,0,0.17226062376526008
-111.4028,45.877,0.375,0,0.15904022289973815
-111.3334,45.8942,0.44,0,0.19949560822232917
-111.3564,45.9139,0.39782771535580524,0,0.19813252635546985
-111.2805,45.9434,0.37,0,0.2033394101004489
-111.2979,45.9384,0.285,0,0.20833334754666352
-111.3174,45.9254,0.49641932482721957,0,0.20995721873753553
-111.3189,45.9021,0.405,0,0.19400938044331148
-111.1709,45.9524,0.3736124401913876,0,0.1860146867857455
-111.17,45.9312,0.42,0,0.16489593597174873
-111.1841,45.9235,0.2981751122827573,0,0.1569425235555968
-111.1829,45.9112,0.4278277153558052,1,0.14461828273078148
-111.2225,45.8898,0.3886124401913876,1,0.13030206329908792
-111.1792,45.8726,0.33317511228275726,1,0.10599332856363977
-111.7467,45.3333,0.37,1,0.12124878391142156
-111.7501,45.4191,0.275,1,0.03916838648706671
-111.7112,45.4352,0.26,1,0.02603406422362269
-111.2568,45.629,0.475,1,0.052817872921959226
-111.2639,45.5638,0.41,1,0.06651446233715827
-111.2944,45.5702,0.37,1,0.08009085902898228
-111.2504,45.5315,0.34,1,0.04465478361833177
-111.3542,45.5074,0.39317511228275726,1,0.08242583150931379
-111.3596,45.5029,0.395,1,0.08712316396918197
-111.295,45.6635,0.465,1,0.10359677456369522
-111.9162,45.3799,0.225,1,0.054416997344580643
-111.9145,45.3794,0.24,1,0.0539867909770511
-111.9268,45.3694,0.38,1,0.044861872453121746
-111.9338,45.3601,0.315,1,0.038221690177184214
-111.9174,45.3583,0.37,1,0.032800390241582655
-111.8988,45.3591,0.395,1,0.03608542087879079
-111.9095,45.3613,0.27,1,0.036696097885199425
-111.8904,45.3485,0.33,1,0.023832028868729684
-111.889,45.3886,0.28,1,0.048176878271638086
-111.9226,45.3615,0.4,1,0.03635108801673177
-111.9415,45.3588,0.335,1,0.04101235911284263
-111.9435,45.3576,0.29,1,0.04127097769620049
-111.999,45.3252,0.245,1,0.003801184026061394
-111.9802,45.3119,0.365,1,0.0018659046063505343
-111.9763,45.2991,0.285,1,0.0003600000000005821
-111.974,45.2663,0.295,1,0.003116023106455499
-111.972,45.2592,0.41,1,0.00014317821063354643
-111.9784,45.3001,0.375,1,0.0008588364221426115
-111.9704,45.3111,0.36,1,0.0024846730167215683
-111.8046,45.4968,0.41641932482721955,1,0.01006292700956095
-111.7931,45.4971,0.29,1,0.005300235843813705
-111.7891,45.4822,0.265,1,0.01206824345131085
-111.763,45.4485,0.2931751122827573,1,0.027798606080170884
-111.8452,45.4485,0.245,1,0.0428179588490624
-111.8851,45.4526,0.26,1,0.011003890221195523
-111.8197,45.464,0.375,1,0.037279786748315426
-111.8158,45.4507,0.38,1,0.04635679561833504
-111.775,45.4337,0.33,1,0.04464664041113021
-111.7543,45.407,0.28317511228275727,1,0.051972228160822295
-111.83,45.4197,0.3628277153558052,1,0.01977072583391432
-111.8428,45.3852,0.295,1,0.020532793282946746
-111.8149,45.3713,0.25,1,0.04503158447135099
-111.8143,45.3642,0.245,1,0.05100946578822494
-111.9558,45.2965,0.375,1,0.0008352245207152531
-111.9182,45.2546,0.4,1,0.002234636435755019
-111.9172,45.2556,0.43280688463583206,1,0.0017831432920507235
-111.9216,45.258,0.395,1,0.005327813810563458
-111.9254,45.2661,0.315,1,0.006560762150855524
-111.944,45.289,0.37,1,0.005011746202671333
-111.9303,45.2952,0.40100282763856254,1,0.006833710558693492
-111.8813,45.3009,0.31600282763856247,1,0.0354023389057809
-111.8658,45.3266,0.34817511228275727,1,0.013786500643750574
-111.7954,45.3093,0.31,1,0.07895749236139672
-111.763,45.2958,0.305,1,0.11405684372276459
-111.7687,45.2853,0.4,1,0.11351836679586809
-111.8112,45.2809,0.385,1,0.08215564253293917
-111.8163,45.2544,0.335,1,0.0956613067023396
-111.7821,45.2675,0.3986124401913876,1,0.11258068928551061
-111.8169,45.2529,0.435,1,0.09507057273414633
-111.775,45.2491,0.42,1,0.1302281597812075
-111.692,45.3379,0.41,1,0.12331002595085584
-111.6777,45.3383,0.375,1,0.127673656249049
-111.6874,45.349,0.345,1,0.11418490486925455
-111.6054,45.3472,0.395,0,0.16295984934946023
-111.6071,45.3973,0.485,1,0.13313685627954053
-111.629,45.4035,0.3,1,0.11083475312373268
-111.6812,45.2861,0.395,0,0.17611247116544598
-111.6462,45.2531,0.32919444444444446,0,0.21847265847240285
-111.6773,45.2682,0.43144015554719284,0,0.19441536076143576
-111.6362,45.2723,0.375,0,0.20494160753736326
-111.6089,45.3001,0.39419444444444446,0,0.19549026190579963
-111.5774,45.304,0.37,0,0.21309902041069964
-111.5746,45.2958,0.48,0,0.22094947951963695
-111.5463,45.2814,0.345,0,0.23519738030004161
-111.5052,45.2794,0.41280688463583204,0,0.1940577380575226
-111.7014,45.3066,0.31919444444444445,0,0.1517813970814552
-111.6957,45.3079,0.3760028276385626,0,0.15155237543503083
-111.6959,45.241,0.31,0,0.1986950064797866
-111.6459,45.242,0.3886124401913876,0,0.22893840328787352
-111.6439,45.2359,0.31419444444444444,0,0.23535220946487564
-111.6689,45.2373,0.38817511228275725,0,0.22417206694859101
-111.5188,45.5717,0.465,1,0.040527899032641874
-111.5915,45.6121,0.295,1,0.049967014119319385
-111.579,45.6086,0.3856554307116105,1,0.04960046975583933
-111.5554,45.6239,0.295,1,0.021750645967429583
-111.539,45.6758,0.3239806678383128,1,0.036505103752763474
-111.5368,45.6973,0.30702215980024966,1,0.05808100033573436
-111.5304,45.7168,0.38,1,0.07808855613980496
-111.5405,45.7343,0.29919444444444443,1,0.09499106589568927
-111.5774,45.7372,0.28,1,0.10477344415451935
-111.5752,45.582,0.255,1,0.04369751137079406
-111.597,45.5637,0.31,1,0.01998666055148641
-111.587,45.5373,0.385,1,0.04073468546582545
-111.5897,45.561,0.35,1,0.027529086435995106
-111.5958,45.5853,0.33702215980024974,1,0.02664136820811146
-111.8058,45.2354,0.395,1,0.10765675919327293
-111.8549,45.2399,0.3710028276385625,1,0.058606090127218256
-111.8819,45.2333,0.355,1,0.032732302088305194
-111.743,45.4737,0.365,1,0.010257801908790349
-111.7079,45.4449,0.39,1,0.021772976369808003
-111.6927,45.449,0.325,1,0.03453045757009104
-111.6868,45.4518,0.305,1,0.03990454234795302
-111.6677,45.4504,0.36,1,0.05904551210719037
-111.648,45.4548,0.45,1,0.06723356676542672
-111.6368,45.4692,0.435,1,0.0655035334924836
-111.6289,45.4842,0.29,1,0.061803825933354185
-111.6443,45.4241,0.235,1,0.08823526789215022
-111.6464,45.4124,0.38,1,0.09129738495707343
-111.6805,45.3835,0.345,1,0.08608857357396839
-111.5854,45.3564,0.375,0,0.17284418561235315
-111.5431,45.3551,0.25,0,0.20942459860293708
-111.5085,45.3548,0.27,0,0.21616328018421646
-111.5034,45.3521,0.245,0,0.2104037207370654
-111.5236,45.3453,0.4,0,0.22648065193301276
-111.5327,45.3442,0.385,0,0.22384251718562623
-111.7433,45.6873,0.3581751122827573,1,0.07503275018283116
-111.7478,45.6475,0.285,1,0.06033690081533587
-111.6514,45.6419,0.44,1,0.062138735906032624
-111.6532,45.6555,0.4728277153558052,1,0.07583378204995582
-111.6578,45.6776,0.42,1,0.09826796273455116
-111.7004,45.6796,0.2941944444444444,1,0.10438070942468487
-111.7202,45.6762,0.37,1,0.09639359729773767
-111.6865,45.698,0.3720221598002497,1,0.10593781005854203
-111.6357,45.7237,0.405,1,0.12755624092925064
-111.6516,45.7476,0.295,1,0.12447424472555817
-111.612,45.6182,0.42,1,0.04673630815544377
-111.6415,45.6153,0.33817511228275726,1,0.03583870114833734
-111.6472,45.5854,0.395,1,0.0055002272680296045
-111.67,45.5855,0.37,1,0.02240541229256916
-111.6891,45.5981,0.3439806678383128,1,0.022619958001733657
-111.7218,45.6117,0.3610028276385625,1,0.0382722157707095
-111.7397,45.5968,0.37,1,0.03086992873331793
-111.6834,45.5748,0.415,1,0.006686740611082857
-111.6679,45.5695,0.42,1,0.007800801240897909
-111.6633,45.5365,0.31919444444444445,1,0.02296092768161263
-111.6525,45.5161,0.35,1,0.028393994083259447
-111.6872,45.5195,0.34,1,0.002083866598423227
-111.6909,45.5172,0.32,1,0.0047762432936365624
-111.7042,45.5389,0.3578277153558052,1,0.019099803663917104
-111.7059,45.5466,0.28,1,0.018956595158417723
-111.7139,45.5516,0.2931751122827573,1,0.02259231063880127
-111.518,45.6548,0.35,1,0.02262703250539354
-111.5415,45.6164,0.29,1,0.01546281345680345
-111.5318,45.6005,0.3,1,0.012602959969786115
-111.5307,45.5883,0.31817511228275724,1,0.02380921250272693
-111.95,46.1667,0.02,1,0.03776552528430992
-111.9208,46.1939,0.02,1,0.020790452135534983
-111.9208,46.1939,0.02,1,0.020790452135534983
-111.9208,46.1939,0.02,1,0.020790452135534983
-111.8944,46.2144,0.02,1,0.043961447883344065
-111.8944,46.2144,0.02,1,0.043961447883344065
-111.8944,46.2144,0.02,1,0.043961447883344065
-111.8919,46.2122,0.02,1,0.04315007415984668
-111.8919,46.2122,0.02,1,0.04315007415984668
-111.8919,46.2122,0.02,1,0.04315007415984668
-111.8958,46.1986,0.02,1,0.029567767923879683
-111.8958,46.1986,0.02,1,0.029567767923879683
-111.8958,46.1986,0.02,1,0.029567767923879683
-111.9028,46.1556,0.02,1,0.02159798370218969
-111.9028,46.1556,0.02,1,0.02159798370218969
-111.9028,46.1556,0.02,1,0.02159798370218969
-111.9744,46.2417,0.01,1,0.011085576214165655
-111.9744,46.2417,0.005,1,0.011085576214165655
-111.9744,46.2417,0.005,1,0.011085576214165655
-111.9708,46.2453,0.01,1,0.006028764384184121
-111.8786,46.1033,0.01,1,0.0413768401403576
-111.8786,46.1033,0.02,1,0.0413768401403576
-111.8786,46.1033,0.02,1,0.0413768401403576
-112.0583,46.4883,0.355,1,0.013414965523629977
-112.0564,46.4903,0.36697127937336815,1,0.012674987179479728
-112.0406,46.4875,0.390951947211681,1,0.006790530170758017
-112.0917,46.4842,0.415,1,0.00889550448260331
-112.0931,46.4908,0.28282771535580525,1,0.002202271554556651
-112.1064,46.4936,0.26,1,0.011174529072852032
-112.1211,46.4983,0.325,1,0.005318279797079501
-112.1161,46.4928,0.38697127937336817,1,0.0021152068456702423
-112.1194,46.4639,0.35,1,0.012345638906103525
-112.1178,46.4603,0.32595194721168097,1,0.010003139507173204
-112.1067,46.4583,0.305,1,0.0017311268006705636
-112.0111,46.4844,0.365,1,0.01611089693344531
-112.1461,46.4083,0.515,1,0.02829039412945779
-112.1478,46.4111,0.4045643874030686,1,0.026115596872368405
-112.0417,46.4528,0.3,1,0.009744434308868845
-112.0625,46.4417,0.43197127937336816,1,0.02264226137116574
-112.0719,46.4375,0.275,1,0.023577135110103717
-112.0731,46.4297,0.3628277153558052,1,0.01831243566541928
-112.1006,46.4194,0.41,1,0.011166346761584555
-112.1111,46.3842,0.26282771535580524,1,0.0029011032384220997
-112.0869,46.3822,0.33782771535580525,1,0.004532593076820853
-112.08,46.3814,0.3,1,0.010683557459953565
-112.055,46.3861,0.27,1,0.00582092776110147
-112.1964,46.4694,0.41,1,0.02138168375035986
-112.2056,46.4728,0.325,1,0.011630322437493582
-112.2167,46.4889,0.4033906042005877,1,0.01370286101513123
-112.0294,46.4208,0.245,1,0.019282956204888218
-112.03,46.4186,0.36697127937336815,1,0.019522714975121973
-112.0025,46.4214,0.235,1,0.009398212596024302
-112.0256,46.3997,0.365,1,0.010913592442457232
-112.1347,46.3853,0.62,1,0.010234656809097792
-112.1389,46.3728,0.335,1,0.0047716244613391235
-112.1289,46.3472,0.385,1,0.015866203074459826
-112.125,46.345,0.25782771535580523,1,0.016083606560723288
-112.1186,46.3353,0.32282771535580523,1,0.011617934411941859
-112.0981,46.3436,0.3028277153558052,1,0.009030304535283367
-112.0903,46.3431,0.435,1,0.015387800362624928
-112.1072,46.3214,0.2828277153558052,1,0.006970365844060368
-112.0964,46.3083,0.425,1,0.008947994188647
-112.0925,46.3078,0.37197127937336816,1,0.012677010688648647
-112.0978,46.3,0.365,1,0.005860853180210263
-112.0753,46.36,0.35461526782995006,1,0.010833300512770695
-112.1111,46.3556,0.2,1,0.00859823819162155
-112.1111,46.3619,0.24782771535580522,1,0.009303988392079651
-112.0028,46.3669,0.33,1,0.004507815435442172
-112.0064,46.3647,0.19,1,0.0019282375372329267
-112.0361,46.3639,0.3937588318475129,1,0.013118170604167827
-112.0422,46.3514,0.34,1,0.015197710353872173
-112.0531,46.3303,0.235,1,0.03482134977280144
-112.0461,46.3361,0.3319712793733682,1,0.028964226210963877
-112.0544,46.3414,0.355,1,0.02407277300187642
-112.0542,46.3433,0.34282771535580525,1,0.02217567135398271
-112.1139,46.2583,0.285,1,0.02743983236100424
-112.0781,46.2881,0.330951947211681,1,0.014327051336543493
-112.0522,46.3014,0.41697127937336814,1,0.03845683814356167
-112.0547,46.3028,0.395,1,0.03782219454235844
-112.0556,46.2839,0.35197127937336814,1,0.02546830186722645
-112.0556,46.2897,0.345,1,0.028274270989721514
-112.0533,46.2894,0.395,1,0.030047003178360458
-112.1556,46.7381,0.43780688463583206,1,0.020008700607474394
-112.0714,46.7378,0.39141932482721953,1,0.021516328683121214
-112.0558,46.7344,0.36919444444444444,1,0.00850931254568036
-112.0711,46.6853,0.375,1,0.0021786234185819315
-112.0597,46.6467,0.265,1,0.005801241246488724
-112.1158,46.6139,0.395,1,0.009926147288853656
-112.2242,46.6836,0.245,1,0.014301597812831416
-112.1908,46.6864,0.25,1,0.028345571082618815
-112.1778,46.6975,0.38,1,0.040069565757570855
-112.1769,46.7119,0.442806884635832,1,0.03370911004461599
-112.1786,46.7311,0.165,1,0.015060149401653343
-112.1772,46.7389,0.275,1,0.007253971326108502
-112.1158,46.6928,0.325,1,0.020942406738482317
-112.1128,46.6944,0.32782771535580524,1,0.02092731229756504
-112.1142,46.7003,0.165,1,0.025980731321497353
-112.1061,46.6997,0.335,1,0.020181040607458033
-112.1628,46.5794,0.23282771535580524,1,0.005268662069257147
-112.1617,46.5817,0.30419444444444443,1,0.005587020672947166
-112.2081,46.5625,0.325,1,0.030787564047841443
-112.1917,46.5622,0.48,1,0.021339503274442072
-112.1578,46.6753,0.425,1,0.010298062924645949
-112.6972,46.1917,0.295,1,0.025225384040688855
-112.6917,46.1939,0.415,1,0.021100947846012765
-112.6486,46.2125,0.265,1,0.008555495310029346
-112.6389,46.205,0.4256554307116105,1,0.005498554355453212
-112.6444,46.2042,0.26,1,0.0007308214556283987
-112.6639,46.195,0.375,1,0.016547220310374606
-112.6583,46.1978,0.3,1,0.01035425033500831
-112.5403,46.1569,0.26782771535580524,1,0.07725084465557551
-112.5431,46.1583,0.39,1,0.07489203562462896
-112.5569,46.1528,0.27782771535580525,1,0.06015204900915867
-112.5681,46.1556,0.385,1,0.05022689518574698
-112.6322,46.1933,0.27782771535580525,1,0.015741667637194118
-112.0642,46.2042,0.33,1,0.05701558032678399
-112.0625,46.2044,0.29,1,0.05635635190464365
-112.0525,46.1931,0.425,1,0.06586932821882942
-112.0492,46.1961,0.465,1,0.06271607768347706
-112.0431,46.2378,0.255,1,0.021515166743488284
-112.0389,46.2403,0.255,1,0.02052082844332071
-112.0617,46.2306,0.24,1,0.03144847214094617
-112.0708,46.2814,0.28,1,0.01116567955835555
-112.0617,46.2811,0.28,1,0.018758688653527845
-112.0547,46.2792,0.205,1,0.02154173623457506
-112.0389,46.2886,0.24,1,0.031094925631044407
-112.0356,46.2881,0.25,1,0.03173078000932174
-112.0361,46.2911,0.265,1,0.034346941639684866
-112.035,46.2981,0.245,1,0.04132575952115033
-112.0278,46.3056,0.23,1,0.0362638235711549
-112.0306,46.3056,0.325,1,0.03820618928917462
-112.0317,46.3097,0.225,1,0.03630260183512801
-112.0256,46.46,0.21,1,0.02306313075018317
-112.0267,46.4622,0.32,1,0.02211103796748801
-112.5597,46.1833,0.29202215980024965,1,0.0714201722204577
-112.5611,46.1861,0.24782771535580522,1,0.0699556438037738
-112.5625,46.2056,0.26282771535580524,1,0.057109632287387704
-112.5625,46.2194,0.325,1,0.051627028773700574
-112.7306,46.2444,0.3528277153558052,1,0.0035355339059355514
-112.7269,46.2431,0.39,1,0.006811754546368872
-112.6986,46.2222,0.265,1,0.015316984037339658
-112.6569,46.2158,0.26,1,0.013578604493833572
-112.6667,46.2139,0.38,1,0.015468160847358832
-112.6694,46.2186,0.24,1,0.011803219899673145
-112.6528,46.2194,0.225,1,0.015572941276456956
-112.6492,46.2347,0.29,1,0.02453868985907497
-112.6472,46.2319,0.3178277153558053,1,0.02425026391608812
-112.6542,46.2583,0.415,1,0.029710121171077943
-112.7431,46.2256,0.4141944444444444,1,0.01951332877804201
-112.7458,46.2183,0.46,1,0.02723545483372896
-112.0903,46.4208,0.335,1,0.0014224275025451886
-112.0333,46.4556,0.25,1,0.01587734234688125
-112.0336,46.4569,0.26,1,0.015303659693019651
-112.0336,46.4583,0.25,1,0.015117737926017042
-112.0175,46.4611,0.385,1,0.031195127824709956
-112.0178,46.4625,0.235,1,0.030994096212024626
-112.0047,46.4642,0.43,1,0.019432611764759595
-112.0056,46.4653,0.3,1,0.020323936626547592
-112.0075,46.4625,0.305,1,0.022349237123435978
-112.0167,46.4806,0.34,1,0.016385756009410515
-112.7197,46.4883,0.305,1,0.1453551856660161
-112.6972,46.4842,0.3339806678383128,1,0.12608429719834274
-112.7181,46.4681,0.265,1,0.1318287146262239
-112.7075,46.4708,0.36919444444444444,1,0.12484045818563608
-112.7089,46.4522,0.255,1,0.1155665176424408
-112.7075,46.4453,0.285,1,0.11101211645581945
-112.6844,46.4508,0.255,1,0.09434007631966496
-112.6792,46.4414,0.37919444444444445,1,0.08464827228006468
-112.6769,46.4425,0.2891944444444444,1,0.08338447097632311
-112.6764,46.4417,0.29919444444444443,1,0.08251375642885518
-112.6278,46.4019,0.295,1,0.02035386941099637
-112.6283,46.4022,0.31919444444444445,1,0.02093083849252171
-112.6444,46.4258,0.27,1,0.04751894359095901
-112.675,46.355,0.455,1,0.053453531221049205
-112.6714,46.34,0.452806884635832,1,0.03823349317025962
-112.7194,46.3686,0.295,1,0.05291715506336509
-112.7208,46.3569,0.382806884635832,1,0.041412574177419406
-112.7258,46.345,0.3578277153558052,1,0.02851429992126347
-112.7275,46.3244,0.37919444444444445,1,0.010198200821704848
-112.7194,46.2986,0.36,1,0.025464196433426067
-112.6056,46.015,0.285,1,0.002895876378574171
-112.6036,46.0142,0.45,1,0.001704728717421717
-112.6075,46.0147,0.36919444444444444,1,0.004814987019716321
-112.6022,46.0539,0.375,1,0.015256346220506914
-112.6019,46.0556,0.245,1,0.013537728760763423
-112.5964,46.0694,0.4141944444444444,1,0.004500011111101676
-112.5722,46.0761,0.27,1,0.023595213497647545
-112.5592,46.0814,0.2878277153558052,1,0.02810238601969596
-112.5786,46.075,0.26,1,0.023057625636665156
-112.5975,46.0806,0.35,1,0.011989249350982105
-112.5839,46.0917,0.245,1,0.02827401810851129
-112.5889,46.0914,0.33919444444444447,1,0.0253189671985319
-112.6178,46.0914,0.25,1,0.02798639133578882
-112.6194,46.1033,0.275,1,0.03544444949494829
-112.6203,46.1097,0.28,1,0.029235543436030083
-112.6042,46.1278,0.26782771535580524,1,0.015446067460677093
-112.5925,46.1342,0.1,1,0.02323327355324528
-112.5844,46.1317,0.275,1,0.031670822534310576
-112.5822,46.135,0.255,1,0.033315416851661665
-112.5667,46.1406,0.45,1,0.04867489085761042
-112.5586,46.1378,0.265,1,0.056734442801531
-112.5719,46.1353,0.33,1,0.04354846725201746
-112.63,46.1392,0.26,1,0.009515676539269699
-112.6411,46.1519,0.27282771535580524,1,0.00882327036874323
-112.6411,46.1581,0.27782771535580525,1,0.01273460246728867
-112.6361,46.1572,0.115,1,0.009490000000001367
-112.6325,46.1092,0.2378277153558052,1,0.033968882819419954
-112.6158,46.1381,0.11,1,0.0006236986451719332
-112.6139,46.1375,0.16282771535580523,1,0.0017507141399968563
-112.6656,46.135,0.2528277153558052,1,0.0350876060739438
-112.6664,46.1289,0.22282771535580523,1,0.038497351856979174
-112.6319,46.0869,0.36780688463583194,1,0.035755560406735665
-112.5864,46.0356,0.245,1,0.013205835831181418
-112.5664,46.0336,0.3370221598002497,1,0.00902630046032284
-112.5139,46.0931,0.305951947211681,1,0.04682206744687942
-112.5125,46.0928,0.25,1,0.04628191871562575
-112.5144,46.0783,0.39,1,0.03254885558663841
-112.5419,46.0494,0.33,1,0.00781256039976123
-112.5517,46.0544,0.27282771535580524,1,0.012804065760540462
-112.5681,46.055,0.3,1,0.0038042213395063683
-112.5672,46.0556,0.22782771535580523,1,0.0032533213797515826
-112.6258,46.0592,0.395,1,0.0268051879306899
-112.6403,46.0519,0.29,1,0.0429998616276729
-112.6578,46.0481,0.44919444444444445,1,0.03447381760119361
-112.6833,46.0139,0.4,1,0.013988713307524128
-112.6925,46.0503,0.3541944444444444,1,0.02363277596897449
-112.6947,46.0542,0.27,1,0.028022171578944294
-112.7003,46.0625,0.35,1,0.037781266521910196
-112.6878,46.0361,0.26,1,0.008685856319319922
-112.6708,46.0408,0.41,1,0.019757380899299345
-112.6753,46.025,0.36919444444444444,1,0.010638331636129253
-112.7314,46.0586,0.39919444444444446,1,0.045825582374912514
-112.7292,46.0419,0.37280688463583195,1,0.02900362046365883
-112.7394,46.0394,0.345,1,0.029085529047969773
-112.7139,46.0183,0.32,1,0.014406248644251104
-112.7219,46.0247,0.415,1,0.01291402338544993
-112.5769,46.2794,0.38984987515605496,1,0.03757344940246321
-112.625,46.3944,0.395,1,0.01600281225285632
-112.6014,46.375,0.33,1,0.010381233067424007
-112.5911,46.3686,0.365,1,0.005439604765058495
-112.5825,46.3658,0.07,1,0.0052590968806415965
-112.5806,46.3611,0.37,1,0.009600005208330866
-112.605,46.3431,0.40280688463583203,1,0.02410467382065373
-112.6172,46.3319,0.39,1,0.03982279874644681
-112.6361,46.3,0.3969712793733682,1,0.03374803697994515
-112.6417,46.2978,0.38,1,0.02838326972002514
-112.2458,46.5428,0.43780688463583206,1,0.014943496913373655
-112.2417,46.5431,0.37702215980024967,1,0.010887887765762147
-112.2458,46.5347,0.32282771535580523,1,0.016514178756451375
-112.2458,46.5247,0.39782771535580524,1,0.022687399586554344
-112.2403,46.5639,0.45419444444444446,1,0.024019952123179044
-112.2394,46.5603,0.4069712793733682,1,0.020363450100605984
-112.0453,46.5525,0.345,1,0.006594118591595906
-112.0536,46.5547,0.2928277153558052,1,0.0044369358796331505
-112.0619,46.5494,0.2717875524741448,1,0.005486246439963216
-112.0708,46.5536,0.265,1,0.0010944404963281274
-112.0397,46.5736,0.255,1,0.012689369566683992
-112.0583,46.5658,0.245,1,0.013693151572951876
-112.1061,46.5292,0.27317511228275726,1,0.015270900431864185
-112.09,46.5625,0.215,1,0.003326619906146028
-112.2472,46.5986,0.31,1,0.028866716127737863
-112.2417,46.5931,0.3,1,0.03364427588758821
-112.1783,46.5331,0.3678277153558052,1,0.041241658550545235
-112.1742,46.5342,0.26782771535580524,1,0.03783266313650173
-112.175,46.5325,0.2,1,0.03967659763638894
-112.1733,46.5433,0.3122248803827751,1,0.030349866556540143
-112.1747,46.5517,0.31,1,0.02638807306341567
-112.1653,46.5681,0.46,1,0.012154291423197398
-112.1489,46.56,0.265,1,0.0053747930192682
-112.1453,46.5747,0.27,1,0.011946313238817107
-112.1472,46.5772,0.285,1,0.010630841923388095
-112.0608,46.5739,0.18,1,0.012330141929428783
-112.0778,46.5722,0.255,1,0.009026760216153104
-112.0564,46.5764,0.26,1,0.015812223120104996
-112.0539,46.5764,0.3096152678299501,1,0.01828049233472393
-112.0517,46.5739,0.155,1,0.02093605502476369
-112.0444,46.5681,0.29,1,0.018861558790306748
-112.0753,46.5964,0.29,1,0.01761568619157987
-112.0836,46.5936,0.39419444444444446,1,0.01858156075253995
-112.0981,46.595,0.46141932482721953,1,0.030578822737318934
-112.1214,46.5861,0.27,1,0.034456935441212325
-112.2181,46.5758,0.392806884635832,1,0.0363260801628776
-112.2297,46.6411,0.29,1,0.017828463197934484
-112.2231,46.645,0.4278277153558052,1,0.01973910079005489
-112.2308,46.6622,0.205,1,0.01049360281314021
-112.2414,46.6647,0.285,1,0.008907193721934062
-112.1956,46.6572,0.375,1,0.0019450963986377
-112.1958,46.6592,0.175,1,0.0020888752954658875
-112.1822,46.6603,0.195,1,0.011930942963577273
-112.1725,46.6644,0.35,1,0.02032939005480107
-112.2431,46.5906,0.392806884635832,1,0.03226582247518102
-112.2308,46.5808,0.4484623153474426,1,0.03900010384601707
-112.2189,46.5814,0.35,1,0.041375356191819555
-112.2122,46.5772,0.36558371956475566,1,0.034634439507508906
-112.145,46.6647,0.295,1,0.007533531708299988
-112.1392,46.6594,0.3,1,0.007747412471269696
-112.1369,46.6625,0.35,1,0.010151374291199226
-112.1308,46.66,0.42063459999163727,1,0.00914146596558857
-112.1222,46.6542,0.37,1,0.013797912885644626
-112.1153,46.6317,0.33,1,0.007530232400128771
-112.1294,46.6311,0.26282771535580524,1,0.006088521988137869
-112.1711,46.6358,0.3,1,0.026909635820652297
-112.1786,46.615,0.46563459999163725,1,0.006773256233160343
-112.1806,46.6147,0.4042678709029981,1,0.006837031519601569
-112.1681,46.5981,0.39782771535580524,1,0.008766162216158517
-112.6044,46.2867,0.43861244019138756,1,0.046925848953430285
-112.5781,46.2756,0.425,1,0.04120179729089967
-112.6264,46.3144,0.435,1,0.045192034696384435
-112.6361,46.3042,0.29,1,0.033785351855497116
-112.0747,46.1917,0.37,1,0.04982905176700979
-112.0328,46.1725,0.26282771535580524,1,0.044260782866998666
-112.0222,46.1669,0.38,1,0.033602096660773094
-112.0083,46.1528,0.322806884635832,1,0.025511475849113518
-112.0042,46.15,0.452806884635832,1,0.024606247174237546
-112.0,46.1458,0.42919444444444443,1,0.02589044997677104
-112.0861,46.2306,0.245,1,0.04378280941191306
-112.0667,46.2286,0.245,1,0.03563714915646065
-112.05,46.2194,0.45,1,0.0394624935856823
-112.05,46.2208,0.415,1,0.03806479213131556
-112.0056,46.2328,0.335,1,0.042095367916203004
-112.1414,46.1958,0.22,1,0.009405551552151222
-112.1414,46.1931,0.27,1,0.00912876771531524
-112.1847,46.2139,0.37697127937336816,1,0.029687040943811152
-112.1922,46.2097,0.355,1,0.02328970588049499
-112.1922,46.2125,0.3345643874030685,1,0.022519555945887528
-112.1333,46.2125,0.405,1,0.008225715774328147
-112.1669,46.1864,0.38,1,0.014833816097007775
-112.1828,46.1828,0.265,1,0.030238123288320422
-112.2139,46.1667,0.29782771535580527,1,0.004962307930787393
-112.2278,46.1597,0.23,1,0.010745436240558195
-112.2378,46.1553,0.38,1,0.01603073298386628
-112.2378,46.1536,0.26,1,0.01759302134370359
-112.2111,46.1658,0.27,1,0.003786092972968994
-112.1458,46.2333,0.22,1,0.03249234371355513
-112.1417,46.2458,0.5178068846358319,1,0.03989346813702256
-112.0547,46.1903,0.4,1,0.0688486484979912
-112.0292,46.1819,0.36919444444444444,1,0.04250318693933767
-112.05,46.0361,0.275,1,0.0919270825165235
-112.0825,46.0458,0.42419444444444443,1,0.09567147119178335
-112.0736,46.2742,0.29,1,0.005394849395490563
-112.0772,46.255,0.37202215980024966,1,0.01888407794942457
-112.0667,46.2292,0.225,1,0.03513013521180791
-112.0861,46.2292,0.355,1,0.04350264819525035
-112.1583,46.2833,0.36,1,0.0050943498113067524
-112.1542,46.2839,0.38456438740306853,1,0.0021114923632336033
-112.1486,46.2333,0.335,1,0.03402623105781895
-112.1458,46.2444,0.25,1,0.03826211311468463
-112.1292,46.2889,0.36,1,0.0036210771877977772
-112.3169,46.3561,0.275,1,0.021580187672956108
-112.3303,46.3392,0.355,1,0.01928134072102853
-112.3206,46.3217,0.4069712793733682,1,0.022620974780058027
-112.3033,46.3042,0.34,1,0.006886980470431784
-112.2822,46.2919,0.495,1,0.0024968780506875302
-112.2733,46.2867,0.47,1,0.0012092973166239415
-112.265,46.2792,0.3478277153558052,1,0.002314821807396878
-112.1861,46.2533,0.255,1,0.0019226024029929836
-112.1833,46.2603,0.32,1,0.0023984161440339423
-112.1639,46.3125,0.315,1,0.004649397810474008
-112.1944,46.3,0.285,1,0.005650035398114535
-112.1986,46.2847,0.245,1,0.004814145822471508
-112.1889,46.2631,0.4019712793733682,1,0.004795873226023511
-112.22,46.2633,0.185,1,0.016364767031644196
-112.2183,46.27,0.46,1,0.01649513867780609
-112.2181,46.3606,0.255,1,0.004817488972481947
-112.2222,46.3606,0.390951947211681,1,0.0032274138253440728
-112.2139,46.3492,0.355,1,0.007917600646655566
-112.2394,46.2861,0.33,1,0.0055999464283149405
-112.35,46.2161,0.24282771535580522,1,0.02887792236293893
-112.3444,46.2064,0.23282771535580524,1,0.02928013831934539
-112.4047,46.0797,0.305,1,0.040602664937167285
-112.4264,46.0847,0.38782771535580524,1,0.04557734524958432
-112.3628,46.0933,0.345,1,0.06731114097977633
-112.3681,46.0906,0.33282771535580524,1,0.06535848605957517
-112.3389,46.2375,0.37780688463583195,1,0.0063182592539413425
-112.3347,46.2425,0.285,1,0.0062603833748422905
-112.3431,46.2367,0.255,1,0.007153209070061822
-112.3486,46.2269,0.25,1,0.018307331864583387
-112.3417,46.1833,0.21,1,0.006780597318817295
-112.3389,46.1764,0.235,1,0.005636177782857737
-112.3461,46.1903,0.28,1,0.01327797047744881
-112.3417,46.1931,0.31,1,0.016221729254303124
-112.3478,46.1711,0.25,1,0.006869970887862722
-112.3575,46.1656,0.395,1,0.0173772984091406
-112.4103,46.1528,0.3628277153558052,1,0.034879393630050895
-112.3944,46.1375,0.2378277153558052,1,0.049638232240880036
-112.3492,46.1444,0.225,1,0.033057260927069225
-112.3506,46.1417,0.38,1,0.03594312868964281
-112.3686,46.1408,0.32,1,0.04359397320732085
-112.4125,46.12,0.465,1,0.04609476868365857
-112.4139,46.1119,0.41197127937336814,1,0.046196468479739954
-112.4242,46.1022,0.43,1,0.04073248948934222
-112.4208,46.0944,0.465,1,0.04805633881185043
-112.4458,46.0536,0.3528277153558052,1,0.017475471381338734
-112.4333,46.0375,0.255,1,0.00991112506227081
-112.4294,46.0436,0.32,1,0.014456292747455395
-112.4733,46.0067,0.37,1,0.007086049675244074
-112.4953,46.0536,0.29202215980024965,1,0.011715289155630923
-112.4572,46.1217,0.275,1,0.0028958073140289077
-112.4739,46.1436,0.4141944444444444,1,0.024728681727910505
-112.4708,46.1506,0.335,1,0.029044718969205043
-112.4644,46.1536,0.2378277153558052,1,0.029870850339420933
-112.1222,46.2681,0.27,1,0.02052598840494637
-112.4556,46.1572,0.312806884635832,1,0.03297823069845283
-112.4392,46.1753,0.25782771535580523,1,0.020048506178766013
-112.4447,46.1772,0.3078277153558052,1,0.021231829878745907
-112.4472,46.175,0.21282771535580522,1,0.024142530936090253
-112.4439,46.1881,0.2891944444444444,1,0.011062811577533338
-112.4494,46.1958,0.3028277153558052,1,0.0052209003055021935
-112.4761,46.2081,0.31,1,0.016026606003767964
-112.4694,46.2033,0.25782771535580523,1,0.014445348732373508
-112.4403,46.2144,0.32282771535580523,1,0.013363188242331936
-112.1403,46.2653,0.26,1,0.020494262611759736
-112.4361,46.2244,0.22782771535580523,1,0.024177319950733744
-112.4597,46.2339,0.265,1,0.018343502937007903
-112.4597,46.2314,0.115,1,0.015866130593187738
-112.4342,46.2411,0.26,1,0.02698118047824842
-112.4214,46.2439,0.2378277153558052,1,0.023863949798809632
-112.1375,46.2486,0.215,1,0.036644901418881944
-112.1306,46.2542,0.24,1,0.031337498304745005
-112.1278,46.2556,0.28,1,0.03052092397028209
-112.1264,46.2583,0.26,1,0.028321384146960824
-112.1236,46.2667,0.29,1,0.021202363075847656
-112.1447,46.2592,0.26,1,0.027621455428705796
-112.1472,46.2625,0.225,1,0.024458503633706108
-112.1486,46.2625,0.39861244019138753,1,0.024107973784620644
-112.1583,46.2578,0.235,1,0.024802082573858717
-112.1486,46.2556,0.25,1,0.03087238895842105
-112.1222,46.2764,0.27,1,0.013720502906228137
-112.1239,46.28,0.44,1,0.010027970881483226
-112.1242,46.2828,0.26,1,0.008281316320485562
-112.1269,46.2856,0.44,1,0.004859238623480143
-112.0736,46.2778,0.38,1,0.006704058472299291
-112.075,46.2708,0.255,1,0.004984014446205896
-112.0347,46.2625,0.225,1,0.013593248324078856
-112.0375,46.2597,0.4328277153558052,1,0.010319321683142844
-112.0694,46.2569,0.235,1,0.019426435596886626
-112.0681,46.2514,0.205,1,0.021625503462347036
-112.0764,46.2486,0.405,1,0.025331727142061937
-112.0667,46.2278,0.225,1,0.03631757701168553
-112.0889,46.2292,0.345,1,0.041182913932845656
-112.0903,46.2292,0.37697127937336816,1,0.040046078459693324
-112.5978,46.4122,0.30919444444444444,1,0.021284971223838225
-112.5978,46.4133,0.35202215980024976,1,0.02222791038311187
-112.6097,46.4281,0.30919444444444444,1,0.03400720511891472
-112.6081,46.4278,0.26,1,0.03371201566207126
-112.575,46.47,0.28,1,0.05201149968997899
-112.5319,46.4931,0.3578277153558052,1,0.005703867109255721
-112.5333,46.4836,0.395,1,0.015285028622806087
-112.5278,46.4731,0.285,1,0.02599273167637471
-112.525,46.4617,0.325,1,0.037698356728113044
-112.5464,46.4722,0.285,1,0.03039644880574603
-112.5625,46.4667,0.285,1,0.04449343884214995
-112.6667,46.4667,0.3131751122827573,1,0.09273645453650622
-112.6389,46.4817,0.275,1,0.09256224932444007
-112.7069,46.4222,0.31,1,0.10185293319292109
-112.6767,46.1756,0.3969712793733682,1,0.038990133367301366
-112.6764,46.1733,0.365,1,0.040504178796767265
-112.6906,46.1764,0.295,1,0.03803011964220161
-112.7028,46.175,0.25,1,0.03247660696563048
-112.7083,46.1792,0.295,1,0.025675669416785098
-112.6767,46.1572,0.225,1,0.039571833417214194
-112.6722,46.1569,0.405,1,0.0400659718464507
-112.6694,46.1583,0.365,1,0.03768854069873102
-112.7375,46.1944,0.285,1,0.0073239333694429445
-112.7417,46.1986,0.27,1,0.013213629327326355
-112.5694,46.2172,0.29,1,0.04582049868781811
-112.5569,46.2378,0.335,1,0.05521411142091107
-112.5656,46.2375,0.32,1,0.04651442894414823
-112.5708,46.2375,0.36697127937336815,1,0.04133008710370712
-112.5806,46.2322,0.325,1,0.031447449817117286
-112.5825,46.235,0.425,1,0.029503730272638067
-112.5978,46.2472,0.255,1,0.019312330258154164
-112.5378,46.2486,0.3,1,0.04247420511322191
-112.5297,46.2528,0.3491944444444444,1,0.033917637004958916
-112.5039,46.2583,0.42,1,0.008485287266792036
-112.525,46.2236,0.25782771535580523,1,0.043185670077007986
-112.5428,46.1964,0.2378277153558052,1,0.07545434447399173
-112.5381,46.21,0.29,1,0.062063951695001576
-112.5353,46.2142,0.24782771535580522,1,0.05708623389224644
-112.5458,46.1867,0.31702215980024967,1,0.0814117688052558
-112.2333,46.2375,0.32,1,0.02282543537372157
-112.2328,46.2361,0.31,1,0.02370777298693419
-112.1125,46.1911,0.36697127937336815,1,0.01757744008665934
-112.1083,46.1889,0.24,1,0.02189699522765884
-112.1167,46.1458,0.31956438740306853,1,0.04451890834241354
-112.1089,46.1314,0.335,1,0.04345855957114775
-112.1111,46.1208,0.36,1,0.03838403834929425
-112.12,46.1111,0.34,1,0.029190587524053686
-112.1244,46.1167,0.34697127937336814,1,0.024669543976328537
-112.1333,46.1083,0.415,1,0.01689829577205036
-112.1764,46.1125,0.32419444444444445,1,0.015462289610535085
-112.1819,46.1036,0.195,1,0.025915678652119332
-112.1253,46.0667,0.415,1,0.05343362611689834
-112.1194,46.0711,0.325,1,0.05260443327325075
-112.0961,46.0536,0.39282771535580524,1,0.0807297615504882
-112.0972,46.0347,0.365,1,0.09083803443492612
-112.1056,46.0042,0.275,1,0.06568886130844431
-112.1222,46.0203,0.41141932482721955,1,0.0844341660703695
-112.1222,46.02,0.46063459999163725,1,0.08441657657118523
-112.1194,46.0333,0.29,1,0.086513966502529
-112.1194,46.0389,0.345,1,0.08127402044934451
-112.1,46.0833,0.4141944444444444,1,0.058126847497521554
-112.3639,46.2514,0.22782771535580523,1,0.024337838852291387
-112.3764,46.2583,0.3541944444444444,1,0.03838445127912997
-112.4,46.2528,0.245,1,0.028277271792023884
-112.4208,46.2639,0.45563459999163725,1,0.006473801047302172
-112.4264,46.2764,0.23,1,0.007438554967194488
-112.4417,46.2689,0.245,1,0.008996226986913531
-112.4333,46.2514,0.3870221598002497,1,0.016920582141287794
-112.4417,46.2528,0.3422248803827751,1,0.020515216303996855
-112.4556,46.2542,0.45846231534744253,1,0.02294362874525555
-112.4736,46.2944,0.395,1,0.02771703627735495
-112.4792,46.2625,0.37919444444444445,1,0.004670770814326995
-112.4889,46.2639,0.40419444444444447,1,0.010927950402525387
-112.2722,46.2611,0.3114401555471928,1,0.00748828418264104
-112.2681,46.2597,0.3,1,0.0036824584179608114
-112.3611,46.2667,0.38419444444444445,1,0.0307748013803488
-111.8236,46.0889,0.02,1,0.02107469809984894
-112.5867,46.7906,0.375,1,0.006600757532275475
-112.5947,46.7842,0.335,1,0.015981551864574284
-111.8028,46.0917,0.015,1,0.04180831137464262
-112.6133,46.7519,0.24782771535580522,1,0.02495942707675765
-111.8028,46.0917,0.02,1,0.04180831137464262
-112.7933,46.7811,0.435,1,0.058100225472888095
-112.795,46.7797,0.405,1,0.060101282848209814
-112.7681,46.7753,0.455,1,0.037070530074445336
-112.7519,46.7728,0.37,1,0.027139421511897462
-112.7561,46.7747,0.39,1,0.028225027900785758
-111.8028,46.0917,0.02,1,0.04180831137464262
-111.7653,46.07,0.01,1,0.030063855374849242
-111.7653,46.07,0.015,1,0.030063855374849242
-111.7653,46.07,0.01,1,0.030063855374849242
-112.0825,46.0458,0.0,1,0.09567147119178335
-112.0825,46.0458,0.01,1,0.09567147119178335
-112.6878,46.7436,0.41,1,0.009521029356115346
-112.0825,46.0458,0.03,1,0.09567147119178335
-112.7475,46.7761,0.43419444444444444,1,0.022045684384934462
-112.4831,46.5294,0.38,1,0.05054783575980094
-112.5314,46.5256,0.43280688463583206,1,0.026801568983917612
-112.5383,46.5161,0.43,1,0.018519775916573007
-112.6233,46.7686,0.3,1,0.013960659010237013
-112.0825,46.0458,0.01,1,0.09567147119178335
-112.0772,46.255,0.015,1,0.01888407794942457
-112.0667,46.2292,0.005,1,0.03513013521180791
-112.0667,46.2292,0.0,1,0.03513013521180791
-112.0667,46.2292,0.0,1,0.03513013521180791
-112.0861,46.2292,0.0,1,0.04350264819525035
-112.7592,46.5319,0.395,0,0.18570732349587415
-112.7828,46.5283,0.3678277153558052,0,0.2088890854017903
-112.7956,46.5264,0.355,0,0.21663875299678173
-112.8181,46.5186,0.39919444444444446,0,0.21668199579106806
-112.83,46.5656,0.46782771535580525,0,0.2305299329805119
-112.8133,46.5756,0.28,0,0.21271224694408164
-112.8,46.5933,0.39282771535580524,0,0.19059790135256066
-112.7897,46.5975,0.24782771535580522,0,0.1814610977592748
-112.7808,46.6017,0.3,0,0.173259689483735
-112.7622,46.6208,0.24,1,0.14752521818320025
-112.7639,46.6514,0.365,1,0.12227125582082242
-112.7694,46.6533,0.385,1,0.12401612798342382
-112.77,46.6519,0.375,1,0.12549071678813706
-112.7594,46.6481,0.285,1,0.12249995918366892
-112.8314,46.5561,0.36,0,0.23905447078019973
-112.8242,46.615,0.3478277153558052,0,0.1889082581572379
-112.8397,46.6286,0.32,0,0.19094234731981125
-112.8369,46.6344,0.24,0,0.18508878950385174
-112.8475,46.6289,0.37,0,0.19679575706808225
-112.7306,46.4717,0.27282771535580524,1,0.14425089254489798
-112.7389,46.4872,0.245,0,0.15981745837048467
-112.0861,46.2292,0.0,1,0.04350264819525035
-112.7356,46.4492,0.365,1,0.13097000152706506
-112.7444,46.4322,0.32419444444444445,1,0.11430769571643223
-112.7186,46.4867,0.31,1,0.14348142736953653
-112.7206,46.4883,0.41780688463583204,1,0.14604177484542685
-112.71,46.4708,0.40141932482721954,1,0.12682227722288816
-112.6919,46.4697,0.28317511228275727,1,0.11219523162773791
-112.6583,46.4814,0.25,1,0.1002585657188455
-112.7147,46.7922,0.445,1,0.0015352524222467991
-112.7147,46.7928,0.395,1,0.0017779201331939685
-112.6642,46.7842,0.34,1,0.0025630060475997107
-112.6561,46.7967,0.355,1,0.002433105012113617
-112.6519,46.77,0.34,1,0.007883577867940892
-112.6294,46.7539,0.33282771535580524,1,0.026627053911390523
-112.7269,46.7431,0.45,1,0.03448898374844176
-112.7297,46.7436,0.355,1,0.037107681145549735
-112.6625,46.7008,0.26782771535580524,1,0.059203547191026606
-112.6508,46.6697,0.37,1,0.06717216685503778
-112.6419,46.6644,0.3056554307116105,1,0.061309053165101025
-112.6389,46.6547,0.345,1,0.06410499200531376
-112.6303,46.6408,0.24782771535580522,1,0.0545586840017258
-112.6067,46.6431,0.31,1,0.041686448637415094
-112.5722,46.6644,0.42,1,0.010107917688613233
-112.5536,46.6756,0.4,1,0.006000833275471283
-112.5378,46.6858,0.335,1,0.006796712440582702
-112.5306,46.6872,0.26317511228275725,1,0.0067896980787213925
-112.5878,46.6717,0.4328277153558052,1,0.02210203610530207
-112.595,46.6717,0.26,1,0.023152105735766284
-112.5942,46.7147,0.32,1,0.009768295654826592
-112.5875,46.7081,0.29,1,0.0015484185480619164
-112.5861,46.7044,0.2828277153558052,1,0.0033531477748466425
-112.5125,46.6664,0.295,1,0.0035227829907640866
-112.5097,46.6733,0.29,1,0.006537583651467441
-112.6986,46.6278,0.38282771535580523,1,0.11213964508593383
-112.5531,46.6072,0.4828277153558052,1,0.007635941330315014
-112.5428,46.6328,0.365,1,0.0010119288512605107
-112.5228,46.5761,0.36565543071161044,1,0.027152933543171127
-112.6253,46.6028,0.42,1,0.0366994550368185
-112.6608,46.5856,0.40565543071161053,1,0.07479585550014663
-112.6614,46.5881,0.28,1,0.07475326079844086
-112.6828,46.5675,0.265,1,0.10148305277236816
-112.6703,46.5719,0.335,1,0.08824692629207606
-112.6614,46.5697,0.405,1,0.08103659667088552
-112.6756,46.5483,0.36,1,0.10403581114212639
-112.7183,46.5383,0.275,1,0.14598630072715393
-112.7381,46.5358,0.345,0,0.16485887904507793
-112.7211,46.5433,0.335,1,0.14628260320352765
-112.5692,46.5356,0.37,1,0.05254750327084794
-112.5794,46.5239,0.325,1,0.053909684658701364
-112.5694,46.5117,0.335,1,0.039855414939505736
-112.5733,46.5111,0.32,1,0.043389884765926506
-112.595,46.5456,0.315,1,0.06023039099989161
-112.5933,46.5475,0.42,1,0.0581821278400846
-112.5964,46.5464,0.2878277153558052,1,0.05959949664217051
-112.5333,46.56,0.35,1,0.04074061609744874
-112.5403,46.5456,0.345,1,0.047585418985229534
-112.5422,46.5453,0.405,1,0.04767294935285029
-112.4983,46.6306,0.415,1,0.02445730974575753
-112.4947,46.6289,0.345,1,0.025696108654817064
-112.4711,46.6656,0.305,1,0.013501481400202589
-112.4744,46.6753,0.32,1,0.005166236541236203
-112.4706,46.6831,0.325,1,0.003528002267576076
-112.4622,46.6939,0.325,1,0.01437845610627173
-112.4553,46.6903,0.275,1,0.007937883848980351
-112.485,46.6142,0.38,1,0.028817529387510022
-112.445,46.5994,0.40419444444444447,1,0.024997041824977133
-112.4311,46.5861,0.4378277153558052,1,0.02236636090203337
-112.4692,46.5667,0.29,1,0.03918096604220052
-112.4456,46.5422,0.345,1,0.01890655177445654
-112.4142,46.5025,0.2878277153558052,1,0.008020436397101408
-112.3717,46.5039,0.575,1,0.014280014005594765
-112.3983,46.5256,0.385,1,0.018788264954494746
-112.3603,46.5561,0.355,1,0.030614847704996093
-112.2869,46.5775,0.395,1,0.015257853715381308
-112.2592,46.5703,0.315,1,0.02713465127838554
-112.2583,46.5664,0.41,1,0.027330717151221276
-112.2622,46.5064,0.34,1,0.02148329816392242
-112.2628,46.5136,0.365,1,0.02763953870815489
-112.0861,46.2292,0.0,1,0.04350264819525035
-112.2514,46.5997,0.37,1,0.025101818659205126
-112.3658,46.5689,0.41,1,0.035373166383575724
-112.3592,46.5814,0.25,1,0.04941306406204695
-112.3567,46.5844,0.4,1,0.04593780686972558
-112.3489,46.5992,0.395,1,0.03379417257457241
-112.3331,46.6114,0.435,1,0.01867752927986155
-112.3306,46.6442,0.38,1,0.04206887329130523
-112.285,46.6417,0.295,1,0.015125610731471197
-112.2822,46.6606,0.24,1,0.01458417292821561
-112.2581,46.6389,0.28,1,0.0011322985472037091
-112.2333,46.2375,0.0,1,0.02282543537372157
-112.2644,46.6858,0.345,1,0.017092983940791374
-112.2669,46.6811,0.29,1,0.01399142951952349
-112.435,46.6178,0.425,1,0.014993135095776888
-112.4417,46.6558,0.335,1,0.032171765571691144
-112.4486,46.6433,0.395,1,0.036224523461330115
-112.3917,46.6622,0.25782771535580523,1,0.016320309433342374
-112.4183,46.7094,0.43,1,0.023267324728040092
-112.4175,46.7069,0.28,1,0.022843344763844857
-112.3911,46.7025,0.31,1,0.029238373757783688
-112.3361,46.6761,0.35297410701193066,1,0.04536587373786504
-112.3558,46.6858,0.2,1,0.02786992106196085
-112.3561,46.7128,0.165,1,0.013244123225034979
-112.3836,46.7383,0.24,1,0.004450404476003863
-112.3775,46.7375,0.14,1,0.0027375353879009303
-112.3092,46.7356,0.30282771535580527,1,0.012879367220483422
-112.2508,46.7583,0.205,1,0.005513628569282754
-112.2594,46.7864,0.195,1,0.03126502998559577
-112.2847,46.7853,0.31,1,0.030423282202944477
-112.3036,46.7908,0.40282771535580525,1,0.025045528543034448
-112.3514,46.7822,0.065,1,0.0195976044454431
-112.3975,46.7936,0.36,1,0.024623769004766437
-112.3825,46.7928,0.28,1,0.038743902746113335
-112.4161,46.7861,0.385,1,0.0045694638635142264
-112.4211,46.7569,0.3628277153558052,1,0.027411676344215104
-112.4631,46.7536,0.275,1,0.044806472746690536
-112.4789,46.7803,0.3528277153558052,1,0.05873636011875315
-112.4869,46.7719,0.22782771535580523,1,0.05620008896790511
-112.4542,46.7981,0.29,1,0.036601229487547
-112.1583,46.2833,0.025,1,0.0050943498113067524
-112.1542,46.2839,0.0,1,0.0021114923632336033
-112.2214,46.7717,0.275,1,0.020852174946517112
-112.1975,46.7594,0.26,1,0.027139751288477575
-112.1772,46.7644,0.36,1,0.01913818434439643
-112.1494,46.7817,0.34419444444444447,1,0.043874640739268285
-112.1678,46.7922,0.345,1,0.04713514718339247
-112.1542,46.2839,0.055,1,0.0021114923632336033
-112.0153,46.7978,0.425,1,0.06685849534651878
-112.0303,46.7878,0.27,1,0.05108481574792969
-112.0336,46.7872,0.335,1,0.049333968013932764
-112.0161,46.7583,0.385,1,0.038267484892530304
-112.0408,46.76,0.4,1,0.021415144174155264
-112.0872,46.7522,0.4228277153558052,1,0.03886057642393172
-112.1222,46.7894,0.3628277153558052,1,0.06804535325794814
-112.7733,46.2572,0.32419444444444445,1,0.042171198702438094
-112.8481,46.2675,0.2891944444444444,1,0.1170572509501258
-112.8314,46.2839,0.42919444444444443,1,0.10174653458472545
-112.7708,46.3031,0.385,1,0.03829555196102749
-112.765,46.3372,0.425,1,0.034972064565883275
-112.7861,46.3983,0.375,1,0.09465429361629941
-112.8156,46.4328,0.3591944444444444,1,0.13972503462157773
-112.85,46.4411,0.3370221598002497,0,0.1678684642808144
-112.8228,46.4697,0.417806884635832,0,0.17476702578004133
-112.7653,46.4633,0.415,1,0.1480750056559143
-112.7964,46.3931,0.3591944444444444,1,0.09643508334626237
-112.7586,46.4939,0.27,0,0.17716667096268138
-112.8283,46.235,0.3220221598002497,1,0.09491285476688581
-112.8497,46.2078,0.39,1,0.11950313803411375
-112.7558,46.1689,0.335,1,0.0323137741528236
-112.7522,46.15,0.415,1,0.03953732413809322
-112.7736,46.12,0.37,1,0.06423239058295496
-112.7881,46.1156,0.425,1,0.0793620186235276
-112.7967,46.0997,0.42,1,0.09360651686715885
-112.7664,46.0633,0.43,1,0.06375335285301252
-112.775,46.0478,0.435,1,0.05908488808486794
-112.7533,46.0125,0.4606554307116105,1,0.026024065785348223
-112.7892,46.0197,0.305,1,0.0549684827878669
-112.8114,46.0158,0.23282771535580524,1,0.032574623558825955
-112.8256,46.0297,0.42,1,0.029411122045917195
-112.8414,46.0494,0.325,1,0.043919222443022835
-112.665,46.4558,0.27817511228275726,1,0.08332400614469715
-112.6825,46.4447,0.275,1,0.0892334578507469
-112.6397,46.4169,0.2881751122827573,1,0.038240423637826884
-112.6114,46.4278,0.285,1,0.033785351855497615
-112.5861,46.4314,0.32317511228275725,1,0.04051708034890454
-112.5864,46.4333,0.275,1,0.042439908105461555
-112.62,46.4244,0.32817511228275725,1,0.03223491895445107
-112.75,46.2822,0.39419444444444446,1,0.03879362447619246
-112.7492,46.3394,0.21282771535580522,1,0.025151248477959028
-112.7461,46.3603,0.415,1,0.04335568359512088
-112.7206,46.2994,0.35,1,0.02408670380105645
-112.6344,46.2511,0.31,1,0.008918032294177793
-112.6547,46.2592,0.26,1,0.030549914893503415
-112.7111,46.3283,0.385,1,0.026507268814416812
-112.6331,46.2775,0.385,1,0.03229868882787818
-112.5811,46.2764,0.345,1,0.04264701748071102
-112.6061,46.2864,0.43,1,0.045854566839083066
-112.6325,46.2897,0.34,1,0.03921351807731691
-112.6306,46.4014,0.305,1,0.022800219297197385
-112.5883,46.4133,0.3131751122827573,1,0.02376825193403883
-112.5936,46.3822,0.265,1,0.0047720016764369304
-112.5819,46.3867,0.3491944444444444,1,0.0021359073013642246
-112.5689,46.3714,0.215,1,0.008185578782223712
-112.5672,46.3711,0.235,1,0.008040528589588033
-112.5608,46.3508,0.33,1,0.012603812915145516
-112.5619,46.35,0.4,1,0.012056869411256419
-112.5914,46.3475,0.415,1,0.018111523955766075
-112.6036,46.3411,0.395,1,0.025460543984765407
-112.6306,46.3133,0.255,1,0.04085205013214732
-112.6417,46.3056,0.4069712793733682,1,0.028355775425822873
-112.6728,46.3386,0.375,1,0.036922080114749276
-112.6803,46.3614,0.445,1,0.060517848606841104
-112.6942,46.3722,0.365,1,0.06803217841580662
-112.505,46.2592,0.365,1,0.009832705629676945
-112.5083,46.2525,0.26282771535580524,1,0.012767462551347766
-112.1178,46.4603,0.02,1,0.010003139507173204
-112.5286,46.2522,0.3728277153558052,1,0.03287604142836559
-112.5456,46.2503,0.26,1,0.04998123747966822
-112.5908,46.2508,0.325,1,0.02697973498758255
-112.5347,46.4933,0.36,1,0.006269776710543542
-112.5344,46.485,0.405,1,0.014063573514584895
-112.5306,46.4731,0.445,1,0.025723104400519108
-112.5194,46.4644,0.345,1,0.036529496300937124
-112.5228,46.4628,0.375,1,0.0370814252692637
-112.1178,46.4603,0.0,1,0.010003139507173204
-112.1461,46.4083,0.0,1,0.02829039412945779
-112.1461,46.4083,0.005,1,0.02829039412945779
-112.1461,46.4083,0.0,1,0.02829039412945779
-112.0625,46.4417,0.0,1,0.02264226137116574
-112.0625,46.4417,0.005,1,0.02264226137116574
-112.0625,46.4417,0.0,1,0.02264226137116574
-112.0731,46.4297,0.0,1,0.01831243566541928
-112.0731,46.4297,0.005,1,0.01831243566541928
-112.0731,46.4297,0.005,1,0.01831243566541928
-112.1111,46.3842,0.01,1,0.0029011032384220997
-112.1111,46.3842,0.015,1,0.0029011032384220997
-112.1111,46.3842,0.01,1,0.0029011032384220997
-112.1111,46.3842,0.01,1,0.0029011032384220997
-112.0869,46.3822,0.005,1,0.004532593076820853
-112.8492,46.3753,0.345,1,0.12711176696120663
-112.8072,46.3081,0.37702215980024967,1,0.07229324518929515
-112.8067,46.3425,0.425,1,0.07510924909757362
-112.7897,46.3542,0.45,1,0.0649498829868062
-112.7714,46.3669,0.43,1,0.06040676534958906
-112.7631,46.3978,0.36,1,0.08418156152031947
-112.7556,46.4333,0.42919444444444443,1,0.11679171760018268
-112.7575,46.4314,0.415,1,0.11526570738948799
-112.7606,46.3189,0.33919444444444447,1,0.024988983572765945
-112.6522,45.4922,0.23,1,0.015275418161215143
-112.8394,46.3572,0.3628277153558052,1,0.11085553346585823
-112.3825,46.2681,0.33419444444444446,1,0.027509963649566028
-112.3931,46.2675,0.325,1,0.020234873362587925
-112.3528,46.2681,0.42,1,0.024298032842196053
-112.3389,46.3403,0.39141932482721953,1,0.01440458607528
-112.3014,46.3639,0.28,1,0.00996084835744515
-112.0869,46.3822,0.01,1,0.004532593076820853
-112.3028,46.3625,0.32,1,0.009903055084165105
-112.2639,46.3375,0.385,1,0.0064081510593891585
-112.2556,46.3028,0.36,1,0.0027217090219173526
-112.2528,46.3028,0.28,1,0.002731977305909447
-112.3678,46.3533,0.34641932482721954,1,0.020361053509094795
-112.3661,46.355,0.36,1,0.017957352254723287
-112.3503,46.3725,0.3556345999916372,1,0.0027734635386056565
-112.3339,46.3858,0.3,1,0.02086370293117509
-112.3147,46.3964,0.2987796625674862,1,0.006207422975760125
-112.3075,46.3983,0.225,1,0.007258932428403029
-112.2928,46.3944,0.295,1,0.004367436318944824
-112.2981,46.3931,0.32,1,0.005593969967741795
-112.2583,46.4556,0.295,1,0.0067126820273287575
-112.2806,46.4569,0.37419444444444444,1,0.004777457482807722
-112.2833,46.4556,0.30739210275887374,1,0.007701824459173357
-112.2819,46.4528,0.18782771535580522,1,0.007754360063851988
-112.2694,46.4306,0.2887796625674862,1,0.010081983931754033
-112.2781,46.4967,0.28,1,0.01694839520426875
-112.2864,46.4767,0.33419444444444446,1,0.004426522337002419
-112.2811,46.4725,0.26,1,0.0024035390573102946
-112.3694,46.475,0.45,1,0.007676594296952379
-112.35,46.4772,0.325,1,0.01119866063420913
-112.3444,46.4708,0.4069712793733682,1,0.014132094678418652
-112.3497,46.4589,0.185,1,0.006953330137417515
-112.3264,46.4639,0.4069712793733682,1,0.010750167440549277
-112.3333,46.4583,0.405,1,0.0038802190659876887
-112.3364,46.4592,0.31,1,0.002181306947686913
-112.3717,46.4883,0.285,1,0.0013201515064563867
-112.3528,46.4208,0.405951947211681,1,0.014043340058555055
-112.3528,46.4194,0.195,1,0.014910781334328617
-112.3625,46.4194,0.3287796625674862,1,0.012294474368587684
-112.3944,46.4325,0.325,1,0.003842668343744127
-112.4083,46.4089,0.315,1,0.023723787640250488
-112.4958,46.4153,0.34817511228275727,1,0.07060417905478832
-112.4931,46.4125,0.2978277153558052,1,0.0723667471978754
-112.4806,46.4306,0.305,1,0.06273495118353238
-112.4694,46.4333,0.3778277153558052,1,0.051740893884815405
-112.4486,46.4367,0.305,1,0.03196298014891766
-112.4472,46.4764,0.27282771535580524,1,0.015437230969315542
-112.4472,46.4736,0.32,1,0.014958211791521268
-112.4375,46.4764,0.39782771535580524,1,0.006568416856445481
-112.005,46.4808,0.255,1,0.014362036763635384
-112.0014,46.4814,0.37,1,0.011016174472119345
-112.0019,46.4786,0.265,1,0.01322996976565861
-112.0014,46.4833,0.215,1,0.010001904818592346
-112.7464,45.8031,0.41,1,0.08829099897498109
-112.7431,45.8072,0.39782771535580524,1,0.08511010809534204
-112.7378,45.8197,0.435,1,0.0814872781481854
-112.5933,45.8089,0.3,1,0.016455032664815898
-112.5681,45.7967,0.295,1,0.013300593971701188
-112.6025,45.7558,0.43,1,0.015126480092880123
-112.5967,45.7644,0.395,1,0.007275877953900628
-112.5244,45.7697,0.425,1,0.015145705661997447
-112.5278,45.7661,0.325,1,0.010681217159102696
-112.5922,45.765,0.395,1,0.0031000645154644316
-112.5806,45.7689,0.27,1,0.002666927070621128
-112.5753,45.7694,0.435,1,0.003613654659761015
-112.5636,45.7756,0.37,1,0.0020436242316033593
-112.5164,45.7961,0.3728277153558052,1,0.007261990085377111
-112.5547,45.7925,0.34202215980024975,1,0.017639739227094855
-112.5206,45.8206,0.215,1,0.009863974858041118
-112.7056,45.9528,0.27,1,0.049410991692127815
-112.7233,45.9217,0.255,1,0.08309982009606967
-112.7244,45.9111,0.23,1,0.08837662643481983
-112.7197,45.9128,0.305,1,0.08461733923966017
-112.7097,45.9117,0.42,1,0.07500696034368708
-112.7111,45.9033,0.32,1,0.0732488368508319
-112.7167,45.8794,0.23,1,0.07521804371292681
-112.7389,45.8744,0.21,1,0.09760080993516018
-112.7383,45.8522,0.325,1,0.09424789918083264
-112.6939,45.8469,0.36,1,0.05688877305760806
-112.7075,45.8353,0.42,1,0.059189834431259185
-112.7014,45.8381,0.305,1,0.05593389401785627
-112.6917,45.8225,0.335,1,0.039001544841199366
-112.6833,45.7975,0.435,1,0.0257170857602585
-112.6842,45.7953,0.415,1,0.027113695801211323
-112.7406,45.7556,0.39,1,0.06240577537375521
-112.6522,45.9775,0.41,1,0.020884159068542515
-112.6478,45.9689,0.395,1,0.030532934677165016
-112.6628,45.9536,0.25,1,0.04190000119331568
-112.0869,46.3822,0.01,1,0.004532593076820853
-112.6644,45.9389,0.43,1,0.0566228937798162
-112.6672,45.9311,0.27,1,0.05675706211564996
-112.7122,45.7894,0.415,1,0.05569637779964046
-112.7139,45.7889,0.235,1,0.057466620746310745
-112.7258,45.7708,0.41,1,0.06245382934616793
-112.7278,45.765,0.3,1,0.059137541376014464
-112.7153,45.7753,0.29,1,0.060978527368245765
-112.5597,45.9556,0.225,1,0.026244389876697114
-112.5608,45.9564,0.435,1,0.025489017242722723
-112.5656,45.9292,0.42,1,0.04213002967006424
-112.1542,46.2839,0.0,1,0.0021114923632336033
-112.5744,45.92,0.315,1,0.042493145329570874
-112.5756,45.9167,0.325,1,0.04181434442867267
-112.5722,45.9111,0.325,1,0.0362861323372953
-112.52,45.9108,0.39,1,0.02369800413537566
-112.5306,45.8819,0.385,1,0.015114764305138098
-112.5081,45.8806,0.32,1,0.03467861156390269
-112.7281,45.9708,0.245,1,0.04056902882741626
-112.7356,45.9917,0.34,1,0.022830024091098
-112.3917,45.8117,0.32,1,0.02095414517464588
-112.4022,45.8167,0.44,1,0.01197982470657012
-112.3956,45.8153,0.37,1,0.015768202180340616
-112.3944,45.8217,0.385,1,0.011942035002463079
-112.3872,45.8286,0.38,1,0.01701023809357085
-112.3983,45.7806,0.37,1,0.0420254018422076
-112.4311,45.845,0.43,1,0.01970610057824822
-112.4883,45.8422,0.29282771535580526,1,0.028146942995644242
-112.1411,45.9806,0.43,1,0.07397096998147609
-112.1544,45.9683,0.35,1,0.0700852081398098
-112.1611,45.965,0.4,1,0.06767114894841939
-112.1456,45.9844,0.44782771535580523,1,0.0682276659427804
-112.4019,45.8044,0.31,1,0.024220408749648578
-112.2714,45.8361,0.385,1,0.020763992872281475
-112.4583,45.8753,0.245,1,0.0057050328658099
-112.4597,45.88,0.245,1,0.000809567785916748
-112.4564,45.8769,0.285,1,0.005290689936100581
-112.4578,45.8811,0.245,1,0.002280219287690375
-112.4575,45.8847,0.3,1,0.004718410749396082
-112.4631,45.8831,0.24,1,0.0038625639153296257
-112.4756,45.8881,0.38,1,0.017208120176247257
-112.4628,45.8917,0.33,1,0.011309438536021194
-112.4589,45.895,0.2,1,0.014316263478997756
-112.4678,45.9061,0.395,1,0.026527333073645784
-112.475,45.9069,0.39282771535580524,1,0.030139200387535033
-112.4883,45.925,0.27,1,0.04274480553236361
-112.4958,45.9306,0.245,1,0.04878450983662865
-112.4833,45.9222,0.35,1,0.03905839730454929
-112.4958,45.9083,0.365,1,0.04471594122904888
-112.4894,45.9047,0.39282771535580524,1,0.037894371613742275
-112.4811,45.8956,0.26,1,0.025772454287478347
-112.4258,45.8997,0.225,1,0.026581363772385454
-112.4706,45.8831,0.285,1,0.010812927448207032
-112.425,45.8944,0.23,1,0.03174297402575699
-112.4206,45.8978,0.23,1,0.030464978253731765
-112.4203,45.8989,0.235,1,0.02964929847399729
-112.4467,45.9044,0.21,1,0.02333604293790746
-112.4453,45.9078,0.235,1,0.019697078463565002
-112.4419,45.9167,0.405,1,0.010471337068396664
-112.4256,45.9083,0.42,1,0.018858549785177838
-112.4328,45.9122,0.255,1,0.012622159086304756
-112.4556,45.9889,0.25,1,0.022414513155539068
-112.4556,45.9894,0.26,1,0.02193992707371057
-112.4561,45.99,0.26,1,0.021213919958361586
-112.4694,45.9806,0.25,1,0.01781126048319008
-112.4608,45.9789,0.285,1,0.024339946589909824
-112.4706,45.9917,0.29782771535580527,1,0.008563936010964699
-112.4658,45.9956,0.26,1,0.012049771782066928
-112.4569,45.8661,0.285,1,0.014965273134822809
-112.4592,45.8639,0.385,1,0.0168514509761017
-112.4583,45.8611,0.29,1,0.019707851227365698
-112.4806,45.8539,0.32782771535580524,1,0.03379573049957392
-112.4803,45.8536,0.455,1,0.03385408985632543
-112.4817,45.8575,0.35,1,0.0317546122634219
-112.4564,45.8358,0.38,1,0.013599661760500306
-112.4553,45.9686,0.265,1,0.0315588085960142
-112.4514,45.9428,0.27,1,0.00613452524650408
-112.4497,45.9386,0.2528277153558053,1,0.0022032702966317025
-112.4458,45.9333,0.285,1,0.005025773572295611
-112.4278,45.9186,0.265,1,0.00942352906293499
-112.4458,45.8708,0.235,1,0.01253668217672318
-112.4425,45.8653,0.225,1,0.007487082208707145
-112.4261,45.8431,0.28,1,0.02302347497663865
-112.4044,45.8361,0.325,1,0.00759237775667165
-112.4075,45.8308,0.245,1,0.0040085159348519014
-112.4075,45.8306,0.26,1,0.003897717280657104
-112.3911,45.8319,0.39,1,0.013541203786971094
-112.3836,45.8317,0.385,1,0.020855411767696643
-112.3786,45.8283,0.3578277153558052,1,0.025610860977327947
-112.3675,45.8325,0.35,1,0.03692619937117773
-112.3658,45.8306,0.45,1,0.038466819468224715
-112.3639,45.8314,0.345,1,0.04041346557770592
-112.3611,45.8511,0.375,1,0.04867011608781259
-112.3708,45.8544,0.38,1,0.042267247367199945
-112.3597,45.8611,0.3662900307032477,1,0.052045214957772166
-112.3408,45.8681,0.245,1,0.032005911953893386
-112.3406,45.8678,0.455,1,0.03197311996036472
-112.3367,45.8692,0.35,1,0.027888606992818876
-112.3158,45.8353,0.37,1,0.046796499869112475
-112.3122,45.8381,0.34,1,0.045024531091400255
-112.2953,45.8403,0.425,1,0.033623539373479526
-112.3328,45.8367,0.38,1,0.05070599964501763
-112.3556,45.8344,0.31,1,0.0489655409446383
-112.4056,45.8444,0.42,1,0.01595068023627724
-112.2867,45.8517,0.425,1,0.029120171702782322
-112.2961,45.8453,0.285,1,0.03606236819733362
-112.2656,45.8531,0.33,1,0.008159068574293936
-112.2811,45.8558,0.34282771535580525,1,0.023892057257582443
-112.2694,45.8556,0.295,1,0.012478477471231935
-112.2939,45.8458,0.36,1,0.03550009014073673
-112.2922,45.8611,0.385,1,0.02027827408829819
-112.2836,45.8625,0.3860028276385626,1,0.021475204306366395
-112.0869,46.3822,0.01,1,0.004532593076820853
-112.2958,45.8708,0.415,1,0.010656566051031182
-112.3044,45.8728,0.41,1,0.01323149273513836
-112.2861,45.8708,0.42,1,0.01312800060938489
-112.2611,45.8664,0.34,1,0.015212836684852463
-112.2886,45.8375,0.28,1,0.027422333963396123
-112.2922,45.8322,0.315,1,0.02554169923869369
-112.3469,45.8197,0.43,1,0.05798320618938034
-112.3392,45.8161,0.375,1,0.0652448342782889
-112.3339,45.8042,0.34,1,0.060765256520487615
-112.2833,45.8069,0.385,1,0.01190052099700285
-112.2833,45.8069,0.365,1,0.01190052099700285
-112.2769,45.8028,0.365,1,0.011864923092887595
-112.2706,45.8083,0.355,1,0.006886537591558931
-112.2533,45.8111,0.3,1,0.020926117652348798
-112.2778,45.7808,0.23,1,0.033717093587678625
-112.2711,45.7667,0.325,1,0.04768704645918225
-112.2639,45.7592,0.305,1,0.05601443028363397
-112.2625,45.7569,0.455,1,0.05853674401604475
-112.2589,45.7544,0.32,1,0.061769056978398594
-112.2922,45.7611,0.45,1,0.05623351669600965
-112.1244,46.1167,0.005,1,0.024669543976328537
-112.2875,45.7647,0.345,1,0.05140963333851457
-112.3303,45.7711,0.44,1,0.060640515334221226
-112.3306,45.7667,0.22,1,0.05624268930270215
-112.3253,45.7528,0.48,1,0.042605611132810445
-112.3278,45.7594,0.39,1,0.048991694194018116
-112.3625,45.7744,0.315,1,0.0659749073512055
-112.3633,45.7722,0.37,1,0.0641420330204758
-112.3639,45.7633,0.46,1,0.056038508188569224
-112.3556,45.7847,0.35,1,0.06543888904925793
-112.3472,45.7903,0.35,1,0.06863049030861257
-112.3472,45.7894,0.37,1,0.06913560732358309
-112.3628,45.7942,0.295,1,0.0537769857838968
-112.3353,45.8,0.29,1,0.06296532696652409
-112.3208,45.7797,0.29,1,0.05821745786275236
-112.3306,45.7756,0.49,1,0.06505707033059488
-112.1989,45.8983,0.375,1,0.057496977311855935
-112.1986,45.8983,0.335,1,0.057673220822144045
-112.2458,45.9069,0.46282771535580525,1,0.017638877515302392
-112.2319,45.8989,0.4,1,0.032156243561711734
-112.2314,45.8986,0.375,1,0.03270749149660095
-112.08,46.3814,0.025,1,0.010683557459953565
-112.2436,45.8892,0.445,1,0.025605390057559067
-112.2089,45.8906,0.42,1,0.05647025765834396
-112.1797,45.9036,0.275,1,0.0670968285390611
-112.1817,45.9125,0.36,1,0.06032026525139726
-112.1639,45.8911,0.315,1,0.0872432369871704
-112.1583,45.8897,0.43,1,0.09254489937322406
-112.1547,45.8889,0.43,1,0.0959233777553661
-112.1472,45.8806,0.415,1,0.09958515200570957
-112.175,45.8931,0.44702215980024973,1,0.07745125176522444
-112.1417,45.8794,0.42,1,0.09640192166135021
-112.1844,45.9217,0.375,1,0.053474782842008836
-112.1833,45.9264,0.36,1,0.05263808887107753
-112.1764,45.9319,0.41,1,0.05766448126879917
-112.1764,45.9344,0.365,1,0.05715279870662282
-112.1764,45.9428,0.4,1,0.05621923514242908
-112.1764,45.9472,0.405,1,0.056227061100503586
-112.1764,45.9478,0.365,1,0.0562547989064023
-112.1686,45.9572,0.4078277153558052,1,0.06515159552919779
-112.1675,45.9592,0.31,1,0.06663254760250034
-112.1667,45.9606,0.33,1,0.06755448467718139
-112.1706,45.9656,0.42,1,0.061217108719705426
-112.1944,45.9703,0.425,1,0.04585708669333467
-112.1786,45.9722,0.46282771535580525,1,0.05124738432349227
-112.1772,45.9797,0.425,1,0.04601704466825228
-112.1764,45.9861,0.365,1,0.041852316542813586
-112.1794,45.9856,0.25,1,0.04011840475392826
-112.2456,45.8786,0.445,1,0.029538456290067943
-112.2156,45.9194,0.31,1,0.03063609635707224
-112.2306,45.9153,0.335,1,0.029666149059150135
-112.2292,45.9167,0.405,1,0.0284018379686923
-112.0294,46.4208,0.0,1,0.019282956204888218
-112.2303,45.9208,0.32065543071161046,1,0.02420761037359649
-112.2319,45.9186,0.3,1,0.026308789405823225
-112.2397,45.9497,0.265,1,0.007743280958350297
-112.2417,45.9519,0.3,1,0.005207533005171439
-112.2611,45.9622,0.355,1,0.0174513753039631
-112.2694,45.9278,0.245,1,0.007564456358522365
-112.2644,45.92,0.27,1,0.0024226019070485148
-112.2806,45.9533,0.34,1,0.0056540604878316195
-112.2722,45.9772,0.28,1,0.019694730259643155
-112.255,45.9822,0.375,1,0.023541293507359555
-112.2608,45.9781,0.32,1,0.023812192255224785
-112.2369,45.9911,0.4,1,0.02300018260797026
-112.2319,45.9725,0.315,1,0.016054983649948392
-112.2486,45.975,0.29,1,0.014309734448965042
-112.2892,45.9639,0.32,1,0.009800020408147581
-112.2931,45.9689,0.41,1,0.015310336377754124
-112.3031,45.9803,0.26,1,0.0038765964453423675
-112.305,45.9856,0.245,1,0.002390334704592256
-112.3136,45.9803,0.33,1,0.006514637365186584
-112.2964,45.9581,0.42,1,0.008253992973106633
-112.3014,45.965,0.26,1,0.016374932060931564
-112.3192,45.9678,0.22,1,0.0036592485567437808
-112.3231,45.9811,0.335,1,0.011010726588188788
-112.3328,45.9867,0.32,1,0.021296903530795486
-112.3361,45.9958,0.25,1,0.02544972298473713
-112.3639,45.9961,0.23,1,0.013756104099636002
-112.3544,45.995,0.35,1,0.012169239910526208
-112.3389,45.9828,0.22,1,0.019492572944587408
-112.3389,45.9819,0.285,1,0.019545597969876653
-112.3528,45.9844,0.395,1,0.005652114648513838
-112.4097,45.9244,0.255,1,0.01924438619442791
-112.3944,45.9283,0.31,1,0.011177405781307896
-112.3922,45.9283,0.25,1,0.011935091118210756
-112.3767,45.9217,0.45,1,0.026949886827218446
-112.3711,45.9253,0.255,1,0.029594465698841593
-112.3586,45.925,0.37,1,0.024449466251834785
-112.3394,45.925,0.32,1,0.005356155337546984
-112.3625,45.9367,0.3919712793733682,1,0.029758151824331888
-112.3425,45.9392,0.255,1,0.017503782448372404
-112.3278,45.9444,0.4128277153558052,1,0.02156535184039812
-112.3294,45.9533,0.36702215980024966,1,0.02124453106096469
-112.3833,45.9,0.27,1,0.0415240942104711
-112.35,45.8744,0.355,1,0.03844081684875876
-112.3217,45.8864,0.335,1,0.00966511251875426
-112.3331,45.8944,0.285,1,0.023377561891696236
-112.3397,45.8972,0.325,1,0.02716671492838237
-112.3244,45.8917,0.4,1,0.014558928532002934
-112.2814,45.9083,0.4,1,0.003506907469554475
-112.2761,45.9111,0.295,1,0.005128001560069
-112.2764,45.9122,0.415,1,0.004796707203916384
-112.03,46.4186,0.06,1,0.019522714975121973
-112.03,46.4186,0.0,1,0.019522714975121973
-112.03,46.4186,0.0,1,0.019522714975121973
-112.03,46.4186,0.005,1,0.019522714975121973
-112.1244,46.1167,0.005,1,0.024669543976328537
-112.2458,45.9069,0.01,1,0.017638877515302392
-112.8036,45.2119,0.38,1,0.05957926149257317
-112.7942,45.21,0.295,1,0.06398486070939256
-112.7822,45.2356,0.4256554307116105,1,0.04828563347415652
-112.0025,46.4214,0.0,1,0.009398212596024302
-112.7531,45.6364,0.37,1,0.011325992230260967
-112.8203,45.6714,0.275,1,0.06737671778886661
-112.2458,45.9069,0.01,1,0.017638877515302392
-112.8078,45.6439,0.38,1,0.044697562573368585
-112.8078,45.6431,0.39,1,0.04452900290821811
-112.0256,46.3997,0.0,1,0.010913592442457232
-112.1347,46.3853,0.0,1,0.010234656809097792
-112.8486,45.8475,0.3078277153558052,1,0.025328349729106667
-112.7903,45.9653,0.32282771535580523,1,0.051214866005873466
-112.7792,45.9097,0.365951947211681,1,0.0850695509568439
-112.7819,45.9078,0.33,1,0.0844500473652925
-112.7903,45.9056,0.435,1,0.08043649979952754
-112.1347,46.3853,0.03,1,0.010234656809097792
-112.7867,45.7819,0.4006554307116105,1,0.06499065548215778
-112.7861,45.7819,0.445,1,0.06541789739818712
-112.1347,46.3853,0.03,1,0.010234656809097792
-112.1347,46.3853,0.005,1,0.010234656809097792
-112.1289,46.3472,0.015,1,0.015866203074459826
-112.1289,46.3472,0.015,1,0.015866203074459826
-112.8139,45.9833,0.44,1,0.03168359985859752
-112.8089,45.9811,0.325,1,0.035220995159140955
-112.8036,45.9814,0.405,1,0.04027272650317683
-112.1289,46.3472,0.015,1,0.015866203074459826
-112.8394,45.9656,0.395,1,0.002920359566900136
-112.8392,45.9653,0.325,1,0.003274828239764991
-112.6917,45.85,0.355,1,0.05802991039110928
-112.7053,45.8289,0.45,1,0.05398503959431527
-112.7458,45.8028,0.41780688463583204,1,0.08769008210739458
-112.7733,45.8875,0.26,1,0.08439344346570808
-112.7917,45.8844,0.3,1,0.07006308086288714
-112.7917,45.8847,0.2828277153558052,1,0.07030616829268813
-112.85,45.8481,0.4,1,0.026679304713575637
-112.0981,46.3436,0.01,1,0.009030304535283367
-112.0981,46.3436,0.01,1,0.009030304535283367
-112.0981,46.3436,0.01,1,0.009030304535283367
-112.0903,46.3431,0.005,1,0.015387800362624928
-112.2458,45.9069,0.01,1,0.017638877515302392
-112.1072,46.3214,0.01,1,0.006970365844060368
-112.8328,45.2247,0.23,1,0.048544169577821976
-112.8261,45.2242,0.25,1,0.047121634097299
-112.1072,46.3214,0.01,1,0.006970365844060368
-112.1072,46.3214,0.01,1,0.006970365844060368
-112.2319,45.8989,0.01,1,0.032156243561711734
-112.82,45.2986,0.275,1,0.007293428549041582
-112.8139,45.2875,0.3886124401913876,1,0.017412937718833368
-112.8078,45.2661,0.42419444444444443,1,0.009060706374235845
-112.1072,46.3214,0.01,1,0.006970365844060368
-112.2319,45.8989,0.02,1,0.032156243561711734
-112.6417,45.2972,0.3591944444444444,1,0.07951719562458957
-112.6417,45.3192,0.35202215980024965,1,0.08600339760730107
-112.6361,45.3319,0.35,1,0.09677939036798734
-112.6667,45.35,0.23,1,0.08504036923719935
-112.6542,45.3597,0.3628277153558052,1,0.1005036536649222
-112.6003,45.4278,0.3814193248272196,1,0.05465336586158849
-112.6036,45.4269,0.39919444444444446,1,0.05636561363100709
-112.615,45.4319,0.3,1,0.0561403455635986
-112.5408,45.4325,0.38919444444444445,1,0.06752311011794061
-112.6417,45.4278,0.4306345999916373,1,0.06586932821883043
-112.6514,45.4489,0.3128277153558053,1,0.04687319489857328
-112.5642,45.2183,0.295,1,0.11532167359173917
-112.5417,45.2369,0.3591944444444444,1,0.139478379686594
-112.5181,45.3772,0.3736124401913876,1,0.12501896816083025
-112.5111,45.2183,0.43780688463583206,0,0.1684085342255542
-112.5092,45.2183,0.397806884635832,0,0.17030821589106307
-112.5081,45.2183,0.485,0,0.17140803481750702
-112.5436,45.2092,0.40141932482721954,1,0.13601240531657421
-112.2319,45.8989,0.015,1,0.032156243561711734
-112.2436,45.8892,0.02,1,0.025605390057559067
-112.6911,45.42,0.40282771535580525,1,0.09127554108303403
-112.6967,45.4214,0.37,1,0.09362098269085507
-112.7131,45.4111,0.335,1,0.09030915623567345
-112.7406,45.4386,0.245,1,0.06782325338701475
-112.7003,45.4547,0.245,1,0.0742621195496073
-112.7161,45.4933,0.37280688463583195,1,0.06621166362507191
-112.6844,45.4883,0.33782771535580525,1,0.043840237225631636
-112.6556,45.4944,0.44919444444444445,1,0.018641738116400974
-112.0978,46.3,0.01,1,0.005860853180210263
-112.65,45.4892,0.35,1,0.013711688444546389
-112.6508,45.485,0.42419444444444443,1,0.01622474653115523
-112.6486,45.4819,0.33,1,0.01641902554964962
-112.6472,45.4792,0.345,1,0.0175766435931335
-112.6111,45.4686,0.38282771535580523,1,0.02641178524825434
-112.6133,45.4581,0.37,1,0.034288196219690634
-112.5939,45.4486,0.2928277153558052,1,0.032972934355320775
-112.5803,45.4597,0.28,1,0.02257521649951936
-112.5597,45.4436,0.3656345999916373,1,0.046768006158048
-112.5742,45.4825,0.285,1,0.013662591262265692
-112.5553,45.4608,0.32,1,0.03824905750472319
-112.5069,45.4528,0.31782771535580523,1,0.08565520649673804
-112.5197,45.4464,0.345,1,0.07636783616156487
-112.5717,45.4378,0.3556345999916372,1,0.04609562235179728
-112.7694,45.2744,0.37,1,0.01185578761618772
-112.7781,45.2836,0.275,1,0.019149195805567735
-112.8014,45.2978,0.375,1,0.024223585614016278
-112.7822,45.3556,0.265,1,0.044964453738481056
-112.7842,45.3561,0.4878277153558052,1,0.04290678384592006
-112.8031,45.345,0.265,1,0.03262468543910131
-112.7431,45.3514,0.37419444444444444,1,0.07141204660279629
-112.7278,45.3486,0.37919444444444445,1,0.06525824392365964
-112.7192,45.3386,0.39780688463583197,1,0.05480706523797832
-112.7197,45.335,0.27,1,0.051201410136832604
-112.7322,45.3222,0.43,1,0.040267286970945365
-112.7361,45.3222,0.3591944444444444,1,0.04160769640343166
-112.7303,45.3272,0.37,1,0.04458708781698951
-112.7031,45.3111,0.42919444444444443,1,0.032149811819042695
-112.7344,45.2953,0.35202215980024965,1,0.01836606653586704
-112.7497,45.2819,0.365,1,0.00961840423354356
-112.7097,45.2903,0.41780688463583204,1,0.012247220092738965
-112.7272,45.28,0.28,1,0.008070588578288032
-112.7028,45.2844,0.41280688463583204,1,0.017290413528888823
-112.1111,46.3556,0.02,1,0.00859823819162155
-112.1111,46.3556,0.02,1,0.00859823819162155
-112.1111,46.3556,0.02,1,0.00859823819162155
-111.9806,46.3625,0.0,1,0.02712623084765012
-112.8358,45.4511,0.26,1,0.04949623521036803
-112.8403,45.4489,0.265,1,0.048203996722268015
-112.8389,45.4478,0.245,1,0.046811486838170976
-112.6733,45.2167,0.38419444444444445,1,0.006359433937073848
-112.6917,45.2028,0.40780688463583203,1,0.017409434224005368
-112.7111,45.2328,0.4356345999916373,1,0.036188180390840936
-112.8406,45.4042,0.425,1,0.012109966969395371
-112.8378,45.4006,0.425,1,0.008356560297150848
-111.9806,46.3625,0.0,1,0.02712623084765012
-111.9806,46.3625,0.0,1,0.02712623084765012
-112.0264,45.2356,0.39141932482721953,1,0.016032891192791585
-112.0944,45.24,0.462806884635832,1,0.016891050885014875
-112.1158,45.2197,0.43,1,0.014352546812315955
-112.0942,45.2175,0.4020221598002497,1,0.0074342181835093425
-112.0642,45.215,0.36919444444444444,1,0.0016773789076929306
-112.0133,45.2161,0.455,1,0.006359999999995715
-112.4283,45.2203,0.425,0,0.2512317702839403
-112.4069,45.2106,0.445,0,0.2726188115299506
-112.3914,45.22,0.4191944444444444,0,0.28111006314254133
-112.7372,45.7333,0.42,1,0.049741479672398
-112.7353,45.7256,0.4,1,0.04639765942371466
-112.7031,45.7144,0.375,1,0.015035384930224637
-112.6744,45.73,0.345,1,0.017778211383599966
-112.6753,45.7386,0.365,1,0.023088152806154193
-112.67,45.7428,0.33,1,0.029682870481143115
-112.67,45.7436,0.415,1,0.03029694374025597
-112.6928,45.6747,0.392806884635832,1,0.009913889246909767
-112.6767,45.6675,0.38,1,0.018189945024650725
-112.6567,45.6825,0.405,1,0.006817191503840064
-112.6294,45.7017,0.385,1,0.013704455479875255
-112.6286,45.7014,0.37,1,0.013769753084197856
-112.6764,45.6594,0.395,1,0.023687298284099413
-112.7006,45.6219,0.37780688463583195,1,0.018232007569108234
-112.7194,45.625,0.40563459999163726,1,0.03478120325692977
-112.7264,45.6408,0.38,1,0.03837934470519412
-112.7189,45.6431,0.35702215980024965,1,0.03403843709691105
-112.7194,45.6425,0.43924704018302485,1,0.03480513180552395
-112.7403,45.5917,0.40419444444444447,1,0.04866715627606761
-112.7525,45.6164,0.36919444444444444,1,0.02121193296236717
-112.7908,45.5947,0.3491944444444444,1,0.04754421205572511
-112.8089,45.5919,0.4356554307116105,1,0.06148027407225053
-112.8028,45.5761,0.39419444444444446,1,0.06967590760083726
-112.6739,45.6311,0.38,1,0.011411489823848629
-112.6717,45.6289,0.34,1,0.013895974237159702
-112.6347,45.6478,0.385,1,0.011665028932670131
-112.6292,45.6503,0.28,1,0.007150027971978605
-112.6042,45.6608,0.335,1,0.012320162336601334
-112.6033,45.6597,0.245,1,0.010979544617157368
-112.5867,45.6739,0.255,1,0.0214310149082946
-112.5706,45.6797,0.325,1,0.014751081316300759
-112.5636,45.6803,0.33,1,0.018447612311630068
-112.7556,45.5639,0.38280688463583196,1,0.07072360355637955
-112.6942,45.6175,0.46,1,0.016848682441068345
-112.6942,45.6011,0.415,1,0.023721637801799055
-112.7133,45.5392,0.4,1,0.0593373609119936
-112.7086,45.5436,0.36780688463583205,1,0.056380354734606425
-112.7056,45.5467,0.3728277153558052,1,0.054935729721194905
-112.3436,45.2108,0.4486124401913876,0,0.23453793637703613
-112.2997,45.2317,0.36280688463583194,0,0.18882661782704607
-112.2531,45.2033,0.39,1,0.14714755723423223
-112.3908,45.2369,0.225,0,0.27883050568401224
-112.3917,45.2389,0.4191944444444444,0,0.2779484033053644
-112.3786,45.2486,0.23,0,0.2619787565815261
-112.1872,45.2222,0.335,1,0.07860083714567498
-112.1756,45.2147,0.31,1,0.07002337895303691
-112.1686,45.2131,0.32,1,0.06434557949074798
-112.1561,45.2064,0.33,1,0.056096520391188336
-112.1508,45.2039,0.28,1,0.051628244207992245
-112.1367,45.2153,0.38,1,0.035444288679561724
-112.1333,45.2208,0.365,1,0.03072246083894456
-112.1456,45.2269,0.27,1,0.03764510061083978
-112.1931,45.2375,0.285,1,0.08206901729642269
-112.1961,45.3711,0.465,1,0.07400958654120643
-112.1656,45.3564,0.405,1,0.07941743889095702
-112.1656,45.3542,0.435,1,0.07824250507236293
-112.1625,45.3258,0.425,1,0.06477724600504861
-112.1486,45.3186,0.485,1,0.04993285090999389
-112.1375,45.3142,0.435,1,0.03855297135111389
-112.1333,45.3119,0.44,1,0.03436459806254133
-112.1397,45.2925,0.32,1,0.04569723842859842
-112.1503,45.2578,0.235,1,0.04217143108788621
-112.1961,45.2503,0.3,1,0.08533489087120559
-112.2328,45.2536,0.4,1,0.12218240298831819
-112.0708,45.2961,0.40641932482721954,1,0.03206449126369467
-112.6972,45.5458,0.43280688463583206,1,0.047114842671915555
-112.7008,45.5714,0.43,1,0.04535877092691349
-112.7389,45.5689,0.38419444444444445,1,0.0699329972187633
-112.6708,45.5903,0.452806884635832,1,0.01520026644503323
-112.6597,45.6075,0.40419444444444447,1,0.011367325982833017
-112.6478,45.5875,0.4191944444444444,1,0.029277091727148253
-112.5308,45.545,0.40780688463583203,1,0.01573557752356256
-112.5542,45.5375,0.40780688463583203,1,0.025835680753562417
-112.5475,45.5317,0.37919444444444445,1,0.03428679629244596
-112.56,45.5183,0.397806884635832,1,0.03374484256889403
-112.6028,45.5233,0.41,1,0.008853383533995712
-112.5989,45.5686,0.315,1,0.0059201351335932744
-112.6078,45.5758,0.36,1,0.005539133506240693
-112.58,45.5711,0.38919444444444445,1,0.023681976268890854
-112.6019,45.6056,0.39141932482721953,1,0.032967596212042864
-112.6031,45.6086,0.4070221598002497,1,0.03476435530827344
-112.6097,45.6222,0.37780688463583195,1,0.02382570880373199
-112.6153,45.6322,0.40641932482721954,1,0.01635044036103659
-112.5208,45.6258,0.305,1,0.013475670669760739
-112.5397,45.6047,0.45,1,0.017886989685248583
-112.53,45.5931,0.245,1,0.014262973042117924
-112.5261,45.5842,0.405,1,0.01687413405185554
-112.7428,45.5311,0.3178277153558053,1,0.07065255904778428
-112.7903,45.5436,0.245,1,0.04332128922365913
-112.7919,45.5442,0.355,1,0.043244954619006286
-112.8472,45.5244,0.235,1,0.044064522010336914
-112.8339,45.5197,0.305,1,0.03015818462705608
-112.7522,45.5108,0.42,1,0.056290159886081326
-112.6683,45.5333,0.37641932482721957,1,0.016283500852086342
-112.6814,45.5681,0.37419444444444444,1,0.038848682088325516
-112.6319,45.5686,0.40280688463583203,1,0.01640312165412025
-112.2494,45.7714,0.405,1,0.049442758822706025
-112.2328,45.7811,0.42780688463583205,1,0.052896430881485886
-112.2364,45.7939,0.462806884635832,1,0.042759985968185664
-112.2156,45.8353,0.395,1,0.04499461523338301
-112.2008,45.8342,0.425,1,0.059348794427513785
-112.175,45.8278,0.41641932482721955,1,0.08297994275726699
-112.1675,45.8147,0.375,1,0.07017193812344154
-112.1806,45.8006,0.3814193248272196,1,0.07822178021497096
-112.1811,45.7667,0.365,1,0.07924819808676735
-112.1567,45.7925,0.4356554307116105,1,0.053274880572363674
-112.1233,45.8103,0.382806884635832,1,0.03191878600447934
-112.1225,45.81,0.4141944444444444,1,0.031198892608553196
-112.1456,45.8367,0.43919444444444444,1,0.06645522477578288
-112.14,45.8517,0.32,1,0.07357047301737525
-112.1139,45.8706,0.41702215980024965,1,0.0762407161561373
-112.0022,45.7928,0.257806884635832,1,0.0007125307010913465
-112.03,45.7953,0.42780688463583205,1,0.027797692350259657
-112.0122,45.8131,0.30419444444444443,1,0.02196751465232333
-112.2831,45.3083,0.355,0,0.1572045765873274
-112.2778,45.2992,0.255,0,0.16270999016655693
-112.2519,45.2689,0.3591944444444444,1,0.1432689345252569
-112.3094,45.3606,0.21,1,0.13417688660868748
-112.27,45.3508,0.225,1,0.11425144594271124
-112.2636,45.3639,0.42,1,0.09986720632920539
-112.2494,45.3606,0.447806884635832,1,0.09512011827158517
-112.3875,45.2992,0.345,0,0.2335196199465968
-112.1328,45.4786,0.40780688463583203,1,0.002658364158653448
-112.1278,45.4681,0.41280688463583204,1,0.0072801717012838
-112.1106,45.4639,0.36919444444444444,1,0.02046728120684053
-112.1717,45.4275,0.3028277153558052,1,0.03722948965537463
-112.1439,45.4206,0.385,1,0.02904484980164934
-112.0667,45.4611,0.43280688463583206,1,0.022292545839368887
-112.1314,45.4019,0.37702215980024967,1,0.041274511505291864
-112.0736,45.4311,0.35,1,0.013915045813792893
-112.0631,45.4333,0.34419444444444447,1,0.003700608058147051
-112.0283,45.4311,0.30419444444444443,1,0.014517079596119052
-112.0103,45.4575,0.395,1,0.009222450867318849
-112.1139,45.385,0.32782771535580524,1,0.03125104158264505
-112.1314,45.3908,0.30419444444444443,1,0.04739259013812382
-112.0656,45.3769,0.30919444444444444,1,0.006524078478990131
-112.0519,45.3894,0.395,1,0.006052387958478915
-112.0022,45.4208,0.35202215980024965,1,0.004221670285560936
-112.15,45.3761,0.41,1,0.0683897331476076
-112.1928,45.3939,0.42141932482721955,1,0.052093866241618984
-112.2,45.4008,0.425,1,0.04405897070972417
-112.2058,45.4044,0.30919444444444444,1,0.04021319310872856
-112.2047,45.4111,0.42780688463583205,1,0.03350007313425215
-112.2244,45.4158,0.447806884635832,1,0.034853649737157814
-112.2406,45.4206,0.435,1,0.04312526985423219
-112.2611,45.4286,0.39,1,0.058558252193864554
-112.2558,45.4339,0.265,1,0.05213972477871088
-112.2508,45.4408,0.4286124401913876,1,0.04618658788003452
-112.2611,45.4614,0.33,1,0.05878187560804927
-112.2722,45.4747,0.26,1,0.0728721956578768
-112.2761,45.4858,0.392806884635832,1,0.06759653023639581
-112.3147,45.4953,0.41563459999163727,1,0.09590264282072579
-112.3003,45.4689,0.455,1,0.09697325868505645
-112.3653,45.4519,0.43,1,0.10643357740863246
-112.3442,45.4344,0.41,1,0.1320762749323324
-112.3581,45.4264,0.405,1,0.13251206888431222
-112.3297,45.4431,0.39,1,0.12493900471830865
-112.2858,45.4219,0.405,1,0.08414957456814476
-112.0864,45.7086,0.2981751122827573,1,0.05644763679730107
-112.1347,45.6978,0.2717875524741448,1,0.0313251735829191
-112.1367,45.6944,0.39782771535580524,1,0.02818195344542513
-112.1286,45.7094,0.31419444444444444,1,0.042986096589480625
-112.1472,45.6808,0.37861244019138757,1,0.02063241381903262
-112.0078,45.8383,0.38361244019138757,1,0.04513131617845716
-112.0222,45.8347,0.46780688463583203,1,0.04576264524696613
-112.0314,45.83,0.3591944444444444,1,0.0466975341961429
-112.0572,45.8228,0.36780688463583205,1,0.04646573468697731
-112.0658,45.7944,0.43644015554719284,1,0.021475448772967778
-112.0653,45.7817,0.38,1,0.015785591531531112
-112.085,45.8064,0.415,1,0.015006282017877482
-112.0744,45.7631,0.32317511228275725,1,0.0158395864844984
-112.0383,45.7531,0.46782771535580525,1,0.04891442016419259
-112.0739,45.7442,0.45,1,0.029394007892766895
-112.1161,45.7956,0.41,1,0.016174884852757882
-112.1286,45.7531,0.285,1,0.03513633020109518
-112.1978,45.8681,0.41780688463583204,1,0.0619943820035263
-112.1878,45.8775,0.27,1,0.07441389252014459
-112.2186,45.8928,0.44,1,0.04653519098488993
-112.0819,45.9817,0.46,1,0.0356846255409816
-112.2325,45.8961,0.41,1,0.03226738291215737
-112.2236,45.9125,0.225,1,0.033621427691274554
-112.2386,45.9672,0.255,1,0.0075697093735468575
-112.2414,45.9944,0.325,1,0.02143101490830738
-112.2425,45.9983,0.3,1,0.018657770499183733
-112.1828,45.9264,0.41,1,0.05310648171362597
-112.1628,45.9647,0.245,1,0.06676969671939137
-112.1303,45.9467,0.27,1,0.05721154166775589
-112.1125,45.9408,0.2603999926655324,1,0.03991353780361035
-112.1189,45.9778,0.455,1,0.0551345490595553
-112.1078,45.9622,0.445,1,0.037844292832611086
-112.1081,45.9558,0.395,1,0.03606996673134141
-112.1014,45.9392,0.40780688463583203,1,0.029396981137529157
-112.0458,45.9583,0.4086124401913876,1,0.021778992171353987
-112.0575,45.9333,0.285,1,0.010749441845984996
-112.0944,45.9197,0.395,1,0.03472711476641777
-112.1183,45.9231,0.425,1,0.051194770240729166
-112.1069,45.8936,0.255,1,0.06299878411525361
-112.0606,45.8808,0.475,1,0.02672820233386163
-112.2014,45.9975,0.35280688463583204,1,0.018414570318089046
-112.19,45.9897,0.3591944444444444,1,0.030361824714599993
-112.0839,45.8908,0.42280688463583205,1,0.04101315398747691
-112.0656,45.9072,0.305,1,0.021248534067085736
-112.0447,45.9181,0.4141944444444444,1,0.0038325578925908
-112.0486,45.9233,0.29,1,0.0012854960132129404
-112.0492,45.9256,0.41280688463583204,1,0.0026815853519847957
-112.8039,45.3817,0.377806884635832,1,0.018253002492741015
-112.8381,45.4075,0.26,1,0.01085676286928687
-112.8175,45.4125,0.44,1,0.014117496236941649
-112.8186,45.4042,0.3,1,0.010282572635289538
-112.8181,45.4019,0.31,1,0.0105722892506792
-112.8139,45.395,0.275,1,0.009906669470617717
-112.8181,45.3931,0.295,1,0.013895513664489701
-112.7972,45.3794,0.26,1,0.022038559390308538
-112.7767,45.3881,0.447806884635832,1,0.03092940510258297
-112.7708,45.3972,0.435,1,0.034595521386450945
-112.7647,45.4039,0.38919444444444445,1,0.03973662919774478
-112.7578,45.4083,0.365,1,0.045827543028173594
-112.7542,45.4231,0.3628277153558052,1,0.050224254100977826
-112.7689,45.4139,0.42,1,0.034502807132165074
-112.7986,45.4289,0.397806884635832,1,0.01664414912213943
-112.5367,45.2958,0.397806884635832,0,0.16395880092267096
-112.6006,45.2992,0.315,1,0.11523044042265496
-112.6006,45.3167,0.425,1,0.12392691555912647
-112.595,45.3294,0.40280688463583203,1,0.1331328900009283
-112.4839,45.2494,0.325,0,0.19854766782814895
-112.4803,45.2414,0.44,0,0.2008957749680145
-112.4481,45.2231,0.46,0,0.23151482544321147
-112.3333,45.7019,0.29178755247414484,1,0.006188642823757977
-112.2989,45.6706,0.29,1,0.023813586458156805
-112.3333,45.6242,0.26,1,0.004498044019347309
-112.3614,45.6533,0.295,1,0.005160852642732693
-112.3783,45.6797,0.255,1,0.008198194923276057
-112.3903,45.6797,0.245,1,0.0027448861542848893
-112.4083,45.6706,0.38,1,0.0183124110919272
-112.0125,45.6925,0.285,1,0.0046129058087036965
-112.0164,45.6842,0.395,1,0.0010016985574487663
-112.0139,45.6831,0.245,1,0.0022537524264994294
-112.0172,45.6653,0.38,1,0.006223471699942454
-112.0211,45.6583,0.335,1,0.010523179177413123
-112.0236,45.6514,0.39419444444444446,1,0.015107643760687321
-112.2436,45.8892,0.02,1,0.025605390057559067
-112.0325,45.6378,0.405,1,0.017813932749395127
-112.0339,45.6264,0.35,1,0.007355011896657336
-112.2392,45.7314,0.355,1,0.042550545237398756
-112.2847,45.7417,0.355,1,0.050182137260185083
-112.285,45.7433,0.37,1,0.051763837763439575
-112.2589,45.7189,0.335,1,0.03958862083983386
-112.2675,45.7081,0.42,1,0.025981818643046956
-112.2503,45.7256,0.4,1,0.04391907216687982
-112.3517,45.7386,0.315,1,0.028596090641902362
-112.3589,45.7289,0.315,1,0.023989881200212494
-112.0028,46.3669,0.03,1,0.004507815435442172
-112.2978,45.7128,0.3,1,0.022436820184691255
-112.2794,45.6931,0.29,1,0.008306557650441778
-112.4822,45.5914,0.405,1,0.005193168589598827
-112.5061,45.6142,0.34,1,0.003321505682670725
-112.4967,45.6289,0.39,1,0.0019088216260329037
-112.4886,45.6267,0.37,1,0.0028651352498606283
-112.4653,45.5822,0.28178755247414483,1,0.0051245780314108065
-112.4467,45.6019,0.2,1,0.008450940776030183
-112.4414,45.5758,0.43644015554719284,1,0.02985919121476594
-112.4047,45.6186,0.35,1,0.04443179492210669
-112.4561,45.5553,0.41,1,0.031341558672148426
-112.4844,45.5525,0.265,1,0.031424550911672684
-112.4261,45.5292,0.26,1,0.021262370516943928
-112.4519,45.5003,0.425,1,0.05991001919544593
-112.1931,45.6181,0.395,1,0.014974942403898576
-112.1867,45.625,0.2931751122827573,1,0.021718077723410504
-112.0553,45.6069,0.25,1,0.009981928671353557
-112.2361,45.5694,0.4128277153558052,1,0.018392305456357665
-112.2294,45.5853,0.41,1,0.01446015905859314
-112.1833,45.5936,0.3586124401913875,1,0.009847380362302278
-112.1939,45.6142,0.275,1,0.011469389696057397
-112.4322,45.7006,0.265,1,0.024307537925512504
-112.4444,45.7064,0.31,1,0.010862062419262412
-112.4217,45.6978,0.462806884635832,1,0.03512159449683206
-112.3917,45.7292,0.49,1,0.05210259494496947
-112.3397,45.6719,0.3678277153558052,1,0.0047242353878783954
-112.3472,45.6414,0.25,1,0.014554394525369135
-112.3369,45.6061,0.415,1,0.014650815676953892
-112.3467,45.5903,0.405,1,0.02671582302681792
-112.4247,45.5522,0.415,1,0.012183283629626012
-112.3578,45.5692,0.405,1,0.047820799867834926
-112.3831,45.5758,0.397806884635832,1,0.04242697726683595
-112.3706,45.5411,0.39919444444444446,1,0.043628068946503236
-112.4078,45.5636,0.385,1,0.018054539595354992
-112.22,45.5006,0.32317511228275725,1,0.02784562622746726
-112.2283,45.5228,0.35,1,0.008358402957509304
-112.2492,45.5378,0.392806884635832,1,0.022467596667202782
-112.2411,45.5278,0.37,1,0.01579844612612167
-112.2361,45.5556,0.365,1,0.006118570094385237
-112.2006,45.5617,0.27,1,0.002540649523250294
-112.3314,45.5078,0.365,1,0.09115037246221346
-112.2183,45.5736,0.24,1,0.0026981845748585407
-112.0722,45.5228,0.395,1,0.007025966125739064
-112.0703,45.5278,0.36280688463583205,1,0.009870977661805787
-112.1625,45.4769,0.33,1,0.02693704697994879
-112.1033,45.5125,0.35,1,0.00921366376639252
-112.1408,45.5181,0.335,1,0.011178412230725018
-112.1822,45.4992,0.28027069854156056,1,0.012388805430703543
-112.1425,45.5197,0.37,1,0.011142212527140604
-112.1589,45.5078,0.26317511228275725,1,0.012461416452396058
-112.1192,45.5625,0.301658258350173,1,0.008899713478526479
-112.1761,45.5247,0.41,1,0.009357077535213344
-112.2228,45.4931,0.2674429831857553,1,0.03503451012930278
-112.0589,45.4794,0.375,1,0.012220233221993192
-112.1542,46.2839,0.01,1,0.0021114923632336033
-112.1164,45.4714,0.275,1,0.016733155709543333
-112.1583,45.6556,0.38,1,0.021063174024824768
-112.1764,45.65,0.405,1,0.025206056811806966
-112.1961,45.6611,0.41641932482721955,1,0.030093934604828405
-112.2111,45.6661,0.41780688463583204,1,0.0162955484718934
-112.5122,45.6825,0.245,1,0.006456655480984626
-112.5092,45.6406,0.285,1,0.014213036269575601
-112.5339,45.6944,0.25,1,0.005663258779182012
-112.5336,45.6978,0.45,1,0.002347871376376457
-112.0311,45.6025,0.44,1,0.015634794530149116
-112.025,45.3569,0.445,1,0.021496688117014807
-112.3036,45.5783,0.32,1,0.05035855835903293
-112.3139,45.5583,0.39,1,0.06419849219412972
-112.3044,45.5997,0.4564401555471928,1,0.03418620189491849
-112.2947,45.6275,0.305,1,0.0373010254550758
-112.2697,45.6633,0.42,1,0.033469790856833284
-112.0022,45.4861,0.425,1,0.0032560098279939367
-112.0025,45.4878,0.42780688463583205,1,0.0046092949569331255
-112.0483,45.4811,0.415,1,0.0020080089641213014
-112.4969,45.4628,0.42280688463583205,1,0.08487003240248717
-112.4458,45.4228,0.375,1,0.1278488419970979
-112.455,45.4022,0.465,0,0.1501406487264479
-112.4514,45.3917,0.3,0,0.159379297275397
-112.4458,45.3789,0.41280688463583204,0,0.17071079754953628
-112.4328,45.3875,0.42919444444444443,0,0.16022102358928506
-112.4189,45.3911,0.4,0,0.1555810091238605
-112.4161,45.3914,0.37919444444444445,0,0.1552158767652336
-112.3856,45.4353,0.43280688463583206,1,0.11483661611176342
-112.0767,45.3058,0.4,1,0.021625993618790425
-112.0733,45.2789,0.34,1,0.04283603156222837
-112.0894,45.2661,0.2689806678383128,1,0.03239595036420544
-112.0983,45.2883,0.27,1,0.024908745452152575
-112.1003,45.2692,0.385,1,0.02919502697377958
-112.0672,45.2828,0.29,1,0.04134229795257953
-112.0372,45.2681,0.41,1,0.010159409431654972
-112.0367,45.2786,0.295,1,0.015744002032518176
-112.0492,45.2978,0.46780688463583203,1,0.021816177483691954
-112.0556,45.3067,0.395,1,0.014792822583942192
-112.0636,45.3158,0.34,1,0.01570661007346038
-112.0583,45.32,0.41,1,0.009948045034076035
-112.0192,45.3275,0.44,1,0.017077851152886524
-112.0019,45.3244,0.415,1,0.0008769264507225653
-112.0233,45.3522,0.405,1,0.01917945776084784
-112.0208,45.3625,0.29,1,0.028496519085677657
-112.0439,45.3539,0.375,1,0.015562441967763766
-112.065,45.3539,0.375,1,0.0283971054862967
-112.1092,45.3464,0.39,1,0.034743310147422206
-112.1208,45.3528,0.455,1,0.04522328603717219
-112.09,45.3664,0.405,1,0.0287983610644768
-112.0939,45.3686,0.415,1,0.02776450251670211
-112.0636,45.3269,0.4636124401913876,1,0.01416882493363889
-112.5169,45.2514,0.4978277153558052,0,0.1665613892833412
-112.6222,45.3572,0.415,1,0.1223440002615487
-112.5689,45.3522,0.43780688463583206,1,0.13017639724619587
-112.5253,45.3225,0.462806884635832,0,0.17037018635899992
-112.4775,45.3042,0.375,0,0.20837446676595855
-112.4411,45.2686,0.27317511228275726,0,0.24428791292242832
-112.4122,45.2733,0.3031751122827573,0,0.26901839137873396
-112.405,45.2889,0.32419444444444445,0,0.25364254946677
-112.4028,45.2914,0.2881751122827573,0,0.25037196508395376
-112.4411,45.3169,0.2941944444444444,0,0.22009959654665073
-112.4408,45.3242,0.36202215980024977,0,0.21491710122742919
-112.4486,45.3347,0.31919444444444445,0,0.20192761673431392
-112.4358,45.3447,0.47,0,0.20308642593732767
-112.435,45.3628,0.43,0,0.18500944408326592
-112.4364,45.3706,0.375,0,0.17743491877304812
-112.4,45.3589,0.26,0,0.1882124979909672
-112.3981,45.3717,0.40780688463583203,0,0.1756104165475401
-112.3514,45.3408,0.35,0,0.17965187697321858
-112.3533,45.3103,0.47,0,0.20024397843631464
-112.3381,45.29,0.4,0,0.2041520239919283
-112.3525,45.2586,0.395,0,0.23752926745982886
-112.3208,45.2544,0.42141932482721955,0,0.2100005228564991
-112.3086,45.2931,0.385,0,0.18366523595933995
-112.3217,45.3494,0.445,0,0.15078350340803925
-112.3181,45.3403,0.42919444444444443,0,0.15402006005712868
-112.2922,45.3286,0.25,1,0.14525840732983242
-112.1292,46.2889,0.0,1,0.0036210771877977772
-112.1292,46.2889,0.01,1,0.0036210771877977772
-112.1292,46.2889,0.005,1,0.0036210771877977772
-111.9386,46.2783,0.015,1,0.007160649411894615
-111.9386,46.2783,0.015,1,0.007160649411894615
-112.0064,46.3647,0.0,1,0.0019282375372329267
-112.0531,46.3303,0.03,1,0.03482134977280144
-112.0461,46.3361,0.0,1,0.028964226210963877
-112.0461,46.3361,0.01,1,0.028964226210963877
-112.0461,46.3361,0.0,1,0.028964226210963877
-111.9386,46.2783,0.02,1,0.007160649411894615
-112.0461,46.3361,0.0,1,0.028964226210963877
-111.9386,46.2783,0.015,1,0.007160649411894615
-111.9753,46.2747,0.01,1,0.010444084450058953
-111.95,46.2528,0.02,1,0.0030276888875854766
-112.0544,46.3414,0.0,1,0.02407277300187642
-112.0542,46.3433,0.0,1,0.02217567135398271
-112.0542,46.3433,0.005,1,0.02217567135398271
-112.0542,46.3433,0.0,1,0.02217567135398271
-112.0542,46.3433,0.0,1,0.02217567135398271
-111.95,46.2528,0.02,1,0.0030276888875854766
-111.95,46.2528,0.02,1,0.0030276888875854766
-112.0522,46.3014,0.0,1,0.03845683814356167
-112.0547,46.3028,0.06,1,0.03782219454235844
-112.0547,46.3028,0.0,1,0.03782219454235844
-112.0547,46.3028,0.06,1,0.03782219454235844
-112.0556,46.2897,0.03,1,0.028274270989721514
-112.0533,46.2894,0.0,1,0.030047003178360458
-112.0533,46.2894,0.0,1,0.030047003178360458
-112.2436,45.8892,0.02,1,0.025605390057559067
-112.0533,46.2894,0.0,1,0.030047003178360458
-112.0533,46.2894,0.63,1,0.030047003178360458
-112.0711,46.6853,0.02,1,0.0021786234185819315
-112.0711,46.6853,0.02,1,0.0021786234185819315
-112.0711,46.6853,0.015,1,0.0021786234185819315
-112.225,46.6903,0.02,1,0.021045039795639604
-112.225,46.6903,0.02,1,0.021045039795639604
-112.1472,45.8806,0.01,1,0.09958515200570957
-112.1472,45.8806,0.015,1,0.09958515200570957
-112.1472,45.8806,0.01,1,0.09958515200570957
-112.225,46.6903,0.02,1,0.021045039795639604
-112.225,46.6903,0.02,1,0.021045039795639604
-112.1872,46.7081,0.02,1,0.039598233546461095
-112.1617,46.5817,0.02,1,0.005587020672947166
-112.1836,45.9261,0.01,1,0.05246408676418545
-112.1617,46.5817,0.02,1,0.005587020672947166
-112.1617,46.5817,0.02,1,0.005587020672947166
-112.1764,45.9319,0.02,1,0.05766448126879917
-112.5681,45.7967,0.01,1,0.013300593971701188
-112.5681,45.7967,0.01,1,0.013300593971701188
-112.1764,45.9319,0.02,1,0.05766448126879917
-112.5681,45.7967,0.01,1,0.013300593971701188
-112.1764,45.9319,0.02,1,0.05766448126879917
-112.5681,45.7967,0.01,1,0.013300593971701188
-112.6025,45.7558,0.005,1,0.015126480092880123
-112.5967,45.7644,0.02,1,0.007275877953900628
-112.5244,45.7697,0.01,1,0.015145705661997447
-112.5278,45.7661,0.0,1,0.010681217159102696
-112.5278,45.7661,0.0,1,0.010681217159102696
-112.5278,45.7661,0.0,1,0.010681217159102696
-112.5278,45.7661,0.01,1,0.010681217159102696
-112.5922,45.765,0.01,1,0.0031000645154644316
-112.5636,45.7756,0.01,1,0.0020436242316033593
-112.5636,45.7756,0.01,1,0.0020436242316033593
-112.5636,45.7756,0.01,1,0.0020436242316033593
-112.5636,45.7756,0.01,1,0.0020436242316033593
-112.5164,45.7961,0.02,1,0.007261990085377111
-112.5206,45.8206,0.015,1,0.009863974858041118
-112.6972,46.1917,0.025,1,0.025225384040688855
-112.6972,46.1917,0.0,1,0.025225384040688855
-112.6972,46.1917,0.0,1,0.025225384040688855
-112.6444,46.2042,0.005,1,0.0007308214556283987
-112.6444,46.2042,0.005,1,0.0007308214556283987
-112.6444,46.2042,0.03,1,0.0007308214556283987
-112.5403,46.1569,0.005,1,0.07725084465557551
-112.1944,45.9703,0.02,1,0.04585708669333467
-112.5431,46.1583,0.055,1,0.07489203562462896
-112.5431,46.1583,0.015,1,0.07489203562462896
-112.1944,45.9703,0.02,1,0.04585708669333467
-112.1944,45.9703,0.02,1,0.04585708669333467
-112.1772,45.9797,0.02,1,0.04601704466825228
-112.1772,45.9797,0.02,1,0.04601704466825228
-112.1772,45.9797,0.02,1,0.04601704466825228
-112.4736,46.2944,0.005,1,0.02771703627735495
-112.5431,46.1583,0.01,1,0.07489203562462896
-112.5681,46.1556,0.015,1,0.05022689518574698
-112.0642,46.2042,0.01,1,0.05701558032678399
-112.0642,46.2042,0.005,1,0.05701558032678399
-112.0642,46.2042,0.005,1,0.05701558032678399
-112.1986,46.2847,0.005,1,0.004814145822471508
-112.1986,46.2847,0.03,1,0.004814145822471508
-112.3628,46.0933,0.0,1,0.06731114097977633
-112.0642,46.2042,0.025,1,0.05701558032678399
-112.0617,46.2306,0.06,1,0.03144847214094617
-112.0617,46.2306,0.005,1,0.03144847214094617
-112.0617,46.2306,0.005,1,0.03144847214094617
-112.3628,46.0933,0.005,1,0.06731114097977633
-112.0708,46.2814,0.005,1,0.01116567955835555
-112.3628,46.0933,0.0,1,0.06731114097977633
-112.4736,46.2944,0.01,1,0.02771703627735495
-112.0389,46.2886,0.0,1,0.031094925631044407
-112.4736,46.2944,0.01,1,0.02771703627735495
-112.3503,46.3725,0.0,1,0.0027734635386056565
-112.0389,46.2886,0.0,1,0.031094925631044407
-112.0389,46.2886,0.0,1,0.031094925631044407
-112.4333,46.0375,0.005,1,0.00991112506227081
-112.0361,46.2911,0.0,1,0.034346941639684866
-112.4494,46.1958,0.0,1,0.0052209003055021935
-112.1486,46.2556,0.0,1,0.03087238895842105
-112.1269,46.2856,0.005,1,0.004859238623480143
-112.1269,46.2856,0.015,1,0.004859238623480143
-112.035,46.2981,0.0,1,0.04132575952115033
-112.1269,46.2856,0.005,1,0.004859238623480143
-112.3503,46.3725,0.0,1,0.0027734635386056565
-112.0278,46.3056,0.005,1,0.0362638235711549
-112.0278,46.3056,0.06,1,0.0362638235711549
-112.0278,46.3056,0.03,1,0.0362638235711549
-112.0347,46.2625,0.0,1,0.013593248324078856
-112.0375,46.2597,0.01,1,0.010319321683142844
-112.0278,46.3056,0.0,1,0.0362638235711549
-112.0375,46.2597,0.005,1,0.010319321683142844
-112.0375,46.2597,0.025,1,0.010319321683142844
-112.3694,46.475,0.005,1,0.007676594296952379
-112.7083,46.1792,0.005,1,0.025675669416785098
-112.7083,46.1792,0.015,1,0.025675669416785098
-112.0306,46.3056,0.0,1,0.03820618928917462
-112.3694,46.475,0.0,1,0.007676594296952379
-112.0317,46.3097,0.0,1,0.03630260183512801
-112.3694,46.475,0.0,1,0.007676594296952379
-112.5611,46.1861,0.0,1,0.0699556438037738
-112.5611,46.1861,0.005,1,0.0699556438037738
-112.5611,46.1861,0.005,1,0.0699556438037738
-112.6569,46.2158,0.03,1,0.013578604493833572
-112.6569,46.2158,0.0,1,0.013578604493833572
-112.6569,46.2158,0.0,1,0.013578604493833572
-112.6472,46.2319,0.03,1,0.02425026391608812
-112.6472,46.2319,0.005,1,0.02425026391608812
-112.6472,46.2319,0.0,1,0.02425026391608812
-112.0903,46.4208,0.0,1,0.0014224275025451886
-112.0903,46.4208,0.01,1,0.0014224275025451886
-112.0903,46.4208,0.025,1,0.0014224275025451886
-112.0175,46.4611,0.03,1,0.031195127824709956
-112.0175,46.4611,0.005,1,0.031195127824709956
-112.0175,46.4611,0.06,1,0.031195127824709956
-112.0056,46.4653,0.005,1,0.020323936626547592
-112.0056,46.4653,0.015,1,0.020323936626547592
-112.0056,46.4653,0.025,1,0.020323936626547592
-112.0075,46.4625,0.0,1,0.022349237123435978
-112.0075,46.4625,0.0,1,0.022349237123435978
-112.0075,46.4625,0.0,1,0.022349237123435978
-111.9944,46.4647,0.025,1,0.009122192718854562
-112.0167,46.4806,0.01,1,0.016385756009410515
-112.0167,46.4806,0.01,1,0.016385756009410515
-112.0167,46.4806,0.005,1,0.016385756009410515
-112.7244,45.9111,0.0,1,0.08837662643481983
-112.7244,45.9111,0.0,1,0.08837662643481983
-112.7244,45.9111,0.0,1,0.08837662643481983
-112.7244,45.9111,0.02,1,0.08837662643481983
-112.7167,45.8794,0.03,1,0.07521804371292681
-112.7167,45.8794,0.005,1,0.07521804371292681
-112.7167,45.8794,0.04,1,0.07521804371292681
-112.7167,45.8794,0.01,1,0.07521804371292681
-112.7389,45.8744,0.035,1,0.09760080993516018
-112.7383,45.8522,0.0,1,0.09424789918083264
-112.6939,45.8469,0.005,1,0.05688877305760806
-112.6939,45.8469,0.01,1,0.05688877305760806
-112.6939,45.8469,0.055,1,0.05688877305760806
-112.6833,45.7975,0.01,1,0.0257170857602585
-112.6833,45.7975,0.015,1,0.0257170857602585
-112.6833,45.7975,0.01,1,0.0257170857602585
-112.7197,46.4883,0.015,1,0.1453551856660161
-112.7197,46.4883,0.02,1,0.1453551856660161
-112.7197,46.4883,0.02,1,0.1453551856660161
-112.7075,46.4708,0.02,1,0.12484045818563608
-112.7075,46.4708,0.02,1,0.12484045818563608
-112.7075,46.4708,0.02,1,0.12484045818563608
-112.6792,46.4414,0.02,1,0.08464827228006468
-112.6792,46.4414,0.02,1,0.08464827228006468
-112.6792,46.4414,0.02,1,0.08464827228006468
-112.6283,46.4022,0.02,1,0.02093083849252171
-112.6283,46.4022,0.02,1,0.02093083849252171
-112.6283,46.4022,0.02,1,0.02093083849252171
-112.7194,46.3686,0.01,1,0.05291715506336509
-112.7194,46.3686,0.01,1,0.05291715506336509
-112.7194,46.3686,0.005,1,0.05291715506336509
-112.7194,46.2986,0.01,1,0.025464196433426067
-112.7194,46.2986,0.015,1,0.025464196433426067
-112.7194,46.2986,0.01,1,0.025464196433426067
-112.6644,45.9389,0.005,1,0.0566228937798162
-112.6644,45.9389,0.01,1,0.0566228937798162
-112.6644,45.9389,0.01,1,0.0566228937798162
-112.7258,45.7708,0.01,1,0.06245382934616793
-112.7258,45.7708,0.02,1,0.06245382934616793
-112.7258,45.7708,0.02,1,0.06245382934616793
-112.5597,45.9556,0.005,1,0.026244389876697114
-112.5608,45.9564,0.005,1,0.025489017242722723
-112.5608,45.9564,0.01,1,0.025489017242722723
-112.5608,45.9564,0.01,1,0.025489017242722723
-112.5608,45.9564,0.01,1,0.025489017242722723
-111.9611,46.4408,0.0,1,0.004188364836070316
-112.1194,46.4639,0.01,1,0.012345638906103525
-112.1194,46.4639,0.0,1,0.012345638906103525
-112.1194,46.4639,0.03,1,0.012345638906103525
-112.1178,46.4603,0.0,1,0.010003139507173204
-112.0,46.1458,0.005,1,0.02589044997677104
-111.9792,46.1264,0.01,1,0.04370390600392731
-111.9792,46.1264,0.01,1,0.04370390600392731
-111.9792,46.1264,0.01,1,0.04370390600392731
-111.9411,46.0833,0.025,1,0.09469315128349412
-111.9411,46.0833,0.015,1,0.09469315128349412
-111.9411,46.0833,0.025,1,0.09469315128349412
-111.9722,46.0306,0.015,1,0.10670343434022853
-111.9722,46.0306,0.025,1,0.10670343434022853
-111.9722,46.0306,0.03,1,0.10670343434022853
-111.9722,46.0292,0.005,1,0.10530879782810244
-111.9722,46.0292,0.01,1,0.10530879782810244
-111.9722,46.0292,0.01,1,0.10530879782810244
-112.0861,46.2306,0.005,1,0.04378280941191306
-112.05,46.2194,0.005,1,0.0394624935856823
-112.05,46.2208,0.005,1,0.03806479213131556
-112.1414,46.1958,0.005,1,0.009405551552151222
-112.1847,46.2139,0.03,1,0.029687040943811152
-112.3169,46.3561,0.005,1,0.021580187672956108
-112.3303,46.3392,0.0,1,0.01928134072102853
-112.3206,46.3217,0.005,1,0.022620974780058027
-112.3033,46.3042,0.03,1,0.006886980470431784
-112.2822,46.2919,0.015,1,0.0024968780506875302
-112.2733,46.2867,0.005,1,0.0012092973166239415
-112.1861,46.2533,0.005,1,0.0019226024029929836
-112.1861,46.2533,0.025,1,0.0019226024029929836
-112.1861,46.2533,0.0,1,0.0019226024029929836
-112.1861,46.2533,0.0,1,0.0019226024029929836
-112.1833,46.2603,0.0,1,0.0023984161440339423
-112.1639,46.3125,0.0,1,0.004649397810474008
-112.1639,46.3125,0.0,1,0.004649397810474008
-112.1639,46.3125,0.0,1,0.004649397810474008
-112.1639,46.3125,0.0,1,0.004649397810474008
-112.1944,46.3,0.055,1,0.005650035398114535
-112.1986,46.2847,0.03,1,0.004814145822471508
-112.1986,46.2847,0.0,1,0.004814145822471508
-112.2183,46.27,0.0,1,0.01649513867780609
-112.2183,46.27,0.015,1,0.01649513867780609
-112.2183,46.27,0.0,1,0.01649513867780609
-112.2181,46.3606,0.0,1,0.004817488972481947
-112.2222,46.3606,0.0,1,0.0032274138253440728
-112.2139,46.3492,0.0,1,0.007917600646655566
-112.2139,46.3492,0.0,1,0.007917600646655566
-112.2139,46.3492,0.0,1,0.007917600646655566
-112.2139,46.3492,0.03,1,0.007917600646655566
-112.2394,46.2861,0.0,1,0.0055999464283149405
-112.35,46.2161,0.005,1,0.02887792236293893
-112.35,46.2161,0.02,1,0.02887792236293893
-112.35,46.2161,0.01,1,0.02887792236293893
-112.35,46.2161,0.01,1,0.02887792236293893
-112.3444,46.2064,0.005,1,0.02928013831934539
-112.4047,46.0797,0.0,1,0.040602664937167285
-112.3628,46.0933,0.03,1,0.06731114097977633
-112.3681,46.0906,0.0,1,0.06535848605957517
-112.3681,46.0906,0.01,1,0.06535848605957517
-112.3681,46.0906,0.005,1,0.06535848605957517
-112.3681,46.0906,0.0,1,0.06535848605957517
-112.3389,46.2375,0.0,1,0.0063182592539413425
-112.3486,46.2269,0.015,1,0.018307331864583387
-112.3486,46.2269,0.02,1,0.018307331864583387
-112.3486,46.2269,0.02,1,0.018307331864583387
-112.3417,46.1833,0.005,1,0.006780597318817295
-112.3389,46.1764,0.0,1,0.005636177782857737
-112.3461,46.1903,0.03,1,0.01327797047744881
-112.3417,46.1931,0.0,1,0.016221729254303124
-112.3478,46.1711,0.0,1,0.006869970887862722
-112.3575,46.1656,0.0,1,0.0173772984091406
-112.3575,46.1656,0.03,1,0.0173772984091406
-112.3575,46.1656,0.01,1,0.0173772984091406
-112.3575,46.1656,0.005,1,0.0173772984091406
-112.4103,46.1528,0.0,1,0.034879393630050895
-112.3492,46.1444,0.0,1,0.033057260927069225
-112.3492,46.1444,0.06,1,0.033057260927069225
-112.3492,46.1444,0.0,1,0.033057260927069225
-112.4125,46.12,0.005,1,0.04609476868365857
-112.4125,46.12,0.01,1,0.04609476868365857
-112.4125,46.12,0.005,1,0.04609476868365857
-112.4139,46.1119,0.0,1,0.046196468479739954
-112.4242,46.1022,0.005,1,0.04073248948934222
-112.4208,46.0944,0.01,1,0.04805633881185043
-112.4458,46.0536,0.005,1,0.017475471381338734
-112.4458,46.0536,0.0,1,0.017475471381338734
-112.4458,46.0536,0.0,1,0.017475471381338734
-112.4458,46.0536,0.01,1,0.017475471381338734
-112.4333,46.0375,0.005,1,0.00991112506227081
-112.4333,46.0375,0.005,1,0.00991112506227081
-112.4333,46.0375,0.0,1,0.00991112506227081
-112.4294,46.0436,0.01,1,0.014456292747455395
-112.4733,46.0067,0.0,1,0.007086049675244074
-112.4733,46.0067,0.025,1,0.007086049675244074
-112.4733,46.0067,0.0,1,0.007086049675244074
-112.4733,46.0067,0.015,1,0.007086049675244074
-112.4572,46.1217,0.0,1,0.0028958073140289077
-112.4739,46.1436,0.01,1,0.024728681727910505
-112.4708,46.1506,0.0,1,0.029044718969205043
-112.4644,46.1536,0.01,1,0.029870850339420933
-112.4392,46.1753,0.0,1,0.020048506178766013
-112.4392,46.1753,0.01,1,0.020048506178766013
-112.4392,46.1753,0.015,1,0.020048506178766013
-112.4392,46.1753,0.025,1,0.020048506178766013
-112.4447,46.1772,0.01,1,0.021231829878745907
-112.4472,46.175,0.0,1,0.024142530936090253
-112.4439,46.1881,0.005,1,0.011062811577533338
-112.4761,46.2081,0.005,1,0.016026606003767964
-112.4694,46.2033,0.005,1,0.014445348732373508
-112.4694,46.2033,0.01,1,0.014445348732373508
-112.4694,46.2033,0.005,1,0.014445348732373508
-112.4694,46.2033,0.01,1,0.014445348732373508
-112.4403,46.2144,0.015,1,0.013363188242331936
-112.4361,46.2244,0.01,1,0.024177319950733744
-112.4597,46.2339,0.02,1,0.018343502937007903
-112.4597,46.2314,0.01,1,0.015866130593187738
-112.4214,46.2439,0.01,1,0.023863949798809632
-112.1375,46.2486,0.0,1,0.036644901418881944
-112.1375,46.2486,0.0,1,0.036644901418881944
-112.1375,46.2486,0.0,1,0.036644901418881944
-112.1403,46.2653,0.015,1,0.020494262611759736
-112.1403,46.2653,0.0,1,0.020494262611759736
-112.1403,46.2653,0.0,1,0.020494262611759736
-112.1486,46.2556,0.0,1,0.03087238895842105
-112.1486,46.2556,0.0,1,0.03087238895842105
-112.0694,46.2569,0.005,1,0.019426435596886626
-112.0667,46.2278,0.0,1,0.03631757701168553
-112.0667,46.2278,0.0,1,0.03631757701168553
-112.0667,46.2278,0.0,1,0.03631757701168553
-112.6081,46.4278,0.02,1,0.03371201566207126
-112.6081,46.4278,0.02,1,0.03371201566207126
-112.6081,46.4278,0.02,1,0.03371201566207126
-112.5333,46.4836,0.02,1,0.015285028622806087
-112.5333,46.4836,0.02,1,0.015285028622806087
-112.5333,46.4836,0.02,1,0.015285028622806087
-112.5194,46.4644,0.02,1,0.036529496300937124
-112.5625,46.4667,0.02,1,0.04449343884214995
-112.5625,46.4667,0.02,1,0.04449343884214995
-112.5625,46.4667,0.02,1,0.04449343884214995
-112.6767,46.1756,0.0,1,0.038990133367301366
-112.6767,46.1756,0.015,1,0.038990133367301366
-112.6767,46.1756,0.0,1,0.038990133367301366
-112.2333,46.2375,0.01,1,0.02282543537372157
-112.2328,46.2361,0.0,1,0.02370777298693419
-112.2328,46.2361,0.0,1,0.02370777298693419
-112.2328,46.2361,0.0,1,0.02370777298693419
-112.2328,46.2361,0.03,1,0.02370777298693419
-112.1125,46.1911,0.005,1,0.01757744008665934
-112.1125,46.1911,0.01,1,0.01757744008665934
-112.1125,46.1911,0.005,1,0.01757744008665934
-112.1125,46.1911,0.0,1,0.01757744008665934
-112.1167,46.1458,0.0,1,0.04451890834241354
-112.1089,46.1314,0.0,1,0.04345855957114775
-112.1111,46.1208,0.01,1,0.03838403834929425
-112.1111,46.1208,0.01,1,0.03838403834929425
-112.1111,46.1208,0.01,1,0.03838403834929425
-112.1111,46.1208,0.01,1,0.03838403834929425
-112.12,46.1111,0.03,1,0.029190587524053686
-112.1244,46.1167,0.005,1,0.024669543976328537
-112.1244,46.1167,0.0,1,0.024669543976328537
-112.1333,46.1083,0.005,1,0.01689829577205036
-112.1333,46.1083,0.0,1,0.01689829577205036
-112.1333,46.1083,0.03,1,0.01689829577205036
-112.1333,46.1083,0.0,1,0.01689829577205036
-112.1764,46.1125,0.0,1,0.015462289610535085
-112.1819,46.1036,0.0,1,0.025915678652119332
-112.1819,46.1036,0.0,1,0.025915678652119332
-112.1819,46.1036,0.0,1,0.025915678652119332
-112.1819,46.1036,0.0,1,0.025915678652119332
-112.1253,46.0667,0.0,1,0.05343362611689834
-112.1194,46.0711,0.0,1,0.05260443327325075
-112.0961,46.0536,0.01,1,0.0807297615504882
-112.1,46.0833,0.01,1,0.058126847497521554
-112.1,46.0833,0.015,1,0.058126847497521554
-112.1,46.0833,0.01,1,0.058126847497521554
-112.1,46.0833,0.01,1,0.058126847497521554
-112.1794,45.9856,0.005,1,0.04011840475392826
-112.1794,45.9856,0.06,1,0.04011840475392826
-112.1794,45.9856,0.005,1,0.04011840475392826
-112.2306,45.9153,0.01,1,0.029666149059150135
-112.2306,45.9153,0.005,1,0.029666149059150135
-112.2306,45.9153,0.01,1,0.029666149059150135
-112.2292,45.9167,0.01,1,0.0284018379686923
-112.2292,45.9167,0.01,1,0.0284018379686923
-112.2292,45.9167,0.01,1,0.0284018379686923
-112.2644,45.92,0.005,1,0.0024226019070485148
-112.2806,45.9533,0.005,1,0.0056540604878316195
-112.2806,45.9533,0.0,1,0.0056540604878316195
-112.2806,45.9533,0.0,1,0.0056540604878316195
-112.2806,45.9533,0.0,1,0.0056540604878316195
-112.2722,45.9772,0.0,1,0.019694730259643155
-112.2722,45.9772,0.09760587936500538,1,0.019694730259643155
-112.2722,45.9772,0.0,1,0.019694730259643155
-112.2608,45.9781,0.0,1,0.023812192255224785
-112.2608,45.9781,0.0,1,0.023812192255224785
-112.2608,45.9781,0.0,1,0.023812192255224785
-112.2369,45.9911,0.0,1,0.02300018260797026
-112.2369,45.9911,0.0,1,0.02300018260797026
-112.2369,45.9911,0.005,1,0.02300018260797026
-112.2417,45.9944,0.0,1,0.021568736634304957
-112.2319,45.9725,0.195,1,0.016054983649948392
-112.2319,45.9725,0.0,1,0.016054983649948392
-112.2319,45.9725,0.625,1,0.016054983649948392
-112.2389,45.9667,0.0,1,0.006998178334399275
-112.2958,45.9739,0.0,1,0.013580058910039584
-112.3031,45.9803,0.005,1,0.0038765964453423675
-112.3031,45.9803,0.0,1,0.0038765964453423675
-112.3031,45.9803,0.66,1,0.0038765964453423675
-112.305,45.9856,0.0,1,0.002390334704592256
-112.305,45.9856,0.0,1,0.002390334704592256
-112.305,45.9856,0.0,1,0.002390334704592256
-112.3014,45.965,0.0,1,0.016374932060931564
-112.3014,45.965,0.01,1,0.016374932060931564
-112.3014,45.965,0.0,1,0.016374932060931564
-112.3014,45.965,0.0,1,0.016374932060931564
-112.3192,45.9678,0.01,1,0.0036592485567437808
-112.3192,45.9678,0.0,1,0.0036592485567437808
-112.3192,45.9678,0.01,1,0.0036592485567437808
-112.3192,45.9678,0.0,1,0.0036592485567437808
-112.3231,45.9811,0.01,1,0.011010726588188788
-112.3231,45.9811,0.01,1,0.011010726588188788
-112.3231,45.9811,0.01,1,0.011010726588188788
-112.3328,45.9867,0.0,1,0.021296903530795486
-112.3361,45.9958,0.0,1,0.02544972298473713
-112.3639,45.9961,0.0,1,0.013756104099636002
-112.3639,45.9961,0.06,1,0.013756104099636002
-112.3639,45.9961,0.0,1,0.013756104099636002
-112.3639,45.9961,0.0,1,0.013756104099636002
-112.3389,45.9828,0.0,1,0.019492572944587408
-112.3389,45.9828,0.03,1,0.019492572944587408
-112.3389,45.9828,0.0,1,0.019492572944587408
-112.3389,45.9828,0.0,1,0.019492572944587408
-112.3528,45.9844,0.005,1,0.005652114648513838
-112.3528,45.9844,0.01,1,0.005652114648513838
-112.3528,45.9844,0.01,1,0.005652114648513838
-112.3589,45.9708,0.255,1,0.012710641211208403
-112.3589,45.9522,0.005,1,0.02689828247304188
-112.3625,45.9411,0.06,1,0.027199624997416322
-112.3944,45.9283,0.0,1,0.011177405781307896
-112.3944,45.9283,0.0,1,0.011177405781307896
-112.3944,45.9283,0.0,1,0.011177405781307896
-112.3711,45.9253,0.0,1,0.029594465698841593
-112.3586,45.925,0.015,1,0.024449466251834785
-112.3586,45.925,0.01,1,0.024449466251834785
-112.3586,45.925,0.02,1,0.024449466251834785
-112.3394,45.925,0.0,1,0.005356155337546984
-112.3625,45.9367,0.03,1,0.029758151824331888
-112.35,45.8744,0.01,1,0.03844081684875876
-112.35,45.8744,0.0,1,0.03844081684875876
-112.35,45.8744,0.0,1,0.03844081684875876
-112.3397,45.8972,0.02,1,0.02716671492838237
-112.3397,45.8972,0.02,1,0.02716671492838237
-112.3397,45.8972,0.02,1,0.02716671492838237
-112.4,46.2528,0.02,1,0.028277271792023884
-112.4,46.2528,0.02,1,0.028277271792023884
-112.4,46.2528,0.02,1,0.028277271792023884
-112.4264,46.2764,0.0,1,0.007438554967194488
-112.4417,46.2689,0.0,1,0.008996226986913531
-112.4333,46.2514,0.005,1,0.016920582141287794
-112.4333,46.2514,0.01,1,0.016920582141287794
-112.4333,46.2514,0.01,1,0.016920582141287794
-112.4333,46.2514,0.01,1,0.016920582141287794
-112.4417,46.2528,0.005,1,0.020515216303996855
-112.4556,46.2542,0.005,1,0.02294362874525555
-112.4764,46.2611,0.01,1,0.0063214001613588824
-112.4792,46.2625,0.01,1,0.004670770814326995
-112.4889,46.2639,0.025,1,0.010927950402525387
-112.2722,46.2611,0.01,1,0.00748828418264104
-112.2681,46.2597,0.04,1,0.0036824584179608114
-112.3611,46.2667,0.02,1,0.0307748013803488
-112.3611,46.2667,0.02,1,0.0307748013803488
-112.3611,46.2667,0.02,1,0.0307748013803488
-112.3825,46.2681,0.01,1,0.027509963649566028
-112.3931,46.2675,0.02,1,0.020234873362587925
-112.3389,46.3403,0.03,1,0.01440458607528
-112.3389,46.3403,0.005,1,0.01440458607528
-112.3389,46.3403,0.015,1,0.01440458607528
-112.2556,46.3028,0.0,1,0.0027217090219173526
-112.2556,46.3028,0.005,1,0.0027217090219173526
-112.2556,46.3028,0.005,1,0.0027217090219173526
-112.3678,46.3533,0.0,1,0.020361053509094795
-112.3661,46.355,0.06,1,0.017957352254723287
-112.3503,46.3725,0.015,1,0.0027734635386056565
-112.3339,46.3858,0.0,1,0.02086370293117509
-112.3147,46.3964,0.005,1,0.006207422975760125
-112.3075,46.3983,0.04,1,0.007258932428403029
-112.2928,46.3944,0.06,1,0.004367436318944824
-112.2928,46.3944,0.0,1,0.004367436318944824
-112.2928,46.3944,0.005,1,0.004367436318944824
-112.2981,46.3931,0.0,1,0.005593969967741795
-112.2833,46.4556,0.06,1,0.007701824459173357
-112.2833,46.4556,0.005,1,0.007701824459173357
-112.2833,46.4556,0.06,1,0.007701824459173357
-112.2781,46.4967,0.0,1,0.01694839520426875
-112.2864,46.4767,0.025,1,0.004426522337002419
-112.2864,46.4767,0.025,1,0.004426522337002419
-112.2864,46.4767,0.015,1,0.004426522337002419
-112.2811,46.4725,0.67,1,0.0024035390573102946
-112.2783,46.4772,0.0,1,0.006426670988935693
-112.35,46.4772,0.005,1,0.01119866063420913
-112.3444,46.4708,0.0,1,0.014132094678418652
-112.3497,46.4589,0.005,1,0.006953330137417515
-112.3264,46.4639,0.015,1,0.010750167440549277
-112.3264,46.4639,0.005,1,0.010750167440549277
-112.3264,46.4639,0.0,1,0.010750167440549277
-112.3364,46.4592,0.0,1,0.002181306947686913
-112.3717,46.4883,0.0,1,0.0013201515064563867
-112.3528,46.4208,0.005,1,0.014043340058555055
-112.3528,46.4208,0.0,1,0.014043340058555055
-112.3528,46.4208,0.005,1,0.014043340058555055
-112.3944,46.4325,0.0,1,0.003842668343744127
-112.4083,46.4089,0.005,1,0.023723787640250488
-112.4083,46.4089,0.0,1,0.023723787640250488
-112.4083,46.4089,0.01,1,0.023723787640250488
-112.3889,46.4403,0.0,1,0.006343886821188144
-112.4806,46.4306,0.015,1,0.06273495118353238
-112.4486,46.4367,0.0,1,0.03196298014891766
-112.4472,46.4736,0.02,1,0.014958211791521268
-112.4472,46.4736,0.02,1,0.014958211791521268
-112.4472,46.4736,0.02,1,0.014958211791521268
-111.9908,46.4506,0.03,1,0.0046421115884856656
-111.9908,46.4506,0.0,1,0.0046421115884856656
-111.9908,46.4506,0.005,1,0.0046421115884856656
-111.9994,46.4353,0.005,1,0.020127672493359654
-111.9994,46.4353,0.0,1,0.020127672493359654
-111.9994,46.4353,0.0,1,0.020127672493359654
-111.3275,45.3553,0.285,1,0.06726120501448044
-111.3225,45.3572,0.365,1,0.06708831269304658
-111.315,45.3581,0.285,1,0.0657320599099083
-111.3108,45.3583,0.39,1,0.06344538596304865
-111.3081,45.3617,0.465,1,0.05968280321834558
-111.3075,45.3656,0.39,1,0.05785188847393547
-111.3064,45.3686,0.23903326357689317,1,0.05572110641400052
-111.3067,45.3708,0.39,1,0.05518608248463839
-111.3086,45.3692,0.415,1,0.05753341376974469
-111.31,45.3706,0.3,1,0.058353694827327954
-111.2511,45.4253,0.325,1,0.03531050410288377
-111.2611,45.4172,0.31,1,0.027661954016300897
-111.2675,45.4158,0.375,1,0.02846225043807678
-111.2778,45.3469,0.30042082338550563,1,0.043985781793666
-111.2736,45.3486,0.2596360985499233,1,0.04023437584951618
-111.2708,45.3503,0.27,1,0.03733573355379334
-111.2867,45.3978,0.32180838319411803,1,0.03255708371460872
-111.2592,45.3542,0.29680838319411806,1,0.029330206272715095
-111.2622,45.3569,0.235,1,0.02765004520791715
-111.2622,45.3592,0.36984987515605494,1,0.025518248372487812
-111.2553,45.3583,0.335,1,0.02458245309158331
-111.2561,45.3622,0.29,1,0.020852266063904258
-111.2511,45.3656,0.405,1,0.017127317361451348
-111.2536,45.3697,0.365,1,0.013062044250418545
-111.2769,45.4058,0.41,1,0.026849724393372083
-111.2667,45.35,0.41,1,0.03574936363069657
-111.2947,45.3894,0.36,1,0.03966827069587173
-111.2994,45.3822,0.39,1,0.04507737459082032
-111.3011,45.3786,0.26,1,0.04750069157392498
-111.3089,45.3767,0.405,1,0.05552854851335595
-111.3058,45.3803,0.335,1,0.05171833040616467
-111.3025,45.3844,0.355,1,0.04781430434504025
-111.2953,45.3939,0.22,1,0.040428748434749674
-111.2781,45.4067,0.2725931080297004,1,0.028349315688389387
-111.2608,45.4239,0.3,1,0.03417884872256682
-111.2536,45.4278,0.465,1,0.03761757169195733
-111.2508,45.4325,0.375,1,0.04250201995199135
-111.4278,45.37,0.375,1,0.14927280964730955
-111.4242,45.3744,0.375,1,0.14850727827282056
-111.4236,45.3794,0.29,0,0.1507667062053116
-111.4264,45.3797,0.255,0,0.15325325347280944
-111.4208,45.385,0.28,0,0.15174264957486566
-111.4183,45.3881,0.22,0,0.1516432316326766
-111.4269,45.3903,0.19,0,0.15980205787161328
-111.4392,45.3836,0.2539806678383128,0,0.16610089614448567
-111.4417,45.3833,0.23180838319411806,0,0.16805526977753504
-111.4175,45.3919,0.205,0,0.15340436010753306
-111.4108,45.3922,0.2746360985499233,1,0.14849379684013753
-111.4058,45.3978,0.275,1,0.14861539523212178
-111.4036,45.4025,0.30180838319411807,1,0.14906749377379697
-111.3969,45.4075,0.33180838319411804,1,0.14290977468319727
-111.3731,45.3992,0.45,1,0.11840178926012863
-111.3708,45.4003,0.24100282763856248,1,0.11619890576077724
-111.3794,45.405,0.29680838319411806,1,0.12523639127666697
-111.3964,45.4108,0.251808383194118,1,0.14285166327348664
-111.3772,45.3636,0.44,1,0.1043765668145899
-111.3808,45.36,0.40065543071161047,1,0.1048023458706886
-111.3864,45.3575,0.395,1,0.10773710456476886
-111.3908,45.3586,0.24,1,0.11195874106116412
-111.3906,45.3614,0.39180838319411804,1,0.11342839018518358
-111.3981,45.3703,0.32782771535580524,1,0.12477003526488496
-111.4022,45.3778,0.355,1,0.13263462481569227
-111.4033,45.38,0.295,1,0.13487802526728165
-111.4033,45.3847,0.34,1,0.13791177505927987
-111.4522,45.4031,0.425,0,0.18778345960175258
-111.4453,45.4028,0.25,0,0.182024244813711
-111.4503,45.4022,0.39,0,0.18571375204868595
-111.4414,45.4039,0.39,0,0.17957693532300156
-111.4344,45.4083,0.52,0,0.17688693479168913
-111.4311,45.4111,0.355,0,0.1762195951079234
-111.4275,45.4097,0.425,0,0.1726011057322626
-111.4181,45.4158,0.485,0,0.16432829245142294
-111.4103,45.4167,0.52,0,0.15704624701024594
-111.3997,45.4158,0.46282771535580525,1,0.1469059689052838
-111.3975,45.4239,0.435,1,0.1423604007440239
-111.3922,45.4303,0.445,1,0.13465381427943784
-111.4619,45.4547,0.41,0,0.16944128953711238
-111.3892,45.4336,0.355,1,0.13047104544687985
-111.4686,45.4583,0.37,0,0.1636505991434204
-111.4833,45.4503,0.415,0,0.1668275115201344
-111.4792,45.4461,0.4,0,0.17195866538211785
-111.4803,45.4436,0.2546360985499233,0,0.17407516365064532
-111.4569,45.4542,0.33759310802970033,0,0.17184880156695806
-111.4458,45.4572,0.485,0,0.17392656668835718
-111.4572,45.4483,0.51,0,0.17715241629737735
-111.4442,45.4428,0.375,0,0.17837261477031763
-111.4214,45.44,0.48,0,0.15754602406916934
-111.4183,45.4361,0.515,0,0.15601030639032024
-111.4361,45.4697,0.48,0,0.16471769698487249
-111.4392,45.4706,0.34,0,0.16550541562136695
-111.4442,45.4694,0.37,0,0.1639829460645262
-111.4469,45.4686,0.35,0,0.16335532620640206
-111.4503,45.4692,0.37,0,0.161209213756536
-111.4522,45.4667,0.38,0,0.16255223960314696
-111.4611,45.4678,0.455,0,0.1577145478388124
-111.4647,45.4636,0.4,0,0.16014456781296477
-111.4592,45.4581,0.345,0,0.16735454161749075
-111.4386,45.4594,0.465,0,0.16893710575240561
-111.4297,45.4544,0.37050873942001245,0,0.1613477229464382
-111.6089,45.8958,0.44,1,0.04963197054320089
-111.6092,45.9006,0.44361244019138757,1,0.049494570409295884
-111.6072,45.905,0.345,1,0.04750571018310461
-111.6,45.945,0.2754208233855056,1,0.05838966089985283
-111.6117,45.9467,0.49,1,0.0680793838103743
-111.6,45.9639,0.3,1,0.059774520491588344
-111.6033,45.9642,0.395,1,0.06283931333170853
-111.5986,45.9808,0.2928277153558052,1,0.055545686601215956
-111.5933,45.9408,0.3578277153558052,1,0.05076625355489961
-111.7567,45.77,0.31142080764887387,1,0.024394991289198985
-111.7633,45.7725,0.42,1,0.02162206280630719
-111.7656,45.7672,0.35898066783831284,1,0.016017415521857408
-111.7631,45.7547,0.395,1,0.012761567301863924
-111.7906,45.6986,0.46,1,0.04878780175412995
-111.7947,45.6983,0.33,1,0.04585016466709895
-111.7667,45.7631,0.3578277153558052,1,0.012294128679981003
-111.7714,45.7211,0.385,1,0.034092984615605455
-111.7681,45.7178,0.44282771535580523,1,0.03790287060368946
-111.7633,45.7156,0.385,1,0.04125825493158451
-111.9389,45.8356,0.295,1,0.026338481353337488
-111.9511,45.8133,0.455,1,0.028352805857611706
-111.9725,45.8125,0.345,1,0.03530265854012549
-111.7986,45.6983,0.35,1,0.04346515385916378
-111.7917,45.7125,0.405,1,0.045262187309059836
-111.9694,45.8103,0.445,1,0.036900998631485674
-111.9583,45.8072,0.445,1,0.035291183034847615
-111.9161,45.7953,0.235,1,0.01545579502970273
-111.9658,45.8261,0.34,1,0.045996821629319395
-111.9725,45.8247,0.4,1,0.043110018557184014
-111.9636,45.8353,0.44,1,0.04518297909611492
-111.9739,45.8361,0.29398066783831284,1,0.051168327117472906
-111.9794,45.8153,0.365,1,0.03158138217368763
-111.8786,45.7661,0.45144448174404134,1,0.061852175386157685
-111.8881,45.7844,0.36,1,0.042805275375834236
-111.8661,45.7511,0.34,1,0.06198462389980067
-111.8786,45.76,0.405,1,0.06259387829492054
-111.8661,45.7531,0.365,1,0.06352396083368843
-111.7833,45.6825,0.565,1,0.045094185878006926
-111.8472,45.7489,0.495,1,0.0575206189118312
-111.8886,45.7881,0.255,1,0.040354573470682574
-111.6725,45.8742,0.365,1,0.1162962273678785
-111.6842,45.8719,0.355,1,0.1282046898518261
-111.5878,45.9672,0.48,1,0.047152723145118786
-111.5758,45.9742,0.405,1,0.03367460912913513
-111.5622,45.9792,0.44,1,0.019351570995662724
-111.5475,45.9856,0.3275931080297003,1,0.005633409269702206
-111.5475,45.9831,0.48,1,0.004537102599676409
-111.5708,45.9628,0.4714401555471928,1,0.03379667587204864
-111.7808,45.6675,0.465,1,0.04339395810478722
-111.7761,45.6692,0.455,1,0.04825991711555251
-111.585,45.9994,0.39,1,0.04535111134249573
-111.7586,45.8175,0.37,1,0.05636322914809088
-111.7647,45.8317,0.38,1,0.059502030217459735
-111.755,45.8225,0.42398066783831284,1,0.0619209625248232
-111.7594,45.7828,0.3789806678383128,1,0.03239354256638157
-111.8975,45.8308,0.4536124401913876,1,0.01556289176214511
-111.7569,45.8142,0.485,1,0.05647882435037074
-111.7531,45.8228,0.37,1,0.06372090394838947
-111.7689,45.8275,0.45919444444444446,1,0.05356927850923465
-111.7753,45.81,0.2891944444444444,1,0.03809789495497242
-111.755,45.7708,0.34282771535580525,1,0.02622879333861972
-111.8714,45.8314,0.41,1,0.0416697204214357
-111.8717,45.8269,0.38282771535580523,1,0.04151637749129584
-111.8708,45.8242,0.385,1,0.042727012533056205
-111.8658,45.8283,0.41,1,0.04731117838313493
-111.9142,45.8453,0.2925931080297004,1,0.014843840473408936
-111.9178,45.8561,0.37398066783831285,1,0.01138154646786376
-111.9233,45.8583,0.34180838319411805,1,0.006831368823305893
-111.7672,45.6983,0.385,1,0.05725867270553349
-111.7339,45.6972,0.47,1,0.07134375655934246
-111.7428,45.7006,0.48,1,0.06357242798571738
-111.7611,45.6981,0.355,1,0.05868643454837041
-111.7442,45.6944,0.41,1,0.0682832746724917
-111.7944,45.7275,0.5,1,0.03266180644116291
-111.8203,45.7258,0.375,1,0.04987550099999409
-111.8172,45.7267,0.385,1,0.046934609831126184
-111.8047,45.7542,0.345,1,0.02300777259971
-111.7972,45.7597,0.345,1,0.015370673374975583
-111.8056,45.765,0.3,1,0.024741455090596963
-111.7989,45.7661,0.315,1,0.018908294476240005
-111.5853,45.9194,0.42,1,0.030523638380777977
-111.6406,45.8633,0.385,1,0.08993932677089612
-111.6686,45.8681,0.4,1,0.11421682231615957
-111.6739,45.8781,0.385,1,0.11677064057374224
-111.6764,45.8747,0.395,1,0.11996342150839966
-111.6806,45.8767,0.38,1,0.12361521953222922
-111.6742,45.8894,0.3478277153558052,1,0.11522019137287172
-111.6767,45.8889,0.335,1,0.11776137949260251
-111.6375,45.9742,0.44,1,0.09476154969184751
-111.7217,45.8933,0.44,1,0.13380931058786993
-111.6397,45.9828,0.2446360985499233,1,0.09663239260207156
-111.6381,45.9922,0.3728277153558052,1,0.09556310637478665
-111.6689,45.975,0.42,1,0.12569931423838498
-111.6697,45.9811,0.4,1,0.12014895588394432
-111.6817,45.9956,0.2789806678383128,1,0.11142163883196629
-111.5981,45.9333,0.34282771535580525,1,0.04906202706779065
-111.6506,45.9314,0.3628277153558052,1,0.09527545591599239
-111.8353,45.7436,0.255,1,0.05489708188966148
-111.8197,45.7519,0.475,1,0.03818308002243881
-111.6592,45.9481,0.38282771535580523,1,0.10932274466002176
-111.6475,45.9442,0.435,1,0.09706859687870169
-111.7431,45.9475,0.335,1,0.13544176054673654
-111.7225,45.9528,0.35042082338550556,1,0.14550445835094003
-111.7236,45.9347,0.295,0,0.15338571804440435
-111.7228,45.9269,0.385,0,0.15389961176038391
-111.7181,45.9411,0.49,0,0.15783586221135337
-111.7019,45.9414,0.4378277153558052,1,0.1473238354781742
-111.6181,45.9028,0.37,1,0.05835008568974433
-111.625,45.8983,0.375,1,0.0653981842255641
-111.6294,45.8992,0.38,1,0.06973788425240192
-111.6439,45.8969,0.4,1,0.08434964433832179
-111.6397,45.8875,0.335,1,0.08138207726521693
-111.6106,45.92,0.465,1,0.05371231236877717
-111.6203,45.9242,0.345,1,0.064253813116426
-111.6506,45.91,0.395,1,0.09114281375950871
-111.6553,45.9172,0.335,1,0.09664394704274294
-111.6306,45.9136,0.42,1,0.0716835580869212
-111.6556,45.9122,0.51,1,0.09631963714633887
-111.6831,45.9153,0.48,1,0.12399186465248632
-111.6753,45.9083,0.3528083674574863,1,0.11568561924457027
-111.6292,45.9775,0.3528277153558052,1,0.08625381904588071
-111.6111,45.9922,0.42,1,0.06877272206332222
-111.6269,45.9297,0.4286124401913876,1,0.07237487478401132
-111.6797,45.9003,0.3678277153558052,1,0.1199740076016497
-111.6914,45.9008,0.445,1,0.13166370988241985
-111.7083,45.8931,0.475,1,0.1427388510532458
-111.7014,45.8844,0.37,1,0.14183281566689243
-111.7267,45.9139,0.375,1,0.14722340710634454
-111.7164,45.9106,0.455,0,0.15057525560330898
-111.7289,45.9022,0.49,1,0.13635988266348992
-111.73,45.9033,0.52,1,0.13661729612314713
-111.7428,45.9214,0.35,1,0.13394334809910624
-111.7067,45.9183,0.495,1,0.14777571688204097
-111.7056,45.9197,0.3,1,0.14683740157059028
-111.7411,45.8956,0.47,1,0.12401755359625456
-111.7383,45.8894,0.38282771535580523,1,0.1204797476757028
-111.7306,45.8797,0.4,1,0.11770715186428019
-111.7747,45.9217,0.45,1,0.10204935325615794
-111.7689,45.9347,0.465,1,0.1082095859894067
-111.7694,45.9358,0.42,1,0.10781432418745815
-111.7644,45.9478,0.34282771535580525,1,0.1145456612011145
-111.7194,45.9506,0.2754208233855056,1,0.14826948236235696
-111.7158,45.9508,0.32680838319411804,1,0.14885330832736282
-111.6717,45.9367,0.445,1,0.11699915597986836
-111.6619,45.9361,0.32,1,0.1074717753645199
-111.7231,45.9606,0.34042082338550556,1,0.1377328551943987
-111.7311,45.9789,0.3989806678383128,1,0.11830921942097476
-111.7233,45.9819,0.32,1,0.11686261763284533
-111.7147,45.9881,0.38,1,0.11319328336964586
-111.7139,45.9908,0.43759310802970036,1,0.11088519919268489
-111.7172,45.9936,0.305,1,0.10719160135010831
-111.7031,45.9956,0.35898066783831284,1,0.1104637469942061
-111.7058,45.9958,0.34898066783831283,1,0.10916779470155535
-111.695,45.9844,0.44,1,0.12406422288477013
-111.6947,45.9764,0.29398066783831284,1,0.13141594804285414
-111.6925,45.9692,0.3889806678383128,1,0.1388790963392325
-111.6731,45.9586,0.285,1,0.12638446304827927
-111.8175,45.8197,0.2746360985499233,1,0.02945769169503231
-111.8269,45.8228,0.35963609854992334,1,0.036140525729429974
-111.8497,45.845,0.3389806678383128,1,0.06499799689221449
-111.8597,45.8461,0.33998065210168105,1,0.055593611143725366
-111.8472,45.8447,0.35398066783831283,1,0.06561205377062873
-111.8519,45.8356,0.3839806678383128,1,0.06137227061140975
-111.8583,45.8322,0.3789806678383128,1,0.05478638151949976
-111.7739,45.8172,0.405,1,0.04316963747821204
-111.75,45.8178,0.44,1,0.06424512121554571
-111.6261,45.9622,0.34542082338550556,1,0.08538610718377387
-111.6264,45.9667,0.46,1,0.08474470661935517
-111.6217,45.9722,0.4,1,0.07925328573630651
-111.7003,45.9661,0.3,1,0.13874162821591166
-111.6833,45.9556,0.31,1,0.13439870721104988
-111.6689,45.9569,0.455,1,0.12186616634652672
-111.6792,45.9486,0.33542082338550555,1,0.1279652784938155
-111.7425,45.8344,0.4,1,0.07879711669851573
-111.7417,45.8292,0.475,1,0.07679454147269192
-111.7281,45.8331,0.445,1,0.09062098873881715
-111.7164,45.8194,0.415,1,0.08772537603225466
-111.6992,45.835,0.355,1,0.11087274507289285
-111.7042,45.8294,0.4586124401913876,1,0.10337023556130288
-111.6889,45.8422,0.395,1,0.12322066222837061
-111.7019,45.8506,0.3628277153558052,1,0.12094863207163646
-111.6728,45.8556,0.43,1,0.12246923082962637
-111.6653,45.8581,0.42,1,0.11458604845268873
-111.7033,45.8675,0.35,1,0.12985199112836326
-111.7289,45.8692,0.405,1,0.11128080517322239
-111.6883,45.865,0.465,1,0.13396414632281706
-111.6647,45.8719,0.4,1,0.10937615142251476
-111.595,45.8217,0.485,1,0.08833777504556498
-111.5792,45.815,0.37,1,0.08983091060431903
-111.5703,45.83,0.385,1,0.07346150352396055
-111.5694,45.8422,0.4236124401913876,1,0.061264773728470695
-111.5558,45.8533,0.38,1,0.04955766842780714
-111.5536,45.8589,0.42,1,0.044229656340517544
-111.56,45.8656,0.38,1,0.037100842308499936
-111.7481,45.8444,0.435,1,0.08034521516556485
-111.8522,45.8297,0.24,1,0.05785621487791432
-111.8456,45.8278,0.35898066783831284,1,0.05172043696644646
-111.8264,45.755,0.505,1,0.04067268862517105
-111.8036,45.6828,0.39,1,0.02840016901358166
-111.7989,45.6825,0.47,1,0.031753009306203464
-111.8872,45.7733,0.315,1,0.050671289701369346
-111.9569,45.7867,0.35,1,0.04058208471727082
-111.9469,45.8303,0.385,1,0.03190275223236498
-111.9611,45.7647,0.42,1,0.05024103601639211
-111.9622,45.76,0.3439806678383128,1,0.052227614343380344
-111.9642,45.7539,0.33,1,0.054931918772238526
-111.9761,45.73,0.285,1,0.05355339018212971
-111.98,45.7261,0.385,1,0.05050561948932105
-111.9867,45.7003,0.28,1,0.029949350577263317
-111.9978,45.7031,0.28,1,0.022135647720357105
-111.9628,45.7225,0.455,1,0.04567013904072764
-111.9597,45.7256,0.265,1,0.049165166530784024
-111.9456,45.7092,0.295,1,0.03900609695932118
-111.9433,45.7172,0.355,1,0.03948340917397406
-111.9392,45.7008,0.4,1,0.03317591897747496
-111.9325,45.7011,0.325,1,0.02647802107409598
-111.9317,45.6994,0.34361244019138754,1,0.02591624201153342
-111.9075,45.705,0.2440332635768932,1,0.0017987773625411875
-111.8989,45.7011,0.415,1,0.007745811771535405
-111.8875,45.6972,0.25,1,0.01979281687885464
-111.9292,45.6694,0.335,1,0.0093580019234937
-111.9322,45.6678,0.495,1,0.006019983388685098
-111.9161,45.6719,0.405,1,0.008248369535852881
-111.9183,45.6828,0.2689806678383128,1,0.01917606841873465
-111.9186,45.6867,0.365,1,0.021146243165156408
-111.8267,45.6781,0.515,1,0.015346582681500564
-111.8358,45.67,0.405,1,0.013754475635233219
-111.8344,45.6789,0.36,1,0.019021135612789265
-111.8394,45.6786,0.2818083831941181,1,0.02194888607652192
-111.9561,45.7492,0.41050873942001237,1,0.06398532409857492
-111.9436,45.7458,0.475,1,0.056265029991997784
-111.8472,45.7419,0.43697127937336816,1,0.06289214259349059
-111.9617,45.7428,0.36,1,0.06493548875615399
-111.8969,45.6839,0.51,1,0.02194897719712579
-111.8825,45.6775,0.4318083831941181,1,0.03243559156236645
-111.8858,45.6894,0.37288031109438563,1,0.024937714410104193
-111.8806,45.6967,0.2689806678383128,1,0.026527789203021623
-111.8439,45.6972,0.35,1,0.03958842760202273
-111.8881,45.7058,0.30463609854992335,1,0.01817040450843649
-111.8875,45.71,0.335,1,0.019663051645151256
-111.8872,45.7161,0.37,1,0.02260025663570288
-111.9036,45.7189,0.385,1,0.015315469303939594
-111.8656,45.7167,0.3789806678383128,1,0.04256199713359313
-111.875,45.7303,0.38,1,0.04090471366480786
-111.8714,45.7325,0.4,1,0.0450771294560826
-111.8269,45.7053,0.405,1,0.042402047120396774
-111.8767,45.7408,0.38,1,0.04729578839600778
-111.8672,45.7417,0.3778277153558052,1,0.05435339547811406
-111.9175,45.9014,0.46,1,0.03404049940879144
-111.9244,45.9097,0.32,1,0.04262332225436892
-111.9269,45.9008,0.385,1,0.03428509297055384
-111.905,45.8897,0.46282771535580525,1,0.026415821016955988
-111.8975,45.8853,0.32,1,0.028099209953313574
-111.8931,45.8825,0.465,1,0.030118658668671805
-111.8867,45.8794,0.30898066783831285,1,0.034607103317091784
-111.8625,45.8794,0.49,1,0.0479287439852124
-111.8603,45.8656,0.4,1,0.05888751650393466
-111.8503,45.8861,0.385,1,0.04715589570774225
-111.8317,45.9,0.5,1,0.05155708001816832
-111.7958,45.8997,0.515,1,0.0848081511412622
-111.7856,45.9086,0.315,1,0.09258663240446133
-111.7931,45.9078,0.365,1,0.0853777049351879
-111.7978,45.9053,0.38,1,0.08135629354881045
-111.7539,45.8956,0.4728277153558052,1,0.11753577157614621
-111.7306,45.8519,0.485,1,0.09863799268031045
-111.7142,45.8458,0.405,1,0.10890514955684613
-111.7642,45.845,0.36317226890756305,1,0.06948562153424033
-111.7556,45.8439,0.4778277153558052,1,0.07450270867558935
-111.7644,45.9117,0.52,1,0.11309621788548099
-111.7694,45.8972,0.505,1,0.11087842215687518
-111.7614,45.9006,0.335,1,0.11788112868479161
-111.7553,45.9047,0.435,1,0.12310549337863759
-111.7478,45.9067,0.51,1,0.1301996528413199
-111.7569,45.8322,0.365,1,0.0657834143230646
-111.7239,45.7925,0.395,1,0.06413736508463065
-111.7278,45.7864,0.46,1,0.05746314993105885
-111.7303,45.7864,0.41,1,0.05538920111357081
-111.7389,45.7886,0.395,1,0.0500173130025967
-111.7436,45.7886,0.36,1,0.04665187670394204
-111.6297,45.8653,0.46282771535580525,1,0.07932063098589918
-111.6044,45.8456,0.4336124401913876,1,0.07248470528325965
-111.5414,45.8828,0.415,1,0.027069032121594633
-111.5325,45.8817,0.37,1,0.034402943188043766
-111.5236,45.8572,0.455,1,0.05811258469557006
-111.5183,45.8625,0.43,1,0.05774203408263569
-111.5186,45.8458,0.5091944444444444,1,0.07022059882968569
-111.5156,45.8431,0.37,1,0.07417130509839567
-111.5122,45.8253,0.3478277153558052,1,0.09083921234796913
-111.5214,45.8156,0.51,1,0.0951689681566395
-111.5142,45.8139,0.305,1,0.09980101452390318
-111.6156,45.795,0.38,1,0.12131987677211432
-111.6178,45.7969,0.475,1,0.1206790889093941
-111.6228,45.79,0.4,1,0.1291378817388661
-111.6186,45.7908,0.515,1,0.1264315328547513
-111.5919,45.7853,0.37,1,0.12172256364372595
-111.5803,45.7786,0.415,1,0.12578995389140343
-111.7981,45.925,0.36,1,0.07859020613281675
-111.8028,45.9186,0.395,1,0.0741824002038135
-111.8064,45.9181,0.33782771535580525,1,0.07064566865703745
-111.8089,45.9144,0.4236124401913875,1,0.06864176935365403
-111.8208,45.9083,0.45,1,0.05838344371479809
-111.8236,45.9006,0.42,1,0.058504055414985885
-111.8147,45.9019,0.47,1,0.06621720697824168
-111.8267,45.8936,0.465,1,0.05912948925873859
-111.8114,45.8931,0.545,1,0.07274551876231806
-111.8025,45.8897,0.475,1,0.08223737897088045
-111.8003,45.8881,0.485,1,0.08491382985120999
-111.7869,45.8839,0.41,1,0.09483030950070238
-111.785,45.8822,0.395,1,0.09363843014488973
-111.7767,45.8786,0.37,1,0.09268463518835908
-111.7703,45.8742,0.3886124401913875,1,0.09107277090327098
-111.7603,45.8678,0.41,1,0.09025037174438806
-111.9211,45.9817,0.54,1,0.06978459428842293
-111.9306,45.9875,0.395,1,0.08021558202743495
-111.925,45.9936,0.245,1,0.08175757824202265
-111.9578,45.9844,0.33180838319411804,1,0.06459317998054913
-111.9622,45.9811,0.2825931080297004,1,0.05997977075647854
-111.9622,45.9831,0.3439806678383128,1,0.06187707895497321
-111.9472,45.9719,0.555,1,0.05865315763025916
-111.9494,45.9633,0.455,1,0.05049242418422637
-111.9497,45.9619,0.44076537693726336,1,0.04922492153370561
-111.9497,45.9581,0.435,1,0.046387206210329275
-111.9442,45.9514,0.495,1,0.04608104708012113
-111.9508,45.9506,0.355,1,0.04040221404824236
-111.9503,45.9458,0.325,1,0.03786580119316136
-111.9414,45.9436,0.31259310802970036,1,0.044475778801501054
-111.9419,45.9406,0.3339806678383128,1,0.04279573460053993
-111.9378,45.9353,0.295,1,0.045034085979404725
-111.9608,45.9261,0.35,1,0.020748226430222894
-111.9489,45.9172,0.38680838319411803,1,0.033334890130319386
-111.9786,45.9264,0.3718083831941181,1,0.003556248022846955
-111.9728,45.9217,0.3989806678383128,1,0.009051458446014099
-111.9106,45.9536,0.415,1,0.04181040061994885
-111.8864,45.9381,0.335,1,0.01420998240674458
-111.8808,45.9436,0.425,1,0.01795008635077161
-111.8628,45.9467,0.38,1,0.025613326609407884
-111.8642,45.9164,0.38,1,0.01526723616113586
-111.8553,45.9267,0.36,1,0.021443938537494836
-111.8903,45.9322,0.49,1,0.01263944619040216
-111.9056,45.9383,0.38282771535580523,1,0.0290182632147518
-111.8978,45.9253,0.46,1,0.01834436153155334
-111.9014,45.9194,0.395,1,0.022826598520147096
-111.9033,45.9164,0.385,1,0.025589755762809842
-111.9758,45.875,0.37,1,0.044380997059545305
-111.8244,45.8775,0.41,1,0.07076458506908592
-111.8283,45.8767,0.335,1,0.06849746345668262
-111.8306,45.8619,0.395,1,0.07364410091785678
-111.8161,45.8703,0.32,1,0.07905089246807835
-111.9189,45.8875,0.43,1,0.02010168152170309
-111.9297,45.885,0.365,1,0.020514667923211268
-111.9311,45.8822,0.51,1,0.0190158775763759
-111.9247,45.9031,0.4,1,0.03612729715879467
-111.9253,45.9061,0.38,1,0.039184047774569485
-111.9261,45.9083,0.375,1,0.04148461883637682
-111.9253,45.9111,0.27,1,0.04412923747357678
-111.9408,45.9111,0.38,1,0.04275849506239192
-111.9617,45.8925,0.46,1,0.037444530975839246
-111.9758,45.88,0.455,1,0.041384452394580114
-111.9775,45.8778,0.465,1,0.041303327953076646
-111.9703,45.8739,0.235,1,0.043574162068815106
-111.9214,45.8689,0.44,1,0.0026958486604371787
-111.9214,45.8736,0.38,1,0.006592237859786244
-111.9089,45.8697,0.4178277153558052,1,0.010514637416479965
-111.905,45.8697,0.37,1,0.0143455777158016
-111.9,45.8689,0.435,1,0.019218626381715107
-111.8106,45.9008,0.3778277153558052,1,0.07044339926494451
-111.8069,45.9006,0.47,1,0.07399202997620537
-111.8036,45.9008,0.37,1,0.07704889681234298
-111.7914,45.9044,0.44,1,0.0877849218260168
-111.7469,45.7231,0.47,1,0.04301071494406577
-111.7478,45.7244,0.45,1,0.04144410211356473
-111.7456,45.725,0.315,1,0.04254030559363405
-111.8747,45.845,0.38,1,0.04100901852031744
-111.7197,45.6767,0.45,1,0.09627660982813746
-111.7164,45.6761,0.495,1,0.09871642011337496
-111.7019,45.6828,0.43644015554719273,1,0.10328839044151955
-111.6969,45.6861,0.39,1,0.10472880024137898
-111.6836,45.6986,0.3985930922930686,1,0.10808143966472361
-111.6775,45.6939,0.425,1,0.11573974943812479
-111.6683,45.705,0.35,1,0.11857134392423173
-111.6647,45.7036,0.3,1,0.12242644975657568
-111.6506,45.7392,0.28398066783831283,1,0.1262400792141679
-111.6561,45.7386,0.2739806678383128,1,0.12086417004224162
-111.6589,45.7386,0.34,1,0.11809035354336993
-111.6497,45.7464,0.475,1,0.12644601852173773
-111.6511,45.7475,0.415,1,0.12497926868084433
-111.8536,45.8853,0.4,1,0.046082127772050153
-111.8483,45.8847,0.455,1,0.04944312388997793
-111.8694,45.8828,0.43,1,0.04300242435025591
-111.8817,45.8783,0.355,1,0.039013607882388175
-111.8764,45.8814,0.455,1,0.04378096047370174
-111.8847,45.8797,0.475,1,0.03658936457497713
-111.8911,45.8781,0.36,1,0.030030877443068413
-111.895,45.8789,0.43,1,0.026757346654711363
-111.8961,45.8836,0.3239806678383128,1,0.028181618122456568
-111.9122,45.8906,0.425,1,0.0242215111006702
-111.6172,45.8869,0.38,1,0.059583072260504626
-111.6233,45.8867,0.44,1,0.06553321676829994
-111.6144,45.8728,0.4286124401913876,1,0.06229472289047703
-111.6392,45.87,0.51,1,0.08591619463175557
-111.6506,45.8658,0.465,1,0.09805780183137286
-111.8764,45.8372,0.42,1,0.03726721883907974
-111.8783,45.8364,0.36,1,0.03525716381106623
-111.8642,45.8475,0.32,1,0.05173296434576632
-111.9072,45.8483,0.3,1,0.018739786551613184
-111.8994,45.8494,0.29,1,0.02331963979138879
-111.8978,45.8606,0.43005259573858035,1,0.022416279798399493
-111.9083,45.8578,0.44,1,0.014494812865307773
-111.7819,45.7911,0.34,1,0.02676467074336136
-111.7781,45.7903,0.395,1,0.030587638025851425
-111.8306,45.795,0.350688678551872,1,0.02220188280304233
-111.8125,45.7903,0.32,1,0.004054084360244159
-111.8139,45.8075,0.37,1,0.016741194700493883
-111.7678,45.7842,0.4786124401913876,1,0.03004589156607005
-111.8117,45.7856,0.41,1,0.006726187627474735
-111.8194,45.7722,0.405,1,0.02217448082819847
-111.8325,45.7753,0.35,1,0.028879674513395927
-111.8331,45.7856,0.395,1,0.025165722719602702
-111.785,45.7847,0.37,1,0.024645600012990942
-111.8222,45.7697,0.485,1,0.025747652320160744
-111.7647,45.6697,0.48,1,0.059637551928289345
-111.7539,45.6719,0.345,1,0.07062303873382818
-111.6819,45.7486,0.31,1,0.09417097004915646
-111.6853,45.7486,0.485,1,0.09077887199122547
-111.6969,45.7492,0.47498065210168106,1,0.07916546974533269
-111.7303,45.7225,0.495,1,0.055905935284186865
-111.7272,45.7236,0.41,1,0.057857459328939806
-111.7242,45.7217,0.4794324853228963,1,0.06140843264568696
-111.7186,45.7317,0.555,1,0.061781450290520554
-111.7158,45.7269,0.5,1,0.06626615727503046
-111.7117,45.7211,0.5,1,0.07251858796198461
-111.7064,45.7203,0.4494324853228963,1,0.07760059020393312
-111.6928,45.7017,0.355,1,0.09863672541197745
-111.6886,45.7011,0.36,1,0.10251218269064594
-111.675,45.6981,0.34,1,0.11575396148728453
-111.6664,45.6942,0.39,1,0.1158931080780901
-111.6622,45.6961,0.495,1,0.1171577675615227
-111.6589,45.6917,0.425,1,0.11240534907200371
-111.6614,45.6789,0.33,1,0.10000611231319492
-111.66,45.6778,0.36,1,0.09872675675823181
-111.6561,45.6744,0.328172268907563,1,0.09491350009350225
-111.6208,45.6739,0.515,1,0.08784663112494155
-111.6219,45.6711,0.445,1,0.08780675714317505
-111.6375,45.6753,0.545,1,0.09570377474269315
-111.6361,45.6836,0.51,1,0.10402433609497276
-111.6353,45.7042,0.335,1,0.11525308932953228
-111.64,45.7156,0.485,1,0.12573848495986184
-111.6364,45.7192,0.4,1,0.12516283234251302
-111.6389,45.7194,0.54,1,0.12722315276710572
-111.6378,45.7231,0.515,1,0.12874714210420762
-111.6319,45.7328,0.43,1,0.13106030138833288
-111.6289,45.7253,0.455,1,0.12364708892651131
-111.6167,45.7278,0.525,1,0.11707135687263623
-111.6233,45.7331,0.54,1,0.12540784106267372
-111.6333,45.7425,0.315,1,0.1390817694739385
-111.52,45.7472,0.545,1,0.10973720699926433
-111.5364,45.7472,0.42,1,0.10795172346933342
-111.5719,45.7478,0.54,1,0.11306857476770255
-111.5922,45.7378,0.505,1,0.11144461673854356
-111.59,45.7414,0.505,1,0.11365461099313277
-111.5872,45.7406,0.505,1,0.11172639168969856
-111.5881,45.7147,0.545,1,0.08940052908120927
-111.5914,45.7092,0.46,1,0.08672620480569905
-111.5942,45.71,0.37,1,0.08904660914375473
-111.5989,45.7242,0.54,1,0.1032939233449918
-111.5789,45.7369,0.515,1,0.10503871000731205
-111.5758,45.7389,0.5,1,0.10581224220287724
-111.5739,45.7344,0.57,1,0.10093527926349578
-111.5564,45.7317,0.4,1,0.09382555408842039
-111.5442,45.7331,0.505,1,0.09388176926325897
-111.5208,45.7383,0.5,1,0.10084434837907426
-111.5242,45.7219,0.4736124401913876,1,0.0840971497733388
-111.5297,45.7161,0.445,1,0.07748436358388099
-111.7586,45.9047,0.5,1,0.11985273672302531
-111.7511,45.9028,0.49,1,0.1252141908890535
-111.7483,45.9014,0.48,1,0.12529712526630576
-111.7453,45.9047,0.52,1,0.12963834155063622
-111.7225,45.9125,0.45,1,0.14845994611342442
-111.6858,45.9094,0.23,1,0.12622793866653118
-111.6769,45.9006,0.51,1,0.1171688205112701
-111.6783,45.8853,0.395,1,0.1198201256050078
-111.68,45.8833,0.355,1,0.12180485417257912
-111.6808,45.8814,0.415,1,0.1229096924575227
-111.5436,45.7128,0.54,1,0.07357569299707596
-111.5583,45.7103,0.365,1,0.07329831239530407
-111.5569,45.7072,0.515,1,0.06994980057155248
-111.5583,45.7033,0.41,1,0.06654158549358385
-111.5303,45.7081,0.535,1,0.069477525862684
-111.5464,45.6956,0.535,1,0.056647035226919155
-111.5464,45.6939,0.5,1,0.0549580803886005
-111.5606,45.6814,0.435,1,0.04683877240064636
-111.5567,45.6806,0.44,1,0.04452063117252645
-111.54,45.6756,0.41,1,0.0362900344447353
-111.5375,45.6911,0.54,1,0.051852739561181097
-111.4539,45.4992,0.475,1,0.13346464175952927
-111.4725,45.485,0.385,1,0.13739110087629697
-111.4708,45.4825,0.415,1,0.14035631300372708
-111.4694,45.4842,0.405,1,0.1393553393307941
-111.4578,45.4903,0.435,1,0.1390932011278776
-111.2569,45.3186,0.35,1,0.018297896053919103
-111.2653,45.3258,0.36180838319411807,1,0.02737891524512648
-111.2667,45.3175,0.225,1,0.028149191817882713
-111.2761,45.3231,0.27180838319411804,1,0.0368741874486664
-111.2694,45.3267,0.29680838319411806,1,0.03157627273761608
-111.2553,45.3397,0.33759310802970033,1,0.026105497505320468
-111.2583,45.3428,0.25,1,0.030408633642440702
-111.2569,45.3419,0.3939806678383128,1,0.02882077375783438
-111.4381,45.3406,0.33215293674587587,1,0.14646721715115335
-111.4667,45.4994,0.475,1,0.12684560142156973
-111.4664,45.4969,0.305,1,0.12920018034043917
-111.45,45.4992,0.38,1,0.13560689731720776
-111.2597,45.4842,0.335,1,0.015986610022138234
-111.4639,45.3433,0.3889806678383128,0,0.17098067639356068
-111.4653,45.3458,0.4194666258076593,0,0.17337208454650457
-111.4711,45.3494,0.24,0,0.18018053085725938
-111.475,45.3517,0.415,0,0.18470302027849858
-111.475,45.3469,0.385,0,0.1825125247756957
-111.4786,45.3442,0.435,0,0.18457453155839595
-111.4825,45.3394,0.4486124401913876,0,0.18615281813607173
-111.4667,45.3308,0.43,0,0.1682450228090045
-111.4639,45.3272,0.4128277153558052,0,0.16428257272151334
-111.4597,45.3275,0.4486124401913876,0,0.16051331315501677
-111.4786,45.3275,0.375,0,0.17809660777230213
-111.255,45.2519,0.435,1,0.015921337883485223
-111.2564,45.2592,0.35,1,0.009223285748579148
-111.2614,45.2678,0.35,1,0.002279692961777742
-111.2811,45.2728,0.455,1,0.017946726721042906
-111.2744,45.2744,0.435,1,0.015769115384192112
-111.2836,45.2644,0.395,1,0.01543220658234841
-111.2994,45.2594,0.34,1,0.013680266810255713
-111.2994,45.2767,0.38,1,0.016584140013873785
-111.3042,45.2692,0.38,1,0.008304799816975099
-111.3256,45.2697,0.435,1,0.014575242708097017
-111.3219,45.2658,0.49,1,0.010264097622297276
-111.3364,45.2736,0.42,1,0.026048141968287742
-111.3472,45.2808,0.4,1,0.03870785062490913
-111.3436,45.2669,0.345,1,0.0319902125657188
-111.3456,45.2678,0.415,1,0.034037122381313636
-111.3422,45.27,0.42,1,0.030888083462729567
-111.3353,45.2658,0.44956193353474316,1,0.023661777194461022
-111.3789,45.2669,0.4186124401913876,1,0.06727436138679142
-111.4036,45.2656,0.535,1,0.09196004404087707
-111.4122,45.2639,0.305,1,0.10057288749956575
-111.4289,45.2564,0.28463609854992333,1,0.11761334830707096
-111.4394,45.2575,0.30398066783831285,1,0.12801084993078646
-111.365,45.2892,0.335,1,0.05838240916577411
-111.3761,45.2883,0.305,1,0.06837013748706096
-111.3694,45.2894,0.375,1,0.06250559734935969
-111.3561,45.2917,0.505,1,0.051600462207232786
-111.3858,45.2878,0.48,1,0.07743739213068089
-111.3833,45.2989,0.315,1,0.07905724318493215
-111.4111,45.3083,0.465,1,0.10827407676818046
-111.4192,45.3197,0.395,1,0.12043965169329092
-111.4372,45.3217,0.545,1,0.13755954965033113
-111.4222,45.3222,0.46,1,0.12424680961699515
-111.4117,45.2786,0.39,1,0.10091259435769048
-111.4033,45.2828,0.275,1,0.0932764691655989
-111.4014,45.2811,0.38282771535580523,1,0.09110381825148597
-111.395,45.2869,0.315,1,0.08606056994930951
-111.4097,45.3044,0.4686124401913876,1,0.1054902635317635
-111.4036,45.2986,0.405,1,0.09773223470278443
-111.4094,45.295,0.48,1,0.10211110468505243
-111.4186,45.2958,0.39,1,0.11116620754527982
-111.4314,45.2969,0.325,1,0.12380545101084998
-111.4181,45.3236,0.405,1,0.12127728435284023
-111.4297,45.3253,0.41,1,0.13233672090542334
-111.4231,45.3269,0.41,1,0.12724804006350027
-111.4233,45.3289,0.33782771535580525,1,0.1283987838727451
-111.4308,45.3306,0.3528277153558052,1,0.13577854653810967
-111.4286,45.33,0.27180838319411804,1,0.13356122828126918
-111.4317,45.3353,0.3886124401913876,1,0.13875277907127742
-111.4306,45.3175,0.3578277153558052,1,0.12982465751928896
-111.4314,45.3161,0.39,1,0.13000694481449762
-111.4369,45.3164,0.338172268907563,1,0.1352030314009252
-111.4397,45.3161,0.53,1,0.13769063766284634
-111.4328,45.3292,0.26282771535580524,1,0.13688009972235166
-111.4397,45.3336,0.255,1,0.14503658745296302
-111.4744,45.3222,0.3736124401913875,0,0.17235014853490047
-111.4756,45.3186,0.335,0,0.1723410273266394
-111.4681,45.3053,0.445,0,0.16144031621625174
-111.4553,45.3,0.335,1,0.14774219336397784
-111.4933,45.3331,0.355,0,0.19382663310289236
-111.4844,45.3292,0.33782771535580525,0,0.18412613529860178
-111.4892,45.3328,0.4786124401913876,0,0.18988285256968276
-111.4636,45.3294,0.395,0,0.16484469569871169
-111.4844,45.3169,0.39,0,0.18024136511910532
-111.4839,45.3117,0.385,0,0.17834523739086278
-111.4872,45.3069,0.445,0,0.18037307365569152
-111.4858,45.3014,0.315,0,0.1778195650090291
-111.4875,45.2994,0.4,0,0.17909570542031433
-111.4911,45.3011,0.395,0,0.1829550209751076
-111.4922,45.2922,0.41065543071161054,0,0.18252197045835344
-111.4939,45.2881,0.39,0,0.18365460979784806
-111.4967,45.2817,0.37,0,0.185766842305086
-111.4919,45.2822,0.41,0,0.18103100204109132
-111.4969,45.2758,0.3628277153558052,0,0.18554555155001637
-111.4875,45.2633,0.385,0,0.17587388578182958
-111.4811,45.2622,0.285,0,0.16949232342498663
-111.4783,45.2608,0.36,0,0.1667265416782895
-111.3272,45.2869,0.33,1,0.02645081662256205
-111.3269,45.28,0.38,1,0.021043471671755947
-111.3425,45.305,0.35,1,0.044658321732914834
-111.3533,45.3108,0.45,1,0.05661471275208434
-111.3767,45.3717,0.33680838319411804,1,0.10956626168670683
-111.3717,45.3742,0.23042082338550565,1,0.10792296187559564
-111.34,45.3847,0.4078277153558052,1,0.08513848542229079
-111.3364,45.3839,0.38,1,0.08160432402759472
-111.3258,45.4003,0.35,1,0.07147577002034297
-111.3119,45.4042,0.385,1,0.05855578280580008
-111.3075,45.4047,0.405,1,0.05442436678548468
-111.2953,45.3981,0.32,1,0.04102584185608167
-111.2675,45.4156,0.38,1,0.028282568836649685
-111.3714,45.3225,0.355,1,0.077564061910138
-111.3725,45.3253,0.395,1,0.07963711257950602
-111.3675,45.3267,0.305,1,0.07564523580505049
-111.3636,45.3403,0.325,1,0.07918441576472657
-111.3761,45.3489,0.29,1,0.09435523143948976
-111.3486,45.3539,0.395,1,0.07744197634358928
-111.34,45.3469,0.275,1,0.06659765536413599
-111.3306,45.3439,0.395,1,0.058727333499828796
-111.4019,45.4378,0.41,1,0.1401893137867515
-111.4094,45.4361,0.46,1,0.14775925588606043
-111.4186,45.4386,0.39,0,0.15539678793334386
-111.4342,45.4294,0.51,0,0.17325927882801168
-111.4364,45.4253,0.47,0,0.1768364603242315
-111.4431,45.4217,0.305,0,0.1844058559265453
-111.4547,45.4219,0.425,0,0.1950820025015186
-111.4603,45.4197,0.45,0,0.20109864171595815
-111.4639,45.4131,0.405,0,0.20311799944859557
-111.4722,45.4075,0.35998065210168106,0,0.20678911891103308
-111.4908,45.4225,0.505,0,0.19024833928316415
-111.4922,45.4258,0.38,0,0.18685329700061526
-111.4861,45.4275,0.48,0,0.1883522089066115
-111.2542,45.4483,0.37,1,0.04851731340459243
-111.2578,45.4592,0.415,1,0.037086031062914145
-111.2644,45.4639,0.41,1,0.030365139551791105
-111.2683,45.4667,0.335,1,0.026733568785325477
-111.275,45.4736,0.40282771535580525,1,0.019508708311932556
-111.2761,45.4828,0.31,1,0.010658691289273976
-111.275,45.4972,0.3614208076488739,1,0.004625764801635923
-111.2897,45.4975,0.24398066783831282,1,0.017254440008301994
-111.3092,45.4989,0.39,1,0.036636562338744315
-111.3764,45.4908,0.245,1,0.10338362394500349
-111.3872,45.4847,0.45,1,0.11446205353741856
-111.3958,45.4861,0.435,1,0.12295432363280218
-111.3856,45.4792,0.245,1,0.11340401095199602
-111.3817,45.4822,0.44,1,0.10919639050811193
-111.3719,45.4789,0.5,1,0.09986186309097307
-111.3675,45.4725,0.39,1,0.09666101437499179
-111.4008,45.4525,0.465,1,0.1340286450726193
-111.4131,45.4528,0.315,1,0.14571769865051085
-111.3719,45.4647,0.345,1,0.10283363117190918
-111.3764,45.4489,0.39782771535580524,1,0.11237874220688529
-111.3711,45.4506,0.47,1,0.1068380629738319
-111.3697,45.4553,0.34282771535580525,1,0.10375548033718397
-111.3444,45.4994,0.425,1,0.07164552812283424
-111.3306,45.4989,0.355,1,0.05786057120355009
-111.4814,45.4278,0.35,0,0.18910821928198013
-111.4706,45.4353,0.43,0,0.18476411610483354
-111.4753,45.4306,0.415,0,0.18793595345223416
-111.4589,45.4408,0.44,0,0.18346214486917828
-111.4542,45.4425,0.4778277153558052,0,0.18366250188865313
-111.4339,45.4511,0.2578277153558053,0,0.16622992420139035
-111.4325,45.4508,0.44782771535580523,0,0.16495204060575586
-111.3894,45.3294,0.495,1,0.09684098151092796
-111.3864,45.33,0.325,1,0.09427663390257293
-111.3914,45.3233,0.38,1,0.0967074335302199
-111.3869,45.3239,0.37,1,0.09261417656061328
-111.3856,45.3178,0.5,1,0.0895941499206293
-111.3664,45.4531,0.35,1,0.10153274200966252
-111.355,45.4444,0.46,1,0.0952909948526155
-111.3508,45.4381,0.41,1,0.09519309691359887
-111.3536,45.4367,0.475,1,0.09828901108466029
-111.3444,45.4325,0.275,1,0.09356126174865258
-111.33,45.4294,0.355,1,0.08458639193156595
-111.3289,45.4325,0.46782771535580525,1,0.08235168304291772
-111.3422,45.4372,0.295,1,0.08886991448179526
-111.3281,45.4606,0.32680838319411804,1,0.06389062294266037
-111.325,45.4658,0.4378277153558052,1,0.05865343723943781
-111.3178,45.4678,0.435,1,0.051371214702409275
-111.3214,45.4656,0.49,1,0.055587747750741094
-111.3828,45.3069,0.31259310802970036,1,0.08232179359076704
-111.3819,45.3019,0.38782771535580524,1,0.07912458341123176
-111.2919,45.3119,0.25,1,0.019021716536629547
-111.2886,45.3067,0.36,1,0.0162666437841288
-111.2919,45.2986,0.405,1,0.0084155629639329
-111.2833,45.2939,0.375,1,0.015845305298412927
-111.2711,45.2889,0.43,1,0.024076399232447154
-111.2647,45.2842,0.37,1,0.01712136092721955
-111.2644,45.2814,0.27180838319411804,1,0.01438975329878823
-111.2556,45.2803,0.2875931080297004,1,0.012786907366520954
-111.2586,45.2772,0.26180838319411803,1,0.009205270229605838
-111.3333,45.3442,0.425,1,0.06046418526698078
-111.9322,45.8892,0.36,1,0.025402393588000317
-111.9914,45.8789,0.34,1,0.030240418317207973
-111.9756,45.8878,0.38259310802970037,1,0.036968999174988394
-111.9786,45.8917,0.405,1,0.0327260889811195
-111.9756,45.9003,0.555,1,0.02470742600919939
-111.9447,45.9078,0.34,1,0.04030239322919085
-111.9425,45.9136,0.39,1,0.040412261753092704
-111.9264,45.9289,0.4,1,0.04704894897870303
-111.9281,45.9231,0.415,1,0.04870944056341225
-111.9161,45.9283,0.315,1,0.03673213307174541
-111.9164,45.92,0.45,1,0.03737718020397026
-111.8761,45.9867,0.32,1,0.06109246762081229
-111.8764,45.9917,0.36,1,0.06607089828358831
-111.8803,45.98,0.455,1,0.05430649684890178
-111.8742,45.9781,0.45,1,0.05266334208915898
-111.8608,45.9747,0.37,1,0.052006946651385666
-111.8767,45.9742,0.435,1,0.04857846848142066
-111.8853,45.9617,0.3139806678383128,1,0.03647061282731854
-111.8836,45.9567,0.43,1,0.03127522342046466
-111.8847,45.9503,0.395,1,0.025151890585003386
-111.5447,45.9419,0.435,1,0.039985643673700555
-111.545,45.9522,0.37,1,0.02972227615779208
-111.5183,45.9514,0.42,1,0.03889989717209937
-111.5364,45.9475,0.445,1,0.034881083698760924
-111.5108,45.9375,0.46282771535580525,1,0.05451783194514794
-111.5267,45.9314,0.425,1,0.043772051585445254
-111.5064,45.9428,0.37,1,0.05318623882170808
-111.5053,45.9431,0.365,1,0.053722583705543094
-111.5203,45.9639,0.365,1,0.028558221233112763
-111.5789,45.9375,0.375,1,0.03972105864651891
-111.5647,45.9333,0.38,1,0.030997782178731163
-111.5622,45.9328,0.41,1,0.03019954469855284
-111.5886,45.9422,0.385,1,0.04891392950888394
-111.5936,45.9492,0.3591944444444444,1,0.0575158456427407
-111.8842,45.9483,0.455,1,0.023091721460304904
-111.8936,45.9981,0.39215293674587587,1,0.07376787647750607
-111.8778,45.9964,0.48,1,0.07071948529224682
-111.8933,45.9864,0.40259310802970033,1,0.06225781557363349
-111.8953,45.9831,0.485,1,0.05954549185287247
-111.855,45.9597,0.3728277153558052,1,0.04076869509807384
-111.8519,45.9503,0.5,1,0.03529247086844236
-111.8561,45.9494,0.33,1,0.03178925132808141
-111.8631,45.95,0.52,1,0.028297005141888997
-111.815,45.9475,0.42,1,0.06560364700228077
-111.8194,45.9403,0.39,1,0.05925165398534872
-111.8153,45.9314,0.455,1,0.06170429887779578
-111.6836,45.7822,0.395,1,0.09621433157279365
-111.8342,45.9506,0.38,1,0.0495133971769285
-111.8314,45.9747,0.37,1,0.06710748467942747
-111.8383,45.9831,0.375,1,0.06948754204891523
-111.845,45.9894,0.43398066783831285,1,0.07161329834605168
-111.8353,45.9567,0.43,1,0.05202540244918269
-111.8269,45.9642,0.425,1,0.06325823661785247
-111.8328,45.9658,0.48,1,0.05980231182821859
-111.8278,45.9661,0.48,1,0.0637548311894871
-111.8022,45.9567,0.51,1,0.08088430317434664
-111.805,45.9786,0.475,1,0.08940443221674636
-111.7992,45.9794,0.36,1,0.09457541170938505
-111.7719,45.9861,0.45,1,0.11184524755214433
-111.7597,45.9744,0.54,1,0.12173730488227459
-111.7869,45.9856,0.35,1,0.10822578482043418
-111.8058,45.9711,0.455,1,0.0844632375652213
-111.8019,45.9722,0.43,1,0.08834265391077673
-111.8081,45.9606,0.43,1,0.07719562487602644
-111.8097,45.9544,0.385,1,0.07308535078932561
-111.6086,45.7564,0.46,1,0.13568039873172422
-111.6281,45.775,0.39,1,0.1448413356055598
-111.6122,45.7564,0.455,1,0.1375343251701208
-111.6164,45.7569,0.405,1,0.14020246288849827
-111.6072,45.7592,0.505,1,0.1374144628487161
-111.5672,45.7808,0.43,1,0.12212744368077545
-111.565,45.78,0.41,1,0.12281226526695321
-111.5619,45.7744,0.4,1,0.12831801315482078
-111.5533,45.7756,0.465,1,0.12726355527016162
-111.5578,45.7644,0.53,1,0.12634306708324075
-111.555,45.7622,0.525,1,0.12379602012988924
-111.6058,45.8383,0.425,1,0.07917046482117907
-111.5914,45.8403,0.42,1,0.0699677247021826
-111.5575,45.7583,0.51,1,0.1202627232354214
-111.6514,45.785,0.37,1,0.12804804410845025
-111.6533,45.7828,0.4,1,0.12569551941098933
-111.6556,45.7703,0.38,1,0.12124202076836646
-111.6547,45.7642,0.395,1,0.12151640053917581
-111.6608,45.7517,0.4,1,0.11510448992111443
-111.6672,45.7631,0.38,1,0.10896896622433438
-111.6031,45.855,0.42,1,0.06445550791050293
-111.5553,45.9189,0.41,1,0.016800074404592715
-111.5511,45.9364,0.465,1,0.034792420151514895
-111.5322,45.9542,0.34,1,0.02950376247192468
-111.5111,45.9606,0.415,1,0.0379256377665527
-111.5064,45.9617,0.41,1,0.04135545913177223
-111.5725,45.9347,0.4228277153558052,1,0.034446516514737145
-111.6044,45.9547,0.425,1,0.06718054257000111
-111.6183,45.9669,0.37,1,0.07675416145070378
-111.6672,45.8003,0.37,1,0.11776313345015987
-111.6631,45.7817,0.43,1,0.11590106815728154
-111.6775,45.7797,0.36,1,0.10143830440223192
-111.6919,45.7664,0.3,1,0.08474391777584016
-111.7008,45.7581,0.375,1,0.0751281811306451
-112.1867,45.3325,0.0,1,0.08983761795595123
-112.2728,45.3603,0.0,1,0.10832622443342527
-112.1769,45.9436,0.02,1,0.05569517393813811
