lat,lon,p_anomalous
45.9292,-112.5656,0.8647974070339057
45.92,-112.5744,0.5588452169226096
45.9167,-112.5756,0.3825964842155429
45.9111,-112.5722,0.32
45.9111,-112.5722,0.145
45.9111,-112.5722,0.09
45.9108,-112.52,0.20219504327763552
45.9108,-112.52,0.6350256254093138
45.9108,-112.52,1.0
45.9108,-112.52,0.7233978434429892
45.8819,-112.5306,0.40798087529689814
45.8806,-112.5081,0.5588452169226096
45.8831,-112.5175,0.9004596193112904
46.015,-112.6056,0.904853978605185
46.1792,-112.7083,0.5657285174078518
46.1944,-112.7375,0.8936033013603837
46.0539,-112.6022,0.47400495088868605
46.0694,-112.5964,0.47400495088868605
46.0694,-112.5964,0.6289161074153736
46.0694,-112.5964,0.71006356810418
46.0761,-112.5722,0.75166122799244
46.0761,-112.5722,0.7243324898987713
46.1944,-112.7375,0.8894030846283605
46.1944,-112.7375,0.6562237934194267
46.0761,-112.5722,0.706074366337881
46.0806,-112.5975,0.8856017733531729
46.0917,-112.5839,0.4634459712957424
46.0917,-112.5839,0.7777281325805017
46.0917,-112.5839,0.7735886182539626
46.0917,-112.5839,0.4634459712957424
46.2375,-112.5656,0.095
46.0914,-112.5889,0.8071645463404893
46.1033,-112.6194,0.4634459712957424
46.1033,-112.6194,0.4917130673008627
46.1033,-112.6194,0.7243324898987713
46.1278,-112.6042,0.8
46.1278,-112.6042,0.6350256254093138
46.1278,-112.6042,0.5077669997633156
46.1278,-112.6042,0.8787642064832768
46.2375,-112.5656,0.5622135163348464
46.2375,-112.5656,0.39080726090980406
46.1342,-112.5925,0.7756088190911608
46.1406,-112.5667,0.5545303178778827
46.1406,-112.5667,0.5582053421852833
46.1406,-112.5667,0.5312829876089699
46.1378,-112.5586,0.5649812593108545
46.1378,-112.5586,0.4917130673008627
46.1378,-112.5586,0.7946373534269341
46.1353,-112.5719,0.706074366337881
46.1392,-112.63,0.6118499515993315
46.1392,-112.63,0.7735886182539626
46.1392,-112.63,0.5111650010226204
45.9478,-112.1761,0.5077669997633156
45.9736,-112.1789,0.4634459712957424
45.8803,-112.1478,0.6746497386420072
45.9836,-112.1761,0.5649812593108545
46.1519,-112.6411,0.8688568008512993
46.2236,-112.525,0.705217121574825
46.2236,-112.525,0.75166122799244
46.2236,-112.525,0.27703128961691836
46.1867,-112.5458,0.4898182503089911
45.9797,-112.1778,0.904853978605185
46.1581,-112.6411,0.6784552631747869
46.1572,-112.6361,0.7431092512332613
46.1092,-112.6325,0.45713333660875066
46.1867,-112.5458,0.5312829876089699
46.1381,-112.6158,0.6899916147226763
46.1375,-112.6139,0.5649812593108545
46.1375,-112.6139,0.5111650010226204
46.1375,-112.6139,0.622966831207627
46.1375,-112.6139,0.75166122799244
46.135,-112.6656,0.27703128961691836
46.135,-112.6656,0.6371713989594484
46.135,-112.6656,0.8936033013603837
46.135,-112.6656,0.6459036910298037
46.1289,-112.6664,0.488245501509753
46.1236,-112.6556,0.45166062329409457
46.0139,-112.6833,0.7756088190911608
46.0139,-112.6833,0.5312829876089699
46.0139,-112.6833,0.6899916147226763
46.0503,-112.6925,0.7431092512332613
46.0503,-112.6925,0.5582053421852833
46.0503,-112.6925,0.904853978605185
46.0361,-112.6878,0.4634459712957424
46.0361,-112.6878,0.4917130673008627
46.0361,-112.6878,0.7946373534269341
46.025,-112.6753,0.622966831207627
46.025,-112.6753,0.9320025595769595
46.025,-112.6753,0.9320025595769595
46.1867,-112.5458,0.47400495088868605
46.0394,-112.7394,0.47400495088868605
46.0394,-112.7394,0.7383071442384883
46.1411,-111.8014,0.71006356810418
46.1411,-111.8014,0.5312829876089699
46.1411,-111.8014,0.7735886182539626
46.0203,-111.7739,0.71006356810418
46.0203,-111.7739,0.7735886182539626
46.0203,-111.7739,0.7243324898987713
46.0394,-112.7394,0.71006356810418
46.0247,-112.7219,0.7756088190911608
46.1792,-111.7889,0.5312829876089699
46.0247,-112.7219,0.7777281325805017
46.0247,-112.7219,0.7243324898987713
45.9708,-112.7281,0.7054484425874867
45.9897,-112.7189,1.0
45.9892,-112.7331,0.45713333660875066
45.9883,-112.7461,0.5853219771438717
45.8117,-112.3917,0.8936033013603837
45.8117,-112.3917,0.8787642064832768
45.8117,-112.3917,1.0
45.8286,-112.3872,0.4634459712957424
45.8286,-112.3872,0.7431092512332613
45.8286,-112.3872,0.9320025595769595
45.845,-112.4311,0.8173576794112107
45.9806,-112.1411,0.5077669997633156
45.9806,-112.1411,0.8688568008512993
45.9806,-112.1411,0.5312829876089699
46.3514,-111.9556,0.015
46.3514,-111.9556,0.21357116235659035
46.3514,-111.9556,0.636825729220083
46.2819,-111.9467,0.5471157369626046
46.2819,-111.9467,0.6966274937887565
46.2819,-111.9467,0.7922606240263939
46.2639,-111.8889,0.6118499515993315
46.2639,-111.8889,0.7383071442384883
46.2639,-111.8889,0.7756088190911608
46.2556,-111.8333,0.9320025595769595
46.2556,-111.8333,0.5312829876089699
46.2556,-111.8333,0.5077669997633156
46.2236,-111.7597,0.5077669997633156
46.2236,-111.7597,0.7735886182539626
46.2236,-111.7597,0.7735886182539626
45.8361,-112.2714,0.7431092512332613
45.8361,-112.2714,0.5793002217840607
45.8361,-112.2714,0.5312829876089699
46.6694,-111.9778,0.75166122799244
46.6694,-111.9778,0.033917691480314566
46.6694,-111.9778,0.5545303178778827
46.6911,-111.8694,0.24
46.6911,-111.8694,0.597488685922179
46.6911,-111.8694,0.15
46.695,-111.9056,0.6118499515993315
46.5603,-111.9722,0.5077669997633156
46.5603,-111.9722,0.904853978605185
46.5603,-111.9722,0.904853978605185
46.5639,-111.9633,0.5077669997633156
46.5639,-111.9633,0.904853978605185
46.5639,-111.9633,0.904853978605185
46.5297,-111.9903,0.6784552631747869
46.5297,-111.9903,0.6350256254093138
46.5297,-111.9903,0.47701863549177953
46.5306,-111.95,0.9320025595769595
46.5306,-111.95,0.7243324898987713
46.5306,-111.95,0.8688568008512993
46.5217,-111.9194,0.6966274937887565
46.5217,-111.9194,0.5649812593108545
46.5217,-111.9194,0.8894030846283605
46.5803,-111.9361,0.622966831207627
46.5803,-111.9361,0.7431092512332613
46.5803,-111.9361,0.6899916147226763
46.5347,-111.9333,0.6256058409655796
46.5347,-111.9333,0.7922606240263939
46.5347,-111.9333,0.5460804651799377
46.3658,-112.5825,0.7946373534269341
46.3658,-112.5825,0.9238153113361303
46.3658,-112.5825,0.7396149668355156
46.3472,-112.5928,0.9320025595769595
46.3,-112.6361,0.8476674894586134
46.3,-112.6361,0.35673195068114455
46.3,-112.6361,0.34920851495336636
46.5247,-112.2458,1.0
46.5247,-112.2458,0.98991554393451
46.5247,-112.2458,0.7942428651070498
46.5547,-112.0536,1.0
46.5547,-112.0536,1.0
46.5547,-112.0536,1.0
46.5658,-112.0583,0.7383071442384883
46.5658,-112.0583,0.8071645463404893
46.5658,-112.0583,0.7946373534269341
46.5931,-112.2417,0.5490670316434987
46.5931,-112.2417,0.5545187681577416
46.5931,-112.2417,0.5037979955526228
46.6267,-111.7944,0.6899916147226763
46.615,-111.7767,0.7383071442384883
46.615,-111.7767,0.5312829876089699
46.615,-111.7767,0.904853978605185
46.58,-111.7683,0.706074366337881
46.58,-111.7683,0.71006356810418
46.58,-111.7683,0.7383071442384883
46.5958,-111.765,0.7431092512332613
46.5958,-111.765,0.7383071442384883
46.5958,-111.765,0.7735886182539626
46.5556,-111.7925,0.8688568008512993
46.5556,-111.7925,0.8688568008512993
46.5556,-111.7925,0.904853978605185
46.5617,-111.8092,0.71006356810418
46.5617,-111.8092,0.5312829876089699
46.5617,-111.8092,0.904853978605185
46.5433,-112.1733,0.5836987837876292
46.5433,-112.1733,0.1727938870612881
46.5433,-112.1733,0.105
46.5747,-112.1453,0.71006356810418
46.5747,-112.1453,0.7777281325805017
46.5747,-112.1453,0.7946373534269341
46.5722,-112.0778,0.7946373534269341
46.5722,-112.0778,0.7396149668355156
46.5722,-112.0778,0.6289161074153736
46.5764,-112.0564,0.7243324898987713
46.5764,-112.0564,0.6150912141027425
46.5764,-112.0564,0.7396149668355156
46.5936,-112.0836,0.71006356810418
46.5936,-112.0836,0.5077669997633156
46.5936,-112.0836,0.7735886182539626
46.5758,-112.2181,0.7233978434429892
46.5758,-112.2181,0.706074366337881
46.5758,-112.2181,0.6746497386420072
46.6647,-112.2414,0.8787642064832768
46.6647,-112.2414,0.8688568008512993
46.6647,-112.2414,0.71006356810418
46.6572,-112.1956,0.9320025595769595
46.6572,-112.1956,0.7735886182539626
46.6572,-112.1956,0.8688568008512993
46.6647,-112.145,0.5077669997633156
46.6647,-112.145,0.8688568008512993
46.6647,-112.145,0.7243324898987713
46.6542,-112.1222,0.706074366337881
46.6542,-112.1222,0.8688568008512993
46.6542,-112.1222,0.7383071442384883
46.615,-112.1786,0.7383071442384883
46.615,-112.1786,0.7777281325805017
46.615,-112.1786,0.8688568008512993
46.535,-111.8292,0.7735886182539626
46.535,-111.8292,0.8688568008512993
46.535,-111.8292,0.5077669997633156
46.6728,-111.8333,0.8894030846283605
46.6728,-111.8333,0.997779894663781
46.6728,-111.8333,0.35673195068114455
46.6767,-111.8317,0.8700703213898073
46.6767,-111.8317,0.4898182503089911
46.6767,-111.8317,0.7922606240263939
46.7083,-111.7833,0.5312829876089699
46.6683,-111.8933,0.20219504327763552
46.6683,-111.8933,0.20219504327763552
46.6683,-111.8933,0.5344241279015123
46.2889,-112.6319,0.5471157369626046
45.8753,-112.4583,0.5805270545894355
45.88,-112.4597,0.895
45.8769,-112.4564,0.9713422539448154
45.8811,-112.4578,0.7953225719461934
45.8847,-112.4575,0.648873302925076
45.8831,-112.4631,1.0
45.8881,-112.4756,0.8647974070339057
45.8917,-112.4628,0.7001342557234715
45.8917,-112.4628,0.7922606240263939
45.8917,-112.4628,1.0
45.8917,-112.4628,1.0
45.895,-112.4589,0.4898182503089911
45.9061,-112.4678,0.7688166212550684
45.925,-112.4883,0.012196441117948969
45.925,-112.4883,0.10489381847900348
45.925,-112.4883,0.5470923187245949
45.9306,-112.4958,0.1805105078091973
45.9306,-112.4958,0.5769875975959676
45.9306,-112.4958,0.43781322520401034
45.9306,-112.4958,0.572339977948437
45.9083,-112.4958,0.7189635180622989
45.9083,-112.4958,0.2528690388536484
45.9083,-112.4958,0.5280096013281801
45.9047,-112.4894,0.5649812593108545
45.9047,-112.4894,0.4898182503089911
45.9047,-112.4894,0.37944466265094934
45.8997,-112.4258,0.6459036910298037
45.8831,-112.4706,0.8647974070339057
45.8944,-112.425,0.415
45.8978,-112.4206,0.375
45.8989,-112.4203,0.905
45.9044,-112.4467,1.0
45.9078,-112.4453,0.9139377848674027
45.9167,-112.4419,0.29803428178491387
45.9083,-112.4256,0.997779894663781
45.9083,-112.4256,0.581777320152544
45.9083,-112.4256,0.7189635180622989
45.8661,-112.4569,0.7242124850484865
45.8639,-112.4592,0.5662997419928302
45.8611,-112.4583,0.9559310071170073
45.8536,-112.4803,0.5496259282671437
45.8536,-112.4803,0.8014921018556126
45.8536,-112.4803,0.8682351250322051
45.8575,-112.4817,0.5657285174078518
45.8358,-112.4564,0.8793542318568204
45.8358,-112.4564,0.7136061407356332
45.8358,-112.4564,0.9817351652488263
45.9186,-112.4278,0.6507163012182973
45.9186,-112.4278,0.9250928614670058
45.9186,-112.4278,0.4237002870670893
45.9186,-112.4278,0.9885727933425243
45.8708,-112.4458,0.7136061407356332
45.8653,-112.4425,0.767410486677279
45.8431,-112.4261,0.895
45.8431,-112.4261,0.9617646714494206
45.8431,-112.4261,0.87
45.8375,-112.4147,0.5490670316434987
45.8361,-112.4044,0.8483805334840878
45.8308,-112.4075,0.8093839861432255
45.8306,-112.4075,0.625
45.8319,-112.3911,0.705217121574825
45.8319,-112.3911,0.47701863549177953
45.8319,-112.3911,0.45166062329409457
45.8283,-112.3786,0.37944466265094934
45.8283,-112.3786,0.706074366337881
45.8283,-112.3786,0.7756088190911608
45.8306,-112.3658,0.37944466265094934
45.8306,-112.3658,0.7383071442384883
45.8306,-112.3658,0.4634459712957424
45.8678,-112.3406,0.47400495088868605
45.8678,-112.3406,0.4634459712957424
45.8678,-112.3406,0.5111650010226204
45.8517,-112.2867,0.904853978605185
45.8517,-112.2867,0.6289161074153736
45.8517,-112.2867,0.8071645463404893
45.8458,-112.2939,0.6841260361988658
45.8458,-112.2939,0.8856017733531729
45.8458,-112.2939,0.47701863549177953
45.8625,-112.2836,0.7735886182539626
45.8625,-112.2836,0.7243324898987713
45.8625,-112.2836,0.5077669997633156
45.8708,-112.2861,0.7756088190911608
45.8708,-112.2861,0.7243324898987713
45.8708,-112.2861,0.47400495088868605
45.8664,-112.2611,0.8936033013603837
45.8664,-112.2611,1.0
45.8664,-112.2611,0.8245976829855408
45.8197,-112.3469,0.47701863549177953
45.8197,-112.3469,0.6371713989594484
45.8197,-112.3469,0.7960558752425712
45.8069,-112.2833,0.47701863549177953
45.8069,-112.2833,0.8856017733531729
45.8069,-112.2833,0.6118499515993315
45.7808,-112.2778,0.6866524262266743
45.7808,-112.2778,0.30242509631021247
45.7808,-112.2778,0.34188768671815134
45.7569,-112.2625,0.71006356810418
45.7569,-112.2625,0.904853978605185
45.7569,-112.2625,0.8688568008512993
45.7611,-112.2922,0.5077669997633156
45.7611,-112.2922,0.7946373534269341
45.7611,-112.2922,0.7946373534269341
45.7528,-112.3253,0.5620894976048246
45.7528,-112.3253,0.7431092512332613
45.7528,-112.3253,0.47400495088868605
45.7722,-112.3633,0.8700703213898073
45.7722,-112.3633,0.033917691480314566
45.7722,-112.3633,0.6350256254093138
45.7847,-112.3556,0.3255212633413831
45.7847,-112.3556,0.3428757831336261
45.7847,-112.3556,0.4796778693844556
45.7894,-112.3472,0.19217024283529519
45.7894,-112.3472,0.36132176186930837
45.7894,-112.3472,0.6507163012182973
46.1917,-112.0747,0.17408541775662129
46.1917,-112.0747,0.05
46.1917,-112.0747,0.5713272858269989
46.1725,-112.0328,0.7722882000442925
46.1725,-112.0328,0.04223117063697841
46.1725,-112.0328,0.742671888251195
46.2375,-112.2333,0.5352351054608657
46.1725,-112.0328,0.6841260361988658
46.2097,-112.1922,0.6866524262266743
46.2125,-112.1922,0.834205396904753
46.1828,-112.1828,0.3228756421232877
46.1828,-112.1839,0.0
46.1667,-112.2139,0.572339977948437
46.2375,-112.2333,0.572339977948437
46.1597,-112.2278,0.7718785786418533
46.1553,-112.2378,0.9420181763557158
46.1536,-112.2378,0.6866524262266743
46.1658,-112.2111,0.9559310071170073
46.1903,-112.0547,0.3736513113194728
46.1819,-112.0292,0.75166122799244
46.4958,-111.8583,0.8615546169868086
46.4797,-111.83,0.805
46.4831,-111.8358,0.76
46.1819,-112.0292,0.47400495088868605
46.4703,-111.8542,0.865
46.4728,-111.85,0.785
46.4611,-111.8567,0.85435635538262
46.4847,-111.8583,0.795
46.4872,-111.8731,0.895
46.4939,-111.8981,0.865
46.4639,-111.9275,0.835
46.4561,-111.9181,0.89
46.4383,-111.9042,0.815
46.425,-111.9281,0.815
46.4119,-111.9439,0.875
46.4133,-111.9408,0.985
46.4458,-111.9678,0.91
46.4653,-111.9947,0.92
46.4847,-111.9417,0.79
46.4906,-111.9572,0.895
46.4356,-111.9903,0.8086513113194727
46.4369,-111.995,0.935
46.4403,-111.9942,0.955
46.3922,-111.9667,0.19
46.3939,-111.9644,0.23
46.3986,-111.9769,0.155
46.4011,-111.9806,0.24
46.4058,-111.9828,0.75
46.3625,-111.9806,0.895
46.3617,-111.9814,0.81
46.3611,-111.9833,0.705
46.3547,-111.9875,0.82
46.4694,-111.9903,0.945
46.4711,-111.9931,0.88
46.3417,-111.9033,0.75
46.3417,-111.9056,0.14
46.3431,-111.8875,0.92
46.3542,-111.9528,0.07
46.3514,-111.9556,0.13
46.2844,-111.965,0.905
46.2825,-111.9694,0.895
46.2819,-111.9467,0.91
46.2694,-111.9222,0.85
46.2639,-111.8889,0.28
46.2611,-111.8681,0.085
46.2639,-111.8561,0.15
46.2542,-111.8417,0.115
46.2556,-111.8333,0.785
46.2519,-111.8139,0.805
46.2236,-111.7597,0.855
46.1944,-111.7694,0.815
46.2097,-111.7889,0.32
46.6694,-111.9778,0.185
46.6911,-111.9778,0.215
46.7333,-111.9931,0.14634817366871822
46.7311,-111.95,0.19265042414677452
46.7158,-111.9083,0.075
46.7133,-111.8653,0.815
46.6911,-111.8694,0.135
46.6758,-111.9431,0.185
46.5603,-111.9722,0.785
46.5639,-111.9633,0.76
46.5608,-111.9944,0.74
46.5528,-111.9986,0.86
46.5556,-111.9069,0.885
46.5478,-111.9686,0.755
46.5297,-111.9903,0.22
46.5322,-111.9897,0.195
46.5175,-111.9694,0.825
46.5306,-111.95,0.75
46.5031,-111.9417,0.75
46.5208,-111.9222,0.72
46.5217,-111.9194,0.775
46.5803,-111.9361,0.08
46.5683,-111.9367,0.86
46.5575,-111.8625,0.7
46.5319,-111.8667,0.825
46.5167,-111.8472,0.845
46.5097,-111.8806,0.905
46.5069,-111.9006,0.735
46.5153,-111.9019,0.8
46.5347,-111.9333,0.92
46.63,-111.7833,0.6914694525546142
46.6267,-111.7861,0.62
46.6183,-111.7617,0.705
46.615,-111.7767,0.76
46.61,-111.7842,0.825
46.6078,-111.7833,0.845
46.6033,-111.7817,0.7342205293332286
46.58,-111.7683,0.17
46.575,-111.7608,0.755
46.5717,-111.7567,0.8639412486332239
46.5883,-111.7717,0.1425643507662104
46.5958,-111.765,0.81
46.5317,-111.76,0.8
46.52,-111.7617,0.84
46.5311,-111.78,0.795
46.535,-111.77,0.785
46.5556,-111.7925,0.765
46.5533,-111.82,0.78
46.5617,-111.8092,0.7183500955864018
46.5694,-111.8222,0.75
46.535,-111.8292,0.85
46.6283,-111.83,0.785
46.665,-111.8222,0.735
46.6728,-111.8333,0.69
46.6767,-111.8317,0.775
46.6967,-111.8133,0.825
46.7083,-111.815,0.735
46.7133,-111.7667,0.79
46.7233,-111.7528,0.765
46.6683,-111.8933,0.1
46.6406,-111.8933,0.3
46.1264,-111.9792,0.205
46.0833,-111.9411,0.08
46.0858,-111.9403,0.165
46.0744,-111.9389,0.135
46.0306,-111.9197,0.15
46.0306,-111.9722,0.08
46.0292,-111.9722,0.135
46.1717,-111.9944,0.77
46.1978,-111.9633,0.785
46.2325,-111.9583,0.825
46.1667,-111.95,0.14
46.1683,-111.9292,0.795
46.1939,-111.9208,0.835
46.2144,-111.8944,0.225
46.2122,-111.8919,0.195
46.1986,-111.8958,0.86
46.1556,-111.9028,0.82
46.1542,-111.8914,0.805
46.1381,-111.8914,0.18
46.2417,-111.9744,0.865
46.135,-111.8722,0.175
46.15,-111.8653,0.25
46.1458,-111.8556,0.115
46.15,-111.8375,0.11
46.1417,-111.8306,0.115
46.1375,-111.8167,0.1797311463863907
46.1344,-111.8069,0.175
46.1069,-111.8361,0.735
46.1033,-111.8786,0.155
46.0892,-111.8556,0.79
46.0917,-111.8028,0.115
46.0875,-111.7931,0.125
46.0825,-111.7631,0.805
46.07,-111.7653,0.115
46.0533,-111.7986,0.09
46.05,-111.8111,0.08
46.0278,-111.8775,0.12
46.0208,-111.875,0.205
46.0644,-111.8742,0.095
46.0417,-111.8667,0.095
46.2736,-111.9758,0.8495773178314383
46.27,-111.9706,0.75
46.2603,-111.9628,0.795
46.2528,-111.95,0.8196853401813455
46.0686,-111.8417,0.735
46.1411,-111.8014,0.16
46.0203,-111.7739,0.055
46.0075,-111.7769,0.155
46.1278,-111.7736,0.08
46.1389,-111.7678,0.755
46.2083,-111.7944,0.15
46.1861,-111.7639,0.715
46.4686,-111.4353,0.12
46.475,-111.4061,0.105
46.4883,-111.3814,0.76
46.4397,-111.4189,0.145
46.4881,-111.3739,0.78
46.4972,-111.3228,0.175
46.4858,-111.3492,0.14
46.4858,-111.3419,0.14066948767518855
46.4772,-111.3086,0.125
46.4564,-111.3306,0.09
46.4481,-111.3267,0.225
46.4508,-111.3022,0.08
46.0028,-111.1772,0.1
46.1111,-111.1714,0.13
46.1147,-111.1556,0.235
46.0144,-111.1578,0.14
46.3781,-111.3789,0.065
46.3731,-111.4003,0.055
46.3642,-111.3083,0.06
46.3672,-111.2922,0.115
46.3422,-111.3147,0.045
46.3425,-111.3169,0.035
46.3289,-111.2772,0.02
46.3444,-111.2886,0.095
46.3689,-111.2831,0.13
46.2994,-111.2656,0.21
46.2872,-111.2592,0.115
46.4878,-111.1514,0.21
46.4878,-111.1625,0.07
46.4956,-111.1514,0.11
46.2811,-111.5181,0.145
46.0603,-111.1522,0.1520181763557158
46.0989,-111.1683,0.15
46.6506,-111.6739,0.75
46.6883,-111.6439,0.78
46.6931,-111.6256,0.775
46.7058,-111.6156,0.81
46.7169,-111.5886,0.79
46.6672,-111.6928,0.8
46.6608,-111.7192,0.735
46.6692,-111.7325,0.765
46.6803,-111.7411,0.655
46.6878,-111.7397,0.77
46.7081,-111.7231,0.715
46.7142,-111.7286,0.785
46.7314,-111.6914,0.815
46.7392,-111.7286,0.885
46.7317,-111.725,0.89
46.7369,-111.7119,0.855
46.7492,-111.6808,0.17
46.6339,-111.7231,0.76
46.6197,-111.7072,0.105
46.6297,-111.7292,0.705
46.6892,-111.5822,0.74
46.6581,-111.5425,0.22
46.6572,-111.5403,0.10063671631248472
46.6636,-111.5372,0.175
46.6869,-111.5203,0.81
46.685,-111.5208,0.825
46.6953,-111.5094,0.805
46.7217,-111.49,0.755
46.7256,-111.4967,0.715
46.7444,-111.5203,0.795
46.7369,-111.5036,0.24
46.6261,-111.5856,0.08
46.6264,-111.5872,0.085
46.6422,-111.6272,0.73
46.6433,-111.6153,0.075
46.6458,-111.6486,0.63
46.6083,-111.705,0.165
46.5914,-111.6878,0.17
46.5939,-111.6942,0.155
46.6006,-111.7017,0.18
46.6153,-111.5025,0.765
46.6214,-111.4644,0.74
46.6336,-111.4764,0.82
46.6342,-111.4444,0.77
46.6344,-111.4414,0.93
46.4897,-111.4239,0.17
46.6583,-111.4242,0.825
46.6583,-111.4231,0.88
46.66,-111.3808,0.85
46.6606,-111.3822,0.805
46.6083,-111.3872,0.81
46.6144,-111.3808,0.77
46.6144,-111.3794,0.9
46.6289,-111.3886,0.675
46.6,-111.4164,0.925
46.5903,-111.4314,0.8
46.5072,-111.3997,0.165
46.4931,-111.4267,0.145
46.4969,-111.4456,0.175
46.4917,-111.4842,0.685
46.5653,-111.4619,0.665
46.5836,-111.4361,0.78
46.5469,-111.4725,0.735
46.5464,-111.5092,0.83
46.5353,-111.5397,0.095
46.5678,-111.4981,0.63
46.5658,-111.5119,0.11
46.5736,-111.5119,0.075
46.5981,-111.5169,0.76
46.6033,-111.5817,0.045
46.5967,-111.5956,0.05
46.6075,-111.6114,0.09
46.6083,-111.6117,0.12
46.6214,-111.6239,0.035
46.5325,-111.7411,0.13685309913116814
46.5294,-111.7353,0.76
46.5039,-111.73,0.81
46.5047,-111.655,0.8615546169868086
46.5028,-111.6481,0.8492205293332286
46.5342,-111.7203,0.8025643507662105
46.5486,-111.7389,0.21865131131947277
46.5886,-111.8514,0.115
46.5875,-111.8083,0.71
46.5869,-111.7892,0.135
46.5994,-111.7858,0.795
46.6239,-111.7872,0.715
46.6286,-111.7842,0.72
46.6267,-111.7942,0.7
46.6464,-111.8281,0.82
46.6461,-111.8264,0.765
46.6714,-111.8347,0.69
46.6761,-111.8342,0.71
46.6822,-111.8369,0.79
46.695,-111.8142,0.655
46.7072,-111.8161,0.695
46.7081,-111.7831,0.7884011092699992
46.7094,-111.7839,0.78
46.7106,-111.7733,0.735
46.7139,-111.7686,0.695
46.7142,-111.7525,0.79
46.7158,-111.7569,0.77
46.7261,-111.7542,0.755
46.7347,-111.7575,0.735
46.6814,-111.8928,0.105
46.6992,-111.8986,0.155
46.6739,-111.8928,0.08
46.6578,-111.8922,0.1233500955864018
46.6464,-111.8978,0.125
46.6319,-111.9603,0.21
46.6286,-111.9717,0.245
46.6064,-111.9575,0.705
46.5994,-111.9317,0.275
46.7231,-111.9042,0.105
46.7308,-111.8983,0.05
46.7433,-111.9092,0.18
46.7458,-111.9108,0.2
46.7408,-111.8942,0.145
46.7383,-111.9533,0.17
46.7367,-111.9469,0.07
46.6997,-111.9783,0.11
46.7975,-111.7936,0.15
46.7914,-111.8872,0.145
46.7889,-111.8858,0.105
46.7908,-111.8711,0.075
46.7997,-111.8483,0.115
46.7875,-111.7875,0.11
46.7847,-111.7756,0.1
46.7567,-111.7789,0.06
46.7514,-111.7658,0.79
46.5817,-111.9864,0.73
46.5656,-111.9622,0.77
46.5414,-111.9525,0.78
46.5339,-111.9969,0.125
46.5103,-111.9522,0.79
46.5297,-111.9967,0.195
46.4972,-111.95,0.9
46.4903,-111.9633,0.86
46.4661,-111.9792,0.91
46.4786,-111.9803,0.79
46.4653,-111.9944,0.865
46.4181,-111.9994,0.83
46.4456,-111.9683,0.705
46.4406,-111.9614,0.795
46.4322,-111.9522,0.85
46.4219,-111.9497,0.875
46.4194,-111.9461,0.855
46.4233,-111.9283,0.955
46.4261,-111.9272,0.95
46.4928,-111.8978,0.78
46.4889,-111.8744,0.84
46.4869,-111.8733,0.925
46.4808,-111.8628,0.815
46.48,-111.8358,0.7
46.4828,-111.8364,0.755
46.4964,-111.8569,0.83
46.5036,-111.8494,0.785
46.5292,-111.8461,0.84
46.5519,-111.8667,0.695
46.5661,-111.8306,0.775
46.5414,-111.8283,0.725
46.5331,-111.9331,0.76
46.5331,-111.9189,0.81
46.5339,-111.9361,0.73
46.1653,-111.9658,0.8
46.1656,-111.95,0.065
46.1819,-112.0292,0.5649812593108545
46.1647,-111.93,0.815
46.1583,-111.9158,0.795
46.1658,-111.9528,0.03
46.1472,-111.9689,0.685
46.1403,-111.9558,0.09
46.1325,-111.9292,0.08889368200463707
46.1244,-111.9119,0.16
46.1044,-111.8889,0.07
46.0894,-111.8236,0.7
46.0944,-111.7819,0.72
46.0678,-111.765,0.19
46.0569,-111.7653,0.06
46.0889,-111.8019,0.125
46.0897,-111.8056,0.075
46.3339,-111.55,0.765
46.3156,-111.5783,0.85
46.3022,-111.6031,0.835
46.2636,-111.5894,0.09
46.3225,-111.5494,0.825
46.3175,-111.5472,0.845
46.3161,-111.5467,0.845
46.2961,-111.5406,0.055
46.2675,-111.5047,0.12
46.2614,-111.5028,0.07664932633581929
46.3228,-111.6269,0.805
46.3053,-111.6361,0.82
46.2756,-111.6425,0.685
46.2536,-111.6419,0.82
46.2439,-111.6372,0.825
46.2572,-111.6744,0.185
46.2642,-111.6728,0.835
46.2797,-111.6725,0.815
46.2794,-111.67,0.795
46.3303,-111.6764,0.88
46.3564,-111.6847,0.83
46.3267,-111.6964,0.85
46.3144,-111.7122,0.865
46.32,-111.7239,0.8786513113194728
46.3272,-111.7389,0.885
46.3008,-111.7356,0.765
46.2894,-111.72,0.81
46.295,-111.7197,0.885
46.4147,-111.5989,0.905
46.4286,-111.58,0.195
46.4317,-111.5683,0.125
46.4306,-111.5689,0.195
46.4578,-111.6033,0.26
46.1867,-111.4828,0.79
46.1922,-111.4889,0.73
46.2053,-111.495,0.735
46.15,-111.4469,0.09
46.1075,-111.5086,0.715
46.1,-111.5133,0.065
46.0908,-111.5247,0.085
46.0758,-111.5356,0.12
46.075,-111.5369,0.03
46.055,-111.5578,0.095
46.0194,-111.5772,0.03
46.0206,-111.5758,0.02
46.0125,-111.5792,0.02
46.0061,-111.5775,0.095
46.0025,-111.5825,0.07
46.0181,-111.6194,0.04
46.0347,-111.6203,0.07
46.2211,-111.5222,0.06
46.2106,-111.5353,0.06
46.2108,-111.5511,0.105
46.2283,-111.5119,0.10429492416438745
46.335,-111.6242,0.785
46.2433,-111.5075,0.12
46.2361,-111.5958,0.185
46.2394,-111.6147,0.07
46.2108,-111.5797,0.215
46.1694,-111.6119,0.87
46.2014,-111.6297,0.875
46.2147,-111.735,0.755
46.2014,-111.6694,0.895
46.2058,-111.6617,0.905
46.2553,-111.7175,0.84
46.2442,-111.7119,0.14
46.2403,-111.7292,0.84
46.2378,-111.7239,0.875
46.2369,-111.6772,0.86
46.2406,-111.6692,0.824108685264043
46.2314,-111.6422,0.86
46.1683,-111.7072,0.84
46.1825,-111.7422,0.74
46.1761,-111.7136,0.835
46.1631,-111.6797,0.86
46.1075,-111.6494,0.825
46.1106,-111.6975,0.855
46.0858,-111.7233,0.825
46.0086,-111.7236,0.14
46.0158,-111.7219,0.145
46.0197,-111.7217,0.04
46.0342,-111.7261,0.17389368200463706
46.0347,-111.7292,0.0970181763557158
46.0378,-111.7403,0.15
46.0636,-111.7028,0.13
46.2044,-111.9617,0.904853978605185
46.0708,-111.7022,0.195
46.0953,-111.6364,0.65
46.0789,-111.5825,0.13
46.0672,-111.5772,0.075
46.0672,-111.5789,0.085
46.0581,-111.62,0.065
46.0425,-111.6203,0.09
46.2011,-111.3906,0.14
46.1933,-111.3981,0.055
46.1936,-111.3858,0.05
46.1897,-111.3878,0.09
46.1853,-111.3706,0.06
46.1425,-111.4019,0.08
46.4833,-111.7283,0.92
46.4758,-111.7144,0.93
46.4981,-111.7325,0.81
46.4742,-111.7033,0.895
46.4667,-111.7189,0.885
46.4622,-111.7275,0.825
46.4544,-111.7336,0.87
46.4539,-111.7125,0.845
46.4456,-111.7219,0.76
46.4453,-111.7108,0.885
46.4428,-111.6728,0.845
46.4267,-111.6617,0.87
46.4169,-111.6631,0.95
46.3847,-111.6531,0.91
46.3919,-111.6319,0.83
46.3953,-111.6358,0.865
46.3964,-111.6356,0.91
46.1158,-111.4708,0.07
46.0864,-111.47,0.055
46.1197,-111.3708,0.11
46.1064,-111.3597,0.11
46.095,-111.3775,0.12
46.0769,-111.3769,0.14
46.045,-111.3997,0.075
46.0436,-111.3808,0.055
46.0392,-111.3736,0.08
46.0211,-111.3767,0.1
46.0147,-111.3461,0.195
46.0139,-111.3339,0.145
46.025,-111.3194,0.165
46.0219,-111.3075,0.12829571936710413
46.0119,-111.3042,0.135
46.0117,-111.3008,0.07885952312553864
46.0425,-111.2978,0.05
46.0594,-111.2869,0.095
46.0708,-111.3186,0.08
46.0992,-111.3344,0.035
46.1714,-111.35,0.075
46.1817,-111.3506,0.07
46.205,-111.4275,0.05476531094821471
46.2472,-111.2819,0.07
46.4792,-111.5725,0.125
46.4706,-111.5714,0.195
46.76,-111.5947,0.25
46.7514,-111.5961,0.235
46.7575,-111.5369,0.12
46.7728,-111.5244,0.15
46.7792,-111.5264,0.25
46.7894,-111.5544,0.15
46.7903,-111.5533,0.12
46.7911,-111.5753,0.15
46.7958,-111.6025,0.185
46.7911,-111.6267,0.255
46.7653,-111.6475,0.23481287001772316
46.7689,-111.6447,0.235
46.7661,-111.6606,0.185
46.7686,-111.66,0.14
46.7722,-111.7492,0.62
46.7931,-111.4658,0.095
46.7797,-111.4056,0.145
46.7653,-111.4153,0.11
46.7656,-111.3806,0.2184011092699991
46.3944,-111.3439,0.13
46.3878,-111.3106,0.13
46.3883,-111.3006,0.115
46.39,-111.2794,0.10814269005847953
46.4103,-111.4039,0.175
46.405,-111.3986,0.125
46.3186,-111.2969,0.1
46.3117,-111.3172,0.05
46.3114,-111.3203,0.12435635538261998
46.3097,-111.255,0.05
46.3147,-111.2547,0.05
46.3122,-111.2469,0.04
46.3153,-111.2775,0.03
46.3344,-111.2533,0.03
46.3344,-111.2278,0.145
46.3467,-111.2186,0.15
46.3472,-111.2175,0.09
46.3536,-111.1822,0.09
46.3544,-111.1833,0.095
46.3289,-111.1808,0.145
46.3325,-111.1731,0.055
46.2781,-111.4497,0.05
46.2783,-111.3442,0.05
46.2578,-111.3503,0.06
46.26,-111.3444,0.075
46.2636,-111.3264,0.175
46.2528,-111.2731,0.11
46.2528,-111.2706,0.055
46.2419,-111.2217,0.04
46.2406,-111.2114,0.11471004119314031
46.2344,-111.2033,0.11
46.2378,-111.2039,0.09
46.2364,-111.195,0.11
46.2283,-111.1869,0.05
46.2181,-111.1697,0.085
46.2192,-111.1661,0.12
46.3881,-111.1675,0.075
46.3883,-111.1667,0.035
46.3903,-111.2064,0.135
46.3839,-111.2136,0.15
46.3881,-111.2403,0.225
46.2972,-111.1639,0.07
46.2953,-111.1631,0.065
46.6917,-111.3122,0.84
46.5042,-111.3503,0.105
46.5061,-111.3308,0.14
46.6056,-111.3692,0.81
46.6175,-111.3739,0.845
46.6564,-111.3736,0.835
46.6697,-111.3633,0.845
46.6822,-111.3553,0.72
46.6867,-111.3561,0.765
46.6953,-111.3656,0.88
46.7022,-111.3669,0.79
46.7269,-111.3628,0.125
46.74,-111.3611,0.175
46.76,-111.3742,0.095
46.7133,-111.2522,0.125
46.6997,-111.2561,0.845
46.6989,-111.2561,0.69
46.6872,-111.2314,0.115
46.6758,-111.1561,0.09
46.6403,-111.2306,0.8
46.6347,-111.2019,0.805
46.6336,-111.1981,0.84
46.6336,-111.1969,0.77
46.6261,-111.1906,0.835
46.6006,-111.2022,0.13
46.5617,-111.2064,0.75
46.5619,-111.2072,0.83
46.6581,-111.1975,0.865
46.6681,-111.2031,0.725
46.6769,-111.2444,0.1
46.6783,-111.2511,0.77
46.6553,-111.2292,0.125
46.6958,-111.2556,0.865
46.6786,-111.2889,0.77
46.68,-111.2892,0.775
46.6833,-111.3397,0.825
46.7408,-111.2156,0.225
46.7422,-111.2161,0.215
46.7458,-111.2147,0.275
46.7533,-111.2103,0.18
46.7761,-111.1817,0.195
46.7942,-111.1783,0.16
46.7747,-111.1589,0.175
46.765,-111.16,0.23
46.7528,-111.1506,0.135
46.7339,-111.1642,0.205
46.2783,-111.9392,0.9
46.76,-111.3133,0.135
46.7636,-111.2997,0.16
46.7628,-111.2589,0.29
46.7619,-111.2681,0.1583500955864018
46.7669,-111.2897,0.245
46.5161,-111.2133,0.805
46.5303,-111.2372,0.08
46.5331,-111.2383,0.22
46.5456,-111.2,0.835
46.5844,-111.2306,0.13
46.5833,-111.2314,0.79
46.6067,-111.2131,0.1
46.0878,-111.8728,0.165
46.0803,-111.8769,0.12287564212328768
46.0639,-111.8769,0.15
46.0219,-111.8761,0.135
46.0281,-111.8761,0.175
46.0497,-111.8856,0.155
46.0775,-111.9069,0.10306380219227154
46.0953,-111.9264,0.1
46.1125,-111.9411,0.165
46.1289,-111.9772,0.15858681142653733
46.1703,-111.9939,0.915
46.1964,-111.9628,0.74
46.2047,-111.9628,0.83
46.22,-111.9675,0.81
46.2244,-111.9725,0.865
46.2456,-111.9717,0.775
46.2506,-111.9611,0.94
46.2733,-111.9769,0.725
46.2753,-111.9756,0.82
46.2753,-111.9728,0.765
46.2747,-111.9483,0.865
46.3611,-111.9878,0.85
46.3656,-111.9797,0.87
46.3611,-111.9797,0.78
46.3606,-111.9831,0.86
46.3428,-111.9969,0.16
46.7986,-111.9547,0.095
46.7931,-111.9586,0.14287564212328768
46.755,-111.8875,0.24
46.7639,-111.8897,0.15
46.2044,-111.9617,0.7735886182539626
46.2044,-111.9617,0.7946373534269341
46.62,-111.1581,0.12
46.2044,-111.9617,0.7243324898987713
46.4617,-111.9867,0.93
46.45,-111.9931,0.985
46.4506,-111.9908,0.97
46.45,-111.9892,0.96
46.4497,-111.9911,0.935
46.4411,-111.995,0.985
46.4408,-111.9994,0.88
46.4406,-111.9972,0.965
46.4364,-111.9944,0.955
46.4361,-111.9972,0.97
46.4353,-111.9994,0.975
45.4159,-111.4018,0.1
45.411,-111.3971,0.045
45.3933,-111.4113,0.045
45.394,-111.4152,0.06
45.4642,-111.4001,0.035
45.4632,-111.3916,0.04
45.4597,-111.4219,0.05
45.4504,-111.4325,0.055
45.4516,-111.4337,0.045
45.2176,-111.2045,0.07
45.216,-111.1903,0.065
45.2039,-111.2033,0.155
45.2069,-111.167,0.05
45.207,-111.1809,0.13
45.4508,-111.3719,0.04
45.2053,-111.1597,0.025
45.5453,-111.1647,0.11
45.5334,-111.1579,0.115
45.544,-111.1742,0.155
45.5269,-111.1915,0.12
45.5165,-111.1795,0.115
45.5222,-111.2201,0.08
45.5206,-111.2441,0.075
45.5795,-111.2434,0.075
45.5968,-111.2406,0.01
45.6682,-111.2285,0.06
45.6663,-111.214,0.085
45.6271,-111.2404,0.045
45.7285,-111.2479,0.11
45.7281,-111.2294,0.045
45.7422,-111.2204,0.045
45.6994,-111.1749,0.07
45.5803,-111.1697,0.1
45.5592,-111.8208,0.775
45.5452,-111.8009,0.815
45.5513,-111.8515,0.77
45.5127,-111.8205,0.79
45.5036,-111.8635,0.73
45.5342,-111.8847,0.08
45.5297,-111.886,0.06438322432302267
45.509,-111.9075,0.82
45.5049,-111.9096,0.84
45.5435,-111.7717,0.795
45.553,-111.7742,0.73
45.6624,-111.9165,0.815
45.8149,-111.5134,0.16
45.8252,-111.5138,0.105
45.8468,-111.5185,0.18
45.8574,-111.5251,0.185
45.7715,-111.5423,0.095
45.7582,-111.4869,0.105
45.755,-111.4266,0.065
45.7526,-111.3867,0.16
45.7559,-111.3583,0.08
45.7658,-111.3324,0.19
45.7826,-111.3339,0.12
45.8015,-111.3414,0.1337618393585478
45.793,-111.3156,0.22
45.7448,-111.3062,0.245
45.7343,-111.2717,0.17
45.5791,-111.3335,0.13
45.5905,-111.3805,0.13
45.5929,-111.3873,0.105
45.5988,-111.3904,0.175
45.7603,-111.8782,0.155
45.7843,-111.892,0.16
45.8038,-111.9289,0.77
45.8359,-111.9738,0.105
45.8645,-111.8306,0.08
45.8709,-111.8158,0.12
45.4807,-111.5207,0.215
45.4718,-111.5302,0.105
45.472,-111.5332,0.13473430865966937
45.4682,-111.5582,0.205
45.3054,-111.6221,0.11
45.297,-111.6307,0.05
45.3493,-111.8282,0.07
45.3479,-111.8282,0.115
45.3469,-111.812,0.125
45.3145,-111.8194,0.115
45.3282,-111.84,0.095
45.2791,-111.9038,0.695
45.3336,-111.4891,0.035
45.321,-111.4424,0.115
45.3261,-111.4353,0.09
45.3489,-111.4716,0.07
45.2639,-111.4877,0.05
45.3071,-111.4695,0.065
45.3341,-111.4786,0.085
45.2826,-111.4927,0.055
45.3569,-111.4912,0.025
45.3285,-111.4596,0.105
45.485,-111.4702,0.17
45.5526,-111.6568,0.79
45.533,-111.6383,0.74
45.6236,-111.9453,0.75
45.3713,-111.2475,0.07
45.2691,-111.3406,0.78
45.2535,-111.4426,0.075
45.2178,-111.275,0.07
45.2127,-111.2756,0.175
45.2419,-111.4065,0.075
45.2374,-111.4114,0.04
45.2869,-111.3854,0.065
45.2879,-111.3929,0.055
45.7375,-111.7448,0.03
45.7169,-111.7075,0.13
45.575,-111.7036,0.785
45.5701,-111.7223,0.74
45.5662,-111.6415,0.695
45.5021,-111.6436,0.04
45.7291,-111.8193,0.06
45.7366,-111.8504,0.11
45.7326,-111.8468,0.02
45.7306,-111.8739,0.115
45.7164,-111.8866,0.685
45.7068,-111.8813,0.6910652553124009
45.6979,-111.8883,0.69
45.6978,-111.8805,0.76
45.6992,-111.9177,0.815
45.6636,-111.917,0.825
45.7082,-111.948,0.075
45.722,-111.9597,0.16
45.7226,-111.9633,0.065
45.7281,-111.9722,0.1
45.7261,-111.9793,0.22
45.6857,-111.8625,0.185
45.6785,-111.8329,0.79
45.6624,-111.8655,0.10079608185016946
45.6442,-111.9231,0.74
45.6494,-111.86,0.055
45.6752,-111.7675,0.125
45.66,-111.7867,0.14
45.6548,-111.7851,0.14
45.623,-111.8578,0.08
45.6202,-111.8639,0.01
45.6071,-111.8653,0.105
45.602,-111.9005,0.185
45.602,-111.9035,0.135
45.5944,-111.9009,0.08
45.5684,-111.9208,0.13252787696242876
45.5595,-111.958,0.83
45.5701,-111.9814,0.935
45.6077,-111.8087,0.76
45.6024,-111.7943,0.695
45.5684,-111.7628,0.74
45.5651,-111.7604,0.785
45.563,-111.7505,0.72
45.499,-111.4592,0.085
45.3978,-111.2951,0.025
45.3948,-111.2919,0.12
45.3183,-111.2598,0.795
45.2364,-111.4099,0.055
45.2194,-111.4556,0.05
45.3047,-111.3437,0.085
45.2833,-111.3282,0.765
45.2368,-111.3754,0.075
45.4373,-111.3536,0.125
45.441,-111.4584,0.03
45.2245,-111.589,0.05
45.2311,-111.5597,0.035
45.3591,-111.3114,0.08
45.3597,-111.3179,0.055
45.2245,-111.2372,0.14
45.2051,-111.2431,0.1
45.4758,-111.7425,0.755
45.4622,-111.7306,0.87
45.4994,-111.3058,0.09787564212328767
45.5,-111.32,0.095
45.4992,-111.3433,0.065
45.5,-111.3547,0.035
45.4953,-111.3553,0.065
45.4978,-111.3581,0.115
45.4967,-111.415,0.05
45.4931,-111.2864,0.66
45.4969,-111.3228,0.02
45.4825,-111.3256,0.075
45.4906,-111.3272,0.11
45.4744,-111.2689,0.56
45.4534,-111.245,0.06
45.4476,-111.24,0.14
45.4017,-111.2213,0.04
45.4422,-111.2088,0.07
45.44,-111.1754,0.06
45.4367,-111.1673,0.07
45.4342,-111.168,0.13
45.4849,-111.2646,0.815
45.4339,-111.1524,0.125
45.3823,-111.1768,0.055
45.3727,-111.1725,0.11
45.3508,-111.1572,0.14
45.9471,-111.8927,0.125
45.976,-111.8814,0.04
45.9961,-111.8782,0.14
45.9686,-111.9,0.15
45.9564,-111.8849,0.095
45.7932,-111.7526,0.03
45.7717,-111.758,0.91
45.7545,-111.7639,0.665
45.7912,-111.7824,0.8
45.7902,-111.8136,0.83
45.8173,-111.75,0.02
45.8265,-111.7872,0.125
45.8186,-111.816,0.655
45.829,-111.8517,0.17
45.8308,-111.898,0.74
45.8452,-111.915,0.74
46.1667,-111.95,0.7431092512332613
45.8137,-111.9511,0.705
45.8322,-111.9554,0.09
45.7955,-111.9175,0.72
45.7596,-111.9622,0.115
45.7534,-111.9644,0.15
45.878,-111.8865,0.03
45.8916,-111.9314,0.69
45.9116,-111.9246,0.08
45.9226,-111.9278,0.135
45.9202,-111.9723,0.73
45.9243,-111.9736,0.755
45.938,-111.9247,0.135
45.944,-111.9415,0.09
45.887,-111.9765,0.055
45.8856,-111.987,0.77
45.9539,-111.9095,0.105
45.971,-111.9725,0.075
45.9761,-111.9211,0.21
45.9833,-111.8958,0.05
45.9941,-111.8945,0.17
45.9495,-111.8569,0.1
45.9459,-111.813,0.045
45.9561,-111.8371,0.155
45.9567,-111.8353,0.13
45.9785,-111.7999,0.055
45.9839,-111.7685,0.115
45.9017,-111.8121,0.105
45.8999,-111.7961,0.065
45.9028,-111.7916,0.055
45.8985,-111.7657,0.095
45.912,-111.7648,0.065
45.9153,-111.7532,0.05
45.8924,-111.759,0.1
45.9075,-111.7925,0.125
45.8648,-111.8605,0.09
45.9884,-111.4682,0.1
45.9506,-111.4689,0.135
45.9853,-111.4261,0.035
45.9834,-111.4109,0.07
45.9915,-111.3937,0.05
45.9926,-111.3905,0.06
46.1667,-111.95,0.5077669997633156
45.9976,-111.3925,0.02
45.9793,-111.3594,0.08
45.929,-111.4561,0.07
45.9166,-111.4512,0.05
45.9089,-111.445,0.035
45.8967,-111.4072,0.095
45.939,-111.3735,0.04
45.9617,-111.3095,0.04
45.9893,-111.3325,0.035
45.9884,-111.3262,0.03
45.6665,-111.2601,0.085
45.6764,-111.268,0.175
45.685,-111.2677,0.02
45.7073,-111.2568,0.065
45.7268,-111.2664,0.045
45.7426,-111.268,0.06
45.7188,-111.3152,0.025
45.7013,-111.3081,0.055
45.6884,-111.3123,0.05
45.687,-111.2966,0.055
45.6463,-111.3501,0.075
45.6373,-111.3486,0.055
45.6065,-111.3271,0.07
45.5992,-111.3217,0.075
45.599,-111.2937,0.055
45.5924,-111.2734,0.015
45.6949,-111.3574,0.025
45.6907,-111.3654,0.02
45.6999,-111.3606,0.025
45.7113,-111.3575,0.07
45.7264,-111.3543,0.03
45.7479,-111.3306,0.045
45.7276,-111.3968,0.03
45.6512,-111.4013,0.075
45.9811,-111.8972,0.12
45.8432,-111.5693,0.07
45.8327,-111.5699,0.02
45.7958,-111.5551,0.02
45.7822,-111.5891,0.05
45.7954,-111.6223,0.06
45.7561,-111.6496,0.025
45.7905,-111.6812,0.095
45.7913,-111.7048,0.04
45.8181,-111.7358,0.065
45.8191,-111.7158,0.085
45.8413,-111.6881,0.01
45.8622,-111.6585,0.135
45.8742,-111.6722,0.09
45.8756,-111.674,0.015
45.9011,-111.6918,0.03
45.915,-111.7047,0.13
45.9043,-111.7223,0.10973114638639071
45.913,-111.7267,0.09
45.8904,-111.6755,0.03
45.895,-111.6073,0.075
45.904,-111.6063,0.095
45.903,-111.6179,0.04
45.9188,-111.6094,0.02
45.9379,-111.6701,0.085
45.9448,-111.6399,0.055
45.9507,-111.7192,0.095
45.9525,-111.7237,0.1
45.9606,-111.6611,0.05
45.9568,-111.6707,0.17
45.9555,-111.6829,0.115
45.9552,-111.6044,0.055
45.9656,-111.6234,0.11
45.9723,-111.623,0.1
45.973,-111.6286,0.0883500955864018
45.9809,-111.6382,0.05
45.9805,-111.6296,0.035
45.9493,-111.5937,0.115
45.942,-111.5884,0.175
45.9294,-111.5644,0.71
45.9469,-111.5355,0.07
45.979,-111.5151,0.755
45.9418,-111.5041,0.02
45.9447,-111.5972,0.04
45.2524,-111.2537,0.7
45.267,-111.2725,0.765
45.2686,-111.3031,0.575
45.2437,-111.3258,0.715
45.2393,-111.3409,0.085
45.2373,-111.3485,0.04
45.2287,-111.3504,0.115
45.2731,-111.2434,0.625
45.271,-111.2372,0.755
45.3018,-111.207,0.105
45.3088,-111.1951,0.055
45.3145,-111.1833,0.065
45.3021,-111.1568,0.09
45.3241,-111.1703,0.07
45.9981,-111.1745,0.065
45.9918,-111.1651,0.035
45.977,-111.1834,0.05340110926999908
45.6596,-111.3118,0.05
45.6649,-111.3285,0.07
45.6512,-111.3445,0.115
45.6581,-111.4103,0.12
45.6291,-111.3963,0.05
45.6478,-111.4122,0.13
45.6465,-111.4368,0.03
45.6436,-111.4543,0.09
45.6417,-111.4651,0.075
45.6426,-111.497,0.095
45.7003,-111.4896,0.05
45.6879,-111.4698,0.055
45.6852,-111.4584,0.085
45.681,-111.4536,0.07435635538261998
45.7294,-111.485,0.015
45.7404,-111.4724,0.05
45.5956,-111.491,0.02
45.7152,-111.4109,0.055
45.7437,-111.4113,0.01
45.981,-111.242,0.025
45.9789,-111.2063,0.035
45.9749,-111.2098,0.155
45.9725,-111.17,0.085
45.9657,-111.1828,0.07
45.9618,-111.1829,0.03
45.7504,-111.2973,0.05
45.7578,-111.3966,0.045
45.8108,-111.4644,0.045
45.7842,-111.3978,0.065
45.7828,-111.3979,0.03
45.7842,-111.3994,0.015
45.8295,-111.3499,0.045
45.8424,-111.365,0.0
45.834,-111.4105,0.06
45.8446,-111.4108,0.065
45.8521,-111.4193,0.085
45.881,-111.4377,0.05
45.8681,-111.391,0.03
45.877,-111.4028,0.075
45.8942,-111.3334,0.04
45.9139,-111.3564,0.035
45.9434,-111.2805,0.025
45.9384,-111.2979,0.105
45.9254,-111.3174,0.01
45.9021,-111.3189,0.085
45.9524,-111.1709,0.06
45.9312,-111.17,0.06
45.9235,-111.1841,0.09
45.9112,-111.1829,0.045
45.8898,-111.2225,0.02
45.8726,-111.1792,0.12
45.3333,-111.7467,0.12
45.4191,-111.7501,0.065
45.4352,-111.7112,0.755
45.629,-111.2568,0.015
45.5638,-111.2639,0.065
45.5702,-111.2944,0.05
45.5315,-111.2504,0.135
45.5074,-111.3542,0.12
45.5029,-111.3596,0.075
45.6635,-111.295,0.05
45.3799,-111.9162,0.075
45.3794,-111.9145,0.195
45.3694,-111.9268,0.12
45.3601,-111.9338,0.035
45.3583,-111.9174,0.085
45.3591,-111.8988,0.175
45.3613,-111.9095,0.145
45.3485,-111.8904,0.74
45.3886,-111.889,0.035
45.3615,-111.9226,0.15
45.3588,-111.9415,0.05
45.3576,-111.9435,0.04
45.3252,-111.999,0.72
45.3119,-111.9802,0.725
45.2991,-111.9763,0.73
45.2663,-111.974,0.785
45.2592,-111.972,0.74
45.3001,-111.9784,0.675
45.3111,-111.9704,0.73
45.4968,-111.8046,0.72
45.4971,-111.7931,0.745
45.4822,-111.7891,0.68
45.4485,-111.763,0.725
45.4485,-111.8452,0.095
45.4526,-111.8851,0.18901204459486362
45.464,-111.8197,0.05
45.4507,-111.8158,0.11
45.4337,-111.775,0.05
45.407,-111.7543,0.11
45.4197,-111.83,0.66
45.3852,-111.8428,0.06
45.3713,-111.8149,0.095
45.3642,-111.8143,0.13
45.2965,-111.9558,0.83
45.2546,-111.9182,0.835
45.2556,-111.9172,0.67
45.258,-111.9216,0.855
45.2661,-111.9254,0.83
45.289,-111.944,0.775
45.2952,-111.9303,0.715
45.3009,-111.8813,0.05
45.3266,-111.8658,0.675
45.3093,-111.7954,0.03
45.2958,-111.763,0.135
45.2853,-111.7687,0.185
45.2809,-111.8112,0.12
45.2544,-111.8163,0.02
45.2675,-111.7821,0.085
45.2529,-111.8169,0.05
45.2491,-111.775,0.02
45.3379,-111.692,0.075
45.3383,-111.6777,0.1
45.349,-111.6874,0.075
45.3472,-111.6054,0.09
45.3973,-111.6071,0.01
45.4035,-111.629,0.195
45.2861,-111.6812,0.06
45.2531,-111.6462,0.045
45.2682,-111.6773,0.07
45.2723,-111.6362,0.195
45.3001,-111.6089,0.145
45.304,-111.5774,0.1
45.2958,-111.5746,0.035
45.2814,-111.5463,0.095
45.2794,-111.5052,0.085
45.3066,-111.7014,0.055
45.3079,-111.6957,0.08
45.241,-111.6959,0.06
45.242,-111.6459,0.11
45.2359,-111.6439,0.02
45.2373,-111.6689,0.195
45.5717,-111.5188,0.06
45.6121,-111.5915,0.14
45.6086,-111.579,0.11
45.6239,-111.5554,0.845
45.6758,-111.539,0.18
45.6973,-111.5368,0.12
45.7168,-111.5304,0.065
45.7343,-111.5405,0.17
45.7372,-111.5774,0.055
45.582,-111.5752,0.02
45.5637,-111.597,0.105
45.5373,-111.587,0.115
45.561,-111.5897,0.115
45.5853,-111.5958,0.085
45.2354,-111.8058,0.105
45.2399,-111.8549,0.06
45.2333,-111.8819,0.15
45.4737,-111.743,0.75
45.4449,-111.7079,0.74
45.449,-111.6927,0.09
45.4518,-111.6868,0.07
45.4504,-111.6677,0.115
45.4548,-111.648,0.085
45.4692,-111.6368,0.105
45.4842,-111.6289,0.115
45.4241,-111.6443,0.09
45.4124,-111.6464,0.07
45.3835,-111.6805,0.05
45.3564,-111.5854,0.07
45.3551,-111.5431,0.0776504241467745
45.3548,-111.5085,0.115
45.3521,-111.5034,0.145
45.3453,-111.5236,0.055
45.3442,-111.5327,0.04
45.6873,-111.7433,0.1
45.6475,-111.7478,0.22
45.6419,-111.6514,0.18
45.6555,-111.6532,0.04
45.6776,-111.6578,0.175
45.6796,-111.7004,0.105
45.6762,-111.7202,0.175
45.698,-111.6865,0.13
45.7237,-111.6357,0.135
45.7476,-111.6516,0.105
45.6182,-111.612,0.125
45.6153,-111.6415,0.22
45.5854,-111.6472,0.765
45.5855,-111.67,0.725
45.5981,-111.6891,0.76
45.6117,-111.7218,0.135
45.5968,-111.7397,0.16
45.5748,-111.6834,0.715
45.5695,-111.6679,0.74
45.5365,-111.6633,0.755
45.5161,-111.6525,0.77
45.5195,-111.6872,0.755
45.5172,-111.6909,0.705
45.5389,-111.7042,0.675
45.5466,-111.7059,0.835
45.5516,-111.7139,0.785
45.6548,-111.518,0.76
45.6164,-111.5415,0.805
45.6005,-111.5318,0.83
45.5883,-111.5307,0.77
46.1667,-111.95,0.5312829876089699
46.1939,-111.9208,0.71006356810418
46.1939,-111.9208,0.5582053421852833
46.1939,-111.9208,0.7243324898987713
46.2144,-111.8944,0.71006356810418
46.2144,-111.8944,0.5077669997633156
46.2144,-111.8944,0.7735886182539626
46.2122,-111.8919,0.5077669997633156
46.2122,-111.8919,0.5582053421852833
46.2122,-111.8919,0.7777281325805017
46.1986,-111.8958,0.7243324898987713
46.1986,-111.8958,0.9238153113361303
46.1986,-111.8958,0.4917130673008627
46.1556,-111.9028,0.7383071442384883
46.1556,-111.9028,0.7946373534269341
46.1556,-111.9028,0.904853978605185
46.2417,-111.9744,0.7960558752425712
46.2417,-111.9744,1.0
46.2417,-111.9744,0.8894030846283605
46.2453,-111.9708,0.622966831207627
46.1033,-111.8786,0.8787642064832768
46.1033,-111.8786,0.8688568008512993
46.1033,-111.8786,0.5077669997633156
46.4883,-112.0583,0.83
46.4903,-112.0564,0.87
46.4875,-112.0406,0.945
46.4842,-112.0917,0.87
46.4908,-112.0931,0.91
46.4936,-112.1064,0.69
46.4983,-112.1211,0.765
46.4928,-112.1161,0.885
46.4639,-112.1194,0.83
46.4603,-112.1178,0.88
46.4583,-112.1067,0.8
46.4844,-112.0111,0.855
46.4083,-112.1461,0.245
46.4111,-112.1478,0.205
46.4528,-112.0417,0.845
46.4417,-112.0625,0.875
46.4375,-112.0719,0.915
46.4297,-112.0731,0.83
46.4194,-112.1006,0.865
46.3842,-112.1111,0.85
46.3822,-112.0869,0.845
46.3814,-112.08,0.83
46.3861,-112.055,0.88
46.4694,-112.1964,0.8140120445948636
46.4728,-112.2056,0.865
46.4889,-112.2167,0.91
46.4208,-112.0294,0.905
46.4186,-112.03,0.855
46.4214,-112.0025,0.85
46.3997,-112.0256,0.885
46.3853,-112.1347,0.925
46.3728,-112.1389,0.21412858334430837
46.3472,-112.1289,0.795
46.345,-112.125,0.955
46.3353,-112.1186,0.825
46.3436,-112.0981,0.79
46.3431,-112.0903,0.875
46.3214,-112.1072,0.89
46.3083,-112.0964,0.865
46.3078,-112.0925,0.895
46.3,-112.0978,0.8286513113194728
46.36,-112.0753,0.865
46.3556,-112.1111,0.93
46.3619,-112.1111,0.925
46.3669,-112.0028,0.76
46.3647,-112.0064,0.885
46.3639,-112.0361,0.81
46.3514,-112.0422,0.85
46.3303,-112.0531,0.26
46.3361,-112.0461,0.875
46.3414,-112.0544,0.805
46.3433,-112.0542,0.81
46.2583,-112.1139,0.9
46.2881,-112.0781,0.88
46.3014,-112.0522,0.28
46.3028,-112.0547,0.28
46.2839,-112.0556,0.855
46.2897,-112.0556,0.87
46.2894,-112.0533,0.21
46.7381,-112.1556,0.8039153400604714
46.7378,-112.0714,0.805
46.7344,-112.0558,0.865
46.6853,-112.0711,0.835
46.6467,-112.0597,0.89
46.6139,-112.1158,0.715
46.6836,-112.2242,0.92
46.6864,-112.1908,0.855
46.6975,-112.1778,0.16
46.7119,-112.1769,0.15
46.7311,-112.1786,0.955
46.7389,-112.1772,0.905
46.6928,-112.1158,0.815
46.6944,-112.1128,0.87
46.7003,-112.1142,0.88
46.6997,-112.1061,0.8141615510250056
46.5794,-112.1628,0.875
46.5817,-112.1617,0.84
46.5625,-112.2081,0.165
46.5622,-112.1917,0.815
46.6753,-112.1578,0.775
46.1917,-112.6972,0.82
46.1939,-112.6917,0.865
46.2125,-112.6486,0.86
46.205,-112.6389,0.735
46.2042,-112.6444,0.89
46.195,-112.6639,0.91
46.1978,-112.6583,0.88
46.1569,-112.5403,0.085
46.1583,-112.5431,0.115
46.1528,-112.5569,0.215
46.1556,-112.5681,0.14
46.1933,-112.6322,0.8
46.2042,-112.0642,0.23
46.2044,-112.0625,0.205
46.1931,-112.0525,0.145
46.1961,-112.0492,0.145
46.2378,-112.0431,0.815
46.2403,-112.0389,0.76
46.2306,-112.0617,0.155
46.2814,-112.0708,0.825
46.2811,-112.0617,0.82
46.2792,-112.0547,0.925
46.2886,-112.0389,0.215
46.2881,-112.0356,0.19
46.2911,-112.0361,0.18
46.2981,-112.035,0.17
46.3056,-112.0278,0.355
46.3056,-112.0306,0.325
46.3097,-112.0317,0.245
46.46,-112.0256,0.83
46.4622,-112.0267,0.7923717892135228
46.1833,-112.5597,0.245
46.1861,-112.5611,0.19
46.2056,-112.5625,0.255
46.2194,-112.5625,0.21
46.2444,-112.7306,0.82
46.2431,-112.7269,0.785
46.2222,-112.6986,0.79
46.2158,-112.6569,0.86
46.2139,-112.6667,0.9
46.2186,-112.6694,0.875
46.2194,-112.6528,0.91
46.2347,-112.6492,0.89
46.2319,-112.6472,0.815
46.2583,-112.6542,0.795
46.2256,-112.7431,0.735
46.2183,-112.7458,0.7285450627418787
46.4208,-112.0903,0.825
46.4556,-112.0333,0.94
46.4569,-112.0336,0.9
46.4583,-112.0336,0.93
46.4611,-112.0175,0.28
46.4625,-112.0178,0.22
46.4642,-112.0047,0.92
46.4653,-112.0056,0.88
46.4625,-112.0075,0.9
46.4806,-112.0167,0.88
46.4883,-112.7197,0.3
46.4842,-112.6972,0.08
46.4681,-112.7181,0.135
46.4708,-112.7075,0.065
46.4522,-112.7089,0.07
46.4453,-112.7075,0.155
46.4508,-112.6844,0.055
46.4414,-112.6792,0.09
46.4425,-112.6769,0.075
46.4417,-112.6764,0.16
46.4019,-112.6278,0.77
46.4022,-112.6283,0.695
46.4258,-112.6444,0.035
46.355,-112.675,0.095
46.34,-112.6714,0.22
46.3686,-112.7194,0.06
46.3569,-112.7208,0.1
46.345,-112.7258,0.82
46.3244,-112.7275,0.67
46.2986,-112.7194,0.905
46.015,-112.6056,0.82
46.0142,-112.6036,0.72
46.0147,-112.6075,0.725
46.0539,-112.6022,0.8442205293332286
46.0556,-112.6019,0.915
46.0694,-112.5964,0.845
46.0761,-112.5722,0.83
46.0814,-112.5592,0.845
46.075,-112.5786,0.81
46.0806,-112.5975,0.85
46.0917,-112.5839,0.82
46.0914,-112.5889,0.865
46.0914,-112.6178,0.885
46.1033,-112.6194,0.3
46.1097,-112.6203,0.875
46.1278,-112.6042,0.81
46.1342,-112.5925,0.87
46.1317,-112.5844,0.2
46.135,-112.5822,0.105
46.1406,-112.5667,0.2
46.1378,-112.5586,0.245
46.1353,-112.5719,0.12
46.1392,-112.63,0.82
46.1519,-112.6411,0.9
46.1581,-112.6411,0.715
46.1572,-112.6361,0.805
46.1092,-112.6325,0.21
46.1381,-112.6158,0.915
46.1375,-112.6139,0.94
46.135,-112.6656,0.23
46.1289,-112.6664,0.2
46.0869,-112.6319,0.11
46.0356,-112.5864,0.85
46.0336,-112.5664,0.835
46.0931,-112.5139,0.145
46.0928,-112.5125,0.125
46.0783,-112.5144,0.185
46.0494,-112.5419,0.86
46.0544,-112.5517,0.86
46.055,-112.5681,0.735
46.0556,-112.5672,0.78
46.0592,-112.6258,0.815
46.0519,-112.6403,0.205
46.0481,-112.6578,0.19
46.0139,-112.6833,0.815
46.0503,-112.6925,0.87
46.0542,-112.6947,0.84
46.0625,-112.7003,0.17
46.0361,-112.6878,0.87
46.0408,-112.6708,0.72
46.025,-112.6753,0.81
46.0586,-112.7314,0.2
46.0419,-112.7292,0.77
46.0394,-112.7394,0.89
46.0183,-112.7139,0.84
46.0247,-112.7219,0.77
46.2794,-112.5769,0.14
46.3944,-112.625,0.825
46.375,-112.6014,0.74
46.3686,-112.5911,0.75
46.3658,-112.5825,0.925
46.3611,-112.5806,0.81
46.3431,-112.605,0.76935635538262
46.3319,-112.6172,0.21
46.3,-112.6361,0.195
46.2978,-112.6417,0.86
46.5428,-112.2458,0.22
46.5431,-112.2417,0.825
46.5347,-112.2458,0.83
46.5247,-112.2458,0.8665269534427602
46.5639,-112.2403,0.26
46.5603,-112.2394,0.27
46.5525,-112.0453,0.85
46.5547,-112.0536,0.83
46.5494,-112.0619,0.73
46.5536,-112.0708,0.87
46.5736,-112.0397,0.945
46.5658,-112.0583,0.95
46.5292,-112.1061,0.735
46.5625,-112.09,0.93
46.5986,-112.2472,0.125
46.5931,-112.2417,0.235
46.5331,-112.1783,0.095
46.5342,-112.1742,0.285
46.5325,-112.175,0.105
46.5433,-112.1733,0.185
46.5517,-112.1747,0.86
46.5681,-112.1653,0.835
46.56,-112.1489,0.875
46.5747,-112.1453,0.93
46.5772,-112.1472,0.935
46.5739,-112.0608,0.945
46.5722,-112.0778,0.955
46.5764,-112.0564,0.89
46.5764,-112.0539,0.76
46.5739,-112.0517,0.905
46.5681,-112.0444,0.845
46.5964,-112.0753,0.83
46.5936,-112.0836,0.835
46.595,-112.0981,0.12
46.5861,-112.1214,0.295
46.5758,-112.2181,0.22
46.6411,-112.2297,0.845
46.645,-112.2231,0.88
46.6622,-112.2308,0.86
46.6647,-112.2414,0.8
46.6572,-112.1956,0.795
46.6592,-112.1958,0.87
46.6603,-112.1822,0.885
46.6644,-112.1725,0.795
46.5906,-112.2431,0.17
46.5808,-112.2308,0.235
46.5814,-112.2189,0.215
46.5772,-112.2122,0.185
46.6647,-112.145,0.895
46.6594,-112.1392,0.89
46.6625,-112.1369,0.91
46.66,-112.1308,0.82
46.6542,-112.1222,0.77
46.6317,-112.1153,0.885
46.6311,-112.1294,0.875
46.6358,-112.1711,0.825
46.615,-112.1786,0.805
46.6147,-112.1806,0.7690120445948636
46.5981,-112.1681,0.79
46.2867,-112.6044,0.12
46.2756,-112.5781,0.265
46.3144,-112.6264,0.265
46.3042,-112.6361,0.32
46.1917,-112.0747,0.205
46.1725,-112.0328,0.11126423261503718
46.1669,-112.0222,0.15
46.1528,-112.0083,0.815
46.15,-112.0042,0.7030947901869697
46.1458,-112.0,0.84
46.2306,-112.0861,0.17
46.2286,-112.0667,0.25
46.2194,-112.05,0.18
46.2208,-112.05,0.265
46.2328,-112.0056,0.11957731783143817
46.1958,-112.1414,0.885
46.1931,-112.1414,0.845
46.2139,-112.1847,0.835
46.2097,-112.1922,0.815
46.2125,-112.1922,0.9
46.2125,-112.1333,0.81
46.1864,-112.1669,0.825
46.1828,-112.1828,0.285
46.1667,-112.2139,0.87
46.1597,-112.2278,0.825
46.1553,-112.2378,0.85
46.1536,-112.2378,0.775
46.1658,-112.2111,0.87
46.2333,-112.1458,0.26
46.2458,-112.1417,0.1
46.1903,-112.0547,0.15
46.1819,-112.0292,0.15
46.0361,-112.05,0.24
46.0458,-112.0825,0.25
46.2742,-112.0736,0.825
46.255,-112.0772,0.875
46.2292,-112.0667,0.19
46.2292,-112.0861,0.295
46.2833,-112.1583,0.775
46.2839,-112.1542,0.895
46.2333,-112.1486,0.285
46.2444,-112.1458,0.255
46.2889,-112.1292,0.825
46.3561,-112.3169,0.24
46.3392,-112.3303,0.8
46.3217,-112.3206,0.8
46.3042,-112.3033,0.87
46.2919,-112.2822,0.895
46.2867,-112.2733,0.835
46.2792,-112.265,0.7782729519036681
46.2533,-112.1861,0.885
46.2603,-112.1833,0.79
46.3125,-112.1639,0.93
46.3,-112.1944,0.875
46.2847,-112.1986,0.82
46.2631,-112.1889,0.875
46.2633,-112.22,0.79
46.27,-112.2183,0.825
46.3606,-112.2181,0.74
46.3606,-112.2222,0.8628756421232876
46.3492,-112.2139,0.83
46.2861,-112.2394,0.895
46.2161,-112.35,0.89
46.2064,-112.3444,0.81
46.0797,-112.4047,0.22
46.0847,-112.4264,0.24
46.0933,-112.3628,0.195
46.0906,-112.3681,0.21
46.2375,-112.3389,0.735
46.2425,-112.3347,0.845
46.2367,-112.3431,0.96
46.2269,-112.3486,0.925
46.1833,-112.3417,0.835
46.1764,-112.3389,0.885
46.1903,-112.3461,0.85
46.1931,-112.3417,0.785
46.1711,-112.3478,0.835
46.1656,-112.3575,0.835
46.1528,-112.4103,0.15
46.1375,-112.3944,0.255
46.1444,-112.3492,0.17
46.1417,-112.3506,0.195
46.1408,-112.3686,0.205
46.12,-112.4125,0.185
46.1119,-112.4139,0.21365131131947276
46.1022,-112.4242,0.1920181763557158
46.0944,-112.4208,0.23
46.0536,-112.4458,0.805
46.0375,-112.4333,0.285
46.0436,-112.4294,0.855
46.0067,-112.4733,0.795
46.0536,-112.4953,0.7983500955864018
46.1217,-112.4572,0.79
46.1436,-112.4739,0.795
46.1506,-112.4708,0.855
46.1536,-112.4644,0.885
46.2681,-112.1222,0.745
46.1572,-112.4556,0.195
46.1753,-112.4392,0.78
46.1772,-112.4447,0.815
46.175,-112.4472,0.88
46.1881,-112.4439,0.875
46.1958,-112.4494,0.78
46.2081,-112.4761,0.8
46.2033,-112.4694,0.825
46.2144,-112.4403,0.755
46.2653,-112.1403,0.78
46.2244,-112.4361,0.78
46.2339,-112.4597,0.875
46.2314,-112.4597,0.935
46.2411,-112.4342,0.905
46.2439,-112.4214,0.195
46.2486,-112.1375,0.18
46.2542,-112.1306,0.29
46.2556,-112.1278,0.26
46.2583,-112.1264,0.81
46.2667,-112.1236,0.77
46.2592,-112.1447,0.945
46.2625,-112.1472,0.745
46.2625,-112.1486,0.855
46.2578,-112.1583,0.89
46.2556,-112.1486,0.19
46.2764,-112.1222,0.79
46.28,-112.1239,0.835
46.2828,-112.1242,0.91
46.2856,-112.1269,0.915
46.2778,-112.0736,0.87
46.2708,-112.075,0.93
46.2625,-112.0347,0.925
46.2597,-112.0375,0.825
46.2569,-112.0694,0.9
46.2514,-112.0681,0.935
46.2486,-112.0764,0.82
46.2278,-112.0667,0.23
46.2292,-112.0889,0.25
46.2292,-112.0903,0.25
46.4122,-112.5978,0.7
46.4133,-112.5978,0.69
46.4281,-112.6097,0.14
46.4278,-112.6081,0.07
46.47,-112.575,0.1
46.4931,-112.5319,0.875
46.4836,-112.5333,0.79
46.4731,-112.5278,0.785
46.4617,-112.525,0.19
46.4722,-112.5464,0.175
46.4667,-112.5625,0.1
46.4667,-112.6667,0.145
46.4817,-112.6389,0.065
46.4222,-112.7069,0.15
46.1756,-112.6767,0.165
46.1733,-112.6764,0.335
46.1764,-112.6906,0.175
46.175,-112.7028,0.29
46.1792,-112.7083,0.88
46.1572,-112.6767,0.225
46.1569,-112.6722,0.245
46.1583,-112.6694,0.185
46.1944,-112.7375,0.85
46.1986,-112.7417,0.7840120445948636
46.2172,-112.5694,0.22
46.2378,-112.5569,0.145
46.2375,-112.5656,0.25
46.2375,-112.5708,0.165
46.2322,-112.5806,0.175
46.235,-112.5825,0.78
46.2472,-112.5978,0.84
46.2486,-112.5378,0.265
46.2528,-112.5297,0.26
46.2583,-112.5039,0.82
46.2236,-112.525,0.165
46.1964,-112.5428,0.195
46.21,-112.5381,0.24
46.2142,-112.5353,0.175
46.1867,-112.5458,0.285
46.2375,-112.2333,0.175
46.2361,-112.2328,0.255
46.1911,-112.1125,0.895
46.1889,-112.1083,0.775
46.1458,-112.1167,0.245
46.1314,-112.1089,0.23
46.1208,-112.1111,0.285
46.1111,-112.12,0.9
46.1167,-112.1244,0.855
46.1083,-112.1333,0.7870181763557159
46.1125,-112.1764,0.81
46.1036,-112.1819,0.91
46.0667,-112.1253,0.13701817635571578
46.0711,-112.1194,0.165
46.0536,-112.0961,0.2
46.0347,-112.0972,0.115
46.0042,-112.1056,0.095
46.0203,-112.1222,0.09
46.02,-112.1222,0.055
46.0333,-112.1194,0.08
46.0389,-112.1194,0.095
46.0833,-112.1,0.11
46.2514,-112.3639,0.905
46.2583,-112.3764,0.135
46.2528,-112.4,0.38
46.2639,-112.4208,0.875
46.2764,-112.4264,0.785
46.2689,-112.4417,0.92
46.2514,-112.4333,0.845
46.2528,-112.4417,0.835
46.2542,-112.4556,0.1839153400604714
46.2944,-112.4736,0.78
46.2625,-112.4792,0.89
46.2639,-112.4889,0.8640120445948637
46.2611,-112.2722,0.86
46.2597,-112.2681,0.84
46.2667,-112.3611,0.14
46.0889,-111.8236,0.7777281325805017
46.7906,-112.5867,0.77
46.7842,-112.5947,0.765
46.0917,-111.8028,0.706074366337881
46.7519,-112.6133,0.79
46.0917,-111.8028,0.5077669997633156
46.7811,-112.7933,0.185
46.7797,-112.795,0.065
46.7753,-112.7681,0.115
46.7728,-112.7519,0.765
46.7747,-112.7561,0.75
46.0917,-111.8028,0.6899916147226763
46.07,-111.7653,0.47400495088868605
46.07,-111.7653,0.9320025595769595
46.07,-111.7653,0.47400495088868605
46.0458,-112.0825,0.34920851495336636
46.0458,-112.0825,0.6350256254093138
46.7436,-112.6878,0.73
46.0458,-112.0825,0.45166062329409457
46.7761,-112.7475,0.8
46.5294,-112.4831,0.24
46.5256,-112.5314,0.79
46.5161,-112.5383,0.82
46.7686,-112.6233,0.805
46.0458,-112.0825,0.6966274937887565
46.255,-112.0772,0.581777320152544
46.2292,-112.0667,0.8122418956924582
46.2292,-112.0667,0.7710532478080645
46.2292,-112.0667,0.5460804651799377
46.2292,-112.0861,0.355
46.5319,-112.7592,0.035
46.5283,-112.7828,0.085
46.5264,-112.7956,0.085
46.5186,-112.8181,0.21
46.5656,-112.83,0.11
46.5756,-112.8133,0.21
46.5933,-112.8,0.125
46.5975,-112.7897,0.285
46.6017,-112.7808,0.24
46.6208,-112.7622,0.255
46.6514,-112.7639,0.22
46.6533,-112.7694,0.22
46.6519,-112.77,0.07
46.6481,-112.7594,0.22
46.5561,-112.8314,0.1
46.615,-112.8242,0.11
46.6286,-112.8397,0.115
46.6344,-112.8369,0.185
46.6289,-112.8475,0.1
46.4717,-112.7306,0.195
46.4872,-112.7389,0.07
46.2292,-112.0861,0.20404580989763574
46.4492,-112.7356,0.11
46.4322,-112.7444,0.1
46.4867,-112.7186,0.26
46.4883,-112.7206,0.125
46.4708,-112.71,0.11237178921352281
46.4697,-112.6919,0.15
46.4814,-112.6583,0.2
46.7922,-112.7147,0.75
46.7928,-112.7147,0.775
46.7842,-112.6642,0.855
46.7967,-112.6561,0.85
46.77,-112.6519,0.77
46.7539,-112.6294,0.78
46.7431,-112.7269,0.175
46.7436,-112.7297,0.15365131131947277
46.7008,-112.6625,0.21
46.6697,-112.6508,0.07
46.6644,-112.6419,0.13
46.6547,-112.6389,0.135
46.6408,-112.6303,0.25
46.6431,-112.6067,0.26
46.6644,-112.5722,0.78
46.6756,-112.5536,0.845
46.6858,-112.5378,0.825
46.6872,-112.5306,0.79
46.6717,-112.5878,0.69
46.6717,-112.595,0.85
46.7147,-112.5942,0.775
46.7081,-112.5875,0.86
46.7044,-112.5861,0.735
46.6664,-112.5125,0.78
46.6733,-112.5097,0.905
46.6278,-112.6986,0.135
46.6072,-112.5531,0.78
46.6328,-112.5428,0.825
46.5761,-112.5228,0.795
46.6028,-112.6253,0.13
46.5856,-112.6608,0.07
46.5881,-112.6614,0.115
46.5675,-112.6828,0.26
46.5719,-112.6703,0.105
46.5697,-112.6614,0.11
46.5483,-112.6756,0.175
46.5383,-112.7183,0.23
46.5358,-112.7381,0.14
46.5433,-112.7211,0.17
46.5356,-112.5692,0.09
46.5239,-112.5794,0.185
46.5117,-112.5694,0.19
46.5111,-112.5733,0.175
46.5456,-112.595,0.195
46.5475,-112.5933,0.185
46.5464,-112.5964,0.17
46.56,-112.5333,0.115
46.5456,-112.5403,0.19
46.5453,-112.5422,0.165
46.6306,-112.4983,0.77
46.6289,-112.4947,0.825
46.6656,-112.4711,0.715
46.6753,-112.4744,0.835
46.6831,-112.4706,0.82
46.6939,-112.4622,0.895
46.6903,-112.4553,0.875
46.6142,-112.485,0.86
46.5994,-112.445,0.19
46.5861,-112.4311,0.115
46.5667,-112.4692,0.245
46.5422,-112.4456,0.845
46.5025,-112.4142,0.825
46.5039,-112.3717,0.8106527182253473
46.5256,-112.3983,0.73
46.5561,-112.3603,0.255
46.5775,-112.2869,0.85
46.5703,-112.2592,0.19
46.5664,-112.2583,0.125
46.5064,-112.2622,0.79
46.5136,-112.2628,0.77
46.2292,-112.0861,0.13032107520928146
46.5997,-112.2514,0.185
46.5689,-112.3658,0.105
46.5814,-112.3592,0.21
46.5844,-112.3567,0.18
46.5992,-112.3489,0.135
46.6114,-112.3331,0.195
46.6442,-112.3306,0.235
46.6417,-112.285,0.815
46.6606,-112.2822,0.935
46.6389,-112.2581,0.83
46.2375,-112.2333,0.07719644111794896
46.6858,-112.2644,0.83
46.6811,-112.2669,0.855
46.6178,-112.435,0.735
46.6558,-112.4417,0.23
46.6433,-112.4486,0.155
46.6622,-112.3917,0.845
46.7094,-112.4183,0.805
46.7069,-112.4175,0.86
46.7025,-112.3911,0.895
46.6761,-112.3361,0.205
46.6858,-112.3558,0.945
46.7128,-112.3561,0.875
46.7383,-112.3836,0.845
46.7375,-112.3775,0.93
46.7356,-112.3092,0.85
46.7583,-112.2508,0.875
46.7864,-112.2594,0.36
46.7853,-112.2847,0.125
46.7908,-112.3036,0.155
46.7822,-112.3514,0.905
46.7936,-112.3975,0.83
46.7928,-112.3825,0.19
46.7861,-112.4161,0.715
46.7569,-112.4211,0.79
46.7536,-112.4631,0.29
46.7803,-112.4789,0.195
46.7719,-112.4869,0.22
46.7981,-112.4542,0.215
46.2833,-112.1583,0.7722882000442925
46.2839,-112.1542,0.5769875975959676
46.7717,-112.2214,0.91
46.7594,-112.1975,0.9
46.7644,-112.1772,0.73
46.7817,-112.1494,0.12
46.7922,-112.1678,0.1
46.2839,-112.1542,0.5657285174078518
46.7978,-112.0153,0.1
46.7878,-112.0303,0.235
46.7872,-112.0336,0.23
46.7583,-112.0161,0.165
46.76,-112.0408,0.695
46.7522,-112.0872,0.13
46.7894,-112.1222,0.115
46.2572,-112.7733,0.14
46.2675,-112.8481,0.165
46.2839,-112.8314,0.125
46.3031,-112.7708,0.18
46.3372,-112.765,0.155
46.3983,-112.7861,0.23
46.4328,-112.8156,0.17
46.4411,-112.85,0.14
46.4697,-112.8228,0.2
46.4633,-112.7653,0.135
46.3931,-112.7964,0.16
46.4939,-112.7586,0.17
46.235,-112.8283,0.215
46.2078,-112.8497,0.1
46.1689,-112.7558,0.105
46.15,-112.7522,0.185
46.12,-112.7736,0.215
46.1156,-112.7881,0.13
46.0997,-112.7967,0.095
46.0633,-112.7664,0.155
46.0478,-112.775,0.175
46.0125,-112.7533,0.755
46.0197,-112.7892,0.17
46.0158,-112.8114,0.255
46.0297,-112.8256,0.16
46.0494,-112.8414,0.3
46.4558,-112.665,0.1
46.4447,-112.6825,0.06
46.4169,-112.6397,0.15
46.4278,-112.6114,0.105
46.4314,-112.5861,0.09
46.4333,-112.5864,0.155
46.4244,-112.62,0.095
46.2822,-112.75,0.185
46.3394,-112.7492,0.84
46.3603,-112.7461,0.205
46.2994,-112.7206,0.795
46.2511,-112.6344,0.9386513113194728
46.2592,-112.6547,0.145
46.3283,-112.7111,0.785
46.2775,-112.6331,0.21
46.2764,-112.5811,0.155
46.2864,-112.6061,0.115
46.2897,-112.6325,0.205
46.4014,-112.6306,0.77
46.4133,-112.5883,0.715
46.3822,-112.5936,0.895
46.3867,-112.5819,0.77
46.3714,-112.5689,0.91
46.3711,-112.5672,0.86
46.3508,-112.5608,0.815
46.35,-112.5619,0.78
46.3475,-112.5914,0.82
46.3411,-112.6036,0.15
46.3133,-112.6306,0.205
46.3056,-112.6417,0.9128756421232876
46.3386,-112.6728,0.225
46.3614,-112.6803,0.165
46.3722,-112.6942,0.18
46.2592,-112.505,0.815
46.2525,-112.5083,0.845
46.4603,-112.1178,0.718483987075003
46.2522,-112.5286,0.215
46.2503,-112.5456,0.245
46.2508,-112.5908,0.875
46.4933,-112.5347,0.83
46.485,-112.5344,0.715
46.4731,-112.5306,0.73
46.4644,-112.5194,0.245
46.4628,-112.5228,0.185
46.4603,-112.1178,0.9420871034556789
46.4083,-112.1461,0.6070458848368262
46.4083,-112.1461,0.33452091166556613
46.4083,-112.1461,0.34
46.4417,-112.0625,0.8233814639400308
46.4417,-112.0625,0.5471157369626046
46.4417,-112.0625,0.742671888251195
46.4297,-112.0731,0.3945121264139047
46.4297,-112.0731,0.6841260361988658
46.4297,-112.0731,0.8583373253387685
46.3842,-112.1111,0.8856017733531729
46.3842,-112.1111,0.706074366337881
46.3842,-112.1111,0.7756088190911608
46.3842,-112.1111,1.0
46.3822,-112.0869,0.7922606240263939
46.3753,-112.8492,0.14
46.3081,-112.8072,0.23
46.3425,-112.8067,0.185
46.3542,-112.7897,0.13
46.3669,-112.7714,0.09
46.3978,-112.7631,0.125
46.4333,-112.7556,0.08
46.4314,-112.7575,0.135
46.3189,-112.7606,0.785
45.4922,-112.6522,0.8180831539153266
46.3572,-112.8394,0.22865131131947275
46.2681,-112.3825,0.845
46.2675,-112.3931,0.81
46.2681,-112.3528,0.755
46.3403,-112.3389,0.84
46.3639,-112.3014,0.79
46.3822,-112.0869,0.5649812593108545
46.3625,-112.3028,0.89
46.3375,-112.2639,0.81
46.3028,-112.2556,0.75
46.3028,-112.2528,0.74
46.3533,-112.3678,0.8912642326150372
46.355,-112.3661,0.815
46.3725,-112.3503,0.9
46.3858,-112.3339,0.845
46.3964,-112.3147,0.85
46.3983,-112.3075,0.82
46.3944,-112.2928,0.925
46.3931,-112.2981,0.85
46.4556,-112.2583,0.905
46.4569,-112.2806,0.815
46.4556,-112.2833,0.965
46.4528,-112.2819,0.935
46.4306,-112.2694,0.865
46.4967,-112.2781,0.87
46.4767,-112.2864,0.92
46.4725,-112.2811,0.88
46.475,-112.3694,0.785
46.4772,-112.35,0.86
46.4708,-112.3444,0.125
46.4589,-112.3497,0.8907512842465752
46.4639,-112.3264,0.835
46.4583,-112.3333,0.825
46.4592,-112.3364,0.78
46.4883,-112.3717,0.87
46.4208,-112.3528,0.875
46.4194,-112.3528,0.95
46.4194,-112.3625,0.92
46.4325,-112.3944,0.82
46.4089,-112.4083,0.885
46.4153,-112.4958,0.115
46.4125,-112.4931,0.17
46.4306,-112.4806,0.09
46.4333,-112.4694,0.125
46.4367,-112.4486,0.16
46.4764,-112.4472,0.755
46.4736,-112.4472,0.71
46.4764,-112.4375,0.875
46.4808,-112.005,0.825
46.4814,-112.0014,0.85
46.4786,-112.0019,0.925
46.4833,-112.0014,0.895
45.8031,-112.7464,0.23
45.8072,-112.7431,0.1
45.8197,-112.7378,0.07
45.8089,-112.5933,0.88
45.7967,-112.5681,0.815
45.7558,-112.6025,0.795
45.7644,-112.5967,0.765
45.7697,-112.5244,0.725
45.7661,-112.5278,0.84
45.765,-112.5922,0.715
45.7689,-112.5806,0.815
45.7694,-112.5753,0.78
45.7756,-112.5636,0.805
45.7961,-112.5164,0.81
45.7925,-112.5547,0.8636213285350715
45.8206,-112.5206,0.74
45.9528,-112.7056,0.24
45.9217,-112.7233,0.3
45.9111,-112.7244,0.345
45.9128,-112.7197,0.16
45.9117,-112.7097,0.23787564212328768
45.9033,-112.7111,0.19
45.8794,-112.7167,0.295
45.8744,-112.7389,0.205
45.8522,-112.7383,0.255
45.8469,-112.6939,0.255
45.8353,-112.7075,0.09
45.8381,-112.7014,0.2
45.8225,-112.6917,0.065
45.7975,-112.6833,0.8
45.7953,-112.6842,0.7936513113194728
45.7556,-112.7406,0.145
45.9775,-112.6522,0.845
45.9689,-112.6478,0.24
45.9536,-112.6628,0.205
46.3822,-112.0869,1.0
45.9389,-112.6644,0.18
45.9311,-112.6672,0.235
45.7894,-112.7122,0.1
45.7889,-112.7139,0.165
45.7708,-112.7258,0.15
45.765,-112.7278,0.145
45.7753,-112.7153,0.22
45.9556,-112.5597,0.815
45.9564,-112.5608,0.805
45.9292,-112.5656,0.23
46.2839,-112.1542,0.7140861658128657
45.92,-112.5744,0.245
45.9167,-112.5756,0.155
45.9111,-112.5722,0.26
45.9108,-112.52,0.815
45.8819,-112.5306,0.845
45.8806,-112.5081,0.34
45.9708,-112.7281,0.21
45.9917,-112.7356,0.775
45.8117,-112.3917,0.845
45.8167,-112.4022,0.805
45.8153,-112.3956,0.79
45.8217,-112.3944,0.82
45.8286,-112.3872,0.68
45.7806,-112.3983,0.12
45.845,-112.4311,0.845
45.8422,-112.4883,0.25
45.9806,-112.1411,0.17
45.9683,-112.1544,0.135
45.965,-112.1611,0.16401204459486365
45.9844,-112.1456,0.085
45.8044,-112.4019,0.87
45.8361,-112.2714,0.86
45.8753,-112.4583,0.83
45.88,-112.4597,0.865
45.8769,-112.4564,0.915
45.8811,-112.4578,0.89
45.8847,-112.4575,0.795
45.8831,-112.4631,0.865
45.8881,-112.4756,0.805
45.8917,-112.4628,0.885
45.895,-112.4589,0.895
45.9061,-112.4678,0.74
45.9069,-112.475,0.235
45.925,-112.4883,0.145
45.9306,-112.4958,0.295
45.9222,-112.4833,0.225
45.9083,-112.4958,0.205
45.9047,-112.4894,0.115
45.8956,-112.4811,0.83
45.8997,-112.4258,0.86
45.8831,-112.4706,0.91
45.8944,-112.425,0.275
45.8978,-112.4206,0.18
45.8989,-112.4203,0.865
45.9044,-112.4467,0.93
45.9078,-112.4453,0.87
45.9167,-112.4419,0.25
45.9083,-112.4256,0.805
45.9122,-112.4328,0.22
45.9889,-112.4556,0.885
45.9894,-112.4556,0.865
45.99,-112.4561,0.895
45.9806,-112.4694,0.91
45.9789,-112.4608,0.955
45.9917,-112.4706,0.87
45.9956,-112.4658,0.95
45.8661,-112.4569,0.885
45.8639,-112.4592,0.9
45.8611,-112.4583,0.8
45.8539,-112.4806,0.215
45.8536,-112.4803,0.12
45.8575,-112.4817,0.22
45.8358,-112.4564,0.885
45.9686,-112.4553,0.225
45.9428,-112.4514,0.915
45.9386,-112.4497,0.905
45.9333,-112.4458,0.96
45.9186,-112.4278,0.855
45.8708,-112.4458,0.855
45.8653,-112.4425,0.87
45.8431,-112.4261,0.915
45.8361,-112.4044,0.805
45.8308,-112.4075,0.83
45.8306,-112.4075,0.81
45.8319,-112.3911,0.8241285833443084
45.8317,-112.3836,0.76
45.8283,-112.3786,0.835
45.8325,-112.3675,0.065
45.8306,-112.3658,0.1
45.8314,-112.3639,0.13
45.8511,-112.3611,0.165
45.8544,-112.3708,0.23
45.8611,-112.3597,0.12
45.8681,-112.3408,0.27
45.8678,-112.3406,0.20201817635571578
45.8692,-112.3367,0.83
45.8353,-112.3158,0.11
45.8381,-112.3122,0.16
45.8403,-112.2953,0.1537954924700046
45.8367,-112.3328,0.215
45.8344,-112.3556,0.17
45.8444,-112.4056,0.755
45.8517,-112.2867,0.7328756421232876
45.8453,-112.2961,0.065
45.8531,-112.2656,0.73
45.8558,-112.2811,0.88
45.8556,-112.2694,0.73
45.8458,-112.2939,0.13
45.8611,-112.2922,0.785
45.8625,-112.2836,0.195
46.3822,-112.0869,0.6118499515993315
45.8708,-112.2958,0.7548028837560327
45.8728,-112.3044,0.78
45.8708,-112.2861,0.74
45.8664,-112.2611,0.79
45.8375,-112.2886,0.765
45.8322,-112.2922,0.755
45.8197,-112.3469,0.165
45.8161,-112.3392,0.16
45.8042,-112.3339,0.255
45.8069,-112.2833,0.7719839485354447
45.8069,-112.2833,0.72
45.8028,-112.2769,0.795
45.8083,-112.2706,0.845
45.8111,-112.2533,0.775
45.7808,-112.2778,0.25
45.7667,-112.2711,0.125
45.7592,-112.2639,0.095
45.7569,-112.2625,0.11962071996331397
45.7544,-112.2589,0.105
45.7611,-112.2922,0.1874750753542985
46.1167,-112.1244,0.488245501509753
45.7647,-112.2875,0.12
45.7711,-112.3303,0.105
45.7667,-112.3306,0.25
45.7528,-112.3253,0.205
45.7594,-112.3278,0.115
45.7744,-112.3625,0.195
45.7722,-112.3633,0.135
45.7633,-112.3639,0.1627798946637811
45.7847,-112.3556,0.215
45.7903,-112.3472,0.18
45.7894,-112.3472,0.215
45.7942,-112.3628,0.255
45.8,-112.3353,0.17
45.7797,-112.3208,0.16
45.7756,-112.3306,0.03787564212328767
45.8983,-112.1989,0.135
45.8983,-112.1986,0.16
45.9069,-112.2458,0.7040120445948637
45.8989,-112.2319,0.14
45.8986,-112.2314,0.15
46.3814,-112.08,0.8235895418009188
45.8892,-112.2436,0.815
45.8906,-112.2089,0.11
45.9036,-112.1797,0.195
45.9125,-112.1817,0.09
45.8911,-112.1639,0.18
45.8897,-112.1583,0.115
45.8889,-112.1547,0.135
45.8806,-112.1472,0.15
45.8931,-112.175,0.22
45.8794,-112.1417,0.12
45.9217,-112.1844,0.17
45.9264,-112.1833,0.13
45.9319,-112.1764,0.105
45.9344,-112.1764,0.155
45.9428,-112.1764,0.17
45.9472,-112.1764,0.2
45.9478,-112.1764,0.16232649645007985
45.9572,-112.1686,0.18
45.9592,-112.1675,0.235
45.9606,-112.1667,0.16
45.9656,-112.1706,0.13
45.9703,-112.1944,0.135
45.9722,-112.1786,0.19
45.9797,-112.1772,0.145
45.9861,-112.1764,0.13
45.9856,-112.1794,0.21
45.8786,-112.2456,0.725
45.9194,-112.2156,0.05
45.9153,-112.2306,0.17
45.9167,-112.2292,0.13
46.4208,-112.0294,0.9967544920817023
45.9208,-112.2303,0.2
45.9186,-112.2319,0.12
45.9497,-112.2397,0.77
45.9519,-112.2417,0.79
45.9622,-112.2611,0.87
45.9278,-112.2694,0.885
45.92,-112.2644,0.745
45.9533,-112.2806,0.9
45.9772,-112.2722,0.21
45.9822,-112.255,0.87
45.9781,-112.2608,0.835
45.9911,-112.2369,0.845
45.9725,-112.2319,0.845
45.975,-112.2486,0.84
45.9639,-112.2892,0.88
45.9689,-112.2931,0.855
45.9803,-112.3031,0.89
45.9856,-112.305,0.855
45.9803,-112.3136,0.895
45.9581,-112.2964,0.885
45.965,-112.3014,0.935
45.9678,-112.3192,0.935
45.9811,-112.3231,0.88
45.9867,-112.3328,0.805
45.9958,-112.3361,0.795
45.9961,-112.3639,0.875
45.995,-112.3544,0.88
45.9828,-112.3389,0.85
45.9819,-112.3389,0.875
45.9844,-112.3528,0.845
45.9244,-112.4097,0.875
45.9283,-112.3944,0.86
45.9283,-112.3922,0.915
45.9217,-112.3767,0.8836513113194728
45.9253,-112.3711,0.82
45.925,-112.3586,0.85
45.925,-112.3394,0.82
45.9367,-112.3625,0.3
45.9392,-112.3425,0.755
45.9444,-112.3278,0.81
45.9533,-112.3294,0.755
45.9,-112.3833,0.245
45.8744,-112.35,0.23
45.8864,-112.3217,0.835
45.8944,-112.3331,0.8674579216977679
45.8972,-112.3397,0.87
45.8917,-112.3244,0.86
45.9083,-112.2814,0.705
45.9111,-112.2761,0.75
45.9122,-112.2764,0.75
46.4186,-112.03,0.5295337129879624
46.4186,-112.03,0.7054484425874867
46.4186,-112.03,1.0
46.4186,-112.03,0.8122418956924582
46.1167,-112.1244,0.9415199958309008
45.9069,-112.2458,0.5545303178778827
45.2119,-112.8036,0.17
45.21,-112.7942,0.15
45.2356,-112.7822,0.07
46.4214,-112.0025,0.7710532478080645
45.6364,-112.7531,0.765
45.6714,-112.8203,0.235
45.9069,-112.2458,0.5545303178778827
45.6439,-112.8078,0.14
45.6431,-112.8078,0.155
46.3997,-112.0256,0.7103255214397273
46.3853,-112.1347,0.8476674894586134
45.8475,-112.8486,0.18
45.9653,-112.7903,0.16
45.9097,-112.7792,0.175
45.9078,-112.7819,0.18287564212328766
45.9056,-112.7903,0.19
46.3853,-112.1347,0.98991554393451
45.7819,-112.7867,0.14748044125452908
45.7819,-112.7861,0.215
46.3853,-112.1347,0.9530275958304631
46.3853,-112.1347,0.8583373253387685
46.3472,-112.1289,0.706074366337881
46.3472,-112.1289,0.9320025595769595
45.9833,-112.8139,0.125
45.9811,-112.8089,0.24
45.9814,-112.8036,0.145
46.3472,-112.1289,0.706074366337881
45.9656,-112.8394,0.78
45.9653,-112.8392,0.87
45.85,-112.6917,0.155
45.8289,-112.7053,0.135
45.8028,-112.7458,0.14314975482807063
45.8875,-112.7733,0.305
45.8844,-112.7917,0.225
45.8847,-112.7917,0.285
45.8481,-112.85,0.175
46.3436,-112.0981,0.45713333660875066
46.3436,-112.0981,0.8483805334840878
46.3436,-112.0981,0.8483805334840878
46.3431,-112.0903,0.5280096013281801
45.9069,-112.2458,0.8787642064832768
46.3214,-112.1072,1.0
45.2247,-112.8328,0.2
45.2242,-112.8261,0.15
46.3214,-112.1072,0.6118499515993315
46.3214,-112.1072,0.4898182503089911
45.8989,-112.2319,0.622966831207627
45.2986,-112.82,0.75
45.2875,-112.8139,0.8
45.2661,-112.8078,0.67
46.3214,-112.1072,0.4738953280863036
45.8989,-112.2319,0.6899916147226763
45.2972,-112.6417,0.065
45.3192,-112.6417,0.16
45.3319,-112.6361,0.18
45.35,-112.6667,0.09
45.3597,-112.6542,0.085
45.4278,-112.6003,0.05
45.4269,-112.6036,0.135
45.4319,-112.615,0.185
45.4325,-112.5408,0.09
45.4278,-112.6417,0.205
45.4489,-112.6514,0.195
45.2183,-112.5642,0.18
45.2369,-112.5417,0.215
45.3772,-112.5181,0.12
45.2183,-112.5111,0.055
45.2183,-112.5092,0.155
45.2183,-112.5081,0.055
45.2092,-112.5436,0.10237178921352282
45.8989,-112.2319,0.5111650010226204
45.8892,-112.2436,0.6899916147226763
45.42,-112.6911,0.1
45.4214,-112.6967,0.175
45.4111,-112.7131,0.16
45.4386,-112.7406,0.125
45.4547,-112.7003,0.195
45.4933,-112.7161,0.225
45.4883,-112.6844,0.145
45.4944,-112.6556,0.8
46.3,-112.0978,0.6966274937887565
45.4892,-112.65,0.845
45.485,-112.6508,0.815
45.4819,-112.6486,0.82
45.4792,-112.6472,0.865
45.4686,-112.6111,0.77
45.4581,-112.6133,0.13
45.4486,-112.5939,0.145
45.4597,-112.5803,0.895
45.4436,-112.5597,0.195
45.4825,-112.5742,0.855
45.4608,-112.5553,0.065
45.4528,-112.5069,0.125
45.4464,-112.5197,0.11
45.4378,-112.5717,0.08
45.2744,-112.7694,0.77
45.2836,-112.7781,0.935
45.2978,-112.8014,0.77
45.3556,-112.7822,0.255
45.3561,-112.7842,0.17
45.345,-112.8031,0.19
45.3514,-112.7431,0.165
45.3486,-112.7278,0.125
45.3386,-112.7192,0.12
45.335,-112.7197,0.27
45.3222,-112.7322,0.095
45.3222,-112.7361,0.135
45.3272,-112.7303,0.215
45.3111,-112.7031,0.165
45.2953,-112.7344,0.77
45.2819,-112.7497,0.85
45.2903,-112.7097,0.745
45.28,-112.7272,0.795
45.2844,-112.7028,0.765
46.3556,-112.1111,0.6899916147226763
46.3556,-112.1111,0.7383071442384883
46.3556,-112.1111,0.7383071442384883
46.3625,-111.9806,0.686101593814112
45.4511,-112.8358,0.1
45.4489,-112.8403,0.195
45.4478,-112.8389,0.18
45.2167,-112.6733,0.74
45.2028,-112.6917,0.745
45.2328,-112.7111,0.14
45.4042,-112.8406,0.7322409095963528
45.4006,-112.8378,0.7679457178089217
46.3625,-111.9806,0.865
46.3625,-111.9806,0.9970181763557159
45.2356,-112.0264,0.745
45.24,-112.0944,0.73
45.2197,-112.1158,0.785
45.2175,-112.0942,0.695
45.215,-112.0642,0.8
45.2161,-112.0133,0.73
45.2203,-112.4283,0.08
45.2106,-112.4069,0.11751890506843322
45.22,-112.3914,0.11
45.7333,-112.7372,0.095
45.7256,-112.7353,0.06
45.7144,-112.7031,0.715
45.73,-112.6744,0.805
45.7386,-112.6753,0.77
45.7428,-112.67,0.81
45.7436,-112.67,0.28
45.6747,-112.6928,0.785
45.6675,-112.6767,0.8892949241643875
45.6825,-112.6567,0.8745773178314381
45.7017,-112.6294,0.905
45.7014,-112.6286,0.87
45.6594,-112.6764,0.805
45.6219,-112.7006,0.705
45.625,-112.7194,0.13
45.6408,-112.7264,0.08
45.6431,-112.7189,0.125
45.6425,-112.7194,0.12
45.5917,-112.7403,0.14
45.6164,-112.7525,0.82
45.5947,-112.7908,0.2
45.5919,-112.8089,0.185
45.5761,-112.8028,0.15
45.6311,-112.6739,0.885
45.6289,-112.6717,0.725
45.6478,-112.6347,0.82
45.6503,-112.6292,0.845
45.6608,-112.6042,0.18
45.6597,-112.6033,0.13
45.6739,-112.5867,0.25
45.6797,-112.5706,0.115
45.6803,-112.5636,0.285
45.5639,-112.7556,0.08
45.6175,-112.6942,0.72
45.6011,-112.6942,0.725
45.5392,-112.7133,0.065
45.5436,-112.7086,0.1
45.5467,-112.7056,0.16
45.2108,-112.3436,0.075
45.2317,-112.2997,0.105
45.2033,-112.2531,0.13
45.2369,-112.3908,0.1
45.2389,-112.3917,0.09
45.2486,-112.3786,0.07
45.2222,-112.1872,0.17
45.2147,-112.1756,0.13
45.2131,-112.1686,0.095
45.2064,-112.1561,0.08
45.2039,-112.1508,0.105
45.2153,-112.1367,0.05
45.2208,-112.1333,0.135
45.2269,-112.1456,0.085
45.2375,-112.1931,0.08
45.3711,-112.1961,0.085
45.3564,-112.1656,0.065
45.3542,-112.1656,0.08
45.3258,-112.1625,0.12
45.3186,-112.1486,0.065
45.3142,-112.1375,0.1
45.3119,-112.1333,0.06
45.2925,-112.1397,0.08
45.2578,-112.1503,0.05
45.2503,-112.1961,0.09
45.2536,-112.2328,0.09
45.2961,-112.0708,0.08
45.5458,-112.6972,0.175
45.5714,-112.7008,0.085
45.5689,-112.7389,0.11
45.5903,-112.6708,0.71
45.6075,-112.6597,0.72
45.5875,-112.6478,0.81
45.545,-112.5308,0.74
45.5375,-112.5542,0.82
45.5317,-112.5475,0.165
45.5183,-112.56,0.2492595908166881
45.5233,-112.6028,0.825
45.5686,-112.5989,0.805
45.5758,-112.6078,0.795
45.5711,-112.58,0.805
45.6056,-112.6019,0.11
45.6086,-112.6031,0.155
45.6222,-112.6097,0.085
45.6322,-112.6153,0.75
45.6258,-112.5208,0.705
45.6047,-112.5397,0.785
45.5931,-112.53,0.775
45.5842,-112.5261,0.81
45.5311,-112.7428,0.135
45.5436,-112.7903,0.175
45.5442,-112.7919,0.08
45.5244,-112.8472,0.32
45.5197,-112.8339,0.155
45.5108,-112.7522,0.09
45.5333,-112.6683,0.735
45.5681,-112.6814,0.085
45.5686,-112.6319,0.7542595908166883
45.7714,-112.2494,0.2
45.7811,-112.2328,0.04
45.7939,-112.2364,0.025
45.8353,-112.2156,0.14
45.8342,-112.2008,0.19771108997088416
45.8278,-112.175,0.085
45.8147,-112.1675,0.04
45.8006,-112.1806,0.095
45.7667,-112.1811,0.125
45.7925,-112.1567,0.13
45.8103,-112.1233,0.105
45.81,-112.1225,0.155
45.8367,-112.1456,0.08
45.8517,-112.14,0.27
45.8706,-112.1139,0.275
45.7928,-112.0022,0.825
45.7953,-112.03,0.775
45.8131,-112.0122,0.74
45.3083,-112.2831,0.155
45.2992,-112.2778,0.11
45.2689,-112.2519,0.08
45.3606,-112.3094,0.05
45.3508,-112.27,0.05
45.3639,-112.2636,0.225
45.3606,-112.2494,0.135
45.2992,-112.3875,0.13
45.4786,-112.1328,0.77
45.4681,-112.1278,0.78
45.4639,-112.1106,0.72
45.4275,-112.1717,0.14
45.4206,-112.1439,0.19901204459486363
45.4611,-112.0667,0.84
45.4019,-112.1314,0.115
45.4311,-112.0736,0.74
45.4333,-112.0631,0.875
45.4311,-112.0283,0.81
45.4575,-112.0103,0.805
45.385,-112.1139,0.18
45.3908,-112.1314,0.215
45.3769,-112.0656,0.815
45.3894,-112.0519,0.74
45.4208,-112.0022,0.78
45.3761,-112.15,0.065
45.3939,-112.1928,0.015
45.4008,-112.2,0.245
45.4044,-112.2058,0.17
45.4111,-112.2047,0.115
45.4158,-112.2244,0.095
45.4206,-112.2406,0.09
45.4286,-112.2611,0.09
45.4339,-112.2558,0.105
45.4408,-112.2508,0.08
45.4614,-112.2611,0.05
45.4747,-112.2722,0.19
45.4858,-112.2761,0.105
45.4953,-112.3147,0.14
45.4689,-112.3003,0.145
45.4519,-112.3653,0.115
45.4344,-112.3442,0.1
45.4264,-112.3581,0.11
45.4431,-112.3297,0.11
45.4219,-112.2858,0.15
45.7086,-112.0864,0.125
45.6978,-112.1347,0.17
45.6944,-112.1367,0.115
45.7094,-112.1286,0.165
45.6808,-112.1472,0.155
45.8383,-112.0078,0.17
45.8347,-112.0222,0.1
45.83,-112.0314,0.12
45.8228,-112.0572,0.19
45.7944,-112.0658,0.715
45.7817,-112.0653,0.75
45.8064,-112.085,0.79
45.7631,-112.0744,0.805
45.7531,-112.0383,0.165
45.7442,-112.0739,0.675
45.7956,-112.1161,0.148941248633224
45.7531,-112.1286,0.2
45.8681,-112.1978,0.125
45.8775,-112.1878,0.15
45.8928,-112.2186,0.09
45.9817,-112.0819,0.185
45.8961,-112.2325,0.245
45.9125,-112.2236,0.085
45.9672,-112.2386,0.865
45.9944,-112.2414,0.88
45.9983,-112.2425,0.755
45.9264,-112.1828,0.165
45.9647,-112.1628,0.095
45.9467,-112.1303,0.095
45.9408,-112.1125,0.16
45.9778,-112.1189,0.095
45.9622,-112.1078,0.085
45.9558,-112.1081,0.1
45.9392,-112.1014,0.745
45.9583,-112.0458,0.81
45.9333,-112.0575,0.82
45.9197,-112.0944,0.12365131131947277
45.9231,-112.1183,0.105
45.8936,-112.1069,0.095
45.8808,-112.0606,0.72
45.9975,-112.2014,0.765
45.9897,-112.19,0.175
45.8908,-112.0839,0.07
45.9072,-112.0656,0.75
45.9181,-112.0447,0.675
45.9233,-112.0486,0.76
45.9256,-112.0492,0.79
45.3817,-112.8039,0.11
45.4075,-112.8381,0.8
45.4125,-112.8175,0.825
45.4042,-112.8186,0.845
45.4019,-112.8181,0.87
45.395,-112.8139,0.855
45.3931,-112.8181,0.835
45.3794,-112.7972,0.275
45.3881,-112.7767,0.13287564212328767
45.3972,-112.7708,0.065
45.4039,-112.7647,0.19
45.4083,-112.7578,0.22
45.4231,-112.7542,0.14
45.4139,-112.7689,0.12803693029301233
45.4289,-112.7986,0.77
45.2958,-112.5367,0.175
45.2992,-112.6006,0.12
45.3167,-112.6006,0.135
45.3294,-112.595,0.11
45.2494,-112.4839,0.085
45.2414,-112.4803,0.06
45.2231,-112.4481,0.115
45.7019,-112.3333,0.8
45.6706,-112.2989,0.79
45.6242,-112.3333,0.69
45.6533,-112.3614,0.745
45.6797,-112.3783,0.85
45.6797,-112.3903,0.855
45.6706,-112.4083,0.8112642326150372
45.6925,-112.0125,0.835
45.6842,-112.0164,0.735
45.6831,-112.0139,0.745
45.6653,-112.0172,0.71
45.6583,-112.0211,0.775
45.6514,-112.0236,0.155
45.8892,-112.2436,0.7735886182539626
45.6378,-112.0325,0.74
45.6264,-112.0339,0.69
45.7314,-112.2392,0.195
45.7417,-112.2847,0.19
45.7433,-112.285,0.075
45.7189,-112.2589,0.14
45.7081,-112.2675,0.69
45.7256,-112.2503,0.125
45.7386,-112.3517,0.7485696948687257
45.7289,-112.3589,0.86
46.3669,-112.0028,0.9910759552282985
45.7128,-112.2978,0.81
45.6931,-112.2794,0.92
45.5914,-112.4822,0.86
45.6142,-112.5061,0.85
45.6289,-112.4967,0.68
45.6267,-112.4886,0.825
45.5822,-112.4653,0.85
45.6019,-112.4467,0.87
45.5758,-112.4414,0.73
45.6186,-112.4047,0.195
45.5553,-112.4561,0.12
45.5525,-112.4844,0.155
45.5292,-112.4261,0.78
45.5003,-112.4519,0.18
45.6181,-112.1931,0.09
45.625,-112.1867,0.805
45.6069,-112.0553,0.8
45.5694,-112.2361,0.755
45.5853,-112.2294,0.695
45.5936,-112.1833,0.715
45.6142,-112.1939,0.205
45.7006,-112.4322,0.805
45.7064,-112.4444,0.875
45.6978,-112.4217,0.13
45.7292,-112.3917,0.085
45.6719,-112.3397,0.77
45.6414,-112.3472,0.865
45.6061,-112.3369,0.755
45.5903,-112.3467,0.71
45.5522,-112.4247,0.7091285833443084
45.5692,-112.3578,0.095
45.5758,-112.3831,0.095
45.5411,-112.3706,0.175
45.5636,-112.4078,0.84
45.5006,-112.22,0.16
45.5228,-112.2283,0.83
45.5378,-112.2492,0.125
45.5278,-112.2411,0.75
45.5556,-112.2361,0.73
45.5617,-112.2006,0.8
45.5078,-112.3314,0.135
45.5736,-112.2183,0.91
45.5228,-112.0722,0.6730369302930123
45.5278,-112.0703,0.77
45.4769,-112.1625,0.77
45.5125,-112.1033,0.125
45.5181,-112.1408,0.895
45.4992,-112.1822,0.79
45.5197,-112.1425,0.15
45.5078,-112.1589,0.76
45.5625,-112.1192,0.19
45.5247,-112.1761,0.845
45.4931,-112.2228,0.26
45.4794,-112.0589,0.735
46.2839,-112.1542,0.47701863549177953
45.4714,-112.1164,0.745
45.6556,-112.1583,0.14
45.65,-112.1764,0.125
45.6611,-112.1961,0.135
45.6661,-112.2111,0.735
45.6825,-112.5122,0.715
45.6406,-112.5092,0.795
45.6944,-112.5339,0.735
45.6978,-112.5336,0.74
45.6025,-112.0311,0.14
45.3569,-112.025,0.8
45.5783,-112.3036,0.145
45.5583,-112.3139,0.09
45.5997,-112.3044,0.045
45.6275,-112.2947,0.145
45.6633,-112.2697,0.05
45.4861,-112.0022,0.7
45.4878,-112.0025,0.725
45.4811,-112.0483,0.8
45.4628,-112.4969,0.08
45.4228,-112.4458,0.065
45.4022,-112.455,0.025
45.3917,-112.4514,0.075
45.3789,-112.4458,0.115
45.3875,-112.4328,0.1
45.3911,-112.4189,0.045
45.3914,-112.4161,0.17
45.4353,-112.3856,0.095
45.3058,-112.0767,0.825
45.2789,-112.0733,0.055
45.2661,-112.0894,0.165
45.2883,-112.0983,0.72
45.2692,-112.1003,0.745
45.2828,-112.0672,0.115
45.2681,-112.0372,0.78
45.2786,-112.0367,0.725
45.2978,-112.0492,0.71
45.3067,-112.0556,0.805
45.3158,-112.0636,0.85
45.32,-112.0583,0.83
45.3275,-112.0192,0.88
45.3244,-112.0019,0.77
45.3522,-112.0233,0.83
45.3625,-112.0208,0.74
45.3539,-112.0439,0.79
45.3539,-112.065,0.715
45.3464,-112.1092,0.14
45.3528,-112.1208,0.225
45.3664,-112.09,0.82
45.3686,-112.0939,0.88
45.3269,-112.0636,0.78
45.2514,-112.5169,0.115
45.3572,-112.6222,0.17
45.3522,-112.5689,0.1
45.3225,-112.5253,0.07
45.3042,-112.4775,0.14
45.2686,-112.4411,0.065
45.2733,-112.4122,0.12
45.2889,-112.405,0.165
45.2914,-112.4028,0.055
45.3169,-112.4411,0.11
45.3242,-112.4408,0.12
45.3347,-112.4486,0.14
45.3447,-112.4358,0.15
45.3628,-112.435,0.095
45.3706,-112.4364,0.135
45.3589,-112.4,0.2
45.3717,-112.3981,0.105
45.3408,-112.3514,0.05
45.3103,-112.3533,0.225
45.29,-112.3381,0.065
45.2586,-112.3525,0.03
45.2544,-112.3208,0.04
45.2931,-112.3086,0.065
45.3494,-112.3217,0.075
45.3403,-112.3181,0.055
45.3286,-112.2922,0.14
46.2889,-112.1292,0.743601497972623
46.2889,-112.1292,1.0
46.2889,-112.1292,0.8583373253387685
46.2783,-111.9386,0.7431092512332613
46.2783,-111.9386,0.706074366337881
46.3647,-112.0064,0.6061029379386175
46.3303,-112.0531,0.6033591225269165
46.3361,-112.0461,1.0
46.3361,-112.0461,0.3679292993483969
46.3361,-112.0461,0.9959556945820549
46.2783,-111.9386,0.5077669997633156
46.3361,-112.0461,0.8636513113194728
46.2783,-111.9386,0.7431092512332613
46.2747,-111.9753,1.0
46.2528,-111.95,0.904853978605185
46.3414,-112.0544,0.5836987837876292
46.3433,-112.0542,0.985
46.3433,-112.0542,0.9828756421232876
46.3433,-112.0542,0.8730067078063519
46.3433,-112.0542,0.8093839861432255
46.2528,-111.95,0.5582053421852833
46.2528,-111.95,0.5582053421852833
46.3014,-112.0522,0.105
46.3028,-112.0547,0.36820438750789625
46.3028,-112.0547,0.7228220898147929
46.3028,-112.0547,0.4237002870670893
46.2897,-112.0556,0.8647974070339057
46.2894,-112.0533,0.4773287392090642
46.2894,-112.0533,0.18035150249227633
45.8892,-112.2436,0.7383071442384883
46.2894,-112.0533,0.275
46.2894,-112.0533,0.36
46.6853,-112.0711,0.6899916147226763
46.6853,-112.0711,0.71006356810418
46.6853,-112.0711,0.7431092512332613
46.6903,-112.225,0.71006356810418
46.6903,-112.225,0.71006356810418
45.8806,-112.1472,0.6371713989594484
45.8806,-112.1472,0.7431092512332613
45.8806,-112.1472,0.5620894976048246
46.6903,-112.225,0.7735886182539626
46.6903,-112.225,0.904853978605185
46.7081,-112.1872,0.5077669997633156
46.5817,-112.1617,0.8688568008512993
45.9261,-112.1836,0.47400495088868605
46.5817,-112.1617,0.3793451756651005
46.5817,-112.1617,0.7946373534269341
45.9319,-112.1764,0.7383071442384883
45.7967,-112.5681,0.5620894976048246
45.7967,-112.5681,0.47400495088868605
45.9319,-112.1764,0.5077669997633156
45.7967,-112.5681,0.6746497386420072
45.9319,-112.1764,0.7383071442384883
45.7967,-112.5681,0.7960558752425712
45.7558,-112.6025,0.7233978434429892
45.7644,-112.5967,0.904853978605185
45.7697,-112.5244,0.6746497386420072
45.7661,-112.5278,0.597488685922179
45.7661,-112.5278,0.9835258056207838
45.7661,-112.5278,0.686101593814112
45.7661,-112.5278,0.75166122799244
45.765,-112.5922,0.8483805334840878
45.7756,-112.5636,1.0
45.7756,-112.5636,1.0
45.7756,-112.5636,0.5649812593108545
45.7756,-112.5636,0.5649812593108545
45.7961,-112.5164,0.8688568008512993
45.8206,-112.5206,0.8014921018556126
46.1917,-112.6972,0.7722882000442925
46.1917,-112.6972,0.5477056280915301
46.1917,-112.6972,0.8682351250322051
46.2042,-112.6444,0.8370559931806696
46.2042,-112.6444,0.5853219771438717
46.2042,-112.6444,0.7136061407356332
46.1569,-112.5403,0.6841260361988658
45.9703,-112.1944,0.6899916147226763
46.1583,-112.5431,0.5657285174078518
46.1583,-112.5431,0.5111650010226204
45.9703,-112.1944,0.71006356810418
45.9703,-112.1944,0.5312829876089699
45.9797,-112.1772,0.5077669997633156
45.9797,-112.1772,0.5312829876089699
45.9797,-112.1772,0.5312829876089699
46.2944,-112.4736,0.6841260361988658
46.1583,-112.5431,0.5649812593108545
46.1556,-112.5681,0.581777320152544
46.2042,-112.0642,0.4898182503089911
46.2042,-112.0642,0.20219504327763552
46.2042,-112.0642,0.7922606240263939
46.2847,-112.1986,0.9973717892135228
46.2847,-112.1986,0.8647974070339057
46.0933,-112.3628,0.4524560642943705
46.2042,-112.0642,0.8235895418009188
46.2306,-112.0617,0.36132176186930837
46.2306,-112.0617,0.19481921302834265
46.2306,-112.0617,0.095
46.0933,-112.3628,0.020460480060675693
46.2814,-112.0708,0.3428757831336261
46.0933,-112.3628,0.8093839861432255
46.2944,-112.4736,0.6118499515993315
46.2886,-112.0389,0.648873302925076
46.2944,-112.4736,0.6966274937887565
46.3725,-112.3503,0.7140861658128657
46.2886,-112.0389,0.2704322591518571
46.2886,-112.0389,0.6061029379386175
46.0375,-112.4333,0.49220766406081146
46.2911,-112.0361,0.005
46.1958,-112.4494,0.34920851495336636
46.2556,-112.1486,0.5477056280915301
46.2856,-112.1269,0.8245976829855408
46.2856,-112.1269,0.8700703213898073
46.2981,-112.035,0.05
46.2856,-112.1269,0.27703128961691836
46.3725,-112.3503,0.8682351250322051
46.3056,-112.0278,0.3825964842155429
46.3056,-112.0278,0.40798087529689814
46.3056,-112.0278,0.5942527171363501
46.2625,-112.0347,0.5470923187245949
46.2597,-112.0375,0.6350256254093138
46.3056,-112.0278,0.07900560985915189
46.2597,-112.0375,0.8936033013603837
46.2597,-112.0375,0.7722882000442925
46.475,-112.3694,0.5545187681577416
46.1792,-112.7083,0.5344241279015123
46.1792,-112.7083,0.6562237934194267
46.3056,-112.0306,0.375
46.475,-112.3694,0.9931134244278408
46.3097,-112.0317,0.09
46.475,-112.3694,0.30242509631021247
46.1861,-112.5611,0.29803428178491387
46.1861,-112.5611,0.27703128961691836
46.1861,-112.5611,0.8583373253387685
46.2158,-112.6569,0.7335614908061759
46.2158,-112.6569,0.9286883387625816
46.2158,-112.6569,0.8233814639400308
46.2319,-112.6472,0.7335614908061759
46.2319,-112.6472,0.6841260361988658
46.2319,-112.6472,0.9885727933425243
46.4208,-112.0903,0.7228220898147929
46.4208,-112.0903,0.5620894976048246
46.4208,-112.0903,0.8235895418009188
46.4611,-112.0175,0.7136061407356332
46.4611,-112.0175,0.025
46.4611,-112.0175,0.5226866872969642
46.4653,-112.0056,0.8583373253387685
46.4653,-112.0056,0.8700703213898073
46.4653,-112.0056,0.7189635180622989
46.4625,-112.0075,0.7228220898147929
46.4625,-112.0075,0.8682351250322051
46.4625,-112.0075,0.9885727933425243
46.4647,-111.9944,0.7722882000442925
46.4806,-112.0167,0.47701863549177953
46.4806,-112.0167,1.0
46.4806,-112.0167,0.8936033013603837
45.9111,-112.7244,0.8233814639400308
45.9111,-112.7244,0.3945121264139047
45.9111,-112.7244,0.29803428178491387
45.9111,-112.7244,0.6256058409655796
45.8794,-112.7167,0.08975095601718554
45.8794,-112.7167,0.5458559864606334
45.8794,-112.7167,0.7953225719461934
45.8794,-112.7167,0.3679292993483969
45.8744,-112.7389,0.3343416407283141
45.8522,-112.7383,0.6459036910298037
45.8469,-112.6939,0.20219504327763552
45.8469,-112.6939,0.6118499515993315
45.8469,-112.6939,0.5657285174078518
45.7975,-112.6833,0.6371713989594484
45.7975,-112.6833,0.9320025595769595
45.7975,-112.6833,0.8787642064832768
46.4883,-112.7197,0.5111650010226204
46.4883,-112.7197,0.7735886182539626
46.4883,-112.7197,0.6899916147226763
46.4708,-112.7075,0.5312829876089699
46.4708,-112.7075,0.5582053421852833
46.4708,-112.7075,0.7243324898987713
46.4414,-112.6792,0.6289161074153736
46.4414,-112.6792,0.39391069772512244
46.4414,-112.6792,0.7396149668355156
46.4022,-112.6283,0.4917130673008627
46.4022,-112.6283,0.39391069772512244
46.4022,-112.6283,0.7396149668355156
46.3686,-112.7194,0.4634459712957424
46.3686,-112.7194,0.8483805334840878
46.3686,-112.7194,0.37944466265094934
46.2986,-112.7194,0.6371713989594484
46.2986,-112.7194,0.706074366337881
46.2986,-112.7194,0.75166122799244
45.9389,-112.6644,0.37944466265094934
45.9389,-112.6644,0.6118499515993315
45.9389,-112.6644,0.6966274937887565
45.7708,-112.7258,0.033917691480314566
45.7708,-112.7258,0.8071645463404893
45.7708,-112.7258,0.5077669997633156
45.9556,-112.5597,0.8334485490923593
45.9564,-112.5608,0.8936033013603837
45.9564,-112.5608,0.4634459712957424
45.9564,-112.5608,0.8483805334840878
45.9564,-112.5608,1.0
46.4408,-111.9611,0.7092594759316743
46.4639,-112.1194,0.5527193960289452
46.4639,-112.1194,0.9885727933425243
46.4639,-112.1194,0.8511176466663389
46.4603,-112.1178,0.9970181763557159
46.1458,-112.0,0.7233978434429892
46.1264,-111.9792,0.622966831207627
46.1264,-111.9792,0.47400495088868605
46.1264,-111.9792,0.47400495088868605
46.0833,-111.9411,0.7722882000442925
46.0833,-111.9411,0.6562237934194267
46.0833,-111.9411,0.7189635180622989
46.0306,-111.9722,0.6562237934194267
46.0306,-111.9722,0.35673195068114455
46.0306,-111.9722,0.45166062329409457
46.0292,-111.9722,0.7233978434429892
46.0292,-111.9722,0.6746497386420072
46.0292,-111.9722,0.45713333660875066
46.2306,-112.0861,0.1247567231043602
46.2194,-112.05,0.20219504327763552
46.2208,-112.05,0.08384060627805794
46.1958,-112.1414,0.975
46.2139,-112.1847,0.9140193146261478
46.3561,-112.3169,0.5853219771438717
46.3392,-112.3303,0.5840992664595624
46.3217,-112.3206,0.5588452169226096
46.3042,-112.3033,0.9910759552282985
46.2919,-112.2822,0.8700703213898073
46.2867,-112.2733,0.6841260361988658
46.2533,-112.1861,0.8122418956924582
46.2533,-112.1861,0.7189635180622989
46.2533,-112.1861,0.9967544920817023
46.2533,-112.1861,0.29803428178491387
46.2603,-112.1833,0.6459036910298037
46.3125,-112.1639,0.9967544920817023
46.3125,-112.1639,0.5477056280915301
46.3125,-112.1639,0.7228220898147929
46.3125,-112.1639,0.8865827128580328
46.3,-112.1944,0.5657285174078518
46.2847,-112.1986,0.5942527171363501
46.2847,-112.1986,0.9695318671339288
46.27,-112.2183,0.8682351250322051
46.27,-112.2183,0.6784552631747869
46.27,-112.2183,0.705217121574825
46.3606,-112.2181,0.742671888251195
46.3606,-112.2222,0.8233814639400308
46.3492,-112.2139,0.935
46.3492,-112.2139,0.8476674894586134
46.3492,-112.2139,0.9552307157186685
46.3492,-112.2139,0.8647974070339057
46.2861,-112.2394,0.43781322520401034
46.2161,-112.35,1.0
46.2161,-112.35,0.6899916147226763
46.2161,-112.35,0.7756088190911608
46.2161,-112.35,0.6746497386420072
46.2064,-112.3444,0.8245976829855408
46.0797,-112.4047,0.07900560985915189
46.0933,-112.3628,0.08975095601718554
46.0906,-112.3681,0.7242124850484865
46.0906,-112.3681,0.4738953280863036
46.0906,-112.3681,0.3428757831336261
46.0906,-112.3681,0.07719644111794896
46.2375,-112.3389,0.9096143443199008
46.2269,-112.3486,0.5111650010226204
46.2269,-112.3486,0.8688568008512993
46.2269,-112.3486,0.8688568008512993
46.1833,-112.3417,0.5458559864606334
46.1764,-112.3389,0.7242124850484865
46.1903,-112.3461,0.6033591225269165
46.1931,-112.3417,0.9286883387625816
46.1711,-112.3478,0.8484097100608413
46.1656,-112.3575,1.0
46.1656,-112.3575,0.9530275958304631
46.1656,-112.3575,0.7579962995361028
46.1656,-112.3575,0.5588452169226096
46.1528,-112.4103,0.04667540050920001
46.1444,-112.3492,0.5805270545894355
46.1444,-112.3492,0.40798087529689814
46.1444,-112.3492,0.5840992664595624
46.12,-112.4125,0.5471157369626046
46.12,-112.4125,0.6966274937887565
46.12,-112.4125,0.8894030846283605
46.1119,-112.4139,0.43781322520401034
46.1022,-112.4242,0.5545187681577416
46.0944,-112.4208,0.47701863549177953
46.0536,-112.4458,0.9865269534427604
46.0536,-112.4458,0.997779894663781
46.0536,-112.4458,0.8682351250322051
46.0536,-112.4458,1.0
46.0375,-112.4333,0.5565807078374218
46.0375,-112.4333,0.5853219771438717
46.0375,-112.4333,0.686101593814112
46.0436,-112.4294,0.572339977948437
46.0067,-112.4733,0.9777245047322538
46.0067,-112.4733,0.8235895418009188
46.0067,-112.4733,0.997779894663781
46.0067,-112.4733,0.8700703213898073
46.1217,-112.4572,0.4773287392090642
46.1436,-112.4739,1.0
46.1506,-112.4708,0.997779894663781
46.1536,-112.4644,0.6746497386420072
46.1753,-112.4392,0.9931134244278408
46.1753,-112.4392,0.7960558752425712
46.1753,-112.4392,0.8014921018556126
46.1753,-112.4392,0.7722882000442925
46.1772,-112.4447,0.8856017733531729
46.175,-112.4472,0.525049569952338
46.1881,-112.4439,0.9973717892135228
46.2081,-112.4761,0.8894030846283605
46.2033,-112.4694,0.9973717892135228
46.2033,-112.4694,0.75166122799244
46.2033,-112.4694,1.0
46.2033,-112.4694,0.6746497386420072
46.2144,-112.4403,0.706074366337881
46.2244,-112.4361,0.622966831207627
46.2339,-112.4597,0.5312829876089699
46.2314,-112.4597,0.75166122799244
46.2439,-112.4214,0.5620894976048246
46.2486,-112.1375,0.7242124850484865
46.2486,-112.1375,0.26
46.2486,-112.1375,0.145
46.2653,-112.1403,0.9484341435680487
46.2653,-112.1403,0.9306099542250884
46.2653,-112.1403,0.78
46.2556,-112.1486,0.5477056280915301
46.2556,-112.1486,0.30242509631021247
46.2569,-112.0694,0.9420181763557158
46.2278,-112.0667,0.7228220898147929
46.2278,-112.0667,0.7103255214397273
46.2278,-112.0667,0.30242509631021247
46.4278,-112.6081,0.5793002217840607
46.4278,-112.6081,0.6150912141027425
46.4278,-112.6081,0.39391069772512244
46.4836,-112.5333,0.5077669997633156
46.4836,-112.5333,0.7243324898987713
46.4836,-112.5333,0.7946373534269341
46.4644,-112.5194,0.7243324898987713
46.4667,-112.5625,0.4917130673008627
46.4667,-112.5625,0.7396149668355156
46.4667,-112.5625,0.3793451756651005
46.1756,-112.6767,0.2557995865945703
46.1756,-112.6767,0.581777320152544
46.1756,-112.6767,0.3945121264139047
46.2375,-112.2333,0.3679292993483969
46.2361,-112.2328,0.5662997419928302
46.2361,-112.2328,0.5496259282671437
46.2361,-112.2328,0.525049569952338
46.2361,-112.2328,0.7335614908061759
46.1911,-112.1125,0.5588452169226096
46.1911,-112.1125,0.39080726090980406
46.1911,-112.1125,0.5565807078374218
46.1911,-112.1125,0.775
46.1458,-112.1167,0.6910901733315472
46.1314,-112.1089,0.29120532957153933
46.1208,-112.1111,0.572339977948437
46.1208,-112.1111,0.39080726090980406
46.1208,-112.1111,0.5527193960289452
46.1208,-112.1111,0.5343801582428892
46.1111,-112.12,0.7136061407356332
46.1167,-112.1244,0.9828756421232876
46.1167,-112.1244,0.7710532478080645
46.1083,-112.1333,0.975
46.1083,-112.1333,0.9967544920817023
46.1083,-112.1333,0.9910759552282985
46.1083,-112.1333,0.8233814639400308
46.1125,-112.1764,0.865
46.1036,-112.1819,0.905
46.1036,-112.1819,0.852760226427779
46.1036,-112.1819,0.6567443276091635
46.1036,-112.1819,0.7242124850484865
46.0667,-112.1253,0.04667540050920001
46.0711,-112.1194,0.2532739497141887
46.0536,-112.0961,0.45713333660875066
46.0833,-112.1,0.6118499515993315
46.0833,-112.1,0.706074366337881
46.0833,-112.1,0.7756088190911608
46.0833,-112.1,0.4898182503089911
45.9856,-112.1794,0.5588452169226096
45.9856,-112.1794,0.5295337129879624
45.9856,-112.1794,0.5636587613960031
45.9153,-112.2306,0.47701863549177953
45.9153,-112.2306,0.7922606240263939
45.9153,-112.2306,0.47701863549177953
45.9167,-112.2292,0.4634459712957424
45.9167,-112.2292,0.7756088190911608
45.9167,-112.2292,0.4634459712957424
45.92,-112.2644,0.37944466265094934
45.9533,-112.2806,0.975
45.9533,-112.2806,0.7242124850484865
45.9533,-112.2806,0.6058582776769392
45.9533,-112.2806,0.9777245047322538
45.9772,-112.2722,0.095
45.9772,-112.2722,0.345
45.9772,-112.2722,0.255
45.9781,-112.2608,1.0
45.9781,-112.2608,0.4524560642943705
45.9781,-112.2608,1.0
45.9911,-112.2369,0.9233190299348454
45.9911,-112.2369,1.0
45.9911,-112.2369,0.5853219771438717
45.9944,-112.2417,0.98
45.9725,-112.2319,0.905
45.9725,-112.2319,0.9617646714494206
45.9725,-112.2319,1.0
45.9667,-112.2389,0.71
45.9739,-112.2958,0.88
45.9803,-112.3031,0.95
45.9803,-112.3031,0.965
45.9803,-112.3031,0.775
45.9856,-112.305,0.905
45.9856,-112.305,0.9770181763557159
45.9856,-112.305,0.6070458848368262
45.965,-112.3014,0.648873302925076
45.965,-112.3014,0.5343801582428892
45.965,-112.3014,0.8636513113194728
45.965,-112.3014,0.895
45.9678,-112.3192,0.9310549158247468
45.9678,-112.3192,0.8476674894586134
45.9678,-112.3192,0.572339977948437
45.9678,-112.3192,0.8093839861432255
45.9811,-112.3231,0.8856017733531729
45.9811,-112.3231,0.6118499515993315
45.9811,-112.3231,0.7756088190911608
45.9867,-112.3328,0.8266148776047209
45.9958,-112.3361,0.8720181763557159
45.9961,-112.3639,0.8424390521641675
45.9961,-112.3639,0.6507163012182973
45.9961,-112.3639,0.3255212633413831
45.9961,-112.3639,0.636825729220083
45.9828,-112.3389,0.8720181763557159
45.9828,-112.3389,0.98991554393451
45.9828,-112.3389,0.9959556945820549
45.9828,-112.3389,1.0
45.9844,-112.3528,0.7922606240263939
45.9844,-112.3528,1.0
45.9844,-112.3528,0.6371713989594484
45.9708,-112.3589,0.955
45.9522,-112.3589,0.8122418956924582
45.9411,-112.3625,0.4237002870670893
45.9283,-112.3944,0.93
45.9283,-112.3944,0.5713272858269989
45.9283,-112.3944,0.93
45.9253,-112.3711,0.67
45.925,-112.3586,0.5111650010226204
45.925,-112.3586,0.47400495088868605
45.925,-112.3586,0.7383071442384883
45.925,-112.3394,0.995
45.9367,-112.3625,0.7136061407356332
45.8744,-112.35,0.0
45.8744,-112.35,0.0
45.8744,-112.35,0.0
45.8972,-112.3397,0.7383071442384883
45.8972,-112.3397,0.7383071442384883
45.8972,-112.3397,0.71006356810418
46.2528,-112.4,0.5582053421852833
46.2528,-112.4,0.3793451756651005
46.2528,-112.4,0.4917130673008627
46.2764,-112.4264,0.6910901733315472
46.2689,-112.4417,0.7228220898147929
46.2514,-112.4333,0.6841260361988658
46.2514,-112.4333,0.5620894976048246
46.2514,-112.4333,0.6371713989594484
46.2514,-112.4333,0.6350256254093138
46.2528,-112.4417,1.0
46.2542,-112.4556,0.8245976829855408
46.2611,-112.4764,0.6966274937887565
46.2625,-112.4792,1.0
46.2639,-112.4889,0.7189635180622989
46.2611,-112.2722,0.75166122799244
46.2597,-112.2681,0.7953225719461934
46.2667,-112.3611,0.5077669997633156
46.2667,-112.3611,0.6289161074153736
46.2667,-112.3611,0.7777281325805017
46.2681,-112.3825,0.8856017733531729
46.2675,-112.3931,0.8688568008512993
46.3403,-112.3389,0.45166062329409457
46.3403,-112.3389,0.8245976829855408
46.3403,-112.3389,0.6562237934194267
46.3028,-112.2556,0.9959556945820549
46.3028,-112.2556,0.5853219771438717
46.3028,-112.2556,0.5636587613960031
46.3533,-112.3678,0.997779894663781
46.355,-112.3661,0.9004596193112904
46.3725,-112.3503,0.8700703213898073
46.3858,-112.3339,0.9233190299348454
46.3964,-112.3147,0.49220766406081146
46.3983,-112.3075,0.7953225719461934
46.3944,-112.2928,0.36132176186930837
46.3944,-112.2928,0.6459036910298037
46.3944,-112.2928,0.9973717892135228
46.3931,-112.2981,0.7103255214397273
46.4556,-112.2833,0.5622135163348464
46.4556,-112.2833,0.9338912580454886
46.4556,-112.2833,0.5226866872969642
46.4967,-112.2781,0.9420871034556789
46.4767,-112.2864,0.9145199308498667
46.4767,-112.2864,0.8235895418009188
46.4767,-112.2864,0.8014921018556126
46.4725,-112.2811,0.665
46.4772,-112.2783,0.5352351054608657
46.4772,-112.35,0.3825964842155429
46.4708,-112.3444,0.3255212633413831
46.4589,-112.3497,0.7233978434429892
46.4639,-112.3264,0.9484341435680487
46.4639,-112.3264,0.8894030846283605
46.4639,-112.3264,0.5496259282671437
46.4592,-112.3364,0.5496259282671437
46.4883,-112.3717,0.9885727933425243
46.4208,-112.3528,0.8122418956924582
46.4208,-112.3528,0.7710532478080645
46.4208,-112.3528,0.5545187681577416
46.4325,-112.3944,0.6910901733315472
46.4089,-112.4083,0.5037979955526228
46.4089,-112.4083,0.8476674894586134
46.4089,-112.4083,0.8841773497559305
46.4403,-112.3889,0.7054484425874867
46.4306,-112.4806,0.5111650010226204
46.4367,-112.4486,0.6058582776769392
46.4736,-112.4472,0.6899916147226763
46.4736,-112.4472,0.7735886182539626
46.4736,-112.4472,0.5077669997633156
46.4506,-111.9908,0.98991554393451
46.4506,-111.9908,0.4796778693844556
46.4506,-111.9908,0.9415199958309008
46.4353,-111.9994,0.8583373253387685
46.4353,-111.9994,0.9931134244278408
46.4353,-111.9994,0.9096143443199008
45.3553,-111.3275,0.04
45.3572,-111.3225,0.04
45.3581,-111.315,0.125
45.3583,-111.3108,0.025
45.3617,-111.3081,0.045
45.3656,-111.3075,0.045
45.3686,-111.3064,0.135
45.3708,-111.3067,0.12
45.3692,-111.3086,0.065
45.3706,-111.31,0.065
45.4253,-111.2511,0.09
45.4172,-111.2611,0.1
45.4158,-111.2675,0.06
45.3469,-111.2778,0.105
45.3486,-111.2736,0.14
45.3503,-111.2708,0.06
45.3978,-111.2867,0.145
45.3542,-111.2592,0.735
45.3569,-111.2622,0.695
45.3592,-111.2622,0.77
45.3583,-111.2553,0.835
45.3622,-111.2561,0.76
45.3656,-111.2511,0.73
45.3697,-111.2536,0.835
45.4058,-111.2769,0.045
45.35,-111.2667,0.04
45.3894,-111.2947,0.075
45.3822,-111.2994,0.07
45.3786,-111.3011,0.105
45.3767,-111.3089,0.065
45.3803,-111.3058,0.075
45.3844,-111.3025,0.075
45.3939,-111.2953,0.08
45.4067,-111.2781,0.05
45.4239,-111.2608,0.065
45.4278,-111.2536,0.09
45.4325,-111.2508,0.055
45.37,-111.4278,0.1
45.3744,-111.4242,0.035
45.3794,-111.4236,0.035
45.3797,-111.4264,0.02
45.385,-111.4208,0.09
45.3881,-111.4183,0.1
45.3903,-111.4269,0.06
45.3836,-111.4392,0.065
45.3833,-111.4417,0.05
45.3919,-111.4175,0.055
45.3922,-111.4108,0.02
45.3978,-111.4058,0.045
45.4025,-111.4036,0.035
45.4075,-111.3969,0.115
45.3992,-111.3731,0.04
45.4003,-111.3708,0.045
45.405,-111.3794,0.075
45.4108,-111.3964,0.06
45.3636,-111.3772,0.055
45.36,-111.3808,0.115
45.3575,-111.3864,0.155
45.3586,-111.3908,0.105
45.3614,-111.3906,0.08
45.3703,-111.3981,0.165
45.3778,-111.4022,0.055
45.38,-111.4033,0.06
45.3847,-111.4033,0.03
45.4031,-111.4522,0.24
45.4028,-111.4453,0.085
45.4022,-111.4503,0.12
45.4039,-111.4414,0.045
45.4083,-111.4344,0.095
45.4111,-111.4311,0.095
45.4097,-111.4275,0.11
45.4158,-111.4181,0.085
45.4167,-111.4103,0.09
45.4158,-111.3997,0.055
45.4239,-111.3975,0.085
45.4303,-111.3922,0.095
45.4547,-111.4619,0.07
45.4336,-111.3892,0.075
45.4583,-111.4686,0.075
45.4503,-111.4833,0.09
45.4461,-111.4792,0.09
45.4436,-111.4803,0.1
45.4542,-111.4569,0.185
45.4572,-111.4458,0.105
45.4483,-111.4572,0.055
45.4428,-111.4442,0.04
45.44,-111.4214,0.1
45.4361,-111.4183,0.09
45.4697,-111.4361,0.055
45.4706,-111.4392,0.115
45.4694,-111.4442,0.1
45.4686,-111.4469,0.075
45.4692,-111.4503,0.065
45.4667,-111.4522,0.065
45.4678,-111.4611,0.105
45.4636,-111.4647,0.055
45.4581,-111.4592,0.06
45.4594,-111.4386,0.04
45.4544,-111.4297,0.14
45.8958,-111.6089,0.065
45.9006,-111.6092,0.055
45.905,-111.6072,0.085
45.945,-111.6,0.135
45.9467,-111.6117,0.075
45.9639,-111.6,0.11
45.9642,-111.6033,0.035
45.9808,-111.5986,0.135
45.9408,-111.5933,0.065
45.77,-111.7567,0.765
45.7725,-111.7633,0.72
45.7672,-111.7656,0.73
45.7547,-111.7631,0.62
45.6986,-111.7906,0.11
45.6983,-111.7947,0.075
45.7631,-111.7667,0.6581426900584796
45.7211,-111.7714,0.1
45.7178,-111.7681,0.085
45.7156,-111.7633,0.04
45.8356,-111.9389,0.705
45.8133,-111.9511,0.705
45.8125,-111.9725,0.105
45.6983,-111.7986,0.085
45.7125,-111.7917,0.14
45.8103,-111.9694,0.095
45.8072,-111.9583,0.075
45.7953,-111.9161,0.76
45.8261,-111.9658,0.105
45.8247,-111.9725,0.085
45.8353,-111.9636,0.12
45.8361,-111.9739,0.105
45.8153,-111.9794,0.08
45.7661,-111.8786,0.115
45.7844,-111.8881,0.05
45.7511,-111.8661,0.14
45.76,-111.8786,0.05
45.7531,-111.8661,0.055
45.6825,-111.7833,0.145
45.7489,-111.8472,0.11901204459486361
45.7881,-111.8886,0.08
45.8742,-111.6725,0.08
45.8719,-111.6842,0.095
45.9672,-111.5878,0.045
45.9742,-111.5758,0.02
45.9792,-111.5622,0.66
45.9856,-111.5475,0.91
45.9831,-111.5475,0.69
45.9628,-111.5708,0.07
45.6675,-111.7808,0.105
45.6692,-111.7761,0.09
45.9994,-111.585,0.02
45.8175,-111.7586,0.075
45.8317,-111.7647,0.05
45.8225,-111.755,0.115
45.7828,-111.7594,0.09
45.8308,-111.8975,0.665
45.8142,-111.7569,0.09
45.8228,-111.7531,0.04
45.8275,-111.7689,0.085
45.81,-111.7753,0.085
45.7708,-111.755,0.735
45.8314,-111.8714,0.075
45.8269,-111.8717,0.105
45.8242,-111.8708,0.1
45.8283,-111.8658,0.07
45.8453,-111.9142,0.8
45.8561,-111.9178,0.755
45.8583,-111.9233,0.735
45.6983,-111.7672,0.04
45.6972,-111.7339,0.045
45.7006,-111.7428,0.035
45.6981,-111.7611,0.085
45.6944,-111.7442,0.02
45.7275,-111.7944,0.025
45.7258,-111.8203,0.06
45.7267,-111.8172,0.05
45.7542,-111.8047,0.8
45.7597,-111.7972,0.815
45.765,-111.8056,0.83
45.7661,-111.7989,0.845
45.9194,-111.5853,0.07
45.8633,-111.6406,0.075
45.8681,-111.6686,0.025
45.8781,-111.6739,0.09
45.8747,-111.6764,0.16
45.8767,-111.6806,0.1
45.8894,-111.6742,0.045
45.8889,-111.6767,0.06
45.9742,-111.6375,0.085
45.8933,-111.7217,0.025
45.9828,-111.6397,0.13
45.9922,-111.6381,0.055
45.975,-111.6689,0.045
45.9811,-111.6697,0.055
45.9956,-111.6817,0.13
45.9333,-111.5981,0.05
45.9314,-111.6506,0.03
45.7436,-111.8353,0.07
45.7519,-111.8197,0.08
45.9481,-111.6592,0.095
45.9442,-111.6475,0.04
45.9475,-111.7431,0.035
45.9528,-111.7225,0.065
45.9347,-111.7236,0.05851583236756515
45.9269,-111.7228,0.075
45.9411,-111.7181,0.045
45.9414,-111.7019,0.015
45.9028,-111.6181,0.055
45.8983,-111.625,0.105
45.8992,-111.6294,0.04
45.8969,-111.6439,0.03
45.8875,-111.6397,0.045
45.92,-111.6106,0.085
45.9242,-111.6203,0.055
45.91,-111.6506,0.06
45.9172,-111.6553,0.045
45.9136,-111.6306,0.005
45.9122,-111.6556,0.07
45.9153,-111.6831,0.1
45.9083,-111.6753,0.14
45.9775,-111.6292,0.055
45.9922,-111.6111,0.015
45.9297,-111.6269,0.025
45.9003,-111.6797,0.085
45.9008,-111.6914,0.12
45.8931,-111.7083,0.005
45.8844,-111.7014,0.04
45.9139,-111.7267,0.085
45.9106,-111.7164,0.07747501158843909
45.9022,-111.7289,0.145
45.9033,-111.73,0.11
45.9214,-111.7428,0.07
45.9183,-111.7067,0.015
45.9197,-111.7056,0.04
45.8956,-111.7411,0.045
45.8894,-111.7383,0.07148633698417967
45.8797,-111.7306,0.085
45.9217,-111.7747,0.105
45.9347,-111.7689,0.1
45.9358,-111.7694,0.09
45.9478,-111.7644,0.06
45.9506,-111.7194,0.135
45.9508,-111.7158,0.105
45.9367,-111.6717,0.115
45.9361,-111.6619,0.05
45.9606,-111.7231,0.07
45.9789,-111.7311,0.18
45.9819,-111.7233,0.095
45.9881,-111.7147,0.165
45.9908,-111.7139,0.125
45.9936,-111.7172,0.11
45.9956,-111.7031,0.15
45.9958,-111.7058,0.16
45.9844,-111.695,0.06
45.9764,-111.6947,0.12
45.9692,-111.6925,0.12
45.9586,-111.6731,0.065
45.8197,-111.8175,0.79
45.8228,-111.8269,0.125
45.845,-111.8497,0.115
45.8461,-111.8597,0.08
45.8447,-111.8472,0.045
45.8356,-111.8519,0.12
45.8322,-111.8583,0.115
45.8172,-111.7739,0.035
45.8178,-111.75,0.105
45.9622,-111.6261,0.085
45.9667,-111.6264,0.105
45.9722,-111.6217,0.05
45.9661,-111.7003,0.1
45.9556,-111.6833,0.115
45.9569,-111.6689,0.14
45.9486,-111.6792,0.16
45.8344,-111.7425,0.08965603881476347
45.8292,-111.7417,0.02
45.8331,-111.7281,0.095
45.8194,-111.7164,0.095
45.835,-111.6992,0.08
45.8294,-111.7042,0.095
45.8422,-111.6889,0.06
45.8506,-111.7019,0.06
45.8556,-111.6728,0.08
45.8581,-111.6653,0.15
45.8675,-111.7033,0.05
45.8692,-111.7289,0.09130988219668047
45.865,-111.6883,0.06
45.8719,-111.6647,0.185
45.8217,-111.595,0.065
45.815,-111.5792,0.07
45.83,-111.5703,0.08
45.8422,-111.5694,0.045
45.8533,-111.5558,0.115
45.8589,-111.5536,0.115
45.8656,-111.56,0.08
45.8444,-111.7481,0.07
45.8297,-111.8522,0.105
45.8278,-111.8456,0.14
45.755,-111.8264,0.02
45.6828,-111.8036,0.675
45.6825,-111.7989,0.03
45.7733,-111.8872,0.12
45.7867,-111.9569,0.215
45.8303,-111.9469,0.035
45.7647,-111.9611,0.105
45.76,-111.9622,0.095
45.7539,-111.9642,0.06
45.73,-111.9761,0.135
45.7261,-111.98,0.085
45.7003,-111.9867,0.13
45.7031,-111.9978,0.78
45.7225,-111.9628,0.175
45.7256,-111.9597,0.15
45.7092,-111.9456,0.19
45.7172,-111.9433,0.17
45.7008,-111.9392,0.135
45.7011,-111.9325,0.78
45.6994,-111.9317,0.79
45.705,-111.9075,0.71
45.7011,-111.8989,0.705
45.6972,-111.8875,0.775
45.6694,-111.9292,0.835
45.6678,-111.9322,0.81
45.6719,-111.9161,0.675
45.6828,-111.9183,0.84
45.6867,-111.9186,0.755
45.6781,-111.8267,0.705
45.67,-111.8358,0.75
45.6789,-111.8344,0.705
45.6786,-111.8394,0.735
45.7492,-111.9561,0.175
45.7458,-111.9436,0.15
45.7419,-111.8472,0.105
45.7428,-111.9617,0.27
45.6839,-111.8969,0.68
45.6775,-111.8825,0.13
45.6894,-111.8858,0.75
45.6967,-111.8806,0.68
45.6972,-111.8439,0.115
45.7058,-111.8881,0.73
45.71,-111.8875,0.84
45.7161,-111.8872,0.77
45.7189,-111.9036,0.845
45.7167,-111.8656,0.135
45.7303,-111.875,0.11
45.7325,-111.8714,0.085
45.7053,-111.8269,0.135
45.7408,-111.8767,0.045
45.7417,-111.8672,0.155
45.9014,-111.9175,0.025
45.9097,-111.9244,0.085
45.9008,-111.9269,0.06
45.8897,-111.905,0.725
45.8853,-111.8975,0.69
45.8825,-111.8931,0.075
45.8794,-111.8867,0.21
45.8794,-111.8625,0.105
45.8656,-111.8603,0.065
45.8861,-111.8503,0.045
45.9,-111.8317,0.095
45.8997,-111.7958,0.075
45.9086,-111.7856,0.125
45.9078,-111.7931,0.11324391406540527
45.9053,-111.7978,0.03
45.8956,-111.7539,0.085
45.8519,-111.7306,0.03
45.8458,-111.7142,0.01
45.845,-111.7642,0.105
45.8439,-111.7556,0.105
45.9117,-111.7644,0.07
45.8972,-111.7694,0.1
45.9006,-111.7614,0.04
45.9047,-111.7553,0.055
45.9067,-111.7478,0.075
45.8322,-111.7569,0.06
45.7925,-111.7239,0.06
45.7864,-111.7278,0.07
45.7864,-111.7303,0.01
45.7886,-111.7389,0.04
45.7886,-111.7436,0.085
45.8653,-111.6297,0.075
45.8456,-111.6044,0.03
45.8828,-111.5414,0.69
45.8817,-111.5325,0.1
45.8572,-111.5236,0.05
45.8625,-111.5183,0.06
45.8458,-111.5186,0.05
45.8431,-111.5156,0.08
45.8253,-111.5122,0.06
45.8156,-111.5214,0.06
45.8139,-111.5142,0.065
45.795,-111.6156,0.025
45.7969,-111.6178,0.025
45.79,-111.6228,0.035
45.7908,-111.6186,0.025
45.7853,-111.5919,0.055
45.7786,-111.5803,0.035
45.925,-111.7981,0.045
45.9186,-111.8028,0.045
45.9181,-111.8064,0.11
45.9144,-111.8089,0.075
45.9083,-111.8208,0.1
45.9006,-111.8236,0.03
45.9019,-111.8147,0.025
45.8936,-111.8267,0.17
45.8931,-111.8114,0.03
45.8897,-111.8025,0.04
45.8881,-111.8003,0.045
45.8839,-111.7869,0.02
45.8822,-111.785,0.11
45.8786,-111.7767,0.105
45.8742,-111.7703,0.07
45.8678,-111.7603,0.105
45.9817,-111.9211,0.11
45.9875,-111.9306,0.035
45.9936,-111.925,0.12
45.9844,-111.9578,0.14
45.9811,-111.9622,0.085
45.9831,-111.9622,0.1
45.9719,-111.9472,0.185
45.9633,-111.9494,0.04
45.9619,-111.9497,0.06
45.9581,-111.9497,0.15
45.9514,-111.9442,0.115
45.9506,-111.9508,0.06
45.9458,-111.9503,0.05
45.9436,-111.9414,0.09
45.9406,-111.9419,0.14
45.9353,-111.9378,0.115
45.9261,-111.9608,0.74
45.9172,-111.9489,0.155
45.9264,-111.9786,0.715
45.9217,-111.9728,0.72
45.9536,-111.9106,0.1
45.9381,-111.8864,0.13
45.9436,-111.8808,0.055
45.9467,-111.8628,0.695
45.9164,-111.8642,0.745
45.9267,-111.8553,0.65
45.9322,-111.8903,0.68
45.9383,-111.9056,0.055
45.9253,-111.8978,0.635
45.9194,-111.9014,0.7
45.9164,-111.9033,0.7
45.875,-111.9758,0.05
45.8775,-111.8244,0.13
45.8767,-111.8283,0.055
45.8619,-111.8306,0.04
45.8703,-111.8161,0.02
45.8875,-111.9189,0.67
45.885,-111.9297,0.725
45.8822,-111.9311,0.65
45.9031,-111.9247,0.08
45.9061,-111.9253,0.06
45.9083,-111.9261,0.08
45.9111,-111.9253,0.035
45.9111,-111.9408,0.105
45.8925,-111.9617,0.07
45.88,-111.9758,0.03
45.8778,-111.9775,0.03
45.8739,-111.9703,0.125
45.8689,-111.9214,0.765
45.8736,-111.9214,0.675
45.8697,-111.9089,0.665
45.8697,-111.905,0.62
45.8689,-111.9,0.655
45.9008,-111.8106,0.055
45.9006,-111.8069,0.115
45.9008,-111.8036,0.075
45.9044,-111.7914,0.145
45.7231,-111.7469,0.04
45.7244,-111.7478,0.025
45.725,-111.7456,0.08
45.845,-111.8747,0.165
45.6767,-111.7197,0.04
45.6761,-111.7164,0.075
45.6828,-111.7019,0.085
45.6861,-111.6969,0.055
45.6986,-111.6836,0.09
45.6939,-111.6775,0.025
45.705,-111.6683,0.16
45.7036,-111.6647,0.115
45.7392,-111.6506,0.105
45.7386,-111.6561,0.14
45.7386,-111.6589,0.12
45.7464,-111.6497,0.095
45.7475,-111.6511,0.025
45.8853,-111.8536,0.08
45.8847,-111.8483,0.04
45.8828,-111.8694,0.065
45.8783,-111.8817,0.06
45.8814,-111.8764,0.03
45.8797,-111.8847,0.16
45.8781,-111.8911,0.14
45.8789,-111.895,0.78
45.8836,-111.8961,0.66
45.8906,-111.9122,0.69
45.8869,-111.6172,0.055
45.8867,-111.6233,0.02
45.8728,-111.6144,0.03
45.87,-111.6392,0.11
45.8658,-111.6506,0.03
45.8372,-111.8764,0.125
45.8364,-111.8783,0.075
45.8475,-111.8642,0.13
45.8483,-111.9072,0.705
45.8494,-111.8994,0.06
45.8606,-111.8978,0.755
45.8578,-111.9083,0.74
45.7911,-111.7819,0.81
45.7903,-111.7781,0.02
45.795,-111.8306,0.835
45.7903,-111.8125,0.615
45.8075,-111.8139,0.7
45.7842,-111.7678,0.08
45.7856,-111.8117,0.66
45.7722,-111.8194,0.78
45.7753,-111.8325,0.78
45.7856,-111.8331,0.685
45.7847,-111.785,0.735
45.7697,-111.8222,0.72
45.6697,-111.7647,0.03
45.6719,-111.7539,0.03
45.7486,-111.6819,0.08
45.7486,-111.6853,0.095
45.7492,-111.6969,0.155
45.7225,-111.7303,0.035
45.7236,-111.7272,0.015
45.7217,-111.7242,0.12
45.7317,-111.7186,0.08
45.7269,-111.7158,0.04
45.7211,-111.7117,0.07
45.7203,-111.7064,0.12
45.7017,-111.6928,0.085
45.7011,-111.6886,0.075
45.6981,-111.675,0.04
45.6942,-111.6664,0.045
45.6961,-111.6622,0.065
45.6917,-111.6589,0.08
45.6789,-111.6614,0.05
45.6778,-111.66,0.1
45.6744,-111.6561,0.03841638086007613
45.6739,-111.6208,0.01
45.6711,-111.6219,0.035
45.6753,-111.6375,0.01
45.6836,-111.6361,0.01
45.7042,-111.6353,0.035
45.7156,-111.64,0.015
45.7192,-111.6364,0.085
45.7194,-111.6389,0.135
45.7231,-111.6378,0.04
45.7328,-111.6319,0.03
45.7253,-111.6289,0.045
45.7278,-111.6167,0.035
45.7331,-111.6233,0.01
45.7425,-111.6333,0.035
45.7472,-111.52,0.035
45.7472,-111.5364,0.065
45.7478,-111.5719,0.01
45.7378,-111.5922,0.01
45.7414,-111.59,0.015
45.7406,-111.5872,0.03
45.7147,-111.5881,0.005
45.7092,-111.5914,0.04
45.71,-111.5942,0.015
45.7242,-111.5989,0.015
45.7369,-111.5789,0.035
45.7389,-111.5758,0.02
45.7344,-111.5739,0.03
45.7317,-111.5564,0.015
45.7331,-111.5442,0.01
45.7383,-111.5208,0.02
45.7219,-111.5242,0.035
45.7161,-111.5297,0.035
45.9047,-111.7586,0.165
45.9028,-111.7511,0.06
45.9014,-111.7483,0.095
45.9047,-111.7453,0.075
45.9125,-111.7225,0.12
45.9094,-111.6858,0.115
45.9006,-111.6769,0.07
45.8853,-111.6783,0.095
45.8833,-111.68,0.035
45.8814,-111.6808,0.1
45.7128,-111.5436,0.025
45.7103,-111.5583,0.035
45.7072,-111.5569,0.015
45.7033,-111.5583,0.025
45.7081,-111.5303,0.01
45.6956,-111.5464,0.025
45.6939,-111.5464,0.01
45.6814,-111.5606,0.06
45.6806,-111.5567,0.04
45.6756,-111.54,0.025
45.6911,-111.5375,0.02
45.4992,-111.4539,0.02
45.485,-111.4725,0.065
45.4825,-111.4708,0.175
45.4842,-111.4694,0.09
45.4903,-111.4578,0.02
45.3186,-111.2569,0.77
45.3258,-111.2653,0.755
45.3175,-111.2667,0.74
45.3231,-111.2761,0.175
45.3267,-111.2694,0.085
45.3397,-111.2553,0.78
45.3428,-111.2583,0.075
45.3419,-111.2569,0.795
45.3406,-111.4381,0.055
45.4994,-111.4667,0.1
45.4969,-111.4664,0.085
45.4992,-111.45,0.04
45.4842,-111.2597,0.77
45.3433,-111.4639,0.07
45.3458,-111.4653,0.1
45.3494,-111.4711,0.05
45.3517,-111.475,0.085
45.3469,-111.475,0.175
45.3442,-111.4786,0.13
45.3394,-111.4825,0.08
45.3308,-111.4667,0.1
45.3272,-111.4639,0.09
45.3275,-111.4597,0.105
45.3275,-111.4786,0.115
45.2519,-111.255,0.68
45.2592,-111.2564,0.705
45.2678,-111.2614,0.745
45.2728,-111.2811,0.74
45.2744,-111.2744,0.75
45.2644,-111.2836,0.745
45.2594,-111.2994,0.66
45.2767,-111.2994,0.685
45.2692,-111.3042,0.71
45.2697,-111.3256,0.785
45.2658,-111.3219,0.725
45.2736,-111.3364,0.65
45.2808,-111.3472,0.095
45.2669,-111.3436,0.015
45.2678,-111.3456,0.075
45.27,-111.3422,0.08
45.2658,-111.3353,0.735
45.2669,-111.3789,0.155
45.2656,-111.4036,0.045
45.2639,-111.4122,0.085
45.2564,-111.4289,0.11
45.2575,-111.4394,0.115
45.2892,-111.365,0.11
45.2883,-111.3761,0.06
45.2894,-111.3694,0.09
45.2917,-111.3561,0.055
45.2878,-111.3858,0.035
45.2989,-111.3833,0.075
45.3083,-111.4111,0.025
45.3197,-111.4192,0.115
45.3217,-111.4372,0.19
45.3222,-111.4222,0.03
45.2786,-111.4117,0.085
45.2828,-111.4033,0.12
45.2811,-111.4014,0.08
45.2869,-111.395,0.095
45.3044,-111.4097,0.095
45.2986,-111.4036,0.07
45.295,-111.4094,0.05
45.2958,-111.4186,0.17
45.2969,-111.4314,0.035
45.3236,-111.4181,0.125
45.3253,-111.4297,0.065
45.3269,-111.4231,0.047018176355715785
45.3289,-111.4233,0.105
45.3306,-111.4308,0.085
45.33,-111.4286,0.165
45.3353,-111.4317,0.155
45.3175,-111.4306,0.06
45.3161,-111.4314,0.125
45.3164,-111.4369,0.075
45.3161,-111.4397,0.075
45.3292,-111.4328,0.105
45.3336,-111.4397,0.06
45.3222,-111.4744,0.1
45.3186,-111.4756,0.06
45.3053,-111.4681,0.07
45.3,-111.4553,0.115
45.3331,-111.4933,0.055
45.3292,-111.4844,0.055
45.3328,-111.4892,0.1
45.3294,-111.4636,0.105
45.3169,-111.4844,0.085
45.3117,-111.4839,0.08
45.3069,-111.4872,0.11
45.3014,-111.4858,0.11
45.2994,-111.4875,0.06
45.3011,-111.4911,0.075
45.2922,-111.4922,0.105
45.2881,-111.4939,0.13
45.2817,-111.4967,0.09
45.2822,-111.4919,0.045
45.2758,-111.4969,0.24
45.2633,-111.4875,0.105
45.2622,-111.4811,0.115
45.2608,-111.4783,0.1
45.2869,-111.3272,0.125
45.28,-111.3269,0.71
45.305,-111.3425,0.045
45.3108,-111.3533,0.055
45.3717,-111.3767,0.095
45.3742,-111.3717,0.055
45.3847,-111.34,0.095
45.3839,-111.3364,0.08
45.4003,-111.3258,0.06
45.4042,-111.3119,0.045
45.4047,-111.3075,0.06
45.3981,-111.2953,0.065
45.4156,-111.2675,0.165
45.3225,-111.3714,0.175
45.3253,-111.3725,0.07
45.3267,-111.3675,0.065
45.3403,-111.3636,0.02
45.3489,-111.3761,0.055
45.3539,-111.3486,0.095
45.3469,-111.34,0.04
45.3439,-111.3306,0.105
45.4378,-111.4019,0.165
45.4361,-111.4094,0.12
45.4386,-111.4186,0.03
45.4294,-111.4342,0.02
45.4253,-111.4364,0.02
45.4217,-111.4431,0.045
45.4219,-111.4547,0.225
45.4197,-111.4603,0.035
45.4131,-111.4639,0.04
45.4075,-111.4722,0.09
45.4225,-111.4908,0.08
45.4258,-111.4922,0.085
45.4275,-111.4861,0.045
45.4483,-111.2542,0.035
45.4592,-111.2578,0.1
45.4639,-111.2644,0.065
45.4667,-111.2683,0.685
45.4736,-111.275,0.73
45.4828,-111.2761,0.745
45.4972,-111.275,0.67
45.4975,-111.2897,0.735
45.4989,-111.3092,0.105
45.4908,-111.3764,0.145
45.4847,-111.3872,0.025
45.4861,-111.3958,0.045
45.4792,-111.3856,0.085
45.4822,-111.3817,0.035
45.4789,-111.3719,0.065
45.4725,-111.3675,0.06
45.4525,-111.4008,0.025
45.4528,-111.4131,0.015
45.4647,-111.3719,0.045
45.4489,-111.3764,0.075
45.4506,-111.3711,0.05
45.4553,-111.3697,0.095
45.4994,-111.3444,0.075
45.4989,-111.3306,0.04
45.4278,-111.4814,0.08
45.4353,-111.4706,0.15
45.4306,-111.4753,0.095
45.4408,-111.4589,0.04
45.4425,-111.4542,0.055
45.4511,-111.4339,0.06
45.4508,-111.4325,0.045
45.3294,-111.3894,0.115
45.33,-111.3864,0.08
45.3233,-111.3914,0.155
45.3239,-111.3869,0.185
45.3178,-111.3856,0.085
45.4531,-111.3664,0.06
45.4444,-111.355,0.07
45.4381,-111.3508,0.06
45.4367,-111.3536,0.04
45.4325,-111.3444,0.08
45.4294,-111.33,0.045
45.4325,-111.3289,0.015
45.4372,-111.3422,0.115
45.4606,-111.3281,0.1
45.4658,-111.325,0.045
45.4678,-111.3178,0.09
45.4656,-111.3214,0.1
45.3069,-111.3828,0.16
45.3019,-111.3819,0.125
45.3119,-111.2919,0.765
45.3067,-111.2886,0.815
45.2986,-111.2919,0.18
45.2939,-111.2833,0.13
45.2889,-111.2711,0.68
45.2842,-111.2647,0.79
45.2814,-111.2644,0.775
45.2803,-111.2556,0.8
45.2772,-111.2586,0.7
45.3442,-111.3333,0.095
45.8892,-111.9322,0.62
45.8789,-111.9914,0.08507579899004604
45.8878,-111.9756,0.08
45.8917,-111.9786,0.09
45.9003,-111.9756,0.665
45.9078,-111.9447,0.145
45.9136,-111.9425,0.065
45.9289,-111.9264,0.045
45.9231,-111.9281,0.04
45.9283,-111.9161,0.045
45.92,-111.9164,0.04
45.9867,-111.8761,0.1
45.9917,-111.8764,0.05731387166617459
45.98,-111.8803,0.135
45.9781,-111.8742,0.06
45.9747,-111.8608,0.18
45.9742,-111.8767,0.12
45.9617,-111.8853,0.125
45.9567,-111.8836,0.047313871666174595
45.9503,-111.8847,0.07
45.9419,-111.5447,0.19
45.9522,-111.545,0.685
45.9514,-111.5183,0.035
45.9475,-111.5364,0.105
45.9375,-111.5108,0.04
45.9314,-111.5267,0.035
45.9428,-111.5064,0.075
45.9431,-111.5053,0.165
45.9639,-111.5203,0.785
45.9375,-111.5789,0.07287564212328768
45.9333,-111.5647,0.07
45.9328,-111.5622,0.09
45.9422,-111.5886,0.085
45.9492,-111.5936,0.085
45.9483,-111.8842,0.165
45.9981,-111.8936,0.065
45.9964,-111.8778,0.065
45.9864,-111.8933,0.165
45.9831,-111.8953,0.1
45.9597,-111.855,0.07
45.9503,-111.8519,0.02
45.9494,-111.8561,0.055
45.95,-111.8631,0.71
45.9475,-111.815,0.11
45.9403,-111.8194,0.085
45.9314,-111.8153,0.085
45.7822,-111.6836,0.015
45.9506,-111.8342,0.035
45.9747,-111.8314,0.08865131131947276
45.9831,-111.8383,0.055
45.9894,-111.845,0.08901204459486362
45.9567,-111.8353,0.05
45.9642,-111.8269,0.11
45.9658,-111.8328,0.045
45.9661,-111.8278,0.03
45.9567,-111.8022,0.07
45.9786,-111.805,0.095
45.9794,-111.7992,0.13
45.9861,-111.7719,0.025
45.9744,-111.7597,0.025
45.9856,-111.7869,0.12
45.9711,-111.8058,0.02
45.9722,-111.8019,0.05416155102500563
45.9606,-111.8081,0.055
45.9544,-111.8097,0.02
45.7564,-111.6086,0.03
45.775,-111.6281,0.01
45.7564,-111.6122,0.04
45.7569,-111.6164,0.035
45.7592,-111.6072,0.06
45.7808,-111.5672,0.02
45.78,-111.565,0.03
45.7744,-111.5619,0.015
45.7756,-111.5533,0.025
45.7644,-111.5578,0.045
45.7622,-111.555,0.025
45.8383,-111.6058,0.035
45.8403,-111.5914,0.065
45.7583,-111.5575,0.04
45.785,-111.6514,0.045
45.7828,-111.6533,0.075
45.7703,-111.6556,0.01
45.7642,-111.6547,0.032107970592190796
45.7517,-111.6608,0.035
45.7631,-111.6672,0.045
45.855,-111.6031,0.065
45.9189,-111.5553,0.755
45.9364,-111.5511,0.035
45.9542,-111.5322,0.69
45.9606,-111.5111,0.09
45.9617,-111.5064,0.09
45.9347,-111.5725,0.025
45.9547,-111.6044,0.085
45.9669,-111.6183,0.065
45.8003,-111.6672,0.07
45.7817,-111.6631,0.02
45.7797,-111.6775,0.065
45.7664,-111.6919,0.05
45.7581,-111.7008,0.035
45.3325,-112.1867,0.29
45.3603,-112.2728,0.7140861658128657
45.9436,-112.1769,0.7383071442384883
