feature,importance
Th,0.5557074756041878
La,0.2230492875539894
U,0.07977701933517739
Au,0.06143353377316835
Ce,0.048903138310388235
As,0.024885160457334136
P,0.0062443849657545835
