feature,importance
U,0.23312928125690507
Y,0.1143683104002588
Ti,0.10991952554897086
Fe,0.10933832989025999
As,0.09543843449497981
La,0.0910811566106674
P,0.06261591714507118
Ce,0.06192110065396895
Th,0.05662428854923536
Zr,0.03944533934956407
Au,0.02611831610011862
