lab_id,lon,lat,Th,th_anomaly,th_source,rad_K,rad_eTh,rad_eU,rad_eU_eTh,rad_K_eTh,rad_eTh_high,rad_th_agree
C164627,-118.92447768,48.58266004,12.0,False,BACKGROUND,1.5801849365234375,4.461028099060059,1.7046810388565063,0.38212739328310524,0.3542199021020252,False,neither
C164630,-119.83589871,48.16903497,12.0,False,BACKGROUND,1.1204124689102173,2.4808530807495117,0.6660827398300171,0.2684893938293118,0.4516238698712944,False,neither
C164654,-118.26165798,48.14460917,20.0,False,BACKGROUND,1.3202682733535767,7.3050537109375,2.7295989990234375,0.3736589910265194,0.18073354770503652,False,neither
C164656,-119.71700565,48.3076494,32.0,True,APATITE_P,1.5348697900772095,5.354711055755615,1.645086646080017,0.30722229994310596,0.2866391433814949,False,stream_only
C164658,-119.29531256,48.05376068,11.0,False,BACKGROUND,1.5182331800460815,6.296949863433838,1.6034232378005981,0.25463490619666823,0.24110612486569208,False,neither
C164663,-119.58700809,48.65931732,6.0,False,BACKGROUND,1.3252174854278564,3.845278263092041,1.1393821239471436,0.2963068069437843,0.3446350029197187,False,neither
C164673,-118.86554873,48.89699314,20.0,False,BACKGROUND,1.7302836179733276,6.368427753448486,2.2461955547332764,0.3527080217746001,0.2716971417374381,False,neither
C164674,-118.66056327,47.9540447,11.0,False,BACKGROUND,1.2678941488265991,7.123584270477295,1.6342843770980835,0.22941883117339512,0.17798542147963495,False,neither
C164676,-118.28414723,47.67210008,7.0,False,BACKGROUND,1.225197434425354,5.82140588760376,1.8392406702041626,0.3159444137232701,0.21046418306517994,False,neither
C164681,-118.13414672,48.01571839,17.0,False,BACKGROUND,1.3914071321487427,6.834036350250244,1.9565852880477905,0.28630009964406256,0.20359960948960903,False,neither
C164692,-118.85168622,48.0954339,69.0,True,APATITE_P,1.9528157711029053,6.989516735076904,1.8398596048355103,0.263231304047413,0.2793921017890543,False,stream_only
C164696,-119.65644112,48.01653363,10.0,False,BACKGROUND,1.5817537307739258,5.715949058532715,1.7571152448654175,0.30740568659239753,0.2767263519279793,False,neither
C164703,-119.87395931,48.43792509,3.0,False,BACKGROUND,1.056662917137146,3.869140625,0.6030383706092834,0.15585847842097583,0.27310015829087264,False,neither
C164713,-119.30087124,48.20265215,17.0,False,BACKGROUND,1.7368314266204834,7.306600093841553,1.621192455291748,0.22188055107302065,0.23770719682392233,False,neither
C164716,-118.88280484,48.37099235,14.0,False,BACKGROUND,1.1999714374542236,4.653637409210205,1.569459319114685,0.3372543198162589,0.2578566682224341,False,neither
C164747,-119.13194267,48.20487664,15.0,False,BACKGROUND,1.6216386556625366,4.252069473266602,0.9475347399711609,0.22284084160159046,0.3813763311860312,False,neither
C164749,-118.44668374,48.84100699,14.0,False,BACKGROUND,1.6547095775604248,6.510421276092529,1.4303882122039795,0.2197074738399233,0.2541632111637421,False,neither
C164750,-119.78950973,48.32931522,6.0,False,BACKGROUND,1.0699362754821777,3.8406574726104736,1.2582966089248657,0.32762531360798713,0.2785815405597594,False,neither
C164770,-119.97533629,47.53735306,10.0,False,BACKGROUND,1.352575421333313,7.162732124328613,2.222994565963745,0.31035567537325903,0.1888351257391319,False,neither
C164785,-119.05390955,47.8301495,3.0,False,BACKGROUND,1.742280125617981,8.400014877319336,2.311734914779663,0.2752060500537349,0.20741393331603097,False,neither
C164790,-118.52999246,47.64126336,3.0,False,BACKGROUND,1.2022347450256348,5.394455432891846,1.6580595970153809,0.3073636658309609,0.22286489525804534,False,neither
C164800,-119.8981183,47.83180539,12.0,False,BACKGROUND,1.1671671867370605,6.421408176422119,1.3990055322647095,0.21786584715195717,0.18176187444719996,False,neither
C164804,-119.26838284,48.98990434,6.0,False,BACKGROUND,1.3758429288864136,5.698088645935059,1.6241569519042969,0.2850353956958794,0.24145691904388356,False,neither
C164814,-119.17698582,48.55793501,9.0,False,BACKGROUND,1.161698579788208,4.658696174621582,0.7798028588294983,0.167386502489152,0.24936130974082482,False,neither
C164826,-118.90667614,47.64125954,3.0,False,BACKGROUND,1.4385735988616943,7.149740695953369,1.8661834001541138,0.26101413736729523,0.2012064017476749,False,neither
C164832,-119.32393409,48.52348861,3.0,False,BACKGROUND,1.3761066198349,4.8024067878723145,1.383832573890686,0.28815396841961133,0.28654520131656275,False,neither
C164841,-118.93669026,48.14293377,3.0,False,BACKGROUND,1.5914878845214844,5.57560396194458,1.793110728263855,0.32159937120757753,0.2854377562294485,False,neither
C164845,-119.32697239,47.51958832,16.0,False,BACKGROUND,1.2580195665359497,5.888139247894287,1.5155638456344604,0.2573926637649501,0.21365316164794199,False,neither
C164860,-118.78250156,47.56514803,9.0,False,BACKGROUND,1.3048875331878662,6.617942810058594,1.7358160018920898,0.26228936267835795,0.19717419304448675,False,neither
C164863,-119.39339383,48.81765814,21.0,False,BACKGROUND,1.589071273803711,5.37931489944458,1.5961833000183105,0.29672613146018245,0.2954040251422694,False,neither
C164874,-119.46087015,47.67069971,10.0,False,BACKGROUND,1.3537309169769287,4.682742118835449,1.8717097043991089,0.3997037754589365,0.2890893588890579,False,neither
C164875,-119.73396564,48.85126282,10.0,False,BACKGROUND,1.442417025566101,4.830998420715332,1.7126671075820923,0.3545161803899939,0.29857534611914044,False,neither
C164884,-118.01248109,48.33406268,11.0,False,BACKGROUND,1.1198005676269531,5.381927013397217,2.379855155944824,0.4421938740567564,0.20806684387198796,False,neither
C164903,-119.17724297,48.13767484,19.0,False,BACKGROUND,1.9651654958724976,8.069456100463867,2.4608304500579834,0.30495617293419863,0.24353134479032998,False,neither
C164910,-118.71390787,48.26849431,42.0,True,NB_OXIDE_SUSPECT,1.6013431549072266,5.606583118438721,1.3977692127227783,0.2493085687298289,0.2856183741646118,False,stream_only
C164914,-118.98417822,47.56042506,18.0,False,BACKGROUND,1.367925763130188,6.946645736694336,1.8338035345077515,0.2639840297053055,0.19691888934315163,False,neither
C164958,-118.80778878,47.85959676,12.0,False,BACKGROUND,1.512986660003662,8.42370891571045,2.0239593982696533,0.2402693894722446,0.1796105106602034,False,neither
C164985,-119.14391407,47.85959324,19.0,False,BACKGROUND,0.6906036138534546,2.644723653793335,1.8517954349517822,0.700184850048793,0.26112505662469493,False,neither
C164988,-119.87341344,48.7723708,10.0,False,BACKGROUND,0.9290277361869812,3.523540496826172,0.6384978294372559,0.18120916447884808,0.2636631357079059,False,neither
C165005,-119.76229546,48.691815,7.0,False,BACKGROUND,0.9022909998893738,3.0664899349212646,0.906070351600647,0.2954747515334373,0.2942422832092358,False,neither
C165006,-119.8314703,48.91404203,9.0,False,BACKGROUND,1.0073405504226685,3.3661744594573975,1.2519863843917847,0.3719315203269636,0.2992538154380282,False,neither
C165008,-118.81889473,47.66459363,16.0,False,BACKGROUND,1.5528935194015503,8.102814674377441,2.0033092498779297,0.24723621733726112,0.19164865319110397,False,neither
C165019,-119.54420809,47.72153277,10.0,False,BACKGROUND,1.1503509283065796,4.728913307189941,1.7772725820541382,0.3758310771635282,0.24325904358567144,False,neither
C165026,-119.24280299,47.61153426,15.0,False,BACKGROUND,1.1494520902633667,5.052708148956299,1.4203919172286987,0.28111497346667425,0.2274922786705582,False,neither
C165031,-119.59393195,47.66430886,8.0,False,BACKGROUND,1.294993281364441,5.408169269561768,1.7253329753875732,0.31902347899835237,0.23945132203108285,False,neither
C165047,-118.63279511,48.35599669,8.0,False,BACKGROUND,1.3369593620300293,4.362614631652832,1.357404351234436,0.3111446840584602,0.30645827672464054,False,neither
C165051,-118.51918481,48.76322535,14.0,False,BACKGROUND,1.4579299688339233,6.322320938110352,1.5004165172576904,0.23732052389389502,0.23060043662852667,False,neither
C165063,-119.63811015,48.1840374,3.0,False,BACKGROUND,1.5832874774932861,5.585172653198242,1.9572840929031372,0.35044289844510645,0.28348048946824356,False,neither
C165068,-118.31748824,47.91377007,7.0,False,BACKGROUND,1.1904891729354858,7.901698589324951,2.022947311401367,0.25601423396917866,0.15066243788947034,False,neither
C165101,-118.07025306,47.95127338,40.0,True,MONAZITE,1.7301461696624756,11.771000862121582,4.209532737731934,0.35761893037302994,0.1469837773294188,True,both_high
C165103,-118.29721308,48.06155105,18.0,False,BACKGROUND,1.4062190055847168,7.111458778381348,2.1426520347595215,0.3012957118268236,0.19773988001724577,False,neither
C165104,-119.30275168,48.34317613,12.0,False,BACKGROUND,1.239485263824463,4.610558032989502,1.1213222742080688,0.24320749596573227,0.26883627859267534,False,neither
C165105,-118.12746808,47.53376662,16.0,False,BACKGROUND,1.3242361545562744,6.973587512969971,1.8097469806671143,0.2595144862384273,0.1898931005158201,False,neither
C165108,-118.09108156,47.67182409,21.0,False,BACKGROUND,1.43303382396698,7.644912242889404,1.690091848373413,0.22107406791299422,0.18744934911448546,False,neither
C165119,-118.27889073,48.57628586,27.0,False,BACKGROUND,1.4377002716064453,6.376303195953369,1.935395359992981,0.30352938066390134,0.2254755188741435,False,neither
C165129,-119.02559742,48.97240121,3.0,False,BACKGROUND,1.4420864582061768,4.914497375488281,1.5371545553207397,0.3127796065142909,0.29343518737008134,False,neither
C165151,-118.17110644,48.58489934,12.0,False,BACKGROUND,1.3978662490844727,6.151614665985107,2.013634443283081,0.3273342939403084,0.22723566494076253,False,neither
C165160,-119.49893098,47.94986818,3.0,False,BACKGROUND,1.2826993465423584,6.957096099853516,1.54047691822052,0.2214252751594096,0.18437280844365023,False,neither
C165169,-119.57282192,47.81431091,15.0,False,BACKGROUND,1.512703537940979,5.7080206871032715,1.9053161144256592,0.3337962875170616,0.2650136747679959,False,neither
C165178,-119.17504272,48.59321308,12.0,False,BACKGROUND,1.249639630317688,5.043272495269775,1.2905004024505615,0.2558855195036472,0.2477834841345098,False,neither
C165195,-118.55501773,48.58044555,18.0,False,BACKGROUND,1.4808987379074097,7.087290287017822,1.2471243143081665,0.17596630923846768,0.2089513308944115,False,neither
C165199,-118.95223937,47.8609844,9.0,False,BACKGROUND,1.6151680946350098,9.093647003173828,2.2379539012908936,0.24610081087486813,0.17761499803888256,False,neither
C165222,-118.13332062,48.27294794,10.0,False,BACKGROUND,1.177458643913269,6.506873607635498,2.237339496612549,0.3438424705202726,0.1809561265384929,False,neither
C165225,-119.59810222,47.88958881,3.0,False,BACKGROUND,1.6424325704574585,6.259768009185791,2.0220210552215576,0.32301852916184387,0.2623791437713504,False,neither
C165238,-118.35804296,47.77765636,11.0,False,BACKGROUND,1.1307814121246338,6.742997646331787,1.6668508052825928,0.24719729899199433,0.1676971387851192,False,neither
C165262,-119.9400602,47.64124523,13.0,False,BACKGROUND,1.3337661027908325,7.576963424682617,2.1126019954681396,0.2788190831944833,0.17602910665319743,False,neither
C165267,-118.46446338,48.86017357,18.0,False,BACKGROUND,1.6547095775604248,6.510421276092529,1.4303882122039795,0.2197074738399233,0.2541632111637421,False,neither
C165268,-118.15388097,48.42934068,14.0,False,BACKGROUND,1.2413827180862427,6.904592037200928,1.7171683311462402,0.24869946289286746,0.17979088574645033,False,neither
C165277,-118.77919339,48.45877154,3.0,False,BACKGROUND,1.3910926580429077,4.5891218185424805,1.6714365482330322,0.36421707993881186,0.30312829187104107,False,neither
C165288,-118.67391878,48.85878038,14.0,False,BACKGROUND,1.586175560951233,6.696650981903076,1.6372122764587402,0.24448224655624384,0.23686101683329305,False,neither
C165323,-118.77144395,48.78698709,13.0,False,BACKGROUND,1.6116409301757812,8.408803939819336,1.6517460346221924,0.19643055616988025,0.19166113774444923,False,neither
C165329,-119.77533709,48.02097673,3.0,False,BACKGROUND,1.2897158861160278,4.726623058319092,1.3785881996154785,0.29166451028691504,0.2728620137893297,False,neither
C165330,-119.43950107,48.65487536,3.0,False,BACKGROUND,1.403887391090393,4.202833652496338,1.2953307628631592,0.30820414747887476,0.33403353717236284,False,neither
C165338,-119.82172612,47.89708553,3.0,False,BACKGROUND,1.0599899291992188,5.7796630859375,1.4396172761917114,0.24908325187577882,0.18339995142247661,False,neither
C165342,-118.01026465,48.71796081,15.0,False,BACKGROUND,1.4060399532318115,7.793562412261963,2.0484845638275146,0.262843158939042,0.18041043092432615,False,neither
C165353,-118.46917553,48.35100029,15.0,False,BACKGROUND,1.0917130708694458,4.282798767089844,1.5557599067687988,0.3632577646943556,0.2549064595933055,False,neither
C165396,-119.57559648,47.56375208,8.0,False,BACKGROUND,1.4013636112213135,7.413536548614502,1.842346429824829,0.24851114144289757,0.18902767957395597,False,neither
C165397,-119.18059123,48.32654409,9.0,False,BACKGROUND,1.225222110748291,3.714073657989502,0.8187851905822754,0.2204547529155626,0.32988632525169864,False,neither
C165406,-118.52806042,48.06654884,15.0,False,BACKGROUND,1.3838763236999512,5.580264568328857,1.4209365844726562,0.2546360601856176,0.2479947512801146,False,neither
C165415,-118.73252471,48.44488347,13.0,False,BACKGROUND,1.7429031133651733,6.43678092956543,1.7949061393737793,0.278851518952496,0.2707724765588446,False,neither
C165420,-118.55501773,48.58044555,13.0,False,BACKGROUND,1.4808987379074097,7.087290287017822,1.2471243143081665,0.17596630923846768,0.2089513308944115,False,neither
C165425,-119.52170456,47.5131969,14.0,False,BACKGROUND,1.1034491062164307,5.525223255157471,1.6322976350784302,0.2954265483398841,0.19971122527699237,False,neither
C165456,-118.61638111,47.50792672,15.0,False,BACKGROUND,1.4164392948150635,7.00458288192749,1.7681933641433716,0.252433784273648,0.20221608034214508,False,neither
C165486,-118.36137046,47.56181986,15.0,False,BACKGROUND,1.4340094327926636,8.019667625427246,1.8643252849578857,0.23246914610860375,0.1788115792038535,False,neither
C165499,-118.26833264,48.43350547,11.0,False,BACKGROUND,1.1404259204864502,6.917296886444092,1.660609245300293,0.2400662097581222,0.16486583404007948,False,neither
C165511,-119.54949654,48.43820738,16.0,False,BACKGROUND,1.4582949876785278,5.544552326202393,2.2985010147094727,0.4145512350649553,0.26301401842434263,False,neither
C165512,-119.21058304,47.83014758,11.0,False,BACKGROUND,1.3254189491271973,5.079372406005859,1.8415329456329346,0.36255127571577594,0.26094147921897193,False,neither
C165517,-119.23782914,48.73460221,26.0,False,BACKGROUND,1.4198120832443237,4.869565486907959,1.1940584182739258,0.24520841160966095,0.29156853667160876,False,neither
C165538,-118.03888187,48.8571297,13.0,False,BACKGROUND,1.2418441772460938,5.482551097869873,1.7509032487869263,0.3193592211967166,0.2265084547462924,False,neither
C165548,-119.58700809,48.65931732,16.0,False,BACKGROUND,1.3252174854278564,3.845278263092041,1.1393821239471436,0.2963068069437843,0.3446350029197187,False,neither
C165550,-119.55118382,48.92626651,11.0,False,BACKGROUND,1.321039080619812,4.3009161949157715,1.1764863729476929,0.2735431986185755,0.30715294619817235,False,neither
C165577,-118.46471552,47.77154413,13.0,False,BACKGROUND,1.2322990894317627,7.937413215637207,1.7010014057159424,0.21430173275656883,0.15525197642527358,False,neither
C165589,-118.19581252,47.80710282,11.0,False,BACKGROUND,1.5279041528701782,9.410234451293945,1.9889509677886963,0.21136040532074177,0.162366215292339,False,neither
C166642,-117.2926479,47.88795065,15.0,False,BACKGROUND,1.6613099575042725,7.702441692352295,3.614142656326294,0.46922038500009067,0.21568614523285212,False,neither
C166648,-117.68050738,47.87127875,17.0,False,BACKGROUND,1.512854814529419,6.707726955413818,1.622821569442749,0.24193315861388287,0.22553911698930904,False,neither
C166944,-117.73106043,47.75738799,9.0,False,BACKGROUND,1.274956226348877,6.021591663360596,1.874049425125122,0.31122160549811045,0.2117307678145242,False,neither
C166980,-117.54160454,47.64322292,14.0,False,BACKGROUND,1.7020679712295532,7.250280857086182,2.9807541370391846,0.41112257522077855,0.23475890172806327,False,neither
C167031,-117.11270557,47.75462028,115.0,True,APATITE_P,1.4094170331954956,7.488321781158447,2.2547059059143066,0.3010962899040247,0.1882153404173636,False,stream_only
C167061,-117.7329931,47.5221075,8.0,False,BACKGROUND,1.2040408849716187,6.122355937957764,1.4058057069778442,0.22961842160499726,0.19666299986035293,False,neither
C167067,-117.86940856,47.96238811,14.0,False,BACKGROUND,1.216209053993225,6.578774452209473,1.7820608615875244,0.2708803705816395,0.184868635158143,False,neither
C167138,-117.84356985,47.826831,21.0,False,BACKGROUND,1.499859094619751,6.494210720062256,2.1540119647979736,0.33168187138487626,0.23095325348564802,False,neither
C167350,-117.4918892,47.78461224,13.0,False,BACKGROUND,1.7284111976623535,7.3643317222595215,2.5679285526275635,0.34869810995418776,0.23470034523812067,False,neither
C167415,-117.71910827,47.61127544,12.0,False,BACKGROUND,1.7465368509292603,7.612607479095459,2.9243996143341064,0.38415216105186445,0.22942688897665145,False,neither
C167425,-117.43438873,47.94794918,14.0,False,BACKGROUND,2.014709711074829,9.362208366394043,2.580033302307129,0.27557956427975305,0.2151959913973605,False,neither
C178603,-117.6133094,48.75852256,42.0,True,MONAZITE,1.131740689277649,8.391610145568848,1.3578088283538818,0.161805518225947,0.13486573728347706,False,stream_only
C178658,-117.39856456,48.46796334,22.0,False,BACKGROUND,1.2990535497665405,6.773972034454346,2.349381446838379,0.34682479273441896,0.19177131868262598,False,neither
C178666,-117.48411543,48.07072891,18.0,False,BACKGROUND,1.1936962604522705,7.774740219116211,2.4871296882629395,0.3198987513624812,0.1535351956220041,False,neither
C178704,-117.17576639,48.22573758,18.0,False,BACKGROUND,1.374647855758667,7.993728160858154,2.223771572113037,0.27818954152105013,0.17196579969903478,False,neither
C178743,-117.24939918,48.64824966,19.0,False,BACKGROUND,1.1073589324951172,7.687172889709473,1.720594048500061,0.22382663603200015,0.14405281998763117,False,neither
C178788,-117.10190395,48.88437067,10.0,False,BACKGROUND,0.5884948968887329,3.295856237411499,0.47442105412483215,0.14394470509351864,0.17855599713624806,False,neither
C178794,-117.68442376,48.89213488,11.0,False,BACKGROUND,1.070534110069275,5.178427219390869,1.8595141172409058,0.3590885878009188,0.2067295850100217,False,neither
C178807,-117.61801899,48.38323553,13.0,False,BACKGROUND,1.2074840068817139,6.193000793457031,2.4116389751434326,0.38941363897310555,0.19497559376343582,False,neither
C178839,-117.83052066,48.07322468,28.0,True,MONAZITE,1.0400418043136597,5.833292007446289,2.181868314743042,0.3740372180850629,0.178294143853253,False,stream_only
C178857,-117.32412535,48.65991499,3.0,False,BACKGROUND,1.0959223508834839,6.543075084686279,1.8747256994247437,0.28652058476486686,0.16749347007318197,False,neither
C178923,-117.84803133,48.40628878,42.0,True,APATITE_P,1.3265284299850464,7.947049140930176,2.9045426845550537,0.36548694151085703,0.16692087924220142,False,stream_only
C178928,-117.81692929,48.81574276,33.0,True,MONAZITE,1.2244410514831543,6.501424789428711,2.0274498462677,0.31184700460802456,0.18833426381769275,False,stream_only
C178938,-117.36688826,48.19267824,17.0,False,BACKGROUND,1.0711685419082642,5.5626420974731445,2.0746266841888428,0.3729570674933862,0.19256470632810394,False,neither
C178957,-117.51523852,48.48712871,24.0,False,BACKGROUND,1.0822457075119019,6.211054801940918,1.4406774044036865,0.23195374221355822,0.17424507463268663,False,neither
C179008,-117.45022991,48.33101422,14.0,False,BACKGROUND,0.8993390202522278,5.6103081703186035,2.037412405014038,0.3631551678021879,0.16030118006889366,False,neither
C179062,-117.79442421,48.59990521,13.0,False,BACKGROUND,1.0888911485671997,8.13743782043457,1.7014570236206055,0.2090900184020996,0.1338125307492732,False,neither
C179143,-117.2321823,48.75547583,3.0,False,BACKGROUND,0.6988210082054138,3.335937261581421,0.5835381746292114,0.17492480489653503,0.20948265911755592,False,neither
C179164,-117.55301075,48.23517687,10.0,False,BACKGROUND,1.1451683044433594,7.639725208282471,1.785629153251648,0.2337295000238739,0.14989653072885994,False,neither
C179223,-117.849972,48.27739646,7.0,False,BACKGROUND,1.0931297540664673,6.076784610748291,1.6292301416397095,0.2681072715261315,0.17988621023904613,False,neither
C179258,-117.46802505,48.96325354,10.0,False,BACKGROUND,0.8945137858390808,5.593487739562988,1.0886726379394531,0.19463216666038669,0.15992057683654956,False,neither
C179259,-117.52468829,48.61602053,32.0,True,APATITE_P,1.185925006866455,7.484273910522461,1.9931055307388306,0.2663057972713476,0.15845558581161925,False,stream_only
C179270,-117.84803133,48.40628878,54.0,True,APATITE_P,1.3265284299850464,7.947049140930176,2.9045426845550537,0.36548694151085703,0.16692087924220142,False,stream_only
C179311,-117.56023147,48.13906315,18.0,False,BACKGROUND,1.3004974126815796,7.498076438903809,2.183466911315918,0.29120360789961924,0.17344413907731615,False,neither
C179395,-117.10687195,48.08351303,24.0,False,BACKGROUND,1.1588126420974731,6.951049327850342,2.3587002754211426,0.3393301017115047,0.16671046160678646,False,neither
C179448,-117.96526786,48.87490919,11.0,False,BACKGROUND,1.0568485260009766,5.508662223815918,1.8736989498138428,0.34013683789018173,0.19185211999963298,False,neither
C179501,-117.82830918,48.4340675,21.0,False,BACKGROUND,1.7228615283966064,10.25354290008545,2.9721016883850098,0.2898609502438656,0.16802597357663066,True,airborne_only
C179529,-117.28662918,48.7696418,16.0,False,BACKGROUND,0.8929338455200195,7.0338053703308105,1.140576720237732,0.1621564231857739,0.12694889871228032,False,neither
C179564,-117.04965728,48.48046952,116.0,True,NB_OXIDE_SUSPECT,0.9615102410316467,6.727667331695557,2.7261338233947754,0.4052123401749288,0.14291881474307674,False,stream_only
C216923,-118.54201177,47.89487864,10.6,False,BACKGROUND,1.1882275342941284,7.560104846954346,1.6512842178344727,0.21842080913728423,0.1571707745260724,False,neither
C216924,-118.54201177,47.89487864,13.3,False,BACKGROUND,1.1882275342941284,7.560104846954346,1.6512842178344727,0.21842080913728423,0.1571707745260724,False,neither
C216925,-118.54201177,47.89487864,13.1,True,XENOTIME_Y,1.1882275342941284,7.560104846954346,1.6512842178344727,0.21842080913728423,0.1571707745260724,False,stream_only
C216926,-118.54201177,47.89487864,13.0,False,BACKGROUND,1.1882275342941284,7.560104846954346,1.6512842178344727,0.21842080913728423,0.1571707745260724,False,neither
C216927,-118.54201177,47.89487864,12.6,False,BACKGROUND,1.1882275342941284,7.560104846954346,1.6512842178344727,0.21842080913728423,0.1571707745260724,False,neither
C216928,-118.54201177,47.89487864,13.7,False,BACKGROUND,1.1882275342941284,7.560104846954346,1.6512842178344727,0.21842080913728423,0.1571707745260724,False,neither
C216929,-118.54201177,47.89487864,13.3,False,BACKGROUND,1.1882275342941284,7.560104846954346,1.6512842178344727,0.21842080913728423,0.1571707745260724,False,neither
C216930,-118.54201177,47.89487864,12.8,False,BACKGROUND,1.1882275342941284,7.560104846954346,1.6512842178344727,0.21842080913728423,0.1571707745260724,False,neither
C216931,-118.54201177,47.89487864,10.5,False,BACKGROUND,1.1882275342941284,7.560104846954346,1.6512842178344727,0.21842080913728423,0.1571707745260724,False,neither
C216932,-118.18190662,48.50709775,13.1,False,BACKGROUND,1.0466930866241455,4.603544235229492,1.3780231475830078,0.29933961251798674,0.22736679244094776,False,neither
C216933,-118.18190662,48.50709775,10.1,False,BACKGROUND,1.0466930866241455,4.603544235229492,1.3780231475830078,0.29933961251798674,0.22736679244094776,False,neither
C216934,-118.18190662,48.50709775,12.0,False,BACKGROUND,1.0466930866241455,4.603544235229492,1.3780231475830078,0.29933961251798674,0.22736679244094776,False,neither
C216935,-118.18190662,48.50709775,12.5,False,BACKGROUND,1.0466930866241455,4.603544235229492,1.3780231475830078,0.29933961251798674,0.22736679244094776,False,neither
C216936,-118.18190662,48.50709775,12.8,False,BACKGROUND,1.0466930866241455,4.603544235229492,1.3780231475830078,0.29933961251798674,0.22736679244094776,False,neither
C216937,-118.18190662,48.50709775,13.0,True,XENOTIME_Y,1.0466930866241455,4.603544235229492,1.3780231475830078,0.29933961251798674,0.22736679244094776,False,stream_only
C216938,-118.18190662,48.50709775,9.94,False,BACKGROUND,1.0466930866241455,4.603544235229492,1.3780231475830078,0.29933961251798674,0.22736679244094776,False,neither
C216939,-118.18190662,48.50709775,13.0,False,BACKGROUND,1.0466930866241455,4.603544235229492,1.3780231475830078,0.29933961251798674,0.22736679244094776,False,neither
C216940,-118.18190662,48.50709775,9.77,False,BACKGROUND,1.0466930866241455,4.603544235229492,1.3780231475830078,0.29933961251798674,0.22736679244094776,False,neither
C216941,-118.18190662,48.50709775,12.4,False,BACKGROUND,1.0466930866241455,4.603544235229492,1.3780231475830078,0.29933961251798674,0.22736679244094776,False,neither
C216942,-118.18190662,48.50709775,26.6,False,BACKGROUND,1.0466930866241455,4.603544235229492,1.3780231475830078,0.29933961251798674,0.22736679244094776,False,neither
C216943,-118.18190662,48.50709775,12.3,False,BACKGROUND,1.0466930866241455,4.603544235229492,1.3780231475830078,0.29933961251798674,0.22736679244094776,False,neither
C216944,-118.3530025,47.95488154,13.4,True,XENOTIME_Y,1.3490960597991943,7.898804664611816,2.314155340194702,0.2929753853216005,0.17079749621400406,False,stream_only
C216945,-118.3530025,47.95488154,14.4,False,BACKGROUND,1.3490960597991943,7.898804664611816,2.314155340194702,0.2929753853216005,0.17079749621400406,False,neither
C216946,-118.3530025,47.95488154,11.5,False,BACKGROUND,1.3490960597991943,7.898804664611816,2.314155340194702,0.2929753853216005,0.17079749621400406,False,neither
C216947,-118.3530025,47.95488154,14.3,False,BACKGROUND,1.3490960597991943,7.898804664611816,2.314155340194702,0.2929753853216005,0.17079749621400406,False,neither
C216948,-118.3530025,47.95488154,12.4,False,BACKGROUND,1.3490960597991943,7.898804664611816,2.314155340194702,0.2929753853216005,0.17079749621400406,False,neither
C216949,-118.3530025,47.95488154,13.5,False,BACKGROUND,1.3490960597991943,7.898804664611816,2.314155340194702,0.2929753853216005,0.17079749621400406,False,neither
C216950,-118.3530025,47.95488154,13.3,False,BACKGROUND,1.3490960597991943,7.898804664611816,2.314155340194702,0.2929753853216005,0.17079749621400406,False,neither
C216951,-118.3530025,47.95488154,13.4,False,BACKGROUND,1.3490960597991943,7.898804664611816,2.314155340194702,0.2929753853216005,0.17079749621400406,False,neither
C216952,-118.3530025,47.95488154,13.8,False,BACKGROUND,1.3490960597991943,7.898804664611816,2.314155340194702,0.2929753853216005,0.17079749621400406,False,neither
C216953,-118.3530025,47.95488154,14.4,False,BACKGROUND,1.3490960597991943,7.898804664611816,2.314155340194702,0.2929753853216005,0.17079749621400406,False,neither
C216954,-118.3530025,47.95488154,13.6,False,BACKGROUND,1.3490960597991943,7.898804664611816,2.314155340194702,0.2929753853216005,0.17079749621400406,False,neither
C216955,-118.3530025,47.95488154,14.1,False,BACKGROUND,1.3490960597991943,7.898804664611816,2.314155340194702,0.2929753853216005,0.17079749621400406,False,neither
C216956,-118.54201177,47.89487864,12.6,False,BACKGROUND,1.1882275342941284,7.560104846954346,1.6512842178344727,0.21842080913728423,0.1571707745260724,False,neither
C216957,-118.18190662,48.50709775,12.2,False,BACKGROUND,1.0466930866241455,4.603544235229492,1.3780231475830078,0.29933961251798674,0.22736679244094776,False,neither
C216958,-118.3530025,47.95488154,13.8,False,BACKGROUND,1.3490960597991943,7.898804664611816,2.314155340194702,0.2929753853216005,0.17079749621400406,False,neither
C216961,-118.20189311,47.93378266,11.9,False,BACKGROUND,1.3036826848983765,9.388615608215332,1.9819624423980713,0.2111027360267889,0.13885781879893064,False,neither
C216962,-118.20189311,47.93378266,11.6,False,BACKGROUND,1.3036826848983765,9.388615608215332,1.9819624423980713,0.2111027360267889,0.13885781879893064,False,neither
C216963,-118.20189311,47.93378266,12.9,False,BACKGROUND,1.3036826848983765,9.388615608215332,1.9819624423980713,0.2111027360267889,0.13885781879893064,False,neither
C216964,-118.20189311,47.93378266,12.6,False,BACKGROUND,1.3036826848983765,9.388615608215332,1.9819624423980713,0.2111027360267889,0.13885781879893064,False,neither
C216965,-118.20189311,47.93378266,13.6,False,BACKGROUND,1.3036826848983765,9.388615608215332,1.9819624423980713,0.2111027360267889,0.13885781879893064,False,neither
C216966,-118.20189311,47.93378266,12.4,False,BACKGROUND,1.3036826848983765,9.388615608215332,1.9819624423980713,0.2111027360267889,0.13885781879893064,False,neither
C216967,-118.20189311,47.93378266,12.7,False,BACKGROUND,1.3036826848983765,9.388615608215332,1.9819624423980713,0.2111027360267889,0.13885781879893064,False,neither
C216968,-118.20189311,47.93378266,11.0,False,BACKGROUND,1.3036826848983765,9.388615608215332,1.9819624423980713,0.2111027360267889,0.13885781879893064,False,neither
C216969,-118.20189311,47.93378266,10.9,False,BACKGROUND,1.3036826848983765,9.388615608215332,1.9819624423980713,0.2111027360267889,0.13885781879893064,False,neither
C216970,-118.20189311,47.93378266,11.9,False,BACKGROUND,1.3036826848983765,9.388615608215332,1.9819624423980713,0.2111027360267889,0.13885781879893064,False,neither
C216971,-118.20189311,47.93378266,11.2,False,BACKGROUND,1.3036826848983765,9.388615608215332,1.9819624423980713,0.2111027360267889,0.13885781879893064,False,neither
C216972,-118.20189311,47.93378266,12.0,False,BACKGROUND,1.3036826848983765,9.388615608215332,1.9819624423980713,0.2111027360267889,0.13885781879893064,False,neither
C216973,-118.20189311,47.93378266,11.6,False,BACKGROUND,1.3036826848983765,9.388615608215332,1.9819624423980713,0.2111027360267889,0.13885781879893064,False,neither
C216974,-118.20189311,47.93378266,11.1,False,BACKGROUND,1.3036826848983765,9.388615608215332,1.9819624423980713,0.2111027360267889,0.13885781879893064,False,neither
C216975,-118.20189311,47.93378266,11.6,False,BACKGROUND,1.3036826848983765,9.388615608215332,1.9819624423980713,0.2111027360267889,0.13885781879893064,False,neither
C216976,-118.20189311,47.93378266,12.1,False,BACKGROUND,1.3036826848983765,9.388615608215332,1.9819624423980713,0.2111027360267889,0.13885781879893064,False,neither
C216977,-118.19299988,48.19428928,13.3,False,BACKGROUND,1.2006115913391113,6.246016979217529,2.1499762535095215,0.3442155634003512,0.19222035344026844,False,neither
C216978,-118.19299988,48.19428928,13.7,False,BACKGROUND,1.2006115913391113,6.246016979217529,2.1499762535095215,0.3442155634003512,0.19222035344026844,False,neither
C216979,-118.19299988,48.19428928,13.5,False,BACKGROUND,1.2006115913391113,6.246016979217529,2.1499762535095215,0.3442155634003512,0.19222035344026844,False,neither
C216980,-118.19299988,48.19428928,7.84,False,BACKGROUND,1.2006115913391113,6.246016979217529,2.1499762535095215,0.3442155634003512,0.19222035344026844,False,neither
C216981,-118.19299988,48.19428928,13.4,False,BACKGROUND,1.2006115913391113,6.246016979217529,2.1499762535095215,0.3442155634003512,0.19222035344026844,False,neither
C216982,-118.19299988,48.19428928,14.0,False,BACKGROUND,1.2006115913391113,6.246016979217529,2.1499762535095215,0.3442155634003512,0.19222035344026844,False,neither
C216983,-118.19299988,48.19428928,12.7,False,BACKGROUND,1.2006115913391113,6.246016979217529,2.1499762535095215,0.3442155634003512,0.19222035344026844,False,neither
C216984,-118.19299988,48.19428928,8.71,False,BACKGROUND,1.2006115913391113,6.246016979217529,2.1499762535095215,0.3442155634003512,0.19222035344026844,False,neither
C216985,-118.19299988,48.19428928,12.5,False,BACKGROUND,1.2006115913391113,6.246016979217529,2.1499762535095215,0.3442155634003512,0.19222035344026844,False,neither
C216986,-118.19299988,48.19428928,10.8,False,BACKGROUND,1.2006115913391113,6.246016979217529,2.1499762535095215,0.3442155634003512,0.19222035344026844,False,neither
C216987,-118.19299988,48.19428928,13.6,False,BACKGROUND,1.2006115913391113,6.246016979217529,2.1499762535095215,0.3442155634003512,0.19222035344026844,False,neither
C216988,-118.19299988,48.19428928,12.7,False,BACKGROUND,1.2006115913391113,6.246016979217529,2.1499762535095215,0.3442155634003512,0.19222035344026844,False,neither
C216989,-118.19299988,48.19428928,9.69,False,BACKGROUND,1.2006115913391113,6.246016979217529,2.1499762535095215,0.3442155634003512,0.19222035344026844,False,neither
C216990,-118.19299988,48.19428928,9.82,False,BACKGROUND,1.2006115913391113,6.246016979217529,2.1499762535095215,0.3442155634003512,0.19222035344026844,False,neither
C216991,-118.19299988,48.19428928,9.82,False,BACKGROUND,1.2006115913391113,6.246016979217529,2.1499762535095215,0.3442155634003512,0.19222035344026844,False,neither
C216992,-118.19299988,48.19428928,13.0,False,BACKGROUND,1.2006115913391113,6.246016979217529,2.1499762535095215,0.3442155634003512,0.19222035344026844,False,neither
C216993,-118.19299988,48.19428928,12.0,False,BACKGROUND,1.2006115913391113,6.246016979217529,2.1499762535095215,0.3442155634003512,0.19222035344026844,False,neither
C216994,-118.19299988,48.19428928,13.2,False,BACKGROUND,1.2006115913391113,6.246016979217529,2.1499762535095215,0.3442155634003512,0.19222035344026844,False,neither
C216995,-118.19299988,48.19428928,12.3,False,BACKGROUND,1.2006115913391113,6.246016979217529,2.1499762535095215,0.3442155634003512,0.19222035344026844,False,neither
C216996,-118.19299988,48.19428928,12.1,False,BACKGROUND,1.2006115913391113,6.246016979217529,2.1499762535095215,0.3442155634003512,0.19222035344026844,False,neither
C216997,-118.19299988,48.19428928,7.25,False,BACKGROUND,1.2006115913391113,6.246016979217529,2.1499762535095215,0.3442155634003512,0.19222035344026844,False,neither
C216998,-118.20189311,47.93378266,12.3,False,BACKGROUND,1.3036826848983765,9.388615608215332,1.9819624423980713,0.2111027360267889,0.13885781879893064,False,neither
C217001,-118.3530025,47.95488154,19.1,False,BACKGROUND,1.3490960597991943,7.898804664611816,2.314155340194702,0.2929753853216005,0.17079749621400406,False,neither
C217002,-118.3530025,47.95488154,11.5,False,BACKGROUND,1.3490960597991943,7.898804664611816,2.314155340194702,0.2929753853216005,0.17079749621400406,False,neither
C217003,-118.3530025,47.95488154,13.0,False,BACKGROUND,1.3490960597991943,7.898804664611816,2.314155340194702,0.2929753853216005,0.17079749621400406,False,neither
C217004,-118.3530025,47.95488154,13.2,False,BACKGROUND,1.3490960597991943,7.898804664611816,2.314155340194702,0.2929753853216005,0.17079749621400406,False,neither
C217005,-118.3530025,47.95488154,10.7,False,BACKGROUND,1.3490960597991943,7.898804664611816,2.314155340194702,0.2929753853216005,0.17079749621400406,False,neither
C217006,-118.3530025,47.95488154,12.7,False,BACKGROUND,1.3490960597991943,7.898804664611816,2.314155340194702,0.2929753853216005,0.17079749621400406,False,neither
C217007,-118.3530025,47.95488154,10.6,False,BACKGROUND,1.3490960597991943,7.898804664611816,2.314155340194702,0.2929753853216005,0.17079749621400406,False,neither
C217008,-118.3530025,47.95488154,9.23,False,BACKGROUND,1.3490960597991943,7.898804664611816,2.314155340194702,0.2929753853216005,0.17079749621400406,False,neither
C217009,-118.3530025,47.95488154,13.0,False,BACKGROUND,1.3490960597991943,7.898804664611816,2.314155340194702,0.2929753853216005,0.17079749621400406,False,neither
C217010,-118.3530025,47.95488154,14.0,False,BACKGROUND,1.3490960597991943,7.898804664611816,2.314155340194702,0.2929753853216005,0.17079749621400406,False,neither
C217011,-118.3530025,47.95488154,13.2,False,BACKGROUND,1.3490960597991943,7.898804664611816,2.314155340194702,0.2929753853216005,0.17079749621400406,False,neither
C217012,-118.3530025,47.95488154,7.96,False,BACKGROUND,1.3490960597991943,7.898804664611816,2.314155340194702,0.2929753853216005,0.17079749621400406,False,neither
C217013,-118.3530025,47.95488154,13.9,False,BACKGROUND,1.3490960597991943,7.898804664611816,2.314155340194702,0.2929753853216005,0.17079749621400406,False,neither
C217014,-118.3530025,47.95488154,12.2,False,BACKGROUND,1.3490960597991943,7.898804664611816,2.314155340194702,0.2929753853216005,0.17079749621400406,False,neither
C217015,-118.3530025,47.95488154,10.8,False,BACKGROUND,1.3490960597991943,7.898804664611816,2.314155340194702,0.2929753853216005,0.17079749621400406,False,neither
C217016,-118.3530025,47.95488154,12.6,False,BACKGROUND,1.3490960597991943,7.898804664611816,2.314155340194702,0.2929753853216005,0.17079749621400406,False,neither
C217017,-118.3530025,47.95488154,7.37,False,BACKGROUND,1.3490960597991943,7.898804664611816,2.314155340194702,0.2929753853216005,0.17079749621400406,False,neither
C217018,-118.3530025,47.95488154,10.3,False,BACKGROUND,1.3490960597991943,7.898804664611816,2.314155340194702,0.2929753853216005,0.17079749621400406,False,neither
C217019,-118.3530025,47.95488154,12.9,False,BACKGROUND,1.3490960597991943,7.898804664611816,2.314155340194702,0.2929753853216005,0.17079749621400406,False,neither
C217020,-118.3530025,47.95488154,9.41,False,BACKGROUND,1.3490960597991943,7.898804664611816,2.314155340194702,0.2929753853216005,0.17079749621400406,False,neither
C217021,-118.3530025,47.95488154,11.2,False,BACKGROUND,1.3490960597991943,7.898804664611816,2.314155340194702,0.2929753853216005,0.17079749621400406,False,neither
C217022,-118.3530025,47.95488154,8.6,False,BACKGROUND,1.3490960597991943,7.898804664611816,2.314155340194702,0.2929753853216005,0.17079749621400406,False,neither
C217023,-118.3530025,47.95488154,13.2,False,BACKGROUND,1.3490960597991943,7.898804664611816,2.314155340194702,0.2929753853216005,0.17079749621400406,False,neither
C217024,-118.3530025,47.95488154,13.8,False,BACKGROUND,1.3490960597991943,7.898804664611816,2.314155340194702,0.2929753853216005,0.17079749621400406,False,neither
C217025,-118.3530025,47.95488154,13.8,False,BACKGROUND,1.3490960597991943,7.898804664611816,2.314155340194702,0.2929753853216005,0.17079749621400406,False,neither
C217026,-118.3530025,47.95488154,13.3,False,BACKGROUND,1.3490960597991943,7.898804664611816,2.314155340194702,0.2929753853216005,0.17079749621400406,False,neither
C224064,-118.54191176,47.89487864,14.1,False,BACKGROUND,1.1882275342941284,7.560104846954346,1.6512842178344727,0.21842080913728423,0.1571707745260724,False,neither
C224065,-118.54191176,47.89487864,14.7,False,BACKGROUND,1.1882275342941284,7.560104846954346,1.6512842178344727,0.21842080913728423,0.1571707745260724,False,neither
C224066,-118.54191176,47.89487864,13.2,False,BACKGROUND,1.1882275342941284,7.560104846954346,1.6512842178344727,0.21842080913728423,0.1571707745260724,False,neither
C224067,-118.54191176,47.89487864,11.4,False,BACKGROUND,1.1882275342941284,7.560104846954346,1.6512842178344727,0.21842080913728423,0.1571707745260724,False,neither
C224068,-118.54191176,47.89487864,10.9,False,BACKGROUND,1.1882275342941284,7.560104846954346,1.6512842178344727,0.21842080913728423,0.1571707745260724,False,neither
C224069,-118.54191176,47.89487864,12.6,False,BACKGROUND,1.1882275342941284,7.560104846954346,1.6512842178344727,0.21842080913728423,0.1571707745260724,False,neither
C226226,-118.08690171,48.637102,14.1,False,BACKGROUND,0.788201630115509,3.3712055683135986,1.2824379205703735,0.3804092911521549,0.2338040840712649,False,neither
C226227,-118.19299988,48.19428928,13.7,False,BACKGROUND,1.2006115913391113,6.246016979217529,2.1499762535095215,0.3442155634003512,0.19222035344026844,False,neither
C226228,-118.18190662,48.50709775,11.3,False,BACKGROUND,1.0466930866241455,4.603544235229492,1.3780231475830078,0.29933961251798674,0.22736679244094776,False,neither
C226229,-118.19299988,48.19428928,14.1,False,BACKGROUND,1.2006115913391113,6.246016979217529,2.1499762535095215,0.3442155634003512,0.19222035344026844,False,neither
C226230,-118.18190662,48.50709775,12.5,False,BACKGROUND,1.0466930866241455,4.603544235229492,1.3780231475830078,0.29933961251798674,0.22736679244094776,False,neither
C226231,-118.08690171,48.637102,13.9,False,BACKGROUND,0.788201630115509,3.3712055683135986,1.2824379205703735,0.3804092911521549,0.2338040840712649,False,neither
C244550,-118.91222898,47.94181499,14.7,False,BACKGROUND,1.5919146537780762,10.591453552246094,2.2579617500305176,0.21318714555016666,0.15030181135435222,True,airborne_only
C244551,-118.91222722,47.882654,15.8,False,BACKGROUND,1.3366516828536987,9.502022743225098,1.9196909666061401,0.20202971709101325,0.14067022559030662,False,neither
C244552,-118.91223413,48.15487871,13.8,False,BACKGROUND,1.651379942893982,5.857316970825195,1.7032183408737183,0.29078473119301995,0.2819345360886848,False,neither
C244553,-118.91223946,48.394321,8.9,False,BACKGROUND,1.2087359428405762,4.348040580749512,1.4749163389205933,0.33921402331216244,0.2779955523396277,False,neither
C244554,-118.91224702,48.69599365,10.9,False,BACKGROUND,1.5317031145095825,5.345774173736572,1.5828181505203247,0.2960877319316262,0.2865259670030089,False,neither
C244555,-118.91224913,48.81932875,10.3,False,BACKGROUND,1.6578330993652344,6.253973484039307,1.8326472043991089,0.2930372520888019,0.26508476628437444,False,neither
C244556,-118.91225015,48.92239542,6.7,False,BACKGROUND,1.6232976913452148,6.648151397705078,2.09242582321167,0.31473799226864313,0.24417279244055307,False,neither
C244557,-118.91225015,48.92239542,8.0,False,BACKGROUND,1.6232976913452148,6.648151397705078,2.09242582321167,0.31473799226864313,0.24417279244055307,False,neither
C244558,-118.91223151,48.03570659,10.9,False,BACKGROUND,1.655768632888794,6.434269428253174,1.5100624561309814,0.2346905849948135,0.2573359184522547,False,neither
C244559,-118.91222722,47.882654,15.5,False,BACKGROUND,1.3366516828536987,9.502022743225098,1.9196909666061401,0.20202971709101325,0.14067022559030662,False,neither
C244560,-118.91222722,47.882654,14.7,False,BACKGROUND,1.3366516828536987,9.502022743225098,1.9196909666061401,0.20202971709101325,0.14067022559030662,False,neither
C244561,-118.91223413,48.15487871,13.8,False,BACKGROUND,1.651379942893982,5.857316970825195,1.7032183408737183,0.29078473119301995,0.2819345360886848,False,neither
C244562,-118.91223413,48.15487871,15.0,False,BACKGROUND,1.651379942893982,5.857316970825195,1.7032183408737183,0.29078473119301995,0.2819345360886848,False,neither
C244563,-118.91224913,48.81932875,11.9,False,BACKGROUND,1.6578330993652344,6.253973484039307,1.8326472043991089,0.2930372520888019,0.26508476628437444,False,neither
C244564,-118.91224913,48.81932875,17.8,False,BACKGROUND,1.6578330993652344,6.253973484039307,1.8326472043991089,0.2930372520888019,0.26508476628437444,False,neither
C244565,-118.91223151,48.03570659,11.8,False,BACKGROUND,1.655768632888794,6.434269428253174,1.5100624561309814,0.2346905849948135,0.2573359184522547,False,neither
C244566,-118.91223151,48.03570659,11.2,False,BACKGROUND,1.655768632888794,6.434269428253174,1.5100624561309814,0.2346905849948135,0.2573359184522547,False,neither
C244567,-118.91222898,47.94181499,13.9,False,BACKGROUND,1.5919146537780762,10.591453552246094,2.2579617500305176,0.21318714555016666,0.15030181135435222,True,airborne_only
C244568,-118.91222898,47.94181499,17.5,False,BACKGROUND,1.5919146537780762,10.591453552246094,2.2579617500305176,0.21318714555016666,0.15030181135435222,True,airborne_only
C244569,-118.91223946,48.394321,8.5,False,BACKGROUND,1.2087359428405762,4.348040580749512,1.4749163389205933,0.33921402331216244,0.2779955523396277,False,neither
C244570,-118.91223946,48.394321,8.3,False,BACKGROUND,1.2087359428405762,4.348040580749512,1.4749163389205933,0.33921402331216244,0.2779955523396277,False,neither
C244571,-118.91224606,48.65988325,12.7,False,BACKGROUND,1.4344524145126343,4.759840488433838,1.6188911199569702,0.3401145739843153,0.30136564828134016,False,neither
C244572,-118.91224702,48.69599365,9.1,False,BACKGROUND,1.5317031145095825,5.345774173736572,1.5828181505203247,0.2960877319316262,0.2865259670030089,False,neither
C244573,-118.91224702,48.69599365,11.8,False,BACKGROUND,1.5317031145095825,5.345774173736572,1.5828181505203247,0.2960877319316262,0.2865259670030089,False,neither
C244574,-118.91225015,48.92239542,6.3,False,BACKGROUND,1.6232976913452148,6.648151397705078,2.09242582321167,0.31473799226864313,0.24417279244055307,False,neither
C244575,-118.91225015,48.92239542,6.9,False,BACKGROUND,1.6232976913452148,6.648151397705078,2.09242582321167,0.31473799226864313,0.24417279244055307,False,neither
C252822,-118.17971503,48.39433886,13.9,False,BACKGROUND,0.8557710647583008,4.933484077453613,1.4345864057540894,0.2907856563904311,0.17346180738055642,False,neither
C252823,-118.17971503,48.39433886,10.9,False,BACKGROUND,0.8557710647583008,4.933484077453613,1.4345864057540894,0.2907856563904311,0.17346180738055642,False,neither
D178652,-117.87607658,47.99988859,14.5,False,BACKGROUND,1.104973316192627,6.233321666717529,2.012281656265259,0.3228265383783615,0.17726877823305187,False,neither
D178653,-117.87607658,47.99988859,14.0,False,BACKGROUND,1.104973316192627,6.233321666717529,2.012281656265259,0.3228265383783615,0.17726877823305187,False,neither
D178654,-117.87607658,47.99988859,21.2,False,BACKGROUND,1.104973316192627,6.233321666717529,2.012281656265259,0.3228265383783615,0.17726877823305187,False,neither
D178655,-117.87607658,47.99988859,22.2,False,BACKGROUND,1.104973316192627,6.233321666717529,2.012281656265259,0.3228265383783615,0.17726877823305187,False,neither
D178656,-117.87607658,47.99988859,30.3,True,MIXED_UNCLEAR,1.104973316192627,6.233321666717529,2.012281656265259,0.3228265383783615,0.17726877823305187,False,stream_only
D178657,-117.87607658,47.99988859,47.5,True,MIXED_UNCLEAR,1.104973316192627,6.233321666717529,2.012281656265259,0.3228265383783615,0.17726877823305187,False,stream_only
D178658,-117.87607658,47.99988859,26.5,False,BACKGROUND,1.104973316192627,6.233321666717529,2.012281656265259,0.3228265383783615,0.17726877823305187,False,neither
D178659,-117.87607658,47.99988859,28.6,True,MIXED_UNCLEAR,1.104973316192627,6.233321666717529,2.012281656265259,0.3228265383783615,0.17726877823305187,False,stream_only
D178660,-117.87607658,47.99988859,29.9,True,MIXED_UNCLEAR,1.104973316192627,6.233321666717529,2.012281656265259,0.3228265383783615,0.17726877823305187,False,stream_only
D178661,-117.87607658,47.99988859,29.5,True,MIXED_UNCLEAR,1.104973316192627,6.233321666717529,2.012281656265259,0.3228265383783615,0.17726877823305187,False,stream_only
D178662,-117.87607658,47.99988859,82.8,True,MIXED_UNCLEAR,1.104973316192627,6.233321666717529,2.012281656265259,0.3228265383783615,0.17726877823305187,False,stream_only
D178663,-117.87607658,47.99988859,133.0,True,MIXED_UNCLEAR,1.104973316192627,6.233321666717529,2.012281656265259,0.3228265383783615,0.17726877823305187,False,stream_only
D178679,-118.00108156,47.8748838,19.1,False,BACKGROUND,1.6745682954788208,9.662585258483887,2.350862503051758,0.24329539560726435,0.17330437462464054,False,neither
D178680,-118.00108156,47.8748838,12.2,False,BACKGROUND,1.6745682954788208,9.662585258483887,2.350862503051758,0.24329539560726435,0.17330437462464054,False,neither
D178681,-118.00108156,47.8748838,41.7,True,THORITE_UTHO,1.6745682954788208,9.662585258483887,2.350862503051758,0.24329539560726435,0.17330437462464054,False,stream_only
D178682,-118.00108156,47.8748838,35.2,True,THORITE_UTHO,1.6745682954788208,9.662585258483887,2.350862503051758,0.24329539560726435,0.17330437462464054,False,stream_only
D178683,-118.00108156,47.8748838,27.9,True,MIXED_UNCLEAR,1.6745682954788208,9.662585258483887,2.350862503051758,0.24329539560726435,0.17330437462464054,False,stream_only
D178684,-118.00108156,47.8748838,40.0,True,MIXED_UNCLEAR,1.6745682954788208,9.662585258483887,2.350862503051758,0.24329539560726435,0.17330437462464054,False,stream_only
D247558,-117.37606429,48.49990906,,False,BACKGROUND,1.504172921180725,7.45118522644043,2.4247424602508545,0.3254170157583372,0.20187028982224034,False,neither
D247561,-117.37606429,48.49990906,,False,BACKGROUND,1.504172921180725,7.45118522644043,2.4247424602508545,0.3254170157583372,0.20187028982224034,False,neither
D247562,-117.37606429,48.49990906,13.0,False,BACKGROUND,1.504172921180725,7.45118522644043,2.4247424602508545,0.3254170157583372,0.20187028982224034,False,neither
D247564,-117.37606429,48.49990906,,False,BACKGROUND,1.504172921180725,7.45118522644043,2.4247424602508545,0.3254170157583372,0.20187028982224034,False,neither
D247565,-117.37606429,48.49990906,,False,BACKGROUND,1.504172921180725,7.45118522644043,2.4247424602508545,0.3254170157583372,0.20187028982224034,False,neither
D247566,-117.37606429,48.49990906,13.0,False,BACKGROUND,1.504172921180725,7.45118522644043,2.4247424602508545,0.3254170157583372,0.20187028982224034,False,neither
D247568,-117.37606429,48.49990906,,False,BACKGROUND,1.504172921180725,7.45118522644043,2.4247424602508545,0.3254170157583372,0.20187028982224034,False,neither
D247571,-117.37606429,48.49990906,,False,BACKGROUND,1.504172921180725,7.45118522644043,2.4247424602508545,0.3254170157583372,0.20187028982224034,False,neither
D247577,-117.37606429,48.49990906,,False,BACKGROUND,1.504172921180725,7.45118522644043,2.4247424602508545,0.3254170157583372,0.20187028982224034,False,neither
D247578,-117.37606429,48.49990906,14.0,False,BACKGROUND,1.504172921180725,7.45118522644043,2.4247424602508545,0.3254170157583372,0.20187028982224034,False,neither
D247594,-117.62607473,48.37490187,10.0,False,BACKGROUND,1.2188409566879272,6.449618339538574,2.2099926471710205,0.3426547945671356,0.18897877246719794,False,neither
D247595,-117.62607473,48.37490187,,False,BACKGROUND,1.2188409566879272,6.449618339538574,2.2099926471710205,0.3426547945671356,0.18897877246719794,False,neither
D247596,-117.62607473,48.37490187,,False,BACKGROUND,1.2188409566879272,6.449618339538574,2.2099926471710205,0.3426547945671356,0.18897877246719794,False,neither
D247598,-117.62607473,48.37490187,,False,BACKGROUND,1.2188409566879272,6.449618339538574,2.2099926471710205,0.3426547945671356,0.18897877246719794,False,neither
D247599,-117.62607473,48.37490187,,False,BACKGROUND,1.2188409566879272,6.449618339538574,2.2099926471710205,0.3426547945671356,0.18897877246719794,False,neither
D247600,-117.62607473,48.37490187,12.0,False,BACKGROUND,1.2188409566879272,6.449618339538574,2.2099926471710205,0.3426547945671356,0.18897877246719794,False,neither
D247601,-117.62607473,48.37490187,21.3,False,BACKGROUND,1.2188409566879272,6.449618339538574,2.2099926471710205,0.3426547945671356,0.18897877246719794,False,neither
D247606,-117.37606429,48.49990906,7.0,False,BACKGROUND,1.504172921180725,7.45118522644043,2.4247424602508545,0.3254170157583372,0.20187028982224034,False,neither
D254852,-117.5010714,48.49990705,,False,BACKGROUND,1.1737664937973022,6.04708194732666,1.8464523553848267,0.30534601175714515,0.19410461178158994,False,neither
D254853,-117.5010714,48.49990705,,False,BACKGROUND,1.1737664937973022,6.04708194732666,1.8464523553848267,0.30534601175714515,0.19410461178158994,False,neither
D254854,-117.5010714,48.49990705,,False,BACKGROUND,1.1737664937973022,6.04708194732666,1.8464523553848267,0.30534601175714515,0.19410461178158994,False,neither
D254855,-117.5010714,48.49990705,,False,BACKGROUND,1.1737664937973022,6.04708194732666,1.8464523553848267,0.30534601175714515,0.19410461178158994,False,neither
D254856,-117.5010714,48.49990705,,False,BACKGROUND,1.1737664937973022,6.04708194732666,1.8464523553848267,0.30534601175714515,0.19410461178158994,False,neither
D254857,-117.5010714,48.49990705,,False,BACKGROUND,1.1737664937973022,6.04708194732666,1.8464523553848267,0.30534601175714515,0.19410461178158994,False,neither
D254858,-117.5010714,48.49990705,,False,BACKGROUND,1.1737664937973022,6.04708194732666,1.8464523553848267,0.30534601175714515,0.19410461178158994,False,neither
D254859,-117.5010714,48.49990705,,False,BACKGROUND,1.1737664937973022,6.04708194732666,1.8464523553848267,0.30534601175714515,0.19410461178158994,False,neither
D254860,-117.5010714,48.49990705,,False,BACKGROUND,1.1737664937973022,6.04708194732666,1.8464523553848267,0.30534601175714515,0.19410461178158994,False,neither
D254861,-117.5010714,48.49990705,,False,BACKGROUND,1.1737664937973022,6.04708194732666,1.8464523553848267,0.30534601175714515,0.19410461178158994,False,neither
D254862,-117.5010714,48.49990705,,False,BACKGROUND,1.1737664937973022,6.04708194732666,1.8464523553848267,0.30534601175714515,0.19410461178158994,False,neither
D254863,-117.5010714,48.49990705,4.6,False,BACKGROUND,1.1737664937973022,6.04708194732666,1.8464523553848267,0.30534601175714515,0.19410461178158994,False,neither
D254864,-117.5010714,48.49990705,3.2,False,BACKGROUND,1.1737664937973022,6.04708194732666,1.8464523553848267,0.30534601175714515,0.19410461178158994,False,neither
D254865,-117.5010714,48.49990705,,False,BACKGROUND,1.1737664937973022,6.04708194732666,1.8464523553848267,0.30534601175714515,0.19410461178158994,False,neither
D254866,-117.5010714,48.49990705,,False,BACKGROUND,1.1737664937973022,6.04708194732666,1.8464523553848267,0.30534601175714515,0.19410461178158994,False,neither
D254867,-117.5010714,48.49990705,,False,BACKGROUND,1.1737664937973022,6.04708194732666,1.8464523553848267,0.30534601175714515,0.19410461178158994,False,neither
D254868,-117.5010714,48.49990705,,False,BACKGROUND,1.1737664937973022,6.04708194732666,1.8464523553848267,0.30534601175714515,0.19410461178158994,False,neither
D254869,-117.5010714,48.49990705,,False,BACKGROUND,1.1737664937973022,6.04708194732666,1.8464523553848267,0.30534601175714515,0.19410461178158994,False,neither
D254870,-117.5010714,48.49990705,,False,BACKGROUND,1.1737664937973022,6.04708194732666,1.8464523553848267,0.30534601175714515,0.19410461178158994,False,neither
D254871,-117.5010714,48.49990705,,False,BACKGROUND,1.1737664937973022,6.04708194732666,1.8464523553848267,0.30534601175714515,0.19410461178158994,False,neither
D254872,-117.5010714,48.49990705,,False,BACKGROUND,1.1737664937973022,6.04708194732666,1.8464523553848267,0.30534601175714515,0.19410461178158994,False,neither
D254873,-117.5010714,48.49990705,,False,BACKGROUND,1.1737664937973022,6.04708194732666,1.8464523553848267,0.30534601175714515,0.19410461178158994,False,neither
D254874,-117.5010714,48.49990705,,False,BACKGROUND,1.1737664937973022,6.04708194732666,1.8464523553848267,0.30534601175714515,0.19410461178158994,False,neither
D254875,-117.5010714,48.49990705,,False,BACKGROUND,1.1737664937973022,6.04708194732666,1.8464523553848267,0.30534601175714515,0.19410461178158994,False,neither
D254876,-117.5010714,48.49990705,,False,BACKGROUND,1.1737664937973022,6.04708194732666,1.8464523553848267,0.30534601175714515,0.19410461178158994,False,neither
D254877,-117.5010714,48.49990705,,False,BACKGROUND,1.1737664937973022,6.04708194732666,1.8464523553848267,0.30534601175714515,0.19410461178158994,False,neither
D254878,-117.5010714,48.49990705,,False,BACKGROUND,1.1737664937973022,6.04708194732666,1.8464523553848267,0.30534601175714515,0.19410461178158994,False,neither
D254879,-117.5010714,48.49990705,,False,BACKGROUND,1.1737664937973022,6.04708194732666,1.8464523553848267,0.30534601175714515,0.19410461178158994,False,neither
D254880,-117.5010714,48.49990705,4.95,False,BACKGROUND,1.1737664937973022,6.04708194732666,1.8464523553848267,0.30534601175714515,0.19410461178158994,False,neither
D254881,-117.5010714,48.49990705,,False,BACKGROUND,1.1737664937973022,6.04708194732666,1.8464523553848267,0.30534601175714515,0.19410461178158994,False,neither
D254882,-117.5010714,48.49990705,,False,BACKGROUND,1.1737664937973022,6.04708194732666,1.8464523553848267,0.30534601175714515,0.19410461178158994,False,neither
D254883,-117.5010714,48.49990705,,False,BACKGROUND,1.1737664937973022,6.04708194732666,1.8464523553848267,0.30534601175714515,0.19410461178158994,False,neither
D254884,-117.5010714,48.49990705,,False,BACKGROUND,1.1737664937973022,6.04708194732666,1.8464523553848267,0.30534601175714515,0.19410461178158994,False,neither
D254885,-117.5010714,48.49990705,,False,BACKGROUND,1.1737664937973022,6.04708194732666,1.8464523553848267,0.30534601175714515,0.19410461178158994,False,neither
D254886,-117.5010714,48.49990705,,False,BACKGROUND,1.1737664937973022,6.04708194732666,1.8464523553848267,0.30534601175714515,0.19410461178158994,False,neither
D254887,-117.5010714,48.49990705,,False,BACKGROUND,1.1737664937973022,6.04708194732666,1.8464523553848267,0.30534601175714515,0.19410461178158994,False,neither
D254888,-117.5010714,48.49990705,,False,BACKGROUND,1.1737664937973022,6.04708194732666,1.8464523553848267,0.30534601175714515,0.19410461178158994,False,neither
D254889,-117.5010714,48.49990705,,False,BACKGROUND,1.1737664937973022,6.04708194732666,1.8464523553848267,0.30534601175714515,0.19410461178158994,False,neither
D254890,-117.5010714,48.49990705,,False,BACKGROUND,1.1737664937973022,6.04708194732666,1.8464523553848267,0.30534601175714515,0.19410461178158994,False,neither
D254891,-117.5010714,48.49990705,,False,BACKGROUND,1.1737664937973022,6.04708194732666,1.8464523553848267,0.30534601175714515,0.19410461178158994,False,neither
D254892,-117.5010714,48.49990705,,False,BACKGROUND,1.1737664937973022,6.04708194732666,1.8464523553848267,0.30534601175714515,0.19410461178158994,False,neither
D254893,-117.5010714,48.49990705,,False,BACKGROUND,1.1737664937973022,6.04708194732666,1.8464523553848267,0.30534601175714515,0.19410461178158994,False,neither
D254894,-117.5010714,48.49990705,,False,BACKGROUND,1.1737664937973022,6.04708194732666,1.8464523553848267,0.30534601175714515,0.19410461178158994,False,neither
D254895,-117.5010714,48.49990705,,False,BACKGROUND,1.1737664937973022,6.04708194732666,1.8464523553848267,0.30534601175714515,0.19410461178158994,False,neither
D254896,-117.5010714,48.49990705,,False,BACKGROUND,1.1737664937973022,6.04708194732666,1.8464523553848267,0.30534601175714515,0.19410461178158994,False,neither
D254897,-117.5010714,48.49990705,,False,BACKGROUND,1.1737664937973022,6.04708194732666,1.8464523553848267,0.30534601175714515,0.19410461178158994,False,neither
D254898,-117.5010714,48.49990705,,False,BACKGROUND,1.1737664937973022,6.04708194732666,1.8464523553848267,0.30534601175714515,0.19410461178158994,False,neither
D254900,-117.5010714,48.49990705,,False,BACKGROUND,1.1737664937973022,6.04708194732666,1.8464523553848267,0.30534601175714515,0.19410461178158994,False,neither
D254902,-117.5010714,48.49990705,,False,BACKGROUND,1.1737664937973022,6.04708194732666,1.8464523553848267,0.30534601175714515,0.19410461178158994,False,neither
D254903,-117.5010714,48.49990705,,False,BACKGROUND,1.1737664937973022,6.04708194732666,1.8464523553848267,0.30534601175714515,0.19410461178158994,False,neither
D254904,-117.5010714,48.49990705,,False,BACKGROUND,1.1737664937973022,6.04708194732666,1.8464523553848267,0.30534601175714515,0.19410461178158994,False,neither
D254906,-117.5010714,48.49990705,,False,BACKGROUND,1.1737664937973022,6.04708194732666,1.8464523553848267,0.30534601175714515,0.19410461178158994,False,neither
D254907,-117.5010714,48.49990705,,False,BACKGROUND,1.1737664937973022,6.04708194732666,1.8464523553848267,0.30534601175714515,0.19410461178158994,False,neither
D254908,-117.5010714,48.49990705,,False,BACKGROUND,1.1737664937973022,6.04708194732666,1.8464523553848267,0.30534601175714515,0.19410461178158994,False,neither
D254910,-117.5010714,48.49990705,,False,BACKGROUND,1.1737664937973022,6.04708194732666,1.8464523553848267,0.30534601175714515,0.19410461178158994,False,neither
D254912,-117.5010714,48.49990705,,False,BACKGROUND,1.1737664937973022,6.04708194732666,1.8464523553848267,0.30534601175714515,0.19410461178158994,False,neither
D254913,-117.5010714,48.49990705,,False,BACKGROUND,1.1737664937973022,6.04708194732666,1.8464523553848267,0.30534601175714515,0.19410461178158994,False,neither
D254914,-117.5010714,48.49990705,,False,BACKGROUND,1.1737664937973022,6.04708194732666,1.8464523553848267,0.30534601175714515,0.19410461178158994,False,neither
D254915,-117.5010714,48.49990705,,False,BACKGROUND,1.1737664937973022,6.04708194732666,1.8464523553848267,0.30534601175714515,0.19410461178158994,False,neither
D254917,-117.5010714,48.49990705,,False,BACKGROUND,1.1737664937973022,6.04708194732666,1.8464523553848267,0.30534601175714515,0.19410461178158994,False,neither
D254918,-117.5010714,48.49990705,,False,BACKGROUND,1.1737664937973022,6.04708194732666,1.8464523553848267,0.30534601175714515,0.19410461178158994,False,neither
D254919,-117.5010714,48.49990705,,False,BACKGROUND,1.1737664937973022,6.04708194732666,1.8464523553848267,0.30534601175714515,0.19410461178158994,False,neither
D254921,-117.5010714,48.49990705,,False,BACKGROUND,1.1737664937973022,6.04708194732666,1.8464523553848267,0.30534601175714515,0.19410461178158994,False,neither
D254922,-117.5010714,48.49990705,,False,BACKGROUND,1.1737664937973022,6.04708194732666,1.8464523553848267,0.30534601175714515,0.19410461178158994,False,neither
D254923,-117.5010714,48.49990705,,False,BACKGROUND,1.1737664937973022,6.04708194732666,1.8464523553848267,0.30534601175714515,0.19410461178158994,False,neither
D254924,-117.5010714,48.49990705,,False,BACKGROUND,1.1737664937973022,6.04708194732666,1.8464523553848267,0.30534601175714515,0.19410461178158994,False,neither
D254925,-117.5010714,48.49990705,,False,BACKGROUND,1.1737664937973022,6.04708194732666,1.8464523553848267,0.30534601175714515,0.19410461178158994,False,neither
D254932,-117.5010714,48.49990705,,False,BACKGROUND,1.1737664937973022,6.04708194732666,1.8464523553848267,0.30534601175714515,0.19410461178158994,False,neither
D254933,-117.5010714,48.49990705,,False,BACKGROUND,1.1737664937973022,6.04708194732666,1.8464523553848267,0.30534601175714515,0.19410461178158994,False,neither
D254934,-117.5010714,48.49990705,,False,BACKGROUND,1.1737664937973022,6.04708194732666,1.8464523553848267,0.30534601175714515,0.19410461178158994,False,neither
D254937,-117.5010714,48.49990705,,False,BACKGROUND,1.1737664937973022,6.04708194732666,1.8464523553848267,0.30534601175714515,0.19410461178158994,False,neither
D254938,-117.5010714,48.49990705,,False,BACKGROUND,1.1737664937973022,6.04708194732666,1.8464523553848267,0.30534601175714515,0.19410461178158994,False,neither
D254939,-117.5010714,48.49990705,,False,BACKGROUND,1.1737664937973022,6.04708194732666,1.8464523553848267,0.30534601175714515,0.19410461178158994,False,neither
D254940,-117.5010714,48.49990705,,False,BACKGROUND,1.1737664937973022,6.04708194732666,1.8464523553848267,0.30534601175714515,0.19410461178158994,False,neither
D254941,-117.5010714,48.49990705,,False,BACKGROUND,1.1737664937973022,6.04708194732666,1.8464523553848267,0.30534601175714515,0.19410461178158994,False,neither
D254942,-117.5010714,48.49990705,,False,BACKGROUND,1.1737664937973022,6.04708194732666,1.8464523553848267,0.30534601175714515,0.19410461178158994,False,neither
D254944,-117.5010714,48.49990705,,False,BACKGROUND,1.1737664937973022,6.04708194732666,1.8464523553848267,0.30534601175714515,0.19410461178158994,False,neither
D254945,-117.5010714,48.49990705,,False,BACKGROUND,1.1737664937973022,6.04708194732666,1.8464523553848267,0.30534601175714515,0.19410461178158994,False,neither
D254946,-117.5010714,48.49990705,,False,BACKGROUND,1.1737664937973022,6.04708194732666,1.8464523553848267,0.30534601175714515,0.19410461178158994,False,neither
D254947,-117.5010714,48.49990705,,False,BACKGROUND,1.1737664937973022,6.04708194732666,1.8464523553848267,0.30534601175714515,0.19410461178158994,False,neither
D254949,-117.5010714,48.49990705,,False,BACKGROUND,1.1737664937973022,6.04708194732666,1.8464523553848267,0.30534601175714515,0.19410461178158994,False,neither
D254950,-117.5010714,48.49990705,,False,BACKGROUND,1.1737664937973022,6.04708194732666,1.8464523553848267,0.30534601175714515,0.19410461178158994,False,neither
D254951,-117.5010714,48.49990705,,False,BACKGROUND,1.1737664937973022,6.04708194732666,1.8464523553848267,0.30534601175714515,0.19410461178158994,False,neither
D254952,-117.5010714,48.49990705,,False,BACKGROUND,1.1737664937973022,6.04708194732666,1.8464523553848267,0.30534601175714515,0.19410461178158994,False,neither
D254953,-117.5010714,48.49990705,,False,BACKGROUND,1.1737664937973022,6.04708194732666,1.8464523553848267,0.30534601175714515,0.19410461178158994,False,neither
D254954,-117.5010714,48.49990705,,False,BACKGROUND,1.1737664937973022,6.04708194732666,1.8464523553848267,0.30534601175714515,0.19410461178158994,False,neither
D254955,-117.5010714,48.49990705,,False,BACKGROUND,1.1737664937973022,6.04708194732666,1.8464523553848267,0.30534601175714515,0.19410461178158994,False,neither
D254956,-117.5010714,48.49990705,,False,BACKGROUND,1.1737664937973022,6.04708194732666,1.8464523553848267,0.30534601175714515,0.19410461178158994,False,neither
D254957,-117.5010714,48.49990705,,False,BACKGROUND,1.1737664937973022,6.04708194732666,1.8464523553848267,0.30534601175714515,0.19410461178158994,False,neither
D254958,-117.5010714,48.49990705,,False,BACKGROUND,1.1737664937973022,6.04708194732666,1.8464523553848267,0.30534601175714515,0.19410461178158994,False,neither
D254959,-117.5010714,48.49990705,,False,BACKGROUND,1.1737664937973022,6.04708194732666,1.8464523553848267,0.30534601175714515,0.19410461178158994,False,neither
D254960,-117.5010714,48.49990705,,False,BACKGROUND,1.1737664937973022,6.04708194732666,1.8464523553848267,0.30534601175714515,0.19410461178158994,False,neither
D254961,-117.5010714,48.49990705,,False,BACKGROUND,1.1737664937973022,6.04708194732666,1.8464523553848267,0.30534601175714515,0.19410461178158994,False,neither
D254962,-117.5010714,48.49990705,,False,BACKGROUND,1.1737664937973022,6.04708194732666,1.8464523553848267,0.30534601175714515,0.19410461178158994,False,neither
D254963,-117.5010714,48.49990705,,False,BACKGROUND,1.1737664937973022,6.04708194732666,1.8464523553848267,0.30534601175714515,0.19410461178158994,False,neither
D254964,-117.5010714,48.49990705,,False,BACKGROUND,1.1737664937973022,6.04708194732666,1.8464523553848267,0.30534601175714515,0.19410461178158994,False,neither
D254965,-117.5010714,48.49990705,,False,BACKGROUND,1.1737664937973022,6.04708194732666,1.8464523553848267,0.30534601175714515,0.19410461178158994,False,neither
D254966,-117.5010714,48.49990705,,False,BACKGROUND,1.1737664937973022,6.04708194732666,1.8464523553848267,0.30534601175714515,0.19410461178158994,False,neither
D254967,-117.5010714,48.49990705,,False,BACKGROUND,1.1737664937973022,6.04708194732666,1.8464523553848267,0.30534601175714515,0.19410461178158994,False,neither
D254968,-117.5010714,48.49990705,,False,BACKGROUND,1.1737664937973022,6.04708194732666,1.8464523553848267,0.30534601175714515,0.19410461178158994,False,neither
D254969,-117.5010714,48.49990705,,False,BACKGROUND,1.1737664937973022,6.04708194732666,1.8464523553848267,0.30534601175714515,0.19410461178158994,False,neither
D254970,-117.5010714,48.49990705,,False,BACKGROUND,1.1737664937973022,6.04708194732666,1.8464523553848267,0.30534601175714515,0.19410461178158994,False,neither
D254971,-117.5010714,48.49990705,,False,BACKGROUND,1.1737664937973022,6.04708194732666,1.8464523553848267,0.30534601175714515,0.19410461178158994,False,neither
D254972,-117.5010714,48.49990705,,False,BACKGROUND,1.1737664937973022,6.04708194732666,1.8464523553848267,0.30534601175714515,0.19410461178158994,False,neither
D254973,-117.5010714,48.49990705,,False,BACKGROUND,1.1737664937973022,6.04708194732666,1.8464523553848267,0.30534601175714515,0.19410461178158994,False,neither
D254974,-117.5010714,48.49990705,,False,BACKGROUND,1.1737664937973022,6.04708194732666,1.8464523553848267,0.30534601175714515,0.19410461178158994,False,neither
D254975,-117.5010714,48.49990705,,False,BACKGROUND,1.1737664937973022,6.04708194732666,1.8464523553848267,0.30534601175714515,0.19410461178158994,False,neither
D254976,-117.5010714,48.49990705,,False,BACKGROUND,1.1737664937973022,6.04708194732666,1.8464523553848267,0.30534601175714515,0.19410461178158994,False,neither
D254977,-117.5010714,48.49990705,,False,BACKGROUND,1.1737664937973022,6.04708194732666,1.8464523553848267,0.30534601175714515,0.19410461178158994,False,neither
D254978,-117.5010714,48.49990705,,False,BACKGROUND,1.1737664937973022,6.04708194732666,1.8464523553848267,0.30534601175714515,0.19410461178158994,False,neither
D254979,-117.5010714,48.49990705,,False,BACKGROUND,1.1737664937973022,6.04708194732666,1.8464523553848267,0.30534601175714515,0.19410461178158994,False,neither
D254980,-117.5010714,48.49990705,,False,BACKGROUND,1.1737664937973022,6.04708194732666,1.8464523553848267,0.30534601175714515,0.19410461178158994,False,neither
D254981,-117.5010714,48.49990705,,False,BACKGROUND,1.1737664937973022,6.04708194732666,1.8464523553848267,0.30534601175714515,0.19410461178158994,False,neither
D254982,-117.5010714,48.49990705,,False,BACKGROUND,1.1737664937973022,6.04708194732666,1.8464523553848267,0.30534601175714515,0.19410461178158994,False,neither
D254983,-117.5010714,48.49990705,,False,BACKGROUND,1.1737664937973022,6.04708194732666,1.8464523553848267,0.30534601175714515,0.19410461178158994,False,neither
D254984,-117.5010714,48.49990705,,False,BACKGROUND,1.1737664937973022,6.04708194732666,1.8464523553848267,0.30534601175714515,0.19410461178158994,False,neither
D254985,-117.5010714,48.49990705,,False,BACKGROUND,1.1737664937973022,6.04708194732666,1.8464523553848267,0.30534601175714515,0.19410461178158994,False,neither
D254986,-117.5010714,48.49990705,,False,BACKGROUND,1.1737664937973022,6.04708194732666,1.8464523553848267,0.30534601175714515,0.19410461178158994,False,neither
D254987,-117.5010714,48.49990705,,False,BACKGROUND,1.1737664937973022,6.04708194732666,1.8464523553848267,0.30534601175714515,0.19410461178158994,False,neither
D254988,-117.5010714,48.49990705,,False,BACKGROUND,1.1737664937973022,6.04708194732666,1.8464523553848267,0.30534601175714515,0.19410461178158994,False,neither
D254989,-117.5010714,48.49990705,,False,BACKGROUND,1.1737664937973022,6.04708194732666,1.8464523553848267,0.30534601175714515,0.19410461178158994,False,neither
D254990,-117.5010714,48.49990705,,False,BACKGROUND,1.1737664937973022,6.04708194732666,1.8464523553848267,0.30534601175714515,0.19410461178158994,False,neither
D254991,-117.5010714,48.49990705,,False,BACKGROUND,1.1737664937973022,6.04708194732666,1.8464523553848267,0.30534601175714515,0.19410461178158994,False,neither
D254992,-117.5010714,48.49990705,,False,BACKGROUND,1.1737664937973022,6.04708194732666,1.8464523553848267,0.30534601175714515,0.19410461178158994,False,neither
D254993,-117.5010714,48.49990705,,False,BACKGROUND,1.1737664937973022,6.04708194732666,1.8464523553848267,0.30534601175714515,0.19410461178158994,False,neither
D254994,-117.5010714,48.49990705,,False,BACKGROUND,1.1737664937973022,6.04708194732666,1.8464523553848267,0.30534601175714515,0.19410461178158994,False,neither
D255000,-117.5010714,48.49990705,,False,BACKGROUND,1.1737664937973022,6.04708194732666,1.8464523553848267,0.30534601175714515,0.19410461178158994,False,neither
D255001,-117.5010714,48.49990705,,False,BACKGROUND,1.1737664937973022,6.04708194732666,1.8464523553848267,0.30534601175714515,0.19410461178158994,False,neither
D255004,-117.5010714,48.49990705,,False,BACKGROUND,1.1737664937973022,6.04708194732666,1.8464523553848267,0.30534601175714515,0.19410461178158994,False,neither
D255005,-117.5010714,48.49990705,,False,BACKGROUND,1.1737664937973022,6.04708194732666,1.8464523553848267,0.30534601175714515,0.19410461178158994,False,neither
D255006,-117.5010714,48.49990705,,False,BACKGROUND,1.1737664937973022,6.04708194732666,1.8464523553848267,0.30534601175714515,0.19410461178158994,False,neither
D255007,-117.5010714,48.49990705,,False,BACKGROUND,1.1737664937973022,6.04708194732666,1.8464523553848267,0.30534601175714515,0.19410461178158994,False,neither
D255008,-117.5010714,48.49990705,,False,BACKGROUND,1.1737664937973022,6.04708194732666,1.8464523553848267,0.30534601175714515,0.19410461178158994,False,neither
D255009,-117.5010714,48.49990705,,False,BACKGROUND,1.1737664937973022,6.04708194732666,1.8464523553848267,0.30534601175714515,0.19410461178158994,False,neither
D255011,-117.5010714,48.49990705,,False,BACKGROUND,1.1737664937973022,6.04708194732666,1.8464523553848267,0.30534601175714515,0.19410461178158994,False,neither
D255015,-117.5010714,48.49990705,,False,BACKGROUND,1.1737664937973022,6.04708194732666,1.8464523553848267,0.30534601175714515,0.19410461178158994,False,neither
D255016,-117.5010714,48.49990705,,False,BACKGROUND,1.1737664937973022,6.04708194732666,1.8464523553848267,0.30534601175714515,0.19410461178158994,False,neither
D255017,-117.5010714,48.49990705,,False,BACKGROUND,1.1737664937973022,6.04708194732666,1.8464523553848267,0.30534601175714515,0.19410461178158994,False,neither
D255019,-117.5010714,48.49990705,,False,BACKGROUND,1.1737664937973022,6.04708194732666,1.8464523553848267,0.30534601175714515,0.19410461178158994,False,neither
D255023,-117.5010714,48.49990705,,False,BACKGROUND,1.1737664937973022,6.04708194732666,1.8464523553848267,0.30534601175714515,0.19410461178158994,False,neither
D255024,-117.5010714,48.49990705,,False,BACKGROUND,1.1737664937973022,6.04708194732666,1.8464523553848267,0.30534601175714515,0.19410461178158994,False,neither
D255025,-117.5010714,48.49990705,,False,BACKGROUND,1.1737664937973022,6.04708194732666,1.8464523553848267,0.30534601175714515,0.19410461178158994,False,neither
D255026,-117.5010714,48.49990705,,False,BACKGROUND,1.1737664937973022,6.04708194732666,1.8464523553848267,0.30534601175714515,0.19410461178158994,False,neither
D255027,-117.5010714,48.49990705,,False,BACKGROUND,1.1737664937973022,6.04708194732666,1.8464523553848267,0.30534601175714515,0.19410461178158994,False,neither
D255028,-117.5010714,48.49990705,,False,BACKGROUND,1.1737664937973022,6.04708194732666,1.8464523553848267,0.30534601175714515,0.19410461178158994,False,neither
D255029,-117.5010714,48.49990705,,False,BACKGROUND,1.1737664937973022,6.04708194732666,1.8464523553848267,0.30534601175714515,0.19410461178158994,False,neither
D255030,-117.5010714,48.49990705,,False,BACKGROUND,1.1737664937973022,6.04708194732666,1.8464523553848267,0.30534601175714515,0.19410461178158994,False,neither
D255031,-117.5010714,48.49990705,,False,BACKGROUND,1.1737664937973022,6.04708194732666,1.8464523553848267,0.30534601175714515,0.19410461178158994,False,neither
D255253,-117.5010714,48.49990705,20.0,False,BACKGROUND,1.1737664937973022,6.04708194732666,1.8464523553848267,0.30534601175714515,0.19410461178158994,False,neither
D255254,-117.5010714,48.49990705,18.0,False,BACKGROUND,1.1737664937973022,6.04708194732666,1.8464523553848267,0.30534601175714515,0.19410461178158994,False,neither
D255255,-117.5010714,48.49990705,20.0,False,BACKGROUND,1.1737664937973022,6.04708194732666,1.8464523553848267,0.30534601175714515,0.19410461178158994,False,neither
D255256,-117.5010714,48.49990705,20.0,False,BACKGROUND,1.1737664937973022,6.04708194732666,1.8464523553848267,0.30534601175714515,0.19410461178158994,False,neither
D255257,-117.5010714,48.49990705,10.4,False,BACKGROUND,1.1737664937973022,6.04708194732666,1.8464523553848267,0.30534601175714515,0.19410461178158994,False,neither
D255258,-117.5010714,48.49990705,15.3,False,BACKGROUND,1.1737664937973022,6.04708194732666,1.8464523553848267,0.30534601175714515,0.19410461178158994,False,neither
D255259,-117.5010714,48.49990705,13.0,False,BACKGROUND,1.1737664937973022,6.04708194732666,1.8464523553848267,0.30534601175714515,0.19410461178158994,False,neither
D255260,-117.5010714,48.49990705,20.0,False,BACKGROUND,1.1737664937973022,6.04708194732666,1.8464523553848267,0.30534601175714515,0.19410461178158994,False,neither
D255261,-117.5010714,48.49990705,32.0,True,THORITE_UTHO,1.1737664937973022,6.04708194732666,1.8464523553848267,0.30534601175714515,0.19410461178158994,False,stream_only
D255262,-117.5010714,48.49990705,34.0,True,THORITE_UTHO,1.1737664937973022,6.04708194732666,1.8464523553848267,0.30534601175714515,0.19410461178158994,False,stream_only
D255263,-117.5010714,48.49990705,11.0,False,BACKGROUND,1.1737664937973022,6.04708194732666,1.8464523553848267,0.30534601175714515,0.19410461178158994,False,neither
D255264,-117.5010714,48.49990705,22.0,False,BACKGROUND,1.1737664937973022,6.04708194732666,1.8464523553848267,0.30534601175714515,0.19410461178158994,False,neither
D255265,-117.5010714,48.49990705,17.0,False,BACKGROUND,1.1737664937973022,6.04708194732666,1.8464523553848267,0.30534601175714515,0.19410461178158994,False,neither
D255266,-117.5010714,48.49990705,15.0,False,BACKGROUND,1.1737664937973022,6.04708194732666,1.8464523553848267,0.30534601175714515,0.19410461178158994,False,neither
D255267,-117.5010714,48.49990705,18.0,False,BACKGROUND,1.1737664937973022,6.04708194732666,1.8464523553848267,0.30534601175714515,0.19410461178158994,False,neither
D255268,-117.5010714,48.49990705,10.0,False,BACKGROUND,1.1737664937973022,6.04708194732666,1.8464523553848267,0.30534601175714515,0.19410461178158994,False,neither
D255269,-117.5010714,48.49990705,18.0,False,BACKGROUND,1.1737664937973022,6.04708194732666,1.8464523553848267,0.30534601175714515,0.19410461178158994,False,neither
D255270,-117.5010714,48.49990705,33.0,True,THORITE_LREE_MIX,1.1737664937973022,6.04708194732666,1.8464523553848267,0.30534601175714515,0.19410461178158994,False,stream_only
D255271,-117.5010714,48.49990705,23.0,False,BACKGROUND,1.1737664937973022,6.04708194732666,1.8464523553848267,0.30534601175714515,0.19410461178158994,False,neither
D255272,-117.5010714,48.49990705,32.0,True,THORITE_UTHO,1.1737664937973022,6.04708194732666,1.8464523553848267,0.30534601175714515,0.19410461178158994,False,stream_only
D255273,-117.5010714,48.49990705,30.0,True,THORITE_LREE_MIX,1.1737664937973022,6.04708194732666,1.8464523553848267,0.30534601175714515,0.19410461178158994,False,stream_only
D255274,-117.5010714,48.49990705,35.0,True,THORITE_LREE_MIX,1.1737664937973022,6.04708194732666,1.8464523553848267,0.30534601175714515,0.19410461178158994,False,stream_only
D255275,-117.5010714,48.49990705,27.0,False,BACKGROUND,1.1737664937973022,6.04708194732666,1.8464523553848267,0.30534601175714515,0.19410461178158994,False,neither
D255276,-117.5010714,48.49990705,39.0,True,THORITE_LREE_MIX,1.1737664937973022,6.04708194732666,1.8464523553848267,0.30534601175714515,0.19410461178158994,False,stream_only
D255277,-117.5010714,48.49990705,23.0,False,BACKGROUND,1.1737664937973022,6.04708194732666,1.8464523553848267,0.30534601175714515,0.19410461178158994,False,neither
D255278,-117.5010714,48.49990705,45.0,True,THORITE_LREE_MIX,1.1737664937973022,6.04708194732666,1.8464523553848267,0.30534601175714515,0.19410461178158994,False,stream_only
D255279,-117.5010714,48.49990705,48.0,True,THORITE_LREE_MIX,1.1737664937973022,6.04708194732666,1.8464523553848267,0.30534601175714515,0.19410461178158994,False,stream_only
D255280,-117.5010714,48.49990705,22.0,False,BACKGROUND,1.1737664937973022,6.04708194732666,1.8464523553848267,0.30534601175714515,0.19410461178158994,False,neither
D255281,-117.5010714,48.49990705,21.0,False,BACKGROUND,1.1737664937973022,6.04708194732666,1.8464523553848267,0.30534601175714515,0.19410461178158994,False,neither
D255282,-117.5010714,48.49990705,18.0,False,BACKGROUND,1.1737664937973022,6.04708194732666,1.8464523553848267,0.30534601175714515,0.19410461178158994,False,neither
D255283,-117.5010714,48.49990705,27.0,False,BACKGROUND,1.1737664937973022,6.04708194732666,1.8464523553848267,0.30534601175714515,0.19410461178158994,False,neither
D255284,-117.5010714,48.49990705,39.0,True,THORITE_LREE_MIX,1.1737664937973022,6.04708194732666,1.8464523553848267,0.30534601175714515,0.19410461178158994,False,stream_only
D255285,-117.5010714,48.49990705,31.0,True,THORITE_LREE_MIX,1.1737664937973022,6.04708194732666,1.8464523553848267,0.30534601175714515,0.19410461178158994,False,stream_only
D255286,-117.5010714,48.49990705,26.0,False,BACKGROUND,1.1737664937973022,6.04708194732666,1.8464523553848267,0.30534601175714515,0.19410461178158994,False,neither
D255287,-117.5010714,48.49990705,17.0,False,BACKGROUND,1.1737664937973022,6.04708194732666,1.8464523553848267,0.30534601175714515,0.19410461178158994,False,neither
D255288,-117.5010714,48.49990705,21.0,False,BACKGROUND,1.1737664937973022,6.04708194732666,1.8464523553848267,0.30534601175714515,0.19410461178158994,False,neither
D255289,-117.5010714,48.49990705,15.0,False,BACKGROUND,1.1737664937973022,6.04708194732666,1.8464523553848267,0.30534601175714515,0.19410461178158994,False,neither
D255290,-117.5010714,48.49990705,18.0,False,BACKGROUND,1.1737664937973022,6.04708194732666,1.8464523553848267,0.30534601175714515,0.19410461178158994,False,neither
D255291,-117.5010714,48.49990705,24.0,False,BACKGROUND,1.1737664937973022,6.04708194732666,1.8464523553848267,0.30534601175714515,0.19410461178158994,False,neither
D255292,-117.5010714,48.49990705,23.0,False,BACKGROUND,1.1737664937973022,6.04708194732666,1.8464523553848267,0.30534601175714515,0.19410461178158994,False,neither
D255354,-117.5010714,48.49990705,22.0,False,BACKGROUND,1.1737664937973022,6.04708194732666,1.8464523553848267,0.30534601175714515,0.19410461178158994,False,neither
D255355,-117.5010714,48.49990705,25.0,False,BACKGROUND,1.1737664937973022,6.04708194732666,1.8464523553848267,0.30534601175714515,0.19410461178158994,False,neither
D255356,-117.5010714,48.49990705,22.0,False,BACKGROUND,1.1737664937973022,6.04708194732666,1.8464523553848267,0.30534601175714515,0.19410461178158994,False,neither
D255360,-117.5010714,48.49990705,,False,BACKGROUND,1.1737664937973022,6.04708194732666,1.8464523553848267,0.30534601175714515,0.19410461178158994,False,neither
D255361,-117.5010714,48.49990705,15.0,False,BACKGROUND,1.1737664937973022,6.04708194732666,1.8464523553848267,0.30534601175714515,0.19410461178158994,False,neither
D255364,-117.5010714,48.49990705,52.0,True,NB_OXIDE_SUSPECT,1.1737664937973022,6.04708194732666,1.8464523553848267,0.30534601175714515,0.19410461178158994,False,stream_only
D255366,-117.5010714,48.49990705,47.0,True,THORITE_LREE_MIX,1.1737664937973022,6.04708194732666,1.8464523553848267,0.30534601175714515,0.19410461178158994,False,stream_only
D255371,-117.5010714,48.49990705,46.0,True,THORITE_LREE_MIX,1.1737664937973022,6.04708194732666,1.8464523553848267,0.30534601175714515,0.19410461178158994,False,stream_only
D255372,-117.5010714,48.49990705,28.0,True,THORITE_LREE_MIX,1.1737664937973022,6.04708194732666,1.8464523553848267,0.30534601175714515,0.19410461178158994,False,stream_only
D255373,-117.5010714,48.49990705,32.0,True,THORITE_UTHO,1.1737664937973022,6.04708194732666,1.8464523553848267,0.30534601175714515,0.19410461178158994,False,stream_only
D255374,-117.5010714,48.49990705,31.0,True,THORITE_LREE_MIX,1.1737664937973022,6.04708194732666,1.8464523553848267,0.30534601175714515,0.19410461178158994,False,stream_only
D255377,-117.5010714,48.49990705,39.0,True,THORITE_LREE_MIX,1.1737664937973022,6.04708194732666,1.8464523553848267,0.30534601175714515,0.19410461178158994,False,stream_only
D255378,-117.5010714,48.49990705,39.0,True,THORITE_UTHO,1.1737664937973022,6.04708194732666,1.8464523553848267,0.30534601175714515,0.19410461178158994,False,stream_only
D255379,-117.5010714,48.49990705,33.0,True,THORITE_LREE_MIX,1.1737664937973022,6.04708194732666,1.8464523553848267,0.30534601175714515,0.19410461178158994,False,stream_only
D255380,-117.5010714,48.49990705,30.0,True,THORITE_LREE_MIX,1.1737664937973022,6.04708194732666,1.8464523553848267,0.30534601175714515,0.19410461178158994,False,stream_only
D255381,-117.5010714,48.49990705,43.0,True,THORITE_LREE_MIX,1.1737664937973022,6.04708194732666,1.8464523553848267,0.30534601175714515,0.19410461178158994,False,stream_only
D255382,-117.5010714,48.49990705,28.0,True,THORITE_LREE_MIX,1.1737664937973022,6.04708194732666,1.8464523553848267,0.30534601175714515,0.19410461178158994,False,stream_only
D255383,-117.5010714,48.49990705,31.0,True,THORITE_UTHO,1.1737664937973022,6.04708194732666,1.8464523553848267,0.30534601175714515,0.19410461178158994,False,stream_only
D255384,-117.5010714,48.49990705,37.0,True,THORITE_UTHO,1.1737664937973022,6.04708194732666,1.8464523553848267,0.30534601175714515,0.19410461178158994,False,stream_only
D255385,-117.5010714,48.49990705,30.0,True,THORITE_LREE_MIX,1.1737664937973022,6.04708194732666,1.8464523553848267,0.30534601175714515,0.19410461178158994,False,stream_only
D257278,-118.33442755,47.66654389,4.95,False,BACKGROUND,1.0780106782913208,4.994450569152832,1.7133735418319702,0.34305546087777095,0.21584169537074324,False,neither
D257279,-118.33442755,47.66654389,6.89,False,BACKGROUND,1.0780106782913208,4.994450569152832,1.7133735418319702,0.34305546087777095,0.21584169537074324,False,neither
D257280,-117.5010714,48.49990705,4.89,False,BACKGROUND,1.1737664937973022,6.04708194732666,1.8464523553848267,0.30534601175714515,0.19410461178158994,False,neither
D263771,-117.5010714,48.49990705,,False,BACKGROUND,1.1737664937973022,6.04708194732666,1.8464523553848267,0.30534601175714515,0.19410461178158994,False,neither
D263772,-117.5010714,48.49990705,,False,BACKGROUND,1.1737664937973022,6.04708194732666,1.8464523553848267,0.30534601175714515,0.19410461178158994,False,neither
D263773,-117.5010714,48.49990705,,False,BACKGROUND,1.1737664937973022,6.04708194732666,1.8464523553848267,0.30534601175714515,0.19410461178158994,False,neither
D263774,-117.5010714,48.49990705,,False,BACKGROUND,1.1737664937973022,6.04708194732666,1.8464523553848267,0.30534601175714515,0.19410461178158994,False,neither
D263775,-117.5010714,48.49990705,,False,BACKGROUND,1.1737664937973022,6.04708194732666,1.8464523553848267,0.30534601175714515,0.19410461178158994,False,neither
D263776,-117.5010714,48.49990705,,False,BACKGROUND,1.1737664937973022,6.04708194732666,1.8464523553848267,0.30534601175714515,0.19410461178158994,False,neither
D263777,-117.5010714,48.49990705,,False,BACKGROUND,1.1737664937973022,6.04708194732666,1.8464523553848267,0.30534601175714515,0.19410461178158994,False,neither
D263778,-117.5010714,48.49990705,,False,BACKGROUND,1.1737664937973022,6.04708194732666,1.8464523553848267,0.30534601175714515,0.19410461178158994,False,neither
D263779,-117.5010714,48.49990705,,False,BACKGROUND,1.1737664937973022,6.04708194732666,1.8464523553848267,0.30534601175714515,0.19410461178158994,False,neither
D263780,-117.5010714,48.49990705,,False,BACKGROUND,1.1737664937973022,6.04708194732666,1.8464523553848267,0.30534601175714515,0.19410461178158994,False,neither
D263781,-117.5010714,48.49990705,,False,BACKGROUND,1.1737664937973022,6.04708194732666,1.8464523553848267,0.30534601175714515,0.19410461178158994,False,neither
D263782,-117.5010714,48.49990705,,False,BACKGROUND,1.1737664937973022,6.04708194732666,1.8464523553848267,0.30534601175714515,0.19410461178158994,False,neither
D263783,-117.5010714,48.49990705,,False,BACKGROUND,1.1737664937973022,6.04708194732666,1.8464523553848267,0.30534601175714515,0.19410461178158994,False,neither
D263784,-117.5010714,48.49990705,,False,BACKGROUND,1.1737664937973022,6.04708194732666,1.8464523553848267,0.30534601175714515,0.19410461178158994,False,neither
D263785,-117.5010714,48.49990705,,False,BACKGROUND,1.1737664937973022,6.04708194732666,1.8464523553848267,0.30534601175714515,0.19410461178158994,False,neither
D263786,-117.5010714,48.49990705,,False,BACKGROUND,1.1737664937973022,6.04708194732666,1.8464523553848267,0.30534601175714515,0.19410461178158994,False,neither
D263787,-117.5010714,48.49990705,,False,BACKGROUND,1.1737664937973022,6.04708194732666,1.8464523553848267,0.30534601175714515,0.19410461178158994,False,neither
D263788,-117.5010714,48.49990705,,False,BACKGROUND,1.1737664937973022,6.04708194732666,1.8464523553848267,0.30534601175714515,0.19410461178158994,False,neither
D263789,-117.5010714,48.49990705,,False,BACKGROUND,1.1737664937973022,6.04708194732666,1.8464523553848267,0.30534601175714515,0.19410461178158994,False,neither
D263790,-117.5010714,48.49990705,,False,BACKGROUND,1.1737664937973022,6.04708194732666,1.8464523553848267,0.30534601175714515,0.19410461178158994,False,neither
D263791,-117.5010714,48.49990705,,False,BACKGROUND,1.1737664937973022,6.04708194732666,1.8464523553848267,0.30534601175714515,0.19410461178158994,False,neither
D263792,-117.5010714,48.49990705,,False,BACKGROUND,1.1737664937973022,6.04708194732666,1.8464523553848267,0.30534601175714515,0.19410461178158994,False,neither
D263793,-117.5010714,48.49990705,,False,BACKGROUND,1.1737664937973022,6.04708194732666,1.8464523553848267,0.30534601175714515,0.19410461178158994,False,neither
D263794,-117.5010714,48.49990705,,False,BACKGROUND,1.1737664937973022,6.04708194732666,1.8464523553848267,0.30534601175714515,0.19410461178158994,False,neither
D263795,-117.5010714,48.49990705,,False,BACKGROUND,1.1737664937973022,6.04708194732666,1.8464523553848267,0.30534601175714515,0.19410461178158994,False,neither
D263796,-117.5010714,48.49990705,,False,BACKGROUND,1.1737664937973022,6.04708194732666,1.8464523553848267,0.30534601175714515,0.19410461178158994,False,neither
D263797,-117.5010714,48.49990705,,False,BACKGROUND,1.1737664937973022,6.04708194732666,1.8464523553848267,0.30534601175714515,0.19410461178158994,False,neither
D263798,-117.5010714,48.49990705,,False,BACKGROUND,1.1737664937973022,6.04708194732666,1.8464523553848267,0.30534601175714515,0.19410461178158994,False,neither
D263799,-117.5010714,48.49990705,,False,BACKGROUND,1.1737664937973022,6.04708194732666,1.8464523553848267,0.30534601175714515,0.19410461178158994,False,neither
D263800,-117.5010714,48.49990705,,False,BACKGROUND,1.1737664937973022,6.04708194732666,1.8464523553848267,0.30534601175714515,0.19410461178158994,False,neither
D263801,-117.5010714,48.49990705,,False,BACKGROUND,1.1737664937973022,6.04708194732666,1.8464523553848267,0.30534601175714515,0.19410461178158994,False,neither
D263802,-117.5010714,48.49990705,,False,BACKGROUND,1.1737664937973022,6.04708194732666,1.8464523553848267,0.30534601175714515,0.19410461178158994,False,neither
D263803,-117.5010714,48.49990705,,False,BACKGROUND,1.1737664937973022,6.04708194732666,1.8464523553848267,0.30534601175714515,0.19410461178158994,False,neither
D263804,-117.5010714,48.49990705,,False,BACKGROUND,1.1737664937973022,6.04708194732666,1.8464523553848267,0.30534601175714515,0.19410461178158994,False,neither
D263805,-117.5010714,48.49990705,,False,BACKGROUND,1.1737664937973022,6.04708194732666,1.8464523553848267,0.30534601175714515,0.19410461178158994,False,neither
D263806,-117.5010714,48.49990705,,False,BACKGROUND,1.1737664937973022,6.04708194732666,1.8464523553848267,0.30534601175714515,0.19410461178158994,False,neither
D263807,-117.5010714,48.49990705,,False,BACKGROUND,1.1737664937973022,6.04708194732666,1.8464523553848267,0.30534601175714515,0.19410461178158994,False,neither
D263808,-117.5010714,48.49990705,,False,BACKGROUND,1.1737664937973022,6.04708194732666,1.8464523553848267,0.30534601175714515,0.19410461178158994,False,neither
D263809,-117.5010714,48.49990705,,False,BACKGROUND,1.1737664937973022,6.04708194732666,1.8464523553848267,0.30534601175714515,0.19410461178158994,False,neither
D263810,-117.5010714,48.49990705,,False,BACKGROUND,1.1737664937973022,6.04708194732666,1.8464523553848267,0.30534601175714515,0.19410461178158994,False,neither
D263811,-117.5010714,48.49990705,,False,BACKGROUND,1.1737664937973022,6.04708194732666,1.8464523553848267,0.30534601175714515,0.19410461178158994,False,neither
D263812,-117.5010714,48.49990705,,False,BACKGROUND,1.1737664937973022,6.04708194732666,1.8464523553848267,0.30534601175714515,0.19410461178158994,False,neither
D263813,-117.5010714,48.49990705,,False,BACKGROUND,1.1737664937973022,6.04708194732666,1.8464523553848267,0.30534601175714515,0.19410461178158994,False,neither
D263814,-117.5010714,48.49990705,,False,BACKGROUND,1.1737664937973022,6.04708194732666,1.8464523553848267,0.30534601175714515,0.19410461178158994,False,neither
D263815,-117.5010714,48.49990705,,False,BACKGROUND,1.1737664937973022,6.04708194732666,1.8464523553848267,0.30534601175714515,0.19410461178158994,False,neither
D263816,-117.5010714,48.49990705,,False,BACKGROUND,1.1737664937973022,6.04708194732666,1.8464523553848267,0.30534601175714515,0.19410461178158994,False,neither
D263817,-117.5010714,48.49990705,,False,BACKGROUND,1.1737664937973022,6.04708194732666,1.8464523553848267,0.30534601175714515,0.19410461178158994,False,neither
D263818,-117.5010714,48.49990705,,False,BACKGROUND,1.1737664937973022,6.04708194732666,1.8464523553848267,0.30534601175714515,0.19410461178158994,False,neither
D263819,-117.5010714,48.49990705,,False,BACKGROUND,1.1737664937973022,6.04708194732666,1.8464523553848267,0.30534601175714515,0.19410461178158994,False,neither
D263820,-117.5010714,48.49990705,,False,BACKGROUND,1.1737664937973022,6.04708194732666,1.8464523553848267,0.30534601175714515,0.19410461178158994,False,neither
D263821,-117.5010714,48.49990705,,False,BACKGROUND,1.1737664937973022,6.04708194732666,1.8464523553848267,0.30534601175714515,0.19410461178158994,False,neither
D263822,-117.5010714,48.49990705,,False,BACKGROUND,1.1737664937973022,6.04708194732666,1.8464523553848267,0.30534601175714515,0.19410461178158994,False,neither
D263823,-117.5010714,48.49990705,,False,BACKGROUND,1.1737664937973022,6.04708194732666,1.8464523553848267,0.30534601175714515,0.19410461178158994,False,neither
D263824,-117.5010714,48.49990705,,False,BACKGROUND,1.1737664937973022,6.04708194732666,1.8464523553848267,0.30534601175714515,0.19410461178158994,False,neither
D263825,-117.5010714,48.49990705,,False,BACKGROUND,1.1737664937973022,6.04708194732666,1.8464523553848267,0.30534601175714515,0.19410461178158994,False,neither
D263826,-117.5010714,48.49990705,,False,BACKGROUND,1.1737664937973022,6.04708194732666,1.8464523553848267,0.30534601175714515,0.19410461178158994,False,neither
D263827,-117.5010714,48.49990705,,False,BACKGROUND,1.1737664937973022,6.04708194732666,1.8464523553848267,0.30534601175714515,0.19410461178158994,False,neither
D263828,-117.5010714,48.49990705,,False,BACKGROUND,1.1737664937973022,6.04708194732666,1.8464523553848267,0.30534601175714515,0.19410461178158994,False,neither
D263829,-117.5010714,48.49990705,,False,BACKGROUND,1.1737664937973022,6.04708194732666,1.8464523553848267,0.30534601175714515,0.19410461178158994,False,neither
D263830,-117.5010714,48.49990705,,False,BACKGROUND,1.1737664937973022,6.04708194732666,1.8464523553848267,0.30534601175714515,0.19410461178158994,False,neither
D263831,-117.5010714,48.49990705,,False,BACKGROUND,1.1737664937973022,6.04708194732666,1.8464523553848267,0.30534601175714515,0.19410461178158994,False,neither
D263832,-117.5010714,48.49990705,,False,BACKGROUND,1.1737664937973022,6.04708194732666,1.8464523553848267,0.30534601175714515,0.19410461178158994,False,neither
D263833,-117.5010714,48.49990705,,False,BACKGROUND,1.1737664937973022,6.04708194732666,1.8464523553848267,0.30534601175714515,0.19410461178158994,False,neither
D263834,-117.5010714,48.49990705,,False,BACKGROUND,1.1737664937973022,6.04708194732666,1.8464523553848267,0.30534601175714515,0.19410461178158994,False,neither
D263835,-117.5010714,48.49990705,,False,BACKGROUND,1.1737664937973022,6.04708194732666,1.8464523553848267,0.30534601175714515,0.19410461178158994,False,neither
D263836,-117.5010714,48.49990705,,False,BACKGROUND,1.1737664937973022,6.04708194732666,1.8464523553848267,0.30534601175714515,0.19410461178158994,False,neither
D263837,-117.5010714,48.49990705,,False,BACKGROUND,1.1737664937973022,6.04708194732666,1.8464523553848267,0.30534601175714515,0.19410461178158994,False,neither
D263838,-117.5010714,48.49990705,,False,BACKGROUND,1.1737664937973022,6.04708194732666,1.8464523553848267,0.30534601175714515,0.19410461178158994,False,neither
D263839,-117.5010714,48.49990705,,False,BACKGROUND,1.1737664937973022,6.04708194732666,1.8464523553848267,0.30534601175714515,0.19410461178158994,False,neither
D263840,-117.5010714,48.49990705,,False,BACKGROUND,1.1737664937973022,6.04708194732666,1.8464523553848267,0.30534601175714515,0.19410461178158994,False,neither
D263841,-117.5010714,48.49990705,,False,BACKGROUND,1.1737664937973022,6.04708194732666,1.8464523553848267,0.30534601175714515,0.19410461178158994,False,neither
D263842,-117.5010714,48.49990705,,False,BACKGROUND,1.1737664937973022,6.04708194732666,1.8464523553848267,0.30534601175714515,0.19410461178158994,False,neither
D263843,-117.5010714,48.49990705,,False,BACKGROUND,1.1737664937973022,6.04708194732666,1.8464523553848267,0.30534601175714515,0.19410461178158994,False,neither
D263844,-117.5010714,48.49990705,,False,BACKGROUND,1.1737664937973022,6.04708194732666,1.8464523553848267,0.30534601175714515,0.19410461178158994,False,neither
D263845,-117.5010714,48.49990705,,False,BACKGROUND,1.1737664937973022,6.04708194732666,1.8464523553848267,0.30534601175714515,0.19410461178158994,False,neither
D263846,-117.5010714,48.49990705,,False,BACKGROUND,1.1737664937973022,6.04708194732666,1.8464523553848267,0.30534601175714515,0.19410461178158994,False,neither
D263847,-117.5010714,48.49990705,,False,BACKGROUND,1.1737664937973022,6.04708194732666,1.8464523553848267,0.30534601175714515,0.19410461178158994,False,neither
D263848,-117.5010714,48.49990705,,False,BACKGROUND,1.1737664937973022,6.04708194732666,1.8464523553848267,0.30534601175714515,0.19410461178158994,False,neither
D263849,-117.5010714,48.49990705,,False,BACKGROUND,1.1737664937973022,6.04708194732666,1.8464523553848267,0.30534601175714515,0.19410461178158994,False,neither
D263850,-117.5010714,48.49990705,,False,BACKGROUND,1.1737664937973022,6.04708194732666,1.8464523553848267,0.30534601175714515,0.19410461178158994,False,neither
D263851,-117.5010714,48.49990705,,False,BACKGROUND,1.1737664937973022,6.04708194732666,1.8464523553848267,0.30534601175714515,0.19410461178158994,False,neither
D263852,-117.5010714,48.49990705,,False,BACKGROUND,1.1737664937973022,6.04708194732666,1.8464523553848267,0.30534601175714515,0.19410461178158994,False,neither
D263854,-117.5010714,48.49990705,,False,BACKGROUND,1.1737664937973022,6.04708194732666,1.8464523553848267,0.30534601175714515,0.19410461178158994,False,neither
D263855,-117.5010714,48.49990705,,False,BACKGROUND,1.1737664937973022,6.04708194732666,1.8464523553848267,0.30534601175714515,0.19410461178158994,False,neither
D263856,-117.5010714,48.49990705,,False,BACKGROUND,1.1737664937973022,6.04708194732666,1.8464523553848267,0.30534601175714515,0.19410461178158994,False,neither
D263857,-117.5010714,48.49990705,,False,BACKGROUND,1.1737664937973022,6.04708194732666,1.8464523553848267,0.30534601175714515,0.19410461178158994,False,neither
D263858,-117.5010714,48.49990705,,False,BACKGROUND,1.1737664937973022,6.04708194732666,1.8464523553848267,0.30534601175714515,0.19410461178158994,False,neither
D263859,-117.5010714,48.49990705,,False,BACKGROUND,1.1737664937973022,6.04708194732666,1.8464523553848267,0.30534601175714515,0.19410461178158994,False,neither
D263860,-117.5010714,48.49990705,,False,BACKGROUND,1.1737664937973022,6.04708194732666,1.8464523553848267,0.30534601175714515,0.19410461178158994,False,neither
D263861,-117.5010714,48.49990705,,False,BACKGROUND,1.1737664937973022,6.04708194732666,1.8464523553848267,0.30534601175714515,0.19410461178158994,False,neither
D263862,-117.5010714,48.49990705,,False,BACKGROUND,1.1737664937973022,6.04708194732666,1.8464523553848267,0.30534601175714515,0.19410461178158994,False,neither
D263863,-117.5010714,48.49990705,,False,BACKGROUND,1.1737664937973022,6.04708194732666,1.8464523553848267,0.30534601175714515,0.19410461178158994,False,neither
D263864,-117.5010714,48.49990705,,False,BACKGROUND,1.1737664937973022,6.04708194732666,1.8464523553848267,0.30534601175714515,0.19410461178158994,False,neither
D264180,-119.93451321,48.01652983,2.0,False,BACKGROUND,1.057884693145752,3.018314838409424,1.068508505821228,0.35400830033499925,0.350488517527625,False,neither
D264182,-119.51784693,48.8498758,2.0,False,BACKGROUND,1.4458699226379395,4.286505699157715,1.963460922241211,0.45805629574387946,0.33730736038028564,False,neither
D264183,-119.53451471,48.86654278,2.0,False,BACKGROUND,1.3174598217010498,4.0527753829956055,1.6894433498382568,0.4168608398399583,0.3250759534389124,False,neither
D264296,-117.5010714,48.49990705,,False,BACKGROUND,1.1737664937973022,6.04708194732666,1.8464523553848267,0.30534601175714515,0.19410461178158994,False,neither
D264297,-117.5010714,48.49990705,,False,BACKGROUND,1.1737664937973022,6.04708194732666,1.8464523553848267,0.30534601175714515,0.19410461178158994,False,neither
D264299,-117.5010714,48.49990705,,False,BACKGROUND,1.1737664937973022,6.04708194732666,1.8464523553848267,0.30534601175714515,0.19410461178158994,False,neither
D264300,-117.5010714,48.49990705,,False,BACKGROUND,1.1737664937973022,6.04708194732666,1.8464523553848267,0.30534601175714515,0.19410461178158994,False,neither
D264302,-117.5010714,48.49990705,,False,BACKGROUND,1.1737664937973022,6.04708194732666,1.8464523553848267,0.30534601175714515,0.19410461178158994,False,neither
D264303,-117.5010714,48.49990705,,False,BACKGROUND,1.1737664937973022,6.04708194732666,1.8464523553848267,0.30534601175714515,0.19410461178158994,False,neither
D264304,-117.5010714,48.49990705,,False,BACKGROUND,1.1737664937973022,6.04708194732666,1.8464523553848267,0.30534601175714515,0.19410461178158994,False,neither
D264305,-117.5010714,48.49990705,,False,BACKGROUND,1.1737664937973022,6.04708194732666,1.8464523553848267,0.30534601175714515,0.19410461178158994,False,neither
D264306,-117.5010714,48.49990705,,False,BACKGROUND,1.1737664937973022,6.04708194732666,1.8464523553848267,0.30534601175714515,0.19410461178158994,False,neither
D264307,-117.5010714,48.49990705,,False,BACKGROUND,1.1737664937973022,6.04708194732666,1.8464523553848267,0.30534601175714515,0.19410461178158994,False,neither
D264308,-117.5010714,48.49990705,,False,BACKGROUND,1.1737664937973022,6.04708194732666,1.8464523553848267,0.30534601175714515,0.19410461178158994,False,neither
D264309,-117.5010714,48.49990705,,False,BACKGROUND,1.1737664937973022,6.04708194732666,1.8464523553848267,0.30534601175714515,0.19410461178158994,False,neither
D264311,-117.5010714,48.49990705,,False,BACKGROUND,1.1737664937973022,6.04708194732666,1.8464523553848267,0.30534601175714515,0.19410461178158994,False,neither
D264312,-117.5010714,48.49990705,,False,BACKGROUND,1.1737664937973022,6.04708194732666,1.8464523553848267,0.30534601175714515,0.19410461178158994,False,neither
D264313,-117.5010714,48.49990705,,False,BACKGROUND,1.1737664937973022,6.04708194732666,1.8464523553848267,0.30534601175714515,0.19410461178158994,False,neither
D264314,-117.5010714,48.49990705,,False,BACKGROUND,1.1737664937973022,6.04708194732666,1.8464523553848267,0.30534601175714515,0.19410461178158994,False,neither
D264315,-117.5010714,48.49990705,,False,BACKGROUND,1.1737664937973022,6.04708194732666,1.8464523553848267,0.30534601175714515,0.19410461178158994,False,neither
D264317,-117.5010714,48.49990705,,False,BACKGROUND,1.1737664937973022,6.04708194732666,1.8464523553848267,0.30534601175714515,0.19410461178158994,False,neither
D264320,-117.5010714,48.49990705,,False,BACKGROUND,1.1737664937973022,6.04708194732666,1.8464523553848267,0.30534601175714515,0.19410461178158994,False,neither
D264330,-117.5010714,48.49990705,,False,BACKGROUND,1.1737664937973022,6.04708194732666,1.8464523553848267,0.30534601175714515,0.19410461178158994,False,neither
D264331,-117.5010714,48.49990705,,False,BACKGROUND,1.1737664937973022,6.04708194732666,1.8464523553848267,0.30534601175714515,0.19410461178158994,False,neither
D264332,-117.5010714,48.49990705,,False,BACKGROUND,1.1737664937973022,6.04708194732666,1.8464523553848267,0.30534601175714515,0.19410461178158994,False,neither
D264333,-117.5010714,48.49990705,,False,BACKGROUND,1.1737664937973022,6.04708194732666,1.8464523553848267,0.30534601175714515,0.19410461178158994,False,neither
D264334,-117.5010714,48.49990705,,False,BACKGROUND,1.1737664937973022,6.04708194732666,1.8464523553848267,0.30534601175714515,0.19410461178158994,False,neither
D264338,-117.5010714,48.49990705,,False,BACKGROUND,1.1737664937973022,6.04708194732666,1.8464523553848267,0.30534601175714515,0.19410461178158994,False,neither
D264339,-117.5010714,48.49990705,,False,BACKGROUND,1.1737664937973022,6.04708194732666,1.8464523553848267,0.30534601175714515,0.19410461178158994,False,neither
D264340,-117.5010714,48.49990705,,False,BACKGROUND,1.1737664937973022,6.04708194732666,1.8464523553848267,0.30534601175714515,0.19410461178158994,False,neither
D264341,-117.5010714,48.49990705,,False,BACKGROUND,1.1737664937973022,6.04708194732666,1.8464523553848267,0.30534601175714515,0.19410461178158994,False,neither
D264344,-117.5010714,48.49990705,,False,BACKGROUND,1.1737664937973022,6.04708194732666,1.8464523553848267,0.30534601175714515,0.19410461178158994,False,neither
D264346,-117.5010714,48.49990705,,False,BACKGROUND,1.1737664937973022,6.04708194732666,1.8464523553848267,0.30534601175714515,0.19410461178158994,False,neither
D264347,-117.5010714,48.49990705,,False,BACKGROUND,1.1737664937973022,6.04708194732666,1.8464523553848267,0.30534601175714515,0.19410461178158994,False,neither
D264350,-117.5010714,48.49990705,,False,BACKGROUND,1.1737664937973022,6.04708194732666,1.8464523553848267,0.30534601175714515,0.19410461178158994,False,neither
D264351,-117.5010714,48.49990705,,False,BACKGROUND,1.1737664937973022,6.04708194732666,1.8464523553848267,0.30534601175714515,0.19410461178158994,False,neither
D264353,-117.5010714,48.49990705,,False,BACKGROUND,1.1737664937973022,6.04708194732666,1.8464523553848267,0.30534601175714515,0.19410461178158994,False,neither
D264355,-117.5010714,48.49990705,,False,BACKGROUND,1.1737664937973022,6.04708194732666,1.8464523553848267,0.30534601175714515,0.19410461178158994,False,neither
D264356,-117.5010714,48.49990705,,False,BACKGROUND,1.1737664937973022,6.04708194732666,1.8464523553848267,0.30534601175714515,0.19410461178158994,False,neither
D264359,-117.5010714,48.49990705,,False,BACKGROUND,1.1737664937973022,6.04708194732666,1.8464523553848267,0.30534601175714515,0.19410461178158994,False,neither
D264360,-117.5010714,48.49990705,,False,BACKGROUND,1.1737664937973022,6.04708194732666,1.8464523553848267,0.30534601175714515,0.19410461178158994,False,neither
D264361,-117.5010714,48.49990705,,False,BACKGROUND,1.1737664937973022,6.04708194732666,1.8464523553848267,0.30534601175714515,0.19410461178158994,False,neither
D264362,-117.5010714,48.49990705,,False,BACKGROUND,1.1737664937973022,6.04708194732666,1.8464523553848267,0.30534601175714515,0.19410461178158994,False,neither
D264363,-117.5010714,48.49990705,,False,BACKGROUND,1.1737664937973022,6.04708194732666,1.8464523553848267,0.30534601175714515,0.19410461178158994,False,neither
D264364,-117.5010714,48.49990705,,False,BACKGROUND,1.1737664937973022,6.04708194732666,1.8464523553848267,0.30534601175714515,0.19410461178158994,False,neither
D264365,-117.5010714,48.49990705,,False,BACKGROUND,1.1737664937973022,6.04708194732666,1.8464523553848267,0.30534601175714515,0.19410461178158994,False,neither
D264366,-117.5010714,48.49990705,,False,BACKGROUND,1.1737664937973022,6.04708194732666,1.8464523553848267,0.30534601175714515,0.19410461178158994,False,neither
D264367,-117.5010714,48.49990705,,False,BACKGROUND,1.1737664937973022,6.04708194732666,1.8464523553848267,0.30534601175714515,0.19410461178158994,False,neither
D264368,-117.5010714,48.49990705,,False,BACKGROUND,1.1737664937973022,6.04708194732666,1.8464523553848267,0.30534601175714515,0.19410461178158994,False,neither
D264370,-117.5010714,48.49990705,,False,BACKGROUND,1.1737664937973022,6.04708194732666,1.8464523553848267,0.30534601175714515,0.19410461178158994,False,neither
D264372,-117.5010714,48.49990705,,False,BACKGROUND,1.1737664937973022,6.04708194732666,1.8464523553848267,0.30534601175714515,0.19410461178158994,False,neither
D264373,-117.5010714,48.49990705,,False,BACKGROUND,1.1737664937973022,6.04708194732666,1.8464523553848267,0.30534601175714515,0.19410461178158994,False,neither
D264374,-117.5010714,48.49990705,,False,BACKGROUND,1.1737664937973022,6.04708194732666,1.8464523553848267,0.30534601175714515,0.19410461178158994,False,neither
D264375,-117.5010714,48.49990705,,False,BACKGROUND,1.1737664937973022,6.04708194732666,1.8464523553848267,0.30534601175714515,0.19410461178158994,False,neither
D264378,-117.5010714,48.49990705,,False,BACKGROUND,1.1737664937973022,6.04708194732666,1.8464523553848267,0.30534601175714515,0.19410461178158994,False,neither
D264379,-117.5010714,48.49990705,,False,BACKGROUND,1.1737664937973022,6.04708194732666,1.8464523553848267,0.30534601175714515,0.19410461178158994,False,neither
D264380,-117.5010714,48.49990705,,False,BACKGROUND,1.1737664937973022,6.04708194732666,1.8464523553848267,0.30534601175714515,0.19410461178158994,False,neither
D264381,-117.5010714,48.49990705,,False,BACKGROUND,1.1737664937973022,6.04708194732666,1.8464523553848267,0.30534601175714515,0.19410461178158994,False,neither
D264384,-117.5010714,48.49990705,,False,BACKGROUND,1.1737664937973022,6.04708194732666,1.8464523553848267,0.30534601175714515,0.19410461178158994,False,neither
D264386,-117.5010714,48.49990705,,False,BACKGROUND,1.1737664937973022,6.04708194732666,1.8464523553848267,0.30534601175714515,0.19410461178158994,False,neither
D264387,-117.5010714,48.49990705,,False,BACKGROUND,1.1737664937973022,6.04708194732666,1.8464523553848267,0.30534601175714515,0.19410461178158994,False,neither
D264388,-117.5010714,48.49990705,,False,BACKGROUND,1.1737664937973022,6.04708194732666,1.8464523553848267,0.30534601175714515,0.19410461178158994,False,neither
D264389,-117.5010714,48.49990705,,False,BACKGROUND,1.1737664937973022,6.04708194732666,1.8464523553848267,0.30534601175714515,0.19410461178158994,False,neither
D264390,-117.5010714,48.49990705,,False,BACKGROUND,1.1737664937973022,6.04708194732666,1.8464523553848267,0.30534601175714515,0.19410461178158994,False,neither
D264392,-117.5010714,48.49990705,,False,BACKGROUND,1.1737664937973022,6.04708194732666,1.8464523553848267,0.30534601175714515,0.19410461178158994,False,neither
D264393,-117.5010714,48.49990705,,False,BACKGROUND,1.1737664937973022,6.04708194732666,1.8464523553848267,0.30534601175714515,0.19410461178158994,False,neither
D264394,-117.5010714,48.49990705,,False,BACKGROUND,1.1737664937973022,6.04708194732666,1.8464523553848267,0.30534601175714515,0.19410461178158994,False,neither
D264395,-117.5010714,48.49990705,,False,BACKGROUND,1.1737664937973022,6.04708194732666,1.8464523553848267,0.30534601175714515,0.19410461178158994,False,neither
D264396,-117.5010714,48.49990705,,False,BACKGROUND,1.1737664937973022,6.04708194732666,1.8464523553848267,0.30534601175714515,0.19410461178158994,False,neither
D264397,-117.5010714,48.49990705,,False,BACKGROUND,1.1737664937973022,6.04708194732666,1.8464523553848267,0.30534601175714515,0.19410461178158994,False,neither
D264398,-117.5010714,48.49990705,,False,BACKGROUND,1.1737664937973022,6.04708194732666,1.8464523553848267,0.30534601175714515,0.19410461178158994,False,neither
D264403,-117.5010714,48.49990705,,False,BACKGROUND,1.1737664937973022,6.04708194732666,1.8464523553848267,0.30534601175714515,0.19410461178158994,False,neither
D264404,-117.5010714,48.49990705,,False,BACKGROUND,1.1737664937973022,6.04708194732666,1.8464523553848267,0.30534601175714515,0.19410461178158994,False,neither
D264405,-117.5010714,48.49990705,,False,BACKGROUND,1.1737664937973022,6.04708194732666,1.8464523553848267,0.30534601175714515,0.19410461178158994,False,neither
D264406,-117.5010714,48.49990705,,False,BACKGROUND,1.1737664937973022,6.04708194732666,1.8464523553848267,0.30534601175714515,0.19410461178158994,False,neither
D264407,-117.5010714,48.49990705,,False,BACKGROUND,1.1737664937973022,6.04708194732666,1.8464523553848267,0.30534601175714515,0.19410461178158994,False,neither
D264408,-117.5010714,48.49990705,,False,BACKGROUND,1.1737664937973022,6.04708194732666,1.8464523553848267,0.30534601175714515,0.19410461178158994,False,neither
D264409,-117.5010714,48.49990705,,False,BACKGROUND,1.1737664937973022,6.04708194732666,1.8464523553848267,0.30534601175714515,0.19410461178158994,False,neither
D264410,-117.5010714,48.49990705,,False,BACKGROUND,1.1737664937973022,6.04708194732666,1.8464523553848267,0.30534601175714515,0.19410461178158994,False,neither
D264411,-117.5010714,48.49990705,,False,BACKGROUND,1.1737664937973022,6.04708194732666,1.8464523553848267,0.30534601175714515,0.19410461178158994,False,neither
D264412,-117.5010714,48.49990705,,False,BACKGROUND,1.1737664937973022,6.04708194732666,1.8464523553848267,0.30534601175714515,0.19410461178158994,False,neither
D264413,-117.5010714,48.49990705,,False,BACKGROUND,1.1737664937973022,6.04708194732666,1.8464523553848267,0.30534601175714515,0.19410461178158994,False,neither
D264414,-117.5010714,48.49990705,,False,BACKGROUND,1.1737664937973022,6.04708194732666,1.8464523553848267,0.30534601175714515,0.19410461178158994,False,neither
D266123,-117.5010714,48.49990705,,False,BACKGROUND,1.1737664937973022,6.04708194732666,1.8464523553848267,0.30534601175714515,0.19410461178158994,False,neither
D266124,-117.5010714,48.49990705,,False,BACKGROUND,1.1737664937973022,6.04708194732666,1.8464523553848267,0.30534601175714515,0.19410461178158994,False,neither
D266125,-117.5010714,48.49990705,,False,BACKGROUND,1.1737664937973022,6.04708194732666,1.8464523553848267,0.30534601175714515,0.19410461178158994,False,neither
D266126,-117.5010714,48.49990705,,False,BACKGROUND,1.1737664937973022,6.04708194732666,1.8464523553848267,0.30534601175714515,0.19410461178158994,False,neither
D266127,-117.5010714,48.49990705,,False,BACKGROUND,1.1737664937973022,6.04708194732666,1.8464523553848267,0.30534601175714515,0.19410461178158994,False,neither
D266128,-117.5010714,48.49990705,,False,BACKGROUND,1.1737664937973022,6.04708194732666,1.8464523553848267,0.30534601175714515,0.19410461178158994,False,neither
D266129,-117.5010714,48.49990705,,False,BACKGROUND,1.1737664937973022,6.04708194732666,1.8464523553848267,0.30534601175714515,0.19410461178158994,False,neither
D266130,-117.5010714,48.49990705,,False,BACKGROUND,1.1737664937973022,6.04708194732666,1.8464523553848267,0.30534601175714515,0.19410461178158994,False,neither
D266131,-117.5010714,48.49990705,,False,BACKGROUND,1.1737664937973022,6.04708194732666,1.8464523553848267,0.30534601175714515,0.19410461178158994,False,neither
D266132,-117.5010714,48.49990705,,False,BACKGROUND,1.1737664937973022,6.04708194732666,1.8464523553848267,0.30534601175714515,0.19410461178158994,False,neither
D266133,-117.5010714,48.49990705,,False,BACKGROUND,1.1737664937973022,6.04708194732666,1.8464523553848267,0.30534601175714515,0.19410461178158994,False,neither
D266134,-117.5010714,48.49990705,,False,BACKGROUND,1.1737664937973022,6.04708194732666,1.8464523553848267,0.30534601175714515,0.19410461178158994,False,neither
D266135,-117.5010714,48.49990705,,False,BACKGROUND,1.1737664937973022,6.04708194732666,1.8464523553848267,0.30534601175714515,0.19410461178158994,False,neither
D266136,-117.5010714,48.49990705,,False,BACKGROUND,1.1737664937973022,6.04708194732666,1.8464523553848267,0.30534601175714515,0.19410461178158994,False,neither
D266137,-117.5010714,48.49990705,,False,BACKGROUND,1.1737664937973022,6.04708194732666,1.8464523553848267,0.30534601175714515,0.19410461178158994,False,neither
D266138,-117.5010714,48.49990705,,False,BACKGROUND,1.1737664937973022,6.04708194732666,1.8464523553848267,0.30534601175714515,0.19410461178158994,False,neither
D266139,-117.5010714,48.49990705,,False,BACKGROUND,1.1737664937973022,6.04708194732666,1.8464523553848267,0.30534601175714515,0.19410461178158994,False,neither
D266140,-117.5010714,48.49990705,,False,BACKGROUND,1.1737664937973022,6.04708194732666,1.8464523553848267,0.30534601175714515,0.19410461178158994,False,neither
D266141,-117.5010714,48.49990705,,False,BACKGROUND,1.1737664937973022,6.04708194732666,1.8464523553848267,0.30534601175714515,0.19410461178158994,False,neither
D266142,-117.5010714,48.49990705,,False,BACKGROUND,1.1737664937973022,6.04708194732666,1.8464523553848267,0.30534601175714515,0.19410461178158994,False,neither
D266143,-117.5010714,48.49990705,,False,BACKGROUND,1.1737664937973022,6.04708194732666,1.8464523553848267,0.30534601175714515,0.19410461178158994,False,neither
D266144,-117.5010714,48.49990705,,False,BACKGROUND,1.1737664937973022,6.04708194732666,1.8464523553848267,0.30534601175714515,0.19410461178158994,False,neither
D266145,-117.5010714,48.49990705,,False,BACKGROUND,1.1737664937973022,6.04708194732666,1.8464523553848267,0.30534601175714515,0.19410461178158994,False,neither
D266146,-117.5010714,48.49990705,,False,BACKGROUND,1.1737664937973022,6.04708194732666,1.8464523553848267,0.30534601175714515,0.19410461178158994,False,neither
D266147,-117.5010714,48.49990705,,False,BACKGROUND,1.1737664937973022,6.04708194732666,1.8464523553848267,0.30534601175714515,0.19410461178158994,False,neither
D266148,-117.5010714,48.49990705,,False,BACKGROUND,1.1737664937973022,6.04708194732666,1.8464523553848267,0.30534601175714515,0.19410461178158994,False,neither
D266149,-117.5010714,48.49990705,,False,BACKGROUND,1.1737664937973022,6.04708194732666,1.8464523553848267,0.30534601175714515,0.19410461178158994,False,neither
D266150,-117.5010714,48.49990705,,False,BACKGROUND,1.1737664937973022,6.04708194732666,1.8464523553848267,0.30534601175714515,0.19410461178158994,False,neither
D266151,-117.5010714,48.49990705,,False,BACKGROUND,1.1737664937973022,6.04708194732666,1.8464523553848267,0.30534601175714515,0.19410461178158994,False,neither
D266152,-117.5010714,48.49990705,,False,BACKGROUND,1.1737664937973022,6.04708194732666,1.8464523553848267,0.30534601175714515,0.19410461178158994,False,neither
D266153,-117.5010714,48.49990705,,False,BACKGROUND,1.1737664937973022,6.04708194732666,1.8464523553848267,0.30534601175714515,0.19410461178158994,False,neither
D266154,-117.5010714,48.49990705,,False,BACKGROUND,1.1737664937973022,6.04708194732666,1.8464523553848267,0.30534601175714515,0.19410461178158994,False,neither
D266155,-117.5010714,48.49990705,,False,BACKGROUND,1.1737664937973022,6.04708194732666,1.8464523553848267,0.30534601175714515,0.19410461178158994,False,neither
D266156,-117.5010714,48.49990705,,False,BACKGROUND,1.1737664937973022,6.04708194732666,1.8464523553848267,0.30534601175714515,0.19410461178158994,False,neither
D266157,-117.5010714,48.49990705,,False,BACKGROUND,1.1737664937973022,6.04708194732666,1.8464523553848267,0.30534601175714515,0.19410461178158994,False,neither
D266158,-117.5010714,48.49990705,,False,BACKGROUND,1.1737664937973022,6.04708194732666,1.8464523553848267,0.30534601175714515,0.19410461178158994,False,neither
D266159,-117.5010714,48.49990705,,False,BACKGROUND,1.1737664937973022,6.04708194732666,1.8464523553848267,0.30534601175714515,0.19410461178158994,False,neither
D266160,-117.5010714,48.49990705,,False,BACKGROUND,1.1737664937973022,6.04708194732666,1.8464523553848267,0.30534601175714515,0.19410461178158994,False,neither
D266161,-117.5010714,48.49990705,,False,BACKGROUND,1.1737664937973022,6.04708194732666,1.8464523553848267,0.30534601175714515,0.19410461178158994,False,neither
D266162,-117.5010714,48.49990705,,False,BACKGROUND,1.1737664937973022,6.04708194732666,1.8464523553848267,0.30534601175714515,0.19410461178158994,False,neither
D266163,-117.5010714,48.49990705,,False,BACKGROUND,1.1737664937973022,6.04708194732666,1.8464523553848267,0.30534601175714515,0.19410461178158994,False,neither
D266164,-117.5010714,48.49990705,,False,BACKGROUND,1.1737664937973022,6.04708194732666,1.8464523553848267,0.30534601175714515,0.19410461178158994,False,neither
D266165,-117.5010714,48.49990705,,False,BACKGROUND,1.1737664937973022,6.04708194732666,1.8464523553848267,0.30534601175714515,0.19410461178158994,False,neither
D266168,-117.5010714,48.49990705,,False,BACKGROUND,1.1737664937973022,6.04708194732666,1.8464523553848267,0.30534601175714515,0.19410461178158994,False,neither
D266169,-117.5010714,48.49990705,,False,BACKGROUND,1.1737664937973022,6.04708194732666,1.8464523553848267,0.30534601175714515,0.19410461178158994,False,neither
D266170,-117.5010714,48.49990705,,False,BACKGROUND,1.1737664937973022,6.04708194732666,1.8464523553848267,0.30534601175714515,0.19410461178158994,False,neither
D266171,-117.5010714,48.49990705,,False,BACKGROUND,1.1737664937973022,6.04708194732666,1.8464523553848267,0.30534601175714515,0.19410461178158994,False,neither
D266172,-117.5010714,48.49990705,,False,BACKGROUND,1.1737664937973022,6.04708194732666,1.8464523553848267,0.30534601175714515,0.19410461178158994,False,neither
D266173,-117.5010714,48.49990705,,False,BACKGROUND,1.1737664937973022,6.04708194732666,1.8464523553848267,0.30534601175714515,0.19410461178158994,False,neither
D266174,-117.5010714,48.49990705,,False,BACKGROUND,1.1737664937973022,6.04708194732666,1.8464523553848267,0.30534601175714515,0.19410461178158994,False,neither
D266175,-117.5010714,48.49990705,,False,BACKGROUND,1.1737664937973022,6.04708194732666,1.8464523553848267,0.30534601175714515,0.19410461178158994,False,neither
D266176,-117.5010714,48.49990705,,False,BACKGROUND,1.1737664937973022,6.04708194732666,1.8464523553848267,0.30534601175714515,0.19410461178158994,False,neither
D271561,-117.5010714,48.49990705,,False,BACKGROUND,1.1737664937973022,6.04708194732666,1.8464523553848267,0.30534601175714515,0.19410461178158994,False,neither
D271564,-117.5010714,48.49990705,,False,BACKGROUND,1.1737664937973022,6.04708194732666,1.8464523553848267,0.30534601175714515,0.19410461178158994,False,neither
D271565,-117.5010714,48.49990705,,False,BACKGROUND,1.1737664937973022,6.04708194732666,1.8464523553848267,0.30534601175714515,0.19410461178158994,False,neither
D271566,-117.5010714,48.49990705,,False,BACKGROUND,1.1737664937973022,6.04708194732666,1.8464523553848267,0.30534601175714515,0.19410461178158994,False,neither
D271567,-117.5010714,48.49990705,,False,BACKGROUND,1.1737664937973022,6.04708194732666,1.8464523553848267,0.30534601175714515,0.19410461178158994,False,neither
D271569,-117.5010714,48.49990705,,False,BACKGROUND,1.1737664937973022,6.04708194732666,1.8464523553848267,0.30534601175714515,0.19410461178158994,False,neither
D271570,-117.5010714,48.49990705,,False,BACKGROUND,1.1737664937973022,6.04708194732666,1.8464523553848267,0.30534601175714515,0.19410461178158994,False,neither
D271571,-117.5010714,48.49990705,,False,BACKGROUND,1.1737664937973022,6.04708194732666,1.8464523553848267,0.30534601175714515,0.19410461178158994,False,neither
D271572,-117.5010714,48.49990705,,False,BACKGROUND,1.1737664937973022,6.04708194732666,1.8464523553848267,0.30534601175714515,0.19410461178158994,False,neither
D271573,-117.5010714,48.49990705,,False,BACKGROUND,1.1737664937973022,6.04708194732666,1.8464523553848267,0.30534601175714515,0.19410461178158994,False,neither
D271574,-117.5010714,48.49990705,,False,BACKGROUND,1.1737664937973022,6.04708194732666,1.8464523553848267,0.30534601175714515,0.19410461178158994,False,neither
D271575,-117.5010714,48.49990705,,False,BACKGROUND,1.1737664937973022,6.04708194732666,1.8464523553848267,0.30534601175714515,0.19410461178158994,False,neither
D271576,-117.5010714,48.49990705,,False,BACKGROUND,1.1737664937973022,6.04708194732666,1.8464523553848267,0.30534601175714515,0.19410461178158994,False,neither
D271577,-117.5010714,48.49990705,,False,BACKGROUND,1.1737664937973022,6.04708194732666,1.8464523553848267,0.30534601175714515,0.19410461178158994,False,neither
D271578,-117.5010714,48.49990705,,False,BACKGROUND,1.1737664937973022,6.04708194732666,1.8464523553848267,0.30534601175714515,0.19410461178158994,False,neither
D271579,-117.5010714,48.49990705,,False,BACKGROUND,1.1737664937973022,6.04708194732666,1.8464523553848267,0.30534601175714515,0.19410461178158994,False,neither
D271580,-117.5010714,48.49990705,,False,BACKGROUND,1.1737664937973022,6.04708194732666,1.8464523553848267,0.30534601175714515,0.19410461178158994,False,neither
D271581,-117.5010714,48.49990705,,False,BACKGROUND,1.1737664937973022,6.04708194732666,1.8464523553848267,0.30534601175714515,0.19410461178158994,False,neither
D271582,-117.5010714,48.49990705,,False,BACKGROUND,1.1737664937973022,6.04708194732666,1.8464523553848267,0.30534601175714515,0.19410461178158994,False,neither
D271583,-117.5010714,48.49990705,,False,BACKGROUND,1.1737664937973022,6.04708194732666,1.8464523553848267,0.30534601175714515,0.19410461178158994,False,neither
D271584,-117.5010714,48.49990705,,False,BACKGROUND,1.1737664937973022,6.04708194732666,1.8464523553848267,0.30534601175714515,0.19410461178158994,False,neither
D271585,-117.5010714,48.49990705,,False,BACKGROUND,1.1737664937973022,6.04708194732666,1.8464523553848267,0.30534601175714515,0.19410461178158994,False,neither
D271586,-117.5010714,48.49990705,,False,BACKGROUND,1.1737664937973022,6.04708194732666,1.8464523553848267,0.30534601175714515,0.19410461178158994,False,neither
D271587,-117.5010714,48.49990705,,False,BACKGROUND,1.1737664937973022,6.04708194732666,1.8464523553848267,0.30534601175714515,0.19410461178158994,False,neither
D271588,-117.5010714,48.49990705,,False,BACKGROUND,1.1737664937973022,6.04708194732666,1.8464523553848267,0.30534601175714515,0.19410461178158994,False,neither
D271589,-117.5010714,48.49990705,,False,BACKGROUND,1.1737664937973022,6.04708194732666,1.8464523553848267,0.30534601175714515,0.19410461178158994,False,neither
D271593,-117.5010714,48.49990705,,False,BACKGROUND,1.1737664937973022,6.04708194732666,1.8464523553848267,0.30534601175714515,0.19410461178158994,False,neither
D271594,-117.5010714,48.49990705,,False,BACKGROUND,1.1737664937973022,6.04708194732666,1.8464523553848267,0.30534601175714515,0.19410461178158994,False,neither
D271595,-117.5010714,48.49990705,,False,BACKGROUND,1.1737664937973022,6.04708194732666,1.8464523553848267,0.30534601175714515,0.19410461178158994,False,neither
D271596,-117.5010714,48.49990705,,False,BACKGROUND,1.1737664937973022,6.04708194732666,1.8464523553848267,0.30534601175714515,0.19410461178158994,False,neither
D271597,-117.5010714,48.49990705,,False,BACKGROUND,1.1737664937973022,6.04708194732666,1.8464523553848267,0.30534601175714515,0.19410461178158994,False,neither
D271598,-117.5010714,48.49990705,,False,BACKGROUND,1.1737664937973022,6.04708194732666,1.8464523553848267,0.30534601175714515,0.19410461178158994,False,neither
D271599,-117.5010714,48.49990705,5.0,False,BACKGROUND,1.1737664937973022,6.04708194732666,1.8464523553848267,0.30534601175714515,0.19410461178158994,False,neither
D271600,-117.5010714,48.49990705,,False,BACKGROUND,1.1737664937973022,6.04708194732666,1.8464523553848267,0.30534601175714515,0.19410461178158994,False,neither
D271602,-117.5010714,48.49990705,,False,BACKGROUND,1.1737664937973022,6.04708194732666,1.8464523553848267,0.30534601175714515,0.19410461178158994,False,neither
D271603,-117.5010714,48.49990705,,False,BACKGROUND,1.1737664937973022,6.04708194732666,1.8464523553848267,0.30534601175714515,0.19410461178158994,False,neither
D271604,-117.5010714,48.49990705,,False,BACKGROUND,1.1737664937973022,6.04708194732666,1.8464523553848267,0.30534601175714515,0.19410461178158994,False,neither
D271605,-117.5010714,48.49990705,,False,BACKGROUND,1.1737664937973022,6.04708194732666,1.8464523553848267,0.30534601175714515,0.19410461178158994,False,neither
D271606,-117.5010714,48.49990705,,False,BACKGROUND,1.1737664937973022,6.04708194732666,1.8464523553848267,0.30534601175714515,0.19410461178158994,False,neither
D271607,-117.5010714,48.49990705,,False,BACKGROUND,1.1737664937973022,6.04708194732666,1.8464523553848267,0.30534601175714515,0.19410461178158994,False,neither
D271608,-117.5010714,48.49990705,,False,BACKGROUND,1.1737664937973022,6.04708194732666,1.8464523553848267,0.30534601175714515,0.19410461178158994,False,neither
D271609,-117.5010714,48.49990705,,False,BACKGROUND,1.1737664937973022,6.04708194732666,1.8464523553848267,0.30534601175714515,0.19410461178158994,False,neither
D271610,-117.5010714,48.49990705,,False,BACKGROUND,1.1737664937973022,6.04708194732666,1.8464523553848267,0.30534601175714515,0.19410461178158994,False,neither
D271611,-117.5010714,48.49990705,,False,BACKGROUND,1.1737664937973022,6.04708194732666,1.8464523553848267,0.30534601175714515,0.19410461178158994,False,neither
D271613,-117.5010714,48.49990705,,False,BACKGROUND,1.1737664937973022,6.04708194732666,1.8464523553848267,0.30534601175714515,0.19410461178158994,False,neither
D271616,-117.5010714,48.49990705,,False,BACKGROUND,1.1737664937973022,6.04708194732666,1.8464523553848267,0.30534601175714515,0.19410461178158994,False,neither
D271617,-117.5010714,48.49990705,,False,BACKGROUND,1.1737664937973022,6.04708194732666,1.8464523553848267,0.30534601175714515,0.19410461178158994,False,neither
D271618,-117.5010714,48.49990705,,False,BACKGROUND,1.1737664937973022,6.04708194732666,1.8464523553848267,0.30534601175714515,0.19410461178158994,False,neither
D271619,-117.5010714,48.49990705,,False,BACKGROUND,1.1737664937973022,6.04708194732666,1.8464523553848267,0.30534601175714515,0.19410461178158994,False,neither
D271620,-117.5010714,48.49990705,,False,BACKGROUND,1.1737664937973022,6.04708194732666,1.8464523553848267,0.30534601175714515,0.19410461178158994,False,neither
D271621,-117.5010714,48.49990705,,False,BACKGROUND,1.1737664937973022,6.04708194732666,1.8464523553848267,0.30534601175714515,0.19410461178158994,False,neither
D271623,-117.5010714,48.49990705,,False,BACKGROUND,1.1737664937973022,6.04708194732666,1.8464523553848267,0.30534601175714515,0.19410461178158994,False,neither
D271624,-117.5010714,48.49990705,,False,BACKGROUND,1.1737664937973022,6.04708194732666,1.8464523553848267,0.30534601175714515,0.19410461178158994,False,neither
D271625,-117.5010714,48.49990705,,False,BACKGROUND,1.1737664937973022,6.04708194732666,1.8464523553848267,0.30534601175714515,0.19410461178158994,False,neither
D271626,-117.5010714,48.49990705,,False,BACKGROUND,1.1737664937973022,6.04708194732666,1.8464523553848267,0.30534601175714515,0.19410461178158994,False,neither
D271627,-117.5010714,48.49990705,,False,BACKGROUND,1.1737664937973022,6.04708194732666,1.8464523553848267,0.30534601175714515,0.19410461178158994,False,neither
D271628,-117.5010714,48.49990705,,False,BACKGROUND,1.1737664937973022,6.04708194732666,1.8464523553848267,0.30534601175714515,0.19410461178158994,False,neither
D271629,-117.5010714,48.49990705,,False,BACKGROUND,1.1737664937973022,6.04708194732666,1.8464523553848267,0.30534601175714515,0.19410461178158994,False,neither
D271630,-117.5010714,48.49990705,,False,BACKGROUND,1.1737664937973022,6.04708194732666,1.8464523553848267,0.30534601175714515,0.19410461178158994,False,neither
D271631,-117.5010714,48.49990705,,False,BACKGROUND,1.1737664937973022,6.04708194732666,1.8464523553848267,0.30534601175714515,0.19410461178158994,False,neither
D271632,-117.5010714,48.49990705,,False,BACKGROUND,1.1737664937973022,6.04708194732666,1.8464523553848267,0.30534601175714515,0.19410461178158994,False,neither
D271633,-117.5010714,48.49990705,,False,BACKGROUND,1.1737664937973022,6.04708194732666,1.8464523553848267,0.30534601175714515,0.19410461178158994,False,neither
D271634,-117.5010714,48.49990705,,False,BACKGROUND,1.1737664937973022,6.04708194732666,1.8464523553848267,0.30534601175714515,0.19410461178158994,False,neither
D271635,-117.5010714,48.49990705,,False,BACKGROUND,1.1737664937973022,6.04708194732666,1.8464523553848267,0.30534601175714515,0.19410461178158994,False,neither
D271636,-117.5010714,48.49990705,,False,BACKGROUND,1.1737664937973022,6.04708194732666,1.8464523553848267,0.30534601175714515,0.19410461178158994,False,neither
D271637,-117.5010714,48.49990705,,False,BACKGROUND,1.1737664937973022,6.04708194732666,1.8464523553848267,0.30534601175714515,0.19410461178158994,False,neither
D271638,-117.5010714,48.49990705,,False,BACKGROUND,1.1737664937973022,6.04708194732666,1.8464523553848267,0.30534601175714515,0.19410461178158994,False,neither
D271639,-117.5010714,48.49990705,,False,BACKGROUND,1.1737664937973022,6.04708194732666,1.8464523553848267,0.30534601175714515,0.19410461178158994,False,neither
D271640,-117.5010714,48.49990705,,False,BACKGROUND,1.1737664937973022,6.04708194732666,1.8464523553848267,0.30534601175714515,0.19410461178158994,False,neither
D271641,-117.5010714,48.49990705,,False,BACKGROUND,1.1737664937973022,6.04708194732666,1.8464523553848267,0.30534601175714515,0.19410461178158994,False,neither
D271642,-117.5010714,48.49990705,,False,BACKGROUND,1.1737664937973022,6.04708194732666,1.8464523553848267,0.30534601175714515,0.19410461178158994,False,neither
D271643,-117.5010714,48.49990705,,False,BACKGROUND,1.1737664937973022,6.04708194732666,1.8464523553848267,0.30534601175714515,0.19410461178158994,False,neither
D271644,-117.5010714,48.49990705,,False,BACKGROUND,1.1737664937973022,6.04708194732666,1.8464523553848267,0.30534601175714515,0.19410461178158994,False,neither
D271645,-117.5010714,48.49990705,,False,BACKGROUND,1.1737664937973022,6.04708194732666,1.8464523553848267,0.30534601175714515,0.19410461178158994,False,neither
D271646,-117.5010714,48.49990705,,False,BACKGROUND,1.1737664937973022,6.04708194732666,1.8464523553848267,0.30534601175714515,0.19410461178158994,False,neither
D271659,-117.5010714,48.49990705,21.0,False,BACKGROUND,1.1737664937973022,6.04708194732666,1.8464523553848267,0.30534601175714515,0.19410461178158994,False,neither
D271660,-117.5010714,48.49990705,33.0,True,THORITE_LREE_MIX,1.1737664937973022,6.04708194732666,1.8464523553848267,0.30534601175714515,0.19410461178158994,False,stream_only
D271661,-117.5010714,48.49990705,26.0,False,BACKGROUND,1.1737664937973022,6.04708194732666,1.8464523553848267,0.30534601175714515,0.19410461178158994,False,neither
D271662,-117.5010714,48.49990705,39.0,True,THORITE_LREE_MIX,1.1737664937973022,6.04708194732666,1.8464523553848267,0.30534601175714515,0.19410461178158994,False,stream_only
D271663,-117.5010714,48.49990705,39.0,True,THORITE_LREE_MIX,1.1737664937973022,6.04708194732666,1.8464523553848267,0.30534601175714515,0.19410461178158994,False,stream_only
D271664,-117.5010714,48.49990705,47.0,True,THORITE_LREE_MIX,1.1737664937973022,6.04708194732666,1.8464523553848267,0.30534601175714515,0.19410461178158994,False,stream_only
D271665,-117.5010714,48.49990705,43.0,True,THORITE_UTHO,1.1737664937973022,6.04708194732666,1.8464523553848267,0.30534601175714515,0.19410461178158994,False,stream_only
D271666,-117.5010714,48.49990705,24.0,False,BACKGROUND,1.1737664937973022,6.04708194732666,1.8464523553848267,0.30534601175714515,0.19410461178158994,False,neither
D271670,-117.5010714,48.49990705,29.0,True,THORITE_LREE_MIX,1.1737664937973022,6.04708194732666,1.8464523553848267,0.30534601175714515,0.19410461178158994,False,stream_only
D271671,-117.5010714,48.49990705,21.0,False,BACKGROUND,1.1737664937973022,6.04708194732666,1.8464523553848267,0.30534601175714515,0.19410461178158994,False,neither
D271672,-117.5010714,48.49990705,28.0,True,THORITE_LREE_MIX,1.1737664937973022,6.04708194732666,1.8464523553848267,0.30534601175714515,0.19410461178158994,False,stream_only
D271673,-117.5010714,48.49990705,29.0,True,THORITE_UTHO,1.1737664937973022,6.04708194732666,1.8464523553848267,0.30534601175714515,0.19410461178158994,False,stream_only
D274979,-117.5010714,48.49990705,,False,BACKGROUND,1.1737664937973022,6.04708194732666,1.8464523553848267,0.30534601175714515,0.19410461178158994,False,neither
D274980,-117.5010714,48.49990705,,False,BACKGROUND,1.1737664937973022,6.04708194732666,1.8464523553848267,0.30534601175714515,0.19410461178158994,False,neither
D274981,-117.5010714,48.49990705,,False,BACKGROUND,1.1737664937973022,6.04708194732666,1.8464523553848267,0.30534601175714515,0.19410461178158994,False,neither
D274982,-117.5010714,48.49990705,,False,BACKGROUND,1.1737664937973022,6.04708194732666,1.8464523553848267,0.30534601175714515,0.19410461178158994,False,neither
D274983,-117.5010714,48.49990705,,False,BACKGROUND,1.1737664937973022,6.04708194732666,1.8464523553848267,0.30534601175714515,0.19410461178158994,False,neither
D274984,-117.5010714,48.49990705,,False,BACKGROUND,1.1737664937973022,6.04708194732666,1.8464523553848267,0.30534601175714515,0.19410461178158994,False,neither
D274985,-117.5010714,48.49990705,,False,BACKGROUND,1.1737664937973022,6.04708194732666,1.8464523553848267,0.30534601175714515,0.19410461178158994,False,neither
D277792,-117.12603918,47.87489857,,False,BACKGROUND,1.3478727340698242,4.536560535430908,2.4229893684387207,0.5341027303647722,0.2971133579157223,False,neither
D277793,-117.12603918,47.87489857,,False,BACKGROUND,1.3478727340698242,4.536560535430908,2.4229893684387207,0.5341027303647722,0.2971133579157223,False,neither
D277794,-117.12603918,47.87489857,,False,BACKGROUND,1.3478727340698242,4.536560535430908,2.4229893684387207,0.5341027303647722,0.2971133579157223,False,neither
D277795,-117.12603918,47.87489857,,False,BACKGROUND,1.3478727340698242,4.536560535430908,2.4229893684387207,0.5341027303647722,0.2971133579157223,False,neither
D277796,-117.12603918,47.87489857,,False,BACKGROUND,1.3478727340698242,4.536560535430908,2.4229893684387207,0.5341027303647722,0.2971133579157223,False,neither
D277797,-117.12603918,47.87489857,,False,BACKGROUND,1.3478727340698242,4.536560535430908,2.4229893684387207,0.5341027303647722,0.2971133579157223,False,neither
D277798,-117.12603918,47.87489857,4.1,False,BACKGROUND,1.3478727340698242,4.536560535430908,2.4229893684387207,0.5341027303647722,0.2971133579157223,False,neither
D277799,-117.2510459,47.87489563,3.45,False,BACKGROUND,1.8239878416061401,7.574599742889404,3.9188241958618164,0.5173638646108769,0.24080319799318695,False,neither
D277800,-117.2510459,47.87489563,4.05,False,BACKGROUND,1.8239878416061401,7.574599742889404,3.9188241958618164,0.5173638646108769,0.24080319799318695,False,neither
D277801,-117.2510459,47.87489563,3.6,False,BACKGROUND,1.8239878416061401,7.574599742889404,3.9188241958618164,0.5173638646108769,0.24080319799318695,False,neither
D277802,-117.2510459,47.87489563,4.25,False,BACKGROUND,1.8239878416061401,7.574599742889404,3.9188241958618164,0.5173638646108769,0.24080319799318695,False,neither
D277803,-117.2510459,47.87489563,4.05,False,BACKGROUND,1.8239878416061401,7.574599742889404,3.9188241958618164,0.5173638646108769,0.24080319799318695,False,neither
D277804,-117.37606429,48.49990906,,False,BACKGROUND,1.504172921180725,7.45118522644043,2.4247424602508545,0.3254170157583372,0.20187028982224034,False,neither
D277805,-117.37606429,48.49990906,,False,BACKGROUND,1.504172921180725,7.45118522644043,2.4247424602508545,0.3254170157583372,0.20187028982224034,False,neither
D277806,-117.37606429,48.49990906,,False,BACKGROUND,1.504172921180725,7.45118522644043,2.4247424602508545,0.3254170157583372,0.20187028982224034,False,neither
D277807,-117.37606429,48.49990906,,False,BACKGROUND,1.504172921180725,7.45118522644043,2.4247424602508545,0.3254170157583372,0.20187028982224034,False,neither
D277808,-117.37606429,48.49990906,,False,BACKGROUND,1.504172921180725,7.45118522644043,2.4247424602508545,0.3254170157583372,0.20187028982224034,False,neither
D277809,-117.37606429,48.49990906,,False,BACKGROUND,1.504172921180725,7.45118522644043,2.4247424602508545,0.3254170157583372,0.20187028982224034,False,neither
D277810,-117.37606429,48.49990906,,False,BACKGROUND,1.504172921180725,7.45118522644043,2.4247424602508545,0.3254170157583372,0.20187028982224034,False,neither
D277811,-117.37606429,48.49990906,,False,BACKGROUND,1.504172921180725,7.45118522644043,2.4247424602508545,0.3254170157583372,0.20187028982224034,False,neither
D277812,-117.37606429,48.49990906,,False,BACKGROUND,1.504172921180725,7.45118522644043,2.4247424602508545,0.3254170157583372,0.20187028982224034,False,neither
D277813,-117.37606429,48.49990906,,False,BACKGROUND,1.504172921180725,7.45118522644043,2.4247424602508545,0.3254170157583372,0.20187028982224034,False,neither
D277814,-117.37606429,48.49990906,,False,BACKGROUND,1.504172921180725,7.45118522644043,2.4247424602508545,0.3254170157583372,0.20187028982224034,False,neither
D277815,-117.37606429,48.49990906,,False,BACKGROUND,1.504172921180725,7.45118522644043,2.4247424602508545,0.3254170157583372,0.20187028982224034,False,neither
D277817,-117.37606429,48.49990906,,False,BACKGROUND,1.504172921180725,7.45118522644043,2.4247424602508545,0.3254170157583372,0.20187028982224034,False,neither
D277818,-117.37606429,48.49990906,,False,BACKGROUND,1.504172921180725,7.45118522644043,2.4247424602508545,0.3254170157583372,0.20187028982224034,False,neither
D277819,-117.37606429,48.49990906,,False,BACKGROUND,1.504172921180725,7.45118522644043,2.4247424602508545,0.3254170157583372,0.20187028982224034,False,neither
D277820,-117.37606429,48.49990906,,False,BACKGROUND,1.504172921180725,7.45118522644043,2.4247424602508545,0.3254170157583372,0.20187028982224034,False,neither
D277821,-117.37606429,48.49990906,16.5,False,BACKGROUND,1.504172921180725,7.45118522644043,2.4247424602508545,0.3254170157583372,0.20187028982224034,False,neither
D277822,-117.5010714,48.49990705,,False,BACKGROUND,1.1737664937973022,6.04708194732666,1.8464523553848267,0.30534601175714515,0.19410461178158994,False,neither
D277823,-117.5010714,48.49990705,,False,BACKGROUND,1.1737664937973022,6.04708194732666,1.8464523553848267,0.30534601175714515,0.19410461178158994,False,neither
D277824,-117.5010714,48.49990705,,False,BACKGROUND,1.1737664937973022,6.04708194732666,1.8464523553848267,0.30534601175714515,0.19410461178158994,False,neither
D277825,-117.5010714,48.49990705,,False,BACKGROUND,1.1737664937973022,6.04708194732666,1.8464523553848267,0.30534601175714515,0.19410461178158994,False,neither
D277826,-117.5010714,48.49990705,,False,BACKGROUND,1.1737664937973022,6.04708194732666,1.8464523553848267,0.30534601175714515,0.19410461178158994,False,neither
D277827,-117.5010714,48.49990705,,False,BACKGROUND,1.1737664937973022,6.04708194732666,1.8464523553848267,0.30534601175714515,0.19410461178158994,False,neither
D277828,-117.5010714,48.49990705,,False,BACKGROUND,1.1737664937973022,6.04708194732666,1.8464523553848267,0.30534601175714515,0.19410461178158994,False,neither
D277829,-117.5010714,48.49990705,,False,BACKGROUND,1.1737664937973022,6.04708194732666,1.8464523553848267,0.30534601175714515,0.19410461178158994,False,neither
D277830,-117.5010714,48.49990705,,False,BACKGROUND,1.1737664937973022,6.04708194732666,1.8464523553848267,0.30534601175714515,0.19410461178158994,False,neither
D277831,-117.5010714,48.49990705,,False,BACKGROUND,1.1737664937973022,6.04708194732666,1.8464523553848267,0.30534601175714515,0.19410461178158994,False,neither
D277832,-117.5010714,48.49990705,,False,BACKGROUND,1.1737664937973022,6.04708194732666,1.8464523553848267,0.30534601175714515,0.19410461178158994,False,neither
D277833,-117.5010714,48.49990705,,False,BACKGROUND,1.1737664937973022,6.04708194732666,1.8464523553848267,0.30534601175714515,0.19410461178158994,False,neither
D277834,-117.5010714,48.49990705,,False,BACKGROUND,1.1737664937973022,6.04708194732666,1.8464523553848267,0.30534601175714515,0.19410461178158994,False,neither
D277835,-117.5010714,48.49990705,,False,BACKGROUND,1.1737664937973022,6.04708194732666,1.8464523553848267,0.30534601175714515,0.19410461178158994,False,neither
D277836,-117.5010714,48.49990705,,False,BACKGROUND,1.1737664937973022,6.04708194732666,1.8464523553848267,0.30534601175714515,0.19410461178158994,False,neither
D277837,-117.5010714,48.49990705,,False,BACKGROUND,1.1737664937973022,6.04708194732666,1.8464523553848267,0.30534601175714515,0.19410461178158994,False,neither
D277838,-117.5010714,48.49990705,,False,BACKGROUND,1.1737664937973022,6.04708194732666,1.8464523553848267,0.30534601175714515,0.19410461178158994,False,neither
D277839,-117.5010714,48.49990705,,False,BACKGROUND,1.1737664937973022,6.04708194732666,1.8464523553848267,0.30534601175714515,0.19410461178158994,False,neither
D277840,-117.5010714,48.49990705,,False,BACKGROUND,1.1737664937973022,6.04708194732666,1.8464523553848267,0.30534601175714515,0.19410461178158994,False,neither
D277841,-117.5010714,48.49990705,,False,BACKGROUND,1.1737664937973022,6.04708194732666,1.8464523553848267,0.30534601175714515,0.19410461178158994,False,neither
F029488,-117.45104741,47.65905764,,False,BACKGROUND,1.3773020505905151,5.998586654663086,2.7455193996429443,0.45769437997676937,0.22960442682274998,False,neither
LEJ134,-117.18662875,48.88214748,,False,BACKGROUND,0.6389444470405579,3.6501214504241943,0.6131488680839539,0.16798040186106616,0.1750474486174436,False,neither
LEJ135,-117.19024273,48.96881723,,False,BACKGROUND,0.7093132138252258,4.981634140014648,0.9434259533882141,0.18938081899877135,0.1423856497464786,False,neither
LEJ136,-117.32802106,48.860477,,False,BACKGROUND,0.9208021759986877,6.822481155395508,1.155137300491333,0.16931337356319429,0.1349658804510553,False,neither
LEJ137,-117.29274232,48.85686685,,False,BACKGROUND,0.9185848832130432,7.280059337615967,1.0602011680603027,0.14563084157600995,0.1261782137498149,False,neither
LEJ138,-117.19690636,48.86659126,,False,BACKGROUND,0.7462145090103149,4.210469722747803,0.6289915442466736,0.1493874996531708,0.1772283279888607,False,neither
LEJ140,-117.15607317,48.90853765,,False,BACKGROUND,0.7255998849868774,3.6509835720062256,0.7282455563545227,0.1994655801626491,0.19874093396376427,False,neither
LEJ141,-117.13885093,48.92103829,,False,BACKGROUND,0.6215080618858337,2.6206095218658447,0.655236005783081,0.25003191063602653,0.23716164377031146,False,neither
LEJ142,-117.30107731,48.92825792,,False,BACKGROUND,1.0148390531539917,4.904057025909424,1.0928385257720947,0.22284376384661542,0.20693867297878674,False,neither
LEJ143,-117.04690667,48.97687472,,False,BACKGROUND,0.7061083912849426,4.210700988769531,0.7997652292251587,0.18993636246274267,0.16769378618149863,False,neither
LEJ146,-117.0719075,48.98381914,,False,BACKGROUND,0.9899410605430603,5.728877067565918,0.8511381149291992,0.14856979908818854,0.17279844703731195,False,neither
LEJ147,-117.08579684,48.98770802,,False,BACKGROUND,0.9899410605430603,5.728877067565918,0.8511381149291992,0.14856979908818854,0.17279844703731195,False,neither
LEJ148,-117.20385384,48.95937229,,True,XENOTIME_Y,0.7831618189811707,5.073329448699951,1.0547401905059814,0.20789901408359363,0.15436841366212817,False,stream_only
LEJ149,-117.21385382,48.95076076,,False,BACKGROUND,0.7831618189811707,5.073329448699951,1.0547401905059814,0.20789901408359363,0.15436841366212817,False,neither
LEJ150,-117.2177427,48.94714948,,False,BACKGROUND,0.9484992027282715,5.913560390472412,1.1708635091781616,0.1979963730588749,0.16039393192913676,False,neither
LEJ151,-117.30107593,48.85992225,,False,BACKGROUND,0.9185848832130432,7.280059337615967,1.0602011680603027,0.14563084157600995,0.1261782137498149,False,neither
LEJ152,-117.17107312,48.89464809,,False,BACKGROUND,0.6669657230377197,3.5048041343688965,0.7367074489593506,0.2101993209078453,0.19030042691895505,False,neither
LEJ153,-117.18662875,48.88214748,,False,BACKGROUND,0.6389444470405579,3.6501214504241943,0.6131488680839539,0.16798040186106616,0.1750474486174436,False,neither
LEJ154,-117.19024273,48.96881723,,False,BACKGROUND,0.7093132138252258,4.981634140014648,0.9434259533882141,0.18938081899877135,0.1423856497464786,False,neither
LEJ155,-117.32802106,48.860477,,False,BACKGROUND,0.9208021759986877,6.822481155395508,1.155137300491333,0.16931337356319429,0.1349658804510553,False,neither
LEJ156,-117.29274232,48.85686685,,False,BACKGROUND,0.9185848832130432,7.280059337615967,1.0602011680603027,0.14563084157600995,0.1261782137498149,False,neither
LEJ157,-117.19690636,48.86659126,,False,BACKGROUND,0.7462145090103149,4.210469722747803,0.6289915442466736,0.1493874996531708,0.1772283279888607,False,neither
LEJ159,-117.15607317,48.90853765,,False,BACKGROUND,0.7255998849868774,3.6509835720062256,0.7282455563545227,0.1994655801626491,0.19874093396376427,False,neither
LEJ160,-117.13885093,48.92103829,,False,BACKGROUND,0.6215080618858337,2.6206095218658447,0.655236005783081,0.25003191063602653,0.23716164377031146,False,neither
LEJ161,-117.30107731,48.92825792,,False,BACKGROUND,1.0148390531539917,4.904057025909424,1.0928385257720947,0.22284376384661542,0.20693867297878674,False,neither
LEJ162,-117.04690667,48.97687472,,False,BACKGROUND,0.7061083912849426,4.210700988769531,0.7997652292251587,0.18993636246274267,0.16769378618149863,False,neither
LEJ165,-117.0719075,48.98381914,,False,BACKGROUND,0.9899410605430603,5.728877067565918,0.8511381149291992,0.14856979908818854,0.17279844703731195,False,neither
LEJ166,-117.08579684,48.98770802,,False,BACKGROUND,0.9899410605430603,5.728877067565918,0.8511381149291992,0.14856979908818854,0.17279844703731195,False,neither
LEJ167,-117.20385384,48.95937229,,False,BACKGROUND,0.7831618189811707,5.073329448699951,1.0547401905059814,0.20789901408359363,0.15436841366212817,False,neither
LEJ168,-117.21385382,48.95076076,,False,BACKGROUND,0.7831618189811707,5.073329448699951,1.0547401905059814,0.20789901408359363,0.15436841366212817,False,neither
LEJ169,-117.2177427,48.94714948,,False,BACKGROUND,0.9484992027282715,5.913560390472412,1.1708635091781616,0.1979963730588749,0.16039393192913676,False,neither
LEJ170,-117.30107593,48.85992225,,False,BACKGROUND,0.9185848832130432,7.280059337615967,1.0602011680603027,0.14563084157600995,0.1261782137498149,False,neither
LEJ171,-117.17107312,48.89464809,,False,BACKGROUND,0.6669657230377197,3.5048041343688965,0.7367074489593506,0.2101993209078453,0.19030042691895505,False,neither
LEJ947,-117.19385098,48.87520271,,False,BACKGROUND,0.6389444470405579,3.6501214504241943,0.6131488680839539,0.16798040186106616,0.1750474486174436,False,neither
LEJ948,-117.09857298,48.94298399,,False,BACKGROUND,0.8058354258537292,3.467829704284668,0.6960365772247314,0.20071244454845785,0.23237456696852252,False,neither
LEJ949,-117.28302171,48.94242567,,False,BACKGROUND,1.0897012948989868,5.861320972442627,1.241711974143982,0.21184848602933873,0.18591394329406064,False,neither
LEJ950,-117.12857436,48.95937314,,False,BACKGROUND,0.8917917609214783,5.144927024841309,0.7292450070381165,0.14174059292135624,0.1733341904784325,False,neither
LEJ951,-117.03440619,48.97243026,,False,BACKGROUND,0.5148063898086548,2.4420652389526367,0.513302206993103,0.21019184860648943,0.21080779563016389,False,neither
LEJ952,-117.03357295,48.97465257,,False,BACKGROUND,0.5148063898086548,2.4420652389526367,0.513302206993103,0.21019184860648943,0.21080779563016389,False,neither
LEJ953,-117.04940668,48.97604133,,False,BACKGROUND,0.7061083912849426,4.210700988769531,0.7997652292251587,0.18993636246274267,0.16769378618149863,False,neither
LEJ954,-117.13718716,48.99909673,,False,BACKGROUND,0.8645923733711243,6.407521724700928,0.890481173992157,0.13897435112226955,0.1349339745565169,False,neither
LEJ955,-117.11913096,48.99104108,,False,BACKGROUND,0.9347561001777649,5.738326549530029,0.7771081924438477,0.135424184339508,0.16289698610029812,False,neither
LEJ956,-117.10135283,48.9907635,,False,BACKGROUND,0.9347561001777649,5.738326549530029,0.7771081924438477,0.135424184339508,0.16289698610029812,False,neither
LEJ957,-117.0844078,48.98493015,,False,BACKGROUND,0.9899410605430603,5.728877067565918,0.8511381149291992,0.14856979908818854,0.17279844703731195,False,neither
LEJ958,-117.0699628,48.97881898,,False,BACKGROUND,0.9899410605430603,5.728877067565918,0.8511381149291992,0.14856979908818854,0.17279844703731195,False,neither
LEJ959,-117.28052066,48.89686861,,False,BACKGROUND,1.1362165212631226,7.470813274383545,1.3207745552062988,0.17679126846003024,0.1520873939065058,False,neither
LEJ961,-117.0830146,48.88742654,,False,BACKGROUND,0.7894862294197083,4.921295166015625,0.5418457984924316,0.11010227596877112,0.16042245034834832,False,neither
LEJ962,-117.10246335,48.97604072,,False,BACKGROUND,0.9347561001777649,5.738326549530029,0.7771081924438477,0.135424184339508,0.16289698610029812,False,neither
LEJ963,-117.21496426,48.92659322,,False,BACKGROUND,0.9484992027282715,5.913560390472412,1.1708635091781616,0.1979963730588749,0.16039393192913676,False,neither
LEJ964,-117.23218658,48.91353701,,False,BACKGROUND,1.0044819116592407,6.897507667541504,1.2794930934906006,0.18550078595949623,0.14562969119790348,False,neither
LEJ970,-117.13551404,48.82992388,,False,BACKGROUND,0.9092295169830322,5.434238433837891,0.7435020804405212,0.13681808214576782,0.1673149840686868,False,neither
LEJ971,-117.11690409,48.87631466,,False,BACKGROUND,0.5884948968887329,3.295856237411499,0.47442105412483215,0.14394470509351864,0.17855599713624806,False,neither
LEJ977,-117.09690089,48.81575707,,False,BACKGROUND,1.0117559432983398,5.72019624710083,0.8337808847427368,0.1457608880403924,0.17687434129749108,False,neither
LEJ978,-117.06856686,48.82464657,,False,BACKGROUND,1.0939853191375732,5.507113456726074,0.8779123425483704,0.15941424658250655,0.19864949718830324,False,neither
LFP409,-117.10967803,48.78797815,,False,BACKGROUND,0.9267644882202148,4.4809956550598145,0.9044197201728821,0.2018345452202429,0.206821108423468,False,neither
LFP410,-117.14217988,48.80103387,,True,XENOTIME_Y,0.962965726852417,4.622489929199219,0.8252031803131104,0.17851919483923356,0.20832186583459733,False,stream_only
LFP411,-117.14745776,48.79797815,,False,BACKGROUND,0.962965726852417,4.622489929199219,0.8252031803131104,0.17851919483923356,0.20832186583459733,False,neither
LFP412,-117.18523695,48.79353318,,False,BACKGROUND,0.8511713147163391,3.8670144081115723,0.5952447652816772,0.15392876841448352,0.2201107171803899,False,neither
LFP413,-117.21607229,48.81908936,,True,XENOTIME_Y,0.8836719989776611,5.34661340713501,0.7962632179260254,0.14892851928725928,0.16527695789607838,False,stream_only
LFP414,-117.20329367,48.80770019,,False,BACKGROUND,0.9043321013450623,5.376542568206787,0.7565742135047913,0.14071760874333186,0.16819956131151398,False,neither
LFP415,-117.176349,48.83297914,,False,BACKGROUND,0.8739750981330872,4.779329299926758,0.6829540133476257,0.1428974591388988,0.18286563726556374,False,neither
LFP416,-117.14884763,48.82325683,,False,BACKGROUND,0.8577897548675537,4.984375,0.6764097809791565,0.13570603756321634,0.17209575019286344,False,neither
LFP417,-117.13273606,48.82714602,,True,XENOTIME_Y,0.9092295169830322,5.434238433837891,0.7435020804405212,0.13681808214576782,0.1673149840686868,False,stream_only
LFP418,-117.12940273,48.8307573,,True,XENOTIME_Y,0.9092295169830322,5.434238433837891,0.7435020804405212,0.13681808214576782,0.1673149840686868,False,stream_only
LFP419,-117.14745929,48.83964634,,True,XENOTIME_Y,0.9092295169830322,5.434238433837891,0.7435020804405212,0.13681808214576782,0.1673149840686868,False,stream_only
LFP420,-117.07718135,48.89326015,150.0,True,LREE_INDET,0.7894862294197083,4.921295166015625,0.5418457984924316,0.11010227596877112,0.16042245034834832,False,stream_only
LFP421,-117.08995911,48.88381522,,True,XENOTIME_Y,0.7894862294197083,4.921295166015625,0.5418457984924316,0.11010227596877112,0.16042245034834832,False,stream_only
LFP424,-117.14190397,48.85159128,,False,BACKGROUND,0.8518967032432556,4.7410888671875,0.5832688212394714,0.12302423295125389,0.1796837661363256,False,neither
LFP425,-117.1182922,48.85548055,,False,BACKGROUND,0.9465212821960449,5.929255962371826,0.6125439405441284,0.10330873627845509,0.15963576006885974,False,neither
LFP426,-117.11218098,48.85798071,,False,BACKGROUND,0.9465212821960449,5.929255962371826,0.6125439405441284,0.10330873627845509,0.15963576006885974,False,neither
LFP427,-117.08856973,48.87353708,,True,XENOTIME_Y,0.7894862294197083,4.921295166015625,0.5418457984924316,0.11010227596877112,0.16042245034834832,False,stream_only
LFP428,-117.08884714,48.86464785,,False,BACKGROUND,0.9914780855178833,6.096257209777832,0.6717580556869507,0.11019188209603639,0.1626371807160046,False,neither
LFP429,-117.04273405,48.85548132,,True,XENOTIME_Y,1.1268354654312134,5.99066162109375,0.6771851778030396,0.11304013156386589,0.18809866700925104,False,stream_only
LFP430,-117.04273402,48.85492574,,False,BACKGROUND,1.1268354654312134,5.99066162109375,0.6771851778030396,0.11304013156386589,0.18809866700925104,False,neither
LFP431,-117.09912324,48.81659042,,True,XENOTIME_Y,1.0117559432983398,5.72019624710083,0.8337808847427368,0.1457608880403924,0.17687434129749108,False,stream_only
LFP432,-117.10023436,48.81575704,,False,BACKGROUND,1.0117559432983398,5.72019624710083,0.8337808847427368,0.1457608880403924,0.17687434129749108,False,neither
LFQ534,-117.07023378,48.82881338,,False,BACKGROUND,1.0939853191375732,5.507113456726074,0.8779123425483704,0.15941424658250655,0.19864949718830324,False,neither
LFQ535,-117.07134492,48.82853557,,False,BACKGROUND,1.0939853191375732,5.507113456726074,0.8779123425483704,0.15941424658250655,0.19864949718830324,False,neither
LGK430,-117.21746026,48.78519925,,False,BACKGROUND,0.8285281658172607,4.4376702308654785,0.8557769656181335,0.192843749331782,0.18670341028374993,False,neither
LGK431,-117.20412611,48.77686573,,False,BACKGROUND,0.8285281658172607,4.4376702308654785,0.8557769656181335,0.192843749331782,0.18670341028374993,False,neither
LGK432,-117.19551461,48.77658803,,False,BACKGROUND,0.8863698840141296,4.0622687339782715,0.7932984232902527,0.19528457500972804,0.2181957773005548,False,neither
LGK433,-117.19718054,48.75019818,,False,BACKGROUND,0.8900392651557922,4.1329755783081055,0.9452676773071289,0.22871358888940935,0.21535071966724345,False,neither
LGK434,-117.18329115,48.7546429,,False,BACKGROUND,0.8900392651557922,4.1329755783081055,0.9452676773071289,0.22871358888940935,0.21535071966724345,False,neither
LGK435,-117.18356896,48.75519848,,False,BACKGROUND,0.8900392651557922,4.1329755783081055,0.9452676773071289,0.22871358888940935,0.21535071966724345,False,neither
LGQ238,-119.91869511,48.89487428,,False,BACKGROUND,1.2668215036392212,3.457397937774658,0.5326230525970459,0.15405315274176012,0.3664089371368707,False,neither
LGQ239,-119.96452958,48.87015109,,False,BACKGROUND,1.6682544946670532,4.507893085479736,0.909808337688446,0.20182562461807432,0.3700741040289147,False,neither
LGQ240,-119.96702966,48.87015108,,False,BACKGROUND,1.6682544946670532,4.507893085479736,0.909808337688446,0.20182562461807432,0.3700741040289147,False,neither
LGQ263,-117.31190821,48.79075291,,False,BACKGROUND,0.9188684821128845,7.322850227355957,1.0969960689544678,0.14980452076657552,0.12547962249456768,False,neither
LGQ264,-117.30190645,48.73852921,100.0,True,LREE_INDET,0.8506628274917603,4.741828441619873,1.0265544652938843,0.21648916191982673,0.17939553021896387,False,stream_only
LGQ265,-117.28829457,48.73380721,,False,BACKGROUND,0.8506628274917603,4.741828441619873,1.0265544652938843,0.21648916191982673,0.17939553021896387,False,neither
LGQ266,-117.2880181,48.76936397,,False,BACKGROUND,0.8929338455200195,7.0338053703308105,1.140576720237732,0.1621564231857739,0.12694889871228032,False,neither
LGQ267,-117.24134963,48.76464273,,False,BACKGROUND,0.9137155413627625,5.894323348999023,0.8714865446090698,0.14785183862657722,0.1550161888417489,False,neither
LGQ268,-117.2330157,48.75658697,,False,BACKGROUND,0.6988210082054138,3.335937261581421,0.5835381746292114,0.17492480489653503,0.20948265911755592,False,neither
LGQ269,-117.19551445,48.77131006,,False,BACKGROUND,0.8863698840141296,4.0622687339782715,0.7932984232902527,0.19528457500972804,0.2181957773005548,False,neither
LGQ270,-117.21718246,48.78492146,,False,BACKGROUND,0.8285281658172607,4.4376702308654785,0.8557769656181335,0.192843749331782,0.18670341028374993,False,neither
LGQ271,-117.22107159,48.78742151,,False,BACKGROUND,0.9043321013450623,5.376542568206787,0.7565742135047913,0.14071760874333186,0.16819956131151398,False,neither
LGQ272,-117.24135112,48.82186698,,False,BACKGROUND,0.8295504450798035,6.547951698303223,1.084092378616333,0.16556206101783782,0.126688540676738,False,neither
LGQ273,-117.22468343,48.80825555,,False,BACKGROUND,0.9043321013450623,5.376542568206787,0.7565742135047913,0.14071760874333186,0.16819956131151398,False,neither
LGQ274,-117.22940581,48.80714435,,False,BACKGROUND,1.0141805410385132,7.873178482055664,1.106550931930542,0.1405469130990188,0.12881462592903312,False,neither
LGQ275,-117.19551552,48.80575574,,False,BACKGROUND,0.8511713147163391,3.8670144081115723,0.5952447652816772,0.15392876841448352,0.2201107171803899,False,neither
LGQ276,-117.18857046,48.79492209,,False,BACKGROUND,0.8511713147163391,3.8670144081115723,0.5952447652816772,0.15392876841448352,0.2201107171803899,False,neither
LGQ277,-117.15884706,48.79631131,,False,BACKGROUND,0.9010960459709167,3.852829694747925,0.642021119594574,0.16663625710468338,0.23387902330571916,False,neither
LGQ278,-117.14745777,48.79825593,,False,BACKGROUND,0.962965726852417,4.622489929199219,0.8252031803131104,0.17851919483923356,0.20832186583459733,False,neither
LGQ279,-117.09551078,48.78825606,,False,BACKGROUND,0.9267644882202148,4.4809956550598145,0.9044197201728821,0.2018345452202429,0.206821108423468,False,neither
LGQ280,-117.14190234,48.80770078,,False,BACKGROUND,0.962965726852417,4.622489929199219,0.8252031803131104,0.17851919483923356,0.20832186583459733,False,neither
LGQ281,-117.17884852,48.81547849,,False,BACKGROUND,0.8739750981330872,4.779329299926758,0.6829540133476257,0.1428974591388988,0.18286563726556374,False,neither
LGQ282,-117.18773856,48.84075708,,False,BACKGROUND,0.8739750981330872,4.779329299926758,0.6829540133476257,0.1428974591388988,0.18286563726556374,False,neither
LGQ283,-117.3144074,48.74769583,,False,BACKGROUND,0.9003230333328247,5.8116655349731445,1.1045302152633667,0.1900539885883971,0.1549165257213972,False,neither
LGQ284,-117.11078922,48.7888115,,False,BACKGROUND,0.9267644882202148,4.4809956550598145,0.9044197201728821,0.2018345452202429,0.206821108423468,False,neither
LGQ285,-117.11134478,48.78825591,,False,BACKGROUND,0.9267644882202148,4.4809956550598145,0.9044197201728821,0.2018345452202429,0.206821108423468,False,neither
LGQ286,-117.06078806,48.80909051,,False,BACKGROUND,1.159376621246338,4.6655168533325195,1.096651554107666,0.23505467638046185,0.2484990747419999,False,neither
LGQ287,-117.07467799,48.81992411,,False,BACKGROUND,1.0939853191375732,5.507113456726074,0.8779123425483704,0.15941424658250655,0.19864949718830324,False,neither
LGQ288,-117.0510637,48.77214477,,False,BACKGROUND,1.1598193645477295,4.776242256164551,1.6810745000839233,0.35196592005236155,0.24283093326155847,False,neither
LGQ289,-117.05939693,48.76214432,,False,BACKGROUND,1.1598193645477295,4.776242256164551,1.6810745000839233,0.35196592005236155,0.24283093326155847,False,neither
LGQ290,-117.07412031,48.77297793,,False,BACKGROUND,1.087251901626587,4.687265396118164,1.2015254497528076,0.256338258710051,0.23195868160719307,False,neither
LGQ291,-117.07467591,48.77353349,,True,XENOTIME_Y,1.087251901626587,4.687265396118164,1.2015254497528076,0.256338258710051,0.23195868160719307,False,stream_only
LGQ292,-117.06884162,48.75797741,,True,XENOTIME_Y,1.118029236793518,5.0931901931762695,1.3530278205871582,0.26565428921148704,0.21951452712121886,False,stream_only
LGQ293,-117.05661803,48.74297702,,False,BACKGROUND,1.1550447940826416,5.180601596832275,1.5014996528625488,0.28983113732981397,0.22295572676132902,False,neither
LGQ294,-117.07495123,48.72714304,,False,BACKGROUND,0.867116391658783,5.04807710647583,1.0805672407150269,0.21405521705063532,0.17177162182139,False,neither
LGQ295,-117.06133903,48.71992075,,False,BACKGROUND,0.9535830616950989,5.244926929473877,1.0918446779251099,0.20817157085439772,0.18181055227603593,False,neither
LGQ296,-117.04355972,48.7088095,,False,BACKGROUND,0.9535830616950989,5.244926929473877,1.0918446779251099,0.20817157085439772,0.18181055227603593,False,neither
LGQ297,-117.07883925,48.71019806,,False,BACKGROUND,0.867116391658783,5.04807710647583,1.0805672407150269,0.21405521705063532,0.17177162182139,False,neither
LGQ298,-117.0788393,48.71103142,,False,BACKGROUND,0.867116391658783,5.04807710647583,1.0805672407150269,0.21405521705063532,0.17177162182139,False,neither
LGQ299,-117.07883933,48.71158699,100.0,True,LREE_INDET,0.867116391658783,5.04807710647583,1.0805672407150269,0.21405521705063532,0.17177162182139,False,stream_only
LGQ300,-117.06605972,48.69186432,150.0,True,LREE_INDET,0.7713306546211243,5.005256652832031,1.082785725593567,0.21632971108103205,0.15410411655608042,False,stream_only
LGQ301,-117.0852268,48.68380832,,False,BACKGROUND,0.7862114906311035,5.014636993408203,1.0865613222122192,0.2166779616631306,0.1567833308103034,False,neither
LGQ302,-117.10606165,48.69241946,,False,BACKGROUND,0.8279232978820801,4.982421875,1.2179051637649536,0.24444039351142935,0.16616884692890044,False,neither
LGQ303,-117.131618,48.68547452,,True,XENOTIME_Y,0.931110680103302,5.302354335784912,1.380703330039978,0.2603943913596622,0.17560325492005596,False,stream_only
LGQ304,-117.14328599,48.69825256,,False,BACKGROUND,0.931110680103302,5.302354335784912,1.380703330039978,0.2603943913596622,0.17560325492005596,False,neither
LGQ305,-117.04383751,48.7088095,,False,BACKGROUND,0.9535830616950989,5.244926929473877,1.0918446779251099,0.20817157085439772,0.18181055227603593,False,neither
LGQ306,-117.08467439,48.73492096,,False,BACKGROUND,1.118029236793518,5.0931901931762695,1.3530278205871582,0.26565428921148704,0.21951452712121886,False,neither
LGQ307,-117.08606331,48.73436537,,False,BACKGROUND,1.118029236793518,5.0931901931762695,1.3530278205871582,0.26565428921148704,0.21951452712121886,False,neither
LGQ308,-117.11745342,48.73047607,,False,BACKGROUND,0.8662765622138977,4.770091533660889,1.0476219654083252,0.21962303197236757,0.1816058572672837,False,neither
LGQ309,-117.11717554,48.72908714,,False,BACKGROUND,0.8662765622138977,4.770091533660889,1.0476219654083252,0.21962303197236757,0.1816058572672837,False,neither
LGQ310,-117.16967855,48.73825359,,False,BACKGROUND,0.9708268046379089,4.2384538650512695,0.8010083436965942,0.1889859767736094,0.22905211087538063,False,neither
LGQ311,-117.1696786,48.73908695,,False,BACKGROUND,0.9708268046379089,4.2384538650512695,0.8010083436965942,0.1889859767736094,0.22905211087538063,False,neither
LGQ312,-117.16884572,48.74714277,,False,BACKGROUND,0.9708268046379089,4.2384538650512695,0.8010083436965942,0.1889859767736094,0.22905211087538063,False,neither
LGQ313,-117.16884575,48.74769835,,False,BACKGROUND,0.9708268046379089,4.2384538650512695,0.8010083436965942,0.1889859767736094,0.22905211087538063,False,neither
LGQ314,-117.17439866,48.69964116,,False,BACKGROUND,0.9330562949180603,5.316262722015381,1.5332564115524292,0.28840869831413746,0.17550981652094522,False,neither
LGQ315,-117.17801202,48.73408671,,False,BACKGROUND,0.8900392651557922,4.1329755783081055,0.9452676773071289,0.22871358888940935,0.21535071966724345,False,neither
LGQ316,-117.17412274,48.73047552,,False,BACKGROUND,1.1513463258743286,5.112961292266846,1.3799834251403809,0.2698990558030533,0.22518189754647566,False,neither
LGQ317,-117.17245599,48.73047554,,False,BACKGROUND,1.1513463258743286,5.112961292266846,1.3799834251403809,0.2698990558030533,0.22518189754647566,False,neither
LGQ318,-117.17051125,48.72714211,,False,BACKGROUND,1.1513463258743286,5.112961292266846,1.3799834251403809,0.2698990558030533,0.22518189754647566,False,neither
LGQ319,-117.16912212,48.72408647,,False,BACKGROUND,1.1513463258743286,5.112961292266846,1.3799834251403809,0.2698990558030533,0.22518189754647566,False,neither
LGQ320,-117.16717732,48.71991968,,False,BACKGROUND,1.1513463258743286,5.112961292266846,1.3799834251403809,0.2698990558030533,0.22518189754647566,False,neither
LGQ321,-117.164955,48.71991971,,False,BACKGROUND,1.1513463258743286,5.112961292266846,1.3799834251403809,0.2698990558030533,0.22518189754647566,False,neither
LGQ322,-117.16106569,48.71603073,,False,BACKGROUND,1.1513463258743286,5.112961292266846,1.3799834251403809,0.2698990558030533,0.22518189754647566,False,neither
MBF144,-117.20162615,48.78158816,,False,BACKGROUND,0.8863698840141296,4.0622687339782715,0.7932984232902527,0.19528457500972804,0.2181957773005548,False,neither
MBF145,-117.20551455,48.76019846,,False,BACKGROUND,0.8285281658172607,4.4376702308654785,0.8557769656181335,0.192843749331782,0.18670341028374993,False,neither
MBF146,-117.20662572,48.76019845,,False,BACKGROUND,0.8285281658172607,4.4376702308654785,0.8557769656181335,0.192843749331782,0.18670341028374993,False,neither
MBF269,-117.17634681,48.76714342,,False,BACKGROUND,0.8863698840141296,4.0622687339782715,0.7932984232902527,0.19528457500972804,0.2181957773005548,False,neither
MBF270,-117.17579122,48.76714343,,False,BACKGROUND,0.8863698840141296,4.0622687339782715,0.7932984232902527,0.19528457500972804,0.2181957773005548,False,neither
MBF271,-117.20162612,48.78047701,,False,BACKGROUND,0.8863698840141296,4.0622687339782715,0.7932984232902527,0.19528457500972804,0.2181957773005548,False,neither
MBF272,-117.20384857,48.78519937,,False,BACKGROUND,0.8285281658172607,4.4376702308654785,0.8557769656181335,0.192843749331782,0.18670341028374993,False,neither
MBF273,-117.24107183,48.76436494,,False,BACKGROUND,0.9137155413627625,5.894323348999023,0.8714865446090698,0.14785183862657722,0.1550161888417489,False,neither
