lat,lon,Th,Ce,La,P,U,Au,As,Ti,Fe,Zr,Y,Cr,Nb,Hf,Sc,W,lab_id
46.0006,-114.1617,19.1,109.0,57.0,,3.7,-0.07,13.0,2764.0,2.472,248.0,,36.0,-20.0,12.1,8.4,-15.0,5033574
46.0114,-114.1169,21.5,147.0,77.0,,3.1,-0.09,-5.0,3331.0,2.173,242.0,,25.0,-20.0,12.8,6.1,21.0,5033575
46.0153,-114.105,38.5,222.0,125.0,,4.2,-0.07,6.0,3209.0,2.539,385.0,,25.0,-20.0,20.8,6.7,-15.0,5033576
46.0178,-114.0994,37.0,228.0,112.0,,4.9,-0.07,13.0,3579.0,3.006,460.0,,37.0,-20.0,23.1,7.4,-15.0,5033577
46.0172,-114.0969,19.1,122.0,69.0,,7.6,-0.08,-5.0,4193.0,3.113,258.0,,46.0,-20.0,12.9,9.4,-15.0,5033578
46.0133,-114.1056,9.0,69.0,32.0,,2.1,-0.08,6.0,2974.0,2.701,143.0,,-12.0,-20.0,7.0,7.9,-15.0,5033594
46.0064,-114.1119,15.8,99.0,54.0,,2.3,-0.08,5.0,3046.0,2.014,195.0,,21.0,-20.0,9.8,5.3,-15.0,5033595
46.0061,-114.1122,30.0,176.0,91.0,,5.9,-0.06,-5.0,2764.0,2.015,318.0,,28.0,-20.0,15.8,4.7,24.0,5033596
46.0042,-114.1144,205.0,1099.0,547.0,,28.1,-0.08,28.0,4892.0,2.764,597.0,,56.0,-20.0,27.3,8.8,24.0,5033597
46.0014,-114.1217,25.0,162.0,83.0,,4.2,-0.07,-5.0,2794.0,2.708,261.0,,31.0,-20.0,10.6,7.3,-15.0,5033598
46.0003,-114.0936,15.4,109.0,51.0,,6.7,-0.09,7.0,4427.0,2.946,203.0,,67.0,-20.0,9.7,10.8,-15.0,5033599
46.0361,-114.1567,31.1,155.0,80.0,,2.5,-0.07,14.0,1908.0,2.306,186.0,,30.0,-20.0,8.4,4.6,-15.0,5033600
46.0378,-114.1522,179.6,731.0,406.0,,9.2,-0.07,29.0,3596.0,3.355,821.0,,55.0,-20.0,38.8,7.0,25.0,5033601
46.0392,-114.1519,114.9,474.0,247.0,,8.6,-0.06,17.0,2617.0,1.881,523.0,,26.0,-20.0,26.2,4.6,-15.0,5033602
46.0433,-114.1658,83.4,364.0,206.0,,5.8,-0.06,11.0,2933.0,2.299,534.0,,45.0,-20.0,26.8,5.4,-15.0,5033603
46.0475,-114.1647,21.1,119.0,65.0,,9.6,-0.07,-5.0,3207.0,2.053,254.0,,26.0,30.0,13.4,5.7,-15.0,5033604
46.0517,-114.1628,20.0,96.0,59.0,,21.4,-0.1,9.0,3200.0,2.253,164.0,,45.0,37.0,6.6,7.5,-15.0,5033605
46.0578,-114.1031,27.9,182.0,96.0,,5.8,-0.1,10.0,5012.0,4.518,439.0,,57.0,22.0,22.1,15.8,-15.0,5033606
46.0586,-114.1031,23.3,138.0,71.0,,11.7,-0.07,16.0,3746.0,3.273,234.0,,74.0,23.0,10.5,10.6,-15.0,5033607
46.0556,-114.1153,16.4,100.0,42.0,,5.8,-0.09,9.0,2700.0,2.311,174.0,,37.0,23.0,7.6,7.2,-15.0,5033608
46.0531,-114.12,113.4,534.0,292.0,,7.9,-0.09,14.0,5465.0,5.345,1416.0,,60.0,-20.0,62.2,16.8,-15.0,5033609
46.0636,-114.1603,46.5,258.0,137.0,,13.9,-0.07,12.0,4363.0,2.854,593.0,,61.0,27.0,27.4,7.3,21.0,5033610
46.0694,-114.1397,30.4,204.0,107.0,,14.5,-0.08,12.0,4221.0,4.779,749.0,,41.0,-20.0,33.3,14.2,-15.0,5033611
45.8633,-114.1967,38.9,285.0,150.0,,20.1,-0.07,,3081.0,2.328,,,36.0,,33.4,7.0,,5035280
46.0728,-114.1589,22.1,198.0,110.0,,7.3,-0.09,-5.0,4874.0,3.472,750.0,,-16.0,33.0,32.3,9.5,-15.0,5033612
46.0608,-114.0172,44.3,418.0,243.0,,2.5,-0.08,8.0,3714.0,3.138,630.0,,36.0,-20.0,28.0,7.3,-15.0,5033613
46.0633,-114.0833,12.3,94.0,44.0,,2.5,-0.08,-5.0,4755.0,3.449,313.0,,27.0,23.0,13.6,9.8,-15.0,5033614
46.0617,-114.0792,15.5,115.0,72.0,,3.7,-0.08,8.0,4635.0,3.306,400.0,,37.0,-20.0,17.3,9.0,-15.0,5033615
46.0592,-114.0739,21.0,162.0,74.0,,2.6,-0.08,6.0,4261.0,2.964,634.0,,38.0,23.0,31.5,7.3,-15.0,5033616
46.0536,-114.0536,24.6,163.0,79.0,,2.6,-0.08,6.0,5723.0,3.622,392.0,,32.0,-20.0,18.6,9.8,-15.0,5033617
46.0506,-114.0511,43.4,299.0,161.0,,5.1,-0.1,12.0,5138.0,5.296,717.0,,53.0,-20.0,36.8,18.4,-15.0,5033618
46.0406,-114.0536,36.1,243.0,130.0,,3.4,-0.09,5.0,4820.0,3.965,681.0,,38.0,-20.0,30.6,11.4,18.0,5033619
46.03,-114.7417,25.4,140.0,78.0,,2.29,-0.06,-5.0,2153.0,1.463,177.0,,-10.0,-20.0,7.7,3.9,-15.0,5034152
46.0339,-114.7558,69.4,406.0,219.0,,8.92,-0.07,9.0,3543.0,2.433,257.0,,40.0,-20.0,13.2,6.6,-15.0,5034153
46.1339,-114.4925,31.3,181.0,101.0,,8.1,-0.07,-5.0,2170.0,1.37,102.0,,43.0,-20.0,5.2,4.0,-15.0,5033922
46.1328,-114.4914,33.0,191.0,95.0,,2.7,-0.05,-5.0,1809.0,0.8359,125.0,,30.0,-20.0,4.9,2.8,-15.0,5033923
46.1403,-114.4881,16.5,101.0,58.0,,6.6,-0.09,5.0,3634.0,2.49,118.0,,67.0,-20.0,4.2,7.7,18.0,5033924
46.1919,-114.1917,12.5,87.0,42.0,,2.9,-0.07,10.0,4336.0,2.359,184.0,,28.0,-20.0,7.9,9.6,-15.0,5033957
46.1986,-114.1922,23.7,153.0,85.0,,2.3,-0.05,-5.0,1717.0,1.176,208.0,,-7.0,-20.0,8.5,2.8,16.0,5033959
46.1597,-114.1983,181.7,1094.0,568.0,,16.8,0.58,27.0,-1763.0,2.037,322.0,,38.0,-20.0,15.4,4.2,21.0,5033960
46.1664,-114.2039,13.1,91.0,46.0,,5.7,-0.09,-5.0,2299.0,2.4,108.0,,27.0,-20.0,4.3,6.3,-15.0,5033961
46.1672,-114.2042,310.9,1869.0,991.0,,16.6,0.17,24.0,4302.0,1.721,646.0,,30.0,-20.0,30.3,3.7,33.0,5033962
46.1844,-114.1819,73.2,458.0,260.0,,7.6,-0.07,-5.0,2278.0,1.584,243.0,,20.0,-20.0,11.9,4.6,-15.0,5033963
46.1839,-114.1836,11.4,72.0,36.0,,4.3,-0.11,13.0,2663.0,1.927,126.0,,25.0,28.0,5.8,5.5,-15.0,5033964
46.1683,-114.1889,34.2,141.0,86.0,,13.2,-0.07,5.0,2241.0,1.852,183.0,,21.0,-20.0,8.3,6.1,-15.0,5033965
46.1508,-114.2042,260.9,1559.0,840.0,,15.8,0.14,22.0,2851.0,1.237,594.0,,39.0,-20.0,23.6,3.5,36.0,5033966
46.1492,-114.205,6.3,42.0,23.0,,2.5,-0.08,-5.0,1345.0,2.325,76.0,,37.0,-20.0,3.2,5.6,-15.0,5033967
46.1272,-114.2144,109.4,690.0,349.0,,5.7,-0.03,9.0,1855.0,0.9515,235.0,,-11.0,-20.0,10.4,2.7,25.0,5033968
46.1258,-114.2139,50.7,311.0,173.0,,3.8,-0.06,-5.0,2020.0,1.269,163.0,,20.0,-20.0,6.5,3.9,-15.0,5033969
46.1308,-114.2111,97.8,576.0,313.0,,7.3,0.09,12.0,2156.0,2.031,242.0,,32.0,23.0,10.0,3.8,22.0,5033970
46.14,-114.2164,40.9,239.0,134.0,,7.4,-0.06,-5.0,1976.0,1.436,153.0,,20.0,-20.0,6.8,4.7,-15.0,5033971
46.1444,-114.2164,47.1,298.0,148.0,,5.1,-0.07,-5.0,2717.0,1.651,213.0,,39.0,-20.0,9.9,3.7,15.0,5033972
46.1225,-114.2308,27.0,176.0,101.0,,5.8,-0.06,-5.0,2529.0,1.642,203.0,,30.0,-20.0,7.2,5.5,-15.0,5033973
46.1203,-114.2361,20.0,114.0,70.0,,10.3,-0.06,-5.0,2955.0,1.701,198.0,,33.0,-20.0,9.1,5.7,-15.0,5033974
46.1186,-114.2394,9.1,49.0,31.0,,3.3,-0.05,-5.0,2179.0,1.434,141.0,,20.0,-20.0,5.5,4.4,-15.0,5033975
46.11,-114.2406,103.6,688.0,341.0,,10.3,-0.08,12.0,2514.0,1.226,389.0,,43.0,-20.0,17.3,3.8,-15.0,5033976
46.1058,-114.2014,104.2,609.0,320.0,,6.1,-0.07,8.0,3292.0,2.175,268.0,,18.0,-20.0,12.2,3.9,-15.0,5033977
46.0778,-114.2261,24.0,152.0,92.0,,7.0,-0.06,-5.0,3201.0,1.654,220.0,,19.0,-20.0,11.2,5.5,-15.0,5033978
46.0853,-114.2206,23.6,151.0,84.0,,4.8,-0.07,6.0,3575.0,1.794,349.0,,18.0,26.0,13.6,6.7,17.0,5033979
46.0956,-114.2156,37.5,221.0,115.0,,3.3,-0.07,6.0,2539.0,1.364,234.0,,17.0,-20.0,9.9,3.5,-15.0,5033980
46.0933,-114.2158,44.4,251.0,136.0,,3.3,-0.06,8.0,2507.0,1.77,214.0,,19.0,-20.0,8.5,4.4,-15.0,5033981
46.0914,-114.2161,10.5,70.0,37.0,,1.8,-0.07,-5.0,4522.0,2.187,150.0,,23.0,-20.0,5.7,6.5,-15.0,5033982
46.0892,-114.2178,21.0,125.0,70.0,,2.8,-0.06,-5.0,3074.0,1.662,167.0,,24.0,-20.0,6.7,4.0,-15.0,5033983
46.0814,-114.2317,9.5,77.0,39.0,,3.6,-0.09,18.0,3861.0,1.841,149.0,,-13.0,29.0,6.8,8.3,-15.0,5033984
46.055,-114.1944,29.4,167.0,96.0,,4.0,-0.05,7.0,4070.0,1.633,276.0,,24.0,-20.0,13.0,4.8,-15.0,5033985
46.0544,-114.1939,19.0,118.0,64.0,,3.2,-0.06,-5.0,4427.0,2.173,247.0,,24.0,27.0,11.0,5.8,-15.0,5033986
46.0564,-114.1911,24.0,147.0,80.0,,4.2,-0.06,-5.0,3946.0,1.999,281.0,,20.0,-20.0,12.1,4.8,-15.0,5033987
46.0317,-114.1894,188.0,1042.0,547.0,,16.7,0.11,16.0,4419.0,1.835,700.0,,40.0,-20.0,31.8,4.7,-15.0,5033988
46.0364,-114.1939,12.2,94.0,55.0,,11.2,-0.1,90.0,2963.0,2.656,115.0,,-14.0,-20.0,4.7,8.9,-15.0,5033989
46.0331,-114.1992,88.8,523.0,285.0,,9.3,-0.06,8.0,3820.0,1.58,500.0,,24.0,22.0,19.6,4.7,-15.0,5033990
46.0353,-114.2125,49.6,305.0,155.0,,5.9,-0.08,9.0,4372.0,2.446,316.0,,40.0,-20.0,13.9,5.4,-15.0,5033991
46.0322,-114.2183,30.6,183.0,107.0,,5.7,-0.05,13.0,2604.0,1.409,292.0,,20.0,21.0,6.1,2.9,-15.0,5033992
46.0186,-114.2089,15.0,93.0,48.0,,2.6,-0.05,6.0,2737.0,1.604,243.0,,30.0,-20.0,9.0,4.9,-15.0,5033993
46.0219,-114.2097,14.7,88.0,44.0,,2.2,-0.04,6.0,2642.0,1.32,193.0,,20.0,-20.0,8.1,3.6,29.0,5033994
46.0239,-114.2111,106.7,604.0,321.0,,10.1,0.04,8.0,5015.0,1.995,621.0,,41.0,-20.0,28.9,4.6,32.0,5033995
46.0253,-114.2122,44.3,247.0,134.0,,4.7,0.19,6.0,3282.0,1.949,303.0,,32.0,26.0,14.5,5.7,-15.0,5033996
46.0264,-114.2131,28.8,171.0,88.0,,3.4,-0.06,5.0,3821.0,1.743,279.0,,29.0,24.0,12.2,4.7,-15.0,5033997
46.0342,-114.2417,48.7,301.0,178.0,,12.1,-0.07,-5.0,3371.0,1.876,252.0,,24.0,-20.0,11.6,5.8,-15.0,5033998
46.0331,-114.2406,33.7,223.0,121.0,,8.6,-0.06,-5.0,3016.0,1.169,212.0,,19.0,-20.0,10.7,3.7,-15.0,5033999
46.0331,-114.2375,57.1,346.0,200.0,,6.2,-0.06,9.0,4241.0,1.882,385.0,,34.0,21.0,17.6,5.1,-15.0,5034000
46.0328,-114.235,41.0,225.0,121.0,,5.0,-0.06,6.0,3434.0,2.311,337.0,,28.0,-20.0,13.4,5.6,-15.0,5034001
46.0342,-114.2292,28.3,157.0,91.0,,4.0,-0.05,6.0,2935.0,1.772,196.0,,20.0,-20.0,8.2,4.8,-15.0,5034002
46.0214,-114.1869,23.7,146.0,76.0,,4.8,-0.07,-5.0,2265.0,1.637,182.0,,54.0,-20.0,8.2,4.3,-15.0,5034003
46.0175,-114.1967,121.6,645.0,359.0,,10.6,-0.06,12.0,4093.0,2.255,491.0,,29.0,-20.0,25.8,5.1,22.0,5034004
46.0142,-114.2544,28.0,164.0,98.0,,5.6,-0.06,-5.0,2424.0,1.546,204.0,,34.0,-20.0,7.6,4.7,-15.0,5034005
46.1053,-114.2775,74.1,442.0,245.0,,3.9,-0.05,-5.0,1842.0,1.268,203.0,,33.0,-20.0,8.6,2.8,-15.0,5034006
46.1206,-114.3053,52.3,350.0,181.0,,4.0,-0.07,-5.0,2786.0,1.855,153.0,,29.0,-20.0,7.9,2.7,-15.0,5034007
46.1244,-114.35,10.3,69.0,41.0,,3.1,-0.07,-5.0,3052.0,1.898,127.0,,-11.0,-20.0,5.6,4.8,-15.0,5034008
46.1236,-114.3181,2.6,20.0,12.0,,0.5,-0.03,-5.0,-711.0,0.5696,72.0,,7.0,-20.0,3.2,1.8,-15.0,5034009
46.105,-114.2778,46.9,268.0,150.0,,6.9,0.22,6.0,2848.0,1.837,244.0,,34.0,-20.0,10.0,5.0,-15.0,5034010
46.0033,-114.1656,14.9,96.0,54.0,,2.5,-0.05,-5.0,1974.0,0.9027,143.0,,22.0,-20.0,4.9,2.9,24.0,5034011
46.0047,-114.1672,13.8,86.0,54.0,,6.2,-0.06,-5.0,2158.0,1.701,157.0,,22.0,-20.0,7.0,4.8,-15.0,5034012
46.0594,-114.2642,15.7,115.0,56.0,,3.3,-0.06,-5.0,3233.0,2.263,179.0,,19.0,-20.0,8.5,6.0,-15.0,5034013
46.0708,-114.2519,25.0,133.0,124.0,,16.8,-0.07,-5.0,3109.0,1.951,260.0,,26.0,23.0,11.5,6.7,-15.0,5034014
46.0761,-114.2522,31.0,214.0,119.0,,16.0,0.24,6.0,2999.0,1.496,230.0,,30.0,-20.0,11.9,5.2,-15.0,5034015
46.0819,-114.2583,61.5,432.0,255.0,,20.1,-0.07,12.0,3386.0,2.86,492.0,,32.0,-20.0,24.0,6.6,19.0,5034016
46.0858,-114.2581,7.1,45.0,26.0,,1.7,-0.04,-5.0,2523.0,1.287,138.0,,14.0,-20.0,5.5,3.7,-15.0,5034017
46.1275,-114.3581,10.6,77.0,43.0,,3.9,-0.07,10.0,2864.0,2.736,180.0,,23.0,-20.0,7.9,8.2,-15.0,5034018
46.1283,-114.3661,130.1,812.0,408.0,,8.9,-0.08,10.0,3624.0,1.568,251.0,,40.0,-20.0,12.7,3.8,25.0,5034019
46.1317,-114.3706,9.4,64.0,33.0,,2.8,-0.07,7.0,2986.0,2.408,153.0,,34.0,-20.0,5.8,6.9,16.0,5034020
46.1344,-114.3839,15.8,106.0,59.0,,1.2,-0.05,-5.0,1903.0,1.568,163.0,,16.0,-20.0,6.3,3.5,-15.0,5034021
46.1333,-114.3942,248.4,1410.0,790.0,,10.8,0.15,9.0,3305.0,2.199,460.0,,59.0,-20.0,19.6,4.6,29.0,5034022
46.1389,-114.4075,58.1,406.0,210.0,,3.5,-0.08,5.0,3548.0,1.734,232.0,,28.0,-20.0,9.1,3.0,20.0,5034023
46.1436,-114.4517,16.5,105.0,57.0,,4.3,-0.07,-5.0,2845.0,2.066,120.0,,21.0,-20.0,5.0,4.8,-15.0,5034024
46.14,-114.4456,20.0,121.0,64.0,,4.7,-0.06,-5.0,1841.0,1.455,103.0,,36.0,-20.0,5.0,4.2,-15.0,5034025
46.1153,-114.2531,16.8,117.0,65.0,,8.4,-0.07,-5.0,2843.0,2.103,182.0,,27.0,-20.0,7.7,6.1,19.0,5034026
46.1194,-114.2539,34.9,233.0,117.0,,6.8,-0.07,5.0,2354.0,1.408,181.0,,16.0,-20.0,7.6,3.8,-15.0,5034027
46.125,-114.2544,35.8,229.0,131.0,,13.6,-0.06,-5.0,2164.0,1.84,182.0,,34.0,-20.0,8.1,5.4,-15.0,5034028
46.0019,-114.0411,24.6,150.0,77.0,,5.6,-0.09,11.0,4851.0,3.446,308.0,,64.0,-20.0,15.9,12.1,-15.0,5034049
46.0017,-114.0533,32.3,252.0,138.0,,5.9,-0.08,11.0,5902.0,4.794,1047.0,,37.0,-20.0,45.6,13.8,-15.0,5034050
46.0175,-114.0178,35.7,211.0,104.0,,7.3,-0.09,7.0,4512.0,2.545,382.0,,37.0,-20.0,17.4,7.6,-15.0,5034051
46.0117,-114.0236,109.9,496.0,275.0,,8.3,-0.09,17.0,4258.0,3.597,601.0,,35.0,-20.0,31.9,10.4,21.0,5034052
46.0042,-114.0272,115.6,544.0,297.0,,10.1,-0.08,17.0,3900.0,2.58,636.0,,32.0,-20.0,32.2,7.1,-15.0,5034053
46.1122,-114.0081,16.1,86.0,51.0,,13.7,-0.06,-5.0,3162.0,1.735,226.0,,24.0,-20.0,10.9,6.4,-15.0,5034054
46.1158,-114.0014,20.6,124.0,56.0,,5.2,-0.09,22.0,4529.0,2.441,329.0,,29.0,-20.0,14.5,8.2,-15.0,5034055
46.1053,-114.0039,16.0,89.0,51.0,,3.4,-0.08,5.0,3222.0,2.139,221.0,,29.0,-20.0,9.4,8.4,-15.0,5034056
46.1058,-114.0056,21.2,127.0,59.0,,8.8,-0.09,53.0,4143.0,2.966,303.0,,42.0,-20.0,12.6,11.1,30.0,5034057
46.11,-114.0028,24.3,140.0,78.0,,8.7,-0.06,11.0,2774.0,2.807,305.0,,26.0,-20.0,18.0,8.2,-15.0,5034058
46.1131,-114.0117,14.1,94.0,51.0,,9.0,-0.11,10.0,3637.0,2.221,237.0,,39.0,-20.0,8.9,9.4,-15.0,5034059
46.1175,-114.0153,25.5,166.0,86.0,,21.4,-0.09,-5.0,3646.0,2.273,407.0,,44.0,-20.0,21.9,11.2,22.0,5034060
46.1214,-114.0172,26.0,169.0,94.0,,25.1,-0.09,7.0,4586.0,3.229,383.0,,48.0,-20.0,17.6,11.7,15.0,5034061
46.1233,-114.0228,92.7,517.0,253.0,,22.9,-0.09,15.0,8784.0,4.82,1035.0,,83.0,-20.0,45.4,16.0,22.0,5034062
46.0217,-114.0142,71.9,578.0,299.0,,4.9,-0.08,22.0,3422.0,3.001,1181.0,,36.0,-20.0,19.2,4.2,15.0,5034063
46.0317,-114.0136,46.1,359.0,211.0,,2.7,-0.07,10.0,2862.0,2.619,579.0,,30.0,-20.0,21.0,6.1,-15.0,5034064
46.035,-114.0075,38.8,247.0,139.0,,4.9,-0.08,-5.0,4317.0,3.04,790.0,,26.0,-20.0,33.0,8.0,32.0,5034065
46.0381,-114.0092,52.9,311.0,174.0,,5.2,-0.09,7.0,4598.0,4.039,972.0,,43.0,-20.0,48.0,13.1,-15.0,5034066
46.0408,-114.0097,38.1,294.0,157.0,,6.6,-0.1,7.0,5350.0,3.386,775.0,,34.0,-20.0,34.8,11.5,-15.0,5034067
46.0428,-114.0111,37.7,331.0,172.0,,6.1,-0.1,6.0,6397.0,4.671,1056.0,,-15.0,-20.0,42.6,20.5,-15.0,5034068
46.0525,-114.0153,15.4,134.0,68.0,,2.8,-0.09,6.0,6456.0,3.619,311.0,,30.0,-20.0,12.8,9.0,-15.0,5034069
46.0547,-114.0197,85.8,817.0,485.0,,9.1,-0.09,-5.0,5677.0,5.568,2183.0,,45.0,-20.0,96.1,10.4,-15.0,5034070
46.0525,-114.0297,52.1,442.0,220.0,,8.6,-0.1,10.0,7419.0,3.862,1371.0,,52.0,-20.0,67.0,13.9,-15.0,5034071
46.0461,-114.015,13.8,143.0,71.0,,3.7,-0.11,-5.0,6679.0,5.782,606.0,,32.0,-20.0,29.4,26.2,-15.0,5034072
46.0217,-114.1553,85.5,386.0,200.0,,4.7,-0.08,-5.0,3733.0,2.385,340.0,,33.0,-20.0,14.4,6.6,-15.0,5034073
46.0214,-114.1575,15.4,92.0,55.0,,2.5,-0.07,6.0,2826.0,2.606,190.0,,-10.0,-20.0,9.7,7.7,-15.0,5034074
46.0247,-114.1419,69.8,348.0,175.0,,6.0,-0.09,7.0,3051.0,1.8,519.0,,50.0,-20.0,26.1,4.9,-15.0,5034075
46.0358,-114.1244,23.0,130.0,63.0,,3.9,-0.1,8.0,4529.0,3.296,326.0,,49.0,-20.0,14.0,12.0,24.0,5034076
46.0353,-114.1169,23.4,135.0,68.0,,3.4,-0.09,6.0,5146.0,3.1,345.0,,47.0,-20.0,13.8,9.7,16.0,5034077
46.0369,-114.1125,59.6,271.0,148.0,,5.3,-0.09,15.0,6807.0,4.333,582.0,,81.0,-20.0,27.4,11.5,30.0,5034078
46.0358,-114.1081,31.6,168.0,65.0,,3.7,-0.11,8.0,5027.0,3.027,254.0,,66.0,-20.0,11.8,11.3,-15.0,5034079
46.0453,-114.0958,30.8,164.0,83.0,,3.8,-0.11,5.0,5603.0,4.238,433.0,,62.0,-20.0,22.0,16.0,25.0,5034080
46.0317,-114.1294,28.7,204.0,104.0,,4.4,-0.1,10.0,6106.0,4.16,397.0,,19.0,-20.0,20.2,11.0,-15.0,5034081
46.1081,-114.1661,15.3,106.0,59.0,,3.6,-0.07,-5.0,3259.0,2.926,301.0,,39.0,-20.0,14.5,8.2,-15.0,5034082
46.0975,-114.1622,5.7,29.0,19.0,,2.3,-0.12,8.0,3361.0,6.147,98.0,,322.0,-20.0,3.8,23.5,27.0,5034083
46.1022,-114.1517,14.2,95.0,42.0,,2.8,-0.09,7.0,5922.0,4.242,228.0,,161.0,-20.0,9.5,12.2,-15.0,5034084
46.1036,-114.1397,66.7,333.0,174.0,,20.0,-0.09,6.0,6748.0,3.033,1001.0,,50.0,-20.0,39.8,10.7,17.0,5034085
46.1028,-114.1389,15.0,96.0,46.0,,3.7,-0.08,-5.0,3748.0,2.806,177.0,,63.0,-20.0,7.4,9.9,-15.0,5034086
46.0967,-114.1444,17.6,123.0,54.0,,7.3,-0.11,8.0,5284.0,3.46,252.0,,51.0,-20.0,11.7,12.6,-15.0,5034087
46.1647,-114.1514,21.9,83.0,50.0,,7.0,-0.07,24.0,2296.0,2.886,164.0,,18.0,-20.0,8.0,7.9,-15.0,5034088
46.1597,-114.1375,28.1,136.0,69.0,,4.8,-0.07,-5.0,3132.0,2.681,257.0,,26.0,-20.0,12.6,7.4,-15.0,5034089
46.1536,-114.1256,47.4,195.0,106.0,,6.1,-0.06,13.0,3031.0,2.684,317.0,,42.0,-20.0,14.4,7.5,-15.0,5034090
46.1494,-114.1183,55.1,261.0,124.0,,8.1,-0.09,10.0,4216.0,2.948,409.0,,35.0,-20.0,18.9,9.9,17.0,5034091
46.1442,-114.1158,51.1,226.0,123.0,,17.1,-0.08,5.0,2804.0,2.809,332.0,,20.0,-20.0,16.5,7.7,21.0,5034092
46.1464,-114.105,21.9,108.0,56.0,,3.7,-0.07,5.0,3124.0,2.181,270.0,,36.0,-20.0,12.0,7.4,-15.0,5034093
46.1467,-114.0992,28.0,137.0,72.0,,5.6,-0.07,14.0,3629.0,2.738,320.0,,35.0,-20.0,14.4,9.0,-15.0,5034094
46.1411,-114.1003,13.3,80.0,36.0,,3.8,-0.09,11.0,3877.0,2.218,195.0,,38.0,-20.0,8.3,8.1,-15.0,5034095
46.1411,-114.105,14.7,78.0,38.0,,2.5,-0.06,-5.0,1830.0,1.915,118.0,,16.0,-20.0,4.7,5.6,-15.0,5034096
46.145,-114.0922,79.0,384.0,195.0,,13.7,-0.09,14.0,7176.0,3.209,961.0,,62.0,-20.0,43.6,10.2,18.0,5034097
46.1436,-114.0783,13.4,92.0,53.0,,10.0,-0.08,7.0,2183.0,2.214,214.0,,38.0,-20.0,9.0,8.0,-15.0,5034098
46.1419,-114.0747,31.0,155.0,74.0,,5.7,-0.09,-5.0,4955.0,3.227,359.0,,72.0,-20.0,15.8,11.5,25.0,5034099
46.1408,-114.075,18.1,84.0,47.0,,4.3,-0.09,8.0,4485.0,3.024,228.0,,36.0,-20.0,10.0,9.8,26.0,5034100
46.1364,-114.07,37.4,186.0,97.0,,14.3,-0.09,13.0,4194.0,2.802,539.0,,41.0,-20.0,22.4,8.0,18.0,5034101
46.1331,-114.0575,37.2,201.0,99.0,,10.4,-0.07,5.0,3494.0,2.634,446.0,,46.0,-20.0,19.9,8.6,17.0,5034102
46.1317,-114.0475,41.5,119.0,56.0,,6.8,-0.09,19.0,3422.0,4.454,281.0,,55.0,-20.0,15.4,18.1,-15.0,5034103
46.13,-114.0475,40.3,115.0,60.0,,10.8,-0.09,41.0,-1526.0,6.015,268.0,,39.0,-20.0,12.6,21.2,23.0,5034104
46.1269,-114.0322,38.9,149.0,80.0,,9.4,-0.09,60.0,3081.0,5.408,229.0,,37.0,-20.0,10.7,21.5,27.0,5034105
46.1256,-114.0317,33.7,170.0,96.0,,14.6,-0.08,-5.0,5472.0,3.753,443.0,,68.0,-20.0,19.1,12.8,-15.0,5034106
46.1281,-114.0406,26.5,147.0,66.0,,11.0,-0.09,8.0,5659.0,3.247,356.0,,74.0,-20.0,15.9,12.1,-15.0,5034107
46.1792,-114.0761,22.1,118.0,67.0,,17.6,-0.07,7.0,3332.0,2.112,257.0,,20.0,-20.0,12.4,6.9,-15.0,5034108
46.1808,-114.0839,11.2,71.0,42.0,,9.5,-0.08,-5.0,3069.0,2.176,148.0,,20.0,-20.0,6.2,6.5,-15.0,5034109
46.1819,-114.0892,15.3,84.0,46.0,,4.2,-0.07,-5.0,3227.0,2.186,212.0,,30.0,-20.0,9.3,7.9,-15.0,5034110
46.1828,-114.0967,45.9,271.0,148.0,,8.2,0.13,-5.0,3339.0,2.396,249.0,,32.0,-20.0,11.8,5.6,-15.0,5034111
46.1817,-114.1083,22.9,140.0,75.0,,6.3,-0.07,12.0,3430.0,2.485,271.0,,41.0,-20.0,10.9,7.4,21.0,5034112
46.1839,-114.125,,,,,3.0,,,,,,,,,,,,5034113
46.1772,-114.0669,14.5,106.0,55.0,,3.2,-0.08,13.0,6068.0,5.647,224.0,,35.0,-20.0,10.8,19.2,15.0,5034114
46.1756,-114.0583,23.2,131.0,66.0,,6.4,-0.09,8.0,3363.0,2.198,247.0,,53.0,-20.0,11.5,7.9,-15.0,5034115
46.1775,-114.0494,17.5,110.0,54.0,,3.7,-0.07,9.0,4921.0,2.958,183.0,,66.0,-20.0,7.6,9.9,15.0,5034116
46.175,-114.0542,26.9,191.0,95.0,,9.6,-0.06,7.0,3782.0,2.512,380.0,,45.0,-20.0,16.0,8.4,-15.0,5034117
46.1728,-114.0411,17.9,120.0,62.0,,3.9,-0.07,-5.0,2926.0,2.62,196.0,,34.0,-20.0,8.6,8.5,-15.0,5034118
46.17,-114.0444,21.4,118.0,57.0,,5.3,-0.07,-5.0,2076.0,1.647,144.0,,22.0,-20.0,5.8,4.8,-15.0,5034119
46.1711,-114.0347,23.0,160.0,85.0,,4.0,-0.06,-5.0,3293.0,2.324,181.0,,42.0,-20.0,8.5,7.7,-15.0,5034120
46.1678,-114.0367,15.8,96.0,50.0,,4.1,-0.07,12.0,3794.0,2.314,191.0,,57.0,-20.0,8.3,8.5,-15.0,5034121
46.1669,-114.0336,17.2,92.0,54.0,,3.5,-0.06,-5.0,3059.0,2.496,176.0,,44.0,-20.0,7.9,9.2,-15.0,5034122
46.1619,-114.0203,20.7,137.0,76.0,,19.2,-0.08,-5.0,3629.0,1.845,202.0,,35.0,-20.0,9.8,8.1,-15.0,5034123
46.165,-114.0153,17.2,136.0,72.0,,3.2,-0.05,8.0,3313.0,1.856,182.0,,47.0,-20.0,8.2,7.1,22.0,5034124
46.1614,-114.0136,14.6,88.0,45.0,,3.5,-0.07,10.0,2912.0,2.693,149.0,,41.0,-20.0,6.8,10.2,-15.0,5034125
46.1594,-114.0033,25.4,154.0,94.0,,31.1,-0.07,-5.0,2964.0,1.846,353.0,,22.0,-20.0,15.6,6.8,-15.0,5034126
46.16,-114.0019,15.3,110.0,46.0,,6.5,-0.08,7.0,4226.0,1.878,221.0,,90.0,-20.0,9.7,7.4,32.0,5034127
46.1678,-114.025,22.3,152.0,82.0,,4.2,-0.07,6.0,3674.0,3.047,203.0,,34.0,-20.0,8.4,9.9,-15.0,5034128
46.1017,-114.1556,51.1,370.0,191.0,,8.6,-0.09,14.0,7468.0,4.895,1352.0,,66.0,-20.0,68.9,14.4,-15.0,5034129
46.1247,-114.1503,16.8,90.0,54.0,,5.2,-0.08,5.0,3428.0,2.532,237.0,,29.0,-20.0,10.6,8.6,-15.0,5034130
46.1203,-114.0994,17.5,101.0,42.0,,4.0,-0.08,-5.0,3831.0,2.082,343.0,,39.0,-20.0,15.4,8.8,-15.0,5034131
46.1211,-114.0992,33.2,182.0,87.0,,5.4,-0.06,-5.0,5058.0,2.523,669.0,,36.0,-20.0,36.5,8.3,-15.0,5034132
46.1228,-114.1086,26.5,151.0,71.0,,3.9,-0.08,-5.0,5300.0,2.915,436.0,,45.0,-20.0,20.6,9.8,31.0,5034133
46.1103,-114.1044,21.3,138.0,67.0,,4.2,-0.08,6.0,5938.0,4.3,409.0,,47.0,-20.0,18.5,14.4,-15.0,5034134
46.1036,-114.1003,17.9,119.0,45.0,,3.2,-0.1,6.0,4446.0,2.56,320.0,,47.0,-20.0,14.3,10.4,-15.0,5034135
46.1028,-114.1006,16.3,92.0,48.0,,7.5,-0.09,7.0,5375.0,2.109,232.0,,43.0,-20.0,11.7,9.4,-15.0,5034136
46.1011,-114.0967,16.5,98.0,47.0,,2.7,-0.09,6.0,5685.0,4.007,231.0,,60.0,-20.0,9.7,15.1,-15.0,5034137
46.1153,-114.1128,11.4,69.0,38.0,,2.7,-0.07,6.0,3651.0,2.725,229.0,,40.0,-20.0,9.2,9.5,-15.0,5034138
46.1186,-114.1186,18.0,88.0,44.0,,3.7,-0.08,6.0,3686.0,3.071,153.0,,48.0,-20.0,7.8,11.5,-15.0,5034139
46.1244,-114.1244,45.8,246.0,127.0,,18.7,-0.09,5.0,3999.0,2.618,537.0,,55.0,-20.0,25.6,9.8,-15.0,5034140
46.0956,-114.0889,23.1,132.0,70.0,,4.1,-0.08,10.0,4830.0,3.755,259.0,,48.0,-20.0,13.2,14.9,-15.0,5034141
46.0933,-114.0878,32.7,214.0,127.0,,9.9,-0.06,8.0,4150.0,2.575,536.0,,31.0,-20.0,22.2,9.4,-15.0,5034142
46.0944,-114.0892,38.5,246.0,139.0,,15.4,-0.07,9.0,4193.0,2.662,549.0,,37.0,-20.0,27.1,9.4,-15.0,5034143
46.1047,-114.0864,19.8,106.0,55.0,,3.3,-0.08,8.0,3810.0,2.776,257.0,,42.0,-20.0,12.0,11.2,-15.0,5034144
46.105,-114.0803,16.3,125.0,52.0,,10.5,-0.1,-5.0,4392.0,2.545,347.0,,44.0,-20.0,16.1,8.2,-15.0,5034145
46.1044,-114.0772,15.5,88.0,45.0,,4.8,-0.1,-5.0,4120.0,2.812,230.0,,45.0,-20.0,11.2,9.9,-15.0,5034146
46.1044,-114.0756,17.3,82.0,46.0,,2.8,-0.07,-5.0,-1527.0,2.505,241.0,,34.0,28.0,10.6,8.2,-15.0,5034147
46.0358,-114.1586,58.5,261.0,144.0,,3.7,-0.06,12.0,1807.0,2.18,285.0,,28.0,-20.0,13.9,4.9,-15.0,5034148
46.0214,-114.7281,60.5,356.0,180.0,,5.21,-0.08,8.0,2911.0,1.717,250.0,,25.0,-20.0,12.2,3.9,16.0,5034151
46.0339,-114.765,35.4,236.0,122.0,,5.77,-0.1,5.0,3852.0,2.197,243.0,,37.0,-20.0,11.5,7.2,-15.0,5034162
46.0339,-114.7811,31.9,221.0,133.0,,5.05,-0.1,6.0,3554.0,2.769,285.0,,35.0,-20.0,11.7,7.7,-15.0,5034163
46.0203,-114.8225,62.9,434.0,235.0,,4.99,-0.1,7.0,3077.0,3.583,374.0,,30.0,-20.0,17.7,6.6,-15.0,5034164
46.0192,-114.8319,71.6,487.0,290.0,,13.57,-0.09,-5.0,3938.0,2.638,321.0,,40.0,23.0,13.6,6.6,17.0,5034165
46.0019,-114.8442,122.0,756.0,403.0,,13.92,-0.11,10.0,4521.0,2.705,923.0,,117.0,-20.0,40.7,8.5,16.0,5034166
46.0258,-114.935,22.5,120.0,61.0,,4.4,-0.11,7.0,5919.0,4.216,244.0,,137.0,-20.0,11.1,11.0,-15.0,5034167
46.0267,-114.9247,43.1,223.0,130.0,,12.15,-0.11,-5.0,4247.0,2.539,367.0,,76.0,-20.0,18.5,10.2,16.0,5034168
46.0142,-114.8775,35.6,234.0,126.0,,12.0,-0.1,-5.0,3695.0,3.02,253.0,,48.0,-20.0,13.4,7.5,19.0,5034169
46.0133,-114.8797,71.1,447.0,241.0,,17.14,-0.12,-5.0,4140.0,2.394,617.0,,79.0,-20.0,33.7,8.0,-15.0,5034170
46.0225,-114.7267,89.5,466.0,267.0,,11.89,-0.1,10.0,4741.0,2.61,839.0,,58.0,-20.0,39.2,9.3,-15.0,5034171
46.0122,-114.8794,34.1,203.0,124.0,,27.73,-0.15,-5.0,4945.0,2.782,334.0,,129.0,-20.0,16.9,10.9,24.0,5034182
46.0044,-114.8603,29.8,228.0,136.0,,2.88,-0.09,-5.0,3451.0,2.484,227.0,,39.0,-20.0,10.5,4.2,24.0,5034183
46.145,-115.0892,47.0,253.0,151.0,,32.68,-0.11,-5.0,3708.0,1.739,804.0,,24.0,-20.0,38.8,4.6,18.0,5034204
46.1444,-115.0936,34.8,188.0,121.0,,13.08,-0.11,-5.0,3503.0,2.478,526.0,,46.0,-20.0,28.9,8.2,-15.0,5034205
46.1431,-115.0939,42.6,262.0,147.0,,7.57,-0.12,-5.0,5152.0,3.665,568.0,,39.0,-20.0,33.2,8.2,31.0,5034206
46.1403,-115.0908,27.7,152.0,81.0,,4.81,-0.08,-5.0,3350.0,2.998,297.0,,58.0,-20.0,14.9,6.8,18.0,5034207
46.1383,-115.0894,24.7,163.0,82.0,,4.6,-0.08,-5.0,4796.0,3.828,433.0,,22.0,-20.0,20.9,6.3,-15.0,5034208
46.1328,-115.0808,24.2,152.0,88.0,,21.73,-0.09,-5.0,3907.0,2.82,235.0,,32.0,-20.0,13.8,5.9,-15.0,5034209
46.0992,-115.0706,130.1,743.0,379.0,,29.08,-0.12,5.0,5632.0,4.878,1823.0,,66.0,-20.0,108.9,7.0,26.0,5034210
46.0953,-115.0967,24.8,147.0,80.0,,6.76,-0.08,-5.0,3111.0,2.607,258.0,,65.0,-20.0,10.2,7.8,-15.0,5034211
46.0958,-115.0617,31.5,183.0,109.0,,6.61,-0.09,6.0,5220.0,3.151,369.0,,59.0,-20.0,18.8,8.3,-15.0,5034212
46.0981,-115.0528,42.2,191.0,111.0,,12.23,-0.07,6.0,3339.0,2.19,407.0,,40.0,-20.0,21.4,5.7,-15.0,5034213
46.1047,-115.0411,24.5,162.0,88.0,,7.23,-0.09,11.0,3874.0,2.745,370.0,,64.0,-20.0,18.5,7.7,-15.0,5034214
46.1011,-115.0217,38.0,162.0,101.0,,16.92,-0.08,9.0,3638.0,2.572,503.0,,21.0,-20.0,28.3,6.1,15.0,5034215
46.1094,-115.0092,60.1,374.0,200.0,,11.35,-0.1,7.0,11170.0,5.025,642.0,,108.0,-20.0,27.3,15.1,-15.0,5034216
46.1217,-114.9653,37.4,306.0,161.0,,7.93,-0.08,10.0,2753.0,4.054,291.0,,-14.0,-20.0,14.2,5.1,-15.0,5034217
46.1214,-114.9497,31.2,243.0,113.0,,5.79,-0.08,9.0,3767.0,2.554,435.0,,21.0,-20.0,20.8,4.0,-15.0,5034218
46.1211,-114.9294,22.4,148.0,88.0,,16.66,-0.09,5.0,6152.0,4.136,409.0,,119.0,-20.0,20.0,14.3,-15.0,5034219
46.1219,-114.9389,48.2,454.0,272.0,,17.84,-0.1,5.0,7463.0,3.485,1576.0,,-17.0,-20.0,70.8,7.1,-15.0,5034220
46.1144,-114.9075,39.5,193.0,112.0,,24.33,-0.08,7.0,4752.0,2.884,578.0,,51.0,-20.0,31.6,7.2,-15.0,5034221
46.1219,-115.0761,22.8,133.0,76.0,,16.63,-0.11,-5.0,2729.0,2.16,339.0,,32.0,-20.0,15.5,5.0,-15.0,5034222
46.11,-114.9014,21.7,152.0,97.0,,28.16,-0.11,-5.0,5499.0,3.942,252.0,,163.0,-20.0,12.8,11.6,-15.0,5034223
46.1069,-114.8975,25.3,169.0,91.0,,12.01,-0.1,-5.0,8376.0,4.418,468.0,,146.0,-20.0,25.0,13.9,-15.0,5034224
46.0881,-114.8889,30.7,204.0,114.0,,9.3,-0.09,7.0,11930.0,5.517,437.0,,104.0,-20.0,22.6,18.9,-15.0,5034225
46.0794,-114.8753,32.1,195.0,102.0,,10.67,-0.1,10.0,4683.0,3.172,299.0,,208.0,-20.0,12.8,12.3,-15.0,5034226
46.0772,-114.8761,47.4,296.0,169.0,,17.15,-0.12,9.0,5741.0,3.685,477.0,,106.0,-20.0,25.2,11.1,-15.0,5034227
46.0706,-114.8619,34.5,187.0,102.0,,11.86,-0.09,-5.0,4020.0,3.001,273.0,,81.0,-20.0,12.6,10.2,-15.0,5034228
46.0639,-114.8561,47.5,294.0,174.0,,10.75,-0.08,-5.0,3868.0,3.024,345.0,,54.0,-20.0,16.9,7.6,-15.0,5034229
46.0617,-114.8556,62.2,392.0,219.0,,19.72,-0.1,9.0,4292.0,2.564,235.0,,90.0,-20.0,11.3,6.7,-15.0,5034230
46.0458,-114.8417,128.9,759.0,428.0,,16.51,-0.09,13.0,5963.0,4.269,1325.0,,91.0,-20.0,68.4,11.7,-15.0,5034231
46.0453,-114.8383,42.3,261.0,147.0,,10.18,-0.08,-5.0,3426.0,2.762,213.0,,48.0,-20.0,11.4,6.8,-15.0,5034232
46.0411,-114.8381,16.1,114.0,66.0,,4.49,-0.07,5.0,4209.0,2.552,392.0,,39.0,-20.0,17.2,7.9,-15.0,5034233
46.0181,-115.91,10.3,98.0,43.0,,3.8,-0.1,11.0,13640.0,6.059,300.0,,69.0,34.0,13.0,22.1,-15.0,5034401
46.0094,-115.9506,10.4,74.0,41.0,,3.8,-0.1,12.0,8395.0,4.928,271.0,,47.0,-20.0,11.6,19.5,-15.0,5034402
46.0106,-115.9497,10.5,77.0,39.0,,3.14,-0.09,-5.0,13760.0,6.845,214.0,,63.0,-20.0,9.6,23.9,21.0,5034403
46.0042,-115.8775,10.2,108.0,38.0,,3.14,-0.13,6.0,27160.0,9.216,222.0,,87.0,-20.0,11.5,27.9,24.0,5034404
46.03,-115.8861,28.6,190.0,95.0,,5.85,-0.09,-5.0,14250.0,6.172,626.0,,62.0,-20.0,28.9,21.6,-15.0,5034405
46.1311,-115.9475,23.9,146.0,78.0,,4.23,-0.12,10.0,9720.0,4.805,282.0,,73.0,-20.0,14.4,16.5,-15.0,5034406
46.1203,-115.9417,8.0,67.0,43.0,,2.35,-0.11,6.0,14210.0,9.363,167.0,,123.0,-20.0,6.6,30.9,-15.0,5034407
46.0872,-115.9167,52.6,338.0,158.0,,7.7,-0.09,9.0,12300.0,3.576,605.0,,52.0,-20.0,27.5,13.0,18.0,5034408
46.0631,-115.8778,9.9,85.0,39.0,,3.33,-0.1,10.0,9651.0,5.529,220.0,,46.0,-20.0,9.5,19.2,-15.0,5034409
46.0564,-115.8764,23.6,156.0,78.0,,4.63,-0.08,8.0,7617.0,3.911,381.0,,40.0,-20.0,18.4,13.8,-15.0,5034410
46.055,-115.8772,42.9,250.0,131.0,,6.33,-0.08,-5.0,9272.0,3.465,506.0,,50.0,-20.0,25.4,12.2,15.0,5034411
46.1372,-115.9386,8.5,90.0,30.0,,2.57,-0.12,7.0,9264.0,5.44,169.0,,49.0,-20.0,7.7,19.6,21.0,5034412
46.0256,-115.9772,10.0,81.0,43.0,,2.69,-0.11,-5.0,7477.0,4.548,165.0,,108.0,-20.0,7.1,17.0,-15.0,5034413
46.1442,-115.9619,9.4,73.0,41.0,,2.94,-0.09,10.0,11120.0,5.916,241.0,,46.0,-20.0,10.8,17.5,-15.0,5034414
46.1572,-115.9672,10.0,64.0,35.0,,2.6,-0.11,-5.0,11000.0,6.1,173.0,,44.0,-20.0,7.8,20.4,-15.0,5034415
46.0061,-115.9614,15.5,120.0,48.0,,2.86,-0.11,-5.0,10580.0,5.905,209.0,,75.0,-20.0,9.1,21.7,23.0,5034416
46.0328,-115.9597,11.7,80.0,37.0,,3.08,-0.09,8.0,5961.0,3.614,227.0,,42.0,-20.0,8.6,13.5,19.0,5034417
46.0353,-115.9939,17.1,86.0,45.0,,4.13,-0.1,-5.0,12240.0,4.08,330.0,,72.0,-20.0,13.8,16.8,-15.0,5034418
46.0808,-115.9783,12.3,75.0,39.0,,3.21,-0.09,6.0,10700.0,5.957,214.0,,44.0,-20.0,10.0,21.2,-15.0,5034419
46.0664,-115.9747,16.3,140.0,54.0,,4.36,-0.13,17.0,11140.0,6.711,312.0,,60.0,-20.0,12.7,25.3,-15.0,5034420
46.0514,-115.9825,8.4,66.0,32.0,,2.28,-0.1,13.0,14390.0,8.395,173.0,,76.0,-20.0,8.3,30.4,18.0,5034421
46.1425,-115.9411,12.8,96.0,52.0,,3.56,-0.11,14.0,10110.0,6.121,227.0,,87.0,-20.0,10.3,23.0,24.0,5034422
46.1439,-115.8831,20.0,142.0,73.0,,4.15,-0.08,7.0,7057.0,4.4,335.0,,43.0,-20.0,14.2,14.8,23.0,5034423
46.1544,-115.8128,8.2,73.0,34.0,,3.07,-0.09,7.0,7843.0,5.343,360.0,,100.0,-20.0,15.6,24.9,-15.0,5034430
46.1475,-115.8167,5.7,52.0,29.0,,2.37,-0.09,12.0,5710.0,4.465,209.0,,73.0,-20.0,9.7,20.2,-15.0,5034431
46.1567,-115.8472,7.1,73.0,29.0,,2.49,-0.11,11.0,7607.0,4.411,187.0,,55.0,-20.0,9.5,17.1,15.0,5034432
46.1572,-115.8492,11.0,100.0,49.0,,3.11,-0.11,11.0,13610.0,7.359,228.0,,64.0,-20.0,10.4,23.4,20.0,5034433
46.1744,-115.8222,7.2,73.0,35.0,,3.22,-0.09,18.0,8657.0,4.877,316.0,,96.0,-20.0,14.8,19.6,22.0,5034434
46.1925,-115.8028,13.6,84.0,55.0,,3.69,-0.09,-5.0,8261.0,5.048,442.0,,97.0,-20.0,18.9,19.2,24.0,5034435
46.1869,-115.5639,39.5,248.0,124.0,,5.95,-0.08,5.0,5640.0,3.611,622.0,,64.0,-20.0,34.0,13.5,-15.0,5034454
46.135,-115.5883,11.9,90.0,34.0,,3.58,-0.1,16.0,7701.0,3.74,227.0,,114.0,-20.0,11.3,15.3,-15.0,5034455
46.0958,-115.6358,15.6,114.0,64.0,,3.82,-0.11,-5.0,12340.0,6.884,329.0,,54.0,-20.0,14.5,23.9,-15.0,5034456
46.0664,-115.645,26.1,175.0,79.0,,3.87,-0.1,7.0,7449.0,3.831,629.0,,95.0,-20.0,28.9,11.5,-15.0,5034457
46.1203,-115.5986,20.7,174.0,103.0,,4.77,-0.08,-5.0,16470.0,3.834,737.0,,58.0,-20.0,40.3,11.9,-15.0,5034458
46.1156,-115.5728,21.3,207.0,95.0,,4.71,-0.09,13.0,20500.0,4.755,679.0,,88.0,-20.0,31.6,12.8,-15.0,5034459
46.1031,-115.5547,16.6,94.0,50.0,,4.51,-0.07,-5.0,5232.0,2.68,358.0,,56.0,-20.0,17.9,9.5,-15.0,5034461
46.0922,-115.5275,14.9,84.0,47.0,,4.2,-0.07,7.0,4289.0,2.445,380.0,,71.0,-20.0,18.0,9.7,-15.0,5034462
46.0853,-115.5172,42.4,346.0,159.0,,7.65,-0.1,9.0,18430.0,4.303,835.0,,77.0,-20.0,44.0,15.6,-15.0,5034463
46.0606,-115.5186,42.1,326.0,173.0,,7.35,-0.09,-5.0,14800.0,4.596,973.0,,68.0,-20.0,43.7,15.9,-15.0,5034464
46.02,-115.5064,35.9,235.0,125.0,,5.42,-0.1,23.0,15600.0,5.32,627.0,,102.0,-20.0,34.3,17.9,-15.0,5034465
46.0189,-115.5067,42.0,304.0,152.0,,7.0,-0.08,9.0,11880.0,3.968,713.0,,59.0,-20.0,38.3,14.7,-15.0,5034466
46.025,-115.5117,10.2,122.0,50.0,,2.78,-0.14,10.0,8125.0,3.676,250.0,,75.0,-20.0,11.5,13.5,-15.0,5034467
46.0194,-115.6039,42.8,253.0,136.0,,6.9,-0.1,-5.0,9302.0,3.609,599.0,,59.0,-20.0,30.9,12.4,-15.0,5034468
46.0353,-115.5142,25.2,212.0,102.0,,5.16,-0.1,8.0,10240.0,3.999,516.0,,60.0,-20.0,29.1,13.0,-15.0,5034469
46.0617,-115.5183,27.2,153.0,83.0,,7.42,-0.08,12.0,7572.0,3.699,349.0,,92.0,-20.0,16.1,16.0,-15.0,5034470
46.0533,-115.5192,19.2,216.0,91.0,,4.8,-0.1,-5.0,16950.0,4.727,682.0,,71.0,-20.0,31.8,15.4,-15.0,5034471
46.0447,-115.5186,30.3,212.0,105.0,,6.12,-0.1,10.0,14530.0,5.553,828.0,,96.0,-20.0,43.7,18.9,-15.0,5034472
46.0494,-115.2294,65.2,381.0,181.0,,10.66,-0.1,5.0,4774.0,3.447,409.0,,71.0,-20.0,21.8,10.4,-15.0,5034473
46.0322,-115.57,23.6,294.0,152.0,,5.17,-0.1,5.0,14380.0,5.002,1094.0,,106.0,-20.0,50.5,20.9,-15.0,5034474
46.0317,-115.5739,37.4,530.0,261.0,,6.43,-0.12,15.0,25980.0,5.474,1359.0,,102.0,-20.0,66.0,18.6,-15.0,5034475
46.0186,-115.605,86.4,496.0,254.0,,12.39,-0.1,21.0,9639.0,3.837,597.0,,57.0,-20.0,29.3,11.9,-15.0,5034476
46.0775,-115.8492,10.4,85.0,47.0,,3.48,-0.1,5.0,10670.0,6.611,259.0,,55.0,-20.0,11.2,21.8,-15.0,5034496
46.0378,-115.8472,16.6,110.0,57.0,,4.07,-0.08,-5.0,8520.0,3.392,299.0,,44.0,-20.0,14.4,11.8,-15.0,5034497
46.0064,-115.8211,11.2,83.0,52.0,,3.78,-0.09,5.0,4770.0,3.149,219.0,,54.0,-20.0,9.9,9.5,-15.0,5034498
46.0097,-115.8039,60.0,357.0,192.0,,7.14,-0.1,11.0,7840.0,3.051,259.0,,35.0,-20.0,14.3,7.8,-15.0,5034499
46.0636,-115.7394,35.7,226.0,113.0,,5.03,-0.1,11.0,12770.0,5.418,507.0,,69.0,25.0,26.4,19.6,-15.0,5034500
46.0664,-115.7267,19.5,132.0,66.0,,4.35,-0.09,13.0,8768.0,4.132,515.0,,81.0,-20.0,24.7,14.4,17.0,5034501
46.0639,-115.7264,17.4,132.0,63.0,,3.84,-0.1,-5.0,10180.0,3.522,485.0,,72.0,-20.0,21.1,11.6,-15.0,5034502
46.0969,-115.0719,25.2,140.0,96.0,,14.58,-0.1,6.0,2685.0,2.838,258.0,,42.0,24.0,14.4,5.7,-15.0,5034503
46.1261,-115.8675,9.8,93.0,38.0,,3.07,-0.1,6.0,11430.0,8.134,192.0,,52.0,-20.0,8.2,25.7,15.0,5034515
46.1206,-115.7672,34.9,235.0,114.0,,6.92,-0.08,6.0,14880.0,4.755,479.0,,99.0,25.0,26.7,16.9,15.0,5034516
46.1194,-115.7719,92.9,589.0,318.0,,12.8,-0.08,18.0,9203.0,4.679,901.0,,64.0,-20.0,43.4,12.5,-15.0,5034517
46.1189,-115.7764,50.1,297.0,154.0,,6.67,-0.07,6.0,5633.0,2.943,528.0,,43.0,-20.0,24.6,8.8,-15.0,5034518
46.1378,-115.7472,8.1,62.0,30.0,,3.19,-0.09,-5.0,7443.0,4.663,200.0,,97.0,-20.0,9.0,20.5,-15.0,5034529
46.1775,-115.7319,45.3,244.0,109.0,,7.38,-0.1,12.0,11000.0,4.297,469.0,,64.0,-20.0,24.7,12.5,-15.0,5034530
46.1844,-115.6889,43.7,303.0,158.0,,7.88,-0.09,7.0,16440.0,5.237,1096.0,,70.0,24.0,61.3,19.5,-15.0,5034531
46.1525,-115.7264,37.6,212.0,102.0,,6.07,-0.09,13.0,8173.0,4.772,461.0,,67.0,-20.0,22.0,14.3,-15.0,5034532
46.1361,-115.6739,50.1,296.0,142.0,,7.44,-0.08,7.0,8173.0,4.337,465.0,,59.0,-20.0,22.4,13.9,-15.0,5034533
46.16,-115.5906,28.4,204.0,119.0,,7.26,-0.19,6.0,14200.0,4.58,1613.0,,73.0,-20.0,79.9,20.6,19.0,5034570
46.1367,-115.6425,15.1,98.0,46.0,,3.86,-0.22,-5.0,8210.0,3.534,256.0,,106.0,-20.0,12.5,15.1,-15.0,5034571
46.0769,-115.8461,16.6,118.0,73.0,,4.19,-0.19,-5.0,7513.0,4.831,290.0,,40.0,-20.0,13.5,16.2,19.0,5034575
46.0764,-115.8214,24.7,149.0,72.0,,4.86,-0.19,-5.0,9060.0,4.061,401.0,,31.0,-20.0,19.1,14.5,-15.0,5034576
46.0528,-115.7786,35.7,207.0,121.0,,6.45,-0.19,11.0,11220.0,4.079,915.0,,68.0,-20.0,45.6,14.4,-15.0,5034577
46.0503,-115.7808,28.6,176.0,81.0,,4.64,-0.22,5.0,7371.0,2.986,375.0,,48.0,-20.0,17.3,10.4,-15.0,5034578
46.0475,-115.79,25.9,160.0,94.0,,4.51,-0.2,5.0,10870.0,3.841,479.0,,66.0,-20.0,22.6,13.4,-15.0,5034579
46.0058,-115.7558,44.9,248.0,137.0,,6.92,-0.18,9.0,9564.0,3.071,509.0,,53.0,-20.0,23.4,10.5,17.0,5034580
46.1386,-115.8708,15.3,78.0,-42.0,,2.84,-0.32,9.0,10160.0,5.849,212.0,,-25.0,-20.0,8.8,18.6,-15.0,5034581
46.15,-115.7306,33.3,206.0,113.0,,6.92,-0.19,18.0,10140.0,4.443,705.0,,81.0,-20.0,32.8,12.7,-15.0,5034582
46.1372,-115.6881,29.1,186.0,111.0,,5.42,-0.2,-5.0,10070.0,5.261,332.0,,36.0,-20.0,15.5,17.5,-15.0,5034583
46.1467,-115.7197,30.2,169.0,101.0,,6.38,-0.17,36.0,12240.0,4.014,414.0,,61.0,-20.0,22.5,14.7,-15.0,5034584
46.1658,-115.5883,34.5,267.0,115.0,,7.0,-0.2,-5.0,11580.0,4.411,877.0,,72.0,-20.0,55.2,19.2,-15.0,5034585
46.1378,-115.6561,45.9,251.0,143.0,,8.3,-0.18,-5.0,9943.0,3.992,802.0,,71.0,-20.0,39.1,14.3,16.0,5034586
46.1478,-115.5953,20.8,190.0,101.0,,4.89,-0.21,14.0,18750.0,5.876,503.0,,501.0,-20.0,27.2,21.9,-15.0,5034587
46.0367,-115.7919,48.4,270.0,164.0,,6.95,-0.19,11.0,8480.0,3.177,519.0,,61.0,-20.0,25.5,10.6,-15.0,5034593
46.0383,-115.8456,37.1,214.0,127.0,,5.13,-0.22,15.0,8571.0,3.116,355.0,,47.0,-20.0,17.8,10.0,-15.0,5034594
46.0244,-115.8719,10.5,81.0,48.0,,3.52,-0.2,6.0,11400.0,5.5,283.0,,53.0,-20.0,11.5,21.0,17.0,5034595
46.02,-115.7961,80.9,469.0,250.0,,9.73,-0.19,10.0,7701.0,2.28,426.0,,25.0,-20.0,20.9,7.0,21.0,5034596
46.1917,-115.5503,83.2,487.0,229.0,,10.73,-0.19,12.0,7193.0,2.748,617.0,,70.0,-20.0,33.5,10.1,-15.0,5034636
46.1708,-115.5669,44.1,245.0,140.0,,7.91,-0.19,5.0,4981.0,3.388,357.0,,74.0,-20.0,20.7,11.9,-15.0,5034637
46.1669,-115.5758,21.9,121.0,72.0,,5.25,-0.16,-5.0,3864.0,2.457,376.0,,83.0,-20.0,17.1,13.1,-15.0,5034638
46.1486,-115.5869,42.4,246.0,128.0,,7.3,-0.15,-5.0,4544.0,2.699,440.0,,53.0,-20.0,19.9,9.3,-15.0,5034639
46.1903,-115.6669,19.8,180.0,68.0,,3.91,-0.23,-5.0,9853.0,4.163,613.0,,74.0,-20.0,29.8,16.1,-15.0,5034640
46.1919,-115.6628,22.6,124.0,69.0,,4.62,-0.21,28.0,5676.0,3.597,391.0,,80.0,-20.0,16.8,13.7,-15.0,5034641
46.1817,-115.6353,25.9,155.0,84.0,,5.34,-0.21,21.0,4608.0,3.201,457.0,,53.0,-20.0,22.5,11.7,-15.0,5034642
46.1819,-115.6369,15.8,135.0,65.0,,3.46,-0.2,9.0,7596.0,4.008,390.0,,73.0,-20.0,24.0,16.2,-15.0,5034643
46.0417,-115.2947,26.0,277.0,140.0,,6.18,-0.17,15.0,21530.0,3.943,510.0,,47.0,-20.0,21.5,16.2,-15.0,5034668
46.0947,-115.2917,144.1,813.0,424.0,,13.23,-0.18,15.0,8587.0,4.403,634.0,,80.0,-20.0,39.5,11.8,23.0,5034669
46.1097,-115.2942,57.4,335.0,170.0,,6.76,-0.17,7.0,5861.0,4.016,575.0,,64.0,-20.0,31.9,12.6,-15.0,5034670
46.0997,-115.2964,32.2,198.0,98.0,,5.94,-0.21,13.0,4499.0,2.682,379.0,,68.0,-20.0,20.1,10.3,18.0,5034671
46.0783,-115.3911,41.4,208.0,114.0,,7.66,-0.16,5.0,3454.0,2.671,450.0,,68.0,-20.0,24.1,9.9,-15.0,5034672
46.0719,-115.3611,45.8,248.0,144.0,,8.05,-0.17,16.0,3286.0,2.456,509.0,,58.0,-20.0,22.2,8.5,-15.0,5034673
46.0628,-115.3478,48.2,307.0,176.0,,9.15,-0.16,-5.0,6119.0,3.399,554.0,,62.0,-20.0,24.5,12.8,-15.0,5034674
46.0603,-115.3394,89.5,614.0,313.0,,12.13,-0.23,14.0,17850.0,4.776,1207.0,,96.0,-20.0,51.7,16.2,-15.0,5034675
46.0572,-115.3269,142.4,934.0,510.0,,13.81,-0.2,20.0,10960.0,6.294,1040.0,,89.0,-20.0,49.3,13.6,-15.0,5034676
46.0753,-115.3911,38.7,218.0,112.0,,9.2,-0.16,11.0,3915.0,2.428,353.0,,62.0,-20.0,18.1,10.1,-15.0,5034677
46.0747,-115.4133,27.0,146.0,98.0,,6.78,-0.16,-5.0,4737.0,2.9,310.0,,82.0,-20.0,16.5,10.9,-15.0,5034678
46.0772,-115.4106,21.0,129.0,72.0,,5.79,-0.2,7.0,3787.0,2.196,353.0,,59.0,-20.0,17.9,8.6,-15.0,5034679
46.0806,-115.4239,18.2,114.0,77.0,,5.02,-0.17,8.0,5586.0,3.297,276.0,,91.0,-20.0,14.3,14.1,-15.0,5034680
46.085,-115.4489,29.9,154.0,75.0,,6.59,-0.14,-5.0,3609.0,2.504,364.0,,60.0,-20.0,19.7,9.5,-15.0,5034681
46.0844,-115.4431,17.3,92.0,68.0,,4.62,-0.15,10.0,3970.0,2.781,278.0,,48.0,-20.0,12.1,10.0,-15.0,5034682
46.0844,-115.4411,48.2,246.0,125.0,,10.17,-0.16,9.0,3057.0,1.827,670.0,,51.0,-20.0,31.1,6.4,23.0,5034683
46.0858,-115.4611,68.0,392.0,232.0,,10.6,-0.16,8.0,6350.0,3.184,646.0,,60.0,-20.0,35.0,11.7,15.0,5034684
46.0878,-115.4842,23.3,120.0,69.0,,5.68,-0.14,-5.0,3736.0,2.718,371.0,,53.0,-20.0,17.3,9.3,-15.0,5034685
46.0858,-115.4939,23.3,113.0,79.0,,5.47,-0.14,-5.0,3218.0,2.154,412.0,,36.0,-20.0,19.7,8.2,-15.0,5034686
46.0981,-115.5408,35.8,244.0,124.0,,6.44,-0.2,-5.0,8171.0,3.011,666.0,,67.0,20.0,33.2,11.2,-15.0,5034690
46.1936,-114.8733,63.2,381.0,207.0,,7.15,-0.14,-5.0,2020.0,1.622,210.0,,33.0,-20.0,11.0,4.7,33.0,5034735
46.1906,-114.8742,82.1,502.0,288.0,,10.27,-0.15,10.0,3675.0,1.901,300.0,,39.0,-20.0,13.6,4.9,-15.0,5034736
46.1572,-114.9028,46.2,305.0,161.0,,7.89,-0.15,-5.0,4000.0,2.085,320.0,,48.0,-20.0,18.1,6.2,-15.0,5034737
46.1383,-114.9147,30.7,190.0,102.0,,4.48,-0.12,-5.0,2532.0,1.508,201.0,,18.0,-20.0,9.0,3.9,-15.0,5034738
46.1439,-114.9072,32.6,189.0,131.0,,12.89,-0.14,-5.0,4229.0,2.422,633.0,,-11.0,-20.0,34.3,6.2,-15.0,5034739
46.16,-114.9072,184.2,1211.0,721.0,,14.89,-0.15,15.0,6133.0,4.511,782.0,,38.0,-20.0,32.4,6.2,16.0,5034740
46.1733,-114.8842,42.5,294.0,169.0,,7.17,-0.15,-5.0,3069.0,1.566,331.0,,29.0,-20.0,15.5,4.7,-15.0,5034741
46.1906,-114.9114,36.4,201.0,155.0,,21.22,-0.19,-5.0,5058.0,2.646,679.0,,-15.0,-20.0,37.1,7.2,-15.0,5034742
46.1936,-114.9119,45.0,301.0,181.0,,10.19,-0.14,-5.0,3384.0,2.476,235.0,,51.0,-20.0,10.5,6.2,-15.0,5034743
46.1989,-114.9139,44.1,310.0,189.0,,7.96,-0.06,-5.0,2581.0,1.879,167.0,,33.0,-20.0,8.2,4.3,19.0,5034744
46.0083,-115.2797,73.8,445.0,206.0,,10.97,-0.1,5.0,6523.0,3.147,791.0,,112.0,-20.0,41.9,13.7,-15.0,5034747
46.0147,-115.2814,135.6,755.0,375.0,,17.38,0.13,7.0,7505.0,3.482,532.0,,84.0,-20.0,40.0,10.1,15.0,5034748
46.0194,-115.2853,70.4,388.0,195.0,,14.8,-0.09,17.0,8441.0,4.431,776.0,,94.0,-20.0,35.0,11.3,-15.0,5034749
46.0289,-115.2892,44.0,253.0,129.0,,11.42,-0.05,-5.0,5266.0,3.14,705.0,,49.0,-20.0,31.6,7.5,15.0,5034750
46.0447,-115.2506,90.6,512.0,244.0,,13.81,-0.09,16.0,5042.0,2.452,579.0,,46.0,-20.0,30.1,7.6,-15.0,5034767
46.0458,-115.2825,67.1,384.0,191.0,,11.99,-0.07,9.0,3673.0,2.194,611.0,,65.0,-20.0,30.4,7.7,21.0,5034768
46.1361,-115.6292,21.8,174.0,99.0,,4.08,-0.06,7.0,8057.0,3.982,318.0,,66.0,21.0,15.1,17.0,-15.0,5034919
46.1769,-115.6039,42.6,273.0,129.0,,8.01,-0.07,18.0,6172.0,2.946,591.0,,45.0,29.0,34.2,11.0,-15.0,5034920
46.1836,-115.5903,27.5,152.0,81.0,,7.09,-0.06,-5.0,7392.0,4.033,335.0,,89.0,-20.0,21.2,15.2,-15.0,5034921
46.0439,-115.2469,140.5,783.0,432.0,,14.52,-0.11,20.0,8186.0,4.406,857.0,,99.0,-20.0,44.1,12.6,28.0,5035015
46.0508,-115.2192,85.5,498.0,238.0,,14.27,-0.08,7.0,3669.0,2.64,523.0,,65.0,-20.0,22.1,8.0,17.0,5035016
46.0547,-115.2086,50.7,278.0,140.0,,8.27,-0.08,-5.0,4508.0,3.049,372.0,,60.0,-20.0,17.9,9.8,21.0,5035017
46.0586,-115.2017,125.1,735.0,362.0,,17.91,0.14,10.0,5457.0,2.908,665.0,,58.0,-20.0,34.5,9.6,25.0,5035018
46.0647,-115.1958,53.8,309.0,152.0,,9.17,-0.07,6.0,4952.0,3.079,479.0,,68.0,-20.0,20.0,10.2,26.0,5035019
46.0669,-115.1956,61.9,358.0,168.0,,9.58,-0.08,-5.0,5937.0,3.258,457.0,,85.0,-20.0,31.9,10.5,-15.0,5035020
46.0739,-115.1792,41.5,247.0,131.0,,4.57,-0.08,-5.0,5534.0,3.668,587.0,,49.0,-20.0,30.8,10.9,27.0,5035021
46.0786,-115.1697,41.8,285.0,139.0,,3.32,-0.07,-5.0,4705.0,2.832,713.0,,-14.0,-20.0,32.3,7.5,-15.0,5035022
46.0808,-115.1514,93.7,547.0,279.0,,9.25,-0.07,18.0,5012.0,3.619,1264.0,,48.0,-20.0,46.3,7.2,-15.0,5035023
46.0892,-115.1197,19.3,134.0,71.0,,4.89,-0.06,-5.0,4236.0,2.44,250.0,,49.0,-20.0,10.9,6.5,-15.0,5035024
46.0883,-115.1175,37.0,275.0,155.0,,5.47,-0.07,-5.0,4639.0,2.781,507.0,,25.0,-20.0,23.1,5.7,-15.0,5035025
46.0883,-115.1258,49.6,337.0,170.0,,5.58,-0.07,6.0,4995.0,3.075,666.0,,47.0,-20.0,36.9,7.0,-15.0,5035026
46.14,-115.6653,31.7,233.0,107.0,,7.45,-0.08,7.0,11040.0,2.892,1056.0,,68.0,-20.0,50.1,13.2,-15.0,5035064
46.1492,-115.7181,34.0,181.0,97.0,,6.08,-0.08,25.0,8274.0,5.833,344.0,,67.0,-20.0,16.3,15.1,-15.0,5035065
46.1386,-115.4136,23.6,117.0,59.0,,5.04,-0.07,-5.0,4998.0,3.162,514.0,,62.0,-20.0,23.5,9.5,-15.0,5035085
46.1531,-115.4575,29.7,153.0,85.0,,5.72,-0.07,-5.0,3258.0,4.092,341.0,,64.0,-20.0,16.0,9.6,-15.0,5035086
46.1492,-115.5017,23.3,127.0,61.0,,6.67,-0.08,5.0,4375.0,3.137,765.0,,47.0,-20.0,52.0,8.1,-15.0,5035087
46.1386,-115.5142,28.4,150.0,81.0,,6.46,-0.07,-5.0,3521.0,2.998,456.0,,41.0,-20.0,24.6,7.7,-15.0,5035088
46.1,-115.5567,31.5,207.0,109.0,,5.27,-0.07,9.0,7832.0,3.523,526.0,,59.0,-20.0,28.7,12.4,-15.0,5035089
46.1053,-115.565,29.4,244.0,122.0,,6.1,-0.07,6.0,13570.0,5.436,753.0,,92.0,40.0,40.9,16.7,16.0,5035090
46.1225,-115.5728,15.0,98.0,47.0,,5.02,-0.06,5.0,4476.0,2.396,538.0,,37.0,-20.0,25.3,9.0,-15.0,5035091
46.1925,-114.7253,142.1,852.0,472.0,,16.09,-0.07,10.0,2914.0,1.989,340.0,,24.0,-20.0,18.1,4.5,15.0,5035135
46.1936,-114.7236,32.7,213.0,114.0,,6.42,-0.06,16.0,3682.0,2.128,169.0,,23.0,-20.0,10.0,5.4,-15.0,5035136
46.1992,-114.7572,61.2,382.0,190.0,,6.59,-0.07,-5.0,4549.0,2.157,224.0,,35.0,-20.0,11.0,5.3,-15.0,5035138
46.1972,-114.7589,81.6,530.0,302.0,,13.39,-0.07,-5.0,3011.0,2.064,341.0,,46.0,-20.0,16.8,5.2,-15.0,5035139
46.1669,-114.5511,24.7,144.0,80.0,,9.81,-0.07,8.0,2707.0,1.384,113.0,,-15.0,-20.0,4.7,4.1,-15.0,5035173
46.1678,-114.5661,26.3,147.0,84.0,,9.05,-0.06,5.0,2979.0,1.71,146.0,,-13.0,-20.0,5.6,4.8,-15.0,5035174
46.1617,-114.6033,68.2,370.0,184.0,,9.12,-0.06,6.0,5140.0,1.966,173.0,,-13.0,-20.0,7.8,5.1,15.0,5035175
46.1606,-114.6261,11.4,80.0,45.0,,3.59,-0.06,-5.0,4492.0,2.932,137.0,,24.0,-20.0,5.9,6.3,-15.0,5035176
46.1494,-114.6506,12.9,90.0,40.0,,3.24,-0.08,14.0,4799.0,3.841,274.0,,174.0,-20.0,11.0,18.5,-15.0,5035177
46.1453,-114.6669,21.0,145.0,71.0,,7.71,-0.08,8.0,7079.0,3.697,183.0,,37.0,-20.0,8.9,9.7,-15.0,5035178
46.1411,-114.6761,23.7,127.0,78.0,,6.11,-0.07,-5.0,4913.0,2.622,167.0,,37.0,-20.0,7.0,7.1,-15.0,5035179
46.1617,-114.6236,8.1,50.0,32.0,,3.33,-0.06,8.0,4212.0,3.17,126.0,,26.0,-20.0,4.4,7.1,-15.0,5035180
46.1631,-114.6047,23.4,153.0,82.0,,22.1,-0.08,9.0,3152.0,2.211,150.0,,-18.0,-20.0,5.7,4.7,-15.0,5035181
46.1675,-114.5569,17.4,97.0,55.0,,4.52,-0.05,-5.0,3384.0,2.146,113.0,,-11.0,-20.0,5.2,4.6,-15.0,5035182
46.2,-114.4975,18.0,117.0,63.0,,6.59,-0.07,-5.0,2116.0,1.346,130.0,,-16.0,-20.0,4.6,2.7,-15.0,5035185
46.1861,-114.4931,30.0,184.0,106.0,,4.41,-0.06,7.0,3505.0,1.741,133.0,,23.0,-20.0,5.8,4.0,-15.0,5035186
46.1856,-114.4947,33.4,205.0,122.0,,18.23,-0.08,5.0,2880.0,1.999,128.0,,-17.0,-20.0,5.8,4.1,-15.0,5035187
46.1694,-114.5017,12.6,73.0,42.0,,2.94,-0.07,-5.0,5011.0,2.446,148.0,,23.0,-20.0,5.9,7.0,16.0,5035188
46.1119,-114.4975,5.4,63.0,35.0,,10.53,-0.1,-5.0,2551.0,1.419,60.0,,43.0,-20.0,-2.5,5.5,-15.0,5035198
46.1011,-114.4972,10.8,87.0,38.0,,3.61,-0.06,-5.0,6591.0,3.172,183.0,,60.0,-20.0,7.2,10.0,-15.0,5035199
46.1006,-114.4986,7.4,65.0,32.0,,5.27,-0.07,11.0,6659.0,3.669,153.0,,26.0,-20.0,6.0,8.0,-15.0,5035200
46.0839,-114.4986,5.8,46.0,27.0,,3.07,-0.11,-5.0,3979.0,1.75,106.0,,-25.0,-20.0,5.0,5.5,-15.0,5035201
46.0719,-114.4925,7.7,88.0,47.0,,4.93,-0.07,6.0,11370.0,4.681,208.0,,63.0,27.0,10.6,13.2,-15.0,5035202
46.0525,-114.5331,39.3,229.0,125.0,,12.24,-0.07,-5.0,4618.0,2.26,417.0,,60.0,-20.0,21.7,8.1,-15.0,5035203
46.0608,-114.5758,61.3,293.0,175.0,,11.05,-0.06,-5.0,7281.0,2.795,828.0,,51.0,-20.0,39.9,9.4,-15.0,5035204
46.0592,-114.5747,18.1,116.0,65.0,,10.49,-0.08,-5.0,3773.0,1.918,226.0,,58.0,-20.0,9.6,6.7,-15.0,5035205
46.0578,-114.5769,19.6,112.0,80.0,,7.25,-0.08,-5.0,4858.0,2.699,217.0,,74.0,-20.0,11.4,10.5,-15.0,5035206
46.0575,-114.6231,21.5,137.0,85.0,,9.48,-0.07,-5.0,5054.0,3.837,459.0,,79.0,-20.0,21.4,11.2,-15.0,5035207
46.0467,-114.6539,43.5,246.0,151.0,,11.09,-0.06,-5.0,5353.0,2.686,601.0,,70.0,-20.0,32.7,9.7,-15.0,5035208
46.0417,-114.6939,13.4,91.0,51.0,,5.6,-0.07,-5.0,3262.0,2.309,224.0,,111.0,-20.0,10.7,11.7,-15.0,5035209
46.0353,-114.7469,104.3,576.0,318.0,,9.86,-0.06,5.0,3194.0,2.456,507.0,,48.0,-20.0,23.1,5.6,22.0,5035210
46.0369,-114.7453,225.4,1220.0,628.0,,17.27,-0.07,16.0,8319.0,3.118,828.0,,80.0,-20.0,38.9,8.8,20.0,5035211
46.0556,-114.7214,112.8,609.0,339.0,,11.86,-0.06,11.0,8041.0,3.424,496.0,,81.0,-20.0,22.7,8.9,23.0,5035212
46.0933,-114.6928,21.2,147.0,70.0,,4.99,-0.07,-5.0,5893.0,2.746,191.0,,54.0,-20.0,8.8,7.9,-15.0,5035213
46.0919,-114.6917,578.0,3184.0,1641.0,,38.93,0.06,41.0,16860.0,5.388,1496.0,,133.0,-20.0,69.1,10.2,49.0,5035214
46.0944,-114.6553,21.0,126.0,67.0,,3.05,-0.06,5.0,5044.0,2.995,180.0,,156.0,-20.0,8.7,7.8,-15.0,5035215
46.0992,-114.6339,32.6,186.0,103.0,,7.37,-0.05,-5.0,4604.0,3.043,215.0,,41.0,24.0,8.6,5.9,-15.0,5035216
46.1008,-114.6214,38.3,206.0,104.0,,6.01,-0.07,-5.0,5827.0,2.835,205.0,,207.0,-20.0,9.9,8.4,-15.0,5035217
46.0997,-114.62,61.1,329.0,185.0,,7.19,-0.06,-5.0,8787.0,3.62,459.0,,115.0,36.0,20.6,10.9,-15.0,5035218
46.1078,-114.5789,63.7,356.0,192.0,,6.42,-0.06,5.0,8387.0,3.383,389.0,,96.0,-20.0,20.9,9.6,19.0,5035219
46.1078,-114.545,12.9,95.0,49.0,,3.44,-0.06,8.0,4587.0,2.985,162.0,,117.0,-20.0,6.3,8.7,-15.0,5035220
46.1075,-114.5469,7.0,63.0,29.0,,10.53,-0.09,11.0,4706.0,4.02,137.0,,469.0,20.0,3.6,11.8,-15.0,5035221
45.6044,-114.2472,11.0,89.0,43.0,,20.7,-0.04,11.0,2556.0,1.716,374.0,,41.0,-20.0,14.1,7.6,-15.0,5035223
45.6128,-114.2197,9.6,146.0,99.0,,206.8,-0.07,9.0,1139.0,1.299,127.0,,-10.0,-20.0,5.1,4.0,-15.0,5035224
45.6106,-114.21,11.5,79.0,37.0,,10.9,-0.05,9.0,2565.0,1.928,887.0,,45.0,-20.0,33.5,6.5,-15.0,5035225
45.6111,-114.2097,10.3,72.0,34.0,,7.4,-0.04,8.0,3010.0,2.172,976.0,,52.0,-20.0,34.6,6.3,-15.0,5035226
45.5975,-114.1694,10.6,89.0,37.0,,10.4,-0.04,9.0,2426.0,2.416,986.0,,51.0,-20.0,39.8,6.4,-15.0,5035227
45.5708,-114.1758,8.4,67.0,33.0,,10.5,-0.04,6.0,2454.0,1.71,376.0,,33.0,-20.0,13.6,6.5,-15.0,5035228
45.5564,-114.1922,9.6,74.0,33.0,,7.3,-0.05,5.0,3031.0,2.059,568.0,,33.0,-20.0,19.6,6.4,-15.0,5035229
45.61,-114.1844,12.2,114.0,56.0,,10.1,0.89,7.0,2580.0,2.548,523.0,,43.0,-20.0,18.9,9.5,-15.0,5035230
45.6556,-114.1867,30.5,221.0,104.0,,4.9,-0.04,10.0,2782.0,2.157,305.0,,40.0,-20.0,9.5,5.9,-15.0,5035231
45.6567,-114.2028,12.9,82.0,47.0,,26.2,-0.05,-5.0,2072.0,1.858,296.0,,43.0,-20.0,15.4,6.4,-15.0,5035232
45.6542,-114.2039,28.9,121.0,64.0,,25.1,-0.05,-5.0,1941.0,1.546,360.0,,25.0,-20.0,15.0,4.8,-15.0,5035233
45.7042,-114.2469,33.8,143.0,81.0,,42.5,-0.05,-5.0,2182.0,1.55,592.0,,30.0,-20.0,26.0,5.0,-15.0,5035234
45.8833,-114.2125,57.5,554.0,266.0,,5.3,-0.05,-5.0,3174.0,3.669,314.0,,36.0,-20.0,20.6,4.4,-15.0,5035235
45.92,-114.2097,13.5,100.0,52.0,,3.9,-0.05,-5.0,1757.0,1.236,255.0,,33.0,-20.0,8.7,4.6,-15.0,5035236
45.935,-114.1467,19.6,147.0,70.0,,2.6,-0.04,-5.0,2039.0,1.633,300.0,,32.0,-20.0,10.4,4.7,-15.0,5035237
45.955,-114.1828,16.9,137.0,62.0,,5.6,-0.05,14.0,2242.0,1.662,260.0,,22.0,-20.0,10.2,5.7,-15.0,5035238
45.9561,-114.2089,100.5,726.0,358.0,,37.4,-0.06,18.0,4895.0,3.441,2440.0,,45.0,26.0,91.5,9.5,16.0,5035239
45.9864,-114.1769,58.4,143.0,60.0,,13.8,-0.07,37.0,4302.0,5.369,899.0,,41.0,-20.0,39.4,20.6,-15.0,5035240
45.975,-114.0633,203.3,1233.0,583.0,,21.4,0.11,28.0,6318.0,13.9,4551.0,,82.0,-20.0,186.8,11.2,23.0,5035241
45.9778,-114.0417,48.3,340.0,158.0,,7.3,-0.07,13.0,5578.0,4.751,1153.0,,56.0,-20.0,38.4,12.3,-15.0,5035242
45.9789,-114.0369,270.9,1686.0,797.0,,23.1,0.16,25.0,4360.0,3.919,2993.0,,89.0,-20.0,120.4,10.7,21.0,5035243
45.9783,-114.0269,434.2,2340.0,1069.0,,28.0,0.18,33.0,2676.0,4.594,2216.0,,62.0,-20.0,84.6,5.8,22.0,5035244
45.9681,-114.1022,73.4,487.0,216.0,,8.2,-0.07,13.0,4323.0,3.95,903.0,,94.0,-20.0,37.2,10.8,-15.0,5035245
45.8967,-114.0742,64.5,465.0,222.0,,10.1,-0.06,11.0,3551.0,2.121,642.0,,41.0,-20.0,23.0,6.1,-15.0,5035246
45.9019,-114.0922,78.8,562.0,261.0,,8.6,0.09,11.0,3615.0,2.174,513.0,,54.0,-20.0,20.3,6.0,-15.0,5035247
45.9081,-114.0814,47.6,328.0,155.0,,5.5,-0.05,6.0,3145.0,2.734,481.0,,55.0,-20.0,19.8,7.1,-15.0,5035248
45.9217,-114.1064,96.7,667.0,309.0,,9.1,-0.07,17.0,3888.0,3.459,817.0,,75.0,-20.0,30.5,8.5,-15.0,5035249
45.9097,-114.1106,44.5,327.0,154.0,,15.2,-0.06,8.0,3074.0,2.348,383.0,,32.0,-20.0,13.6,5.6,-15.0,5035250
45.8883,-114.1894,101.2,808.0,384.0,,7.8,-0.05,13.0,3566.0,1.876,1189.0,,45.0,-20.0,42.6,6.2,21.0,5035251
45.9022,-114.1889,35.1,283.0,133.0,,7.8,-0.06,8.0,3046.0,2.651,751.0,,16.0,-20.0,28.3,6.9,-15.0,5035252
45.9011,-114.1894,114.8,905.0,455.0,,8.2,-0.07,6.0,3099.0,3.07,922.0,,62.0,-20.0,32.5,6.1,-15.0,5035253
45.9998,-114.1672,51.3,365.0,175.0,,5.9,-0.04,-5.0,2249.0,1.337,353.0,,27.0,-20.0,14.6,4.2,-15.0,5035254
45.8319,-114.2569,76.5,657.0,316.0,,9.5,-0.06,9.0,11260.0,4.096,1350.0,,22.0,-20.0,40.0,10.0,22.0,5035255
45.8536,-114.2903,30.0,239.0,121.0,,5.4,-0.05,11.0,5213.0,2.74,491.0,,21.0,-20.0,15.6,6.8,-15.0,5035256
45.8628,-114.3147,87.4,679.0,336.0,,10.4,-0.08,11.0,9927.0,4.351,1037.0,,34.0,-20.0,36.4,8.4,-15.0,5035257
45.8117,-114.2589,16.1,96.0,53.0,,17.6,-0.06,7.0,3219.0,2.416,229.0,,46.0,-20.0,8.3,9.3,-15.0,5035258
45.8,-114.2956,43.9,303.0,152.0,,8.9,-0.06,6.0,8839.0,3.683,626.0,,17.0,-20.0,22.5,10.1,-15.0,5035259
45.7839,-114.3275,28.6,204.0,102.0,,7.3,-0.06,8.0,3702.0,3.058,441.0,,39.0,-20.0,14.5,8.6,-15.0,5035260
45.7875,-114.3647,40.9,292.0,137.0,,6.8,-0.06,14.0,3040.0,2.373,601.0,,32.0,-20.0,19.6,7.2,-15.0,5035261
45.8144,-114.3833,61.0,411.0,187.0,,8.9,-0.07,10.0,3442.0,3.365,444.0,,53.0,-20.0,17.1,9.1,-15.0,5035262
45.7878,-114.3653,52.8,368.0,175.0,,16.0,-0.05,9.0,5283.0,2.725,2409.0,,25.0,-20.0,91.7,8.5,-15.0,5035263
45.7717,-114.3292,41.9,209.0,139.0,,25.9,-0.05,7.0,2357.0,1.736,770.0,,27.0,-20.0,29.2,4.9,-15.0,5035264
45.7506,-114.3853,20.1,151.0,112.0,,19.0,-0.07,8.0,2040.0,1.887,473.0,,46.0,-20.0,15.9,6.0,15.0,5035265
45.7522,-114.4133,59.6,390.0,179.0,,9.4,-0.06,11.0,3125.0,2.666,1320.0,,49.0,-20.0,51.6,8.1,-15.0,5035266
45.7636,-114.4336,24.5,190.0,89.0,,6.9,-0.05,8.0,3341.0,2.732,511.0,,31.0,-20.0,19.2,9.0,-15.0,5035267
45.7936,-114.2633,68.8,388.0,203.0,,32.0,-0.06,12.0,4200.0,2.668,3217.0,,23.0,-20.0,150.7,8.1,-15.0,5035268
45.7833,-114.265,121.8,520.0,276.0,,43.6,-0.07,-5.0,5024.0,2.259,3556.0,,-12.0,-20.0,159.8,9.1,-15.0,5035269
45.7672,-114.2744,58.0,377.0,188.0,,24.6,-0.07,17.0,6465.0,3.093,2948.0,,-11.0,-20.0,113.5,9.6,-15.0,5035270
45.7575,-114.2828,92.9,265.0,140.0,,46.5,-0.05,15.0,3808.0,1.902,1333.0,,20.0,-20.0,73.0,5.8,-15.0,5035271
45.7467,-114.4483,28.9,207.0,100.0,,5.4,-0.04,5.0,2194.0,2.061,253.0,,38.0,-20.0,9.6,5.6,-15.0,5035272
45.745,-114.4486,35.3,267.0,143.0,,13.5,-0.07,-5.0,5424.0,3.558,1420.0,,35.0,24.0,52.5,10.1,17.0,5035273
45.7453,-114.4278,23.0,163.0,80.0,,8.1,-0.05,5.0,3464.0,1.302,232.0,,34.0,-20.0,8.9,5.6,-15.0,5035274
45.8467,-114.2375,54.0,425.0,213.0,,9.2,-0.05,9.0,3651.0,2.421,471.0,,36.0,-20.0,17.1,6.7,-15.0,5035275
45.8517,-114.225,248.1,2030.0,998.0,,18.9,0.18,15.0,3412.0,2.119,1155.0,,50.0,-20.0,46.0,5.7,-15.0,5035276
45.8675,-114.2144,10.8,99.0,53.0,,9.3,-0.07,-5.0,2788.0,2.532,263.0,,47.0,-20.0,8.9,8.7,-15.0,5035277
45.87,-114.2019,32.3,247.0,128.0,,12.3,0.12,7.0,3260.0,1.594,428.0,,52.0,-20.0,17.1,6.6,-15.0,5035278
45.8661,-114.1994,63.8,554.0,274.0,,24.9,-0.05,7.0,3361.0,2.863,1257.0,,91.0,-20.0,54.7,10.7,-15.0,5035279
45.8522,-114.1514,52.4,268.0,141.0,,41.9,-0.08,10.0,2859.0,3.411,504.0,,267.0,-20.0,17.8,15.1,-15.0,5035281
45.8417,-114.1883,41.3,285.0,134.0,,11.1,-0.05,-5.0,3057.0,1.954,3626.0,,40.0,-20.0,14.0,5.8,-15.0,5035282
45.8106,-114.1686,32.9,208.0,112.0,,18.1,-0.04,-5.0,2441.0,2.18,571.0,,47.0,-20.0,20.6,6.8,-15.0,5035283
45.8103,-114.1697,156.7,1237.0,619.0,,46.5,-0.08,8.0,6222.0,3.659,392.0,,48.0,-20.0,200.9,10.8,-15.0,5035284
45.78,-114.1622,36.1,245.0,110.0,,9.9,-0.08,7.0,4564.0,6.26,1211.0,,34.0,-20.0,51.5,19.5,15.0,5035285
45.8111,-114.0675,34.6,232.0,116.0,,22.5,-0.06,-5.0,3800.0,2.906,945.0,,75.0,-20.0,36.7,12.0,-15.0,5035286
45.8117,-114.0667,39.5,265.0,130.0,,20.1,-0.05,5.0,2575.0,2.07,542.0,,48.0,-20.0,27.0,8.3,-15.0,5035287
45.8428,-114.0403,29.3,169.0,88.0,,37.4,-0.05,8.0,2164.0,1.931,461.0,,50.0,-20.0,17.3,7.2,-15.0,5035288
45.86,-114.0214,104.6,769.0,354.0,,7.4,0.13,19.0,3920.0,5.895,514.0,,58.0,-20.0,21.1,5.7,-15.0,5035289
45.8444,-114.0806,33.0,182.0,94.0,,47.1,-0.06,6.0,2799.0,2.189,314.0,,60.0,-20.0,10.5,7.0,-15.0,5035290
45.8583,-114.0728,71.3,491.0,224.0,,13.1,-0.05,8.0,3185.0,2.826,430.0,,58.0,-20.0,15.1,7.8,-15.0,5035291
45.5153,-114.3211,12.1,215.0,93.0,,9.8,-0.09,5.0,6499.0,5.663,555.0,,116.0,-20.0,21.9,31.8,-15.0,5035292
45.5203,-114.3183,12.2,237.0,129.0,,5.6,-0.09,7.0,9549.0,6.716,618.0,,165.0,-20.0,24.7,35.3,-15.0,5035293
45.5206,-114.3239,18.5,171.0,95.0,,8.9,-0.08,10.0,7231.0,6.151,917.0,,122.0,-20.0,32.4,32.4,-15.0,5035294
45.5461,-114.3169,12.8,101.0,50.0,,11.8,-0.08,7.0,5968.0,5.052,389.0,,90.0,-20.0,14.8,22.4,-15.0,5035295
45.5633,-114.3211,10.8,145.0,74.0,,8.8,-0.09,8.0,5687.0,5.728,424.0,,123.0,-20.0,15.7,31.3,-15.0,5035296
45.6106,-114.2911,9.9,63.0,28.0,,8.0,-0.05,11.0,3091.0,1.942,1064.0,,34.0,-20.0,37.8,5.3,-15.0,5035297
45.6978,-114.3683,34.7,279.0,171.0,,31.3,-0.06,8.0,3669.0,2.874,1410.0,,36.0,-20.0,46.2,9.6,-15.0,5035298
45.6961,-114.3678,10.8,100.0,45.0,,4.0,-0.04,7.0,1892.0,0.9502,426.0,,19.0,-20.0,15.1,3.3,-15.0,5035299
45.6858,-114.3642,40.9,306.0,152.0,,21.6,-0.06,8.0,1719.0,1.963,441.0,,28.0,-20.0,16.4,5.1,-15.0,5035300
45.6992,-114.3217,29.4,179.0,90.0,,15.8,-0.05,6.0,2632.0,1.637,502.0,,24.0,-20.0,23.0,5.5,-15.0,5035301
45.7194,-114.2542,52.5,165.0,84.0,,31.2,-0.05,9.0,1828.0,1.823,881.0,,22.0,-20.0,39.5,4.9,-15.0,5035302
45.6661,-114.3197,11.1,82.0,40.0,,5.5,-0.04,-5.0,2389.0,1.405,313.0,,37.0,-20.0,10.9,5.6,-15.0,5035303
45.725,-114.2869,33.5,150.0,93.0,,27.4,-0.07,13.0,2665.0,2.266,497.0,,30.0,-20.0,18.6,7.9,-15.0,5035304
45.8769,-114.0319,13.4,118.0,57.0,,2.3,-0.05,7.0,4857.0,3.283,318.0,,166.0,-20.0,12.5,7.6,-15.0,5035305
45.5917,-114.3278,30.7,175.0,87.0,,23.5,-0.1,9.0,4883.0,3.185,563.0,,75.0,-20.0,22.7,13.3,-15.0,5035306
45.6,-114.3264,34.3,242.0,122.0,,5.3,-0.05,-5.0,3088.0,2.173,323.0,,52.0,-20.0,11.4,5.5,-15.0,5035307
45.6097,-114.3653,25.3,192.0,89.0,,5.4,-0.06,-5.0,2235.0,2.389,241.0,,63.0,-20.0,10.0,6.3,-15.0,5035308
45.5875,-114.3875,18.1,147.0,68.0,,4.5,-0.07,5.0,2232.0,2.18,226.0,,66.0,-20.0,8.0,5.8,-15.0,5035309
45.5958,-114.4264,17.9,137.0,62.0,,6.3,-0.06,-5.0,2508.0,2.222,204.0,,55.0,-20.0,7.9,5.6,-15.0,5035310
45.9164,-114.0533,24.9,220.0,100.0,,5.0,-0.05,5.0,3153.0,2.061,355.0,,34.0,-20.0,11.8,7.6,-15.0,5035311
45.9728,-114.3514,86.1,639.0,294.0,,7.9,-0.06,9.0,3535.0,1.988,594.0,,38.0,-20.0,19.6,4.7,-15.0,5035312
45.9547,-114.2908,23.6,141.0,69.0,,0.2,-0.05,5.0,3109.0,1.822,662.0,,28.0,-20.0,24.2,6.8,-15.0,5035313
45.5872,-114.5097,12.3,100.0,48.0,,5.6,-0.06,26.0,2650.0,3.244,300.0,,37.0,-20.0,10.3,9.4,-15.0,5035314
45.6025,-114.5214,58.6,412.0,204.0,,8.0,-0.06,9.0,3221.0,2.647,973.0,,38.0,-20.0,33.4,8.4,-15.0,5035315
45.6456,-114.4878,30.0,231.0,109.0,,8.9,-0.06,15.0,3792.0,2.727,795.0,,37.0,-20.0,25.7,9.0,-15.0,5035316
45.6458,-114.4864,40.5,266.0,124.0,,9.9,-0.05,7.0,3701.0,2.712,912.0,,33.0,-20.0,38.3,8.5,-15.0,5035317
45.6497,-114.485,24.1,177.0,83.0,,4.4,-0.04,8.0,2408.0,1.993,364.0,,31.0,-20.0,13.1,6.6,-15.0,5035318
45.6722,-114.4678,47.0,316.0,153.0,,10.4,-0.06,13.0,4272.0,3.316,1281.0,,37.0,-20.0,50.8,10.6,17.0,5035319
45.6806,-114.4597,17.7,121.0,57.0,,5.6,-0.05,-5.0,2780.0,1.77,501.0,,30.0,-20.0,15.9,6.8,-15.0,5035320
45.6792,-114.4561,61.8,427.0,200.0,,6.8,-0.06,7.0,3692.0,2.451,812.0,,43.0,-20.0,29.2,7.3,-15.0,5035321
45.6825,-114.4531,74.2,452.0,221.0,,32.0,-0.05,,3026.0,2.198,,,45.0,,58.5,7.3,,5035322
45.6283,-114.3028,31.9,209.0,106.0,,8.1,-0.05,10.0,3991.0,2.436,1079.0,,48.0,-20.0,35.5,8.7,-15.0,5035323
45.5269,-114.2864,12.2,85.0,44.0,,2.4,-0.04,6.0,1313.0,1.118,177.0,,21.0,-20.0,5.4,3.3,-15.0,5035324
45.5428,-114.4028,31.8,240.0,119.0,,3.8,-0.04,-5.0,1487.0,0.8422,198.0,,14.0,-20.0,6.9,2.6,-15.0,5035325
45.0931,-114.7583,13.4,85.0,52.0,,4.63,-0.09,7.0,3278.0,2.812,234.0,,37.0,-20.0,8.0,9.3,-15.0,5035966
45.5789,-114.4711,13.6,104.0,48.0,,5.8,-0.04,10.0,2348.0,2.094,800.0,,24.0,-20.0,28.2,5.8,-15.0,5035326
45.6358,-114.505,23.8,180.0,85.0,,5.4,-0.05,-5.0,2702.0,2.375,504.0,,40.0,-20.0,17.0,7.9,-15.0,5035327
45.6361,-114.505,33.9,196.0,97.0,,17.7,-0.05,9.0,2097.0,1.615,407.0,,38.0,-20.0,15.9,6.4,-15.0,5035328
45.725,-114.3569,10.2,67.0,35.0,,3.4,-0.06,11.0,3595.0,3.308,252.0,,98.0,-20.0,9.9,10.5,-15.0,5035329
45.7078,-114.325,7.6,71.0,35.0,,2.4,-0.05,10.0,3309.0,3.835,249.0,,269.0,-20.0,9.0,11.5,-15.0,5035330
45.7,-114.3589,8.4,62.0,31.0,,3.0,-0.05,10.0,2623.0,2.4,282.0,,78.0,-20.0,11.0,8.3,-15.0,5035331
45.7114,-114.2728,16.5,112.0,46.0,,3.6,-0.07,15.0,4319.0,6.09,426.0,,96.0,-20.0,17.1,15.3,-15.0,5035332
45.6842,-114.2931,10.1,67.0,33.0,,3.0,-0.06,9.0,4868.0,5.251,300.0,,97.0,-20.0,9.8,18.1,-15.0,5035333
45.6522,-114.2919,82.3,223.0,106.0,,19.1,-0.07,26.0,4709.0,8.978,1495.0,,165.0,-20.0,51.4,15.3,94.0,5035334
45.6408,-114.2903,12.5,118.0,53.0,,3.1,-0.06,11.0,5139.0,6.08,488.0,,140.0,-20.0,18.0,20.5,-15.0,5035335
45.6,-114.3033,10.8,95.0,40.0,,3.0,-0.06,17.0,3015.0,3.298,264.0,,157.0,-20.0,10.3,10.9,-15.0,5035336
45.6472,-114.3078,6.6,71.0,32.0,,2.3,-0.06,-5.0,3428.0,3.326,196.0,,232.0,-20.0,7.6,11.0,-15.0,5035337
45.6778,-114.3083,7.2,65.0,33.0,,2.2,-0.05,8.0,2994.0,3.597,194.0,,242.0,-20.0,6.7,11.3,-15.0,5035338
45.6842,-114.3042,6.7,65.0,30.0,,2.2,-0.05,5.0,2944.0,3.579,197.0,,229.0,-20.0,7.1,11.3,-15.0,5035339
45.1078,-114.1053,12.0,93.0,44.0,,5.47,-0.06,8.0,3415.0,2.024,701.0,,53.0,-20.0,31.3,6.9,-15.0,5035340
45.1392,-114.1231,13.2,117.0,57.0,,4.11,-0.07,17.0,3465.0,2.376,428.0,,36.0,-20.0,18.9,9.6,-15.0,5035341
45.1458,-114.1203,11.6,82.0,34.0,,4.73,-0.06,14.0,2742.0,1.944,474.0,,29.0,-20.0,20.8,6.1,-15.0,5035342
45.1522,-114.1228,7.7,60.0,27.0,,3.72,-0.06,7.0,1440.0,1.442,444.0,,24.0,-20.0,19.4,4.3,-15.0,5035343
45.1583,-114.17,26.2,187.0,74.0,,6.42,-0.09,19.0,10220.0,4.891,596.0,,51.0,-20.0,25.8,17.0,-15.0,5035344
45.1678,-114.1581,11.3,81.0,37.0,,5.05,-0.06,8.0,3179.0,2.524,680.0,,56.0,-20.0,29.2,7.8,-15.0,5035345
45.1531,-114.1783,29.9,176.0,69.0,,5.19,-0.07,9.0,4483.0,3.688,599.0,,73.0,-20.0,27.2,12.7,-15.0,5035346
45.1433,-114.0342,7.1,47.0,26.0,,3.76,-0.08,6.0,2632.0,1.774,260.0,,40.0,-20.0,9.2,6.6,-15.0,5035347
45.0833,-114.0447,13.4,105.0,43.0,,5.37,-0.07,17.0,4736.0,3.867,257.0,,85.0,-20.0,8.7,13.2,16.0,5035348
45.0808,-114.0447,8.6,78.0,34.0,,9.33,-0.07,12.0,2763.0,2.312,226.0,,86.0,-20.0,9.5,8.0,-15.0,5035349
45.0539,-114.0472,12.5,94.0,44.0,,3.99,-0.07,13.0,3660.0,3.437,249.0,,70.0,-20.0,8.9,10.1,-15.0,5035350
45.0556,-114.0483,10.7,126.0,56.0,,4.56,-0.1,6.0,3957.0,3.826,171.0,,119.0,-20.0,6.8,12.4,-15.0,5035351
45.0767,-114.0125,11.6,97.0,43.0,,6.68,-0.07,13.0,4845.0,3.082,301.0,,81.0,-20.0,11.0,10.9,-15.0,5035352
45.1114,-114.0261,9.4,75.0,40.0,,6.06,-0.08,42.0,-1133.0,2.871,176.0,,130.0,-20.0,8.3,7.9,-15.0,5035353
45.1097,-114.0264,7.0,67.0,23.0,,2.94,-0.09,-5.0,2905.0,3.2,271.0,,216.0,-20.0,12.2,12.8,-15.0,5035354
45.0181,-114.0006,10.3,89.0,33.0,,2.87,-0.09,5.0,3942.0,5.162,200.0,,747.0,-20.0,5.6,17.0,-15.0,5035355
45.0158,-114.0011,9.0,82.0,38.0,,13.16,-0.09,9.0,4053.0,3.663,195.0,,190.0,-20.0,6.7,14.3,-15.0,5035356
45.0144,-114.0014,12.4,103.0,48.0,,5.26,-0.06,6.0,5530.0,4.379,515.0,,1772.0,-20.0,20.1,17.2,-15.0,5035357
45.615,-114.0006,12.3,84.0,39.0,,4.23,-0.06,8.0,4653.0,3.06,344.0,,76.0,-20.0,12.4,9.6,-15.0,5035358
45.505,-114.0989,6.7,50.0,20.0,,2.22,-0.08,9.0,2859.0,2.146,158.0,,31.0,-20.0,6.4,7.2,-15.0,5035359
45.5244,-114.0928,12.2,58.0,27.0,,7.66,-0.08,8.0,3057.0,1.773,295.0,,37.0,-20.0,12.8,8.7,-15.0,5035360
45.5536,-114.1425,7.1,45.0,21.0,,1.86,-0.06,8.0,2255.0,1.592,139.0,,25.0,-20.0,7.7,5.3,-15.0,5035361
45.5511,-114.1336,16.4,118.0,43.0,,5.95,-0.07,8.0,5052.0,3.212,412.0,,94.0,-20.0,16.1,11.7,-15.0,5035362
45.5819,-114.1194,10.6,82.0,29.0,,4.25,-0.07,11.0,4169.0,2.934,447.0,,50.0,-20.0,16.2,9.1,-15.0,5035363
45.0772,-114.5261,223.2,674.0,300.0,,81.55,-0.09,5.0,6034.0,3.109,2073.0,,-14.0,82.0,120.5,7.3,18.0,5035364
45.0783,-114.5253,724.0,1011.0,450.0,,180.2,-0.1,6.0,3684.0,2.758,2004.0,,70.0,159.0,127.8,5.8,28.0,5035365
45.0778,-114.5233,137.5,214.0,108.0,,104.1,-0.07,19.0,2030.0,1.822,654.0,,42.0,77.0,35.4,4.3,42.0,5035366
45.075,-114.5158,96.2,365.0,215.0,,258.8,-0.1,15.0,1910.0,1.631,609.0,,37.0,-20.0,29.2,5.0,-15.0,5035367
45.0586,-114.4897,51.7,161.0,72.0,,32.32,-0.08,-5.0,4653.0,3.369,493.0,,71.0,-20.0,24.7,10.4,16.0,5035368
45.0528,-114.4794,11.7,83.0,51.0,,24.42,-0.08,9.0,2591.0,2.063,237.0,,34.0,-20.0,8.4,8.3,-15.0,5035369
45.0447,-114.4756,193.1,570.0,254.0,,80.08,-0.07,-5.0,3905.0,2.045,1248.0,,38.0,88.0,71.1,6.1,24.0,5035370
45.0431,-114.4736,7.2,68.0,29.0,,10.3,-0.07,10.0,2848.0,1.528,232.0,,38.0,-20.0,9.2,6.2,-15.0,5035371
45.0258,-114.5044,5.2,39.0,24.0,,11.91,-0.05,7.0,2781.0,1.218,256.0,,34.0,-20.0,11.4,4.2,-15.0,5035372
45.0269,-114.5044,19.4,118.0,57.0,,12.52,-0.06,-5.0,3753.0,2.509,441.0,,67.0,-20.0,18.8,11.5,-15.0,5035373
45.0244,-114.4886,109.0,372.0,171.0,,49.52,-0.06,6.0,3064.0,2.076,577.0,,34.0,-20.0,43.1,6.5,-15.0,5035374
45.5414,-114.1142,8.4,59.0,31.0,,5.1,-0.1,-5.0,2831.0,1.655,413.0,,33.0,-20.0,16.8,7.9,-15.0,5035375
45.5244,-114.1258,12.8,89.0,36.0,,4.59,-0.07,12.0,3694.0,3.204,411.0,,50.0,-20.0,15.9,8.8,-15.0,5035376
45.5058,-114.1519,11.0,69.0,39.0,,28.87,-0.07,-5.0,3885.0,2.509,397.0,,51.0,-20.0,15.4,8.8,-15.0,5035377
45.5044,-114.1553,11.9,98.0,48.0,,17.82,-0.07,13.0,2789.0,2.903,409.0,,53.0,-20.0,16.7,10.8,-15.0,5035378
45.5025,-114.1531,17.5,134.0,119.0,,23.41,-0.09,18.0,2548.0,2.957,211.0,,34.0,-20.0,8.9,10.6,-15.0,5035379
45.5022,-114.1486,13.2,83.0,33.0,,8.22,-0.08,6.0,3722.0,2.793,278.0,,48.0,-20.0,10.5,12.0,-15.0,5035380
45.5011,-114.1436,10.3,68.0,35.0,,18.85,-0.07,7.0,3536.0,2.428,396.0,,50.0,-20.0,15.1,8.4,-15.0,5035381
45.4875,-114.1431,12.2,100.0,54.0,,35.72,-0.08,8.0,3236.0,2.86,347.0,,50.0,-20.0,14.5,10.4,-15.0,5035382
45.1175,-114.4992,88.9,158.0,98.0,,137.6,-0.1,17.0,-1191.0,1.704,221.0,,-16.0,-20.0,18.7,3.7,-15.0,5035383
45.62,-114.0658,8.5,55.0,31.0,,6.92,-0.08,8.0,3508.0,2.49,295.0,,50.0,-20.0,11.1,7.8,-15.0,5035384
45.6244,-114.0314,5.9,46.0,24.0,,10.35,-0.05,-5.0,2148.0,1.635,608.0,,28.0,-20.0,25.3,4.0,-15.0,5035385
45.6269,-114.0308,7.3,50.0,29.0,,12.76,-0.06,-5.0,1593.0,1.711,375.0,,34.0,-20.0,13.9,4.8,-15.0,5035386
45.6247,-114.0175,6.6,59.0,32.0,,18.72,-0.08,6.0,2274.0,1.809,330.0,,42.0,-20.0,14.8,5.3,-15.0,5035387
45.3044,-114.4097,25.3,165.0,69.0,,6.35,-0.07,10.0,4400.0,4.383,374.0,,55.0,-20.0,16.1,11.1,-15.0,5035389
45.2869,-114.4544,23.1,177.0,76.0,,12.11,-0.08,17.0,5641.0,3.703,507.0,,51.0,-20.0,25.5,10.5,-15.0,5035390
45.2872,-114.4517,36.4,434.0,184.0,,20.46,-0.11,23.0,17760.0,7.993,2987.0,,47.0,87.0,135.9,21.5,59.0,5035391
45.2672,-114.4447,5.3,139.0,96.0,,32.44,-0.13,12.0,9951.0,7.991,189.0,,-17.0,-20.0,7.3,12.5,-15.0,5035392
45.2719,-114.4139,17.1,186.0,84.0,,10.62,-0.1,-5.0,8597.0,6.818,552.0,,41.0,-20.0,18.3,18.0,-15.0,5035393
45.2856,-114.3803,21.4,237.0,97.0,,20.7,-0.1,23.0,5409.0,6.731,1835.0,,-14.0,-20.0,70.3,10.6,-15.0,5035394
45.2925,-114.3553,38.9,287.0,126.0,,12.75,-0.06,10.0,3480.0,2.705,663.0,,29.0,-20.0,32.1,7.7,-15.0,5035395
45.2022,-115.8133,15.5,99.0,46.0,,2.18,-0.03,5.0,-628.0,0.6703,112.0,,9.0,-20.0,5.3,1.6,-15.0,5035396
45.1933,-115.8208,28.0,208.0,98.0,,9.98,-0.06,13.0,2186.0,2.299,152.0,,20.0,-20.0,6.2,5.6,-15.0,5035397
45.17,-115.8094,47.3,339.0,165.0,,9.35,-0.05,17.0,1200.0,0.97,266.0,,12.0,-20.0,13.5,3.3,-15.0,5035398
45.1678,-115.8061,57.8,387.0,180.0,,7.02,-0.07,10.0,1301.0,1.425,206.0,,21.0,-20.0,9.3,4.0,-15.0,5035399
45.1569,-115.7983,58.4,379.0,179.0,,6.43,-0.07,13.0,1633.0,1.49,195.0,,26.0,-20.0,10.3,4.2,-15.0,5035400
45.1503,-115.7942,91.3,646.0,314.0,,6.04,0.05,11.0,1119.0,1.05,338.0,,-8.0,-20.0,12.8,3.3,23.0,5035401
45.1481,-115.8039,29.3,207.0,108.0,,11.29,-0.07,12.0,1493.0,1.126,222.0,,42.0,-20.0,9.8,4.7,-15.0,5035402
45.1464,-115.7986,49.9,374.0,186.0,,14.42,-0.09,27.0,1811.0,1.568,311.0,,53.0,-20.0,14.7,4.4,-15.0,5035403
45.1461,-115.7969,41.9,312.0,151.0,,4.2,-0.05,5.0,1728.0,1.063,192.0,,-7.0,-20.0,9.9,3.0,-15.0,5035404
45.1319,-115.7789,42.4,308.0,150.0,,6.63,-0.06,7.0,1211.0,1.091,182.0,,-8.0,-20.0,7.7,2.9,-15.0,5035405
45.1211,-115.7636,34.6,255.0,130.0,,12.06,-0.06,12.0,1079.0,1.432,229.0,,-9.0,-20.0,8.2,3.0,-15.0,5035406
45.0261,-115.6222,22.8,153.0,71.0,,23.87,-0.04,28.0,957.0,1.11,178.0,,-7.0,-20.0,7.1,2.3,-15.0,5035407
45.0275,-115.6233,20.9,151.0,71.0,,36.12,-0.05,25.0,1475.0,1.312,176.0,,-8.0,-20.0,6.0,3.1,-15.0,5035408
45.0367,-115.6194,14.3,103.0,46.0,,11.3,-0.04,11.0,1413.0,1.282,200.0,,28.0,-20.0,6.8,3.5,-15.0,5035409
45.0444,-115.6256,14.3,113.0,47.0,,15.36,-0.05,14.0,-772.0,1.276,133.0,,20.0,-20.0,6.0,3.4,-15.0,5035410
45.0419,-115.6258,16.4,106.0,55.0,,25.65,-0.04,9.0,1126.0,0.9791,154.0,,-7.0,-20.0,6.3,2.1,-15.0,5035411
45.0364,-115.4806,14.6,117.0,56.0,,14.67,-0.07,8.0,4929.0,2.323,410.0,,48.0,-20.0,17.5,10.1,-15.0,5035412
45.0361,-115.48,9.8,79.0,43.0,,22.86,-0.05,24.0,2170.0,1.742,143.0,,20.0,-20.0,5.2,4.8,-15.0,5035413
45.5158,-114.0103,10.6,70.0,34.0,,5.84,-0.07,-5.0,3565.0,2.018,430.0,,42.0,-20.0,16.0,7.2,-15.0,5035414
45.5372,-114.0544,7.7,46.0,32.0,,22.48,-0.07,-5.0,2591.0,1.535,240.0,,30.0,-20.0,11.6,5.0,-15.0,5035415
45.5367,-114.0569,8.8,55.0,26.0,,9.11,-0.04,5.0,2732.0,2.116,354.0,,29.0,-20.0,15.8,5.0,-15.0,5035416
45.5192,-114.0342,11.4,70.0,33.0,,12.66,-0.06,5.0,3204.0,2.322,368.0,,46.0,-20.0,15.7,8.5,-15.0,5035417
45.5219,-114.0319,12.0,92.0,38.0,,17.83,-0.07,7.0,3935.0,2.466,554.0,,41.0,-20.0,20.8,8.1,-15.0,5035418
45.5133,-114.0067,10.9,76.0,32.0,,9.49,0.14,-5.0,3367.0,2.174,408.0,,39.0,-20.0,15.3,7.5,-15.0,5035419
45.5567,-114.0061,12.4,80.0,41.0,,9.56,-0.06,7.0,2778.0,2.211,320.0,,43.0,-20.0,11.1,8.4,-15.0,5035420
45.5486,-114.0008,11.1,77.0,40.0,,11.56,-0.05,6.0,3245.0,1.887,480.0,,35.0,-20.0,16.3,6.5,-15.0,5035421
45.3056,-114.5153,49.0,345.0,132.0,,10.75,-0.07,15.0,7355.0,3.24,929.0,,79.0,-20.0,32.3,10.1,-15.0,5035422
45.3031,-114.5167,39.5,239.0,99.0,,32.97,-0.08,18.0,6020.0,3.331,874.0,,62.0,-20.0,40.8,13.0,-15.0,5035423
45.3017,-114.5314,52.5,333.0,130.0,,15.44,-0.06,-5.0,6809.0,3.693,1307.0,,85.0,-20.0,51.9,13.5,15.0,5035424
45.3031,-114.5386,19.3,161.0,83.0,,101.0,-0.08,45.0,3586.0,3.299,316.0,,66.0,-20.0,12.5,9.7,-15.0,5035425
45.3003,-114.5803,30.1,251.0,108.0,,10.96,-0.08,23.0,5723.0,4.635,766.0,,76.0,-20.0,25.8,12.6,-15.0,5035426
45.3006,-114.5681,30.0,225.0,98.0,,8.55,0.72,13.0,5418.0,3.914,616.0,,99.0,-20.0,24.7,10.9,-15.0,5035427
45.3256,-114.5358,31.6,285.0,122.0,,16.96,-0.06,-5.0,6404.0,3.722,913.0,,98.0,-20.0,42.9,13.3,-15.0,5035428
45.3261,-114.5353,42.7,260.0,102.0,,19.74,-0.07,8.0,6530.0,3.782,714.0,,88.0,-20.0,39.2,15.3,-15.0,5035429
45.3556,-114.5386,36.8,256.0,104.0,,30.45,-0.1,15.0,6130.0,4.422,649.0,,106.0,-20.0,26.5,15.3,-15.0,5035430
45.3561,-114.5386,25.9,152.0,76.0,,49.46,-0.09,8.0,4869.0,4.321,376.0,,75.0,-20.0,15.1,13.6,-15.0,5035431
45.3697,-114.5719,13.4,127.0,54.0,,5.75,-0.09,7.0,6656.0,3.764,955.0,,47.0,-20.0,30.0,11.9,-15.0,5035432
45.1333,-115.9633,14.5,116.0,56.0,,4.39,-0.05,-5.0,2054.0,1.3,238.0,,-7.0,-20.0,10.1,4.3,-15.0,5035433
45.1314,-115.9625,31.3,216.0,110.0,,13.06,-0.07,11.0,2819.0,1.884,382.0,,21.0,-20.0,15.8,6.6,-15.0,5035434
45.1136,-115.95,19.8,134.0,72.0,,14.97,-0.07,13.0,2526.0,1.917,227.0,,29.0,-20.0,8.7,6.4,-15.0,5035435
45.1028,-115.9486,13.3,106.0,53.0,,6.57,-0.06,-5.0,4025.0,2.467,430.0,,17.0,-20.0,15.2,8.6,-15.0,5035436
45.0922,-115.9439,24.4,171.0,92.0,,17.94,-0.06,9.0,2145.0,1.515,193.0,,-9.0,-20.0,6.2,4.4,-15.0,5035437
45.0914,-115.9453,17.1,144.0,77.0,,15.46,-0.07,10.0,2539.0,1.671,187.0,,19.0,-20.0,6.4,5.1,-15.0,5035438
45.035,-114.3878,13.3,109.0,69.0,,22.52,-0.07,14.0,3377.0,2.192,243.0,,40.0,-20.0,9.3,9.0,-15.0,5035439
45.0333,-114.3889,9.5,83.0,39.0,,6.84,-0.06,-5.0,9697.0,3.769,305.0,,87.0,-20.0,12.7,12.3,-15.0,5035440
45.0033,-114.3342,26.1,117.0,58.0,,12.77,-0.07,55.0,2620.0,1.993,288.0,,38.0,-20.0,12.4,5.6,-15.0,5035441
45.0222,-114.3142,18.9,114.0,48.0,,17.66,-0.08,24.0,3056.0,2.565,221.0,,58.0,-20.0,9.3,8.8,-15.0,5035442
45.0214,-114.3128,17.2,114.0,57.0,,8.76,-0.06,10.0,4661.0,1.961,449.0,,46.0,-20.0,19.3,7.9,-15.0,5035443
45.0236,-114.3106,10.5,89.0,41.0,,9.97,-0.05,8.0,3457.0,2.111,415.0,,48.0,-20.0,16.0,8.6,-15.0,5035444
45.0472,-114.3608,14.1,94.0,47.0,,9.29,-0.05,7.0,3604.0,2.051,256.0,,35.0,-20.0,9.7,7.2,-15.0,5035445
45.0364,-114.2956,11.4,80.0,35.0,,6.04,-0.08,38.0,2680.0,2.688,158.0,,35.0,-20.0,5.5,8.4,-15.0,5035446
45.0689,-114.2706,13.6,109.0,55.0,,11.35,-0.08,18.0,4701.0,3.247,191.0,,57.0,-20.0,8.3,10.3,-15.0,5035447
45.0667,-114.2689,13.0,91.0,43.0,,6.03,-0.05,26.0,2636.0,2.565,273.0,,36.0,-20.0,12.7,7.8,-15.0,5035448
45.0461,-114.2811,11.5,101.0,52.0,,10.73,-0.07,8.0,3917.0,2.666,246.0,,41.0,-20.0,9.5,8.6,21.0,5035449
45.0003,-114.4764,7.5,70.0,40.0,,17.15,-0.07,6.0,3469.0,1.728,290.0,,29.0,-20.0,11.1,7.5,-15.0,5035450
45.0011,-114.4783,76.5,255.0,121.0,,42.99,-0.06,10.0,3466.0,2.282,523.0,,36.0,-20.0,25.9,7.5,-15.0,5035451
45.1253,-114.2139,13.0,142.0,59.0,,9.51,-0.07,19.0,4222.0,3.29,573.0,,49.0,-20.0,26.9,9.2,-15.0,5035452
45.0917,-114.2258,9.8,89.0,41.0,,10.46,-0.08,25.0,3307.0,2.958,247.0,,40.0,-20.0,8.6,8.9,-15.0,5035453
45.0789,-114.2503,21.9,216.0,95.0,,10.81,1.57,3273.0,8261.0,7.771,829.0,,73.0,-20.0,30.1,8.7,33.0,5035454
45.0381,-114.2175,11.9,70.0,32.0,,5.92,0.22,447.0,3076.0,4.634,219.0,,43.0,-20.0,9.3,8.3,-15.0,5035455
45.0903,-114.2972,14.6,126.0,64.0,,10.51,-0.09,55.0,3388.0,3.833,197.0,,53.0,-20.0,8.4,10.0,-15.0,5035456
45.0894,-114.3128,17.1,138.0,67.0,,9.54,-0.1,41.0,3743.0,4.048,221.0,,41.0,-20.0,7.7,8.8,-15.0,5035457
45.0911,-114.3144,19.7,127.0,63.0,,18.62,-0.09,116.0,3396.0,4.684,218.0,,41.0,-20.0,7.7,10.2,17.0,5035458
45.0881,-114.3436,14.5,85.0,44.0,,11.86,-0.06,70.0,2875.0,3.258,234.0,,51.0,-20.0,8.0,7.3,-15.0,5035459
45.0956,-114.3017,9.6,81.0,31.0,,3.33,0.33,1275.0,2264.0,7.876,198.0,,29.0,-20.0,8.4,6.6,-15.0,5035460
45.1169,-114.3472,11.7,104.0,41.0,,6.49,-0.08,50.0,4329.0,4.71,244.0,,77.0,-20.0,8.8,9.7,-15.0,5035461
45.165,-114.2619,20.7,227.0,109.0,,84.76,-0.09,13.0,6233.0,3.598,748.0,,61.0,-20.0,35.9,17.6,-15.0,5035462
45.4703,-114.0014,12.7,82.0,37.0,,5.59,-0.05,27.0,3127.0,2.764,261.0,,41.0,-20.0,9.8,9.9,-15.0,5035463
45.47,-114.0172,3.0,51.0,37.0,,75.34,-0.08,9.0,1218.0,1.003,71.0,,-13.0,-20.0,2.4,2.9,-15.0,5035464
45.45,-114.0728,10.8,109.0,81.0,,8.38,0.31,15.0,2293.0,1.879,150.0,,31.0,-20.0,6.4,8.8,-15.0,5035465
45.4486,-114.0653,13.2,110.0,62.0,,6.41,-0.07,53.0,3065.0,2.321,195.0,,36.0,-20.0,7.0,9.9,-15.0,5035466
45.4889,-114.0942,10.7,84.0,48.0,,59.32,-0.07,9.0,2070.0,2.174,213.0,,53.0,-20.0,7.8,7.9,-15.0,5035467
45.4883,-114.0644,11.2,87.0,40.0,,10.01,-0.06,-5.0,4183.0,2.62,404.0,,58.0,-20.0,15.8,9.5,-15.0,5035468
45.4794,-114.0444,12.3,80.0,35.0,,7.0,-0.07,8.0,4140.0,3.436,587.0,,61.0,-20.0,21.2,9.8,-15.0,5035469
45.4758,-114.0447,12.9,93.0,41.0,,6.87,-0.07,35.0,3814.0,2.842,317.0,,73.0,-20.0,11.6,11.1,-15.0,5035470
45.4336,-114.0031,10.3,70.0,31.0,,5.82,-0.07,18.0,2604.0,2.178,218.0,,32.0,-20.0,6.3,7.2,-15.0,5035471
45.4081,-114.1683,11.1,96.0,45.0,,9.25,-0.08,13.0,5976.0,5.537,547.0,,92.0,-20.0,19.8,24.0,-15.0,5035472
45.4406,-114.1575,17.1,138.0,64.0,,10.23,-0.09,18.0,4030.0,4.515,324.0,,77.0,-20.0,13.4,16.2,-15.0,5035473
45.4606,-114.1447,13.7,119.0,61.0,,20.21,-0.08,31.0,2751.0,2.846,220.0,,44.0,-20.0,7.9,10.3,-15.0,5035474
45.4747,-114.1394,11.4,89.0,54.0,,19.59,-0.06,6.0,2505.0,2.213,284.0,,27.0,-20.0,10.6,8.4,-15.0,5035475
45.4761,-114.1386,12.8,86.0,45.0,,13.03,-0.06,110.0,3012.0,2.684,216.0,,52.0,-20.0,21.7,9.5,-15.0,5035476
45.4128,-114.0119,12.5,118.0,48.0,,15.45,-0.07,8.0,3049.0,2.732,274.0,,43.0,-20.0,11.4,10.0,-15.0,5035477
45.4314,-114.2094,17.0,115.0,54.0,,3.68,-0.11,13.0,5060.0,6.481,236.0,,168.0,-20.0,10.2,34.2,-15.0,5035478
45.4614,-114.2239,8.2,108.0,53.0,,2.63,-0.09,11.0,9070.0,8.11,471.0,,129.0,-20.0,25.2,40.7,-15.0,5035479
45.4636,-114.2272,10.5,147.0,82.0,,3.39,-0.11,8.0,12900.0,7.368,932.0,,145.0,-20.0,37.3,36.3,-15.0,5035480
45.4514,-114.2106,5.1,54.0,24.0,,1.71,-0.13,-5.0,4606.0,4.259,153.0,,85.0,-20.0,5.5,19.4,-15.0,5035481
45.3189,-114.0364,29.8,226.0,69.0,,13.55,-0.1,16.0,5183.0,4.775,712.0,,61.0,-20.0,36.2,15.7,-15.0,5035482
45.3356,-114.0475,16.6,101.0,52.0,,7.36,-0.08,-5.0,4194.0,3.022,452.0,,37.0,-20.0,18.0,11.6,-15.0,5035483
45.3047,-114.0403,21.8,127.0,50.0,,8.55,-0.07,7.0,4564.0,3.01,1364.0,,46.0,-20.0,67.0,13.1,-15.0,5035484
45.3039,-114.0425,10.9,109.0,41.0,,5.43,-0.07,13.0,3113.0,2.26,678.0,,31.0,-20.0,36.9,9.6,-15.0,5035485
45.2894,-114.0744,11.9,81.0,34.0,,3.91,-0.07,6.0,4159.0,2.071,532.0,,38.0,-20.0,25.9,8.4,-15.0,5035486
45.2894,-114.0717,11.7,84.0,37.0,,5.19,-0.05,11.0,2248.0,2.179,735.0,,36.0,-20.0,29.7,8.4,-15.0,5035487
45.2686,-114.0878,7.3,60.0,27.0,,2.85,-0.05,-5.0,2638.0,2.09,309.0,,36.0,-20.0,12.8,8.6,-15.0,5035488
45.2661,-114.0867,15.7,116.0,48.0,,8.64,2.12,19.0,3778.0,2.46,2161.0,,31.0,-20.0,103.6,9.6,18.0,5035489
45.2906,-114.0322,13.4,97.0,32.0,,4.78,-0.07,6.0,4265.0,2.261,602.0,,34.0,-20.0,27.0,10.8,17.0,5035490
45.2847,-114.0378,13.2,85.0,32.0,,4.35,0.35,6.0,3813.0,2.442,456.0,,51.0,-20.0,18.7,10.4,-15.0,5035491
45.2819,-114.3044,23.8,137.0,61.0,,6.32,-0.07,7.0,4104.0,4.487,396.0,,58.0,-20.0,15.7,12.1,-15.0,5035492
45.2844,-114.2961,21.7,126.0,50.0,,7.73,-0.07,6.0,4011.0,4.095,425.0,,64.0,-20.0,16.7,10.5,-15.0,5035493
45.2836,-114.2703,17.3,137.0,59.0,,11.61,-0.07,-5.0,3208.0,2.862,259.0,,41.0,-20.0,9.1,8.9,-15.0,5035494
45.2808,-114.2664,9.8,65.0,30.0,,15.85,-0.06,8.0,2164.0,3.013,322.0,,-8.0,-20.0,10.6,5.6,-15.0,5035495
45.3069,-114.3383,12.8,83.0,32.0,,4.95,-0.08,24.0,3405.0,2.214,328.0,,42.0,-20.0,13.7,7.5,-15.0,5035496
45.3106,-114.3353,27.1,152.0,65.0,,13.2,-0.07,12.0,5414.0,2.612,803.0,,63.0,-20.0,37.2,9.7,-15.0,5035497
45.3519,-114.2797,37.0,205.0,90.0,,19.07,-0.07,12.0,3773.0,3.964,965.0,,60.0,-20.0,44.2,12.6,-15.0,5035498
45.3397,-114.2692,11.5,78.0,34.0,,4.46,-0.05,7.0,2152.0,2.679,284.0,,40.0,-20.0,11.0,7.6,-15.0,5035499
45.3492,-114.2678,25.3,204.0,78.0,,25.59,-0.08,10.0,4733.0,3.848,1099.0,,28.0,-20.0,51.9,13.5,-15.0,5035500
45.3375,-114.2622,14.0,94.0,35.0,,5.45,-0.07,8.0,3517.0,3.385,317.0,,45.0,-20.0,12.0,11.0,-15.0,5035501
45.3308,-114.2436,32.1,214.0,111.0,,67.88,-0.07,12.0,5326.0,3.876,2186.0,,58.0,-20.0,91.2,13.7,22.0,5035502
45.3278,-114.2433,13.2,95.0,51.0,,9.78,-0.07,-5.0,2856.0,3.513,301.0,,43.0,-20.0,12.1,8.5,-15.0,5035503
45.3289,-114.2383,18.2,120.0,43.0,,6.76,-0.07,6.0,3199.0,3.244,453.0,,41.0,-20.0,14.6,9.8,-15.0,5035504
45.3475,-114.2731,18.2,134.0,53.0,,14.48,-0.07,5.0,3504.0,2.859,327.0,,48.0,-20.0,40.9,10.1,-15.0,5035505
45.3894,-114.0497,12.3,86.0,37.0,,5.16,-0.06,19.0,3241.0,2.852,268.0,,51.0,-20.0,10.8,10.3,-15.0,5035506
45.3844,-114.0631,13.4,97.0,40.0,,3.64,-0.06,19.0,3047.0,3.255,345.0,,63.0,-20.0,14.3,11.6,-15.0,5035507
45.3956,-114.1153,16.9,107.0,50.0,,8.16,-0.08,12.0,5021.0,3.16,626.0,,59.0,-20.0,28.3,15.1,-15.0,5035508
45.3933,-114.13,21.9,148.0,51.0,,3.94,-0.1,6.0,7708.0,6.706,507.0,,135.0,-20.0,21.4,32.6,-15.0,5035509
45.5031,-114.4625,56.3,173.0,86.0,,21.93,-0.07,-5.0,4809.0,2.681,703.0,,32.0,-20.0,29.1,8.7,-15.0,5035510
45.5033,-114.4708,94.0,391.0,190.0,,37.66,-0.07,13.0,4250.0,2.201,1338.0,,28.0,-20.0,76.7,8.0,19.0,5035511
45.4958,-114.4842,41.5,216.0,104.0,,24.7,-0.07,8.0,4002.0,2.271,692.0,,41.0,-20.0,34.6,9.7,17.0,5035512
45.505,-114.46,91.1,345.0,171.0,,41.62,-0.07,10.0,5317.0,2.08,1221.0,,27.0,-20.0,67.2,9.7,20.0,5035513
45.4953,-114.4319,45.1,288.0,125.0,,61.98,-0.07,6.0,4896.0,2.632,1072.0,,42.0,-20.0,59.1,9.6,-15.0,5035514
45.4972,-114.4289,27.1,164.0,76.0,,21.3,-0.07,-5.0,3443.0,2.792,711.0,,50.0,-20.0,33.6,10.3,-15.0,5035515
45.4556,-114.4558,28.7,154.0,76.0,,16.32,-0.11,-5.0,4921.0,3.403,990.0,,71.0,-20.0,56.8,12.4,-15.0,5035516
45.4725,-114.4386,36.3,151.0,77.0,,23.36,-0.1,-5.0,4575.0,3.24,725.0,,43.0,-20.0,30.2,11.7,-15.0,5035517
45.4667,-114.3806,42.3,244.0,116.0,,113.8,-0.07,-5.0,3209.0,2.531,746.0,,39.0,-20.0,32.2,8.7,-15.0,5035518
45.3933,-114.2561,31.3,209.0,93.0,,16.73,-0.1,6.0,6220.0,5.169,1016.0,,86.0,-20.0,47.8,22.0,26.0,5035519
45.4333,-114.2636,11.2,125.0,64.0,,2.58,-0.11,13.0,10880.0,7.98,627.0,,151.0,-20.0,31.6,40.1,-15.0,5035520
45.4331,-114.2658,20.8,154.0,63.0,,7.83,-0.08,5.0,5913.0,4.779,549.0,,95.0,-20.0,27.2,25.7,-15.0,5035521
45.4208,-114.2703,19.2,138.0,60.0,,7.43,-0.08,-5.0,5858.0,5.241,759.0,,116.0,-20.0,31.4,27.6,16.0,5035522
45.4214,-114.2853,33.1,233.0,91.0,,30.64,-0.07,-5.0,4607.0,3.149,901.0,,40.0,-20.0,40.7,12.0,-15.0,5035523
45.4606,-114.3481,24.2,142.0,62.0,,8.05,-0.1,9.0,4301.0,3.443,582.0,,44.0,-20.0,26.8,11.8,24.0,5035524
45.3972,-114.4419,20.7,127.0,62.0,,45.9,-0.08,-5.0,1564.0,1.232,408.0,,-12.0,-20.0,21.0,4.9,-15.0,5035525
45.4156,-114.3786,41.0,165.0,65.0,,9.38,-0.07,8.0,3634.0,3.243,259.0,,59.0,-20.0,10.3,9.8,15.0,5035526
45.4275,-114.3622,21.9,143.0,61.0,,5.02,-0.07,12.0,4055.0,3.353,393.0,,35.0,-20.0,15.2,9.1,-15.0,5035527
45.4561,-114.3208,37.2,199.0,69.0,,8.73,-0.1,-5.0,6138.0,4.24,340.0,,52.0,-20.0,13.8,17.4,-15.0,5035528
45.4231,-114.2839,31.1,271.0,110.0,,11.34,-0.08,11.0,5013.0,3.142,980.0,,56.0,-20.0,46.0,16.9,-15.0,5035529
45.3442,-114.4628,216.1,1055.0,419.0,,39.51,-0.09,-5.0,5920.0,3.1,1231.0,,75.0,-20.0,193.3,10.2,-15.0,5035530
45.3706,-114.4781,55.2,282.0,111.0,,25.21,-0.06,-5.0,3549.0,2.025,942.0,,39.0,-20.0,42.2,8.2,27.0,5035531
45.3683,-114.4783,17.4,133.0,50.0,,5.24,-0.07,-5.0,4186.0,3.023,449.0,,70.0,-20.0,17.0,8.3,-15.0,5035532
45.3403,-114.4603,33.0,176.0,78.0,,21.23,-0.07,5.0,4750.0,2.198,752.0,,51.0,-20.0,35.1,9.3,27.0,5035533
45.1461,-114.2217,9.8,249.0,112.0,,8.7,-0.08,12.0,15520.0,9.419,415.0,,90.0,-20.0,12.0,18.6,-15.0,5035534
45.16,-114.2528,25.5,181.0,79.0,,26.8,-0.08,8.0,5698.0,3.68,773.0,,55.0,-20.0,37.1,14.7,-15.0,5035535
45.2483,-114.2797,15.5,95.0,41.0,,8.59,-0.06,8.0,3363.0,2.294,601.0,,38.0,-20.0,26.1,7.9,-15.0,5035536
45.2503,-114.3167,24.8,228.0,75.0,,4.99,-0.1,8.0,7319.0,7.616,847.0,,117.0,-20.0,51.1,35.3,-15.0,5035537
45.2747,-114.3319,30.4,156.0,63.0,,6.16,-0.06,9.0,4994.0,4.092,687.0,,57.0,-20.0,30.1,15.4,18.0,5035538
45.3261,-114.4239,31.0,191.0,81.0,,14.6,-0.08,9.0,4770.0,4.698,541.0,,63.0,-20.0,23.2,11.9,-15.0,5035539
45.3197,-114.4483,27.3,172.0,63.0,,6.23,-0.06,6.0,3506.0,2.701,532.0,,54.0,-20.0,24.7,7.1,-15.0,5035540
45.3761,-114.2772,40.3,222.0,80.0,,15.24,3.37,17.0,10080.0,5.826,1380.0,,65.0,-20.0,76.1,25.8,-15.0,5035541
45.3628,-114.2978,24.0,164.0,73.0,,12.16,3.69,26.0,4318.0,3.868,1029.0,,43.0,-20.0,35.4,10.3,19.0,5035542
45.3131,-114.4047,19.8,142.0,60.0,,7.63,-0.05,9.0,4283.0,3.108,460.0,,45.0,-20.0,20.3,9.0,-15.0,5035543
45.3122,-114.4011,80.9,559.0,238.0,,30.1,1.14,179.0,15100.0,8.851,4518.0,,110.0,58.0,272.2,16.3,-15.0,5035544
45.3039,-114.3939,24.9,154.0,68.0,,9.62,0.16,132.0,4870.0,3.693,945.0,,54.0,-20.0,38.4,11.7,-15.0,5035545
45.2975,-114.3614,58.0,391.0,167.0,,26.77,2.1,5911.0,8491.0,8.482,5165.0,,78.0,22.0,222.5,10.7,25.0,5035546
45.2711,-114.3358,42.2,214.0,76.0,,10.33,-0.11,17.0,6547.0,5.723,366.0,,53.0,-20.0,17.9,17.9,-15.0,5035547
45.2567,-114.3211,48.2,228.0,89.0,,7.76,-0.1,11.0,9108.0,5.904,660.0,,80.0,-20.0,28.0,20.3,-15.0,5035548
45.2289,-114.3206,70.9,267.0,129.0,,38.21,-0.09,24.0,5138.0,5.253,264.0,,56.0,-20.0,12.4,17.5,18.0,5035549
45.2175,-114.3214,64.3,385.0,173.0,,30.04,0.72,433.0,12310.0,7.103,4399.0,,87.0,54.0,209.9,10.8,25.0,5035550
45.2075,-114.3211,77.7,455.0,187.0,,29.44,0.18,198.0,13400.0,6.612,4905.0,,86.0,48.0,229.3,12.2,27.0,5035551
45.1489,-114.2383,20.9,161.0,70.0,,10.9,0.34,465.0,5613.0,3.768,1549.0,,44.0,-20.0,68.9,8.4,-15.0,5035552
45.1992,-115.8589,34.8,230.0,111.0,,8.77,-0.06,39.0,3006.0,1.899,208.0,,31.0,-20.0,8.0,6.4,18.0,5035553
45.1611,-115.8925,12.7,87.0,63.0,,29.55,-0.09,25.0,2245.0,1.995,127.0,,25.0,-20.0,5.0,6.7,-15.0,5035554
45.1611,-115.8939,20.1,150.0,77.0,,7.91,-0.06,13.0,1764.0,1.128,185.0,,15.0,-20.0,6.3,3.9,-15.0,5035555
45.1664,-115.8767,28.6,237.0,117.0,,6.24,-0.05,9.0,1767.0,1.244,176.0,,16.0,-20.0,6.9,3.5,-15.0,5035556
45.1706,-115.8678,11.8,94.0,45.0,,1.65,-0.03,-5.0,-458.0,0.6813,127.0,,-5.0,-20.0,4.2,1.7,-15.0,5035557
45.3442,-115.6986,65.3,415.0,198.0,,9.8,-0.06,43.0,2920.0,2.05,365.0,,27.0,-20.0,14.8,5.1,18.0,5035558
45.3419,-115.6947,76.7,535.0,265.0,,7.37,0.5,37.0,1488.0,1.109,226.0,,19.0,-20.0,10.4,3.0,22.0,5035559
45.1636,-114.2825,21.9,124.0,57.0,,6.51,-0.08,14.0,4277.0,3.391,340.0,,57.0,-20.0,16.8,12.4,-15.0,5035560
45.1639,-114.2975,13.9,114.0,51.0,,21.0,-0.07,82.0,2673.0,5.126,435.0,,41.0,-20.0,17.8,7.2,-15.0,5035561
45.1697,-114.3083,31.6,234.0,101.0,,16.63,3.38,3998.0,6134.0,6.586,2873.0,,70.0,-20.0,130.7,9.2,19.0,5035562
45.1756,-114.3144,31.0,116.0,48.0,,18.33,-0.06,24.0,2506.0,1.944,279.0,,33.0,-20.0,16.1,5.6,19.0,5035563
45.1758,-114.3122,19.5,137.0,57.0,,8.17,-0.07,197.0,5319.0,3.232,1267.0,,56.0,-20.0,51.0,7.7,-15.0,5035564
45.2028,-114.3158,30.3,173.0,85.0,,19.58,-0.09,14.0,5188.0,4.337,298.0,,83.0,-20.0,14.7,15.7,-15.0,5035565
45.3994,-114.0292,11.7,107.0,50.0,,9.74,-0.06,7.0,2351.0,2.277,328.0,,54.0,-20.0,12.8,8.1,-15.0,5035566
45.3822,-114.0628,27.5,168.0,72.0,,6.61,-0.06,17.0,3574.0,2.501,476.0,,78.0,-20.0,22.5,7.6,17.0,5035567
45.3747,-114.0867,21.1,129.0,56.0,,18.27,2.5,12.0,8456.0,5.079,1343.0,,83.0,-20.0,65.3,21.4,19.0,5035568
45.3825,-114.1056,19.6,96.0,41.0,,5.44,-0.08,54.0,5606.0,5.395,522.0,,137.0,-20.0,18.6,25.4,-15.0,5035569
45.3908,-114.1417,44.6,243.0,109.0,,20.47,-0.09,9.0,5700.0,4.709,661.0,,71.0,-20.0,34.0,16.9,26.0,5035570
45.3958,-114.1694,45.0,204.0,79.0,,11.55,-0.08,20.0,7606.0,2.733,1513.0,,83.0,-20.0,73.3,21.6,-15.0,5035571
45.3975,-114.1861,34.2,249.0,117.0,,94.55,-0.1,10.0,6245.0,3.526,1439.0,,45.0,-20.0,74.3,17.1,-15.0,5035572
45.3975,-114.2053,14.2,88.0,42.0,,18.9,-0.08,14.0,3639.0,3.173,232.0,,98.0,-20.0,8.0,11.7,-15.0,5035573
45.3794,-114.2725,37.0,173.0,65.0,,8.81,-0.1,16.0,8062.0,7.269,653.0,,56.0,-20.0,27.6,22.2,20.0,5035574
45.3603,-114.3125,46.4,253.0,97.0,,32.44,0.61,20.0,4588.0,3.379,900.0,,92.0,-20.0,56.6,11.7,-15.0,5035575
45.2136,-115.8067,28.0,196.0,89.0,,6.62,-0.05,8.0,1464.0,0.8917,122.0,,-7.0,-20.0,5.1,2.5,-15.0,5035576
45.3514,-114.3269,18.4,110.0,52.0,,7.37,-0.06,6.0,3042.0,2.79,437.0,,67.0,-20.0,20.1,10.1,-15.0,5035577
45.3417,-114.3361,25.4,167.0,71.0,,25.21,0.46,-5.0,3309.0,1.895,463.0,,40.0,-20.0,26.5,6.5,-15.0,5035578
45.3308,-114.3653,33.4,153.0,59.0,,14.95,-0.09,6.0,4454.0,3.194,663.0,,57.0,-20.0,25.2,12.9,19.0,5035579
45.3211,-114.3886,27.7,245.0,96.0,,18.34,-0.08,-5.0,3675.0,3.42,479.0,,45.0,-20.0,18.9,8.6,15.0,5035580
45.0592,-115.7672,15.4,96.0,45.0,,2.47,-0.05,5.0,2044.0,1.747,165.0,,-6.0,-20.0,5.6,3.9,-15.0,5035581
45.0614,-115.7692,95.2,624.0,304.0,,8.31,-0.05,7.0,-555.0,0.915,338.0,,22.0,-20.0,15.6,2.2,-15.0,5035582
45.0831,-115.7833,22.6,181.0,87.0,,8.06,-0.06,6.0,1093.0,1.242,178.0,,25.0,-20.0,6.1,3.1,-15.0,5035583
45.0828,-115.7864,22.9,183.0,80.0,,3.22,-0.06,11.0,3178.0,2.248,215.0,,19.0,-20.0,8.4,5.2,-15.0,5035584
45.0653,-115.8394,14.0,110.0,63.0,,26.39,-0.05,14.0,2054.0,1.803,151.0,,28.0,-20.0,4.4,4.5,-15.0,5035585
45.0547,-115.87,50.5,380.0,185.0,,25.43,-0.07,20.0,2158.0,1.931,194.0,,24.0,-20.0,9.4,5.2,-15.0,5035586
45.0519,-115.8972,60.8,438.0,213.0,,3.78,-0.05,8.0,1088.0,0.8876,294.0,,-7.0,-20.0,11.8,2.2,-15.0,5035587
45.0225,-115.9269,22.0,172.0,88.0,,13.19,-0.07,9.0,2798.0,1.661,186.0,,-9.0,-20.0,7.2,5.1,-15.0,5035588
45.0119,-115.9478,17.3,116.0,65.0,,11.41,-0.06,7.0,1550.0,1.655,146.0,,-8.0,-20.0,5.3,4.0,-15.0,5035589
45.0003,-115.9453,29.7,211.0,104.0,,5.16,-0.05,6.0,1717.0,1.187,221.0,,17.0,-20.0,9.6,3.3,-15.0,5035590
45.0489,-115.9039,17.7,131.0,70.0,,5.0,-0.06,-5.0,1793.0,1.48,142.0,,-8.0,-20.0,5.5,4.0,-15.0,5035591
45.0472,-115.6667,24.8,158.0,67.0,,3.65,-0.06,-5.0,1548.0,1.882,118.0,,-7.0,-20.0,5.0,3.1,-15.0,5035592
45.0428,-115.6769,28.2,185.0,92.0,,16.89,-0.04,5.0,750.0,0.9057,138.0,,11.0,-20.0,6.5,2.2,-15.0,5035593
45.0314,-115.6944,30.8,199.0,95.0,,11.75,-0.05,22.0,-699.0,1.381,145.0,,-7.0,-20.0,6.0,2.7,-15.0,5035594
45.035,-115.735,37.9,236.0,113.0,,5.61,-0.04,8.0,-676.0,0.8353,140.0,,-7.0,-20.0,5.0,1.6,-15.0,5035595
45.0419,-115.7467,131.9,881.0,410.0,,12.17,-0.05,8.0,843.0,0.8092,371.0,,24.0,-20.0,20.6,2.0,28.0,5035596
45.0533,-115.7486,19.3,134.0,65.0,,5.89,-0.05,11.0,1178.0,1.302,131.0,,-6.0,-20.0,4.4,2.1,-15.0,5035597
45.0969,-115.7089,22.5,150.0,75.0,,5.94,-0.06,6.0,1303.0,1.13,148.0,,-8.0,-20.0,4.7,2.6,16.0,5035598
45.0186,-115.7144,26.4,197.0,98.0,,12.23,0.08,93.0,2203.0,1.904,160.0,,-9.0,-20.0,8.0,4.5,-15.0,5035599
45.0044,-115.6933,36.8,236.0,119.0,,34.09,-0.05,18.0,1003.0,1.284,178.0,,26.0,-20.0,6.7,2.5,-15.0,5035600
45.01,-115.4728,15.5,121.0,61.0,,53.58,-0.05,17.0,1893.0,1.236,202.0,,31.0,-20.0,5.5,2.7,-15.0,5035601
45.0089,-115.47,14.7,106.0,53.0,,15.39,-0.06,10.0,2880.0,2.911,218.0,,27.0,-20.0,19.0,10.6,-15.0,5035602
45.0067,-115.3933,9.8,96.0,42.0,,7.77,-0.06,28.0,4443.0,3.243,246.0,,19.0,-20.0,14.2,10.7,-15.0,5035603
45.0286,-115.4,11.8,83.0,41.0,,9.85,-0.1,36.0,2623.0,3.226,162.0,,16.0,-20.0,37.5,15.6,-15.0,5035604
45.02,-115.3931,9.6,75.0,43.0,,13.8,-0.07,77.0,3514.0,2.515,195.0,,-9.0,-20.0,6.8,7.1,-15.0,5035605
45.0269,-115.4033,12.3,111.0,60.0,,12.44,-0.06,8.0,4994.0,2.187,212.0,,-10.0,-20.0,14.2,8.5,-15.0,5035606
45.0306,-115.4067,49.8,388.0,196.0,,20.51,-0.06,28.0,6990.0,2.045,411.0,,24.0,-20.0,11.0,5.0,32.0,5035607
45.0367,-115.4164,29.1,230.0,127.0,,21.87,0.21,17.0,3050.0,2.714,249.0,,-12.0,-20.0,7.7,4.6,-15.0,5035608
45.0628,-115.4156,31.0,266.0,132.0,,16.72,0.13,54.0,2916.0,1.864,255.0,,16.0,-20.0,7.9,4.8,-15.0,5035609
45.1247,-114.4969,69.0,549.0,279.0,,39.97,0.16,12.0,2295.0,1.821,463.0,,32.0,51.0,14.8,4.7,-15.0,5035610
45.1364,-114.4892,69.6,566.0,292.0,,42.65,-0.06,7.0,-729.0,2.301,278.0,,24.0,30.0,15.8,5.5,-15.0,5035611
45.1486,-114.4767,50.1,394.0,196.0,,98.96,-0.07,15.0,1409.0,2.041,675.0,,27.0,68.0,10.7,4.9,31.0,5035612
45.1508,-114.4772,18.7,114.0,67.0,,119.7,-0.08,12.0,1765.0,3.256,648.0,,48.0,30.0,10.5,11.6,-15.0,5035613
45.1556,-114.4694,10.7,68.0,61.0,,47.86,-0.06,10.0,2728.0,2.882,465.0,,42.0,23.0,5.7,7.6,23.0,5035614
45.1575,-114.4503,9.9,66.0,53.0,,62.37,-0.07,10.0,1824.0,2.369,275.0,,57.0,-20.0,6.1,8.2,35.0,5035615
45.1631,-114.4383,19.7,152.0,64.0,,15.8,-0.08,5.0,5034.0,3.096,289.0,,92.0,-20.0,29.2,10.4,-15.0,5035616
45.1653,-114.4256,12.1,93.0,36.0,,38.22,-0.06,10.0,2622.0,2.672,226.0,,23.0,-20.0,24.1,7.5,-15.0,5035617
45.1756,-114.4067,9.3,67.0,30.0,,13.26,-0.05,-5.0,2443.0,1.911,211.0,,20.0,-20.0,15.7,6.3,-15.0,5035618
45.1678,-114.3689,17.5,108.0,47.0,,25.16,-0.07,76.0,3458.0,5.155,290.0,,39.0,-20.0,15.6,10.1,-15.0,5035619
45.1581,-114.3694,47.0,295.0,133.0,,20.8,2.43,932.0,2748.0,12.96,196.0,,50.0,-20.0,134.0,7.3,-15.0,5035620
45.1583,-114.3714,15.0,127.0,55.0,,13.47,0.24,8.0,2779.0,3.508,200.0,,24.0,-20.0,34.5,6.6,-15.0,5035621
45.1656,-114.3675,46.3,245.0,121.0,,9.5,0.14,212.0,3230.0,8.37,244.0,,51.0,-20.0,98.9,6.7,-15.0,5035622
45.1069,-114.1783,24.2,238.0,103.0,,63.85,-0.1,25.0,2915.0,12.52,219.0,,56.0,-20.0,44.7,10.5,-15.0,5035623
45.1089,-114.1761,48.4,280.0,130.0,,12.52,0.33,28.0,3113.0,7.576,315.0,,49.0,-20.0,54.8,9.7,-15.0,5035624
45.0875,-114.1497,84.5,530.0,259.0,,18.02,8.97,30.0,2665.0,11.11,164.0,,85.0,-20.0,105.9,17.0,-15.0,5035625
45.0692,-114.1381,21.9,150.0,59.0,,4.35,-0.05,9.0,3046.0,3.808,337.0,,28.0,-20.0,15.2,5.6,-15.0,5035626
45.0689,-114.1361,7.4,55.0,26.0,,5.37,-0.04,10.0,1873.0,1.99,369.0,,16.0,-20.0,17.8,4.3,-15.0,5035627
45.0947,-114.1517,18.9,160.0,61.0,,5.42,0.2,11.0,6094.0,6.463,331.0,,56.0,-20.0,37.5,11.3,-15.0,5035628
45.0822,-114.1619,109.9,337.0,123.0,,8.18,0.25,12.0,3202.0,5.951,225.0,,87.0,-20.0,282.3,21.5,-15.0,5035629
45.0131,-114.0897,51.5,216.0,95.0,,3.41,-0.09,8.0,3461.0,5.431,281.0,,67.0,-20.0,47.0,20.4,-15.0,5035630
45.2408,-115.7533,31.7,158.0,55.0,,2.5,3.91,25.0,2480.0,3.736,128.0,,61.0,-20.0,156.4,18.5,-15.0,5035631
45.2258,-115.8033,76.5,292.0,113.0,,8.16,0.47,8.0,1268.0,3.95,198.0,,51.0,-20.0,443.8,20.4,15.0,5035632
45.2272,-115.8033,16.5,109.0,48.0,,7.72,-0.05,7.0,1306.0,1.52,138.0,,36.0,-20.0,29.9,4.6,-15.0,5035633
45.3831,-114.1044,47.5,265.0,133.0,,12.22,-0.07,12.0,4477.0,2.195,779.0,,20.0,-20.0,29.6,9.5,-15.0,5035634
45.4,-114.1692,346.4,1885.0,945.0,,7.61,-0.08,36.0,16050.0,1.376,2399.0,,41.0,-20.0,54.5,3.8,-15.0,5035635
45.3986,-114.2283,49.1,269.0,142.0,,9.24,-0.05,15.0,6727.0,1.205,1086.0,,23.0,-20.0,6.5,3.0,-15.0,5035636
45.3983,-114.2456,79.1,422.0,214.0,,20.43,-0.1,-5.0,5446.0,3.944,490.0,,58.0,-20.0,20.9,10.4,-15.0,5035637
45.2644,-114.1181,41.1,297.0,142.0,,2.98,-0.07,5.0,2597.0,2.05,230.0,,-10.0,-20.0,7.4,4.9,-15.0,5035638
45.2794,-114.1547,14.9,108.0,55.0,,2.82,-0.04,-5.0,2982.0,0.8363,327.0,,10.0,-20.0,4.4,1.3,-15.0,5035639
45.3422,-114.1364,216.5,1047.0,512.0,,13.95,-0.09,8.0,4816.0,1.875,1400.0,,18.0,-20.0,27.5,6.2,-15.0,5035640
45.3433,-114.1344,90.4,498.0,251.0,,13.08,-0.08,12.0,4626.0,3.285,1729.0,,46.0,-20.0,54.2,10.6,-15.0,5035641
45.3472,-114.1436,214.7,1022.0,534.0,,63.32,-0.09,6.0,4206.0,3.152,706.0,,50.0,-20.0,44.7,10.8,-15.0,5035642
45.2547,-114.1,132.8,640.0,318.0,,3.74,-0.07,-5.0,2164.0,2.474,394.0,,27.0,-20.0,18.7,6.8,-15.0,5035643
45.2008,-115.9561,25.5,130.0,68.0,,3.13,-0.06,8.0,3655.0,2.822,275.0,,36.0,-20.0,6.7,7.3,-15.0,5035644
45.2,-115.9539,39.2,212.0,102.0,,3.79,-0.07,6.0,3522.0,2.747,366.0,,46.0,-20.0,10.2,8.4,-15.0,5035645
45.2264,-115.9417,48.8,287.0,148.0,,6.99,-0.11,5.0,4924.0,6.278,317.0,,112.0,-20.0,17.1,19.4,-15.0,5035646
45.2197,-115.9303,103.8,564.0,291.0,,7.59,-0.09,-5.0,3208.0,3.297,181.0,,70.0,-20.0,16.0,12.2,-15.0,5035647
45.1811,-115.9861,7.3,73.0,35.0,,2.86,-0.06,6.0,4002.0,2.052,455.0,,52.0,-20.0,7.7,8.5,-15.0,5035648
45.1767,-115.9867,18.2,124.0,56.0,,3.92,-0.06,21.0,4604.0,3.421,337.0,,70.0,-20.0,8.9,9.6,-15.0,5035649
45.0847,-115.9969,9.8,82.0,46.0,,4.71,-0.06,-5.0,5508.0,1.894,736.0,,38.0,-20.0,5.9,6.6,-15.0,5035650
45.0767,-115.9842,13.2,105.0,57.0,,4.45,-0.08,7.0,3649.0,3.116,218.0,,47.0,-20.0,9.6,8.4,-15.0,5035651
45.0617,-115.9958,12.1,95.0,80.0,,4.39,-0.08,-5.0,3651.0,2.62,452.0,,59.0,-20.0,10.3,9.0,-15.0,5035652
45.2464,-115.6506,16.6,127.0,57.0,,5.89,-0.06,108.0,1815.0,2.459,263.0,,70.0,-20.0,20.3,7.4,-15.0,5035653
45.2442,-115.6367,6.2,41.0,29.0,,10.52,0.17,26.0,1401.0,1.403,155.0,,29.0,-20.0,5.0,3.9,-15.0,5035654
45.2428,-115.6408,6.3,47.0,26.0,,2.61,-0.04,68.0,1722.0,1.398,155.0,,43.0,-20.0,7.6,4.5,-15.0,5035655
45.2467,-115.6531,81.5,178.0,79.0,,3.85,-0.05,36.0,1947.0,1.575,289.0,,22.0,-20.0,23.2,3.7,16.0,5035656
45.2364,-115.6781,82.9,157.0,65.0,,5.49,-0.05,155.0,2583.0,1.664,434.0,,-10.0,-20.0,18.4,3.3,15.0,5035657
45.2364,-115.675,134.2,281.0,126.0,,4.12,-0.05,197.0,1534.0,1.487,245.0,,-8.0,-20.0,34.8,3.1,-15.0,5035658
45.1031,-114.4392,95.4,246.0,124.0,,42.13,-0.05,-5.0,3033.0,1.501,205.0,,-9.0,-20.0,29.5,3.4,-15.0,5035659
45.1008,-114.4372,108.7,292.0,138.0,,56.22,-0.07,10.0,3828.0,2.174,185.0,,21.0,-20.0,23.9,5.0,-15.0,5035660
45.0961,-114.46,41.1,118.0,63.0,,36.52,-0.07,-5.0,3823.0,1.696,188.0,,48.0,-20.0,14.7,6.0,-15.0,5035661
45.1836,-114.1433,8.3,60.0,27.0,,4.38,-0.04,11.0,3614.0,2.211,539.0,,48.0,-20.0,9.0,9.5,-15.0,5035662
45.1861,-114.12,8.5,77.0,39.0,,3.86,-0.05,-5.0,3254.0,1.939,455.0,,42.0,-20.0,7.5,6.7,-15.0,5035663
45.1936,-114.1361,9.4,72.0,31.0,,5.26,-0.08,-5.0,3457.0,2.557,480.0,,52.0,-20.0,9.8,9.3,-15.0,5035664
45.2025,-114.1322,20.9,113.0,47.0,,5.44,-0.07,10.0,3068.0,3.801,393.0,,43.0,-20.0,15.9,8.2,-15.0,5035665
45.2075,-114.1342,6.6,44.0,22.0,,12.82,0.1,19.0,5655.0,6.799,2282.0,,33.0,99.0,4.7,5.6,38.0,5035666
45.2161,-114.1586,8.3,67.0,33.0,,4.76,-0.05,9.0,3070.0,2.054,575.0,,28.0,-20.0,5.9,7.1,-15.0,5035667
45.2122,-114.1636,10.0,76.0,29.0,,12.96,-0.07,19.0,5071.0,3.742,2046.0,,34.0,130.0,8.1,7.0,27.0,5035668
45.2169,-114.1747,7.0,85.0,37.0,,5.32,-0.05,7.0,3851.0,2.071,661.0,,18.0,38.0,5.2,5.0,-15.0,5035669
45.215,-114.1856,9.3,77.0,38.0,,11.25,-0.04,10.0,4390.0,1.924,1120.0,,33.0,88.0,10.5,6.5,-15.0,5035670
45.2131,-114.1853,7.6,61.0,31.0,,15.72,-0.05,-5.0,4670.0,1.635,1081.0,,25.0,70.0,2.8,4.4,33.0,5035671
45.2325,-114.2144,12.4,90.0,41.0,,6.71,-0.06,28.0,2260.0,2.245,668.0,,46.0,26.0,19.4,7.2,-15.0,5035672
45.2222,-114.1197,12.3,101.0,36.0,,4.1,-0.05,15.0,2411.0,1.857,542.0,,22.0,-20.0,21.1,4.6,-15.0,5035673
45.2247,-114.1156,12.4,88.0,36.0,,5.16,-0.05,145.0,2827.0,2.95,548.0,,135.0,-20.0,10.2,10.3,-15.0,5035674
45.2197,-114.1058,7.6,61.0,29.0,,23.53,-0.04,22.0,10010.0,1.555,4484.0,,26.0,-20.0,6.0,5.8,46.0,5035675
45.2328,-114.0933,10.4,60.0,30.0,,10.39,-0.04,81.0,4347.0,1.697,1243.0,,28.0,-20.0,6.1,4.4,-15.0,5035676
45.2394,-114.0739,14.7,100.0,45.0,,14.47,-0.05,8.0,9825.0,1.528,2905.0,,16.0,-20.0,4.8,4.9,16.0,5035677
45.2378,-114.0742,72.1,440.0,197.0,,47.43,-0.04,19.0,12850.0,0.9289,7747.0,,20.0,-20.0,10.2,2.8,30.0,5035678
45.11,-114.115,27.4,179.0,84.0,,5.35,-0.03,13.0,3004.0,0.9164,595.0,,-6.0,-20.0,4.3,2.7,-15.0,5035679
45.2539,-115.8972,25.7,128.0,50.0,,5.31,-0.06,11.0,1958.0,1.888,420.0,,29.0,-20.0,23.5,8.9,-15.0,5035680
45.2569,-115.8789,36.0,360.0,149.0,,25.17,-0.1,26.0,1956.0,8.794,1488.0,,156.0,-20.0,115.1,37.1,25.0,5035681
45.2633,-115.8225,39.4,221.0,85.0,,7.05,-0.06,13.0,-663.0,4.183,433.0,,66.0,-20.0,40.5,17.2,-15.0,5035682
45.2614,-115.825,27.1,141.0,60.0,,6.58,-0.05,15.0,2758.0,2.352,469.0,,28.0,-20.0,11.9,8.9,20.0,5035683
45.2517,-115.8103,5.3,65.0,25.0,,4.61,-0.05,5.0,1308.0,1.12,123.0,,17.0,-20.0,5.6,4.5,-15.0,5035684
45.2536,-115.8139,6.4,56.0,27.0,,2.68,-0.04,6.0,-547.0,2.02,141.0,,25.0,-20.0,12.0,6.1,17.0,5035685
45.2722,-115.8383,32.5,153.0,68.0,,16.97,-0.07,17.0,2913.0,3.039,610.0,,52.0,-20.0,58.0,15.2,20.0,5035686
45.2733,-115.835,20.3,138.0,58.0,,10.49,-0.07,15.0,4622.0,2.671,1205.0,,41.0,-20.0,70.1,13.4,22.0,5035687
45.2864,-115.8406,30.1,171.0,89.0,,13.64,-0.07,6.0,4243.0,2.925,556.0,,24.0,-20.0,22.9,11.4,-15.0,5035688
45.2911,-115.8367,8.3,96.0,34.0,,15.4,-0.06,9.0,3790.0,2.996,434.0,,29.0,-20.0,20.1,7.8,-15.0,5035689
45.3089,-115.8214,13.9,91.0,34.0,,7.04,-0.05,17.0,2510.0,3.214,185.0,,32.0,-20.0,11.3,12.7,-15.0,5035690
45.3364,-115.8072,9.5,73.0,36.0,,8.38,-0.05,8.0,2033.0,1.931,166.0,,-7.0,-20.0,14.5,8.7,-15.0,5035691
45.3608,-115.7797,4.6,39.0,19.0,,7.96,-0.04,22.0,3435.0,1.504,280.0,,19.0,-20.0,5.3,4.9,-15.0,5035692
45.3617,-115.7833,7.4,54.0,23.0,,17.04,-0.05,16.0,3681.0,1.501,315.0,,13.0,-20.0,5.3,5.8,18.0,5035693
45.3389,-115.7617,30.0,178.0,86.0,,4.82,-0.11,5.0,5539.0,3.073,230.0,,67.0,-20.0,7.6,8.1,26.0,5035694
45.3572,-115.7544,14.2,79.0,49.0,,3.9,-0.1,14.0,4844.0,2.895,268.0,,-10.0,-20.0,9.1,7.3,-15.0,5035695
45.3719,-115.75,82.3,479.0,230.0,,11.01,-0.07,14.0,3635.0,2.473,520.0,,38.0,-20.0,19.9,6.2,-15.0,5035696
45.2764,-115.8586,66.6,328.0,156.0,,5.99,-0.05,14.0,1382.0,0.9321,341.0,,17.0,-20.0,9.4,2.9,-15.0,5035697
45.2517,-115.5414,23.8,160.0,83.0,,29.88,-0.07,8.0,1527.0,1.589,142.0,,28.0,-20.0,5.3,3.8,-15.0,5035698
45.2586,-115.5403,22.3,144.0,70.0,,11.87,-0.07,7.0,1860.0,1.885,130.0,,30.0,-20.0,4.6,5.3,-15.0,5035699
45.2589,-115.5367,68.1,388.0,191.0,,64.79,-0.07,14.0,1601.0,1.931,194.0,,56.0,20.0,7.1,5.9,-15.0,5035700
45.28,-115.5819,17.4,133.0,66.0,,11.33,-0.08,24.0,2648.0,2.017,200.0,,21.0,-20.0,6.7,5.2,-15.0,5035701
45.255,-115.5008,32.4,194.0,87.0,,13.55,-0.06,5.0,1139.0,1.351,125.0,,20.0,-20.0,5.3,2.9,-15.0,5035702
45.2553,-115.5103,20.4,125.0,64.0,,6.0,-0.06,-5.0,1981.0,1.865,147.0,,17.0,-20.0,5.3,5.6,-15.0,5035703
45.2289,-115.5572,26.5,203.0,98.0,,8.32,-0.06,16.0,2114.0,1.464,253.0,,21.0,-20.0,8.9,4.4,-15.0,5035704
45.2203,-115.5703,18.3,134.0,69.0,,3.43,-0.09,5.0,3255.0,2.395,221.0,,39.0,-20.0,7.9,7.2,17.0,5035705
45.2194,-115.5797,28.6,244.0,130.0,,12.15,-0.07,13.0,2004.0,1.63,195.0,,18.0,-20.0,7.0,4.8,25.0,5035706
45.1542,-115.5883,49.5,367.0,185.0,,5.62,-0.05,12.0,1292.0,0.9867,257.0,,-6.0,-20.0,10.2,2.5,-15.0,5035707
45.0003,-114.7275,10.8,122.0,57.0,,15.55,-0.09,8.0,3690.0,3.412,419.0,,39.0,-20.0,12.6,9.8,-15.0,5035708
45.2394,-115.8142,25.5,157.0,80.0,,4.15,-0.07,7.0,-741.0,1.453,186.0,,-8.0,-20.0,6.2,4.0,-15.0,5035709
45.2358,-115.8769,15.1,84.0,51.0,,9.05,-0.1,5.0,3697.0,1.737,187.0,,26.0,-20.0,6.1,7.9,-15.0,5035710
45.2297,-115.8756,43.3,239.0,128.0,,7.48,-0.07,13.0,2709.0,1.763,223.0,,36.0,-20.0,8.7,6.3,-15.0,5035711
45.2214,-115.8786,41.8,253.0,128.0,,7.54,-0.06,-5.0,1476.0,1.168,211.0,,-7.0,-20.0,8.4,4.0,-15.0,5035712
45.2211,-115.8775,18.5,133.0,72.0,,18.6,-0.1,7.0,3008.0,1.448,133.0,,-12.0,-20.0,4.8,4.6,-15.0,5035713
45.1719,-115.8353,16.6,134.0,68.0,,3.14,-0.07,5.0,2717.0,1.361,175.0,,14.0,-20.0,5.7,5.2,-15.0,5035714
45.1475,-115.8514,11.8,94.0,46.0,,4.84,-0.07,-5.0,1523.0,1.383,120.0,,39.0,-20.0,4.3,5.3,-15.0,5035715
45.1478,-115.8542,15.9,125.0,73.0,,17.05,-0.07,10.0,2036.0,1.418,168.0,,27.0,-20.0,5.8,4.8,-15.0,5035716
45.1867,-115.8322,18.8,145.0,72.0,,3.78,-0.07,11.0,1608.0,1.368,187.0,,-8.0,-20.0,7.3,4.1,-15.0,5035717
45.1892,-115.83,65.6,422.0,216.0,,9.53,-0.08,13.0,2362.0,1.557,264.0,,-10.0,-20.0,10.5,4.9,-15.0,5035718
45.2158,-115.6075,20.5,166.0,77.0,,7.63,-0.06,39.0,1405.0,1.592,157.0,,-7.0,-20.0,5.0,4.4,16.0,5035719
45.2031,-115.6014,23.2,185.0,85.0,,9.91,-0.07,25.0,2696.0,2.174,186.0,,-8.0,-20.0,6.4,6.2,-15.0,5035720
45.1878,-115.5719,38.3,293.0,148.0,,3.2,-0.08,26.0,2110.0,1.841,198.0,,29.0,-20.0,8.5,4.9,-15.0,5035721
45.1714,-115.5758,90.6,674.0,338.0,,12.19,-0.08,17.0,2579.0,1.565,384.0,,27.0,-20.0,16.0,4.4,-15.0,5035722
45.1528,-115.5828,22.2,157.0,79.0,,7.5,-0.05,5.0,1955.0,1.732,198.0,,17.0,-20.0,7.3,4.5,-15.0,5035723
45.1314,-115.5811,39.3,246.0,131.0,,29.77,-0.07,6.0,1623.0,1.607,235.0,,18.0,-20.0,9.0,4.0,18.0,5035724
45.1194,-115.5919,11.9,93.0,44.0,,4.35,-0.09,5.0,4957.0,3.338,236.0,,68.0,-20.0,9.1,11.3,-15.0,5035725
45.1164,-115.5925,12.7,98.0,54.0,,20.22,-0.1,10.0,3679.0,2.528,337.0,,72.0,-20.0,12.9,10.8,-15.0,5035726
45.1081,-115.5989,13.3,102.0,57.0,,29.72,-0.05,9.0,1138.0,1.119,128.0,,11.0,-20.0,4.9,2.7,-15.0,5035727
45.0919,-115.6172,31.9,208.0,101.0,,28.64,-0.06,9.0,-647.0,1.174,170.0,,-7.0,-20.0,8.1,2.4,-15.0,5035728
45.0911,-115.6178,8.0,69.0,53.0,,68.78,-0.1,8.0,2425.0,2.329,159.0,,71.0,-20.0,5.8,9.3,-15.0,5035729
45.0839,-115.6336,17.9,127.0,62.0,,12.81,-0.06,14.0,1895.0,1.484,141.0,,-7.0,-20.0,4.5,3.4,-15.0,5035730
45.0769,-115.6425,16.4,114.0,58.0,,24.29,-0.05,10.0,1585.0,1.127,155.0,,10.0,-20.0,4.1,2.2,-15.0,5035731
45.0878,-115.6269,43.4,280.0,135.0,,6.57,-0.08,16.0,3485.0,2.159,123.0,,25.0,-20.0,14.6,5.7,-15.0,5035732
45.0758,-115.6253,11.2,85.0,38.0,,17.17,-0.08,20.0,2201.0,1.684,123.0,,-9.0,-20.0,4.5,4.1,-15.0,5035733
45.2258,-115.6131,50.3,379.0,184.0,,7.4,-0.07,52.0,1604.0,1.44,207.0,,-8.0,-20.0,8.7,3.9,-15.0,5035734
45.2353,-115.78,9.8,68.0,32.0,,6.72,-0.04,-5.0,-500.0,0.6937,112.0,,-4.0,-20.0,3.7,1.8,-15.0,5035735
45.1292,-115.3608,16.3,140.0,75.0,,24.43,-0.08,104.0,3532.0,3.359,172.0,,49.0,-20.0,6.5,9.1,-15.0,5035736
45.1297,-115.3722,22.5,194.0,101.0,,9.9,0.14,247.0,3016.0,1.991,290.0,,25.0,-20.0,10.9,4.7,102.0,5035737
45.1567,-115.5872,25.8,204.0,99.0,,4.96,-0.06,13.0,1828.0,1.46,191.0,,16.0,-20.0,7.0,3.4,-15.0,5035738
45.1606,-115.5819,32.2,245.0,124.0,,4.79,-0.05,5.0,1550.0,1.44,245.0,,20.0,-20.0,8.4,3.5,-15.0,5035739
45.1508,-115.5678,18.1,131.0,61.0,,6.14,-0.05,-5.0,1359.0,1.443,152.0,,-6.0,-20.0,4.7,3.2,-15.0,5035740
45.1511,-115.5422,35.1,260.0,124.0,,15.42,-0.07,11.0,1517.0,1.12,365.0,,32.0,-20.0,19.2,3.8,-15.0,5035741
45.1494,-115.5267,27.2,216.0,105.0,,7.32,-0.06,24.0,2227.0,1.479,189.0,,40.0,-20.0,6.8,4.8,-15.0,5035742
45.1136,-115.5117,19.7,117.0,62.0,,20.82,0.58,15.0,2478.0,1.77,427.0,,58.0,-20.0,17.7,7.6,-15.0,5035743
45.1347,-115.5086,14.1,92.0,49.0,,18.18,-0.06,9.0,1232.0,1.3,176.0,,24.0,-20.0,8.1,3.9,-15.0,5035744
45.1353,-115.5069,25.9,184.0,93.0,,32.28,-0.08,9.0,1359.0,1.518,442.0,,32.0,-20.0,21.1,4.9,-15.0,5035745
45.1486,-115.5033,11.9,111.0,66.0,,42.58,-0.07,11.0,1727.0,1.219,138.0,,20.0,-20.0,5.6,3.9,-15.0,5035746
45.1639,-115.465,10.1,72.0,37.0,,8.68,-0.05,10.0,2385.0,1.321,205.0,,16.0,-20.0,7.8,4.9,-15.0,5035747
45.4133,-115.9722,38.7,258.0,122.0,,5.93,-0.1,-5.0,3042.0,2.083,514.0,,16.0,-20.0,26.1,8.5,-15.0,5035748
45.4131,-115.9761,35.5,288.0,109.0,,5.68,-0.11,12.0,2800.0,3.343,554.0,,27.0,-20.0,26.5,12.7,-15.0,5035749
45.4172,-115.9086,38.0,184.0,90.0,,20.18,-0.1,11.0,4114.0,2.71,4780.0,,-12.0,-20.0,205.0,18.3,-15.0,5035750
45.4561,-115.9353,41.5,238.0,114.0,,8.56,-0.07,8.0,4436.0,2.185,467.0,,37.0,-20.0,15.8,7.5,20.0,5035751
45.4508,-115.9469,41.8,273.0,137.0,,11.54,-0.08,11.0,5229.0,3.301,1153.0,,63.0,-20.0,48.9,14.7,-15.0,5035752
45.4303,-115.9814,18.2,119.0,49.0,,4.07,-0.09,5.0,3095.0,2.964,1191.0,,27.0,-20.0,29.7,11.3,-15.0,5035753
45.4261,-115.9997,26.2,199.0,106.0,,7.75,-0.09,5.0,2402.0,2.089,1021.0,,21.0,-20.0,60.6,10.5,-15.0,5035754
45.3458,-115.945,18.9,117.0,62.0,,4.8,-0.09,,3699.0,2.599,,,29.0,,10.0,8.1,,5035755
45.3431,-115.9475,21.0,163.0,86.0,,7.65,-0.08,-5.0,2680.0,2.252,1499.0,,-9.0,-20.0,64.9,14.2,-15.0,5035756
45.335,-115.705,27.0,226.0,110.0,,14.78,-0.1,15.0,2345.0,1.494,141.0,,-12.0,-20.0,7.1,4.3,-15.0,5035757
45.3258,-115.7083,92.3,576.0,287.0,,12.34,-0.08,33.0,2947.0,2.012,326.0,,57.0,-20.0,15.1,5.4,17.0,5035758
45.3261,-115.705,161.4,1106.0,541.0,,12.5,0.21,30.0,1757.0,1.141,388.0,,27.0,-20.0,15.7,3.3,-15.0,5035759
45.3228,-115.7031,70.7,555.0,252.0,,6.76,-0.07,22.0,1055.0,1.122,229.0,,-8.0,-20.0,9.7,3.2,22.0,5035760
45.3206,-115.6975,52.0,362.0,168.0,,9.67,-0.1,37.0,1560.0,1.742,204.0,,-11.0,-20.0,8.7,5.0,-15.0,5035761
45.3058,-115.6942,35.5,261.0,125.0,,4.18,-0.06,24.0,1519.0,1.128,171.0,,-7.0,-20.0,5.9,3.2,20.0,5035762
45.3053,-115.7033,128.7,881.0,430.0,,9.6,-0.07,40.0,1010.0,1.0,384.0,,27.0,-20.0,12.1,3.0,19.0,5035763
45.295,-115.6919,52.0,350.0,172.0,,7.74,-0.07,24.0,1624.0,1.322,203.0,,22.0,-20.0,7.0,4.5,-15.0,5035764
45.2878,-115.6936,37.0,239.0,114.0,,10.53,-0.08,30.0,1867.0,1.719,149.0,,18.0,-20.0,6.5,5.0,-15.0,5035765
45.275,-115.7036,40.2,301.0,145.0,,4.16,-0.06,27.0,1641.0,1.91,202.0,,18.0,-20.0,6.9,3.4,-15.0,5035766
45.2628,-115.6639,269.7,1844.0,920.0,,24.69,0.76,25.0,2437.0,1.391,513.0,,-15.0,-20.0,18.4,4.2,55.0,5035767
45.2633,-115.6792,46.4,391.0,206.0,,8.33,1.17,62.0,2015.0,1.918,250.0,,-10.0,-20.0,9.7,4.0,69.0,5035768
45.2694,-115.6744,17.1,133.0,64.0,,8.91,-0.1,39.0,1406.0,1.814,108.0,,-11.0,-20.0,4.6,4.9,-15.0,5035769
45.2603,-115.7131,75.3,590.0,293.0,,6.7,0.45,91.0,2307.0,1.676,316.0,,20.0,-20.0,11.7,4.5,26.0,5035770
45.2614,-115.7192,37.7,303.0,149.0,,4.25,-0.05,11.0,1053.0,0.9583,233.0,,12.0,-20.0,8.6,2.8,-15.0,5035771
45.1814,-115.9447,20.9,124.0,61.0,,2.78,-0.05,9.0,2124.0,1.565,203.0,,-6.0,-20.0,10.2,4.1,-15.0,5035772
45.1375,-115.3806,14.5,128.0,63.0,,6.61,0.25,430.0,3375.0,2.118,211.0,,15.0,-20.0,6.5,5.5,19.0,5035773
45.1461,-115.3911,12.5,83.0,41.0,,4.49,-0.1,10.0,4661.0,3.416,182.0,,67.0,-20.0,6.9,11.9,-15.0,5035774
45.1706,-115.3811,6.3,62.0,27.0,,4.38,-0.09,11.0,3070.0,1.687,213.0,,21.0,-20.0,6.8,5.0,-15.0,5035775
45.17,-115.3808,15.1,116.0,65.0,,13.78,0.2,158.0,4123.0,3.052,301.0,,54.0,-20.0,11.2,8.8,26.0,5035776
45.1606,-115.3789,-1.9,17.0,-9.0,,7.74,-0.15,22.0,-1526.0,1.242,52.0,,151.0,-20.0,-1.9,5.7,-15.0,5035777
45.0925,-115.3358,23.7,218.0,126.0,,37.23,-0.09,13.0,3514.0,1.729,159.0,,22.0,-20.0,6.6,5.3,-15.0,5035778
45.0128,-114.7242,14.1,107.0,52.0,,5.64,-0.08,-5.0,4517.0,3.324,355.0,,56.0,-20.0,14.7,10.6,-15.0,5035779
45.0336,-114.7219,126.1,588.0,290.0,,28.59,0.19,-5.0,5725.0,4.203,1199.0,,62.0,-20.0,66.9,10.7,22.0,5035780
45.0408,-114.7206,6.7,48.0,28.0,,1.65,-0.09,-5.0,1893.0,1.805,107.0,,54.0,-20.0,4.3,6.3,-15.0,5035781
45.1578,-115.0203,8.7,117.0,44.0,,3.3,-0.09,17.0,5873.0,3.951,249.0,,100.0,-20.0,9.4,14.7,-15.0,5035782
45.1403,-115.0308,6.8,184.0,78.0,,2.59,-0.09,35.0,12750.0,8.605,307.0,,36.0,-20.0,9.9,16.1,-15.0,5035783
45.1433,-115.0564,3.6,36.0,19.0,,8.76,-0.13,7.0,5640.0,2.617,85.0,,19.0,-20.0,2.7,6.9,-15.0,5035784
45.1511,-115.0764,4.4,110.0,48.0,,2.29,-0.11,-5.0,19390.0,8.506,177.0,,47.0,-20.0,3.9,21.0,-15.0,5035785
45.1472,-115.0922,4.3,169.0,71.0,,1.62,-0.1,-5.0,18960.0,9.396,177.0,,60.0,-20.0,5.4,20.1,17.0,5035786
45.1636,-115.1267,18.4,167.0,71.0,,23.8,-0.11,14.0,10560.0,5.282,514.0,,36.0,-20.0,17.9,14.3,-15.0,5035787
45.7958,-115.7583,68.1,446.0,197.0,,10.72,-0.09,16.0,4855.0,2.324,505.0,,19.0,-20.0,16.2,7.3,-15.0,5035788
45.8064,-115.7897,59.2,369.0,170.0,,8.75,-0.08,10.0,10130.0,3.237,669.0,,41.0,-20.0,26.9,10.9,-15.0,5035789
45.8128,-115.8089,31.0,244.0,125.0,,7.37,-0.1,9.0,7354.0,3.923,522.0,,71.0,-20.0,19.3,15.9,-15.0,5035790
45.0189,-115.1172,23.8,239.0,104.0,,4.68,-0.06,-5.0,2080.0,1.604,392.0,,-8.0,-20.0,13.2,4.0,-15.0,5035791
45.0189,-115.1189,21.8,171.0,92.0,,7.22,-0.07,27.0,3643.0,1.726,776.0,,28.0,-20.0,26.3,5.8,18.0,5035792
45.0314,-115.1167,22.2,167.0,83.0,,7.15,-0.07,6.0,2511.0,2.092,411.0,,17.0,-20.0,14.2,5.9,-15.0,5035793
45.0403,-115.1122,21.9,138.0,66.0,,12.04,-0.09,12.0,2229.0,1.91,226.0,,-10.0,-20.0,8.5,7.2,-15.0,5035794
45.0386,-115.1144,25.4,166.0,90.0,,11.15,-0.07,5.0,1538.0,1.223,256.0,,-8.0,-20.0,8.8,3.2,-15.0,5035795
45.0586,-115.1186,23.9,117.0,59.0,,6.15,-0.06,19.0,1977.0,1.452,296.0,,-7.0,-20.0,11.2,5.0,-15.0,5035796
45.0619,-115.1175,9.5,72.0,54.0,,40.66,-0.1,-5.0,2020.0,1.604,171.0,,22.0,-20.0,5.4,6.4,-15.0,5035797
45.0617,-115.1147,23.1,178.0,93.0,,6.22,0.07,26.0,2808.0,1.75,560.0,,14.0,-20.0,20.1,5.2,-15.0,5035798
45.0819,-115.12,12.7,109.0,47.0,,17.71,-0.1,16.0,5493.0,3.379,240.0,,33.0,-20.0,9.9,10.7,-15.0,5035799
45.0858,-115.1267,10.2,87.0,41.0,,4.72,-0.09,11.0,6525.0,2.808,270.0,,35.0,-20.0,8.3,9.2,-15.0,5035800
45.0919,-115.1364,9.9,82.0,56.0,,65.86,-0.09,10.0,3837.0,3.252,132.0,,61.0,-20.0,5.5,10.5,-15.0,5035801
45.0931,-115.1422,34.2,342.0,164.0,,6.94,0.4,14.0,4827.0,2.855,935.0,,33.0,35.0,37.3,6.8,-15.0,5035802
45.0967,-115.1561,16.5,138.0,65.0,,5.84,-0.08,13.0,6445.0,2.565,505.0,,40.0,-20.0,19.6,8.4,-15.0,5035803
45.0981,-115.1547,23.5,189.0,80.0,,6.12,-0.07,9.0,3783.0,2.39,354.0,,29.0,-20.0,15.4,7.1,-15.0,5035804
45.1172,-115.1722,18.1,173.0,82.0,,4.57,-0.07,9.0,8445.0,4.304,398.0,,23.0,45.0,14.6,9.2,-15.0,5035805
45.1339,-115.1672,11.8,246.0,108.0,,3.57,0.2,9.0,14960.0,9.387,343.0,,52.0,85.0,10.6,16.7,-15.0,5035806
45.1067,-115.6181,32.3,238.0,114.0,,8.16,-0.07,9.0,1184.0,1.17,170.0,,-7.0,-20.0,7.5,2.6,-15.0,5035807
45.0972,-115.6289,19.6,135.0,64.0,,3.44,-0.06,-5.0,1454.0,2.013,134.0,,-6.0,-20.0,5.4,3.2,-15.0,5035808
45.0908,-115.6292,25.8,162.0,88.0,,13.59,-0.05,6.0,858.0,0.8211,172.0,,-5.0,-20.0,5.0,1.9,-15.0,5035809
45.2969,-115.5281,13.5,112.0,54.0,,41.83,-0.09,6.0,3431.0,2.157,161.0,,28.0,-20.0,6.1,7.2,-15.0,5035810
45.1467,-115.5108,11.8,87.0,40.0,,24.1,-0.08,9.0,1718.0,1.469,167.0,,39.0,-20.0,7.6,5.8,-15.0,5035811
45.1528,-115.5031,13.2,97.0,45.0,,7.38,-0.05,7.0,1244.0,0.9568,145.0,,16.0,-20.0,4.8,2.5,-15.0,5035812
45.0508,-114.7219,10.1,88.0,46.0,,33.44,-0.09,-5.0,3785.0,2.951,208.0,,106.0,-20.0,6.9,11.4,-15.0,5035813
45.8097,-115.6556,149.4,940.0,399.0,,22.23,0.17,30.0,10750.0,4.314,1423.0,,86.0,30.0,83.4,12.6,24.0,5035814
45.8639,-115.4239,124.5,924.0,398.0,,19.91,0.28,15.0,23130.0,5.113,1879.0,,105.0,57.0,84.2,18.2,21.0,5035815
45.8647,-115.4233,141.9,910.0,392.0,,23.29,0.24,11.0,5987.0,3.239,687.0,,76.0,-20.0,38.8,9.7,-15.0,5035816
45.8644,-115.4211,17.8,120.0,50.0,,6.52,-0.1,6.0,4705.0,4.273,316.0,,69.0,-20.0,14.8,13.3,-15.0,5035817
45.8494,-115.4136,47.2,336.0,145.0,,10.43,-0.09,-5.0,4227.0,3.987,308.0,,72.0,-20.0,17.7,15.1,-15.0,5035818
45.8428,-115.4017,23.0,182.0,79.0,,6.61,-0.1,11.0,3331.0,3.55,675.0,,61.0,-20.0,14.1,13.1,22.0,5035819
45.8556,-115.4158,48.7,311.0,139.0,,9.61,-0.13,5.0,7921.0,4.715,658.0,,68.0,25.0,23.8,15.4,-15.0,5035820
45.8253,-115.4706,72.3,455.0,191.0,,12.57,-0.1,39.0,8132.0,4.035,1314.0,,65.0,-20.0,50.8,15.1,17.0,5035821
45.8211,-115.4531,27.2,214.0,94.0,,6.65,-0.09,14.0,4719.0,3.611,465.0,,53.0,-20.0,24.5,12.4,-15.0,5035822
45.8519,-115.4461,44.0,312.0,134.0,,8.18,0.11,10.0,6991.0,3.58,664.0,,53.0,-20.0,26.1,11.8,-15.0,5035823
45.7944,-115.3994,133.8,869.0,374.0,,25.23,-0.12,14.0,11350.0,6.074,2247.0,,98.0,36.0,125.7,17.8,19.0,5035824
45.78,-115.3839,85.1,758.0,375.0,,19.78,0.29,17.0,6304.0,4.2,3046.0,,51.0,89.0,145.4,10.6,-15.0,5035825
45.7736,-115.3833,54.4,327.0,141.0,,16.13,0.31,14.0,6202.0,4.503,2325.0,,38.0,48.0,116.2,16.1,-15.0,5035826
45.7664,-115.3856,231.4,1543.0,613.0,,28.74,0.33,20.0,7292.0,5.869,1246.0,,113.0,-20.0,61.9,12.8,23.0,5035827
45.7536,-115.3919,84.6,517.0,220.0,,13.3,-0.1,8.0,4395.0,2.461,962.0,,67.0,-20.0,41.1,10.4,21.0,5035828
45.7619,-115.3983,111.7,666.0,277.0,,19.5,-0.1,15.0,5319.0,3.223,1823.0,,64.0,-20.0,59.2,12.4,-15.0,5035829
45.7936,-115.4342,68.5,450.0,203.0,,9.1,-0.09,8.0,3778.0,2.946,724.0,,57.0,-20.0,41.1,10.1,-15.0,5035830
45.7919,-115.4517,97.2,613.0,252.0,,14.3,-0.11,10.0,5960.0,2.995,1823.0,,64.0,24.0,82.3,10.5,21.0,5035831
45.1958,-115.6811,18.0,147.0,69.0,,2.93,-0.1,14.0,3941.0,2.6,202.0,,26.0,-20.0,6.6,7.5,-15.0,5035832
45.1583,-115.6639,11.0,74.0,43.0,,1.93,-0.08,9.0,3203.0,2.571,146.0,,24.0,-20.0,4.6,6.5,-15.0,5035833
45.1589,-115.6664,28.9,228.0,103.0,,2.41,-0.09,19.0,2809.0,2.144,159.0,,-9.0,-20.0,7.2,6.1,-15.0,5035834
45.1608,-115.6586,17.9,133.0,73.0,,33.4,-0.11,60.0,1942.0,1.575,174.0,,-12.0,-20.0,5.6,4.9,-15.0,5035835
45.2375,-115.7325,32.9,278.0,138.0,,7.13,-0.07,15.0,1791.0,1.434,274.0,,-8.0,-20.0,9.9,3.8,-15.0,5035836
45.0094,-115.7611,88.1,536.0,252.0,,11.23,-0.06,16.0,1577.0,1.363,265.0,,14.0,-20.0,12.3,2.7,-15.0,5035837
45.0181,-115.7675,28.4,183.0,85.0,,5.94,-0.07,12.0,1524.0,1.997,182.0,,-7.0,-20.0,6.2,4.0,-15.0,5035838
45.0186,-115.7722,34.5,248.0,124.0,,9.21,-0.07,6.0,866.0,0.9413,207.0,,16.0,-20.0,7.5,2.4,-15.0,5035839
45.0169,-115.7719,11.2,99.0,52.0,,12.33,-0.08,7.0,2423.0,1.724,152.0,,20.0,-20.0,5.2,4.1,-15.0,5035840
45.1606,-115.2481,8.9,85.0,42.0,,3.87,-0.08,22.0,7891.0,3.541,243.0,,51.0,-20.0,8.5,11.5,-15.0,5035841
45.1611,-115.2492,10.3,82.0,42.0,,4.61,-0.09,19.0,7212.0,3.641,216.0,,56.0,-20.0,9.8,12.0,-15.0,5035842
45.1603,-115.2269,12.5,111.0,60.0,,23.5,-0.12,10.0,6548.0,3.988,209.0,,63.0,-20.0,7.1,12.7,-15.0,5035843
45.1608,-115.2219,10.6,90.0,38.0,,3.58,-0.08,8.0,7965.0,3.114,250.0,,45.0,-20.0,8.9,10.0,-15.0,5035844
45.165,-115.2114,10.9,73.0,37.0,,3.59,-0.09,8.0,7026.0,3.291,231.0,,49.0,-20.0,7.9,10.8,-15.0,5035845
45.1672,-115.2119,12.5,159.0,78.0,,16.54,-0.1,12.0,9910.0,5.947,450.0,,48.0,52.0,16.8,14.4,-15.0,5035846
45.1697,-115.2017,10.5,142.0,60.0,,6.36,-0.11,10.0,15770.0,7.091,405.0,,84.0,44.0,17.7,18.6,-15.0,5035847
45.1783,-115.16,16.1,238.0,104.0,,13.87,-0.11,13.0,18340.0,8.519,754.0,,48.0,75.0,30.7,16.5,22.0,5035848
45.1783,-115.1533,4.7,112.0,57.0,,2.05,-0.11,17.0,16750.0,8.748,358.0,,28.0,37.0,8.9,16.9,-15.0,5035849
45.1767,-115.1458,5.5,147.0,56.0,,2.0,-0.12,18.0,21510.0,11.02,481.0,,18.0,-20.0,18.6,21.3,-15.0,5035850
45.1914,-115.0911,3.0,89.0,40.0,,6.13,-0.12,20.0,29310.0,11.65,263.0,,39.0,-20.0,8.9,24.7,-15.0,5035851
45.1967,-115.0797,8.0,94.0,40.0,,3.15,-0.11,16.0,13620.0,7.752,306.0,,34.0,-20.0,9.2,20.9,-15.0,5035852
45.1964,-115.0775,21.0,133.0,71.0,,12.64,-0.08,-5.0,5967.0,3.209,411.0,,38.0,-20.0,17.8,9.5,-15.0,5035853
45.1953,-115.0311,91.4,516.0,272.0,,36.54,-0.1,18.0,6472.0,2.959,4891.0,,39.0,-20.0,139.0,11.8,-15.0,5035854
45.195,-115.03,39.8,189.0,96.0,,32.77,-0.09,11.0,3087.0,1.894,717.0,,37.0,-20.0,35.2,8.4,-15.0,5035855
45.2,-115.0344,23.3,106.0,54.0,,9.92,-0.09,7.0,2554.0,2.246,306.0,,31.0,-20.0,13.2,7.3,-15.0,5035856
45.0192,-115.4783,12.0,94.0,49.0,,24.07,-0.06,56.0,1682.0,1.427,167.0,,26.0,-20.0,7.3,4.5,-15.0,5035857
45.0092,-115.3719,16.2,127.0,77.0,,12.21,-0.1,29.0,3823.0,2.784,293.0,,39.0,-20.0,13.6,8.4,-15.0,5035858
45.1069,-115.41,15.7,137.0,77.0,,15.08,1.44,114.0,4037.0,3.067,272.0,,51.0,-20.0,12.6,9.5,-15.0,5035859
45.1147,-115.3497,4.1,60.0,90.0,,78.02,-0.14,14.0,1612.0,1.841,79.0,,-16.0,-20.0,-1.6,5.5,-15.0,5035860
45.3808,-115.1508,16.6,167.0,80.0,,8.49,-0.1,8.0,8908.0,4.884,1467.0,,80.0,-20.0,58.4,23.5,-15.0,5035861
45.3794,-115.1464,39.5,201.0,107.0,,28.21,-0.1,12.0,4136.0,3.327,853.0,,35.0,-20.0,41.6,12.2,-15.0,5035862
45.3711,-115.1253,19.0,172.0,67.0,,10.16,-0.13,8.0,7258.0,5.089,1534.0,,63.0,-20.0,56.5,22.0,-15.0,5035863
45.3725,-115.1258,24.3,190.0,94.0,,12.85,-0.1,8.0,5381.0,3.42,958.0,,66.0,-20.0,36.6,14.5,-15.0,5035864
45.3831,-115.0917,28.7,226.0,107.0,,9.63,-0.11,11.0,10630.0,6.112,1905.0,,126.0,40.0,70.1,28.0,-15.0,5035865
45.3597,-115.0514,32.1,145.0,78.0,,27.5,-0.08,-5.0,3199.0,3.019,401.0,,18.0,-20.0,14.8,9.7,-15.0,5035866
45.3589,-115.0539,38.8,205.0,111.0,,35.13,-0.1,6.0,4701.0,3.178,684.0,,34.0,-20.0,29.6,12.1,-15.0,5035867
45.3097,-115.1175,9.8,167.0,205.0,,419.6,-0.13,5.0,1611.0,1.384,140.0,,51.0,-20.0,4.1,3.6,-15.0,5035868
45.3103,-115.1172,26.1,183.0,93.0,,32.47,-0.08,-5.0,3764.0,2.833,642.0,,21.0,-20.0,24.3,10.0,-15.0,5035869
45.2047,-115.0439,25.5,130.0,57.0,,11.81,-0.08,9.0,3594.0,2.674,442.0,,41.0,-20.0,13.1,8.7,-15.0,5035870
45.2131,-115.0608,25.1,143.0,81.0,,43.06,-0.1,-5.0,2670.0,2.263,557.0,,-11.0,-20.0,20.7,8.0,-15.0,5035871
45.2192,-115.0686,32.4,223.0,128.0,,34.57,-0.11,7.0,4385.0,2.936,1211.0,,30.0,-20.0,55.1,9.1,-15.0,5035872
45.2186,-115.0694,20.3,117.0,61.0,,12.28,-0.07,-5.0,3923.0,2.894,705.0,,31.0,-20.0,21.7,8.8,-15.0,5035873
45.1575,-115.0194,7.7,113.0,44.0,,4.59,-0.1,19.0,5523.0,4.375,254.0,,87.0,-20.0,9.7,15.9,-15.0,5035874
45.3786,-115.1069,26.6,257.0,120.0,,12.95,-0.11,-5.0,6098.0,4.41,2486.0,,35.0,-20.0,91.7,20.8,21.0,5035875
45.3108,-115.1164,18.8,126.0,75.0,,86.95,-0.08,5.0,3579.0,2.615,316.0,,27.0,-20.0,11.4,9.1,-15.0,5035876
45.3119,-115.1192,44.4,209.0,116.0,,30.48,-0.09,8.0,3859.0,3.144,1021.0,,33.0,-20.0,46.1,12.0,22.0,5035877
45.3478,-115.1522,31.7,163.0,84.0,,27.62,-0.1,-5.0,3537.0,2.516,650.0,,22.0,-20.0,29.1,9.5,-15.0,5035878
45.3492,-115.1553,9.5,84.0,36.0,,2.62,-0.07,6.0,4430.0,2.822,313.0,,25.0,-20.0,10.5,7.6,-15.0,5035879
45.4442,-115.2083,13.9,120.0,58.0,,6.58,-0.1,-5.0,11750.0,5.3,1064.0,,162.0,-20.0,37.7,21.8,30.0,5035880
45.4419,-115.2097,20.0,130.0,58.0,,10.73,-0.11,6.0,8983.0,5.067,1523.0,,216.0,-20.0,65.4,23.4,17.0,5035881
45.0706,-115.3889,21.6,154.0,79.0,,7.31,-0.08,55.0,2102.0,2.117,446.0,,34.0,-20.0,16.6,6.5,20.0,5035882
45.0714,-115.3886,15.4,126.0,63.0,,9.68,-0.06,50.0,3176.0,1.924,268.0,,34.0,-20.0,10.0,5.8,-15.0,5035883
45.0692,-115.3636,16.2,110.0,87.0,,13.77,-0.07,27.0,2098.0,1.672,270.0,,16.0,-20.0,7.6,6.5,16.0,5035884
45.0697,-115.3642,12.7,102.0,56.0,,9.89,-0.06,49.0,3213.0,2.123,272.0,,40.0,-20.0,9.3,6.2,-15.0,5035885
45.0814,-115.3383,11.9,110.0,57.0,,13.93,-0.08,56.0,2511.0,2.069,207.0,,29.0,-20.0,6.8,7.0,-15.0,5035886
45.0817,-115.3361,17.5,165.0,96.0,,14.99,-0.09,16.0,3154.0,2.531,252.0,,32.0,-20.0,9.9,9.6,-15.0,5035887
45.0781,-115.3489,14.8,127.0,66.0,,11.94,-0.08,21.0,3488.0,3.3,252.0,,67.0,-20.0,8.8,12.4,-15.0,5035888
45.1006,-115.3228,8.9,84.0,40.0,,4.23,-0.08,19.0,5897.0,3.003,237.0,,59.0,-20.0,7.4,8.8,-15.0,5035889
45.1183,-115.3278,16.1,130.0,65.0,,9.93,-0.07,72.0,2955.0,1.989,201.0,,30.0,-20.0,6.3,6.1,-15.0,5035890
45.1178,-115.3281,17.8,146.0,79.0,,15.16,0.23,87.0,3211.0,2.202,346.0,,48.0,-20.0,11.8,6.8,18.0,5035891
45.1133,-115.3228,12.8,103.0,69.0,,13.04,-0.07,27.0,3066.0,1.979,221.0,,38.0,-20.0,7.1,7.2,-15.0,5035892
45.1378,-115.3178,8.0,90.0,34.0,,3.04,-0.09,22.0,9345.0,5.898,241.0,,75.0,-20.0,8.4,15.4,-15.0,5035893
45.14,-115.3122,10.3,94.0,42.0,,3.68,-0.12,31.0,8292.0,4.615,198.0,,92.0,-20.0,6.4,13.9,-15.0,5035894
45.1397,-115.3114,17.1,135.0,68.0,,7.3,-0.07,25.0,5130.0,2.169,342.0,,40.0,-20.0,12.8,7.0,17.0,5035895
45.1528,-115.2969,12.9,130.0,59.0,,12.24,-0.07,40.0,7796.0,3.642,312.0,,72.0,-20.0,11.9,10.0,56.0,5035896
45.1519,-115.2972,16.6,132.0,73.0,,6.12,-0.07,32.0,4862.0,2.773,343.0,,54.0,-20.0,12.4,8.3,20.0,5035897
45.1681,-115.3147,6.3,107.0,41.0,,4.75,-0.1,54.0,13410.0,4.691,238.0,,58.0,-20.0,7.3,11.8,15.0,5035898
45.1903,-115.3447,9.9,99.0,50.0,,24.95,0.23,13.0,4457.0,2.779,192.0,,38.0,-20.0,6.7,8.7,22.0,5035899
45.1883,-115.3461,13.0,100.0,60.0,,11.83,-0.08,65.0,5725.0,3.52,284.0,,81.0,-20.0,9.2,10.2,94.0,5035900
45.1978,-115.3511,12.2,92.0,46.0,,14.97,0.6,-5.0,4030.0,2.502,238.0,,37.0,-20.0,10.9,7.6,26.0,5035901
45.1978,-115.3522,11.7,109.0,53.0,,14.88,-0.09,-5.0,5980.0,2.585,253.0,,41.0,-20.0,9.9,8.5,-15.0,5035902
45.1147,-115.3789,13.6,121.0,75.0,,16.31,-0.11,128.0,4309.0,2.871,196.0,,58.0,-20.0,7.0,9.4,18.0,5035903
45.1158,-115.3908,11.8,113.0,61.0,,11.13,0.27,546.0,3211.0,2.373,309.0,,47.0,-20.0,11.4,6.6,22.0,5035904
45.105,-115.4147,11.6,77.0,69.0,,43.02,-0.1,52.0,2650.0,2.169,230.0,,60.0,-20.0,8.9,7.5,-15.0,5035905
45.0989,-115.4075,13.4,108.0,68.0,,22.56,-0.11,53.0,4136.0,2.8,361.0,,53.0,-20.0,13.9,9.7,-15.0,5035906
45.3328,-115.9436,59.5,360.0,175.0,,6.34,-0.07,7.0,3419.0,2.261,417.0,,33.0,-20.0,18.1,6.6,22.0,5035907
45.3217,-115.9392,45.4,291.0,141.0,,8.9,-0.1,15.0,3782.0,2.503,1254.0,,26.0,-20.0,49.6,8.5,18.0,5035908
45.3083,-115.9242,153.7,715.0,354.0,,13.33,-0.1,9.0,4930.0,2.451,551.0,,48.0,-20.0,24.4,7.7,-15.0,5035909
45.3094,-115.9272,169.4,787.0,382.0,,15.51,-0.08,12.0,4722.0,2.314,651.0,,38.0,-20.0,31.9,8.0,-15.0,5035910
45.3008,-115.9322,128.6,769.0,371.0,,16.2,-0.08,16.0,5363.0,2.226,2028.0,,34.0,-20.0,108.5,10.6,27.0,5035911
45.2981,-115.9264,60.8,377.0,180.0,,11.94,-0.1,12.0,4314.0,2.593,1909.0,,40.0,-20.0,68.2,11.9,29.0,5035912
45.2806,-115.91,38.3,168.0,76.0,,6.41,-0.09,6.0,2276.0,2.683,212.0,,24.0,-20.0,8.4,5.8,-15.0,5035913
45.2767,-115.9125,19.3,112.0,58.0,,4.26,-0.08,-5.0,3677.0,2.373,314.0,,-10.0,-20.0,11.1,7.0,-15.0,5035914
45.2675,-115.9144,38.6,197.0,100.0,,8.59,-0.09,-5.0,4350.0,2.359,1146.0,,26.0,-20.0,42.3,10.0,-15.0,5035915
45.2644,-115.9069,76.5,321.0,162.0,,15.34,-0.12,16.0,3391.0,2.448,1143.0,,25.0,-20.0,51.8,9.2,-15.0,5035916
45.1328,-115.0,21.9,127.0,62.0,,8.33,-0.08,8.0,3510.0,2.313,258.0,,37.0,-20.0,11.2,7.2,-15.0,5035917
45.1336,-114.9956,11.4,196.0,90.0,,3.55,-0.08,52.0,12570.0,6.718,580.0,,36.0,40.0,21.0,12.9,-15.0,5035918
45.1306,-114.9789,21.4,176.0,87.0,,7.41,-0.08,13.0,8317.0,3.949,632.0,,32.0,23.0,21.2,8.7,-15.0,5035919
45.1317,-114.9781,25.9,101.0,43.0,,7.84,-0.1,10.0,2588.0,2.294,196.0,,30.0,-20.0,8.7,7.7,-15.0,5035920
45.1297,-114.9592,33.7,336.0,158.0,,7.04,-0.09,22.0,16960.0,6.335,1125.0,,48.0,27.0,49.6,10.6,-15.0,5035921
45.1725,-114.965,33.5,223.0,119.0,,15.81,-0.08,6.0,3798.0,2.523,676.0,,54.0,-20.0,30.0,9.5,-15.0,5035922
45.1722,-114.9639,42.7,225.0,111.0,,26.46,-0.08,8.0,3909.0,2.501,979.0,,33.0,-20.0,42.7,9.0,-15.0,5035923
45.1328,-114.9553,48.8,325.0,163.0,,14.89,-0.1,8.0,4701.0,3.0,824.0,,56.0,-20.0,44.8,11.4,-15.0,5035924
45.1767,-114.9222,28.3,209.0,94.0,,14.06,-0.09,,5702.0,3.259,,,52.0,,25.7,11.4,,5035925
45.1769,-114.9228,41.2,169.0,99.0,,60.57,-0.08,8.0,3443.0,2.698,407.0,,35.0,-20.0,19.3,10.1,15.0,5035926
45.1456,-114.9292,48.3,331.0,176.0,,13.09,-0.08,9.0,3601.0,2.515,664.0,,47.0,-20.0,28.7,12.2,-15.0,5035927
45.145,-114.9278,27.1,177.0,90.0,,25.71,-0.09,-5.0,5316.0,3.14,426.0,,55.0,-20.0,19.4,10.6,16.0,5035928
45.1342,-114.9319,15.9,105.0,53.0,,21.63,-0.1,11.0,4728.0,3.334,238.0,,78.0,-20.0,10.7,12.9,-15.0,5035929
45.1228,-114.9325,21.7,197.0,94.0,,5.53,-0.06,19.0,9309.0,4.152,500.0,,39.0,-20.0,21.2,9.2,-15.0,5035930
45.1203,-114.9153,5.0,54.0,25.0,,1.66,-0.1,6.0,3091.0,2.961,209.0,,23.0,-20.0,6.8,8.1,-15.0,5035931
45.1044,-114.8606,41.5,410.0,209.0,,7.73,-0.08,12.0,10410.0,4.405,1032.0,,28.0,-20.0,46.4,8.5,-15.0,5035932
45.0789,-114.8503,12.9,109.0,52.0,,7.45,-0.09,9.0,10470.0,4.73,316.0,,83.0,-20.0,13.3,13.4,-15.0,5035933
45.0794,-114.8511,31.5,258.0,135.0,,10.05,-0.1,7.0,5860.0,3.844,822.0,,63.0,-20.0,33.1,12.9,-15.0,5035934
45.1014,-114.85,17.7,167.0,78.0,,9.03,-0.09,-5.0,10640.0,5.457,492.0,,75.0,-20.0,19.5,14.1,-15.0,5035935
45.1056,-114.8486,19.4,164.0,82.0,,29.51,-0.1,-5.0,6387.0,3.49,358.0,,62.0,-20.0,15.3,11.3,-15.0,5035936
45.3664,-115.1894,52.2,260.0,141.0,,48.88,-0.11,22.0,-1998.0,5.318,1475.0,,19.0,-20.0,58.3,11.4,24.0,5035937
45.87,-115.5586,48.6,312.0,144.0,,10.05,-0.11,9.0,6239.0,4.708,559.0,,78.0,-20.0,23.2,21.6,-15.0,5035938
45.8822,-115.5397,8.4,68.0,28.0,,2.6,-0.1,9.0,5228.0,3.603,238.0,,37.0,-20.0,9.8,11.0,-15.0,5035939
45.9981,-115.5228,52.5,437.0,185.0,,8.81,0.31,6.0,11250.0,3.913,1236.0,,60.0,-20.0,52.8,14.4,26.0,5035940
45.9983,-115.5239,41.3,293.0,125.0,,7.03,-0.1,11.0,9130.0,3.584,759.0,,67.0,-20.0,35.0,13.2,-15.0,5035941
45.9592,-115.5161,56.8,404.0,168.0,,8.4,-0.08,7.0,8989.0,3.723,413.0,,69.0,-20.0,15.4,11.8,-15.0,5035942
45.8278,-115.6044,73.1,532.0,209.0,,11.54,-0.09,5.0,8822.0,4.05,504.0,,50.0,-20.0,26.9,12.6,22.0,5035943
45.9675,-115.5472,7.4,202.0,71.0,,2.98,-0.15,13.0,15460.0,9.379,230.0,,-16.0,-20.0,7.6,28.6,30.0,5035944
45.9753,-115.5933,42.5,298.0,113.0,,6.45,-0.12,6.0,8089.0,4.037,307.0,,68.0,-20.0,15.1,14.1,-15.0,5035945
45.9717,-115.5736,72.7,374.0,170.0,,13.03,-0.09,6.0,10850.0,3.033,1546.0,,61.0,-20.0,79.2,13.2,29.0,5035946
45.9714,-115.5725,40.2,292.0,125.0,,6.9,-0.11,8.0,5920.0,3.626,388.0,,67.0,-20.0,17.8,12.3,17.0,5035947
45.925,-115.5958,51.0,348.0,159.0,,9.13,-0.1,39.0,7759.0,3.233,646.0,,44.0,-20.0,24.3,11.4,15.0,5035948
45.9242,-115.5953,103.9,706.0,287.0,,16.39,-0.11,48.0,10260.0,3.928,495.0,,74.0,-20.0,20.7,13.9,18.0,5035949
45.8908,-115.6225,60.6,389.0,170.0,,10.0,-0.09,14.0,6446.0,3.881,672.0,,55.0,-20.0,23.9,12.5,-15.0,5035950
45.8811,-115.6158,50.2,366.0,151.0,,9.72,-0.1,45.0,6431.0,3.864,377.0,,65.0,-20.0,16.3,12.5,-15.0,5035951
45.8653,-115.6178,57.2,298.0,128.0,,10.24,-0.1,28.0,5976.0,2.647,512.0,,66.0,-20.0,23.8,9.3,-15.0,5035952
45.8633,-115.6139,54.2,400.0,168.0,,10.1,-0.09,18.0,8957.0,3.626,421.0,,77.0,-20.0,20.7,13.3,-15.0,5035953
45.8489,-115.6161,51.5,351.0,152.0,,8.48,-0.08,-5.0,5767.0,3.194,612.0,,68.0,-20.0,27.2,11.5,-15.0,5035954
45.7903,-115.6072,43.4,251.0,113.0,,7.63,-0.09,5.0,5736.0,2.532,361.0,,35.0,-20.0,18.0,9.3,-15.0,5035955
45.83,-115.6136,77.3,484.0,213.0,,12.32,-0.12,29.0,6312.0,3.386,787.0,,62.0,-20.0,33.1,10.9,15.0,5035956
45.0572,-114.7247,32.3,185.0,107.0,,20.89,-0.1,13.0,4590.0,3.394,597.0,,65.0,-20.0,23.6,10.8,18.0,5035957
45.0675,-114.7258,18.6,119.0,64.0,,16.02,-0.08,-5.0,3707.0,2.191,445.0,,46.0,-20.0,15.1,7.6,-15.0,5035958
45.0778,-114.725,88.4,419.0,217.0,,27.11,-0.11,13.0,7846.0,4.063,1876.0,,97.0,-20.0,83.3,11.9,35.0,5035959
45.0925,-114.7286,27.8,140.0,80.0,,30.18,-0.13,6.0,4351.0,2.748,427.0,,63.0,-20.0,15.5,8.6,-15.0,5035960
45.0919,-114.7281,29.5,172.0,83.0,,18.89,-0.11,5.0,4307.0,2.674,399.0,,48.0,-20.0,17.3,8.0,-15.0,5035961
45.1233,-114.6792,34.5,143.0,101.0,,69.33,-0.1,5.0,2405.0,2.45,220.0,,76.0,-20.0,9.6,7.9,-15.0,5035962
45.1236,-114.6753,54.2,204.0,125.0,,95.75,-0.1,14.0,2173.0,2.007,431.0,,39.0,-20.0,19.5,6.0,20.0,5035963
45.1161,-114.6683,17.2,103.0,86.0,,106.6,-0.11,-5.0,3156.0,2.585,236.0,,51.0,-20.0,7.9,9.1,-15.0,5035964
45.12,-114.6706,11.3,70.0,42.0,,7.27,-0.1,-5.0,3458.0,2.007,219.0,,30.0,-20.0,8.9,6.8,-15.0,5035965
45.0969,-114.7625,27.5,142.0,72.0,,7.73,-0.09,-5.0,3878.0,3.711,409.0,,44.0,-20.0,19.5,11.1,-15.0,5035967
45.1014,-114.775,16.5,123.0,68.0,,26.09,-0.11,7.0,5267.0,2.994,277.0,,69.0,-20.0,9.6,10.1,-15.0,5035968
45.1075,-114.7833,23.7,134.0,63.0,,8.59,-0.11,9.0,5580.0,4.042,587.0,,75.0,-20.0,19.5,11.2,-15.0,5035969
45.1069,-114.7917,15.1,100.0,45.0,,6.61,-0.08,6.0,3552.0,2.926,197.0,,47.0,-20.0,8.7,10.9,-15.0,5035970
45.1078,-114.8061,22.9,139.0,69.0,,51.95,-0.1,5.0,4356.0,3.06,345.0,,82.0,-20.0,16.5,10.8,-15.0,5035971
45.1039,-114.8197,33.1,167.0,103.0,,43.26,-0.1,7.0,4437.0,2.826,540.0,,77.0,-20.0,21.5,11.2,-15.0,5035972
45.3567,-115.0019,43.2,209.0,107.0,,17.05,-0.08,-5.0,3102.0,2.567,738.0,,28.0,-20.0,30.8,9.1,15.0,5035973
45.3558,-115.0039,47.5,201.0,117.0,,38.41,-0.08,7.0,3381.0,2.393,1210.0,,-9.0,-20.0,43.5,8.2,-15.0,5035974
45.3347,-115.0222,47.5,209.0,111.0,,53.19,-0.1,12.0,3567.0,4.035,611.0,,35.0,-20.0,26.0,11.7,-15.0,5035975
45.3306,-115.0214,38.0,213.0,166.0,,233.1,-0.13,-5.0,3216.0,3.386,366.0,,31.0,-20.0,15.6,9.5,-15.0,5035976
45.3164,-115.0211,42.1,143.0,91.0,,50.21,-0.09,6.0,2521.0,2.604,746.0,,30.0,-20.0,33.0,8.1,15.0,5035977
45.3206,-115.0153,28.0,112.0,69.0,,90.99,-0.08,13.0,-1939.0,3.89,276.0,,-9.0,-20.0,9.8,5.9,17.0,5035978
45.3164,-115.0253,40.1,168.0,107.0,,47.17,-0.1,-5.0,2977.0,3.344,454.0,,27.0,-20.0,25.3,11.4,-15.0,5035979
45.1011,-114.8275,12.0,103.0,50.0,,3.41,0.71,9.0,5096.0,3.254,286.0,,40.0,-20.0,9.0,8.7,-15.0,5035980
45.1042,-114.8483,13.7,129.0,85.0,,98.77,-0.11,7.0,7597.0,3.581,298.0,,65.0,-20.0,9.1,11.7,-15.0,5035981
45.8272,-115.8753,16.1,114.0,54.0,,4.83,-0.07,6.0,5648.0,2.684,281.0,,33.0,-20.0,10.6,9.0,-15.0,5035982
45.4294,-115.195,15.8,119.0,50.0,,8.79,-0.11,6.0,9725.0,5.092,681.0,,158.0,-20.0,33.7,20.9,-15.0,5035983
45.4264,-115.1936,13.5,107.0,59.0,,22.94,-0.12,-5.0,7274.0,4.085,593.0,,54.0,-20.0,23.0,16.3,-15.0,5035984
45.3986,-115.1931,18.7,195.0,85.0,,9.25,-0.12,6.0,8742.0,5.091,1602.0,,176.0,-20.0,66.0,26.9,-15.0,5035985
45.3983,-115.1914,10.4,103.0,49.0,,5.99,-0.09,-5.0,7799.0,4.839,529.0,,151.0,-20.0,23.5,21.6,-15.0,5035986
45.3836,-115.2056,32.0,300.0,151.0,,19.8,-0.11,-5.0,4512.0,3.87,2280.0,,48.0,-20.0,91.0,16.2,-15.0,5035987
45.3553,-115.2489,25.2,157.0,85.0,,21.26,-0.1,11.0,4104.0,3.557,1054.0,,50.0,-20.0,44.2,9.4,-15.0,5035988
45.3558,-115.2478,23.6,172.0,91.0,,10.73,-0.08,6.0,4141.0,2.453,737.0,,74.0,-20.0,30.9,10.2,-15.0,5035989
45.3606,-115.2247,39.4,147.0,85.0,,26.53,-0.08,8.0,4479.0,2.986,1085.0,,30.0,-20.0,41.5,9.9,18.0,5035990
45.3717,-115.2061,36.3,225.0,115.0,,13.6,-0.08,6.0,4145.0,2.636,1034.0,,60.0,-20.0,42.8,10.7,-15.0,5035991
45.3733,-115.2072,38.7,350.0,183.0,,27.12,-0.13,7.0,4942.0,3.22,1789.0,,74.0,-20.0,71.7,14.6,-15.0,5035992
45.7761,-115.8819,29.0,201.0,91.0,,7.07,-0.09,-5.0,3705.0,2.209,246.0,,25.0,-20.0,11.3,7.5,-15.0,5035993
45.7747,-115.8839,40.5,285.0,137.0,,8.13,-0.07,-5.0,6980.0,2.133,363.0,,30.0,-20.0,15.8,7.0,-15.0,5035994
45.7739,-115.8914,18.4,137.0,60.0,,3.88,-0.05,-5.0,2358.0,1.164,202.0,,-5.0,-20.0,8.7,3.5,-15.0,5035995
45.7747,-115.8917,25.1,199.0,95.0,,6.59,-0.09,-5.0,4141.0,2.218,265.0,,39.0,-20.0,13.4,8.4,15.0,5035996
45.775,-115.8969,16.7,153.0,83.0,,5.13,-0.11,-5.0,5646.0,2.459,684.0,,28.0,-20.0,31.8,12.9,-15.0,5035997
45.7819,-115.8764,21.9,146.0,85.0,,7.61,-0.14,-5.0,5128.0,2.76,273.0,,46.0,-20.0,9.4,12.5,19.0,5035998
45.8056,-115.8839,16.8,126.0,71.0,,9.27,-0.15,6.0,6730.0,4.205,270.0,,46.0,-20.0,11.0,14.4,-15.0,5035999
45.8053,-115.8856,25.0,172.0,89.0,,7.64,-0.11,-5.0,6322.0,3.853,282.0,,46.0,-20.0,12.4,13.5,-15.0,5036000
45.805,-115.8869,47.6,356.0,167.0,,8.61,-0.08,-5.0,4885.0,1.855,403.0,,22.0,-20.0,19.0,6.8,-15.0,5036001
45.6639,-115.8525,10.0,84.0,35.0,,4.67,-0.1,-5.0,1717.0,1.434,164.0,,20.0,-20.0,6.6,5.0,-15.0,5036002
45.6639,-115.8536,9.1,78.0,31.0,,3.94,-0.08,-5.0,2375.0,1.553,164.0,,22.0,-20.0,6.5,6.0,-15.0,5036003
45.6689,-115.8617,8.7,68.0,32.0,,2.99,-0.1,-5.0,3037.0,1.792,179.0,,38.0,-20.0,6.6,7.6,-15.0,5036004
45.6592,-115.8689,12.7,91.0,51.0,,5.26,-0.09,-5.0,2477.0,1.582,243.0,,28.0,-20.0,8.7,5.6,-15.0,5036005
45.6675,-115.8886,11.1,81.0,41.0,,4.79,-0.15,-5.0,4365.0,1.953,166.0,,41.0,-20.0,6.9,7.7,-15.0,5036006
45.2828,-114.9417,16.4,119.0,56.0,,4.78,-0.16,-5.0,2751.0,3.328,270.0,,29.0,-20.0,8.4,10.0,-15.0,5036007
45.2814,-114.9422,22.6,158.0,76.0,,6.34,-0.12,6.0,2446.0,2.789,415.0,,22.0,-20.0,16.6,9.9,-15.0,5036008
45.2794,-114.905,18.3,133.0,61.0,,10.09,-0.12,-5.0,3513.0,2.296,496.0,,30.0,-20.0,21.1,9.6,-15.0,5036009
45.2819,-114.9028,23.9,221.0,115.0,,21.48,-0.16,-5.0,2965.0,2.269,687.0,,24.0,-20.0,21.0,12.7,17.0,5036010
45.3167,-114.8747,25.0,215.0,114.0,,22.4,-0.14,6.0,5363.0,3.801,971.0,,97.0,-20.0,37.8,16.6,-15.0,5036011
45.3175,-114.8822,26.1,263.0,129.0,,16.4,-0.12,-5.0,5177.0,3.614,732.0,,74.0,-20.0,29.4,16.4,-15.0,5036012
45.3164,-114.8842,30.6,207.0,112.0,,12.81,-0.11,-5.0,3942.0,2.429,1078.0,,34.0,-20.0,39.2,10.5,-15.0,5036013
45.3189,-114.8733,10.5,89.0,49.0,,9.41,-0.16,7.0,2828.0,2.167,255.0,,18.0,-20.0,11.4,7.0,-15.0,5036014
45.3211,-114.8722,18.8,172.0,91.0,,23.25,-0.15,6.0,4731.0,4.449,462.0,,96.0,-20.0,24.3,18.4,-15.0,5036015
45.3189,-114.8647,15.6,112.0,66.0,,10.34,-0.17,5.0,7366.0,4.917,592.0,,112.0,-20.0,21.7,19.3,16.0,5036016
45.3325,-114.85,49.0,334.0,169.0,,17.83,-0.14,10.0,6157.0,3.41,2030.0,,91.0,-20.0,85.4,16.2,17.0,5036017
45.3344,-114.8458,17.4,163.0,74.0,,11.29,-0.18,9.0,7376.0,5.444,1369.0,,171.0,-20.0,58.3,24.2,15.0,5036018
45.3256,-114.8269,13.7,119.0,64.0,,26.22,-0.19,13.0,10380.0,7.093,524.0,,150.0,-20.0,20.9,22.7,-15.0,5036019
45.3239,-114.8228,14.9,129.0,59.0,,15.78,-0.1,5.0,3974.0,2.714,412.0,,78.0,-20.0,14.3,11.2,-15.0,5036020
45.305,-114.9425,33.6,170.0,96.0,,12.99,-0.12,-5.0,2933.0,2.749,429.0,,28.0,-20.0,19.3,10.5,-15.0,5036021
45.3492,-114.9517,55.2,193.0,102.0,,29.16,-0.18,9.0,8804.0,4.652,2441.0,,157.0,-20.0,94.6,18.0,-15.0,5036022
45.3492,-114.9528,38.1,139.0,105.0,,46.43,-0.13,6.0,3439.0,2.714,695.0,,25.0,-20.0,30.5,7.9,-15.0,5036023
45.3572,-114.9333,29.2,141.0,90.0,,28.78,-0.12,-5.0,4875.0,3.871,800.0,,106.0,-20.0,31.8,14.2,-15.0,5036024
45.2856,-114.945,8.6,64.0,34.0,,3.68,-0.12,-5.0,2719.0,1.659,296.0,,43.0,-20.0,10.4,8.7,-15.0,5036025
45.3003,-115.0281,44.3,217.0,118.0,,28.93,-0.11,-5.0,2728.0,2.157,772.0,,17.0,-20.0,37.4,7.3,23.0,5036026
45.29,-115.0286,81.1,224.0,141.0,,38.9,-0.13,16.0,3403.0,2.619,3192.0,,29.0,-20.0,117.2,10.6,-15.0,5036027
45.2839,-115.0292,70.2,349.0,174.0,,28.42,-0.11,5.0,3109.0,2.552,1300.0,,-10.0,-20.0,64.2,8.5,22.0,5036028
45.2836,-115.0297,121.0,423.0,248.0,,58.6,-0.12,18.0,3378.0,2.375,2927.0,,37.0,-20.0,153.6,9.7,27.0,5036029
45.2911,-115.0361,59.2,181.0,124.0,,47.21,-0.13,9.0,3051.0,2.113,1904.0,,23.0,-20.0,66.2,9.6,-15.0,5036030
45.2917,-115.0367,30.7,130.0,91.0,,33.61,-0.12,-5.0,2632.0,2.506,593.0,,18.0,-20.0,29.2,9.1,-15.0,5036031
45.1344,-115.1681,8.8,72.0,34.0,,13.81,-0.1,-5.0,5564.0,2.554,188.0,,29.0,-20.0,6.1,7.4,-15.0,5036032
45.1392,-115.1631,46.9,224.0,95.0,,8.27,-0.13,13.0,3570.0,3.444,696.0,,65.0,-20.0,32.3,12.7,-15.0,5036033
45.1597,-115.13,10.2,235.0,97.0,,3.46,-0.16,7.0,13200.0,8.128,312.0,,38.0,63.0,10.5,15.1,-15.0,5036034
45.1722,-115.1947,12.4,108.0,58.0,,9.51,-0.15,10.0,8153.0,4.436,264.0,,72.0,-20.0,10.2,13.2,-15.0,5036035
45.1636,-115.2425,14.9,202.0,90.0,,9.1,-0.13,22.0,15900.0,7.247,927.0,,70.0,72.0,27.6,14.1,20.0,5036036
45.1581,-115.2714,11.1,132.0,56.0,,10.41,-0.14,59.0,13250.0,7.185,304.0,,80.0,-20.0,10.5,17.0,-15.0,5036037
45.1286,-115.3231,13.7,125.0,60.0,,4.25,-0.14,25.0,5559.0,4.124,214.0,,73.0,-20.0,7.2,11.6,15.0,5036038
45.9017,-115.7131,58.3,374.0,162.0,,7.66,-0.16,8.0,9876.0,4.335,431.0,,77.0,-20.0,21.6,12.5,-15.0,5036039
45.9231,-115.7217,15.7,105.0,39.0,,3.23,-0.13,-5.0,4597.0,2.565,438.0,,44.0,-20.0,13.9,8.7,-15.0,5036040
45.9297,-115.6764,148.5,832.0,359.0,,17.66,-0.13,10.0,9137.0,3.371,776.0,,76.0,-20.0,51.2,10.5,-15.0,5036041
45.9308,-115.6764,72.9,442.0,195.0,,8.88,-0.11,12.0,7413.0,3.302,864.0,,56.0,-20.0,38.1,10.9,18.0,5036042
45.8967,-115.6275,452.2,2881.0,1206.0,,51.84,1.88,51.0,16690.0,3.832,2023.0,,139.0,-20.0,71.7,12.3,48.0,5036043
45.8844,-115.6264,132.0,636.0,278.0,,18.85,-0.09,49.0,8378.0,3.039,918.0,,57.0,-20.0,38.3,10.6,20.0,5036044
45.8381,-115.6425,183.9,774.0,334.0,,21.45,0.32,135.0,6344.0,3.392,1030.0,,78.0,-20.0,57.9,11.7,23.0,5036045
45.8469,-115.6475,98.6,467.0,194.0,,14.54,-0.11,38.0,5446.0,2.923,889.0,,66.0,-20.0,41.5,11.5,-15.0,5036046
45.8275,-115.6264,121.9,589.0,246.0,,16.43,-0.09,36.0,7328.0,2.49,1130.0,,50.0,-20.0,48.5,10.4,32.0,5036047
45.8244,-115.6322,117.6,503.0,208.0,,19.31,-0.1,46.0,5885.0,3.311,1131.0,,68.0,-20.0,39.7,12.1,19.0,5036048
45.8144,-115.6311,49.1,267.0,117.0,,8.52,-0.09,7.0,4834.0,2.603,500.0,,38.0,-20.0,19.8,9.5,-15.0,5036049
45.8128,-115.6486,262.3,1515.0,637.0,,31.38,3.8,163.0,9367.0,3.98,2842.0,,83.0,-20.0,98.6,10.4,79.0,5036050
45.8389,-115.6778,81.7,372.0,156.0,,13.62,-0.11,9.0,5103.0,2.176,909.0,,34.0,-20.0,41.8,8.2,-15.0,5036051
45.8072,-115.6942,39.9,232.0,106.0,,6.82,0.35,35.0,5575.0,2.963,633.0,,38.0,-20.0,21.4,10.8,-15.0,5036052
45.7983,-115.7358,88.4,553.0,228.0,,12.18,-0.09,15.0,8535.0,3.905,460.0,,41.0,-20.0,23.3,10.8,-15.0,5036053
45.8033,-115.7022,75.5,423.0,192.0,,13.25,-0.11,9.0,5341.0,2.645,504.0,,33.0,-20.0,24.5,8.8,-15.0,5036054
45.8028,-115.6922,67.0,449.0,193.0,,7.11,-0.1,15.0,8073.0,3.161,723.0,,44.0,-20.0,35.5,11.2,-15.0,5036055
45.8061,-115.6822,212.3,1270.0,533.0,,32.69,0.89,33.0,8371.0,3.41,2612.0,,76.0,-20.0,131.9,12.2,38.0,5036056
45.7831,-115.9336,13.3,74.0,45.0,,3.12,-0.11,7.0,4069.0,4.213,258.0,,46.0,-20.0,9.2,16.1,18.0,5036057
45.8183,-115.9381,6.1,65.0,31.0,,2.73,-0.1,-5.0,5506.0,4.07,231.0,,47.0,-20.0,9.4,20.7,-15.0,5036058
45.8297,-115.9317,5.7,60.0,29.0,,2.26,-0.09,-5.0,4304.0,3.302,202.0,,54.0,-20.0,7.5,17.5,-15.0,5036059
45.7981,-115.9636,3.5,28.0,15.0,,2.08,-0.09,6.0,4423.0,3.462,142.0,,47.0,-20.0,4.3,20.4,-15.0,5036060
45.7953,-115.9586,4.7,56.0,26.0,,2.27,-0.1,8.0,3495.0,3.766,169.0,,50.0,-20.0,6.6,18.5,-15.0,5036061
45.8008,-115.9803,2.0,31.0,11.0,,1.75,-0.09,-5.0,4962.0,2.813,103.0,,34.0,-20.0,3.0,17.4,-15.0,5036062
45.8247,-115.9436,6.7,57.0,26.0,,2.63,-0.13,15.0,4972.0,6.519,143.0,,211.0,-20.0,5.3,30.2,-15.0,5036063
45.8308,-115.9425,4.2,40.0,18.0,,1.97,-0.08,-5.0,4710.0,4.482,144.0,,56.0,-20.0,4.2,25.3,-15.0,5036064
45.8325,-115.9669,2.5,25.0,10.0,,1.34,-0.07,6.0,3243.0,3.316,121.0,,74.0,-20.0,4.1,16.2,-15.0,5036065
45.8381,-115.99,4.5,45.0,21.0,,2.08,-0.1,-5.0,3811.0,3.413,147.0,,36.0,-20.0,5.3,14.4,-15.0,5036066
45.8342,-115.9822,2.5,30.0,12.0,,1.67,-0.1,10.0,4476.0,4.216,118.0,,98.0,-20.0,3.6,24.9,-15.0,5036067
45.8333,-115.9781,3.7,36.0,18.0,,1.89,-0.09,-5.0,4669.0,4.14,126.0,,94.0,-20.0,4.1,21.9,-15.0,5036068
45.8294,-115.9711,4.3,34.0,20.0,,2.23,-0.08,5.0,6678.0,4.549,170.0,,61.0,-20.0,6.4,18.5,-15.0,5036069
45.8306,-115.9261,30.4,214.0,97.0,,5.89,-0.1,10.0,10160.0,3.862,450.0,,44.0,-20.0,18.9,13.0,-15.0,5036070
45.8811,-115.9183,24.2,208.0,97.0,,4.99,-0.09,6.0,6355.0,3.446,560.0,,38.0,-20.0,17.5,11.2,15.0,5036071
45.8908,-115.9222,9.3,71.0,36.0,,3.19,-0.08,6.0,5599.0,3.8,261.0,,54.0,-20.0,8.7,14.6,-15.0,5036072
45.9119,-115.9189,49.4,305.0,144.0,,7.82,-0.08,-5.0,3354.0,2.6,527.0,,41.0,-20.0,30.2,9.0,-15.0,5036073
45.9108,-115.9089,40.0,258.0,116.0,,9.05,-0.07,-5.0,3730.0,2.006,531.0,,35.0,-20.0,31.4,6.5,-15.0,5036074
45.9372,-115.8261,21.6,147.0,69.0,,3.91,-0.08,-5.0,4780.0,2.876,256.0,,30.0,-20.0,9.6,9.1,-15.0,5036075
45.9364,-115.8258,88.5,594.0,262.0,,10.02,-0.08,10.0,11750.0,3.896,874.0,,59.0,-20.0,35.0,11.7,-15.0,5036076
45.9444,-115.8483,22.9,172.0,78.0,,5.29,-0.09,-5.0,5508.0,3.256,359.0,,40.0,-20.0,13.6,10.2,-15.0,5036077
45.9136,-115.8717,30.6,205.0,95.0,,6.17,-0.1,5.0,5468.0,3.59,301.0,,54.0,-20.0,13.2,10.7,-15.0,5036078
45.8992,-115.8269,17.1,139.0,70.0,,3.79,-0.09,-5.0,3973.0,2.132,202.0,,-10.0,-20.0,7.2,7.9,-15.0,5036079
45.9228,-115.8889,19.2,156.0,78.0,,4.17,-0.07,-5.0,4809.0,3.099,461.0,,30.0,-20.0,17.1,9.6,-15.0,5036080
45.9236,-115.89,18.3,140.0,62.0,,5.57,-0.08,7.0,5105.0,2.842,466.0,,24.0,-20.0,19.6,9.1,-15.0,5036081
45.9011,-115.9036,27.2,217.0,95.0,,5.61,-0.1,6.0,6560.0,3.451,466.0,,30.0,-20.0,18.4,11.9,-15.0,5036082
45.9047,-115.8875,45.0,318.0,136.0,,8.39,0.34,6.0,7963.0,3.788,516.0,,46.0,-20.0,24.4,11.4,-15.0,5036083
45.9056,-115.8875,34.4,234.0,109.0,,6.38,-0.08,6.0,5903.0,3.028,387.0,,51.0,-20.0,16.0,9.9,-15.0,5036084
45.8594,-115.9033,9.3,101.0,50.0,,3.46,-0.12,-5.0,2476.0,2.164,110.0,,-13.0,-20.0,5.1,7.0,-15.0,5036085
45.8275,-115.8783,21.1,180.0,74.0,,7.21,-0.1,-5.0,9217.0,3.747,380.0,,63.0,-20.0,17.3,12.4,-15.0,5036086
45.9522,-115.9697,13.0,85.0,37.0,,5.09,-0.08,5.0,4892.0,3.665,484.0,,50.0,-20.0,22.2,16.4,17.0,5036087
45.9597,-115.9575,10.9,99.0,46.0,,5.87,-0.1,9.0,4809.0,3.635,767.0,,63.0,-20.0,31.4,18.3,22.0,5036088
45.9533,-115.9297,11.1,85.0,43.0,,5.53,-0.08,6.0,5258.0,3.09,501.0,,22.0,-20.0,26.6,13.6,-15.0,5036089
45.9636,-115.9094,9.1,88.0,43.0,,5.77,-0.08,-5.0,5069.0,3.399,451.0,,20.0,-20.0,18.6,14.1,-15.0,5036090
45.9692,-115.9156,3.6,35.0,18.0,,1.52,-0.1,5.0,4024.0,3.398,142.0,,36.0,-20.0,5.4,16.6,-15.0,5036091
45.9783,-115.88,8.0,81.0,34.0,,4.07,-0.1,5.0,4628.0,3.644,297.0,,-11.0,-20.0,11.9,11.2,17.0,5036092
45.9786,-115.8519,16.2,127.0,66.0,,4.13,-0.09,-5.0,4966.0,2.741,402.0,,32.0,-20.0,16.6,9.2,-15.0,5036093
45.9944,-115.8283,17.6,127.0,63.0,,4.39,-0.08,8.0,4827.0,2.82,567.0,,51.0,-20.0,24.3,9.4,-15.0,5036094
45.9678,-115.7833,10.8,114.0,47.0,,3.08,-0.1,12.0,7054.0,4.362,414.0,,40.0,-20.0,14.7,11.4,-15.0,5036095
45.9678,-115.7825,31.3,253.0,111.0,,5.45,-0.1,10.0,8871.0,3.592,797.0,,56.0,-20.0,32.2,11.2,-15.0,5036096
45.9831,-115.7936,20.1,127.0,70.0,,6.78,-0.12,6.0,4729.0,3.159,202.0,,32.0,-20.0,7.9,11.3,-15.0,5036097
45.9833,-115.8031,68.4,397.0,183.0,,7.76,-0.09,9.0,5943.0,2.698,279.0,,31.0,-20.0,11.5,7.2,19.0,5036098
45.9883,-115.8803,14.8,130.0,56.0,,6.39,-0.09,7.0,5205.0,3.454,702.0,,25.0,-20.0,29.5,16.4,-15.0,5036099
45.9778,-115.9617,6.1,78.0,31.0,,3.43,-0.11,9.0,5666.0,4.571,280.0,,34.0,-20.0,10.1,21.2,-15.0,5036100
45.99,-115.9606,5.1,42.0,21.0,,1.57,-0.11,8.0,8298.0,7.087,173.0,,56.0,-20.0,5.5,29.6,-15.0,5036101
45.9969,-115.9211,11.0,99.0,43.0,,4.24,-0.1,8.0,7346.0,4.19,401.0,,41.0,-20.0,15.7,17.1,18.0,5036102
45.9914,-115.9667,16.4,125.0,55.0,,3.62,-0.1,6.0,7399.0,5.182,330.0,,59.0,-20.0,11.9,18.5,-15.0,5036103
45.8233,-115.8886,73.1,490.0,224.0,,11.61,-0.09,8.0,5469.0,2.203,529.0,,35.0,-20.0,28.5,7.0,29.0,5036104
45.9144,-115.9989,3.9,47.0,16.0,,1.95,-0.1,-5.0,4014.0,3.455,124.0,,52.0,-20.0,4.7,21.7,-15.0,5036105
45.6756,-115.8375,20.4,162.0,72.0,,5.74,-0.06,-5.0,2161.0,1.535,167.0,,29.0,-20.0,6.9,5.3,-15.0,5036106
45.8114,-115.81,25.0,239.0,106.0,,5.97,-0.09,11.0,9553.0,2.701,422.0,,54.0,-20.0,23.0,13.2,-15.0,5036107
45.8172,-115.8175,147.5,955.0,435.0,,20.19,-0.12,12.0,18130.0,3.959,1311.0,,67.0,22.0,73.5,13.0,17.0,5036108
45.8344,-115.8072,28.3,199.0,85.0,,5.54,-0.09,8.0,7056.0,2.593,401.0,,41.0,-20.0,18.7,10.1,-15.0,5036109
45.8461,-115.8231,12.0,94.0,56.0,,8.41,-0.08,-5.0,3530.0,1.94,176.0,,21.0,-20.0,7.4,8.0,-15.0,5036110
45.8608,-115.8556,40.1,268.0,123.0,,6.88,-0.08,-5.0,6057.0,3.29,301.0,,44.0,-20.0,14.9,10.3,-15.0,5036111
45.8606,-115.8547,41.3,258.0,126.0,,6.57,-0.09,-5.0,3855.0,2.493,242.0,,36.0,-20.0,9.8,7.1,-15.0,5036112
45.87,-115.8072,62.0,421.0,182.0,,8.77,-0.09,-5.0,11400.0,3.274,488.0,,63.0,-20.0,29.7,11.7,-15.0,5036113
45.8675,-115.8031,41.0,305.0,133.0,,7.58,-0.09,9.0,9761.0,3.682,1216.0,,63.0,-20.0,49.3,11.8,-15.0,5036114
45.8567,-115.8025,107.1,753.0,332.0,,11.65,-0.1,10.0,11270.0,4.312,1174.0,,54.0,-20.0,66.3,14.4,-15.0,5036115
45.8475,-115.8056,43.1,312.0,139.0,,6.51,-0.1,8.0,9187.0,3.447,573.0,,57.0,-20.0,33.3,11.7,-15.0,5036116
45.82,-115.8261,27.1,206.0,94.0,,6.51,-0.08,-5.0,4564.0,2.376,362.0,,30.0,-20.0,14.9,8.4,-15.0,5036117
45.8336,-115.8564,33.1,249.0,111.0,,5.67,-0.06,-5.0,3910.0,2.215,264.0,,23.0,-20.0,11.2,6.6,-15.0,5036118
45.8336,-115.8583,25.2,182.0,84.0,,5.76,-0.11,11.0,4936.0,3.795,289.0,,36.0,-20.0,12.2,11.7,-15.0,5036119
45.8219,-115.8594,47.0,302.0,136.0,,10.6,-0.11,7.0,9507.0,3.87,330.0,,44.0,-20.0,14.7,11.5,-15.0,5036120
45.8169,-115.8356,162.0,1020.0,431.0,,21.53,-0.11,22.0,10440.0,3.372,1822.0,,69.0,-20.0,83.6,10.3,30.0,5036121
45.7942,-115.7764,32.4,190.0,90.0,,7.02,-0.09,11.0,6652.0,3.804,351.0,,45.0,-20.0,14.9,11.8,-15.0,5036122
45.7947,-115.7628,88.0,545.0,250.0,,12.93,-0.09,11.0,6119.0,2.287,443.0,,33.0,-20.0,18.5,7.4,-15.0,5036123
45.7408,-115.5247,35.6,230.0,92.0,,6.46,-0.11,13.0,4724.0,3.597,478.0,,55.0,-20.0,20.5,11.7,-15.0,5036124
45.7172,-115.5456,36.1,228.0,91.0,,7.42,-0.1,7.0,5086.0,3.003,320.0,,42.0,-20.0,16.8,11.1,-15.0,5036125
45.7136,-115.5378,112.2,686.0,282.0,,17.93,-0.1,29.0,7023.0,3.359,1157.0,,68.0,-20.0,51.0,11.7,-15.0,5036126
45.7014,-115.5361,85.4,453.0,198.0,,13.41,0.37,62.0,4632.0,3.114,820.0,,48.0,-20.0,51.8,9.7,16.0,5036127
45.6961,-115.5519,108.8,654.0,283.0,,13.56,-0.1,12.0,4767.0,2.212,553.0,,52.0,-20.0,27.4,7.4,-15.0,5036128
45.6942,-115.5467,39.9,247.0,112.0,,8.21,0.38,10.0,3158.0,2.108,277.0,,34.0,-20.0,12.4,6.7,-15.0,5036129
45.6914,-115.5647,77.5,467.0,198.0,,9.92,-0.09,9.0,4335.0,2.472,586.0,,56.0,-20.0,21.1,8.6,-15.0,5036130
45.6886,-115.5622,45.4,286.0,140.0,,12.04,-0.12,7.0,3541.0,2.719,244.0,,43.0,-20.0,10.5,11.0,-15.0,5036131
45.6678,-115.5736,39.4,282.0,122.0,,4.71,-0.09,7.0,5924.0,2.669,543.0,,43.0,-20.0,19.3,8.5,20.0,5036132
45.6858,-115.5711,225.5,1420.0,586.0,,17.67,0.17,19.0,11890.0,4.09,879.0,,87.0,-20.0,37.7,9.2,35.0,5036133
45.6742,-115.5428,20.8,129.0,60.0,,9.79,0.17,45.0,2750.0,2.614,220.0,,38.0,-20.0,9.4,9.6,-15.0,5036134
45.6264,-115.5139,132.5,716.0,286.0,,15.55,-0.1,10.0,5834.0,3.785,1018.0,,64.0,-20.0,47.6,9.6,-15.0,5036135
45.6222,-115.5144,44.9,283.0,128.0,,6.55,2.18,36.0,4281.0,2.462,370.0,,45.0,-20.0,15.1,9.0,21.0,5036136
45.6217,-115.5125,40.8,217.0,94.0,,9.6,-0.11,5.0,4707.0,2.354,359.0,,45.0,-20.0,15.9,10.7,-15.0,5036137
45.6078,-115.5506,-2.0,40.0,-9.0,,2.51,-0.13,-5.0,-1047.0,1.549,69.0,,38.0,-20.0,-1.9,6.6,-15.0,5036138
45.61,-115.5117,20.5,134.0,61.0,,4.2,-0.09,12.0,4505.0,3.21,242.0,,40.0,-20.0,9.4,9.2,19.0,5036139
45.5792,-115.5269,42.6,264.0,114.0,,7.4,-0.11,5.0,3748.0,2.264,368.0,,33.0,-20.0,16.9,8.2,15.0,5036140
45.5556,-115.5286,25.3,159.0,73.0,,6.14,-0.08,-5.0,4365.0,1.942,537.0,,38.0,-20.0,22.2,7.8,18.0,5036141
45.5197,-115.5053,31.0,188.0,84.0,,7.84,-0.07,9.0,4873.0,2.162,717.0,,49.0,-20.0,26.1,9.5,-15.0,5036142
45.7469,-115.5153,150.4,979.0,394.0,,22.16,0.27,15.0,13170.0,6.107,1448.0,,95.0,20.0,85.9,12.7,32.0,5036143
45.6336,-115.6556,6.3,59.0,27.0,,14.08,1.51,-5.0,4465.0,2.063,145.0,,36.0,-20.0,5.8,7.0,17.0,5036144
45.6403,-115.6483,10.2,76.0,37.0,,12.04,-0.09,-5.0,2339.0,1.751,124.0,,-11.0,-20.0,5.2,5.9,-15.0,5036145
45.6403,-115.6319,22.6,157.0,68.0,,5.58,-0.08,-5.0,4733.0,2.267,273.0,,33.0,-20.0,13.1,6.9,-15.0,5036146
45.6586,-115.6578,19.3,134.0,57.0,,5.25,-0.08,7.0,3731.0,2.322,219.0,,30.0,-20.0,7.5,7.3,-15.0,5036147
45.6825,-115.6761,10.8,86.0,60.0,,13.92,-0.12,6.0,3349.0,1.879,142.0,,30.0,-20.0,5.4,7.4,-15.0,5036148
45.6861,-115.6947,10.6,81.0,45.0,,29.27,-0.07,-5.0,2289.0,1.745,149.0,,13.0,-20.0,5.5,6.3,-15.0,5036149
45.6942,-115.6883,39.5,249.0,107.0,,5.62,0.18,-5.0,2935.0,2.486,217.0,,25.0,-20.0,10.8,6.2,-15.0,5036150
45.69,-115.6917,14.1,104.0,53.0,,9.74,-0.08,-5.0,2555.0,1.873,162.0,,-9.0,-20.0,6.5,6.3,19.0,5036151
45.6861,-115.7019,12.5,103.0,51.0,,16.67,-0.08,-5.0,3726.0,1.819,176.0,,30.0,-20.0,7.2,7.3,-15.0,5036152
45.7039,-115.2814,27.0,185.0,84.0,,6.29,-0.09,-5.0,4274.0,2.069,484.0,,49.0,-20.0,19.5,9.5,-15.0,5036153
45.7328,-115.2617,25.4,168.0,63.0,,7.25,-0.07,-5.0,3758.0,2.807,287.0,,34.0,-20.0,15.2,9.4,-15.0,5036154
45.7367,-115.2675,15.4,115.0,55.0,,9.58,-0.09,7.0,3364.0,2.997,451.0,,51.0,-20.0,17.0,9.6,-15.0,5036155
45.745,-115.2597,8.4,59.0,25.0,,3.35,-0.08,-5.0,3382.0,1.801,231.0,,23.0,-20.0,8.0,6.2,-15.0,5036156
45.9078,-115.6344,206.9,927.0,373.0,,26.17,-0.12,44.0,8149.0,2.497,943.0,,67.0,-20.0,49.0,8.9,-15.0,5036157
45.9097,-115.6381,154.3,851.0,365.0,,19.66,-0.1,26.0,8397.0,2.639,1947.0,,61.0,-20.0,75.5,10.6,-15.0,5036158
45.9106,-115.6342,38.7,280.0,115.0,,6.35,-0.09,35.0,5534.0,2.907,729.0,,50.0,-20.0,31.4,10.6,-15.0,5036159
45.9511,-115.6728,17.5,150.0,61.0,,5.07,-0.11,13.0,6393.0,3.224,368.0,,63.0,-20.0,17.5,13.5,-15.0,5036160
45.95,-115.6731,17.7,128.0,56.0,,4.01,-0.09,8.0,5955.0,2.609,509.0,,55.0,-20.0,23.8,11.3,-15.0,5036161
45.9414,-115.675,59.8,379.0,165.0,,7.78,-0.08,16.0,6198.0,2.719,1147.0,,50.0,-20.0,41.5,11.0,16.0,5036162
45.9286,-115.6481,4.9,48.0,20.0,,6.11,-0.09,18.0,3365.0,2.061,128.0,,34.0,-20.0,5.0,7.1,-15.0,5036163
45.9297,-115.6403,36.8,254.0,106.0,,6.81,-0.1,12.0,5551.0,2.771,538.0,,62.0,-20.0,26.6,10.8,-15.0,5036164
45.9306,-115.6394,67.3,463.0,193.0,,8.76,-0.09,16.0,7654.0,3.147,460.0,,49.0,-20.0,27.1,10.6,-15.0,5036165
45.9547,-115.6442,172.6,1069.0,464.0,,24.85,-0.1,16.0,9100.0,3.081,757.0,,68.0,-20.0,30.3,12.1,16.0,5036166
45.9547,-115.6458,52.8,380.0,148.0,,8.27,-0.11,19.0,5954.0,3.191,769.0,,54.0,-20.0,28.7,11.4,-15.0,5036167
45.9328,-115.6275,71.0,481.0,215.0,,13.42,-0.12,24.0,8595.0,3.017,774.0,,55.0,-20.0,28.6,12.0,16.0,5036168
45.9333,-115.6289,63.0,435.0,185.0,,10.09,-0.1,19.0,7116.0,3.143,544.0,,62.0,-20.0,27.5,12.3,15.0,5036169
45.8806,-115.4406,59.2,426.0,191.0,,11.69,-0.1,6.0,7527.0,3.577,829.0,,77.0,-20.0,39.8,14.2,-15.0,5036170
45.9022,-115.4314,31.6,208.0,92.0,,6.53,-0.11,6.0,5085.0,3.439,485.0,,51.0,-20.0,20.2,13.4,-15.0,5036171
45.9019,-115.43,187.3,1196.0,502.0,,33.08,0.23,17.0,6134.0,2.826,1510.0,,72.0,-20.0,73.3,11.3,27.0,5036172
45.9139,-115.4225,107.5,669.0,289.0,,20.44,-0.12,8.0,4582.0,2.847,794.0,,62.0,-20.0,50.8,12.7,18.0,5036173
45.9228,-115.4122,54.6,342.0,158.0,,11.58,-0.09,5.0,6351.0,3.049,754.0,,47.0,-20.0,41.4,12.6,-15.0,5036174
45.9228,-115.4111,252.7,1607.0,669.0,,40.64,0.39,20.0,7134.0,3.57,1655.0,,91.0,-20.0,80.1,12.7,42.0,5036175
45.8917,-115.425,127.1,848.0,369.0,,25.31,-0.12,16.0,7059.0,4.055,551.0,,89.0,-20.0,27.6,9.8,-15.0,5036176
45.8944,-115.4753,39.3,283.0,116.0,,7.06,-0.1,6.0,5741.0,2.984,410.0,,63.0,-20.0,19.4,11.9,-15.0,5036177
45.9217,-115.4692,24.2,179.0,78.0,,6.31,-0.12,14.0,7330.0,3.652,529.0,,79.0,-20.0,23.6,13.9,-15.0,5036178
45.9233,-115.4686,31.0,274.0,112.0,,5.89,-0.12,10.0,8857.0,3.5,938.0,,60.0,-20.0,36.1,13.2,-15.0,5036179
45.9231,-115.4675,38.2,360.0,161.0,,8.48,-0.11,11.0,17260.0,4.514,1451.0,,91.0,48.0,58.9,17.5,-15.0,5036180
45.9144,-115.4689,79.2,550.0,239.0,,11.25,-0.12,14.0,8239.0,3.507,631.0,,84.0,-20.0,25.8,13.7,-15.0,5036181
45.8297,-115.5825,26.6,179.0,69.0,,4.82,-0.14,16.0,5118.0,4.479,483.0,,77.0,-20.0,18.4,14.6,-15.0,5036182
45.8306,-115.5811,129.7,857.0,364.0,,18.75,-0.11,23.0,7939.0,4.143,1368.0,,78.0,-20.0,74.3,13.1,-15.0,5036183
45.8308,-115.5792,154.9,1019.0,444.0,,22.37,0.14,13.0,10170.0,4.151,875.0,,73.0,23.0,46.2,12.8,18.0,5036184
45.83,-115.5733,77.0,540.0,219.0,,11.05,-0.1,14.0,7683.0,4.261,569.0,,71.0,-20.0,26.7,13.9,15.0,5036185
45.8297,-115.5558,49.8,365.0,155.0,,10.21,-0.12,38.0,6433.0,4.789,379.0,,72.0,24.0,17.3,16.7,-15.0,5036186
45.8247,-115.5253,121.4,839.0,359.0,,21.66,0.31,14.0,8418.0,3.421,1538.0,,79.0,33.0,76.9,12.3,-15.0,5036187
45.8239,-115.5292,221.9,1320.0,558.0,,23.02,0.71,28.0,10410.0,3.927,1314.0,,85.0,45.0,71.6,10.0,36.0,5036188
45.7897,-115.5408,30.7,235.0,107.0,,8.49,-0.11,27.0,5734.0,3.916,393.0,,69.0,-20.0,14.4,15.1,-15.0,5036189
45.7897,-115.5556,153.0,1169.0,507.0,,13.64,-0.13,20.0,9564.0,4.011,952.0,,68.0,26.0,40.5,12.8,-15.0,5036190
45.7833,-115.5572,62.7,393.0,165.0,,8.24,-0.1,16.0,6183.0,3.642,531.0,,68.0,-20.0,22.2,13.4,-15.0,5036191
45.7667,-115.5486,64.7,395.0,167.0,,9.48,0.39,28.0,5771.0,3.181,707.0,,42.0,-20.0,30.0,9.4,-15.0,5036192
45.8283,-115.5008,66.5,472.0,200.0,,10.61,-0.1,17.0,8296.0,4.066,643.0,,79.0,30.0,30.7,13.7,-15.0,5036193
45.7578,-115.9444,17.4,163.0,70.0,,4.29,-0.09,7.0,5716.0,2.194,610.0,,-10.0,-20.0,23.4,14.0,-15.0,5036194
45.7578,-115.9464,20.0,134.0,71.0,,6.18,-0.1,13.0,5955.0,3.065,619.0,,49.0,23.0,23.7,13.1,-15.0,5036195
45.7231,-115.9764,13.5,108.0,55.0,,4.17,-0.08,8.0,4904.0,2.51,792.0,,20.0,27.0,29.3,10.7,-15.0,5036196
45.7225,-115.9783,29.7,249.0,109.0,,7.46,-0.08,8.0,6801.0,2.086,865.0,,19.0,-20.0,56.7,12.3,-15.0,5036197
45.7039,-115.9889,13.2,121.0,58.0,,3.75,-0.11,-5.0,4352.0,2.081,454.0,,-12.0,-20.0,24.5,8.9,-15.0,5036198
45.6942,-115.9992,11.7,106.0,46.0,,2.96,-0.07,-5.0,4090.0,1.892,324.0,,20.0,-20.0,15.9,9.0,-15.0,5036199
45.6336,-115.9792,29.9,195.0,92.0,,7.23,-0.09,13.0,7131.0,3.721,672.0,,65.0,-20.0,22.7,13.7,-15.0,5036200
45.6214,-115.9433,42.7,312.0,144.0,,8.47,-0.07,6.0,4669.0,2.261,348.0,,37.0,-20.0,15.6,6.9,-15.0,5036201
45.5953,-115.8847,12.2,80.0,37.0,,3.47,-0.09,-5.0,3848.0,2.364,194.0,,33.0,-20.0,7.1,8.0,-15.0,5036202
45.5872,-115.8658,10.2,74.0,29.0,,3.37,-0.09,-5.0,4637.0,3.066,182.0,,46.0,-20.0,6.2,10.3,-15.0,5036203
45.5906,-115.9258,5.9,49.0,25.0,,2.85,-0.1,6.0,3957.0,1.983,192.0,,30.0,-20.0,6.4,7.0,-15.0,5036204
45.6139,-115.9292,9.5,54.0,23.0,,4.14,-0.07,-5.0,3469.0,2.347,223.0,,48.0,-20.0,8.6,9.0,-15.0,5036205
45.6389,-115.9575,22.3,120.0,58.0,,5.97,-0.1,7.0,6398.0,2.513,415.0,,55.0,-20.0,16.1,9.3,-15.0,5036206
45.7958,-115.4658,511.9,2843.0,1226.0,,75.53,0.83,9.0,16090.0,6.331,5410.0,,133.0,-20.0,434.9,18.2,36.0,5036207
45.8028,-115.4728,271.2,1704.0,707.0,,47.61,0.32,-5.0,9946.0,3.763,6018.0,,66.0,-20.0,284.0,14.0,37.0,5036208
45.7847,-115.4814,87.5,599.0,252.0,,10.95,0.2,12.0,6048.0,3.867,962.0,,61.0,-20.0,45.0,11.9,-15.0,5036209
45.7853,-115.4828,82.0,588.0,235.0,,11.96,-0.12,64.0,12440.0,6.93,953.0,,63.0,46.0,47.7,14.6,20.0,5036210
45.7911,-115.6542,19.8,130.0,51.0,,7.59,-0.1,42.0,4694.0,3.137,383.0,,52.0,-20.0,14.7,11.8,-15.0,5036211
45.7897,-115.6517,38.8,232.0,109.0,,6.69,-0.07,12.0,3517.0,2.763,412.0,,36.0,-20.0,15.7,9.2,-15.0,5036212
45.7644,-115.6414,65.8,349.0,152.0,,8.52,1.57,6.0,4307.0,2.201,421.0,,32.0,-20.0,20.6,7.3,-15.0,5036213
45.7617,-115.6403,97.4,542.0,216.0,,13.93,-0.11,12.0,4379.0,2.645,608.0,,45.0,-20.0,27.6,9.7,-15.0,5036214
45.73,-115.6561,39.5,259.0,108.0,,11.38,-0.07,-5.0,3398.0,1.896,244.0,,23.0,-20.0,11.7,6.4,-15.0,5036215
45.7303,-115.655,55.5,339.0,155.0,,9.48,-0.07,11.0,4392.0,2.248,1006.0,,27.0,-20.0,20.4,7.4,32.0,5036216
45.7361,-115.6578,92.4,563.0,243.0,,11.23,-0.08,14.0,4782.0,2.3,650.0,,33.0,-20.0,29.4,7.5,-15.0,5036217
45.7431,-115.6569,48.4,308.0,135.0,,16.12,-0.1,11.0,3940.0,2.501,492.0,,35.0,-20.0,23.3,9.5,-15.0,5036218
45.7544,-115.6578,45.1,281.0,135.0,,6.95,-0.1,15.0,4401.0,2.644,419.0,,51.0,-20.0,22.3,9.7,16.0,5036219
45.7533,-115.6578,75.9,452.0,203.0,,12.89,-0.07,9.0,3984.0,2.275,602.0,,34.0,-20.0,24.2,7.3,-15.0,5036220
45.7644,-115.6586,95.2,525.0,221.0,,14.11,0.32,12.0,5482.0,2.992,465.0,,46.0,-20.0,24.4,10.8,27.0,5036221
45.7647,-115.6625,46.4,326.0,138.0,,8.2,-0.1,12.0,5652.0,3.308,673.0,,47.0,-20.0,28.4,11.4,-15.0,5036222
45.7153,-115.7292,12.0,97.0,41.0,,3.34,-0.11,-5.0,3558.0,2.739,183.0,,31.0,-20.0,6.0,8.2,-15.0,5036223
45.7147,-115.7269,24.3,161.0,68.0,,4.2,-0.09,11.0,4057.0,2.862,222.0,,21.0,-20.0,7.6,8.6,-15.0,5036224
45.7433,-115.72,20.3,136.0,59.0,,6.67,-0.08,7.0,4681.0,3.131,208.0,,32.0,-20.0,7.4,10.2,-15.0,5036225
45.7558,-115.7078,35.5,236.0,102.0,,5.03,-0.09,7.0,4842.0,2.5,275.0,,22.0,-20.0,11.9,7.4,-15.0,5036226
45.3883,-114.7089,10.3,216.0,91.0,,5.43,-0.13,6.0,7629.0,5.534,1910.0,,72.0,-20.0,55.5,16.5,-15.0,5036227
45.3969,-114.7317,17.7,99.0,38.0,,3.61,-0.11,5.0,3318.0,2.207,209.0,,62.0,-20.0,10.8,7.2,15.0,5036228
45.3944,-114.7461,11.0,89.0,41.0,,7.56,-0.1,-5.0,5208.0,5.413,301.0,,504.0,-20.0,10.0,25.9,-15.0,5036229
45.3914,-114.7694,74.4,483.0,211.0,,16.0,-0.09,8.0,3248.0,2.874,912.0,,67.0,-20.0,41.3,11.1,-15.0,5036230
45.3903,-114.7831,16.5,142.0,67.0,,39.3,-0.13,7.0,5416.0,5.007,663.0,,252.0,-20.0,23.4,18.4,28.0,5036231
45.3911,-114.7831,19.6,142.0,70.0,,9.62,-0.08,15.0,4992.0,3.152,722.0,,105.0,-20.0,26.8,10.8,22.0,5036232
45.3906,-114.7914,23.7,147.0,65.0,,11.37,-0.09,-5.0,3536.0,3.972,282.0,,173.0,-20.0,13.4,16.6,-15.0,5036233
45.3936,-114.8022,20.1,133.0,65.0,,6.43,-0.08,9.0,3854.0,3.09,500.0,,99.0,-20.0,22.9,9.8,-15.0,5036234
45.3953,-114.8169,33.3,204.0,93.0,,22.59,-0.13,-5.0,8627.0,5.724,1311.0,,178.0,-20.0,49.4,23.9,-15.0,5036235
45.4025,-114.83,26.3,185.0,85.0,,6.65,-0.08,10.0,5058.0,3.318,873.0,,120.0,-20.0,34.0,10.9,-15.0,5036236
45.4106,-114.84,36.3,230.0,106.0,,9.83,1.31,17.0,6391.0,4.172,1126.0,,137.0,-20.0,63.1,11.8,-15.0,5036237
45.4106,-114.8419,23.0,142.0,66.0,,6.64,-0.07,15.0,3977.0,2.991,710.0,,101.0,-20.0,27.9,9.7,-15.0,5036238
45.4161,-114.8558,44.3,228.0,106.0,,11.71,-0.11,-5.0,3683.0,3.706,417.0,,161.0,-20.0,21.6,17.9,-15.0,5036239
45.4214,-114.8675,33.1,204.0,93.0,,7.5,-0.09,12.0,5352.0,3.8,684.0,,113.0,-20.0,26.1,13.0,-15.0,5036240
45.4183,-114.8733,27.8,165.0,78.0,,10.65,-0.1,12.0,5885.0,4.39,587.0,,142.0,-20.0,21.3,15.7,21.0,5036241
45.4219,-114.8789,31.3,200.0,105.0,,25.67,-0.11,7.0,6891.0,4.844,984.0,,98.0,-20.0,39.6,18.4,-15.0,5036242
45.4264,-114.8844,44.5,278.0,134.0,,11.84,-0.11,9.0,5386.0,3.837,796.0,,125.0,-20.0,39.1,14.1,-15.0,5036243
45.4356,-114.8922,32.3,191.0,93.0,,21.05,-0.11,8.0,6825.0,4.255,1036.0,,146.0,-20.0,42.0,13.9,-15.0,5036244
45.4492,-114.9144,50.8,319.0,145.0,,12.89,0.16,34.0,8499.0,4.814,1854.0,,146.0,-20.0,84.4,11.5,36.0,5036245
45.4492,-114.9197,19.4,130.0,67.0,,15.68,-0.09,7.0,4117.0,3.759,302.0,,97.0,-20.0,13.7,14.2,-15.0,5036246
45.4544,-114.9319,106.5,695.0,350.0,,24.38,-0.14,22.0,9790.0,5.553,4047.0,,105.0,-20.0,159.1,26.3,43.0,5036247
45.4722,-114.9617,41.0,270.0,117.0,,12.85,-0.1,7.0,6974.0,4.132,1531.0,,130.0,-20.0,67.4,15.0,17.0,5036248
45.4736,-114.9622,22.0,132.0,61.0,,5.39,-0.06,5.0,3884.0,2.109,573.0,,67.0,-20.0,26.6,9.0,-15.0,5036249
45.4875,-114.9736,19.2,124.0,55.0,,6.58,-0.07,9.0,3837.0,2.747,484.0,,83.0,-20.0,20.1,9.5,21.0,5036250
45.4978,-114.9972,52.5,258.0,130.0,,15.11,-0.11,12.0,7435.0,4.929,1501.0,,167.0,-20.0,56.5,15.9,-15.0,5036251
45.5033,-115.0058,26.7,171.0,73.0,,8.5,-0.08,30.0,4957.0,2.932,1034.0,,109.0,-20.0,46.0,10.1,-15.0,5036252
45.5086,-115.0236,34.8,228.0,109.0,,8.53,-0.08,5.0,4297.0,3.604,634.0,,355.0,-20.0,22.1,14.0,-15.0,5036253
45.5064,-115.0258,23.9,147.0,75.0,,11.26,-0.09,11.0,4703.0,3.969,641.0,,177.0,-20.0,25.0,16.7,20.0,5036254
45.5125,-115.0425,31.5,102.0,31.0,,9.5,-0.11,-5.0,3465.0,2.908,286.0,,65.0,-20.0,11.9,9.7,-15.0,5036255
45.5106,-115.0414,31.2,215.0,101.0,,6.85,0.16,10.0,6173.0,3.534,817.0,,103.0,-20.0,35.6,10.7,-15.0,5036256
45.6725,-115.9033,13.2,93.0,48.0,,5.53,-0.06,5.0,2973.0,1.405,257.0,,23.0,-20.0,10.4,5.6,-15.0,5036257
45.6778,-115.9044,22.4,158.0,75.0,,6.47,-0.09,13.0,3740.0,2.092,332.0,,37.0,-20.0,16.9,7.8,-15.0,5036258
45.6733,-115.9572,12.1,92.0,38.0,,3.44,-0.12,-5.0,5045.0,2.349,291.0,,32.0,-20.0,11.3,9.1,-15.0,5036259
45.7597,-115.2342,26.3,172.0,79.0,,15.8,-0.1,7.0,5559.0,3.497,1180.0,,30.0,-20.0,58.4,13.6,-15.0,5036260
45.7619,-115.2378,24.9,201.0,100.0,,12.33,-0.11,-5.0,6277.0,3.85,1227.0,,47.0,-20.0,52.6,15.6,17.0,5036261
45.7772,-115.2181,13.8,129.0,55.0,,6.57,-0.12,5.0,3695.0,5.506,325.0,,31.0,-20.0,12.7,10.5,17.0,5036262
45.7786,-115.2072,18.6,181.0,72.0,,13.38,-0.11,7.0,6164.0,4.028,1167.0,,49.0,-20.0,53.1,15.2,23.0,5036263
45.7775,-115.2075,25.3,178.0,75.0,,13.76,-0.11,11.0,6627.0,3.804,1136.0,,29.0,-20.0,53.6,17.1,22.0,5036264
45.7856,-115.2075,14.7,145.0,65.0,,9.91,-0.11,-5.0,4973.0,4.094,567.0,,47.0,-20.0,20.6,17.3,-15.0,5036265
45.7878,-115.1978,18.8,173.0,75.0,,8.22,-0.12,-5.0,5209.0,4.235,540.0,,-12.0,-20.0,30.1,10.9,-15.0,5036266
45.7794,-115.195,18.4,154.0,61.0,,11.91,-0.08,-5.0,6604.0,3.845,849.0,,30.0,-20.0,36.8,13.3,-15.0,5036267
45.7806,-115.1914,14.5,130.0,65.0,,10.18,-0.09,6.0,4646.0,3.691,524.0,,51.0,-20.0,21.9,14.7,-15.0,5036268
45.7736,-115.1378,13.5,120.0,47.0,,10.86,-0.1,-5.0,5639.0,3.963,575.0,,27.0,-20.0,26.2,10.7,-15.0,5036269
45.7744,-115.1372,12.5,98.0,50.0,,11.22,-0.09,6.0,3781.0,2.461,621.0,,27.0,-20.0,28.2,8.9,-15.0,5036270
45.775,-115.1267,27.2,198.0,86.0,,12.25,-0.08,-5.0,4672.0,4.807,682.0,,47.0,-20.0,26.6,13.5,-15.0,5036271
45.8092,-115.3069,16.2,171.0,78.0,,7.92,-0.1,10.0,5375.0,5.71,632.0,,67.0,-20.0,28.1,20.6,26.0,5036272
45.7778,-115.2428,16.3,162.0,62.0,,9.05,-0.11,7.0,5109.0,3.94,805.0,,23.0,-20.0,32.2,12.1,-15.0,5036273
45.7775,-115.2439,31.8,299.0,135.0,,13.24,-0.1,13.0,7723.0,5.085,1298.0,,50.0,-20.0,65.1,21.6,-15.0,5036274
45.3706,-114.6892,14.9,112.0,51.0,,3.39,-0.08,8.0,5351.0,4.373,408.0,,89.0,-20.0,13.6,13.0,-15.0,5036275
45.7561,-115.2553,28.0,177.0,79.0,,9.99,-0.08,-5.0,3320.0,2.703,548.0,,34.0,-20.0,22.0,9.7,-15.0,5036276
45.7569,-115.2561,34.7,300.0,141.0,,13.78,-0.11,6.0,7243.0,5.403,1468.0,,50.0,-20.0,56.5,16.0,-15.0,5036277
45.7997,-115.3217,25.5,214.0,100.0,,10.02,-0.11,-5.0,6952.0,4.456,1035.0,,67.0,-20.0,51.0,15.2,-15.0,5036278
45.8033,-115.3219,22.9,214.0,101.0,,11.34,-0.09,18.0,6963.0,7.313,1347.0,,56.0,-20.0,56.5,18.6,18.0,5036279
45.7986,-115.3336,18.9,182.0,85.0,,6.97,-0.09,7.0,5033.0,4.302,516.0,,40.0,-20.0,22.9,14.9,-15.0,5036280
45.7886,-115.3667,100.9,522.0,213.0,,16.59,0.27,13.0,6609.0,4.126,1758.0,,65.0,-20.0,87.5,13.6,-15.0,5036281
45.8222,-115.355,81.8,578.0,245.0,,16.54,-0.11,8.0,7209.0,4.872,1057.0,,85.0,20.0,47.2,16.8,15.0,5036282
45.8189,-115.3361,47.9,371.0,165.0,,11.28,-0.09,8.0,6479.0,5.028,915.0,,73.0,-20.0,44.5,13.8,23.0,5036283
45.8647,-115.3619,56.5,356.0,164.0,,11.12,-0.08,7.0,5581.0,4.002,346.0,,70.0,-20.0,15.8,10.0,17.0,5036284
45.8642,-115.3611,77.1,579.0,263.0,,15.88,-0.11,9.0,4496.0,3.381,918.0,,45.0,-20.0,45.0,9.3,-15.0,5036285
45.8603,-115.3639,24.5,232.0,102.0,,8.07,-0.1,11.0,4249.0,3.11,490.0,,50.0,-20.0,23.1,13.8,22.0,5036286
45.8792,-115.1961,11.5,79.0,45.0,,10.83,-0.08,7.0,2037.0,1.929,172.0,,62.0,-20.0,7.3,8.4,-15.0,5036287
45.7872,-115.3575,91.3,465.0,206.0,,14.78,-0.1,11.0,5468.0,3.63,1069.0,,44.0,-20.0,60.8,12.0,24.0,5036288
45.7883,-115.3578,37.1,323.0,142.0,,13.7,0.66,8.0,7887.0,6.669,1508.0,,70.0,75.0,78.0,20.4,-15.0,5036289
45.8792,-115.1836,14.1,64.0,27.0,,10.37,-0.07,-5.0,2595.0,1.699,351.0,,40.0,-20.0,17.7,5.7,-15.0,5036290
45.8769,-115.1683,10.6,71.0,38.0,,6.16,-0.07,5.0,2786.0,2.562,360.0,,50.0,-20.0,13.8,7.6,-15.0,5036291
45.8742,-115.1344,28.5,119.0,49.0,,11.06,-0.08,7.0,4056.0,3.217,477.0,,37.0,-20.0,21.2,9.1,-15.0,5036292
45.8744,-115.1358,32.1,159.0,72.0,,25.64,-0.11,-5.0,4751.0,3.076,530.0,,35.0,-20.0,30.2,10.7,-15.0,5036293
45.8736,-115.1369,9.9,72.0,41.0,,12.6,-0.09,-5.0,2072.0,1.778,154.0,,56.0,-20.0,6.4,6.0,-15.0,5036294
45.8694,-115.1547,6.9,53.0,33.0,,9.07,-0.07,-5.0,2180.0,1.823,283.0,,43.0,-20.0,10.0,5.3,-15.0,5036295
45.8928,-115.2417,9.3,70.0,30.0,,5.14,-0.07,6.0,2858.0,2.316,347.0,,51.0,-20.0,13.9,6.9,-15.0,5036296
45.9119,-115.245,21.4,171.0,80.0,,7.63,-0.09,5.0,3030.0,1.823,312.0,,35.0,-20.0,14.6,7.6,-15.0,5036297
45.9186,-115.2494,61.0,258.0,116.0,,15.05,-0.07,10.0,5305.0,4.541,916.0,,50.0,-20.0,54.8,5.8,20.0,5036298
45.9503,-115.2781,21.7,148.0,71.0,,6.3,-0.1,7.0,4164.0,2.791,276.0,,35.0,-20.0,12.8,10.7,-15.0,5036299
45.9517,-115.2783,40.2,268.0,115.0,,10.19,-0.1,11.0,5167.0,4.336,646.0,,71.0,-20.0,27.8,14.1,-15.0,5036300
45.9631,-115.2878,73.3,504.0,226.0,,11.68,-0.14,8.0,4380.0,3.466,603.0,,66.0,-20.0,29.7,10.5,-15.0,5036301
45.9908,-115.2867,37.6,299.0,125.0,,7.99,-0.11,6.0,9154.0,3.499,698.0,,69.0,-20.0,35.4,13.4,-15.0,5036302
45.705,-115.0453,28.9,283.0,133.0,,14.58,-0.12,9.0,9681.0,4.764,2225.0,,51.0,32.0,88.0,15.4,-15.0,5036303
45.6892,-115.0617,24.8,198.0,95.0,,11.8,-0.1,5.0,5863.0,4.123,750.0,,62.0,-20.0,41.2,14.8,-15.0,5036304
45.6897,-115.0664,36.6,234.0,99.0,,16.35,-0.11,6.0,3847.0,3.304,559.0,,46.0,-20.0,29.4,11.6,-15.0,5036305
45.6639,-115.8258,17.2,151.0,69.0,,6.83,-0.07,-5.0,2268.0,1.448,175.0,,15.0,-20.0,7.4,5.2,-15.0,5036306
45.665,-115.8256,15.5,106.0,50.0,,4.42,-0.06,7.0,2688.0,1.277,148.0,,-7.0,-20.0,5.1,4.8,-15.0,5036307
45.665,-115.8011,20.8,142.0,73.0,,3.94,-0.07,-5.0,3162.0,1.565,156.0,,28.0,-20.0,6.4,5.2,-15.0,5036308
45.6608,-115.7889,14.3,103.0,50.0,,3.97,-0.09,-5.0,2554.0,1.619,146.0,,-9.0,-20.0,5.2,5.7,-15.0,5036309
45.6589,-115.7803,26.0,158.0,72.0,,6.55,-0.08,-5.0,2535.0,1.354,194.0,,23.0,-20.0,7.6,5.8,-15.0,5036310
45.6583,-115.7814,14.6,115.0,50.0,,5.28,-0.08,-5.0,5234.0,1.956,181.0,,21.0,-20.0,7.4,6.9,-15.0,5036311
45.6681,-115.8294,6.4,93.0,67.0,,88.45,-0.11,-5.0,3727.0,1.607,164.0,,-12.0,-20.0,6.0,8.0,-15.0,5036312
45.6772,-115.8361,41.4,280.0,132.0,,7.18,-0.07,-5.0,4544.0,1.828,217.0,,26.0,-20.0,10.6,6.4,-15.0,5036313
45.6931,-115.8075,11.7,84.0,58.0,,3.84,-0.11,6.0,2952.0,1.83,128.0,,31.0,-20.0,4.0,9.2,-15.0,5036314
45.7094,-115.7983,10.7,77.0,48.0,,3.26,-0.12,13.0,4355.0,2.993,234.0,,35.0,-20.0,8.3,9.9,-15.0,5036315
45.7103,-115.7992,35.5,244.0,109.0,,7.74,-0.1,-5.0,5237.0,2.233,313.0,,36.0,-20.0,14.5,8.4,-15.0,5036316
45.7231,-115.8089,18.3,122.0,61.0,,5.13,-0.1,5.0,6072.0,2.731,348.0,,48.0,-20.0,13.8,10.5,-15.0,5036317
45.7278,-115.7739,18.8,137.0,120.0,,7.47,-0.13,10.0,4468.0,3.093,318.0,,57.0,-20.0,12.6,13.4,-15.0,5036318
45.53,-115.3053,95.5,579.0,261.0,,11.53,-0.11,14.0,7066.0,2.998,664.0,,103.0,-20.0,32.2,10.2,-15.0,5036319
45.5172,-115.3228,15.8,127.0,54.0,,6.36,-0.11,9.0,5296.0,3.371,354.0,,106.0,-20.0,13.3,12.2,16.0,5036320
45.515,-115.3228,19.3,143.0,56.0,,4.93,-0.09,-5.0,5208.0,3.579,377.0,,136.0,-20.0,12.0,12.2,-15.0,5036321
45.5103,-115.3228,21.6,169.0,76.0,,9.19,-0.1,-5.0,4222.0,2.987,368.0,,100.0,-20.0,14.1,12.5,-15.0,5036322
45.5064,-115.3247,19.8,139.0,70.0,,8.49,-0.13,-5.0,6646.0,3.617,430.0,,122.0,-20.0,16.0,14.3,-15.0,5036323
45.4914,-115.3372,17.1,141.0,59.0,,4.55,-0.12,-5.0,5814.0,3.432,394.0,,121.0,-20.0,15.4,14.3,-15.0,5036324
45.4864,-115.3458,23.9,146.0,67.0,,6.81,0.19,11.0,4410.0,3.087,583.0,,111.0,-20.0,28.4,10.1,-15.0,5036325
45.4825,-115.3528,33.9,228.0,108.0,,10.39,-0.09,18.0,6154.0,3.6,1245.0,,123.0,-20.0,52.1,11.1,-15.0,5036326
45.4753,-115.3722,18.3,162.0,73.0,,17.74,-0.13,6.0,4806.0,3.334,397.0,,97.0,-20.0,15.3,12.0,22.0,5036327
45.6981,-114.5433,19.4,170.0,227.0,,104.5,-0.14,-5.0,1395.0,1.624,162.0,,39.0,-20.0,5.3,5.5,21.0,5036328
45.6767,-114.5422,17.3,77.0,61.0,,17.55,-0.07,7.0,1412.0,1.366,265.0,,30.0,-20.0,11.6,4.7,-15.0,5036329
45.43,-115.4608,8.7,64.0,31.0,,4.46,-0.08,-5.0,-851.0,1.962,161.0,,79.0,-20.0,5.0,7.7,-15.0,5036330
45.4183,-115.4647,20.2,147.0,76.0,,19.36,-0.1,15.0,1938.0,1.473,133.0,,29.0,-20.0,4.9,4.9,19.0,5036331
45.4169,-115.4658,29.6,187.0,85.0,,7.82,-0.08,10.0,5626.0,3.009,643.0,,97.0,-20.0,38.4,10.7,-15.0,5036332
45.6778,-114.5411,18.7,88.0,58.0,,12.21,-0.07,-5.0,2608.0,1.292,469.0,,34.0,-20.0,18.3,4.8,-15.0,5036333
45.6772,-114.5444,46.3,151.0,103.0,,33.06,-0.07,-5.0,2055.0,1.338,380.0,,-8.0,-20.0,20.1,4.5,-15.0,5036334
45.6928,-114.5586,26.0,99.0,51.0,,13.18,-0.07,-5.0,1500.0,1.195,458.0,,20.0,-20.0,18.6,4.0,-15.0,5036335
45.5403,-115.2689,17.4,157.0,78.0,,12.92,-0.11,-5.0,7356.0,3.485,334.0,,162.0,-20.0,14.4,14.5,-15.0,5036336
45.5403,-115.2725,27.0,161.0,73.0,,6.47,-0.09,-5.0,4750.0,3.746,418.0,,155.0,-20.0,18.7,16.0,-15.0,5036337
45.5322,-115.2997,21.6,153.0,75.0,,7.43,-0.08,-5.0,4130.0,2.285,546.0,,62.0,-20.0,20.1,8.8,15.0,5036338
45.5389,-115.3117,20.9,141.0,74.0,,21.53,-0.09,-5.0,3546.0,2.06,402.0,,59.0,-20.0,13.8,8.4,-15.0,5036339
45.5689,-115.3217,13.3,83.0,45.0,,5.06,-0.12,-5.0,5169.0,2.766,298.0,,59.0,-20.0,8.4,10.5,25.0,5036340
45.5708,-115.3236,12.8,85.0,36.0,,3.67,-0.1,-5.0,4691.0,4.132,262.0,,141.0,-20.0,8.7,18.2,-15.0,5036341
45.5736,-115.3119,28.0,178.0,85.0,,6.13,-0.08,8.0,4974.0,2.222,644.0,,73.0,-20.0,24.9,9.6,17.0,5036342
45.5792,-115.3083,129.2,648.0,292.0,,27.67,-0.13,11.0,8794.0,3.011,2576.0,,105.0,-20.0,127.3,15.8,26.0,5036343
45.5908,-115.3039,24.7,187.0,84.0,,8.82,-0.1,-5.0,5269.0,2.662,395.0,,87.0,-20.0,17.9,11.5,-15.0,5036344
45.6,-115.3028,18.3,119.0,46.0,,5.75,-0.09,7.0,5164.0,3.312,485.0,,76.0,-20.0,15.9,11.2,19.0,5036345
45.6103,-115.3247,28.5,149.0,74.0,,12.08,-0.09,6.0,4512.0,2.602,782.0,,73.0,-20.0,36.0,12.7,16.0,5036346
45.615,-115.3164,27.7,130.0,57.0,,11.19,-0.11,-5.0,3996.0,2.561,846.0,,60.0,-20.0,30.4,11.9,17.0,5036347
45.6164,-115.3181,33.1,123.0,62.0,,9.82,-0.12,6.0,6082.0,3.742,499.0,,60.0,-20.0,19.2,12.6,-15.0,5036348
45.6169,-115.3225,49.3,300.0,122.0,,11.69,-0.1,8.0,6040.0,2.604,1124.0,,58.0,-20.0,40.8,11.6,20.0,5036349
45.395,-115.4911,8.1,88.0,43.0,,27.96,-0.08,33.0,1800.0,1.801,102.0,,-9.0,-20.0,3.4,5.8,21.0,5036350
45.3908,-115.495,7.4,65.0,32.0,,2.49,-0.1,14.0,3252.0,2.744,152.0,,67.0,-20.0,4.4,10.2,-15.0,5036351
45.7097,-114.52,16.3,81.0,62.0,,25.29,-0.09,-5.0,2329.0,1.301,236.0,,32.0,-20.0,10.4,4.8,-15.0,5036352
45.7097,-114.5225,13.5,61.0,28.0,,4.59,-0.07,6.0,3270.0,1.912,258.0,,39.0,-20.0,9.4,6.0,15.0,5036353
45.6972,-114.5258,12.9,78.0,47.0,,12.09,-0.07,8.0,2006.0,1.252,429.0,,26.0,-20.0,15.0,4.2,-15.0,5036354
45.6978,-114.5325,47.9,256.0,152.0,,35.48,-0.13,11.0,4727.0,2.765,989.0,,28.0,-20.0,37.9,9.4,16.0,5036355
45.7483,-115.2969,47.4,319.0,126.0,,9.91,-0.1,8.0,5063.0,4.498,698.0,,36.0,20.0,30.1,10.7,16.0,5036356
45.7406,-115.3036,109.6,653.0,257.0,,18.09,-0.09,9.0,5089.0,3.772,977.0,,54.0,-20.0,39.5,9.4,-15.0,5036357
45.7383,-115.3033,24.3,185.0,82.0,,6.73,-0.07,8.0,3357.0,2.662,301.0,,39.0,-20.0,14.8,8.8,16.0,5036358
45.7206,-115.3281,21.8,165.0,74.0,,9.03,-0.1,6.0,3695.0,3.858,491.0,,41.0,-20.0,21.9,13.7,22.0,5036359
45.7483,-115.3156,60.0,364.0,138.0,,9.53,-0.12,12.0,5219.0,5.287,753.0,,73.0,-20.0,26.9,10.9,-15.0,5036360
45.7339,-115.2572,25.2,168.0,77.0,,10.81,-0.07,-5.0,4354.0,2.922,654.0,,29.0,-20.0,26.3,8.7,-15.0,5036361
45.6978,-115.3381,67.4,404.0,170.0,,13.5,-0.08,-5.0,5428.0,2.089,1095.0,,38.0,-20.0,65.7,9.4,28.0,5036362
45.6739,-115.3444,270.7,1396.0,587.0,,33.39,0.2,15.0,6206.0,2.277,1768.0,,77.0,-20.0,93.3,10.1,25.0,5036363
45.6722,-115.3425,252.1,1350.0,573.0,,34.0,-0.12,23.0,10050.0,2.519,2883.0,,79.0,-20.0,147.8,10.3,32.0,5036364
45.6722,-115.3411,30.5,203.0,80.0,,8.45,-0.07,-5.0,3920.0,2.497,479.0,,47.0,-20.0,18.9,9.5,-15.0,5036365
45.6467,-115.3386,11.4,89.0,29.0,,4.26,-0.13,18.0,-1404.0,7.098,123.0,,43.0,-20.0,5.5,9.8,18.0,5036366
45.6722,-115.3619,61.9,393.0,158.0,,14.54,-0.1,16.0,5666.0,2.66,1091.0,,62.0,-20.0,42.6,9.8,16.0,5036367
45.715,-115.3522,87.3,578.0,243.0,,13.2,-0.1,13.0,4907.0,2.999,866.0,,71.0,-20.0,48.0,8.4,28.0,5036368
45.6961,-115.3653,85.2,500.0,202.0,,15.79,-0.1,16.0,5307.0,2.867,1150.0,,56.0,-20.0,51.7,10.3,23.0,5036369
45.6981,-115.36,123.7,813.0,320.0,,21.87,-0.11,26.0,5500.0,3.763,1453.0,,70.0,-20.0,65.0,13.3,31.0,5036370
45.7156,-115.3672,46.3,308.0,120.0,,8.02,-0.1,-5.0,5125.0,3.317,823.0,,59.0,-20.0,38.0,11.1,-15.0,5036371
45.6861,-115.2058,8.5,54.0,28.0,,7.39,-0.12,-5.0,2834.0,1.567,143.0,,41.0,-20.0,5.3,6.1,-15.0,5036372
45.695,-115.1514,10.3,63.0,39.0,,12.11,-0.09,7.0,5164.0,2.453,829.0,,126.0,-20.0,33.5,13.2,-15.0,5036373
45.7214,-115.0289,26.6,271.0,134.0,,10.49,-0.1,7.0,6352.0,3.929,1239.0,,41.0,-20.0,47.3,16.3,-15.0,5036374
45.7181,-115.0411,33.9,276.0,122.0,,8.31,-0.1,8.0,2768.0,2.799,663.0,,-11.0,37.0,32.5,6.1,20.0,5036375
45.7244,-115.0372,45.6,326.0,153.0,,12.5,-0.09,9.0,4384.0,2.388,747.0,,-11.0,-20.0,38.7,6.9,-15.0,5036376
45.7258,-115.0367,39.9,371.0,195.0,,12.31,-0.08,11.0,3880.0,2.791,1013.0,,27.0,-20.0,50.0,9.0,23.0,5036377
45.7339,-115.0269,25.7,170.0,81.0,,10.53,-0.1,6.0,2974.0,2.677,574.0,,41.0,-20.0,26.1,11.3,-15.0,5036378
45.7425,-115.0217,45.9,316.0,159.0,,12.27,-0.1,9.0,4087.0,2.087,1059.0,,28.0,23.0,45.7,6.3,-15.0,5036379
45.7419,-115.0231,47.2,228.0,111.0,,14.71,-0.08,8.0,3353.0,1.85,671.0,,17.0,-20.0,35.6,5.3,-15.0,5036380
45.7397,-115.0192,20.3,251.0,128.0,,15.1,-0.1,5.0,8119.0,4.554,1719.0,,31.0,53.0,59.8,15.1,-15.0,5036381
45.7414,-115.0186,25.7,270.0,131.0,,8.48,-0.09,5.0,4669.0,3.456,988.0,,42.0,24.0,40.7,11.8,-15.0,5036382
45.7294,-115.0303,27.9,255.0,118.0,,10.1,-0.13,9.0,7419.0,3.934,1012.0,,97.0,-20.0,46.0,16.5,-15.0,5036383
45.6942,-115.23,8.4,57.0,13.0,,2.66,-0.12,-5.0,3076.0,2.236,205.0,,50.0,-20.0,6.7,9.8,-15.0,5036384
45.3528,-115.5158,7.3,66.0,52.0,,63.08,-0.06,11.0,1669.0,1.034,91.0,,20.0,-20.0,2.8,3.3,-15.0,5036385
45.3356,-115.5006,7.2,54.0,24.0,,5.84,-0.07,9.0,2148.0,1.705,103.0,,20.0,-20.0,3.1,6.1,-15.0,5036386
45.3331,-115.4978,11.3,89.0,31.0,,3.27,-0.09,15.0,3260.0,3.371,148.0,,38.0,-20.0,4.5,9.1,15.0,5036387
45.3569,-115.5203,14.6,107.0,57.0,,12.38,-0.06,-5.0,-733.0,1.151,113.0,,15.0,-20.0,4.3,3.3,-15.0,5036388
45.3447,-115.5181,23.0,161.0,78.0,,10.91,-0.06,-5.0,1520.0,1.327,133.0,,26.0,-20.0,3.5,4.0,-15.0,5036389
45.365,-115.5094,8.2,66.0,38.0,,13.59,-0.07,31.0,1944.0,1.776,95.0,,-7.0,-20.0,3.2,4.6,36.0,5036390
45.43,-115.5322,12.0,81.0,40.0,,4.88,-0.09,-5.0,2432.0,1.254,150.0,,16.0,-20.0,5.4,5.7,-15.0,5036391
45.4419,-115.5419,9.9,58.0,29.0,,7.13,-0.09,-5.0,2574.0,1.552,98.0,,24.0,-20.0,3.1,5.7,-15.0,5036392
45.4683,-115.5647,12.1,81.0,44.0,,6.62,-0.08,10.0,2283.0,1.393,115.0,,19.0,-20.0,4.3,5.4,-15.0,5036393
45.5064,-115.5167,43.3,286.0,135.0,,7.49,-0.07,-5.0,4913.0,2.652,569.0,,51.0,-20.0,22.2,7.9,15.0,5036394
45.5267,-115.5089,12.8,70.0,42.0,,6.48,-0.11,16.0,3996.0,2.462,243.0,,36.0,-20.0,8.5,9.7,-15.0,5036395
45.5331,-115.5031,43.4,279.0,125.0,,7.98,-0.08,-5.0,7434.0,1.76,681.0,,38.0,-20.0,30.0,7.5,-15.0,5036396
45.5506,-115.4586,38.1,237.0,103.0,,5.89,-0.08,11.0,4725.0,2.709,380.0,,56.0,-20.0,13.7,9.8,-15.0,5036397
45.6142,-115.4372,56.0,281.0,118.0,,9.04,-0.1,12.0,7358.0,4.949,478.0,,194.0,-20.0,20.9,16.5,-15.0,5036398
45.6197,-115.4514,70.1,341.0,148.0,,14.19,-0.09,7.0,3591.0,1.828,484.0,,40.0,-20.0,22.9,6.9,-15.0,5036399
45.6247,-115.6669,9.6,96.0,59.0,,64.84,-0.09,11.0,5074.0,3.049,198.0,,45.0,-20.0,7.0,9.8,-15.0,5036400
45.6136,-115.6872,7.6,93.0,42.0,,6.11,-0.12,9.0,10610.0,4.124,204.0,,118.0,-20.0,7.5,15.5,-15.0,5036401
45.6044,-115.6739,11.6,101.0,48.0,,4.74,-0.09,-5.0,8310.0,3.159,256.0,,53.0,-20.0,11.2,11.6,-15.0,5036402
45.5744,-115.6725,11.0,69.0,31.0,,4.72,-0.07,9.0,4444.0,2.305,239.0,,59.0,-20.0,9.0,9.8,-15.0,5036403
45.5817,-115.6825,3.8,34.0,-7.0,,5.08,-0.11,6.0,2277.0,1.42,75.0,,27.0,-20.0,3.6,5.3,-15.0,5036404
45.6294,-115.6294,11.8,97.0,42.0,,8.7,-0.12,-5.0,6670.0,2.661,250.0,,36.0,-20.0,9.3,9.1,-15.0,5036405
45.6183,-115.6208,15.4,111.0,59.0,,10.85,0.87,-5.0,4630.0,1.842,196.0,,28.0,-20.0,7.7,7.0,-15.0,5036406
45.6117,-115.615,12.6,87.0,43.0,,7.6,-0.08,7.0,3270.0,2.646,201.0,,47.0,-20.0,8.3,7.8,-15.0,5036407
45.61,-115.6228,7.6,78.0,38.0,,11.75,-0.08,7.0,5827.0,2.215,170.0,,79.0,-20.0,6.1,9.4,-15.0,5036408
45.595,-115.6111,60.4,389.0,168.0,,12.11,-0.1,-5.0,3030.0,1.749,357.0,,27.0,-20.0,16.7,5.3,-15.0,5036409
45.585,-115.6172,14.2,99.0,51.0,,15.83,-0.08,-5.0,4241.0,1.615,207.0,,34.0,-20.0,8.2,7.0,-15.0,5036410
45.5658,-115.6097,29.7,203.0,93.0,,16.72,-0.07,5.0,1644.0,1.354,142.0,,-8.0,-20.0,6.7,5.3,-15.0,5036411
45.5625,-115.6078,47.4,336.0,170.0,,21.22,-0.11,8.0,1616.0,1.453,200.0,,-13.0,-20.0,6.3,4.2,-15.0,5036412
45.5583,-115.6,29.6,202.0,83.0,,10.15,-0.09,-5.0,3617.0,2.11,371.0,,37.0,-20.0,24.4,6.8,-15.0,5036413
45.5472,-115.5969,9.9,81.0,39.0,,12.1,0.5,-5.0,1852.0,1.272,117.0,,16.0,-20.0,6.2,4.1,-15.0,5036414
45.5369,-115.5833,43.4,282.0,128.0,,9.11,-0.08,-5.0,3563.0,2.116,123.0,,40.0,-20.0,28.2,7.0,-15.0,5036415
45.5136,-115.5744,11.8,94.0,51.0,,25.69,-0.09,-5.0,1387.0,1.489,570.0,,22.0,-20.0,3.8,4.8,-15.0,5036416
45.5139,-115.5453,84.4,495.0,212.0,,11.72,-0.11,22.0,4520.0,2.353,646.0,,49.0,-20.0,30.0,7.7,17.0,5036417
45.6044,-115.3828,148.4,662.0,275.0,,20.69,0.47,19.0,5037.0,2.092,632.0,,47.0,-20.0,36.2,8.0,-15.0,5036418
45.6056,-115.3833,52.9,241.0,116.0,,18.82,-0.08,10.0,4327.0,1.741,431.0,,61.0,-20.0,17.0,9.6,-15.0,5036419
45.6306,-115.4169,165.6,703.0,275.0,,22.9,-0.08,13.0,3684.0,1.802,524.0,,50.0,-20.0,27.5,7.0,23.0,5036420
45.6308,-115.4172,188.2,875.0,361.0,,25.82,0.09,14.0,3753.0,1.911,811.0,,50.0,-20.0,36.6,7.6,18.0,5036421
45.6433,-115.4094,34.0,186.0,72.0,,15.13,-0.09,7.0,2929.0,2.023,356.0,,31.0,-20.0,14.5,7.6,-15.0,5036422
45.6581,-115.4125,59.6,323.0,131.0,,10.6,-0.08,-5.0,4887.0,2.358,638.0,,44.0,-20.0,28.8,9.1,-15.0,5036423
45.6586,-115.4125,92.3,568.0,237.0,,14.99,-0.1,11.0,5790.0,3.198,1321.0,,63.0,-20.0,63.3,12.8,-15.0,5036424
45.6958,-115.4203,30.1,308.0,112.0,,6.96,-0.12,10.0,17250.0,6.776,672.0,,53.0,57.0,27.3,19.1,-15.0,5036425
45.6919,-115.4169,29.1,298.0,109.0,,6.53,-0.11,16.0,17780.0,5.829,665.0,,46.0,62.0,27.9,17.4,-15.0,5036426
45.6872,-115.3939,18.3,139.0,63.0,,7.45,-0.09,9.0,5564.0,3.788,390.0,,71.0,-20.0,12.6,14.6,18.0,5036427
45.6794,-115.3817,143.5,974.0,372.0,,21.77,-0.1,15.0,6434.0,2.554,1129.0,,56.0,-20.0,53.3,10.5,30.0,5036428
45.6853,-115.3753,45.2,294.0,128.0,,10.25,-0.11,9.0,4402.0,1.594,655.0,,49.0,-20.0,28.4,8.2,-15.0,5036429
45.6478,-115.9633,48.8,331.0,134.0,,8.99,-0.11,7.0,6778.0,1.987,417.0,,39.0,-20.0,22.2,9.4,-15.0,5036430
45.5372,-115.495,85.0,609.0,278.0,,10.72,-0.08,13.0,9543.0,2.949,901.0,,54.0,22.0,38.3,9.7,16.0,5036431
45.54,-115.4833,30.0,217.0,99.0,,5.48,-0.08,29.0,4777.0,2.834,366.0,,49.0,-20.0,16.2,8.8,-15.0,5036432
45.5397,-115.4758,26.0,167.0,72.0,,6.09,-0.11,6.0,5389.0,2.802,290.0,,61.0,-20.0,11.6,11.2,-15.0,5036433
45.5064,-115.4322,15.8,128.0,55.0,,4.82,-0.09,8.0,3774.0,2.384,243.0,,75.0,-20.0,9.6,9.9,-15.0,5036434
45.5069,-115.4314,69.3,430.0,191.0,,9.08,4.02,-5.0,5359.0,2.254,489.0,,60.0,-20.0,18.7,8.3,58.0,5036435
45.5244,-115.4267,127.2,805.0,331.0,,10.87,-0.1,12.0,6897.0,3.284,575.0,,72.0,-20.0,22.3,10.1,-15.0,5036436
45.5347,-115.4422,20.3,128.0,55.0,,3.35,-0.11,-5.0,3730.0,2.855,256.0,,37.0,-20.0,9.6,8.4,-15.0,5036437
45.5556,-115.4611,187.2,1094.0,465.0,,12.71,1.27,28.0,3640.0,2.145,542.0,,55.0,-20.0,18.5,6.7,37.0,5036438
45.5697,-115.4614,69.7,412.0,185.0,,7.24,0.59,10.0,4202.0,2.18,364.0,,32.0,-20.0,13.8,6.2,31.0,5036439
45.6,-115.4483,38.3,225.0,100.0,,7.36,-0.11,12.0,4713.0,3.595,366.0,,45.0,-20.0,14.4,11.7,-15.0,5036440
45.5889,-115.4511,49.3,308.0,130.0,,6.77,-0.11,27.0,4261.0,3.038,491.0,,54.0,-20.0,20.5,9.3,-15.0,5036441
45.59,-115.4492,142.7,804.0,353.0,,15.42,-0.1,17.0,5221.0,2.49,673.0,,51.0,-20.0,34.8,7.8,-15.0,5036442
45.5686,-115.4514,47.7,299.0,127.0,,8.38,-0.09,14.0,6153.0,3.35,572.0,,62.0,-20.0,24.3,14.4,-15.0,5036443
45.6519,-115.4017,217.1,942.0,382.0,,26.02,-0.09,12.0,3822.0,2.259,728.0,,61.0,-20.0,38.3,9.0,24.0,5036444
45.7294,-115.39,193.9,1153.0,487.0,,22.28,1.11,17.0,8050.0,4.207,3028.0,,135.0,-20.0,123.7,12.6,35.0,5036445
45.7083,-115.3989,91.4,521.0,212.0,,16.86,-0.12,14.0,11460.0,3.432,1587.0,,143.0,-20.0,75.0,17.5,43.0,5036446
45.7092,-115.4,171.8,954.0,398.0,,23.41,-0.09,21.0,7606.0,2.914,2616.0,,58.0,-20.0,118.2,10.0,21.0,5036447
45.7436,-115.3892,160.1,1133.0,423.0,,28.8,0.18,8.0,5070.0,4.127,1185.0,,71.0,-20.0,61.8,9.3,15.0,5036448
45.7497,-115.4103,112.6,718.0,286.0,,21.22,-0.14,15.0,5474.0,3.691,1806.0,,49.0,-20.0,86.8,14.5,31.0,5036449
45.7394,-115.4681,19.7,147.0,59.0,,5.21,-0.13,-5.0,7451.0,4.218,617.0,,49.0,-20.0,22.4,14.8,-15.0,5036450
45.8667,-115.2186,18.1,128.0,60.0,,5.98,-0.07,7.0,3591.0,2.695,521.0,,57.0,-20.0,22.8,7.5,-15.0,5036451
45.8661,-115.2175,9.2,66.0,31.0,,7.33,-0.07,6.0,2450.0,2.079,248.0,,51.0,-20.0,10.3,7.0,-15.0,5036452
45.8572,-115.22,11.2,89.0,41.0,,6.93,-0.08,5.0,2932.0,2.425,396.0,,49.0,-20.0,15.9,7.6,-15.0,5036453
45.5186,-115.0683,12.8,101.0,45.0,,3.52,-0.11,7.0,6625.0,4.8,306.0,,113.0,-20.0,10.8,18.1,-15.0,5036454
45.5181,-115.0744,20.4,121.0,60.0,,6.52,-0.07,8.0,4193.0,2.829,466.0,,95.0,-20.0,17.8,10.1,-15.0,5036455
45.5161,-115.0739,28.1,205.0,97.0,,11.92,-0.11,10.0,5920.0,3.958,684.0,,171.0,-20.0,25.8,16.4,-15.0,5036456
45.5219,-115.0878,27.8,181.0,83.0,,6.52,0.39,8.0,4490.0,3.244,676.0,,110.0,-20.0,30.6,10.6,-15.0,5036457
45.5297,-115.1075,21.2,160.0,73.0,,5.1,-0.09,-5.0,3667.0,3.129,361.0,,130.0,-20.0,12.8,13.2,16.0,5036458
45.5317,-115.1106,12.5,100.0,49.0,,10.05,-0.08,-5.0,5411.0,3.919,276.0,,115.0,-20.0,10.8,15.8,-15.0,5036459
45.54,-115.1372,46.4,267.0,130.0,,13.17,0.43,24.0,8209.0,4.728,1504.0,,138.0,-20.0,64.6,11.9,15.0,5036460
45.5494,-115.1508,72.5,399.0,182.0,,17.5,0.63,18.0,9852.0,5.758,2182.0,,202.0,-20.0,112.4,13.1,22.0,5036461
45.5481,-115.1522,32.1,199.0,93.0,,7.62,-0.08,14.0,6440.0,3.418,1288.0,,107.0,-20.0,46.2,10.0,-15.0,5036462
45.55,-115.1594,47.5,298.0,139.0,,11.22,0.51,24.0,8544.0,4.746,1978.0,,165.0,21.0,80.5,12.2,19.0,5036463
45.5564,-115.1667,36.5,263.0,120.0,,9.69,-0.1,10.0,7143.0,4.354,790.0,,125.0,-20.0,33.7,12.7,-15.0,5036464
45.5614,-115.1719,48.1,304.0,142.0,,13.73,-0.11,17.0,10100.0,4.9,2095.0,,142.0,-20.0,75.9,12.1,21.0,5036465
45.5686,-115.1919,49.0,456.0,222.0,,10.69,-0.1,5.0,7949.0,4.762,1250.0,,106.0,31.0,43.5,14.4,30.0,5036466
45.5689,-115.2003,37.6,245.0,111.0,,12.18,-0.08,22.0,8011.0,4.422,1219.0,,135.0,-20.0,45.9,12.8,-15.0,5036467
45.5861,-115.1658,18.4,138.0,77.0,,16.62,-0.1,-5.0,6954.0,4.491,589.0,,141.0,-20.0,21.6,17.7,-15.0,5036468
45.5861,-115.1636,67.8,523.0,253.0,,15.52,-0.1,10.0,7231.0,3.927,1675.0,,80.0,22.0,74.1,12.9,-15.0,5036469
45.5686,-115.2194,14.5,113.0,51.0,,44.43,-0.13,7.0,5897.0,4.485,373.0,,128.0,-20.0,11.0,14.4,-15.0,5036470
45.5675,-115.22,17.1,104.0,57.0,,9.36,-0.1,12.0,6032.0,4.015,481.0,,127.0,-20.0,15.2,13.8,-15.0,5036471
45.5603,-115.2256,24.3,127.0,66.0,,10.25,-0.09,-5.0,5466.0,4.273,396.0,,129.0,-20.0,15.1,14.1,-15.0,5036472
45.5608,-115.2244,67.4,406.0,194.0,,17.58,-0.11,15.0,12340.0,5.827,2605.0,,180.0,26.0,128.0,12.8,22.0,5036473
45.5603,-115.2228,48.1,291.0,146.0,,17.2,-0.09,15.0,9790.0,4.911,1692.0,,150.0,-20.0,68.5,12.8,-15.0,5036474
45.5567,-115.2289,21.5,137.0,67.0,,26.7,-0.07,7.0,4970.0,2.829,562.0,,94.0,-20.0,22.0,9.7,-15.0,5036475
45.5444,-115.2461,30.6,179.0,89.0,,17.92,0.32,12.0,5442.0,3.432,1180.0,,103.0,-20.0,39.4,10.5,23.0,5036476
45.5383,-115.2597,11.3,87.0,50.0,,17.11,-0.12,-5.0,4471.0,3.01,242.0,,151.0,-20.0,8.3,12.2,-15.0,5036477
45.5014,-115.3233,59.6,398.0,196.0,,13.59,-0.1,26.0,12630.0,5.841,2375.0,,172.0,20.0,78.1,13.3,22.0,5036478
45.4944,-115.3253,20.1,137.0,73.0,,10.51,0.16,10.0,4787.0,3.265,717.0,,101.0,-20.0,24.7,10.8,17.0,5036479
45.4839,-115.3303,16.1,120.0,84.0,,69.49,-0.11,6.0,4179.0,3.115,470.0,,83.0,-20.0,16.7,10.4,-15.0,5036480
45.4831,-115.3439,33.2,171.0,89.0,,23.27,-0.11,5.0,5217.0,3.277,633.0,,104.0,-20.0,26.6,14.0,23.0,5036481
45.4753,-115.3486,29.8,140.0,65.0,,14.89,-0.11,-5.0,4820.0,3.056,613.0,,135.0,-20.0,27.3,15.0,-15.0,5036482
45.4728,-115.3833,27.8,149.0,68.0,,15.53,-0.08,-5.0,4749.0,3.134,513.0,,94.0,-20.0,19.8,12.3,-15.0,5036483
45.4172,-115.4614,18.1,120.0,64.0,,19.78,-0.08,-5.0,3508.0,2.228,349.0,,72.0,-20.0,11.9,9.6,15.0,5036484
45.4158,-115.4603,17.8,145.0,67.0,,27.85,-0.12,-5.0,4780.0,2.711,423.0,,83.0,-20.0,17.4,11.1,-15.0,5036485
45.4119,-115.4681,14.0,116.0,53.0,,8.37,-0.06,54.0,2616.0,1.553,197.0,,41.0,-20.0,7.1,5.3,-15.0,5036486
45.3875,-115.5328,27.6,188.0,88.0,,9.56,-0.07,14.0,5274.0,2.973,677.0,,92.0,-20.0,25.5,9.6,-15.0,5036487
45.3894,-115.5664,19.9,134.0,60.0,,5.41,-0.07,19.0,3538.0,2.563,519.0,,85.0,-20.0,21.1,8.7,-15.0,5036488
45.395,-115.5794,17.7,115.0,55.0,,5.45,-0.09,10.0,3714.0,2.35,394.0,,74.0,-20.0,14.9,8.5,-15.0,5036489
45.3936,-115.585,21.4,135.0,67.0,,8.88,-0.06,10.0,1496.0,1.276,132.0,,-7.0,-20.0,5.9,3.7,-15.0,5036490
45.3967,-115.5933,135.5,869.0,426.0,,11.56,-0.08,29.0,1607.0,1.008,391.0,,30.0,-20.0,17.5,2.7,26.0,5036491
45.3986,-115.6097,33.1,233.0,110.0,,8.26,-0.08,13.0,5110.0,3.022,773.0,,98.0,-20.0,32.7,8.9,-15.0,5036492
45.4033,-115.6211,17.4,112.0,53.0,,5.25,-0.06,12.0,3132.0,2.443,435.0,,71.0,-20.0,16.0,8.2,-15.0,5036493
45.4072,-115.6289,94.6,585.0,278.0,,17.43,-0.1,26.0,11160.0,5.563,2652.0,,147.0,21.0,104.5,10.9,59.0,5036494
45.4106,-115.6275,22.4,146.0,67.0,,5.33,-0.08,17.0,3749.0,2.673,466.0,,86.0,-20.0,18.6,8.8,-15.0,5036495
45.4239,-115.6517,130.7,787.0,382.0,,20.37,-0.1,29.0,14150.0,7.612,2924.0,,189.0,41.0,115.9,13.8,62.0,5036496
45.4325,-115.6675,8.6,56.0,24.0,,2.76,-0.08,5.0,3046.0,1.482,105.0,,-8.0,-20.0,4.0,5.1,-15.0,5036497
45.4353,-115.6644,31.3,204.0,95.0,,6.77,-0.07,14.0,4374.0,3.123,771.0,,98.0,-20.0,30.0,9.6,21.0,5036498
45.44,-115.6858,53.2,342.0,160.0,,9.63,-0.09,31.0,5816.0,3.478,821.0,,107.0,-20.0,44.9,9.5,-15.0,5036499
45.4456,-115.6964,44.3,309.0,144.0,,8.72,-0.08,24.0,6651.0,3.344,957.0,,109.0,-20.0,49.0,10.9,-15.0,5036500
45.4461,-115.7153,48.0,328.0,150.0,,9.82,-0.07,22.0,2130.0,1.86,226.0,,15.0,-20.0,8.1,4.4,23.0,5036501
45.445,-115.7275,14.9,106.0,47.0,,5.66,-0.07,-5.0,4349.0,2.172,291.0,,50.0,-20.0,11.7,8.4,-15.0,5036502
45.4436,-115.7381,135.9,777.0,378.0,,28.43,1.52,23.0,10180.0,4.274,2127.0,,95.0,22.0,81.6,10.7,46.0,5036503
45.4472,-115.7608,90.0,514.0,243.0,,19.01,1.19,26.0,7537.0,3.863,2572.0,,120.0,-20.0,97.1,10.0,31.0,5036504
45.4539,-115.7644,21.9,165.0,82.0,,17.82,-0.08,7.0,4613.0,3.154,286.0,,50.0,-20.0,10.6,10.7,19.0,5036505
45.465,-115.7783,20.2,145.0,70.0,,11.73,-0.08,7.0,4784.0,2.888,250.0,,42.0,-20.0,8.7,10.2,-15.0,5036506
45.4653,-115.7817,18.1,150.0,60.0,,7.49,-0.1,11.0,3993.0,3.014,221.0,,42.0,-20.0,9.1,9.8,-15.0,5036507
45.4617,-115.7864,67.3,432.0,203.0,,14.59,-0.09,28.0,7060.0,3.683,1177.0,,107.0,-20.0,43.6,9.3,44.0,5036508
45.4689,-115.8064,28.9,185.0,89.0,,5.87,-0.07,14.0,4308.0,2.71,576.0,,66.0,-20.0,22.7,8.1,-15.0,5036509
45.4703,-115.81,17.9,131.0,67.0,,4.58,-0.07,16.0,3519.0,2.364,432.0,,73.0,-20.0,13.7,8.0,-15.0,5036510
45.4661,-115.8122,22.2,129.0,67.0,,6.13,-0.08,15.0,3375.0,2.402,526.0,,72.0,-20.0,19.2,8.1,-15.0,5036511
45.4656,-115.8314,45.2,306.0,134.0,,12.83,-0.1,9.0,5872.0,2.62,472.0,,43.0,-20.0,21.3,7.9,-15.0,5036512
45.4658,-115.8444,47.9,287.0,143.0,,16.89,0.39,15.0,5957.0,3.637,828.0,,74.0,-20.0,39.3,9.5,-15.0,5036513
45.4631,-115.8511,68.2,501.0,233.0,,11.67,-0.09,34.0,9140.0,5.209,1657.0,,179.0,26.0,58.7,15.3,29.0,5036514
45.4586,-115.8583,15.8,116.0,54.0,,6.54,0.83,46.0,3684.0,2.978,285.0,,70.0,-20.0,10.3,9.1,188.0,5036515
45.4578,-115.8789,26.6,194.0,84.0,,7.19,-0.09,12.0,4394.0,3.119,633.0,,90.0,-20.0,27.7,10.0,-15.0,5036516
45.4611,-115.8789,36.4,255.0,119.0,,8.46,-0.07,24.0,5714.0,3.331,1519.0,,112.0,-20.0,43.1,10.8,-15.0,5036517
45.4606,-115.8881,30.3,206.0,96.0,,7.45,-0.08,9.0,4306.0,2.86,980.0,,79.0,-20.0,27.7,7.8,15.0,5036518
45.4628,-115.9436,96.7,604.0,295.0,,13.25,-0.08,12.0,2754.0,1.635,845.0,,23.0,-20.0,36.8,4.7,-15.0,5036519
45.4619,-115.9472,45.8,298.0,151.0,,14.18,-0.09,6.0,3190.0,2.158,483.0,,21.0,-20.0,18.0,7.8,19.0,5036520
45.4611,-115.9497,24.5,228.0,111.0,,5.94,-0.08,97.0,3410.0,2.019,778.0,,20.0,-20.0,25.9,5.9,16.0,5036521
45.4556,-115.9414,125.2,860.0,401.0,,14.8,1.0,14.0,3367.0,1.893,1262.0,,-13.0,-20.0,61.8,5.6,21.0,5036522
45.4617,-114.3736,32.7,217.0,165.0,,109.5,-0.15,8.0,5007.0,4.254,657.0,,44.0,-20.0,25.2,16.7,28.0,5036523
45.4725,-115.3953,28.7,200.0,81.0,,6.74,0.87,-5.0,4825.0,2.713,324.0,,75.0,-20.0,15.3,8.5,-15.0,5036524
45.4594,-115.4264,9.5,60.0,33.0,,7.07,-0.08,-5.0,3045.0,1.652,250.0,,45.0,-20.0,7.6,6.2,16.0,5036525
45.4547,-115.4319,15.3,110.0,54.0,,29.22,-0.09,9.0,3956.0,2.288,259.0,,50.0,-20.0,10.3,9.1,-15.0,5036526
45.4425,-115.4442,13.9,98.0,64.0,,43.61,-0.1,6.0,2923.0,2.161,261.0,,95.0,-20.0,8.9,8.9,-15.0,5036527
45.4342,-115.4581,7.4,48.0,22.0,,11.31,-0.09,-5.0,2466.0,2.251,122.0,,77.0,-20.0,4.7,8.0,-15.0,5036528
45.8564,-115.2183,8.4,54.0,30.0,,9.57,-0.07,-5.0,2301.0,2.181,360.0,,48.0,-20.0,12.5,6.9,-15.0,5036529
45.8822,-115.2158,10.6,71.0,35.0,,7.59,-0.08,10.0,2451.0,2.644,304.0,,60.0,-20.0,10.8,8.7,-15.0,5036530
45.8814,-115.2175,11.3,100.0,41.0,,10.09,-0.12,-5.0,3257.0,2.888,302.0,,64.0,-20.0,11.1,8.0,-15.0,5036531
45.8778,-115.2542,15.2,129.0,62.0,,5.26,-0.08,5.0,3438.0,1.73,545.0,,41.0,-20.0,24.8,6.4,-15.0,5036532
45.8844,-115.2375,10.9,91.0,39.0,,5.81,-0.07,7.0,2713.0,2.673,336.0,,50.0,-20.0,12.2,9.4,-15.0,5036533
45.8825,-115.2328,17.0,133.0,61.0,,6.04,-0.08,6.0,2624.0,2.102,417.0,,50.0,-20.0,16.6,8.4,-15.0,5036534
45.9003,-115.2414,9.4,86.0,38.0,,4.37,-0.07,-5.0,2791.0,2.419,412.0,,46.0,-20.0,16.2,6.9,-15.0,5036535
45.8958,-115.2436,14.5,110.0,52.0,,4.82,-0.07,-5.0,2251.0,1.561,384.0,,40.0,-20.0,21.1,6.5,-15.0,5036536
45.9408,-115.2517,12.5,98.0,49.0,,17.37,-0.07,8.0,2750.0,2.699,384.0,,58.0,-20.0,13.5,9.1,-15.0,5036537
45.9403,-115.2628,58.9,405.0,174.0,,12.04,-0.08,10.0,3367.0,2.584,382.0,,52.0,-20.0,14.7,8.1,19.0,5036538
45.9386,-115.2619,22.9,179.0,72.0,,8.18,-0.11,6.0,3870.0,3.091,343.0,,56.0,-20.0,13.8,10.8,-15.0,5036539
45.9556,-115.2844,36.4,254.0,101.0,,8.18,-0.1,10.0,5976.0,4.013,595.0,,57.0,-20.0,32.1,11.8,-15.0,5036540
45.9911,-115.2847,59.3,415.0,174.0,,9.78,-0.09,12.0,4760.0,3.229,607.0,,69.0,-20.0,20.7,10.2,-15.0,5036541
45.7364,-115.2314,31.6,210.0,88.0,,15.03,-0.09,6.0,3678.0,2.56,606.0,,46.0,-20.0,22.0,8.1,-15.0,5036542
45.6983,-115.2161,33.5,228.0,98.0,,10.84,-0.11,9.0,5687.0,2.942,1210.0,,71.0,-20.0,52.5,12.2,-15.0,5036543
45.705,-115.2222,18.7,184.0,83.0,,4.47,-0.09,10.0,4660.0,2.67,342.0,,47.0,-20.0,11.3,10.1,-15.0,5036544
45.7689,-115.0714,8.6,90.0,44.0,,2.73,-0.11,-5.0,6746.0,5.763,418.0,,129.0,-20.0,13.8,28.7,-15.0,5036545
45.7961,-115.0311,4.4,38.0,-7.0,,2.55,-0.1,-5.0,2144.0,1.534,113.0,,83.0,-20.0,3.3,6.5,-15.0,5036546
45.8825,-115.0417,10.8,81.0,39.0,,4.62,-0.11,-5.0,4530.0,2.926,201.0,,26.0,-20.0,7.1,7.4,-15.0,5036547
45.8736,-115.0378,9.3,74.0,32.0,,10.7,-0.11,-5.0,4454.0,2.663,426.0,,-12.0,-20.0,16.0,10.1,17.0,5036548
45.7269,-115.1233,9.0,66.0,34.0,,13.38,-0.1,-5.0,4520.0,2.275,592.0,,104.0,-20.0,22.8,12.0,-15.0,5036549
45.4931,-115.6114,27.5,179.0,84.0,,10.87,-0.05,-5.0,-562.0,0.8644,140.0,,-6.0,-20.0,5.6,2.5,-15.0,5036550
45.4933,-115.6156,36.0,236.0,115.0,,13.95,-0.07,-5.0,1828.0,1.072,161.0,,21.0,-20.0,5.6,3.7,-15.0,5036551
45.4897,-115.6136,13.6,103.0,57.0,,29.43,-0.08,5.0,2162.0,1.745,149.0,,-9.0,-20.0,5.3,5.5,-15.0,5036552
45.4817,-115.6075,69.3,436.0,212.0,,13.44,0.34,8.0,1261.0,1.084,233.0,,19.0,-20.0,9.0,2.7,24.0,5036553
45.5681,-115.6978,8.4,60.0,24.0,,4.28,-0.09,-5.0,4600.0,2.462,219.0,,66.0,-20.0,7.4,9.8,-15.0,5036554
45.5594,-115.6872,6.8,61.0,28.0,,4.99,0.14,-5.0,3353.0,1.667,175.0,,33.0,-20.0,5.9,7.0,-15.0,5036555
45.5522,-115.6931,7.9,58.0,24.0,,4.91,-0.08,-5.0,3722.0,2.211,223.0,,49.0,-20.0,9.2,10.4,-15.0,5036556
45.6178,-115.6711,9.5,77.0,38.0,,11.08,-0.06,-5.0,4146.0,2.052,242.0,,33.0,-20.0,7.2,7.4,-15.0,5036557
45.7908,-114.7622,31.5,216.0,107.0,,10.11,-0.08,8.0,6667.0,4.362,1241.0,,52.0,-20.0,44.6,14.1,-15.0,5036558
45.7814,-114.7347,37.4,328.0,159.0,,16.24,-0.13,8.0,10850.0,6.433,3210.0,,-15.0,35.0,121.7,19.3,21.0,5036559
45.7767,-114.7222,23.0,201.0,85.0,,17.08,-0.11,-5.0,5750.0,6.772,1653.0,,19.0,-20.0,50.3,16.5,17.0,5036560
45.7792,-114.7119,20.3,188.0,99.0,,16.36,-0.1,-5.0,8772.0,5.413,1954.0,,63.0,-20.0,60.6,16.6,20.0,5036561
45.7781,-114.6972,19.1,192.0,109.0,,16.63,-0.11,10.0,7009.0,4.853,1295.0,,32.0,-20.0,42.4,16.4,-15.0,5036562
45.7792,-114.6906,24.9,159.0,76.0,,11.3,-0.11,-5.0,8759.0,5.055,951.0,,151.0,-20.0,27.2,19.0,-15.0,5036563
45.7769,-114.6886,53.3,319.0,165.0,,25.48,-0.11,-5.0,7631.0,3.661,1655.0,,-12.0,-20.0,53.6,10.0,-15.0,5036564
45.7706,-114.6689,19.3,122.0,63.0,,9.32,-0.09,-5.0,4203.0,2.293,444.0,,18.0,-20.0,19.2,6.6,-15.0,5036565
45.7658,-114.6625,113.4,446.0,224.0,,32.65,-0.08,18.0,3557.0,2.214,552.0,,-10.0,-20.0,19.5,7.0,-15.0,5036566
45.7656,-114.6611,37.1,286.0,144.0,,13.17,-0.11,12.0,9346.0,4.895,2320.0,,84.0,-20.0,64.1,14.5,31.0,5036567
45.7636,-114.6569,38.5,208.0,143.0,,145.0,-0.1,7.0,2288.0,2.179,204.0,,24.0,-20.0,6.9,7.0,-15.0,5036568
45.7753,-114.6817,53.9,236.0,127.0,,12.98,-0.09,8.0,8145.0,3.587,1619.0,,49.0,-20.0,48.1,11.4,-15.0,5036569
45.78,-114.735,47.8,718.0,343.0,,9.15,-0.11,16.0,7764.0,6.53,3041.0,,-13.0,-20.0,95.4,17.5,30.0,5036570
45.7831,-114.7725,49.4,426.0,209.0,,20.37,-0.12,6.0,4797.0,3.093,1334.0,,-14.0,-20.0,50.1,9.0,-15.0,5036571
45.7533,-114.7744,52.8,635.0,310.0,,9.3,-0.09,7.0,8035.0,5.059,1903.0,,38.0,-20.0,60.5,16.0,-15.0,5036572
45.7536,-114.7719,31.6,270.0,145.0,,6.64,-0.08,-5.0,6258.0,4.278,775.0,,47.0,-20.0,24.5,11.8,-15.0,5036573
45.6889,-114.8206,9.0,96.0,38.0,,5.02,-0.1,-5.0,4032.0,2.547,294.0,,27.0,-20.0,9.9,7.6,-15.0,5036574
45.7044,-114.8297,9.5,105.0,55.0,,5.15,-0.12,12.0,7066.0,5.719,1095.0,,32.0,-20.0,27.9,14.4,-15.0,5036575
45.7211,-114.8567,24.7,236.0,101.0,,7.14,-0.1,15.0,8561.0,5.364,1644.0,,48.0,-20.0,58.0,14.9,-15.0,5036576
45.7208,-114.8589,30.1,325.0,166.0,,17.97,-0.09,9.0,6067.0,4.253,1505.0,,34.0,-20.0,49.5,12.2,-15.0,5036577
45.7219,-114.8581,43.0,393.0,190.0,,12.84,-0.08,-5.0,3150.0,2.827,1199.0,,25.0,-20.0,46.5,6.7,-15.0,5036578
45.6969,-114.8283,11.4,103.0,63.0,,27.29,-0.13,5.0,3895.0,2.749,724.0,,-14.0,-20.0,22.2,10.1,-15.0,5036579
45.7231,-114.7678,32.1,445.0,217.0,,7.41,-0.07,-5.0,3679.0,2.628,1016.0,,18.0,59.0,32.9,6.8,-15.0,5036580
45.6653,-114.8097,20.2,97.0,47.0,,10.37,-0.12,-5.0,5900.0,2.449,309.0,,39.0,-20.0,10.9,8.4,18.0,5036581
45.5539,-114.7064,30.0,243.0,111.0,,11.5,-0.1,9.0,8732.0,4.719,977.0,,159.0,60.0,30.7,17.2,-15.0,5036582
45.5444,-114.71,53.6,222.0,98.0,,27.32,-0.08,-5.0,2964.0,2.328,437.0,,46.0,-20.0,17.8,8.7,-15.0,5036583
45.5308,-114.7111,51.3,369.0,184.0,,14.56,-0.1,5.0,4560.0,3.284,851.0,,63.0,-20.0,35.9,12.1,-15.0,5036584
45.5019,-114.7222,23.8,158.0,76.0,,16.62,-0.12,6.0,5868.0,3.417,900.0,,87.0,-20.0,28.9,13.0,-15.0,5036585
45.5025,-114.7208,15.6,135.0,61.0,,6.43,-0.1,9.0,7127.0,3.863,1332.0,,37.0,-20.0,50.2,18.3,-15.0,5036586
45.5203,-114.7019,19.3,149.0,72.0,,8.83,-0.09,9.0,7084.0,3.584,1140.0,,54.0,-20.0,40.9,15.4,-15.0,5036587
45.5278,-114.6778,45.7,525.0,268.0,,12.33,-0.1,-5.0,4950.0,4.146,1391.0,,30.0,47.0,53.2,11.5,-15.0,5036588
45.5267,-114.6783,36.2,268.0,133.0,,14.33,-0.12,5.0,10520.0,4.239,2086.0,,47.0,22.0,65.0,16.8,-15.0,5036589
45.5256,-114.6883,44.2,351.0,182.0,,18.85,-0.1,8.0,5863.0,3.336,1024.0,,23.0,28.0,39.2,10.5,-15.0,5036590
45.5203,-114.7006,45.3,499.0,236.0,,11.83,-0.1,14.0,8044.0,4.235,1803.0,,27.0,45.0,61.0,14.5,-15.0,5036591
45.5208,-114.7042,20.8,178.0,83.0,,8.24,-0.12,8.0,5203.0,3.354,736.0,,63.0,-20.0,24.3,12.9,-15.0,5036592
45.5283,-114.7075,56.7,538.0,286.0,,43.91,-0.12,7.0,4697.0,3.139,1144.0,,-14.0,21.0,55.5,10.3,-15.0,5036593
45.5283,-114.7106,14.5,260.0,189.0,,212.5,-0.15,5.0,1542.0,1.821,81.0,,54.0,-20.0,-2.0,9.8,-15.0,5036594
45.5539,-114.7042,34.3,398.0,208.0,,18.27,-0.11,6.0,4574.0,4.6,729.0,,377.0,-20.0,33.5,23.6,-15.0,5036595
45.5622,-114.7078,41.7,315.0,217.0,,17.03,-0.1,10.0,4215.0,3.516,1075.0,,70.0,-20.0,43.3,13.1,-15.0,5036596
45.5706,-114.7181,19.6,191.0,118.0,,12.39,-0.13,7.0,6982.0,3.677,592.0,,73.0,-20.0,26.5,11.4,-15.0,5036597
45.5797,-114.7192,55.2,441.0,216.0,,11.65,-0.1,16.0,8969.0,4.473,1841.0,,66.0,41.0,65.3,16.0,-15.0,5036598
45.5786,-114.7211,24.7,131.0,82.0,,46.78,-0.1,-5.0,5670.0,3.406,311.0,,94.0,-20.0,9.6,12.0,-15.0,5036599
45.5972,-114.7192,32.3,268.0,125.0,,12.35,-0.11,-5.0,7390.0,4.583,1083.0,,151.0,-20.0,47.1,18.0,-15.0,5036600
45.5972,-114.7167,26.8,227.0,114.0,,11.23,-0.11,-5.0,5594.0,3.735,814.0,,95.0,-20.0,26.6,13.5,-15.0,5036601
45.6,-114.7131,19.6,169.0,79.0,,8.51,-0.08,-5.0,4586.0,2.992,344.0,,77.0,-20.0,13.9,11.7,-15.0,5036602
45.6822,-115.0753,34.0,251.0,117.0,,11.64,-0.08,-5.0,3078.0,2.484,722.0,,23.0,24.0,26.5,5.9,-15.0,5036603
45.6747,-115.0744,28.6,219.0,105.0,,11.86,-0.1,5.0,3830.0,3.54,856.0,,55.0,-20.0,31.0,11.2,-15.0,5036604
45.6653,-115.0953,46.0,314.0,163.0,,28.47,-0.12,-5.0,4439.0,2.226,1047.0,,44.0,-20.0,37.7,7.4,-15.0,5036605
45.6456,-115.1092,36.6,416.0,203.0,,9.82,-0.09,8.0,7476.0,3.544,1656.0,,73.0,40.0,58.5,11.3,-15.0,5036606
45.6417,-115.1219,48.0,407.0,184.0,,18.82,-0.08,5.0,4558.0,3.155,1139.0,,97.0,23.0,44.7,11.6,-15.0,5036607
45.635,-115.115,27.6,164.0,76.0,,9.31,-0.08,7.0,3509.0,2.773,386.0,,163.0,-20.0,14.1,11.9,-15.0,5036608
45.6942,-114.5581,15.8,92.0,47.0,,9.57,-0.06,-5.0,2025.0,1.35,766.0,,23.0,-20.0,27.0,3.9,-15.0,5036609
45.7025,-114.5789,63.0,220.0,152.0,,64.68,-0.08,9.0,1774.0,1.674,568.0,,-10.0,20.0,30.3,4.3,-15.0,5036610
45.7033,-114.5781,17.6,56.0,29.0,,5.56,-0.06,6.0,3055.0,2.653,499.0,,33.0,-20.0,17.9,6.3,-15.0,5036611
45.7056,-114.5906,17.3,56.0,31.0,,6.83,-0.06,-5.0,2497.0,1.795,460.0,,21.0,-20.0,20.4,5.5,-15.0,5036612
45.7083,-114.6011,38.3,119.0,35.0,,10.03,-0.08,8.0,2544.0,2.449,259.0,,32.0,22.0,13.3,5.9,-15.0,5036613
45.7061,-114.615,35.8,169.0,96.0,,17.15,-0.07,-5.0,3137.0,2.244,663.0,,17.0,-20.0,28.4,7.0,-15.0,5036614
45.7033,-114.6192,34.5,129.0,77.0,,18.95,-0.05,-5.0,2071.0,1.492,666.0,,18.0,-20.0,25.1,4.4,-15.0,5036615
45.5742,-114.9644,26.8,269.0,135.0,,8.96,-0.11,8.0,7782.0,3.915,2234.0,,40.0,-20.0,73.2,12.7,-15.0,5036616
45.5731,-114.9656,27.1,97.0,34.0,,8.16,-0.07,-5.0,1171.0,1.742,210.0,,19.0,23.0,11.9,3.0,-15.0,5036617
45.5719,-114.9658,25.2,423.0,222.0,,18.05,-0.13,6.0,2727.0,2.396,543.0,,-14.0,-20.0,22.3,7.0,-15.0,5036618
45.5925,-114.9528,30.5,246.0,113.0,,7.12,-0.06,6.0,2492.0,2.325,391.0,,16.0,-20.0,19.9,5.2,-15.0,5036619
45.6069,-114.9372,14.0,78.0,38.0,,4.05,-0.09,-5.0,3400.0,2.146,318.0,,42.0,-20.0,13.4,8.2,-15.0,5036620
45.6169,-114.9311,14.8,100.0,59.0,,23.89,-0.11,5.0,3657.0,2.103,482.0,,55.0,-20.0,19.4,8.9,-15.0,5036621
45.635,-114.9108,-1.7,35.0,-8.0,,2.03,-0.12,-5.0,2223.0,1.126,134.0,,25.0,-20.0,5.6,5.2,-15.0,5036622
45.6194,-114.8464,4.9,30.0,20.0,,9.71,-0.11,-5.0,3588.0,1.27,327.0,,37.0,-20.0,11.6,6.4,-15.0,5036623
45.7356,-114.7506,48.7,465.0,222.0,,10.0,-0.11,20.0,6710.0,8.455,2677.0,,-12.0,72.0,97.9,22.0,-15.0,5036624
45.7458,-114.7589,41.9,521.0,238.0,,8.79,-0.11,9.0,4988.0,4.605,1629.0,,-12.0,43.0,56.3,9.8,-15.0,5036625
45.7444,-114.76,51.0,476.0,231.0,,15.8,-0.09,11.0,7501.0,3.689,1123.0,,38.0,22.0,45.1,11.9,-15.0,5036626
45.7344,-114.7586,79.3,401.0,201.0,,19.95,-0.08,14.0,6115.0,3.478,2376.0,,40.0,27.0,72.7,9.7,-15.0,5036627
45.4731,-115.6233,64.1,428.0,197.0,,11.92,-0.07,6.0,1953.0,0.9991,260.0,,25.0,-20.0,9.2,3.1,-15.0,5036628
45.4725,-115.6197,13.0,163.0,113.0,,165.8,-0.09,37.0,1891.0,1.481,139.0,,17.0,-20.0,4.8,4.5,16.0,5036629
45.48,-115.6011,18.8,133.0,90.0,,103.0,-0.07,26.0,1219.0,1.068,103.0,,23.0,-20.0,3.3,3.3,-15.0,5036630
45.4922,-115.5906,11.0,121.0,96.0,,141.1,-0.07,8.0,1469.0,1.61,119.0,,-8.0,-20.0,3.7,3.7,-15.0,5036631
45.5006,-115.5842,9.9,71.0,44.0,,31.63,-0.07,-5.0,-749.0,1.09,106.0,,10.0,-20.0,2.9,2.7,-15.0,5036632
45.5094,-115.5778,9.4,130.0,112.0,,189.0,-0.12,-5.0,-1011.0,1.388,122.0,,-14.0,-20.0,4.2,4.9,-15.0,5036633
45.5147,-115.5553,9.8,93.0,63.0,,21.02,-0.13,-5.0,3404.0,2.485,252.0,,55.0,-20.0,11.0,9.2,-15.0,5036634
45.9044,-114.7883,29.6,246.0,111.0,,4.0,-0.08,8.0,4773.0,4.987,724.0,,59.0,-20.0,25.7,12.1,18.0,5036635
45.8981,-114.7778,33.3,246.0,116.0,,6.72,-0.12,9.0,5043.0,4.846,1009.0,,118.0,-20.0,36.7,15.4,15.0,5036636
45.8878,-114.7642,125.7,1070.0,527.0,,11.06,0.17,15.0,7659.0,5.919,3149.0,,83.0,25.0,99.8,11.6,16.0,5036637
45.9217,-114.7394,151.4,1271.0,638.0,,12.31,-0.12,22.0,10570.0,8.128,5176.0,,77.0,36.0,150.2,14.1,35.0,5036638
45.9225,-114.7378,44.5,388.0,199.0,,15.67,-0.09,7.0,4512.0,3.921,953.0,,61.0,-20.0,33.0,9.6,-15.0,5036639
45.9228,-114.7389,55.2,536.0,265.0,,5.84,-0.09,11.0,5613.0,5.566,2225.0,,81.0,-20.0,62.8,13.2,25.0,5036640
45.9114,-114.7403,32.2,269.0,131.0,,4.14,-0.11,7.0,4598.0,3.714,637.0,,31.0,-20.0,25.0,10.3,27.0,5036641
45.8997,-114.7492,35.7,277.0,128.0,,4.83,-0.11,7.0,4324.0,4.213,671.0,,73.0,-20.0,24.4,10.1,-15.0,5036642
45.9133,-114.7397,14.3,124.0,67.0,,2.39,-0.09,9.0,6299.0,4.532,433.0,,50.0,-20.0,14.6,11.4,15.0,5036643
45.9092,-114.7411,15.6,121.0,61.0,,10.4,-0.11,10.0,3533.0,4.266,274.0,,129.0,-20.0,11.7,13.2,-15.0,5036644
45.8844,-114.7619,33.2,218.0,100.0,,8.51,-0.12,13.0,4484.0,5.222,548.0,,404.0,-20.0,26.0,18.2,-15.0,5036645
45.8761,-114.7594,38.9,237.0,120.0,,12.22,-0.1,6.0,4790.0,3.729,935.0,,132.0,-20.0,40.4,14.5,15.0,5036646
45.8625,-114.7367,26.3,167.0,85.0,,7.09,-0.1,11.0,5000.0,4.884,492.0,,213.0,-20.0,22.4,18.4,-15.0,5036647
45.85,-114.7383,37.0,248.0,115.0,,7.25,-0.09,7.0,4345.0,3.977,780.0,,113.0,-20.0,32.2,13.3,-15.0,5036648
45.8383,-114.7425,12.0,88.0,47.0,,15.96,-0.17,-5.0,3969.0,2.83,477.0,,69.0,-20.0,17.3,10.4,-15.0,5036649
45.83,-114.7533,43.2,400.0,192.0,,7.23,-0.13,5.0,6622.0,4.129,1267.0,,68.0,-20.0,73.9,12.5,-15.0,5036650
45.8283,-114.7553,30.2,261.0,129.0,,19.42,-0.13,11.0,18380.0,7.415,8742.0,,39.0,25.0,278.3,20.4,20.0,5036651
45.8261,-114.7533,25.2,264.0,134.0,,12.94,-0.12,9.0,8814.0,6.111,2765.0,,166.0,-20.0,85.3,21.0,18.0,5036652
45.7281,-114.7319,30.3,229.0,140.0,,74.94,-0.12,6.0,3538.0,4.245,505.0,,26.0,-20.0,19.4,14.3,19.0,5036653
45.7178,-114.7214,123.3,574.0,309.0,,39.99,-0.12,16.0,10890.0,4.074,3283.0,,44.0,52.0,119.1,10.5,27.0,5036654
45.7144,-114.7206,69.1,353.0,166.0,,21.41,-0.09,13.0,5957.0,4.225,1778.0,,-10.0,22.0,61.2,12.2,-15.0,5036655
45.7089,-114.7219,36.1,248.0,131.0,,19.77,-0.08,6.0,4579.0,3.337,988.0,,43.0,-20.0,37.2,10.7,-15.0,5036656
45.7025,-114.7169,37.9,179.0,99.0,,25.88,-0.11,6.0,4686.0,2.736,1070.0,,-13.0,-20.0,43.4,7.7,-15.0,5036657
45.7028,-114.7144,28.6,263.0,136.0,,45.84,-0.12,11.0,6727.0,5.103,1617.0,,-14.0,26.0,51.2,12.0,-15.0,5036658
45.7069,-114.7175,70.8,459.0,263.0,,25.12,-0.1,8.0,9781.0,4.384,2943.0,,64.0,56.0,103.7,12.9,-15.0,5036659
45.7081,-114.7172,145.9,517.0,242.0,,22.5,-0.07,10.0,3789.0,2.193,1045.0,,-9.0,-20.0,48.6,4.8,-15.0,5036660
45.7136,-114.7,57.4,268.0,134.0,,27.58,-0.1,5.0,4280.0,3.534,579.0,,35.0,-20.0,21.2,10.3,-15.0,5036661
45.7053,-114.6856,106.2,423.0,231.0,,33.3,-0.09,9.0,3203.0,2.695,371.0,,-10.0,-20.0,14.4,7.8,-15.0,5036662
45.6978,-114.6694,532.3,1729.0,876.0,,38.43,-0.1,23.0,9072.0,2.824,1670.0,,-12.0,-20.0,69.7,8.0,18.0,5036663
45.6964,-114.6497,101.9,430.0,260.0,,242.1,-0.11,9.0,3355.0,3.136,464.0,,33.0,-20.0,17.0,10.7,-15.0,5036664
45.7019,-114.6369,180.0,663.0,322.0,,42.14,-0.09,11.0,3545.0,2.102,460.0,,-12.0,-20.0,16.6,6.0,-15.0,5036665
45.6925,-114.6561,73.2,254.0,136.0,,19.86,-0.07,10.0,3455.0,1.569,1133.0,,19.0,-20.0,47.8,4.5,-15.0,5036666
45.6917,-114.6569,33.2,185.0,135.0,,170.7,-0.1,6.0,2518.0,1.558,292.0,,44.0,-20.0,12.3,7.6,-15.0,5036667
45.7317,-114.7378,21.1,174.0,80.0,,6.85,-0.11,6.0,14140.0,7.252,1280.0,,35.0,25.0,44.4,19.3,-15.0,5036668
45.8228,-114.7556,28.6,306.0,138.0,,9.37,-0.16,20.0,11260.0,7.28,4229.0,,-17.0,-20.0,139.8,20.4,15.0,5036669
45.8167,-114.76,38.0,349.0,168.0,,16.28,-0.15,15.0,11770.0,6.322,4752.0,,-17.0,43.0,163.0,17.9,17.0,5036670
45.8033,-114.7606,76.5,550.0,285.0,,27.89,-0.12,9.0,4835.0,3.582,1607.0,,-14.0,37.0,83.7,8.7,-15.0,5036671
45.8,-114.7625,109.7,1046.0,531.0,,24.61,-0.15,21.0,19740.0,7.264,6544.0,,-18.0,156.0,256.9,20.1,16.0,5036672
45.8686,-114.7281,27.8,168.0,92.0,,5.42,-0.09,8.0,4331.0,3.619,474.0,,69.0,-20.0,16.2,10.4,-15.0,5036673
45.8686,-114.7217,42.9,268.0,125.0,,8.59,-0.11,7.0,4412.0,4.366,622.0,,89.0,-20.0,23.9,13.6,-15.0,5036674
45.8814,-114.7033,48.2,432.0,209.0,,6.46,-0.11,6.0,4079.0,3.305,832.0,,34.0,-20.0,31.3,7.8,-15.0,5036675
45.8839,-114.6961,48.8,419.0,205.0,,9.23,-0.09,8.0,3936.0,2.586,533.0,,35.0,-20.0,20.3,5.5,18.0,5036676
45.8842,-114.6744,36.2,279.0,140.0,,4.33,-0.08,-5.0,4016.0,2.917,456.0,,40.0,-20.0,16.2,7.0,15.0,5036677
45.8831,-114.6733,94.9,677.0,315.0,,10.96,-0.12,8.0,3899.0,4.272,897.0,,67.0,-20.0,41.4,11.9,15.0,5036678
45.8811,-114.6567,31.7,286.0,141.0,,4.65,-0.12,7.0,4366.0,3.729,471.0,,45.0,-20.0,17.6,10.1,-15.0,5036679
45.8831,-114.6492,46.8,367.0,175.0,,4.52,-0.11,-5.0,4312.0,3.326,453.0,,38.0,-20.0,20.4,8.0,-15.0,5036680
45.8819,-114.6467,10.0,68.0,46.0,,11.01,-0.12,5.0,-1377.0,3.06,128.0,,-11.0,-20.0,2.9,5.3,-15.0,5036681
45.8839,-114.6392,44.9,398.0,203.0,,3.62,-0.08,7.0,3838.0,2.849,374.0,,29.0,-20.0,14.7,6.1,-15.0,5036682
45.8886,-114.6139,49.6,333.0,165.0,,4.03,-0.1,8.0,2514.0,2.413,400.0,,37.0,-20.0,16.1,5.7,24.0,5036683
45.8947,-114.5908,71.3,514.0,268.0,,4.77,-0.09,-5.0,2808.0,2.415,340.0,,41.0,-20.0,15.1,3.9,-15.0,5036684
45.8872,-114.6119,130.3,964.0,484.0,,12.69,-0.1,13.0,4542.0,3.751,1250.0,,64.0,-20.0,45.6,9.3,20.0,5036685
45.8803,-114.5889,132.6,899.0,419.0,,12.97,-0.11,16.0,2503.0,2.817,1205.0,,68.0,-20.0,47.0,9.5,15.0,5036686
45.8817,-114.5708,39.5,303.0,135.0,,10.4,-0.13,-5.0,4028.0,4.729,659.0,,137.0,-20.0,29.2,15.2,20.0,5036687
45.8836,-114.5614,49.9,338.0,182.0,,12.63,-0.13,7.0,2814.0,2.409,218.0,,50.0,-20.0,8.6,9.7,-15.0,5036688
45.8842,-114.5436,63.3,405.0,204.0,,8.97,-0.08,-5.0,2993.0,2.607,380.0,,24.0,-20.0,14.7,6.8,-15.0,5036689
45.8836,-114.5281,25.2,208.0,109.0,,4.28,-0.09,-5.0,3293.0,2.044,312.0,,-9.0,-20.0,12.1,5.3,-15.0,5036690
45.8814,-114.5097,37.1,259.0,133.0,,7.42,-0.08,-5.0,1840.0,1.735,321.0,,20.0,-20.0,11.5,4.8,-15.0,5036691
45.8767,-114.4861,27.8,168.0,86.0,,4.44,-0.08,-5.0,2724.0,1.977,270.0,,21.0,-20.0,9.9,4.9,-15.0,5036692
45.8817,-114.46,31.9,216.0,113.0,,5.61,-0.06,7.0,2305.0,1.539,262.0,,21.0,-20.0,10.0,4.5,-15.0,5036693
45.8867,-114.4478,26.4,220.0,114.0,,4.53,-0.08,-5.0,2293.0,1.688,305.0,,-9.0,-20.0,11.9,4.6,-15.0,5036694
45.8853,-114.4414,9.3,131.0,130.0,,143.1,-0.16,7.0,-783.0,0.5053,96.0,,-17.0,-20.0,-1.8,4.2,-15.0,5036695
45.8856,-114.44,74.3,500.0,248.0,,17.77,-0.11,7.0,7174.0,2.579,496.0,,31.0,-20.0,19.4,6.9,18.0,5036696
45.8769,-114.4678,18.2,120.0,70.0,,13.9,-0.09,8.0,3584.0,1.729,219.0,,19.0,-20.0,6.8,5.6,-15.0,5036697
45.8794,-114.5006,34.9,265.0,122.0,,4.15,-0.08,-5.0,2842.0,2.188,378.0,,28.0,-20.0,14.1,5.7,-15.0,5036698
45.8839,-114.6011,34.8,327.0,162.0,,5.19,-0.11,-5.0,4299.0,4.404,939.0,,117.0,-20.0,35.3,13.3,-15.0,5036699
45.8839,-114.6217,32.9,251.0,121.0,,2.75,-0.09,-5.0,2702.0,2.355,339.0,,18.0,-20.0,13.3,5.3,-15.0,5036700
45.7722,-114.7792,85.8,597.0,306.0,,27.66,-0.09,14.0,5002.0,2.91,2744.0,,-11.0,48.0,119.1,7.5,16.0,5036701
45.7644,-114.7833,84.4,565.0,271.0,,30.06,-0.1,9.0,5403.0,3.031,3046.0,,-12.0,85.0,123.7,7.9,20.0,5036702
45.9089,-114.5819,40.2,309.0,156.0,,7.1,-0.1,-5.0,2637.0,2.487,253.0,,22.0,-20.0,9.8,4.8,17.0,5036703
45.9114,-114.5786,17.0,136.0,65.0,,5.71,-0.09,-5.0,3313.0,2.18,242.0,,15.0,-20.0,8.7,7.1,-15.0,5036704
45.9347,-114.5422,30.7,262.0,123.0,,5.92,-0.07,-5.0,3127.0,1.898,192.0,,27.0,-20.0,7.1,4.1,-15.0,5036705
45.9358,-114.5422,16.1,130.0,66.0,,3.75,-0.06,-5.0,2041.0,1.672,193.0,,-7.0,-20.0,6.7,4.1,-15.0,5036706
45.9628,-114.5231,8.1,73.0,38.0,,3.64,-0.1,8.0,2098.0,1.687,154.0,,-11.0,-20.0,4.4,4.8,-15.0,5036707
45.975,-114.4797,12.7,84.0,45.0,,5.74,-0.09,-5.0,2732.0,2.276,142.0,,37.0,-20.0,4.8,6.3,-15.0,5036708
45.9736,-114.4792,43.7,246.0,132.0,,8.15,-0.08,7.0,3390.0,1.779,189.0,,29.0,-20.0,5.7,5.0,-15.0,5036709
45.9711,-114.4922,9.2,77.0,46.0,,13.64,-0.1,-5.0,2341.0,1.667,129.0,,-10.0,-20.0,5.3,6.9,-15.0,5036710
45.9664,-114.5092,13.8,98.0,43.0,,5.97,-0.1,-5.0,2474.0,1.451,120.0,,15.0,-20.0,4.5,5.2,-15.0,5036711
45.9658,-114.5061,80.0,463.0,220.0,,8.86,-0.09,9.0,3430.0,2.024,235.0,,-11.0,-20.0,9.2,4.9,-15.0,5036712
45.9667,-114.5072,31.4,182.0,103.0,,8.62,-0.07,-5.0,2771.0,1.67,162.0,,18.0,-20.0,5.6,4.9,-15.0,5036713
45.9408,-114.5397,16.7,163.0,80.0,,1.91,-0.06,-5.0,1937.0,1.462,184.0,,-7.0,-20.0,6.9,3.0,-15.0,5036714
45.9169,-114.5731,97.1,632.0,319.0,,11.42,-0.09,9.0,2093.0,1.684,392.0,,25.0,-20.0,16.7,4.8,-15.0,5036715
45.9147,-114.5711,39.8,280.0,139.0,,3.96,-0.07,8.0,2468.0,1.193,182.0,,-8.0,-20.0,7.4,3.0,-15.0,5036716
45.9156,-114.5708,122.5,853.0,425.0,,8.2,-0.07,8.0,4439.0,3.04,485.0,,26.0,-20.0,16.9,4.2,-15.0,5036717
45.6067,-114.7111,17.5,176.0,84.0,,14.06,-0.1,-5.0,4816.0,4.065,967.0,,-12.0,-20.0,31.8,12.0,-15.0,5036718
45.6119,-114.7053,51.5,579.0,268.0,,13.02,-0.09,6.0,7283.0,4.2,1486.0,,44.0,59.0,53.1,14.0,20.0,5036719
45.6119,-114.7064,100.5,765.0,361.0,,17.96,-0.11,18.0,13030.0,5.436,2297.0,,127.0,49.0,100.2,19.3,17.0,5036720
45.6172,-114.7019,18.6,170.0,118.0,,19.87,-0.1,-5.0,3929.0,3.976,623.0,,44.0,-20.0,20.3,12.1,-15.0,5036721
45.6197,-114.7044,31.0,316.0,185.0,,13.26,-0.1,7.0,3733.0,3.423,926.0,,53.0,-20.0,37.7,10.3,-15.0,5036722
45.6228,-114.7081,24.8,229.0,113.0,,19.68,-0.14,11.0,9192.0,4.262,1517.0,,105.0,-20.0,49.6,13.4,-15.0,5036723
45.6386,-114.7044,45.3,250.0,174.0,,46.33,-0.08,5.0,2331.0,2.132,544.0,,-10.0,-20.0,25.7,6.1,-15.0,5036724
45.6378,-114.705,44.8,446.0,212.0,,9.04,-0.07,11.0,7216.0,4.269,1199.0,,80.0,-20.0,45.3,15.4,-15.0,5036725
45.6392,-114.7064,29.2,236.0,123.0,,22.79,-0.09,9.0,9338.0,4.769,2392.0,,-11.0,-20.0,82.4,12.8,-15.0,5036726
45.6519,-114.7067,19.2,182.0,102.0,,20.39,-0.14,5.0,6351.0,4.866,624.0,,44.0,-20.0,22.9,15.7,-15.0,5036727
45.6617,-114.7194,36.8,338.0,149.0,,14.48,-0.11,13.0,10380.0,5.662,2820.0,,-13.0,-20.0,101.2,15.8,15.0,5036728
45.6664,-114.7217,29.4,203.0,108.0,,25.45,-0.09,-5.0,6606.0,4.562,1458.0,,29.0,-20.0,46.6,13.5,-15.0,5036729
45.6789,-114.7189,44.1,327.0,155.0,,51.98,-0.12,12.0,7276.0,3.985,1840.0,,-14.0,-20.0,70.0,12.2,-15.0,5036730
45.6914,-114.7172,51.3,265.0,142.0,,20.65,-0.1,6.0,6323.0,3.449,1373.0,,44.0,-20.0,49.3,12.5,-15.0,5036731
45.6953,-114.7153,93.8,1099.0,523.0,,12.04,-0.11,-5.0,14250.0,6.425,2014.0,,94.0,-20.0,75.2,21.6,29.0,5036732
45.6758,-114.7825,104.9,459.0,239.0,,51.08,-0.08,8.0,5438.0,2.165,440.0,,21.0,-20.0,16.0,6.9,-15.0,5036733
45.6703,-114.7678,34.3,218.0,110.0,,27.63,-0.08,5.0,3207.0,2.695,869.0,,-9.0,-20.0,28.1,8.6,-15.0,5036734
45.6594,-114.7703,18.8,147.0,95.0,,58.28,-0.13,5.0,5961.0,3.314,1057.0,,44.0,-20.0,37.0,10.7,-15.0,5036735
45.6719,-114.7686,31.6,352.0,157.0,,11.31,-0.11,14.0,6093.0,6.381,2505.0,,-13.0,-20.0,74.4,18.2,-15.0,5036736
45.725,-114.7703,44.0,622.0,321.0,,13.78,-0.08,7.0,3351.0,2.663,1195.0,,32.0,-20.0,38.0,6.9,15.0,5036737
45.8922,-114.8897,112.8,843.0,417.0,,36.51,-0.11,-5.0,9685.0,4.562,5041.0,,-14.0,-20.0,246.3,12.2,-15.0,5036738
45.8931,-114.8906,195.4,1481.0,752.0,,53.82,-0.13,-5.0,12740.0,4.712,3701.0,,77.0,-20.0,267.8,7.8,-15.0,5036739
45.9014,-114.885,68.6,570.0,291.0,,20.14,-0.1,6.0,5364.0,3.602,1976.0,,-12.0,-20.0,76.6,7.0,-15.0,5036740
45.905,-114.8797,48.1,148.0,88.0,,10.72,-0.07,11.0,5013.0,4.192,1313.0,,26.0,-20.0,50.0,7.4,-15.0,5036741
45.8789,-114.9011,36.7,254.0,151.0,,13.21,-0.09,9.0,3394.0,3.026,1114.0,,-11.0,-20.0,48.9,6.2,16.0,5036742
45.8733,-114.9061,27.8,211.0,98.0,,23.76,-0.08,11.0,3872.0,2.013,1136.0,,-10.0,-20.0,41.7,4.1,-15.0,5036743
45.8722,-114.9064,44.6,245.0,94.0,,12.29,-0.08,7.0,3163.0,2.89,889.0,,-10.0,-20.0,38.4,5.5,-15.0,5036744
45.8633,-114.9125,35.9,218.0,135.0,,57.6,-0.08,-5.0,2984.0,2.283,881.0,,-10.0,-20.0,33.0,6.6,-15.0,5036745
45.8542,-114.9167,36.5,523.0,249.0,,9.5,-0.1,6.0,6061.0,4.414,2549.0,,22.0,-20.0,79.9,13.2,-15.0,5036746
45.8353,-114.9314,71.4,809.0,387.0,,23.98,-0.12,16.0,8846.0,4.44,3787.0,,32.0,-20.0,111.9,12.6,23.0,5036747
45.8553,-114.9281,67.6,488.0,269.0,,27.07,-0.12,13.0,6549.0,3.637,3133.0,,29.0,-20.0,132.1,9.0,-15.0,5036748
45.855,-114.9356,67.1,568.0,304.0,,24.66,-0.09,14.0,7257.0,3.721,5457.0,,24.0,-20.0,104.0,10.0,-15.0,5036749
45.8556,-114.9403,52.3,477.0,236.0,,18.92,-0.08,5.0,4037.0,2.8,1267.0,,34.0,-20.0,64.4,7.1,-15.0,5036750
45.8542,-114.9203,37.1,337.0,177.0,,11.46,-0.1,6.0,4824.0,3.546,1457.0,,24.0,-20.0,50.6,9.5,-15.0,5036751
45.8397,-114.9331,34.9,432.0,210.0,,15.04,-0.11,5.0,5693.0,4.449,2183.0,,37.0,-20.0,76.5,12.3,-15.0,5036752
45.8281,-114.9619,25.7,199.0,92.0,,9.09,-0.06,-5.0,2460.0,1.984,745.0,,30.0,-20.0,28.8,5.5,-15.0,5036753
45.8356,-114.9667,19.8,150.0,72.0,,9.67,-0.08,5.0,3117.0,2.187,781.0,,35.0,-20.0,30.7,6.9,-15.0,5036754
45.8281,-114.9906,8.3,71.0,35.0,,3.51,-0.08,-5.0,2795.0,1.774,484.0,,55.0,-20.0,13.3,7.6,-15.0,5036755
45.7072,-115.0297,23.3,258.0,123.0,,12.63,-0.13,7.0,9205.0,5.085,1782.0,,39.0,21.0,68.9,14.8,-15.0,5036756
45.6983,-114.9997,20.9,98.0,42.0,,15.12,-0.09,5.0,4455.0,3.153,794.0,,59.0,-20.0,31.3,11.9,-15.0,5036757
45.6817,-114.9453,24.8,106.0,29.0,,7.11,0.06,-5.0,1327.0,1.396,181.0,,17.0,21.0,10.5,2.6,-15.0,5036758
45.6408,-114.9294,13.6,246.0,109.0,,5.87,-0.14,5.0,4780.0,4.041,765.0,,-15.0,-20.0,29.1,10.1,-15.0,5036759
45.6314,-114.8922,17.1,98.0,47.0,,7.19,-0.11,-5.0,3057.0,2.394,375.0,,46.0,-20.0,16.7,8.0,-15.0,5036760
45.6406,-114.8211,6.6,97.0,35.0,,4.95,-0.15,-5.0,9130.0,6.783,852.0,,399.0,-20.0,25.9,22.0,-15.0,5036761
45.7258,-114.7714,28.5,268.0,142.0,,19.2,-0.11,-5.0,6525.0,3.534,685.0,,53.0,-20.0,26.4,10.9,-15.0,5036762
45.0611,-114.0281,9.1,66.0,35.0,,3.34,-0.08,-5.0,5577.0,2.093,303.0,,58.0,-20.0,8.7,7.5,-15.0,5036763
45.1253,-114.1408,15.6,121.0,57.0,,8.07,-0.11,8.0,3413.0,2.758,444.0,,63.0,-20.0,17.1,9.7,-15.0,5036764
45.1267,-114.1556,12.7,103.0,50.0,,6.32,-0.13,10.0,3438.0,2.342,492.0,,45.0,-20.0,20.9,9.0,-15.0,5036765
45.1494,-114.1722,21.4,127.0,58.0,,5.13,-0.13,16.0,4995.0,4.171,419.0,,72.0,-20.0,18.2,13.9,-15.0,5036766
45.5128,-114.0086,4.8,51.0,53.0,,49.88,-0.14,5.0,906.0,1.058,103.0,,-12.0,-20.0,3.1,4.4,-15.0,5036767
45.5256,-114.0067,11.0,71.0,36.0,,3.68,-0.12,5.0,3007.0,2.231,277.0,,41.0,-20.0,9.2,8.1,-15.0,5036768
45.5356,-114.0122,14.2,98.0,38.0,,4.02,-0.13,-5.0,2719.0,3.148,316.0,,53.0,-20.0,11.0,10.2,-15.0,5036769
45.5136,-114.0667,12.2,81.0,33.0,,18.91,-0.12,7.0,3162.0,2.662,296.0,,39.0,-20.0,11.0,8.3,-15.0,5036770
45.5347,-114.0575,11.9,66.0,44.0,,22.6,-0.09,-5.0,3687.0,2.973,554.0,,62.0,-20.0,21.0,7.9,-15.0,5036771
45.5175,-114.0236,10.6,54.0,39.0,,19.03,-0.12,5.0,2497.0,1.727,295.0,,39.0,-20.0,9.5,6.5,-15.0,5036772
45.4836,-114.0461,6.6,48.0,33.0,,14.29,-0.14,5.0,1719.0,1.464,140.0,,27.0,-20.0,4.8,6.0,-15.0,5036773
45.485,-114.0775,11.6,92.0,40.0,,7.11,-0.12,8.0,3515.0,2.438,360.0,,47.0,-20.0,14.5,9.7,-15.0,5036774
45.4592,-114.1047,8.2,73.0,56.0,,26.37,-0.11,93.0,2826.0,2.005,248.0,,40.0,-20.0,5.8,7.6,-15.0,5036775
45.45,-114.0978,16.4,163.0,40.0,,4.74,-0.11,33.0,2971.0,3.027,203.0,,29.0,-20.0,8.7,10.8,-15.0,5036776
45.4233,-114.075,9.3,78.0,50.0,,13.09,0.23,11.0,3015.0,1.91,323.0,,38.0,-20.0,12.1,8.3,-15.0,5036777
45.4172,-114.0856,11.0,89.0,54.0,,13.03,-0.13,17.0,2899.0,2.273,268.0,,34.0,-20.0,8.7,9.1,-15.0,5036778
45.4089,-114.0972,11.2,86.0,44.0,,21.24,-0.09,7.0,3431.0,2.791,364.0,,46.0,-20.0,12.5,9.1,-15.0,5036779
45.4692,-114.5581,36.1,295.0,177.0,,92.33,-0.16,6.0,3465.0,3.532,680.0,,65.0,-20.0,29.1,14.2,-15.0,5036780
45.475,-114.5678,43.8,352.0,178.0,,19.04,-0.17,11.0,6496.0,3.064,2076.0,,35.0,-20.0,74.2,13.3,-15.0,5036781
45.4722,-114.5694,20.1,131.0,100.0,,42.93,-0.16,9.0,3013.0,2.768,371.0,,39.0,-20.0,19.8,11.6,-15.0,5036782
45.4633,-114.5772,70.2,380.0,205.0,,34.37,-0.11,8.0,5642.0,3.007,896.0,,34.0,-20.0,39.3,10.7,19.0,5036783
45.4639,-114.5786,16.5,106.0,56.0,,23.92,-0.14,5.0,3427.0,3.028,258.0,,49.0,-20.0,10.7,12.4,-15.0,5036784
45.4606,-114.5828,27.6,176.0,118.0,,52.07,-0.18,8.0,5455.0,3.429,558.0,,62.0,-20.0,25.8,12.1,-15.0,5036785
45.4558,-114.5872,58.8,310.0,165.0,,33.7,-0.12,5.0,4700.0,2.304,1044.0,,-11.0,-20.0,48.7,9.1,-15.0,5036786
45.4544,-114.5867,24.8,155.0,92.0,,20.36,-0.13,10.0,4902.0,2.906,985.0,,51.0,-20.0,42.0,11.3,-15.0,5036787
45.4406,-114.5839,61.4,323.0,177.0,,27.16,-0.11,5.0,4862.0,2.463,1036.0,,29.0,-20.0,41.0,9.4,-15.0,5036788
45.4297,-114.6053,16.6,140.0,88.0,,53.54,-0.15,-5.0,4361.0,3.23,283.0,,65.0,-20.0,11.6,9.9,-15.0,5036789
45.4306,-114.6192,46.2,248.0,128.0,,37.63,-0.13,7.0,4552.0,2.682,816.0,,28.0,-20.0,32.6,9.5,15.0,5036790
45.4308,-114.6208,19.0,121.0,77.0,,25.63,-0.13,-5.0,5692.0,3.457,579.0,,103.0,-20.0,24.5,15.7,-15.0,5036791
45.425,-114.6339,16.7,125.0,62.0,,23.19,-0.14,8.0,5317.0,4.795,372.0,,109.0,-20.0,12.8,15.0,-15.0,5036792
45.4264,-114.6481,55.6,375.0,191.0,,28.39,-0.13,11.0,7823.0,4.397,1315.0,,61.0,34.0,50.0,11.4,22.0,5036793
45.4267,-114.6511,20.0,132.0,72.0,,12.73,-0.14,-5.0,5067.0,3.745,549.0,,173.0,-20.0,20.5,17.3,-15.0,5036794
45.4222,-114.675,16.4,143.0,67.0,,9.93,-0.14,5.0,6373.0,6.36,734.0,,394.0,-20.0,26.0,36.3,-15.0,5036795
45.4203,-114.69,17.4,143.0,71.0,,10.82,-0.15,5.0,6821.0,4.698,593.0,,192.0,-20.0,21.9,21.5,-15.0,5036796
45.4189,-114.6936,17.0,146.0,64.0,,6.74,-0.14,-5.0,6665.0,4.877,363.0,,96.0,-20.0,11.4,15.5,-15.0,5036797
45.4186,-114.6922,20.4,155.0,77.0,,7.81,-0.14,-5.0,7278.0,4.58,459.0,,78.0,-20.0,17.4,14.2,-15.0,5036798
45.4078,-114.7189,221.4,1154.0,550.0,,56.06,-0.15,24.0,15650.0,10.01,5543.0,,220.0,65.0,252.4,18.0,38.0,5036799
45.4083,-114.7194,28.6,178.0,88.0,,9.89,-0.12,-5.0,4522.0,4.169,460.0,,158.0,-20.0,16.6,16.0,-15.0,5036800
45.4094,-114.7272,9.9,112.0,54.0,,4.38,-0.15,-5.0,8440.0,5.779,511.0,,213.0,-20.0,17.5,18.7,-15.0,5036801
45.6483,-114.6094,13.7,73.0,46.0,,7.29,-0.13,-5.0,3598.0,1.828,249.0,,-11.0,-20.0,6.6,6.8,-15.0,5036802
45.6667,-114.6514,31.6,198.0,137.0,,41.03,-0.1,5.0,3183.0,2.196,714.0,,-9.0,-20.0,29.0,7.5,-15.0,5036803
45.6672,-114.6514,30.4,152.0,93.0,,22.54,-0.1,6.0,3509.0,2.413,569.0,,47.0,-20.0,20.7,9.2,-15.0,5036804
45.6714,-114.6328,23.6,199.0,91.0,,25.71,-0.19,7.0,6584.0,5.115,992.0,,120.0,-20.0,41.1,19.5,-15.0,5036805
45.6711,-114.6294,41.9,211.0,288.0,,192.4,-0.15,13.0,1334.0,1.881,260.0,,-14.0,-20.0,13.8,5.6,-15.0,5036806
45.6711,-114.6228,26.4,164.0,93.0,,20.83,-0.11,6.0,4844.0,2.834,797.0,,91.0,-20.0,27.6,10.6,15.0,5036807
45.6719,-114.6225,19.2,101.0,87.0,,38.23,-0.11,7.0,2218.0,1.548,406.0,,21.0,-20.0,16.4,5.6,-15.0,5036808
45.3117,-114.4886,14.3,112.0,48.0,,3.58,-0.13,5.0,5353.0,3.363,340.0,,88.0,-20.0,14.0,11.0,-15.0,5036809
45.3175,-114.4708,32.9,243.0,100.0,,8.63,-0.13,-5.0,5824.0,5.136,547.0,,106.0,-20.0,22.7,12.6,16.0,5036810
45.3244,-114.415,34.8,218.0,90.0,,6.9,-0.1,10.0,3455.0,5.804,732.0,,53.0,-20.0,26.8,10.4,-15.0,5036811
45.3828,-114.0686,12.3,73.0,30.0,,5.56,-0.15,9.0,4539.0,4.628,264.0,,84.0,-20.0,9.7,21.7,-15.0,5036812
45.4075,-114.2186,45.1,238.0,94.0,,8.71,-0.15,9.0,6694.0,4.975,1199.0,,58.0,-20.0,44.2,19.3,-15.0,5036813
45.4119,-114.1972,12.1,86.0,32.0,,1.77,-0.16,7.0,5074.0,5.955,229.0,,137.0,-20.0,7.8,31.2,-15.0,5036814
45.4317,-114.2119,23.5,152.0,68.0,,3.23,-0.13,9.0,5222.0,4.644,376.0,,108.0,-20.0,14.3,24.6,-15.0,5036815
45.4167,-114.1636,6.4,46.0,-11.0,,1.44,-0.18,-5.0,4474.0,7.84,118.0,,186.0,-20.0,4.0,33.3,-15.0,5036816
45.4289,-114.1681,6.4,82.0,39.0,,1.02,-0.18,-5.0,6763.0,7.003,299.0,,89.0,-20.0,11.1,32.1,-15.0,5036817
45.4294,-114.1611,7.0,80.0,34.0,,7.44,-0.19,13.0,11300.0,8.253,549.0,,123.0,-20.0,23.7,38.0,-15.0,5036818
45.4528,-114.1494,4.6,49.0,33.0,,9.33,5.81,196.0,2728.0,12.13,119.0,,64.0,-20.0,3.7,6.1,-15.0,5036819
45.4544,-114.1536,10.3,76.0,36.0,,4.18,0.65,16.0,3016.0,3.239,277.0,,54.0,-20.0,9.2,9.4,23.0,5036820
45.4772,-114.1389,12.8,102.0,45.0,,33.74,-0.14,-5.0,3393.0,2.838,313.0,,55.0,-20.0,12.7,11.1,-15.0,5036821
45.3972,-114.1567,12.5,95.0,40.0,,4.4,-0.17,14.0,5053.0,4.987,244.0,,45.0,-20.0,11.0,22.4,-15.0,5036822
45.4033,-114.7364,8.6,61.0,27.0,,4.07,-0.12,-5.0,3600.0,3.234,199.0,,206.0,-20.0,5.9,11.9,15.0,5036823
45.0197,-114.4486,9.9,70.0,40.0,,13.68,-0.11,5.0,2487.0,1.91,295.0,,36.0,-20.0,10.4,7.8,-15.0,5036824
45.0181,-114.4464,8.6,105.0,68.0,,32.11,-0.14,10.0,2583.0,2.069,247.0,,33.0,-20.0,9.2,9.4,-15.0,5036825
45.0878,-114.4661,8.6,104.0,107.0,,120.4,-0.12,-5.0,2253.0,1.981,232.0,,30.0,-20.0,8.6,9.4,16.0,5036826
45.0936,-114.4897,76.3,112.0,76.0,,33.04,-0.1,7.0,4614.0,2.652,426.0,,-9.0,32.0,21.5,6.7,24.0,5036827
45.1044,-114.5247,86.2,165.0,101.0,,67.48,-0.14,8.0,2525.0,2.441,334.0,,30.0,24.0,16.3,5.9,21.0,5036828
45.0856,-114.5336,101.2,206.0,101.0,,25.98,-0.13,-5.0,3229.0,2.257,456.0,,28.0,-20.0,23.3,6.1,18.0,5036829
45.0772,-114.5414,37.5,129.0,64.0,,15.49,-0.15,-5.0,2668.0,2.357,333.0,,32.0,-20.0,13.4,7.8,-15.0,5036830
45.0481,-114.5678,83.3,295.0,166.0,,33.5,-0.12,14.0,5704.0,2.331,1979.0,,-11.0,48.0,81.3,7.2,20.0,5036831
45.0603,-114.5506,9.5,44.0,22.0,,5.7,-0.09,-5.0,-750.0,1.022,110.0,,27.0,-20.0,4.2,3.6,-15.0,5036832
45.05,-114.2817,13.4,82.0,35.0,,4.26,-0.13,25.0,4651.0,2.777,239.0,,64.0,-20.0,7.7,12.9,-15.0,5036833
45.0583,-114.2772,16.0,131.0,52.0,,4.67,-0.12,44.0,5328.0,4.034,251.0,,83.0,-20.0,9.0,12.0,-15.0,5036834
45.3394,-114.3364,21.5,120.0,57.0,,12.86,-0.11,-5.0,4905.0,3.263,475.0,,52.0,-20.0,20.8,12.3,-15.0,5036835
45.1706,-114.1594,12.9,89.0,41.0,,10.52,-0.11,12.0,3931.0,2.84,258.0,,81.0,-20.0,10.0,10.8,-15.0,5036836
45.14,-114.2017,18.7,152.0,108.0,,103.5,-0.17,9.0,3829.0,3.179,241.0,,35.0,-20.0,10.9,10.1,-15.0,5036837
45.0933,-114.2344,20.5,259.0,126.0,,66.67,-0.15,93.0,3420.0,3.997,185.0,,30.0,-20.0,5.6,10.5,-15.0,5036838
45.1094,-114.2219,11.5,128.0,75.0,,28.98,-0.16,258.0,3504.0,3.933,535.0,,-13.0,29.0,12.8,9.0,-15.0,5036839
45.1617,-114.2875,9.2,114.0,116.0,,137.5,-0.14,10.0,2761.0,1.615,356.0,,-12.0,-20.0,13.7,5.0,-15.0,5036840
45.1908,-114.3183,46.7,228.0,124.0,,76.04,-0.17,9.0,3566.0,3.562,568.0,,52.0,-20.0,22.7,11.1,-15.0,5036841
45.2653,-114.3256,20.2,133.0,41.0,,3.68,-0.18,10.0,8052.0,6.604,729.0,,119.0,28.0,12.2,29.2,-15.0,5036842
45.2828,-114.3436,35.0,175.0,79.0,,6.7,-0.12,11.0,5864.0,5.016,532.0,,66.0,-20.0,27.2,19.4,25.0,5036843
45.3006,-114.3661,32.2,177.0,71.0,,16.81,-0.11,32.0,4167.0,4.042,74.0,,49.0,-20.0,19.8,8.9,-15.0,5036844
45.3,-114.3792,21.7,114.0,58.0,,7.12,-0.18,7.0,-1510.0,3.091,569.0,,-15.0,-20.0,3.3,5.9,39.0,5036845
45.3044,-114.3794,28.7,211.0,74.0,,6.89,-0.13,13.0,4265.0,6.41,863.0,,60.0,31.0,20.9,10.3,25.0,5036846
45.44,-114.5833,42.2,236.0,111.0,,22.22,-0.1,7.0,5787.0,3.225,362.0,,68.0,24.0,39.3,9.2,-15.0,5036847
45.4336,-114.5722,20.4,135.0,60.0,,9.29,-0.13,8.0,5737.0,4.018,432.0,,92.0,-20.0,14.9,14.1,-15.0,5036848
45.4328,-114.5733,22.1,182.0,89.0,,30.2,-0.17,7.0,6867.0,5.144,1666.0,,80.0,-20.0,15.3,16.0,19.0,5036849
45.4306,-114.5656,52.1,313.0,143.0,,35.97,-0.13,-5.0,4986.0,3.282,614.0,,83.0,-20.0,62.9,9.9,-15.0,5036850
45.4292,-114.5669,33.7,202.0,110.0,,37.54,-0.16,14.0,5124.0,3.692,352.0,,62.0,-20.0,21.3,9.8,22.0,5036851
45.3164,-114.6292,19.6,150.0,64.0,,5.52,-0.14,17.0,5869.0,4.763,336.0,,128.0,-20.0,12.1,15.8,-15.0,5036852
45.3194,-114.6356,20.7,135.0,66.0,,7.05,-0.13,7.0,5499.0,3.924,475.0,,117.0,-20.0,11.4,14.2,-15.0,5036853
45.4886,-114.535,71.4,347.0,256.0,,214.4,-0.14,12.0,3732.0,3.501,214.0,,52.0,-20.0,20.7,11.1,-15.0,5036854
45.3269,-114.6469,9.8,86.0,74.0,,49.09,-0.18,7.0,3442.0,2.439,864.0,,58.0,-20.0,5.4,8.7,-15.0,5036855
45.3358,-114.6589,24.4,212.0,98.0,,20.82,-0.14,11.0,7535.0,4.781,463.0,,90.0,-20.0,30.2,16.5,-15.0,5036856
45.3461,-114.67,18.9,129.0,69.0,,4.29,-0.12,90.0,5079.0,4.347,183.0,,79.0,-20.0,16.3,13.5,18.0,5036857
45.3631,-114.6731,19.0,131.0,60.0,,9.1,-0.13,14.0,4618.0,4.627,393.0,,103.0,-20.0,13.1,14.1,23.0,5036858
45.3686,-114.6839,23.9,168.0,76.0,,18.46,-0.13,-5.0,4721.0,3.229,545.0,,85.0,-20.0,18.5,11.6,-15.0,5036859
45.5028,-114.5436,81.3,410.0,211.0,,36.8,-0.13,7.0,3629.0,2.298,951.0,,24.0,-20.0,44.0,6.2,-15.0,5036860
45.5028,-114.5425,83.1,272.0,159.0,,49.24,-0.1,13.0,4680.0,1.734,1825.0,,-9.0,-20.0,68.1,6.5,-15.0,5036861
45.4825,-114.5497,50.8,236.0,130.0,,44.2,-0.11,8.0,3275.0,2.052,778.0,,23.0,-20.0,30.1,6.9,-15.0,5036862
45.4825,-114.5483,94.9,424.0,222.0,,47.95,-0.13,6.0,5935.0,2.45,2616.0,,37.0,-20.0,97.0,10.8,-15.0,5036863
45.4847,-114.5453,128.5,686.0,353.0,,74.08,-0.17,22.0,7173.0,3.181,3982.0,,52.0,-20.0,150.6,13.2,35.0,5036864
45.4867,-114.5164,74.5,258.0,155.0,,54.28,-0.11,9.0,4229.0,2.126,1341.0,,29.0,-20.0,52.5,7.1,-15.0,5036865
45.4858,-114.5136,48.9,256.0,140.0,,39.19,-0.11,-5.0,4065.0,2.585,988.0,,35.0,-20.0,42.2,10.0,-15.0,5036866
45.5517,-114.4653,38.2,135.0,75.0,,18.13,-0.13,-5.0,4051.0,2.672,620.0,,24.0,-20.0,27.8,7.8,-15.0,5036867
45.4722,-114.3944,20.3,102.0,48.0,,11.68,-0.13,-5.0,3609.0,2.983,338.0,,63.0,-20.0,12.2,10.9,-15.0,5036868
45.4014,-114.5414,6.6,41.0,20.0,,2.56,-0.06,9.0,-804.0,1.162,94.0,,-7.0,-20.0,2.3,4.3,-15.0,5036869
45.3925,-114.5542,13.7,73.0,35.0,,6.9,-0.12,-5.0,4662.0,2.737,296.0,,44.0,-20.0,8.7,9.3,-15.0,5036870
45.3611,-114.5292,15.4,97.0,52.0,,5.54,-0.22,-5.0,3706.0,2.927,210.0,,46.0,-20.0,6.7,11.4,-15.0,5036871
45.3522,-114.5347,65.7,396.0,179.0,,25.9,-0.14,15.0,7849.0,2.984,888.0,,107.0,-20.0,34.5,12.4,-15.0,5036872
45.3028,-114.5503,32.1,164.0,62.0,,8.59,-0.13,781.0,5189.0,8.551,713.0,,59.0,-20.0,22.4,17.5,-15.0,5036873
45.2989,-114.5972,13.0,90.0,39.0,,3.48,-0.12,9.0,3754.0,3.51,236.0,,90.0,-20.0,8.5,11.9,-15.0,5036874
45.3103,-114.6247,16.3,133.0,54.0,,8.93,-0.14,12.0,6062.0,3.911,300.0,,106.0,-20.0,9.2,13.5,25.0,5036875
45.0186,-114.3589,17.8,112.0,61.0,,20.32,-0.13,13.0,3634.0,2.396,263.0,,59.0,-20.0,9.8,9.9,-15.0,5036876
45.0403,-114.4278,8.6,71.0,31.0,,5.22,-0.07,-5.0,2266.0,1.567,298.0,,37.0,-20.0,9.3,7.3,-15.0,5036877
45.0378,-114.4361,13.2,114.0,52.0,,15.4,-0.13,-5.0,2300.0,2.415,198.0,,44.0,-20.0,7.0,11.8,-15.0,5036878
45.2303,-114.435,11.9,90.0,68.0,,39.43,-0.14,5.0,3032.0,2.226,272.0,,43.0,-20.0,10.2,8.2,-15.0,5036879
45.23,-114.4383,102.7,520.0,257.0,,34.85,-0.11,8.0,5370.0,2.501,1744.0,,39.0,-20.0,80.4,7.1,-15.0,5036880
45.235,-114.4278,20.3,130.0,69.0,,20.45,-0.11,26.0,3521.0,2.846,427.0,,56.0,-20.0,16.5,9.1,-15.0,5036881
45.2356,-114.4269,10.1,138.0,144.0,,253.6,-0.12,62.0,1913.0,1.986,138.0,,46.0,-20.0,5.8,5.4,-15.0,5036882
45.2517,-114.4153,31.3,274.0,103.0,,7.73,-0.16,11.0,7083.0,5.416,702.0,,42.0,-20.0,27.0,14.7,-15.0,5036883
45.2522,-114.4108,25.9,208.0,88.0,,6.68,-0.14,12.0,9303.0,5.335,555.0,,39.0,-20.0,25.4,20.0,-15.0,5036884
45.2589,-114.3961,27.8,201.0,120.0,,82.46,-0.13,7.0,4915.0,2.973,693.0,,50.0,-20.0,29.5,9.4,-15.0,5036885
45.2619,-114.395,60.5,625.0,290.0,,14.31,-0.14,15.0,3765.0,5.568,1119.0,,47.0,-20.0,46.5,7.3,-15.0,5036886
45.2681,-114.3819,29.7,311.0,135.0,,14.83,-0.15,10.0,4370.0,3.343,762.0,,33.0,-20.0,33.8,6.1,-15.0,5036887
45.2667,-114.3778,60.9,618.0,269.0,,9.82,-0.15,13.0,5622.0,6.87,1394.0,,61.0,-20.0,64.5,12.3,-15.0,5036888
45.2647,-114.3819,55.2,524.0,255.0,,23.36,-0.1,14.0,4800.0,4.859,1633.0,,53.0,-20.0,65.9,8.8,-15.0,5036889
45.2978,-114.3558,22.1,123.0,60.0,,7.21,-0.13,15.0,4096.0,3.501,398.0,,55.0,-20.0,17.4,11.8,-15.0,5036890
45.3078,-114.3911,14.2,136.0,47.0,,4.07,-0.17,15.0,7021.0,6.26,287.0,,41.0,-20.0,11.6,17.1,-15.0,5036891
45.3511,-114.3244,26.6,164.0,73.0,,6.47,-0.11,-5.0,3763.0,3.296,701.0,,44.0,-20.0,29.8,11.5,19.0,5036892
45.3561,-114.2847,16.3,82.0,37.0,,6.03,0.46,-5.0,4830.0,2.404,440.0,,70.0,-20.0,19.5,9.4,-15.0,5036893
45.3556,-114.2792,21.8,121.0,58.0,,8.06,-0.12,8.0,4324.0,3.845,641.0,,57.0,-20.0,27.8,16.1,-15.0,5036894
45.3664,-114.2958,25.0,219.0,134.0,,51.76,-0.16,11.0,4088.0,3.589,427.0,,51.0,-20.0,19.4,11.8,-15.0,5036895
45.4094,-114.2681,28.4,219.0,103.0,,18.71,-0.15,10.0,5737.0,4.758,1009.0,,92.0,-20.0,48.2,23.4,-15.0,5036896
45.4033,-114.2597,10.8,80.0,40.0,,5.7,-0.12,9.0,5033.0,3.868,392.0,,32.0,-20.0,12.0,15.2,15.0,5036897
45.3883,-114.2669,22.2,195.0,81.0,,8.9,-0.12,9.0,10470.0,5.528,1011.0,,58.0,-20.0,52.9,26.7,25.0,5036898
45.4219,-114.2744,18.6,131.0,59.0,,7.64,-0.17,5.0,5400.0,4.726,396.0,,121.0,-20.0,14.6,25.8,-15.0,5036899
45.4194,-114.2842,24.3,183.0,72.0,,5.17,-0.13,-5.0,6130.0,4.674,694.0,,49.0,-20.0,32.0,18.0,-15.0,5036900
45.4639,-114.3769,27.0,137.0,99.0,,59.3,-0.12,-5.0,2916.0,2.2,499.0,,27.0,-20.0,20.9,7.7,-15.0,5036901
45.4533,-114.3911,36.6,180.0,93.0,,38.47,-0.12,6.0,4648.0,2.977,1721.0,,51.0,-20.0,95.1,13.2,-15.0,5036902
45.4525,-114.3947,52.5,251.0,123.0,,57.7,-0.14,-5.0,2486.0,2.328,861.0,,42.0,-20.0,37.3,7.7,-15.0,5036903
45.445,-114.3933,66.6,306.0,148.0,,56.81,-0.11,-5.0,3315.0,2.129,739.0,,35.0,-20.0,39.0,6.8,20.0,5036904
45.4444,-114.3897,40.2,217.0,114.0,,50.06,-0.12,11.0,5806.0,2.713,3210.0,,38.0,-20.0,148.5,13.0,-15.0,5036905
45.4428,-114.3989,55.9,294.0,128.0,,47.53,-0.12,7.0,2928.0,2.568,745.0,,44.0,-20.0,36.3,9.5,-15.0,5036906
45.4314,-114.4092,45.3,219.0,116.0,,40.67,-0.14,12.0,4318.0,2.366,1289.0,,36.0,-20.0,70.1,10.3,-15.0,5036907
45.4328,-114.4114,61.5,310.0,157.0,,62.88,-0.13,-5.0,2581.0,2.07,661.0,,32.0,-20.0,30.4,7.2,-15.0,5036908
45.4339,-114.4033,23.3,118.0,96.0,,66.71,-0.12,-5.0,3308.0,2.642,335.0,,35.0,-20.0,11.3,9.6,-15.0,5036909
45.4242,-114.4272,7.2,204.0,269.0,,458.1,-0.16,-5.0,-897.0,2.162,82.0,,53.0,-20.0,-1.9,3.7,-15.0,5036910
45.4222,-114.4292,154.5,620.0,292.0,,84.28,-0.14,12.0,4810.0,2.509,1284.0,,52.0,-20.0,65.0,9.1,23.0,5036911
45.4219,-114.4258,37.3,189.0,85.0,,30.04,-0.2,7.0,3105.0,2.715,834.0,,53.0,-20.0,36.0,8.2,-15.0,5036912
45.4594,-114.3844,11.8,57.0,29.0,,3.76,-0.12,8.0,3906.0,2.13,281.0,,34.0,-20.0,8.5,7.2,-15.0,5036913
45.5575,-114.5033,59.7,214.0,120.0,,24.66,-0.13,-5.0,3383.0,1.783,832.0,,-11.0,-20.0,45.3,5.6,-15.0,5036914
45.5683,-114.5239,28.9,85.0,45.0,,12.67,-0.15,5.0,3973.0,2.116,488.0,,-13.0,-20.0,19.5,6.7,-15.0,5036915
45.5575,-114.5194,19.6,138.0,84.0,,18.33,-0.15,-5.0,3508.0,1.692,327.0,,34.0,-20.0,13.6,6.1,-15.0,5036916
45.3053,-114.6194,29.6,181.0,107.0,,16.94,-0.1,20.0,7262.0,3.771,1465.0,,124.0,-20.0,44.9,10.9,22.0,5036917
45.3181,-114.6369,76.8,389.0,197.0,,20.79,-0.13,77.0,12420.0,6.837,3559.0,,171.0,-20.0,126.1,12.3,-15.0,5036918
45.3244,-114.6458,13.1,94.0,50.0,,19.06,-0.16,10.0,4483.0,4.776,322.0,,316.0,-20.0,8.9,18.6,-15.0,5036919
45.3381,-114.6631,25.7,172.0,81.0,,5.95,0.2,15.0,4651.0,3.02,813.0,,122.0,-20.0,28.2,10.3,-15.0,5036920
45.4192,-114.2933,28.0,183.0,79.0,,34.03,-0.11,14.0,5164.0,3.719,793.0,,48.0,-20.0,23.2,14.1,-15.0,5036921
45.4297,-114.2864,32.1,117.0,53.0,,22.16,-0.16,7.0,6422.0,4.204,557.0,,132.0,-20.0,17.2,20.9,32.0,5036922
45.3489,-114.6742,19.5,145.0,67.0,,7.12,-0.14,14.0,5127.0,4.004,636.0,,114.0,-20.0,22.9,12.7,16.0,5036923
45.3661,-114.6847,23.3,167.0,82.0,,7.35,-0.1,19.0,5621.0,3.134,917.0,,107.0,-20.0,35.0,9.9,-15.0,5036924
45.3678,-114.6861,75.8,482.0,242.0,,21.37,-0.11,30.0,15700.0,7.004,3890.0,,191.0,47.0,138.6,13.5,18.0,5036925
45.3078,-114.4847,21.5,139.0,56.0,,6.44,-0.11,8.0,4366.0,3.793,498.0,,65.0,-20.0,20.2,10.9,-15.0,5036926
45.3083,-114.4875,17.4,137.0,52.0,,13.21,-0.14,7.0,5558.0,3.706,298.0,,64.0,-20.0,13.5,11.2,-15.0,5036927
45.9953,-114.8392,53.4,488.0,256.0,,12.89,-0.13,9.0,5038.0,2.999,1355.0,,19.0,26.0,49.0,7.8,-15.0,5036928
45.9122,-114.8381,19.2,135.0,71.0,,7.42,-0.12,6.0,5046.0,3.365,580.0,,108.0,-20.0,20.9,12.5,-15.0,5036929
45.9117,-114.8461,44.4,345.0,152.0,,13.25,-0.12,6.0,3720.0,2.982,1274.0,,41.0,-20.0,51.8,8.8,-15.0,5036930
45.9075,-114.8514,53.7,224.0,107.0,,18.33,-0.11,8.0,3462.0,2.247,1410.0,,47.0,27.0,49.2,7.3,-15.0,5036931
45.9058,-114.8606,139.7,1469.0,748.0,,29.95,-0.17,14.0,13660.0,5.542,3761.0,,46.0,91.0,196.3,12.8,15.0,5036932
45.9047,-114.855,35.8,197.0,199.0,,22.13,-0.13,-5.0,2899.0,1.612,677.0,,-12.0,24.0,23.3,6.4,-15.0,5036933
45.9169,-114.8275,18.3,122.0,61.0,,9.01,-0.15,6.0,4959.0,4.478,362.0,,190.0,-20.0,13.0,17.9,-15.0,5036934
45.9194,-114.8236,25.5,205.0,95.0,,3.28,-0.12,-5.0,3399.0,2.852,291.0,,44.0,-20.0,13.3,8.1,-15.0,5036935
45.9233,-114.8233,49.2,334.0,156.0,,6.6,-0.13,5.0,5210.0,3.876,739.0,,78.0,-20.0,27.4,11.4,-15.0,5036936
45.9364,-114.8342,37.3,167.0,82.0,,13.81,-0.07,7.0,2758.0,2.192,982.0,,13.0,23.0,35.3,4.1,-15.0,5036937
45.9394,-114.8319,36.3,288.0,142.0,,4.84,-0.1,-5.0,3262.0,3.373,646.0,,50.0,-20.0,23.9,8.8,-15.0,5036938
45.9617,-114.8303,37.7,280.0,141.0,,9.41,-0.09,12.0,2894.0,2.439,809.0,,-8.0,29.0,29.2,4.5,-15.0,5036939
45.9786,-114.8369,43.0,488.0,238.0,,7.21,-0.13,10.0,7046.0,4.613,1658.0,,33.0,27.0,56.1,11.4,-15.0,5036940
45.9806,-114.8406,41.8,372.0,218.0,,13.07,-0.1,15.0,5793.0,3.265,1800.0,,-10.0,23.0,59.5,7.0,-15.0,5036941
45.9833,-114.84,32.3,298.0,151.0,,10.2,-0.12,8.0,4329.0,3.905,589.0,,41.0,-20.0,22.9,10.3,-15.0,5036942
44.8885,-115.7394,23.0,171.0,106.0,300.0,1.6,-0.01,1.0,3359.0,1.778,,-5.0,5.0,-5.0,,3.8,-2.0,5048655
44.9277,-114.4782,3.0,15.0,6.0,,1.2,-0.01,,547.0,-0.5,,,,,,1.5,,5048904
44.9208,-115.9862,14.0,88.0,49.0,1000.0,7.4,-0.01,1.0,6404.0,3.388,,-5.0,25.0,-5.0,9.0,7.4,-2.0,5048599
44.9239,-115.9455,13.0,82.0,47.0,1000.0,3.3,-0.01,1.0,6387.0,3.398,,-5.0,20.0,-5.0,11.0,5.7,-2.0,5048600
44.9412,-115.9408,15.0,101.0,45.0,700.0,4.2,-0.01,1.0,,2.6707,,-5.0,15.0,-5.0,16.0,8.4,-2.0,5048601
44.9588,-115.9462,13.0,56.0,41.0,1200.0,3.8,-0.01,2.0,4419.0,2.39,,-5.0,20.0,-5.0,10.0,4.3,-2.0,5048602
44.9774,-115.9547,21.0,157.0,-13.0,500.0,5.9,-0.01,1.0,,1.8773,,10.0,10.0,-5.0,33.0,7.5,-2.0,5048603
44.9892,-115.9536,9.0,93.0,50.0,1200.0,3.8,-0.01,1.0,3207.0,2.0293,,-5.0,10.0,-5.0,13.0,6.7,-2.0,5048604
44.8029,-115.9702,3.0,86.0,43.0,2800.0,1.6,-0.01,2.0,8247.0,4.7373,,5.0,10.0,-5.0,17.0,14.0,-2.0,5048605
44.8012,-115.9226,28.0,165.0,102.0,500.0,4.1,-0.01,5.0,4558.0,2.1447,,-5.0,10.0,-5.0,23.0,5.7,-2.0,5048607
44.8189,-115.9027,19.0,87.0,64.0,700.0,3.6,-0.01,1.0,-679.0,2.5153,,-5.0,10.0,-5.0,14.0,5.7,-2.0,5048609
44.8035,-115.8964,23.0,120.0,78.0,600.0,2.6,-0.01,1.0,2505.0,2.2553,,10.0,5.0,-5.0,11.0,4.0,-2.0,5048610
44.8888,-115.7547,110.0,803.0,439.0,500.0,5.3,-0.01,3.0,4069.0,1.1873,,-5.0,10.0,-5.0,18.0,2.7,-2.0,5048615
44.9102,-115.7729,31.0,226.0,-10.0,300.0,2.7,-0.01,5.0,2606.0,2.7987,,-5.0,5.0,-5.0,7.0,5.4,-2.0,5048616
44.9009,-115.7904,19.0,131.0,-14.0,900.0,2.5,-0.01,2.0,5511.0,3.6107,,-5.0,20.0,-5.0,10.0,8.3,-2.0,5048617
44.8986,-115.815,17.0,124.0,-5.0,400.0,2.6,-0.01,12.0,4357.0,3.5892,,5.0,20.0,-5.0,6.0,2.7,-2.0,5048618
44.8895,-115.8352,15.0,87.0,-9.0,900.0,1.8,-0.01,2.0,-609.0,2.3727,,10.0,10.0,-5.0,6.0,5.4,-2.0,5048619
44.8694,-115.9687,14.0,111.0,-9.0,1400.0,3.3,-0.01,1.0,4606.0,3.62,,-5.0,20.0,-5.0,16.0,12.5,-2.0,5048620
44.8685,-115.9451,14.0,70.0,-15.0,1200.0,2.7,-0.01,3.0,6760.0,3.8927,,-5.0,30.0,-5.0,9.0,9.8,-2.0,5048621
44.8553,-115.9633,8.0,60.0,-10.0,1900.0,2.1,-0.01,1.0,4993.0,4.0873,,15.0,25.0,-5.0,6.0,8.8,-2.0,5048622
44.8206,-115.9544,31.0,167.0,-15.0,900.0,4.2,-0.01,1.0,-677.0,4.2687,,-5.0,25.0,-5.0,32.0,14.1,-2.0,5048623
44.8177,-115.933,12.0,75.0,-14.0,1700.0,2.6,-0.01,3.0,3917.0,3.4633,,-5.0,35.0,-5.0,8.0,8.5,2.0,5048624
44.8334,-115.8385,32.0,216.0,-5.0,,5.7,-0.01,,4115.0,2.1947,,,,,4.0,2.9,,5048626
44.8173,-115.8552,43.0,272.0,-12.0,,3.4,-0.01,,-484.0,1.2673,,,,,4.0,2.6,,5048627
44.9322,-115.865,12.0,79.0,-12.0,1300.0,3.1,-0.01,7.0,3797.0,3.3547,,-5.0,20.0,-5.0,5.0,7.9,-2.0,5048629
44.8903,-115.889,10.0,77.0,-10.0,900.0,5.2,-0.01,3.0,5084.0,2.9327,,-5.0,30.0,-5.0,4.0,3.7,-2.0,5048630
44.8935,-115.9519,2.0,25.0,-5.0,1500.0,1.1,-0.01,,1701.0,0.5824,,-5.0,10.0,-5.0,,2.9,-2.0,5048631
44.9691,-115.9789,34.0,196.0,-10.0,1200.0,6.5,-0.01,5.0,4597.0,3.4027,,-5.0,40.0,-5.0,15.0,8.2,-2.0,5048632
44.9749,-115.9232,13.0,71.0,-8.0,900.0,4.9,-0.01,6.0,3801.0,3.8867,,5.0,30.0,-5.0,6.0,8.4,-2.0,5048633
44.9485,-115.8993,32.0,182.0,-6.0,1200.0,10.0,-0.01,8.0,3479.0,2.4228,,20.0,15.0,5.0,4.0,4.3,-2.0,5048634
44.9097,-115.9191,12.0,132.0,-7.0,,2.4,-0.01,,6907.0,3.4267,,,,,17.0,10.2,,5048635
44.8611,-115.914,11.0,107.0,-13.0,1600.0,2.5,-0.01,5.0,3051.0,2.826,,-5.0,25.0,-5.0,7.0,6.1,-2.0,5048636
44.8354,-115.9933,19.0,158.0,-11.0,1400.0,5.4,-0.01,1.0,4899.0,3.1373,,-5.0,20.0,5.0,41.0,2.2,-2.0,5048637
44.822,-115.7794,32.0,227.0,124.0,200.0,2.2,-0.01,,3003.0,1.4847,,-5.0,10.0,5.0,4.0,4.1,-2.0,5048641
44.8428,-115.7958,13.0,92.0,42.0,1200.0,7.0,-0.01,2.0,-539.0,2.2973,,-5.0,10.0,-5.0,4.0,3.0,-2.0,5048642
44.8545,-115.7809,36.0,347.0,169.0,900.0,3.2,0.03,2.0,2117.0,1.8967,,-5.0,10.0,-5.0,9.0,3.4,-2.0,5048643
44.862,-115.8431,16.0,142.0,94.0,600.0,5.4,-0.01,4.0,2373.0,1.9393,,-5.0,15.0,-5.0,,4.1,-2.0,5048644
44.9732,-115.7646,11.0,69.0,26.0,700.0,1.9,-0.01,2.0,-572.0,2.5287,,-5.0,15.0,-5.0,3.0,3.5,-2.0,5048645
44.986,-115.882,-2.0,14.0,5.0,1600.0,1.0,-0.01,2.0,1330.0,1.404,,-5.0,5.0,-5.0,,1.9,-2.0,5048646
44.9796,-115.838,30.0,206.0,107.0,1000.0,17.1,-0.01,6.0,3759.0,2.2813,,5.0,15.0,5.0,4.0,3.8,-2.0,5048647
44.9965,-115.8136,22.0,136.0,70.0,600.0,2.6,-0.01,,3527.0,2.6073,,-5.0,15.0,-5.0,7.0,6.0,-2.0,5048648
44.9915,-115.7222,15.0,97.0,53.0,,3.1,-0.01,,-605.0,2.1587,,,,,6.0,3.9,,5048649
44.968,-115.7265,29.0,-13.0,106.0,300.0,7.4,-0.01,14.0,2452.0,2.116,,-5.0,10.0,-5.0,,4.6,-2.0,5048650
44.9536,-115.7307,40.0,196.0,118.0,300.0,6.8,-0.01,5.0,2533.0,2.1213,,-5.0,5.0,-5.0,5.0,2.8,-2.0,5048651
44.9351,-115.7395,35.0,226.0,109.0,300.0,7.9,-0.01,4.0,2157.0,1.2127,,-5.0,5.0,-5.0,10.0,2.8,-2.0,5048652
44.9176,-115.7408,20.0,144.0,39.0,200.0,2.2,-0.01,2.0,-552.0,2.9615,,-5.0,15.0,-5.0,6.0,5.4,-2.0,5048653
44.8978,-115.7172,23.0,159.0,83.0,100.0,2.3,-0.01,1.0,2849.0,2.4593,,-5.0,10.0,-5.0,8.0,5.3,-2.0,5048654
44.8815,-115.6926,150.0,1129.0,669.0,800.0,6.0,-0.01,1.0,2225.0,1.9133,,-5.0,5.0,-5.0,,3.0,-2.0,5048656
44.8589,-115.6904,70.0,-13.0,302.0,600.0,8.5,-0.01,,-428.0,1.9233,,-5.0,5.0,-5.0,,4.4,-2.0,5048657
44.8425,-115.6958,27.0,156.0,98.0,500.0,7.4,-0.01,2.0,2923.0,3.0747,,20.0,10.0,-5.0,6.0,7.9,-2.0,5048658
44.8209,-115.6982,25.0,231.0,106.0,200.0,2.1,-0.01,,1958.0,0.8893,,10.0,-5.0,-5.0,2.0,1.6,-2.0,5048659
44.805,-115.6912,22.0,200.0,55.0,300.0,3.0,-0.01,2.0,3058.0,2.7373,,-5.0,5.0,-5.0,,3.3,-2.0,5048660
44.9897,-115.6701,-2.0,-23.0,-6.0,300.0,21.6,-0.01,12.0,2441.0,-0.5629,,10.0,10.0,-5.0,,-0.2,-2.0,5048663
44.9738,-115.6689,17.0,112.0,69.0,200.0,5.3,-0.01,13.0,4896.0,2.8584,,-5.0,10.0,-5.0,3.0,3.2,-2.0,5048664
44.9602,-115.6522,13.0,93.0,100.0,1600.0,3.0,-0.01,3.0,4439.0,2.5733,,-5.0,15.0,5.0,6.0,5.9,-2.0,5048665
44.9578,-115.6298,21.0,132.0,50.0,600.0,3.1,-0.01,1.0,3030.0,2.3327,,5.0,15.0,-5.0,2.0,5.9,-2.0,5048666
44.9476,-115.6093,26.0,-13.0,75.0,200.0,6.1,0.145,2.0,2557.0,2.684,,-5.0,10.0,-5.0,,5.5,-2.0,5048667
44.9497,-115.5853,17.0,102.0,47.0,300.0,8.5,-0.01,2.0,-586.0,1.804,,-5.0,5.0,-5.0,5.0,1.9,-2.0,5048668
44.9552,-115.5575,39.0,236.0,92.0,200.0,10.5,-0.01,1.0,2541.0,1.6453,,-5.0,5.0,5.0,8.0,2.8,-2.0,5048669
44.9618,-115.516,10.0,94.0,53.0,400.0,34.5,-0.01,5.0,2793.0,2.0267,,-5.0,20.0,-5.0,5.0,3.9,-2.0,5048670
44.8656,-115.5078,8.0,72.0,-39.0,300.0,2.7,-0.01,4.0,2140.0,2.4893,,-5.0,10.0,-5.0,7.0,0.9,-2.0,5048671
44.8488,-115.5108,17.0,110.0,87.0,1600.0,5.4,-0.01,13.0,-691.0,4.266,,15.0,60.0,-5.0,9.0,7.7,-2.0,5048672
44.8326,-115.5095,12.0,55.0,81.0,500.0,3.0,-0.01,8.0,4865.0,2.8573,,-5.0,20.0,-5.0,8.0,7.0,-2.0,5048673
44.8141,-115.5159,18.0,62.0,119.0,600.0,2.3,0.308,10.0,3941.0,2.3847,,-5.0,10.0,10.0,13.0,3.4,5.0,5048674
44.9265,-115.6674,13.0,80.0,48.0,700.0,2.1,-0.01,2.0,3793.0,2.3147,,-5.0,10.0,-5.0,6.0,5.8,-2.0,5048678
44.9101,-115.6726,30.0,226.0,365.0,1000.0,2.7,-0.01,2.0,5509.0,3.732,,-5.0,5.0,5.0,15.0,6.5,-2.0,5048679
44.8993,-115.6895,35.0,243.0,117.0,500.0,2.0,-0.01,3.0,2883.0,2.7756,,-5.0,15.0,-5.0,6.0,3.2,-2.0,5048680
44.8511,-115.6654,17.0,127.0,113.0,200.0,2.0,-0.01,3.0,1911.0,1.572,,-5.0,5.0,-5.0,3.0,3.3,-2.0,5048681
44.808,-115.7196,9.0,68.0,38.0,500.0,2.5,-0.01,,-323.0,2.6727,,10.0,15.0,-5.0,1.0,6.0,-2.0,5048683
44.9978,-115.5442,15.0,56.0,33.0,600.0,5.1,-0.01,6.0,3341.0,2.1987,,-5.0,10.0,-5.0,6.0,2.9,-2.0,5048684
44.9901,-115.5982,11.0,91.0,-33.0,700.0,8.9,-0.01,2.0,4001.0,2.7933,,-5.0,15.0,-5.0,5.0,4.7,-2.0,5048685
44.9989,-115.6314,12.0,77.0,64.0,600.0,4.4,-0.01,1.0,2999.0,2.844,,15.0,20.0,-5.0,2.0,3.2,-2.0,5048686
44.9594,-115.6872,21.0,83.0,-39.0,400.0,3.1,-0.01,2.0,2509.0,2.0993,,5.0,10.0,-5.0,3.0,3.7,-2.0,5048687
44.8251,-115.7368,12.0,77.0,-6.0,700.0,2.5,-0.01,,3232.0,3.2315,,-5.0,15.0,-5.0,8.0,3.3,-2.0,5048688
44.8275,-115.6071,7.0,48.0,28.0,,2.7,-0.01,,-395.0,2.44,,-5.0,30.0,-5.0,8.0,4.3,-2.0,5048694
44.8703,-115.6222,17.0,46.0,-37.0,1100.0,2.0,-0.01,2.0,2716.0,2.856,,-5.0,15.0,-5.0,8.0,6.3,-2.0,5048695
44.9134,-115.6279,21.0,108.0,262.0,300.0,1.8,-0.01,2.0,4697.0,2.772,,-5.0,10.0,-5.0,3.0,3.3,-2.0,5048696
44.8852,-115.5815,20.0,116.0,157.0,,4.5,-0.01,3.0,5299.0,2.124,,-5.0,10.0,-5.0,8.0,6.1,-2.0,5048697
44.8527,-115.5738,13.0,54.0,43.0,1000.0,4.3,-0.01,3.0,2577.0,1.8093,,-5.0,15.0,-5.0,4.0,4.0,-2.0,5048698
44.8306,-115.5771,7.0,-8.0,29.0,,19.3,-0.01,,-384.0,1.3347,,5.0,20.0,-5.0,,3.0,-2.0,5048699
44.8274,-115.5448,21.0,144.0,55.0,400.0,2.7,-0.01,1.0,1919.0,1.6193,,5.0,10.0,-5.0,6.0,4.1,-2.0,5048700
44.9044,-115.5391,10.0,67.0,38.0,900.0,3.6,-0.01,1.0,3043.0,2.0793,,-5.0,10.0,-5.0,10.0,4.4,-2.0,5048701
44.9258,-115.5624,27.0,150.0,66.0,800.0,2.8,-0.01,1.0,4424.0,3.1793,,-5.0,15.0,-5.0,7.0,5.1,-2.0,5048702
44.9272,-115.5133,9.0,87.0,75.0,700.0,2.0,-0.01,4.0,5119.0,2.804,,-5.0,20.0,-5.0,6.0,6.7,-2.0,5048703
44.8199,-115.3506,,,,1600.0,4.7,-0.01,3.0,,,,-5.0,15.0,-5.0,-1.0,-0.8,-2.0,5048709
44.8344,-115.3771,8.0,70.0,44.0,1900.0,3.0,-0.01,3.0,-604.0,6.6933,,10.0,25.0,-5.0,9.0,8.5,-2.0,5048710
44.8471,-115.3212,16.0,140.0,98.0,1600.0,12.7,-0.01,11.0,4632.0,2.304,,10.0,20.0,-5.0,16.0,4.0,-2.0,5048711
44.821,-115.3149,18.0,91.0,67.0,1200.0,16.7,-0.01,13.0,7153.0,2.306,,-5.0,30.0,-5.0,11.0,7.6,-2.0,5048712
44.8437,-115.2719,25.0,139.0,95.0,1500.0,16.1,-0.01,8.0,4244.0,5.6227,,-5.0,30.0,-5.0,9.0,3.5,-2.0,5048713
44.8085,-115.2754,11.0,71.0,25.0,1300.0,2.6,-0.01,3.0,-867.0,3.112,,-5.0,30.0,-5.0,5.0,8.9,-2.0,5048714
44.9614,-115.469,16.0,118.0,56.0,700.0,15.6,0.214,16.0,4562.0,3.008,,25.0,30.0,-5.0,4.0,4.8,-2.0,5048717
44.9589,-115.4259,19.0,94.0,66.0,700.0,10.0,-0.01,6.0,3417.0,1.934,,25.0,15.0,-5.0,8.0,3.7,-2.0,5048718
44.9851,-115.4127,15.0,28.0,39.0,1000.0,9.8,-0.01,8.0,4335.0,2.6973,,-5.0,55.0,-5.0,6.0,5.7,-2.0,5048719
44.9604,-115.3866,24.0,200.0,113.0,600.0,8.4,-0.01,12.0,5211.0,5.5733,,-5.0,60.0,5.0,13.0,11.5,25.0,5048720
44.9509,-115.3488,17.0,106.0,60.0,1600.0,4.6,-0.01,14.0,5362.0,4.5993,,-5.0,40.0,-5.0,7.0,9.8,-2.0,5048721
44.9485,-115.2987,12.0,65.0,42.0,400.0,3.9,-0.01,16.0,2831.0,2.172,,5.0,25.0,5.0,13.0,3.2,-2.0,5048722
44.9221,-115.2878,15.0,77.0,30.0,300.0,2.6,-0.01,16.0,5427.0,3.154,,-5.0,35.0,-5.0,7.0,4.9,-2.0,5048723
44.9303,-115.3356,30.0,208.0,99.0,600.0,7.4,0.698,19.0,5375.0,3.1233,,25.0,20.0,5.0,13.0,6.1,-2.0,5048724
44.8996,-115.334,12.0,89.0,67.0,800.0,6.1,0.644,20.0,2243.0,1.1047,,5.0,10.0,5.0,6.0,2.9,75.0,5048725
44.8981,-115.408,19.0,152.0,55.0,1000.0,5.9,0.047,6.0,-525.0,4.0873,,25.0,40.0,-5.0,5.0,10.9,-2.0,5048726
44.892,-115.4594,33.0,-13.0,97.0,1000.0,6.1,-0.01,2.0,5569.0,3.07,,15.0,30.0,-5.0,7.0,5.5,-2.0,5048727
44.909,-115.4858,11.0,42.0,33.0,600.0,5.4,-0.01,15.0,3465.0,3.11,,5.0,20.0,-5.0,8.0,8.5,-2.0,5048728
44.9296,-115.4803,14.0,99.0,42.0,500.0,9.8,0.226,18.0,2186.0,2.3847,,-5.0,10.0,-5.0,4.0,3.2,-2.0,5048729
44.9558,-115.4967,7.0,106.0,31.0,1100.0,2.5,-0.01,12.0,-573.0,2.5747,,15.0,15.0,-5.0,3.0,1.7,-2.0,5048730
44.8696,-115.2749,14.0,35.0,42.0,1100.0,3.4,-0.01,5.0,6617.0,3.9593,,-5.0,20.0,-5.0,7.0,7.8,-2.0,5048731
44.9064,-115.2694,9.0,46.0,35.0,1300.0,3.3,-0.01,19.0,3611.0,6.6733,,-5.0,40.0,-5.0,12.0,9.0,15.0,5048732
44.9805,-115.2784,19.0,127.0,98.0,1100.0,3.3,-0.01,6.0,,2.9987,,-5.0,25.0,-5.0,6.0,8.3,-2.0,5048733
44.9869,-115.3478,4.0,6.0,,900.0,8.4,0.149,5.0,4810.0,-0.0334,,-5.0,45.0,-5.0,9.0,7.4,7.0,5048734
44.9817,-115.3089,12.0,76.0,31.0,700.0,3.2,-0.01,1.0,,3.8747,,-5.0,30.0,-5.0,6.0,8.6,-2.0,5048735
44.9267,-115.4021,22.0,182.0,95.0,1200.0,4.1,-0.01,2.0,4962.0,3.916,,-5.0,15.0,5.0,13.0,7.0,-2.0,5048736
44.8726,-115.3954,18.0,98.0,45.0,1400.0,3.4,-0.01,7.0,,4.1113,,-5.0,40.0,-5.0,11.0,9.9,-2.0,5048737
44.85,-115.426,36.0,218.0,149.0,1700.0,10.2,-0.01,2.0,5937.0,2.0847,,-5.0,35.0,5.0,12.0,4.9,-2.0,5048738
44.8172,-115.4243,18.0,117.0,78.0,800.0,4.5,-0.01,8.0,5477.0,3.6433,,-5.0,35.0,-5.0,6.0,4.2,-2.0,5048739
44.8349,-115.4669,33.0,195.0,115.0,800.0,7.6,-0.01,,4751.0,2.8667,,-5.0,25.0,-5.0,7.0,7.5,-2.0,5048744
44.9173,-115.4455,26.0,140.0,-10.0,300.0,6.1,-0.01,5.0,4378.0,3.232,,5.0,15.0,-5.0,1.0,6.8,-2.0,5048745
44.9345,-115.4316,10.0,72.0,-8.0,200.0,2.3,-0.01,2.0,4769.0,4.2887,,-5.0,100.0,-5.0,8.0,14.6,-2.0,5048746
44.8039,-115.0622,12.0,77.0,19.0,1200.0,2.4,-0.01,3.0,4192.0,2.6887,,-5.0,15.0,-5.0,4.0,4.6,-2.0,5048749
44.8318,-115.0605,18.0,111.0,48.0,600.0,5.3,-0.01,1.0,2682.0,3.068,,-5.0,5.0,-5.0,9.0,6.3,-2.0,5048750
44.847,-115.0157,22.0,169.0,65.0,200.0,4.9,-0.01,1.0,4050.0,2.8447,,-5.0,5.0,-5.0,10.0,3.6,-2.0,5048751
44.856,-115.039,32.0,183.0,176.0,200.0,6.6,-0.01,1.0,-572.0,3.5087,,-5.0,5.0,5.0,44.0,4.3,-2.0,5048752
44.8764,-115.0546,17.0,166.0,-9.0,200.0,26.9,-0.01,1.0,4550.0,2.4913,,-5.0,10.0,-5.0,11.0,7.1,-2.0,5048753
44.8977,-115.0627,24.0,231.0,-7.0,600.0,7.9,-0.01,1.0,4951.0,2.5493,,-5.0,10.0,-5.0,22.0,5.4,-2.0,5048754
44.9283,-115.0087,22.0,53.0,,200.0,4.0,-0.01,1.0,3647.0,2.4253,,-5.0,15.0,-5.0,4.0,4.6,-2.0,5048755
44.9513,-115.0275,16.0,113.0,-6.0,200.0,3.1,-0.01,,4603.0,3.0109,,-5.0,15.0,-5.0,7.0,4.0,-2.0,5048756
44.9867,-115.0177,30.0,283.0,316.0,200.0,4.8,-0.01,,4087.0,2.1433,,-5.0,5.0,-5.0,28.0,3.1,-2.0,5048757
44.9798,-115.1,14.0,118.0,-17.0,400.0,2.9,0.169,4.0,3735.0,3.016,,-5.0,20.0,5.0,8.0,7.0,-2.0,5048758
44.9578,-115.0972,8.0,-10.0,-10.0,800.0,2.7,-0.01,2.0,-570.0,4.108,,-5.0,40.0,-5.0,6.0,4.1,-2.0,5048759
44.9655,-115.064,17.0,95.0,26.0,400.0,3.9,-0.01,1.0,,1.5447,,-5.0,10.0,-5.0,8.0,2.9,-2.0,5048760
44.9234,-115.0957,40.0,399.0,437.0,400.0,8.5,0.985,8.0,8360.0,3.008,,-5.0,10.0,-5.0,47.0,5.2,-2.0,5048761
44.927,-115.0622,15.0,119.0,44.0,500.0,3.0,-0.01,3.0,4061.0,3.4827,,-5.0,10.0,-5.0,11.0,7.3,-2.0,5048762
44.8715,-115.1059,24.0,199.0,89.0,300.0,6.9,-0.01,4.0,-524.0,2.922,,-5.0,10.0,-5.0,29.0,5.6,-2.0,5048763
44.8947,-115.0984,19.0,-10.0,49.0,300.0,4.3,-0.01,4.0,2089.0,2.4373,,-5.0,10.0,-5.0,,3.8,-2.0,5048766
44.9628,-115.1297,13.0,78.0,43.0,500.0,3.2,-0.01,15.0,5312.0,3.232,,-5.0,30.0,-5.0,11.0,6.1,-2.0,5048767
44.9659,-115.1702,19.0,101.0,52.0,300.0,5.9,-0.01,12.0,2585.0,1.956,,-5.0,10.0,-5.0,12.0,5.6,-2.0,5048768
44.991,-115.1553,23.0,138.0,81.0,300.0,7.2,0.293,11.0,5239.0,2.104,,-5.0,15.0,-5.0,38.0,3.5,-2.0,5048769
44.9884,-115.2097,26.0,50.0,-43.0,200.0,5.2,-0.01,2.0,2669.0,1.8307,,-5.0,10.0,-5.0,14.0,7.3,-2.0,5048770
44.9811,-115.2372,17.0,122.0,91.0,600.0,6.9,-0.01,3.0,4047.0,2.7527,,-5.0,20.0,-5.0,7.0,3.7,-2.0,5048771
44.9632,-115.2198,13.0,127.0,93.0,1000.0,5.0,-0.01,3.0,2501.0,2.778,,-5.0,15.0,-5.0,6.0,8.3,-2.0,5048772
44.9462,-115.1909,15.0,115.0,70.0,700.0,8.1,-0.01,2.0,3343.0,2.754,,-5.0,20.0,5.0,5.0,3.8,-2.0,5048773
44.9266,-115.1694,13.0,81.0,40.0,300.0,3.1,-0.01,2.0,6129.0,3.1753,,15.0,20.0,5.0,1.0,8.1,-2.0,5048774
44.9182,-115.2256,21.0,123.0,61.0,700.0,7.9,-0.01,12.0,4385.0,2.5133,,-5.0,10.0,-5.0,11.0,7.2,-2.0,5048775
44.899,-115.2249,-2.0,162.0,-14.0,500.0,5.4,-0.01,3.0,3385.0,-0.1433,,-5.0,5.0,-5.0,,-0.2,-2.0,5048776
44.8801,-115.207,12.0,165.0,-10.0,200.0,10.6,-0.01,2.0,2854.0,2.0193,,5.0,20.0,-5.0,8.0,6.9,-2.0,5048777
44.9041,-115.1641,15.0,105.0,-6.0,300.0,5.7,-0.01,1.0,2502.0,2.4887,,10.0,15.0,-5.0,8.0,4.4,-2.0,5048778
44.9079,-115.1253,-3.0,-42.0,,100.0,4.5,-0.01,1.0,3109.0,-0.3958,,-5.0,5.0,-5.0,6.0,1.5,-2.0,5048779
44.8198,-115.0932,10.0,50.0,-5.0,800.0,1.5,-0.01,,1658.0,1.4891,,-5.0,5.0,-5.0,3.0,1.5,-2.0,5048781
44.8513,-115.1503,15.0,131.0,-19.0,700.0,10.9,-0.01,3.0,2948.0,2.5613,,-5.0,15.0,-5.0,7.0,1.7,-2.0,5048782
44.8738,-115.1862,15.0,123.0,-5.0,700.0,2.5,-0.01,1.0,4556.0,4.0053,,15.0,15.0,5.0,3.0,7.7,-2.0,5048783
44.8569,-115.2175,-2.0,195.0,-16.0,400.0,4.0,-0.01,1.0,-675.0,-0.1645,,-5.0,25.0,-5.0,-1.0,-0.4,-2.0,5048784
44.8302,-115.2214,22.0,149.0,-6.0,1300.0,7.8,-0.01,5.0,4577.0,2.706,,-5.0,20.0,-5.0,11.0,5.3,-2.0,5048785
44.8166,-115.2439,12.0,55.0,-13.0,400.0,3.2,-0.01,2.0,2277.0,2.2187,,5.0,15.0,5.0,9.0,5.7,-2.0,5048786
44.8234,-115.1774,9.0,78.0,79.0,500.0,2.7,-0.01,3.0,3447.0,3.2533,,-5.0,15.0,-5.0,2.0,9.6,-2.0,5048790
44.8111,-114.806,,,,500.0,5.4,-0.01,1.0,3781.0,,,-5.0,10.0,-5.0,,-0.4,-2.0,5048792
44.836,-114.7877,,,,1200.0,4.3,-0.01,1.0,3081.0,,,-5.0,15.0,5.0,11.0,4.5,-2.0,5048793
44.873,-114.7638,,,,1100.0,17.4,-0.01,1.0,7907.0,,,-5.0,30.0,-5.0,,-0.5,-2.0,5048794
44.8,-114.8362,,,,1400.0,32.0,-0.01,2.0,3690.0,,,-5.0,15.0,-5.0,,,-2.0,5048796
44.8085,-114.8563,173.0,-15.0,215.0,700.0,19.3,-0.01,1.0,3107.0,3.6807,,-5.0,10.0,-5.0,29.0,4.1,-2.0,5048797
44.8692,-114.8073,8.0,83.0,27.0,1600.0,2.6,-0.01,,2558.0,1.8167,,-5.0,15.0,-5.0,8.0,5.8,-2.0,5048803
44.8933,-114.8144,10.0,81.0,37.0,600.0,8.1,-0.01,,5250.0,2.9873,,-5.0,35.0,-5.0,7.0,8.9,-2.0,5048804
44.9103,-114.7761,11.0,101.0,20.0,800.0,3.5,-0.01,1.0,3983.0,3.6265,,-5.0,40.0,5.0,4.0,5.8,-2.0,5048805
44.923,-114.7588,9.0,74.0,31.0,700.0,2.6,-0.01,,3016.0,3.204,,-5.0,40.0,5.0,6.0,5.5,-2.0,5048806
44.9435,-114.7653,32.0,129.0,50.0,400.0,6.4,-0.01,,4484.0,2.9087,,-5.0,15.0,-5.0,12.0,6.7,-2.0,5048807
44.9951,-114.774,39.0,145.0,69.0,1100.0,6.6,-0.01,1.0,7540.0,5.3673,,-5.0,15.0,-5.0,15.0,10.4,-2.0,5048808
44.9724,-114.7547,38.0,188.0,69.0,900.0,6.0,-0.01,1.0,5719.0,5.528,,-5.0,25.0,-5.0,15.0,8.3,-2.0,5048809
44.9616,-114.8039,114.0,366.0,203.0,600.0,31.8,-0.01,,5449.0,3.874,,-5.0,20.0,-5.0,118.0,4.6,-2.0,5048810
44.9982,-114.8095,27.0,136.0,65.0,500.0,7.3,-0.01,1.0,6483.0,3.7073,,-5.0,25.0,-5.0,13.0,6.7,-2.0,5048811
44.9718,-114.8345,46.0,142.0,66.0,700.0,6.7,-0.01,,-685.0,4.4733,,-5.0,15.0,-5.0,20.0,10.6,-2.0,5048812
44.9855,-114.8883,15.0,113.0,23.0,600.0,18.0,-0.01,1.0,3404.0,3.5221,,-5.0,30.0,-5.0,4.0,5.3,-2.0,5048813
44.9775,-114.912,16.0,80.0,34.0,600.0,3.4,-0.01,2.0,4579.0,3.656,,-5.0,30.0,-5.0,8.0,9.6,-2.0,5048814
44.957,-114.9344,28.0,111.0,62.0,400.0,7.1,-0.01,2.0,4279.0,2.7627,,5.0,20.0,-5.0,12.0,4.4,-2.0,5048815
44.8725,-114.9435,23.0,194.0,78.0,,3.3,-0.01,1.0,-653.0,3.1413,,-5.0,15.0,5.0,12.0,8.1,-2.0,5048816
44.8534,-114.9278,16.0,105.0,49.0,,5.4,-0.01,2.0,3182.0,3.3627,,-5.0,30.0,-5.0,9.0,4.5,-2.0,5048817
44.8366,-114.9105,9.0,83.0,32.0,600.0,3.0,-0.01,2.0,5789.0,2.368,,-5.0,15.0,-5.0,6.0,3.6,-2.0,5048818
44.8459,-114.8189,23.0,64.0,44.0,600.0,4.1,-0.01,,4675.0,2.2033,,-5.0,15.0,5.0,8.0,7.0,-2.0,5048819
44.8501,-114.8527,21.0,-10.0,86.0,300.0,22.4,-0.01,,2793.0,1.8493,,-5.0,10.0,-5.0,-1.0,5.4,-2.0,5048820
44.8842,-114.9238,10.0,81.0,35.0,200.0,3.0,-0.01,1.0,4394.0,2.5367,,-5.0,15.0,5.0,7.0,6.7,-2.0,5048821
44.8998,-114.8926,14.0,110.0,61.0,700.0,3.3,-0.01,1.0,4607.0,2.9653,,-5.0,15.0,-5.0,7.0,6.5,-2.0,5048822
44.8824,-114.8354,22.0,206.0,121.0,400.0,5.4,-0.01,2.0,7300.0,2.412,,-5.0,15.0,5.0,11.0,9.2,-2.0,5048823
44.9316,-114.8917,24.0,114.0,87.0,300.0,12.2,-0.01,1.0,2791.0,1.7667,,-5.0,15.0,-5.0,10.0,7.5,-2.0,5048824
44.9434,-114.8553,12.0,64.0,33.0,800.0,2.6,-0.01,2.0,4088.0,2.7427,,-5.0,25.0,-5.0,4.0,1.3,-2.0,5048825
44.9891,-114.9885,31.0,236.0,128.0,400.0,9.8,0.281,1.0,5788.0,2.2347,,10.0,20.0,-5.0,36.0,5.3,-2.0,5048826
44.951,-114.9873,17.0,122.0,61.0,100.0,4.8,-0.01,,-661.0,1.9753,,-5.0,10.0,-5.0,9.0,6.7,-2.0,5048827
44.8129,-114.9244,14.0,87.0,35.0,200.0,3.5,-0.01,1.0,4131.0,3.142,,5.0,20.0,-5.0,5.0,4.2,-2.0,5048828
44.8096,-114.9796,31.0,224.0,116.0,400.0,7.7,-0.01,2.0,6151.0,2.928,,5.0,10.0,-5.0,46.0,5.3,-2.0,5048829
44.8294,-114.5005,27.0,142.0,62.0,400.0,9.1,-0.01,2.0,2889.0,1.798,,10.0,15.0,-5.0,15.0,5.2,-2.0,5048832
44.8317,-114.617,36.0,248.0,142.0,1000.0,25.3,-0.01,2.0,8393.0,3.3393,,-5.0,35.0,-5.0,10.0,10.6,-2.0,5048835
44.8936,-114.7209,64.0,-15.0,198.0,600.0,14.8,-0.01,,7087.0,4.3107,,5.0,25.0,-5.0,-2.0,9.5,-2.0,5048836
44.9217,-114.733,16.0,72.0,27.0,800.0,3.2,-0.01,3.0,4167.0,2.996,,10.0,20.0,5.0,7.0,8.1,-2.0,5048837
44.9431,-114.7279,30.0,152.0,82.0,900.0,10.8,-0.01,,5643.0,3.4073,,-5.0,20.0,-5.0,16.0,8.0,-2.0,5048838
44.9832,-114.7339,50.0,230.0,61.0,1000.0,7.1,-0.01,1.0,-683.0,5.1061,,-5.0,15.0,5.0,17.0,6.8,-2.0,5048839
44.9509,-114.6914,23.0,102.0,36.0,500.0,4.0,-0.01,1.0,2656.0,2.94,,-5.0,15.0,-5.0,11.0,4.6,-2.0,5048840
44.9399,-114.6171,7.0,42.0,18.0,500.0,2.6,-0.01,3.0,3578.0,2.0673,,-5.0,20.0,-5.0,5.0,1.8,-2.0,5048841
44.9732,-114.5317,32.0,176.0,93.0,1500.0,9.8,-0.01,1.0,7193.0,4.5433,,-5.0,15.0,-5.0,20.0,3.8,-2.0,5048842
44.981,-114.5004,54.0,158.0,81.0,600.0,31.5,-0.01,,5617.0,2.2427,,-5.0,25.0,-5.0,24.0,6.9,-2.0,5048843
44.9379,-114.5196,18.0,98.0,50.0,400.0,5.1,-0.01,1.0,2766.0,2.314,,-5.0,15.0,-5.0,11.0,6.3,-2.0,5048844
44.8557,-114.5359,23.0,115.0,55.0,300.0,7.1,-0.01,2.0,3017.0,1.9067,,-5.0,15.0,-5.0,16.0,5.3,-2.0,5048845
44.8978,-114.603,21.0,116.0,61.0,1200.0,5.5,-0.01,1.0,7640.0,4.8787,,-5.0,20.0,10.0,13.0,7.9,-2.0,5048846
44.8843,-114.6126,23.0,149.0,65.0,1100.0,4.9,-0.01,,6356.0,5.804,,-5.0,15.0,-5.0,12.0,8.1,-2.0,5048847
44.9131,-114.583,26.0,176.0,37.0,1400.0,7.3,-0.01,,9573.0,6.5808,,-5.0,20.0,-5.0,13.0,8.7,-2.0,5048848
44.8446,-114.512,19.0,100.0,57.0,300.0,6.8,-0.01,,1835.0,1.958,,-5.0,15.0,-5.0,6.0,2.7,-2.0,5048849
44.9963,-114.0817,10.0,27.0,20.0,600.0,2.2,-0.01,7.0,3659.0,3.798,,-5.0,35.0,5.0,4.0,12.9,-2.0,5048923
44.8,-114.67,13.0,66.0,38.0,900.0,3.5,-0.01,2.0,5370.0,3.1987,,10.0,30.0,-5.0,9.0,6.3,-2.0,5048854
44.9321,-114.5844,27.0,103.0,46.0,400.0,6.1,-0.01,,6125.0,3.648,,-5.0,15.0,-5.0,16.0,10.7,-2.0,5048855
44.8156,-114.5372,10.0,99.0,17.0,400.0,2.8,-0.01,1.0,3764.0,2.5907,,15.0,15.0,-5.0,4.0,5.3,-2.0,5048856
44.8048,-114.7163,5.0,34.0,24.0,400.0,8.6,-0.01,,689.0,0.6461,,-5.0,15.0,-5.0,,2.3,-2.0,5048860
44.8399,-114.7443,27.0,239.0,178.0,300.0,4.0,-0.01,2.0,6035.0,4.35,,-5.0,35.0,-5.0,11.0,13.8,-2.0,5048861
44.8495,-114.7075,21.0,113.0,64.0,600.0,4.4,-0.01,1.0,4667.0,4.198,,-5.0,20.0,-5.0,14.0,9.1,-2.0,5048862
44.8497,-114.6741,18.0,63.0,48.0,100.0,5.1,-0.01,,-695.0,2.6387,,10.0,15.0,5.0,12.0,7.2,-2.0,5048863
44.8266,-114.6747,13.0,101.0,27.0,800.0,30.9,-0.01,2.0,5991.0,4.5671,,-5.0,55.0,5.0,4.0,5.1,-2.0,5048864
44.9117,-114.6672,8.0,80.0,27.0,600.0,2.6,-0.01,1.0,-671.0,3.3693,,15.0,30.0,-5.0,6.0,4.2,-2.0,5048865
44.8054,-114.2545,6.0,61.0,28.0,500.0,2.2,-0.01,3.0,-493.0,3.8607,,-5.0,35.0,-5.0,5.0,11.3,-2.0,5048869
44.8153,-114.2653,11.0,68.0,26.0,400.0,3.6,-0.01,4.0,2701.0,2.9753,,10.0,15.0,-5.0,6.0,7.5,-2.0,5048870
44.8425,-114.2706,6.0,69.0,32.0,300.0,2.7,-0.01,1.0,3659.0,2.512,,-5.0,35.0,-5.0,6.0,4.4,-2.0,5048871
44.8986,-114.2763,9.0,59.0,28.0,100.0,3.4,-0.01,,2268.0,1.4007,,-5.0,15.0,-5.0,4.0,6.2,-2.0,5048872
44.9369,-114.2849,19.0,108.0,54.0,200.0,5.8,-0.01,1.0,5131.0,2.9967,,-5.0,30.0,-5.0,5.0,11.8,-2.0,5048873
44.9573,-114.2896,7.0,66.0,33.0,100.0,18.0,-0.01,4.0,2013.0,2.244,,-5.0,30.0,-5.0,5.0,6.7,-2.0,5048874
44.9702,-114.3162,11.0,74.0,15.0,800.0,3.1,-0.01,,2432.0,2.2549,,-5.0,20.0,-5.0,4.0,4.2,-2.0,5048875
44.9982,-114.2636,12.0,101.0,40.0,400.0,2.6,-0.01,,4949.0,3.3473,,-5.0,35.0,-5.0,4.0,5.4,-2.0,5048876
44.9956,-114.3205,13.0,70.0,28.0,500.0,3.5,-0.01,1.0,4336.0,3.2647,,-5.0,25.0,-5.0,7.0,10.0,-2.0,5048877
44.9406,-114.302,5.0,34.0,18.0,100.0,3.8,-0.01,3.0,2278.0,1.7847,,5.0,20.0,-5.0,21.0,5.3,-2.0,5048878
44.9025,-114.3059,15.0,90.0,29.0,300.0,4.6,-0.01,5.0,2855.0,2.8107,,-5.0,20.0,-5.0,9.0,10.9,-2.0,5048879
44.8917,-114.2997,9.0,52.0,25.0,300.0,2.5,-0.01,3.0,4357.0,2.254,,-5.0,20.0,-5.0,6.0,4.7,-2.0,5048880
44.8418,-114.2986,8.0,62.0,27.0,600.0,6.0,-0.01,5.0,3561.0,2.212,,-5.0,20.0,-5.0,5.0,7.3,-2.0,5048881
44.8165,-114.298,10.0,42.0,28.0,600.0,3.0,-0.01,4.0,2997.0,2.6787,,-5.0,20.0,-5.0,10.0,7.7,-2.0,5048882
44.8185,-114.3441,12.0,71.0,35.0,1000.0,4.2,-0.01,3.0,3451.0,2.632,,-5.0,20.0,-5.0,,4.0,-2.0,5048887
44.851,-114.3415,13.0,93.0,38.0,300.0,3.4,-0.01,7.0,5790.0,2.9667,,-5.0,25.0,5.0,5.0,6.1,-2.0,5048888
44.8848,-114.3368,14.0,76.0,39.0,800.0,3.7,0.165,5.0,3621.0,2.3867,,25.0,10.0,-5.0,9.0,6.8,-2.0,5048889
44.9189,-114.3608,24.0,93.0,54.0,300.0,6.8,-0.01,3.0,2479.0,1.432,,-5.0,15.0,-5.0,16.0,7.6,-2.0,5048890
44.9401,-114.3413,17.0,83.0,24.0,500.0,8.9,-0.01,3.0,3767.0,2.3773,,-5.0,30.0,-5.0,,3.6,-2.0,5048891
44.9623,-114.3544,18.0,130.0,53.0,600.0,6.0,-0.01,2.0,5928.0,2.882,,-5.0,20.0,-5.0,5.0,3.5,-2.0,5048892
44.9906,-114.339,14.0,89.0,46.0,800.0,7.1,-0.01,3.0,7053.0,2.5847,,-5.0,35.0,-5.0,22.0,9.1,-2.0,5048893
44.9995,-114.3853,,,,900.0,11.0,-0.01,5.0,4588.0,,,-5.0,40.0,-5.0,,,-2.0,5048894
44.928,-114.3856,18.0,122.0,52.0,300.0,3.8,-0.01,,3921.0,2.594,,-5.0,5.0,-5.0,6.0,7.1,-2.0,5048895
44.9001,-114.3944,26.0,131.0,81.0,300.0,9.5,-0.01,1.0,5379.0,1.2853,,-5.0,10.0,-5.0,22.0,5.9,-2.0,5048896
44.8779,-114.4063,11.0,60.0,40.0,300.0,4.2,-0.01,1.0,2101.0,1.7447,,-5.0,10.0,-5.0,7.0,4.8,-2.0,5048897
44.8171,-114.4899,17.0,105.0,47.0,300.0,12.3,-0.01,,1816.0,1.9727,,-5.0,5.0,-5.0,7.0,5.9,-2.0,5048901
44.8553,-114.4606,4.0,47.0,40.0,1300.0,2.0,-0.01,,2075.0,1.4073,,-5.0,25.0,-5.0,3.0,2.0,-2.0,5048902
44.8845,-114.453,13.0,57.0,27.0,500.0,2.7,-0.01,3.0,-566.0,2.2973,,-5.0,15.0,-5.0,6.0,7.2,-2.0,5048903
44.9638,-114.4866,11.0,102.0,48.0,,21.6,-0.01,2.0,2142.0,2.854,,-5.0,5.0,-5.0,6.0,7.6,-2.0,5048905
44.9964,-114.4785,8.0,65.0,27.0,100.0,7.0,-0.01,,5151.0,2.2853,,-5.0,20.0,-5.0,10.0,3.4,-2.0,5048906
44.9969,-114.4239,9.0,40.0,24.0,500.0,2.9,-0.01,1.0,-792.0,3.0267,,10.0,25.0,-5.0,1.0,8.7,-2.0,5048907
44.9379,-114.4538,8.0,53.0,22.0,1100.0,2.4,-0.01,2.0,6411.0,3.1193,,-5.0,7.0,-5.0,3.0,3.6,-2.0,5048908
44.8457,-114.4417,16.0,90.0,49.0,1000.0,11.7,-0.01,1.0,1593.0,1.888,,-5.0,5.0,-5.0,5.0,6.9,-2.0,5048909
44.8586,-114.3962,19.0,146.0,35.0,300.0,4.9,0.09,4.0,2077.0,2.5763,,-5.0,5.0,-5.0,6.0,3.5,-2.0,5048910
44.8158,-114.4339,14.0,80.0,54.0,500.0,6.8,-0.01,1.0,3305.0,2.8387,,-5.0,20.0,-5.0,8.0,3.4,-2.0,5048911
44.9055,-114.0091,7.0,65.0,28.0,300.0,1.5,-0.01,1.0,8227.0,6.4653,,-5.0,170.0,-5.0,2.0,9.8,-2.0,5048912
44.9034,-114.0646,9.0,74.0,34.0,1000.0,2.3,-0.01,,4185.0,5.7287,,-5.0,205.0,-5.0,6.0,19.4,-2.0,5048913
44.8816,-114.0911,6.0,44.0,26.0,300.0,3.6,-0.01,1.0,4016.0,2.804,,-5.0,30.0,-5.0,7.0,4.6,-2.0,5048914
44.9025,-114.114,9.0,66.0,31.0,900.0,7.5,-0.01,3.0,5625.0,3.5847,,-5.0,70.0,-5.0,8.0,9.9,-2.0,5048915
44.9303,-114.1362,10.0,36.0,19.0,200.0,2.5,-0.01,2.0,4929.0,2.1713,,10.0,20.0,-5.0,7.0,6.3,-2.0,5048916
44.9276,-114.1124,7.0,39.0,30.0,300.0,2.4,0.061,1.0,4852.0,3.3007,,-5.0,20.0,-5.0,5.0,7.7,-2.0,5048917
44.9567,-114.1155,21.0,178.0,35.0,400.0,6.3,-0.01,3.0,3649.0,4.41,,-5.0,10.0,-5.0,6.0,5.8,-2.0,5048918
44.9785,-114.107,9.0,48.0,19.0,200.0,2.8,-0.01,3.0,2708.0,3.0473,,-5.0,15.0,5.0,7.0,4.7,-2.0,5048919
44.9334,-114.0012,14.0,74.0,28.0,500.0,2.6,-0.01,3.0,-311.0,4.3053,,-5.0,50.0,5.0,6.0,13.8,-2.0,5048920
44.9476,-114.0191,11.0,86.0,29.0,1700.0,2.5,-0.01,2.0,7093.0,5.2607,,-5.0,90.0,5.0,4.0,16.2,-2.0,5048921
44.9987,-114.0156,8.0,59.0,22.0,900.0,1.9,-0.01,4.0,5376.0,3.398,,-5.0,20.0,5.0,6.0,14.2,-2.0,5048922
44.9648,-114.0786,11.0,76.0,36.0,400.0,4.2,-0.01,4.0,6707.0,3.552,,15.0,25.0,10.0,16.0,10.1,2.0,5048924
44.9915,-114.1486,9.0,51.0,27.0,300.0,3.0,-0.01,6.0,6095.0,2.3333,,-5.0,20.0,5.0,8.0,8.1,2.0,5048925
44.9721,-114.1759,6.0,78.0,22.0,700.0,2.9,-0.01,5.0,3486.0,2.6673,,5.0,20.0,5.0,6.0,7.0,2.0,5048926
44.9213,-114.0701,13.0,69.0,27.0,500.0,3.3,-0.01,4.0,2731.0,3.08,,-5.0,20.0,10.0,5.0,4.9,-2.0,5048927
44.9485,-114.144,12.0,65.0,17.0,500.0,3.1,-0.01,3.0,6707.0,2.8319,,-5.0,25.0,10.0,4.0,4.3,-2.0,5048928
44.9714,-114.2112,6.0,75.0,23.0,900.0,3.1,0.053,6.0,5351.0,3.5313,,-5.0,25.0,10.0,8.0,5.3,-2.0,5048929
44.9688,-114.244,12.0,46.0,32.0,800.0,3.5,-0.01,4.0,4409.0,2.5293,,-5.0,15.0,10.0,2.0,8.1,-2.0,5048930
44.9469,-114.1995,8.0,46.0,24.0,700.0,2.8,-0.01,8.0,2853.0,2.6767,,5.0,20.0,10.0,5.0,7.3,-2.0,5048931
44.9273,-114.1894,11.0,56.0,23.0,500.0,2.8,-0.01,4.0,-684.0,2.9353,,10.0,15.0,10.0,7.0,9.5,-2.0,5048932
44.9051,-114.1942,6.0,35.0,19.0,500.0,2.7,-0.01,4.0,4533.0,2.1427,,10.0,15.0,5.0,6.0,6.2,-2.0,5048933
44.8533,-114.2325,10.0,79.0,21.0,400.0,3.2,-0.01,8.0,3521.0,2.6593,,-5.0,5.0,5.0,11.0,3.1,-2.0,5048938
44.8183,-114.1097,8.0,88.0,25.0,700.0,4.3,-0.01,,3989.0,3.7273,,10.0,210.0,5.0,5.0,11.4,-2.0,5048939
44.8134,-114.1405,12.0,51.0,28.0,500.0,2.4,-0.01,,4177.0,2.3227,,5.0,5.0,5.0,4.0,7.4,-2.0,5048940
44.8227,-114.0661,10.0,61.0,28.0,300.0,2.5,-0.01,3.0,3509.0,3.896,,10.0,100.0,5.0,7.0,10.7,-2.0,5048941
44.8355,-114.1322,11.0,91.0,35.0,100.0,5.6,-0.01,,-804.0,3.5673,,10.0,50.0,5.0,14.0,12.8,-2.0,5048942
44.8635,-114.1284,7.0,-15.0,20.0,,2.9,-0.01,,5711.0,2.354,,,,,4.0,4.2,,5048943
44.8512,-114.1093,9.0,90.0,27.0,500.0,2.3,-0.01,2.0,-674.0,5.464,,-5.0,325.0,10.0,9.0,14.0,-2.0,5048944
44.8023,-114.0637,10.0,78.0,30.0,400.0,3.3,-0.01,3.0,4316.0,3.566,,15.0,50.0,15.0,11.0,9.1,-2.0,5048945
44.9528,-116.1015,27.0,157.0,-5.0,,4.2,-0.01,,6276.0,3.8713,,,,,17.0,9.9,,5182503
44.9818,-116.0553,7.0,53.0,31.0,,3.2,-0.01,,2631.0,1.4187,,,,,23.0,8.9,,5182504
44.9228,-116.184,2.0,22.0,17.0,,2.5,-0.01,,5992.0,2.7873,,,,,3.0,22.5,,5182495
44.9276,-116.1389,13.0,64.0,32.0,,2.7,-0.01,,4730.0,3.076,,,,,14.0,15.3,,5182496
44.9617,-116.167,5.0,71.0,34.0,,1.6,-0.01,,5071.0,3.636,,,,,8.0,11.7,,5182497
44.988,-116.1649,8.0,73.0,47.0,,3.2,-0.01,,5265.0,2.5427,,,,,43.0,10.9,,5182498
44.9902,-116.1891,6.0,95.0,39.0,,2.7,-0.01,,6927.0,3.9893,,,,,15.0,17.8,,5182502
44.9506,-116.0459,18.0,120.0,78.0,,10.6,0.318,,13507.0,5.492,,,,,96.0,11.2,,5182505
44.9293,-116.0242,42.0,146.0,-5.0,,14.3,-0.01,,5187.0,2.752,,,,,80.0,4.6,,5182506
44.8875,-116.1474,8.0,46.0,22.0,,2.3,-0.01,,1441.0,1.5953,,,,,5.0,5.4,,5182507
44.8434,-116.1798,9.0,93.0,-5.0,,2.6,-0.01,,10953.0,8.9866,,,,,16.0,28.2,,5182508
44.8234,-116.0117,-2.0,,-5.0,,0.3,-0.01,,,,,,,,-2.0,-0.3,,5182512
44.833,-116.0482,-2.0,,-5.0,,2.1,-0.01,,1498.0,,,,,,5.0,9.5,,5182513
44.8447,-116.024,-2.0,,-5.0,,,-0.01,,2266.0,,,,,,22.0,17.6,,5182514
44.8787,-116.0189,12.0,84.0,50.0,,4.7,-0.01,,3581.0,2.724,,,,,32.0,13.1,,5182515
44.8899,-116.0785,9.0,72.0,-5.0,,1.9,-0.01,,6061.0,3.818,,,,,7.0,7.7,,5182516
44.9063,-116.0722,6.0,29.0,21.0,,2.4,-0.01,,2461.0,1.786,,,,,13.0,13.7,,5182517
44.8474,-116.1135,7.0,58.0,26.0,,2.7,0.048,,-200.0,2.8947,,,,,5.0,14.3,,5182518
44.8058,-116.1291,6.0,30.0,22.0,,2.4,-0.01,,1511.0,2.2733,,,,,8.0,11.1,,5182520
44.8189,-116.1058,7.0,26.0,32.0,,2.4,-0.01,,2888.0,0.954,,,,,11.0,9.6,,5182521
44.8042,-116.0653,20.0,66.0,38.0,,3.6,-0.01,,4321.0,3.5127,,,,,9.0,8.5,,5182522
44.9408,-116.1957,3.0,35.0,18.0,,2.1,-0.01,,6252.0,5.2507,,,,,8.0,21.4,,5182523
44.9095,-116.1993,6.0,45.0,25.0,,2.5,-0.01,,3058.0,3.4713,,,,,9.0,18.3,,5182524
44.864,-116.1606,4.0,-10.0,18.0,,2.5,-0.01,,15327.0,7.38,,,,,5.0,18.7,,5182525
44.9813,-116.0752,10.0,89.0,34.0,,2.4,-0.01,,3775.0,3.9487,,,,,10.0,8.5,,5182528
