lat,lon,Th,Ce,La,P,U,Au,As,Ti,Fe,Zr,Y,Cr,Nb,Hf,Sc,W,lab_id
45.9292,-112.5656,,,,,14.6,,,,,,,,,,,,5039208
45.92,-112.5744,,,,,19.4,,,,,,,,,,,,5039209
45.9167,-112.5756,,,,,19.6,,,,,,,,,,,,5039210
45.9111,-112.5722,,,,,54.1,,,,,,,,,,,,5039211
45.9111,-112.5722,,,,,33.1,,,,,,,,,,,,5039212
45.9111,-112.5722,,,,,42.9,,,,,,,,,,,,5039213
45.9108,-112.52,,,,,6.8,,,,,,,,,,,,5039214
45.9108,-112.52,,,,,5.7,,,,,,,,,,,,5039215
45.9108,-112.52,,,,,5.9,,,,,,,,,,,,5039216
45.9108,-112.52,,,,,5.3,,,,,,,,,,,,5039217
45.8819,-112.5306,,,,,15.6,,,,,,,,,,,,5039218
45.8806,-112.5081,,,,,19.4,,,,,,,,,,,,5039219
45.8831,-112.5175,,,,,15.5,,,,,,,,,,,,5039220
46.015,-112.6056,,,,,2.5,,,,,,,,,,,,5039221
46.1792,-112.7083,,,,,8.0,,,,,,,,,,,,5039780
46.1944,-112.7375,,,,,6.2,,,,,,,,,,,,5039781
46.0539,-112.6022,,,,,3.7,,,,,,,,,,,,5039222
46.0694,-112.5964,,,,,3.7,,,,,,,,,,,,5039223
46.0694,-112.5964,,,,,1.7,,,,,,,,,,,,5039224
46.0694,-112.5964,,,,,3.0,,,,,,,,,,,,5039225
46.0761,-112.5722,,,,,4.7,,,,,,,,,,,,5039226
46.0761,-112.5722,,,,,2.4,,,,,,,,,,,,5039227
46.1944,-112.7375,,,,,6.5,,,,,,,,,,,,5039782
46.1944,-112.7375,,,,,7.5,,,,,,,,,,,,5039783
46.0761,-112.5722,,,,,3.6,,,,,,,,,,,,5039228
46.0806,-112.5975,,,,,4.3,,,,,,,,,,,,5039229
46.0917,-112.5839,,,,,3.9,,,,,,,,,,,,5039230
46.0917,-112.5839,,,,,2.1,,,,,,,,,,,,5039231
46.0917,-112.5839,,,,,2.7,,,,,,,,,,,,5039232
46.0917,-112.5839,,,,,3.9,,,,,,,,,,,,5039233
46.2375,-112.5656,,,,,19.9,,,,,,,,,,,,5039784
46.0914,-112.5889,,,,,2.0,,,,,,,,,,,,5039234
46.1033,-112.6194,,,,,3.9,,,,,,,,,,,,5039235
46.1033,-112.6194,,,,,1.8,,,,,,,,,,,,5039236
46.1033,-112.6194,,,,,2.4,,,,,,,,,,,,5039237
46.1278,-112.6042,,,,,60.0,,,,,,,,,,,,5039238
46.1278,-112.6042,,,,,5.7,,,,,,,,,,,,5039239
46.1278,-112.6042,,,,,2.8,,,,,,,,,,,,5039240
46.1278,-112.6042,,,,,4.2,,,,,,,,,,,,5039241
46.2375,-112.5656,,,,,15.7,,,,,,,,,,,,5039785
46.2375,-112.5656,,,,,17.4,,,,,,,,,,,,5039786
46.1342,-112.5925,,,,,4.0,,,,,,,,,,,,5039242
46.1406,-112.5667,,,,,4.4,,,,,,,,,,,,5039243
46.1406,-112.5667,,,,,2.2,,,,,,,,,,,,5039244
46.1406,-112.5667,,,,,2.9,,,,,,,,,,,,5039245
46.1378,-112.5586,,,,,4.9,,,,,,,,,,,,5039246
46.1378,-112.5586,,,,,1.8,,,,,,,,,,,,5039247
46.1378,-112.5586,,,,,2.3,,,,,,,,,,,,5039248
46.1353,-112.5719,,,,,3.6,,,,,,,,,,,,5039249
46.1392,-112.63,,,,,5.1,,,,,,,,,,,,5039250
46.1392,-112.63,,,,,2.7,,,,,,,,,,,,5039251
46.1392,-112.63,,,,,3.4,,,,,,,,,,,,5039252
45.9478,-112.1761,,,,,2.8,,,,,,,,,,,,5041515
45.9736,-112.1789,,,,,3.9,,,,,,,,,,,,5041516
45.8803,-112.1478,,,,,4.5,,,,,,,,,,,,5041517
45.9836,-112.1761,,,,,4.9,,,,,,,,,,,,5041518
46.1519,-112.6411,,,,,2.6,,,,,,,,,,,,5039253
46.2236,-112.525,,,,,9.0,,,,,,,,,,,,5039787
46.2236,-112.525,,,,,4.7,,,,,,,,,,,,5039788
46.2236,-112.525,,,,,6.7,,,,,,,,,,,,5039789
46.1867,-112.5458,,,,,5.5,,,,,,,,,,,,5039790
45.9797,-112.1778,,,,,2.5,,,,,,,,,,,,5041519
46.1581,-112.6411,,,,,7.3,,,,,,,,,,,,5039254
46.1572,-112.6361,,,,,3.3,,,,,,,,,,,,5039255
46.1092,-112.6325,,,,,4.6,,,,,,,,,,,,5039256
46.1867,-112.5458,,,,,2.9,,,,,,,,,,,,5039791
46.1381,-112.6158,,,,,3.2,,,,,,,,,,,,5039257
46.1375,-112.6139,,,,,4.9,,,,,,,,,,,,5039258
46.1375,-112.6139,,,,,3.4,,,,,,,,,,,,5039259
46.1375,-112.6139,,,,,3.8,,,,,,,,,,,,5039260
46.1375,-112.6139,,,,,4.7,,,,,,,,,,,,5039261
46.135,-112.6656,,,,,6.7,,,,,,,,,,,,5039262
46.135,-112.6656,,,,,5.6,,,,,,,,,,,,5039263
46.135,-112.6656,,,,,6.2,,,,,,,,,,,,5039264
46.135,-112.6656,,,,,10.6,,,,,,,,,,,,5039265
46.1289,-112.6664,,,,,18.7,,,,,,,,,,,,5039266
46.1236,-112.6556,,,,,7.9,,,,,,,,,,,,5039267
46.0139,-112.6833,,,,,4.0,,,,,,,,,,,,5039268
46.0139,-112.6833,,,,,2.9,,,,,,,,,,,,5039269
46.0139,-112.6833,,,,,3.2,,,,,,,,,,,,5039270
46.0503,-112.6925,,,,,3.3,,,,,,,,,,,,5039271
46.0503,-112.6925,,,,,2.2,,,,,,,,,,,,5039272
46.0503,-112.6925,,,,,2.5,,,,,,,,,,,,5039273
46.0361,-112.6878,,,,,3.9,,,,,,,,,,,,5039274
46.0361,-112.6878,,,,,1.8,,,,,,,,,,,,5039275
46.0361,-112.6878,,,,,2.3,,,,,,,,,,,,5039276
46.025,-112.6753,,,,,3.8,,,,,,,,,,,,5039277
46.025,-112.6753,,,,,3.5,,,,,,,,,,,,5039278
46.025,-112.6753,,,,,3.5,,,,,,,,,,,,5039279
46.1867,-112.5458,,,,,3.7,,,,,,,,,,,,5039792
46.0394,-112.7394,,,,,3.7,,,,,,,,,,,,5039280
46.0394,-112.7394,,,,,3.1,,,,,,,,,,,,5039281
46.1411,-111.8014,,,,,3.0,,,,,,,,,,,,5039793
46.1411,-111.8014,,,,,2.9,,,,,,,,,,,,5039794
46.1411,-111.8014,,,,,2.7,,,,,,,,,,,,5039795
46.0203,-111.7739,,,,,3.0,,,,,,,,,,,,5039796
46.0203,-111.7739,,,,,2.7,,,,,,,,,,,,5039797
46.0203,-111.7739,,,,,2.4,,,,,,,,,,,,5039798
46.0394,-112.7394,,,,,3.0,,,,,,,,,,,,5039282
46.0247,-112.7219,,,,,4.0,,,,,,,,,,,,5039283
46.1792,-111.7889,,,,,2.9,,,,,,,,,,,,5039799
46.0247,-112.7219,,,,,2.1,,,,,,,,,,,,5039284
46.0247,-112.7219,,,,,2.4,,,,,,,,,,,,5039285
45.9708,-112.7281,,,,,11.4,,,,,,,,,,,,5039286
45.9897,-112.7189,,,,,6.4,,,,,,,,,,,,5039287
45.9892,-112.7331,,,,,4.6,,,,,,,,,,,,5039288
45.9883,-112.7461,,,,,13.5,,,,,,,,,,,,5039289
45.8117,-112.3917,,,,,6.2,,,,,,,,,,,,5039290
45.8117,-112.3917,,,,,4.2,,,,,,,,,,,,5039291
45.8117,-112.3917,,,,,5.9,,,,,,,,,,,,5039292
45.8286,-112.3872,,,,,3.9,,,,,,,,,,,,5039293
45.8286,-112.3872,,,,,3.3,,,,,,,,,,,,5039294
45.8286,-112.3872,,,,,3.5,,,,,,,,,,,,5039295
45.845,-112.4311,,,,,29.3,,,,,,,,,,,,5039296
45.9806,-112.1411,,,,,2.8,,,,,,,,,,,,5039297
45.9806,-112.1411,,,,,2.6,,,,,,,,,,,,5039298
45.9806,-112.1411,,,,,2.9,,,,,,,,,,,,5039299
46.3514,-111.9556,,,,,39.4,,,,,,,,,,,,5039300
46.3514,-111.9556,,,,,18.8,,,,,,,,,,,,5039301
46.3514,-111.9556,,,,,30.3,,,,,,,,,,,,5039302
46.2819,-111.9467,,,,,6.9,,,,,,,,,,,,5039303
46.2819,-111.9467,,,,,5.8,,,,,,,,,,,,5039304
46.2819,-111.9467,,,,,6.3,,,,,,,,,,,,5039305
46.2639,-111.8889,,,,,5.1,,,,,,,,,,,,5039306
46.2639,-111.8889,,,,,3.1,,,,,,,,,,,,5039307
46.2639,-111.8889,,,,,4.0,,,,,,,,,,,,5039308
46.2556,-111.8333,,,,,3.5,,,,,,,,,,,,5039309
46.2556,-111.8333,,,,,2.9,,,,,,,,,,,,5039310
46.2556,-111.8333,,,,,2.8,,,,,,,,,,,,5039311
46.2236,-111.7597,,,,,2.8,,,,,,,,,,,,5039312
46.2236,-111.7597,,,,,2.7,,,,,,,,,,,,5039313
46.2236,-111.7597,,,,,2.7,,,,,,,,,,,,5039314
45.8361,-112.2714,,,,,3.3,,,,,,,,,,,,5039315
45.8361,-112.2714,,,,,1.9,,,,,,,,,,,,5039316
45.8361,-112.2714,,,,,2.9,,,,,,,,,,,,5039317
46.6694,-111.9778,,,,,4.7,,,,,,,,,,,,5039318
46.6694,-111.9778,,,,,4.1,,,,,,,,,,,,5039319
46.6694,-111.9778,,,,,4.4,,,,,,,,,,,,5039320
46.6911,-111.8694,,,,,71.0,,,,,,,,,,,,5039321
46.6911,-111.8694,,,,,32.6,,,,,,,,,,,,5039322
46.6911,-111.8694,,,,,66.5,,,,,,,,,,,,5039323
46.695,-111.9056,,,,,5.1,,,,,,,,,,,,5039324
46.5603,-111.9722,,,,,2.8,,,,,,,,,,,,5039325
46.5603,-111.9722,,,,,2.5,,,,,,,,,,,,5039326
46.5603,-111.9722,,,,,2.5,,,,,,,,,,,,5039327
46.5639,-111.9633,,,,,2.8,,,,,,,,,,,,5039328
46.5639,-111.9633,,,,,2.5,,,,,,,,,,,,5039329
46.5639,-111.9633,,,,,2.5,,,,,,,,,,,,5039330
46.5297,-111.9903,,,,,7.3,,,,,,,,,,,,5039331
46.5297,-111.9903,,,,,5.7,,,,,,,,,,,,5039332
46.5297,-111.9903,,,,,6.1,,,,,,,,,,,,5039333
46.5306,-111.95,,,,,3.5,,,,,,,,,,,,5039334
46.5306,-111.95,,,,,2.4,,,,,,,,,,,,5039335
46.5306,-111.95,,,,,2.6,,,,,,,,,,,,5039336
46.5217,-111.9194,,,,,5.8,,,,,,,,,,,,5039337
46.5217,-111.9194,,,,,4.9,,,,,,,,,,,,5039338
46.5217,-111.9194,,,,,6.5,,,,,,,,,,,,5039339
46.5803,-111.9361,,,,,3.8,,,,,,,,,,,,5039340
46.5803,-111.9361,,,,,3.3,,,,,,,,,,,,5039341
46.5803,-111.9361,,,,,3.2,,,,,,,,,,,,5039342
46.5347,-111.9333,,,,,16.8,,,,,,,,,,,,5039343
46.5347,-111.9333,,,,,6.3,,,,,,,,,,,,5039344
46.5347,-111.9333,,,,,12.8,,,,,,,,,,,,5039345
46.3658,-112.5825,,,,,2.3,,,,,,,,,,,,5039346
46.3658,-112.5825,,,,,1.3,,,,,,,,,,,,5039347
46.3658,-112.5825,,,,,1.5,,,,,,,,,,,,5039348
46.3472,-112.5928,,,,,3.5,,,,,,,,,,,,5039349
46.3,-112.6361,,,,,12.3,,,,,,,,,,,,5039350
46.3,-112.6361,,,,,8.2,,,,,,,,,,,,5039351
46.3,-112.6361,,,,,10.4,,,,,,,,,,,,5039352
46.5247,-112.2458,,,,,24.4,,,,,,,,,,,,5039353
46.5247,-112.2458,,,,,16.7,,,,,,,,,,,,5039354
46.5247,-112.2458,,,,,19.0,,,,,,,,,,,,5039355
46.5547,-112.0536,,,,,5.9,,,,,,,,,,,,5039356
46.5547,-112.0536,,,,,5.9,,,,,,,,,,,,5039357
46.5547,-112.0536,,,,,5.4,,,,,,,,,,,,5039358
46.5658,-112.0583,,,,,3.1,,,,,,,,,,,,5039359
46.5658,-112.0583,,,,,2.0,,,,,,,,,,,,5039360
46.5658,-112.0583,,,,,2.3,,,,,,,,,,,,5039361
46.5931,-112.2417,,,,,26.0,,,,,,,,,,,,5039362
46.5931,-112.2417,,,,,13.3,,,,,,,,,,,,5039363
46.5931,-112.2417,,,,,19.1,,,,,,,,,,,,5039364
46.6267,-111.7944,,,,,3.2,,,,,,,,,,,,5039365
46.615,-111.7767,,,,,3.1,,,,,,,,,,,,5039366
46.615,-111.7767,,,,,2.9,,,,,,,,,,,,5039367
46.615,-111.7767,,,,,2.5,,,,,,,,,,,,5039368
46.58,-111.7683,,,,,3.6,,,,,,,,,,,,5039369
46.58,-111.7683,,,,,3.0,,,,,,,,,,,,5039370
46.58,-111.7683,,,,,3.1,,,,,,,,,,,,5039371
46.5958,-111.765,,,,,3.3,,,,,,,,,,,,5039372
46.5958,-111.765,,,,,3.1,,,,,,,,,,,,5039373
46.5958,-111.765,,,,,2.7,,,,,,,,,,,,5039374
46.5556,-111.7925,,,,,2.6,,,,,,,,,,,,5039375
46.5556,-111.7925,,,,,2.6,,,,,,,,,,,,5039376
46.5556,-111.7925,,,,,2.5,,,,,,,,,,,,5039377
46.5617,-111.8092,,,,,3.0,,,,,,,,,,,,5039378
46.5617,-111.8092,,,,,2.9,,,,,,,,,,,,5039379
46.5617,-111.8092,,,,,2.5,,,,,,,,,,,,5039380
46.5433,-112.1733,,,,,22.5,,,,,,,,,,,,5039381
46.5433,-112.1733,,,,,22.7,,,,,,,,,,,,5039382
46.5433,-112.1733,,,,,24.2,,,,,,,,,,,,5039383
46.5747,-112.1453,,,,,3.0,,,,,,,,,,,,5039384
46.5747,-112.1453,,,,,2.1,,,,,,,,,,,,5039385
46.5747,-112.1453,,,,,2.3,,,,,,,,,,,,5039386
46.5722,-112.0778,,,,,2.3,,,,,,,,,,,,5039387
46.5722,-112.0778,,,,,1.5,,,,,,,,,,,,5039388
46.5722,-112.0778,,,,,1.7,,,,,,,,,,,,5039389
46.5764,-112.0564,,,,,2.4,,,,,,,,,,,,5039390
46.5764,-112.0564,,,,,1.2,,,,,,,,,,,,5039391
46.5764,-112.0564,,,,,1.5,,,,,,,,,,,,5039392
46.5936,-112.0836,,,,,3.0,,,,,,,,,,,,5039393
46.5936,-112.0836,,,,,2.8,,,,,,,,,,,,5039394
46.5936,-112.0836,,,,,2.7,,,,,,,,,,,,5039395
46.5758,-112.2181,,,,,5.3,,,,,,,,,,,,5039396
46.5758,-112.2181,,,,,3.6,,,,,,,,,,,,5039397
46.5758,-112.2181,,,,,4.5,,,,,,,,,,,,5039398
46.6647,-112.2414,,,,,4.2,,,,,,,,,,,,5039399
46.6647,-112.2414,,,,,2.6,,,,,,,,,,,,5039400
46.6647,-112.2414,,,,,3.0,,,,,,,,,,,,5039401
46.6572,-112.1956,,,,,3.5,,,,,,,,,,,,5039402
46.6572,-112.1956,,,,,2.7,,,,,,,,,,,,5039403
46.6572,-112.1956,,,,,2.6,,,,,,,,,,,,5039404
46.6647,-112.145,,,,,2.8,,,,,,,,,,,,5039405
46.6647,-112.145,,,,,2.6,,,,,,,,,,,,5039406
46.6647,-112.145,,,,,2.4,,,,,,,,,,,,5039407
46.6542,-112.1222,,,,,3.6,,,,,,,,,,,,5039408
46.6542,-112.1222,,,,,2.6,,,,,,,,,,,,5039409
46.6542,-112.1222,,,,,3.1,,,,,,,,,,,,5039410
46.615,-112.1786,,,,,3.1,,,,,,,,,,,,5039411
46.615,-112.1786,,,,,2.1,,,,,,,,,,,,5039412
46.615,-112.1786,,,,,2.6,,,,,,,,,,,,5039413
46.535,-111.8292,,,,,2.7,,,,,,,,,,,,5039414
46.535,-111.8292,,,,,2.6,,,,,,,,,,,,5039415
46.535,-111.8292,,,,,2.8,,,,,,,,,,,,5039416
46.6728,-111.8333,,,,,6.5,,,,,,,,,,,,5039417
46.6728,-111.8333,,,,,9.1,,,,,,,,,,,,5039418
46.6728,-111.8333,,,,,8.2,,,,,,,,,,,,5039419
46.6767,-111.8317,,,,,7.8,,,,,,,,,,,,5039420
46.6767,-111.8317,,,,,5.5,,,,,,,,,,,,5039421
46.6767,-111.8317,,,,,6.3,,,,,,,,,,,,5039422
46.7083,-111.7833,,,,,2.9,,,,,,,,,,,,5039423
46.6683,-111.8933,,,,,6.8,,,,,,,,,,,,5039424
46.6683,-111.8933,,,,,6.8,,,,,,,,,,,,5039425
46.6683,-111.8933,,,,,7.1,,,,,,,,,,,,5039426
46.2889,-112.6319,,,,,6.9,,,,,,,,,,,,5039427
45.8753,-112.4583,,,,,32.2,,,,,,,,,,,,5039428
45.88,-112.4597,,,,,56.4,,,,,,,,,,,,5039429
45.8769,-112.4564,,,,,21.7,,,,,,,,,,,,5039430
45.8811,-112.4578,,,,,16.1,,,,,,,,,,,,5039431
45.8847,-112.4575,,,,,28.1,,,,,,,,,,,,5039432
45.8831,-112.4631,,,,,24.4,,,,,,,,,,,,5039433
45.8881,-112.4756,,,,,14.6,,,,,,,,,,,,5039434
45.8917,-112.4628,,,,,26.2,,,,,,,,,,,,5039435
45.8917,-112.4628,,,,,6.3,,,,,,,,,,,,5039436
45.8917,-112.4628,,,,,5.4,,,,,,,,,,,,5039437
45.8917,-112.4628,,,,,5.9,,,,,,,,,,,,5039438
45.895,-112.4589,,,,,5.5,,,,,,,,,,,,5039439
45.9061,-112.4678,,,,,10.0,,,,,,,,,,,,5039440
45.925,-112.4883,,,,,25.7,,,,,,,,,,,,5039441
45.925,-112.4883,,,,,37.7,,,,,,,,,,,,5039442
45.925,-112.4883,,,,,34.4,,,,,,,,,,,,5039443
45.9306,-112.4958,,,,,12.1,,,,,,,,,,,,5039444
45.9306,-112.4958,,,,,12.6,,,,,,,,,,,,5039445
45.9306,-112.4958,,,,,12.2,,,,,,,,,,,,5039446
45.9306,-112.4958,,,,,17.2,,,,,,,,,,,,5039447
45.9083,-112.4958,,,,,8.5,,,,,,,,,,,,5039448
45.9083,-112.4958,,,,,7.4,,,,,,,,,,,,5039449
45.9083,-112.4958,,,,,8.7,,,,,,,,,,,,5039450
45.9047,-112.4894,,,,,4.9,,,,,,,,,,,,5039451
45.9047,-112.4894,,,,,5.5,,,,,,,,,,,,5039452
45.9047,-112.4894,,,,,5.2,,,,,,,,,,,,5039453
45.8997,-112.4258,,,,,10.6,,,,,,,,,,,,5039454
45.8831,-112.4706,,,,,14.6,,,,,,,,,,,,5039455
45.8944,-112.425,,,,,20.5,,,,,,,,,,,,5039456
45.8978,-112.4206,,,,,57.7,,,,,,,,,,,,5039457
45.8989,-112.4203,,,,,50.5,,,,,,,,,,,,5039458
45.9044,-112.4467,,,,,35.4,,,,,,,,,,,,5039459
45.9078,-112.4453,,,,,20.9,,,,,,,,,,,,5039460
45.9167,-112.4419,,,,,10.9,,,,,,,,,,,,5039461
45.9083,-112.4256,,,,,9.1,,,,,,,,,,,,5039462
45.9083,-112.4256,,,,,7.7,,,,,,,,,,,,5039463
45.9083,-112.4256,,,,,8.5,,,,,,,,,,,,5039464
45.8661,-112.4569,,,,,21.0,,,,,,,,,,,,5039465
45.8639,-112.4592,,,,,12.7,,,,,,,,,,,,5039466
45.8611,-112.4583,,,,,34.2,,,,,,,,,,,,5039467
45.8536,-112.4803,,,,,10.2,,,,,,,,,,,,5039468
45.8536,-112.4803,,,,,7.6,,,,,,,,,,,,5039469
45.8536,-112.4803,,,,,9.2,,,,,,,,,,,,5039470
45.8575,-112.4817,,,,,8.0,,,,,,,,,,,,5039471
45.8358,-112.4564,,,,,30.6,,,,,,,,,,,,5039472
45.8358,-112.4564,,,,,16.4,,,,,,,,,,,,5039473
45.8358,-112.4564,,,,,23.2,,,,,,,,,,,,5039474
45.9186,-112.4278,,,,,15.3,,,,,,,,,,,,5039475
45.9186,-112.4278,,,,,16.0,,,,,,,,,,,,5039476
45.9186,-112.4278,,,,,14.8,,,,,,,,,,,,5039477
45.9186,-112.4278,,,,,12.5,,,,,,,,,,,,5039478
45.8708,-112.4458,,,,,16.4,,,,,,,,,,,,5039479
45.8653,-112.4425,,,,,14.9,,,,,,,,,,,,5039480
45.8431,-112.4261,,,,,56.5,,,,,,,,,,,,5039481
45.8431,-112.4261,,,,,36.2,,,,,,,,,,,,5039482
45.8431,-112.4261,,,,,44.2,,,,,,,,,,,,5039483
45.8375,-112.4147,,,,,26.0,,,,,,,,,,,,5039484
45.8361,-112.4044,,,,,4.8,,,,,,,,,,,,5039485
45.8308,-112.4075,,,,,23.0,,,,,,,,,,,,5039486
45.8306,-112.4075,,,,,73.9,,,,,,,,,,,,5039487
45.8319,-112.3911,,,,,9.0,,,,,,,,,,,,5039488
45.8319,-112.3911,,,,,6.1,,,,,,,,,,,,5039489
45.8319,-112.3911,,,,,7.9,,,,,,,,,,,,5039490
45.8283,-112.3786,,,,,5.2,,,,,,,,,,,,5039491
45.8283,-112.3786,,,,,3.6,,,,,,,,,,,,5039492
45.8283,-112.3786,,,,,4.0,,,,,,,,,,,,5039493
45.8306,-112.3658,,,,,5.2,,,,,,,,,,,,5039494
45.8306,-112.3658,,,,,3.1,,,,,,,,,,,,5039495
45.8306,-112.3658,,,,,3.9,,,,,,,,,,,,5039496
45.8678,-112.3406,,,,,3.7,,,,,,,,,,,,5039497
45.8678,-112.3406,,,,,3.9,,,,,,,,,,,,5039498
45.8678,-112.3406,,,,,3.4,,,,,,,,,,,,5039499
45.8517,-112.2867,,,,,2.5,,,,,,,,,,,,5039500
45.8517,-112.2867,,,,,1.7,,,,,,,,,,,,5039501
45.8517,-112.2867,,,,,2.0,,,,,,,,,,,,5039502
45.8458,-112.2939,,,,,7.0,,,,,,,,,,,,5039503
45.8458,-112.2939,,,,,4.3,,,,,,,,,,,,5039504
45.8458,-112.2939,,,,,6.1,,,,,,,,,,,,5039505
45.8625,-112.2836,,,,,2.7,,,,,,,,,,,,5039506
45.8625,-112.2836,,,,,2.4,,,,,,,,,,,,5039507
45.8625,-112.2836,,,,,2.8,,,,,,,,,,,,5039508
45.8708,-112.2861,,,,,4.0,,,,,,,,,,,,5039509
45.8708,-112.2861,,,,,2.4,,,,,,,,,,,,5039510
45.8708,-112.2861,,,,,3.7,,,,,,,,,,,,5039511
45.8664,-112.2611,,,,,6.2,,,,,,,,,,,,5039512
45.8664,-112.2611,,,,,5.9,,,,,,,,,,,,5039513
45.8664,-112.2611,,,,,6.6,,,,,,,,,,,,5039514
45.8197,-112.3469,,,,,6.1,,,,,,,,,,,,5039515
45.8197,-112.3469,,,,,5.6,,,,,,,,,,,,5039516
45.8197,-112.3469,,,,,6.0,,,,,,,,,,,,5039517
45.8069,-112.2833,,,,,6.1,,,,,,,,,,,,5039518
45.8069,-112.2833,,,,,4.3,,,,,,,,,,,,5039519
45.8069,-112.2833,,,,,5.1,,,,,,,,,,,,5039520
45.7808,-112.2778,,,,,15.9,,,,,,,,,,,,5039521
45.7808,-112.2778,,,,,11.2,,,,,,,,,,,,5039522
45.7808,-112.2778,,,,,13.8,,,,,,,,,,,,5039523
45.7569,-112.2625,,,,,3.0,,,,,,,,,,,,5039524
45.7569,-112.2625,,,,,2.5,,,,,,,,,,,,5039525
45.7569,-112.2625,,,,,2.6,,,,,,,,,,,,5039526
45.7611,-112.2922,,,,,2.8,,,,,,,,,,,,5039527
45.7611,-112.2922,,,,,2.3,,,,,,,,,,,,5039528
45.7611,-112.2922,,,,,2.3,,,,,,,,,,,,5039529
45.7528,-112.3253,,,,,5.0,,,,,,,,,,,,5039530
45.7528,-112.3253,,,,,3.3,,,,,,,,,,,,5039531
45.7528,-112.3253,,,,,3.7,,,,,,,,,,,,5039532
45.7722,-112.3633,,,,,7.8,,,,,,,,,,,,5039533
45.7722,-112.3633,,,,,4.1,,,,,,,,,,,,5039534
45.7722,-112.3633,,,,,5.7,,,,,,,,,,,,5039535
45.7847,-112.3556,,,,,28.3,,,,,,,,,,,,5039536
45.7847,-112.3556,,,,,19.7,,,,,,,,,,,,5039537
45.7847,-112.3556,,,,,22.8,,,,,,,,,,,,5039538
45.7894,-112.3472,,,,,17.0,,,,,,,,,,,,5039539
45.7894,-112.3472,,,,,15.0,,,,,,,,,,,,5039540
45.7894,-112.3472,,,,,15.3,,,,,,,,,,,,5039541
46.1917,-112.0747,,,,,37.0,,,,,,,,,,,,5039542
46.1917,-112.0747,,,,,39.3,,,,,,,,,,,,5039543
46.1917,-112.0747,,,,,36.6,,,,,,,,,,,,5039544
46.1725,-112.0328,,,,,8.3,,,,,,,,,,,,5039545
46.1725,-112.0328,,,,,9.3,,,,,,,,,,,,5039546
46.1725,-112.0328,,,,,9.8,,,,,,,,,,,,5039547
46.2375,-112.2333,,,,,29.1,,,,,,,,,,,,5039800
46.1725,-112.0328,,,,,7.0,,,,,,,,,,,,5039548
46.2097,-112.1922,,,,,15.9,,,,,,,,,,,,5039567
46.2125,-112.1922,,,,,13.2,,,,,,,,,,,,5039568
46.1828,-112.1828,,,,,23.4,,,,,,,,,,,,5039569
46.1828,-112.1839,,,,,158.9,,,,,,,,,,,,5039570
46.1667,-112.2139,,,,,17.2,,,,,,,,,,,,5039571
46.2375,-112.2333,,,,,17.2,,,,,,,,,,,,5039801
46.1597,-112.2278,,,,,14.7,,,,,,,,,,,,5039572
46.1553,-112.2378,,,,,20.4,,,,,,,,,,,,5039573
46.1536,-112.2378,,,,,15.9,,,,,,,,,,,,5039574
46.1658,-112.2111,,,,,34.1,,,,,,,,,,,,5039575
46.1903,-112.0547,,,,,20.7,,,,,,,,,,,,5039576
46.1819,-112.0292,,,,,4.7,,,,,,,,,,,,5039577
46.4958,-111.8583,11.5,95.0,60.0,,6.3,-0.11,35.0,7827.0,7.747,852.0,,64.0,-20.0,35.6,18.3,17.0,5016829
46.4797,-111.83,16.6,91.0,49.0,,6.9,-0.08,17.0,3709.0,5.428,590.0,,63.0,-20.0,18.2,10.6,-15.0,5016830
46.4831,-111.8358,9.9,86.0,48.0,,4.6,-0.09,11.0,3217.0,4.412,209.0,,40.0,-20.0,8.8,13.3,-15.0,5016831
46.1819,-112.0292,,,,,3.7,,,,,,,,,,,,5039578
46.4703,-111.8542,10.2,93.0,36.0,,6.0,-0.08,32.0,4781.0,6.394,362.0,,69.0,-20.0,10.9,18.1,16.0,5016832
46.4728,-111.85,12.5,106.0,49.0,,5.8,-0.09,19.0,2769.0,5.011,466.0,,51.0,-20.0,16.6,13.3,-15.0,5016833
46.4611,-111.8567,10.0,74.0,39.0,,8.1,-0.08,30.0,4530.0,4.684,235.0,,42.0,-20.0,7.1,15.9,-15.0,5016834
46.4847,-111.8583,11.8,93.0,58.0,,8.0,-0.1,18.0,3125.0,3.947,428.0,,41.0,-20.0,16.6,10.2,17.0,5016835
46.4872,-111.8731,21.4,105.0,59.0,,10.1,-0.1,78.0,5054.0,11.13,2158.0,,144.0,-20.0,93.3,19.7,-15.0,5016836
46.4939,-111.8981,24.3,63.0,47.0,,9.7,-0.14,11.0,4241.0,5.835,1274.0,,-22.0,-20.0,52.3,20.6,-15.0,5016837
46.4639,-111.9275,71.6,146.0,85.0,,20.6,-0.09,9.0,2640.0,4.587,383.0,,54.0,-20.0,13.5,18.1,16.0,5016838
46.4561,-111.9181,35.4,128.0,81.0,,26.9,-0.13,24.0,4651.0,5.921,279.0,,59.0,-20.0,11.3,19.8,-15.0,5016839
46.4383,-111.9042,17.2,75.0,37.0,,24.7,-0.09,14.0,4644.0,3.889,313.0,,-14.0,-20.0,11.6,17.5,-15.0,5016840
46.425,-111.9281,35.7,97.0,58.0,,10.3,-0.09,,2417.0,3.283,,,-14.0,,28.0,12.2,,5016841
46.4119,-111.9439,96.1,150.0,83.0,,32.3,-0.1,,3878.0,4.908,,,56.0,,76.4,20.3,,5016842
46.4133,-111.9408,74.4,163.0,68.0,,30.8,-0.11,36.0,5958.0,8.451,1348.0,,50.0,-20.0,51.6,26.4,34.0,5016843
46.4458,-111.9678,41.6,92.0,65.0,,26.8,-0.12,21.0,4475.0,4.082,622.0,,-20.0,-20.0,26.2,10.8,-15.0,5016844
46.4653,-111.9947,55.0,145.0,79.0,,11.0,-0.08,72.0,3194.0,5.751,1479.0,,61.0,-20.0,62.4,14.6,-15.0,5016845
46.4847,-111.9417,15.2,69.0,36.0,,12.2,-0.17,-5.0,7617.0,5.621,123.0,,-26.0,-20.0,-2.9,20.0,-15.0,5016846
46.4906,-111.9572,46.1,117.0,69.0,,11.8,-0.1,17.0,4969.0,8.907,1777.0,,28.0,-20.0,75.1,24.9,28.0,5016847
46.4356,-111.9903,22.6,82.0,43.0,,7.8,0.24,210.0,-7799.0,3.834,407.0,,-15.0,-20.0,17.8,11.7,-15.0,5016848
46.4369,-111.995,40.2,130.0,63.0,,6.8,-0.08,27.0,3712.0,4.294,409.0,,39.0,-20.0,18.4,18.6,30.0,5016849
46.4403,-111.9942,166.4,188.0,81.0,,18.4,-0.1,68.0,3832.0,14.21,4850.0,,99.0,-20.0,162.8,17.0,85.0,5016850
46.3922,-111.9667,23.4,84.0,42.0,,24.0,-0.09,15.0,3962.0,3.297,280.0,,-14.0,-20.0,12.6,13.5,-15.0,5016851
46.3939,-111.9644,52.8,99.0,71.0,,19.9,-0.11,11.0,3156.0,4.451,795.0,,-17.0,-20.0,37.2,24.3,-15.0,5016852
46.3986,-111.9769,39.9,131.0,69.0,,10.9,-0.07,12.0,2973.0,3.262,715.0,,19.0,-20.0,30.6,10.8,15.0,5016853
46.4011,-111.9806,43.3,157.0,74.0,,13.7,-0.09,17.0,3852.0,5.31,771.0,,49.0,-20.0,32.3,11.8,20.0,5016854
46.4058,-111.9828,23.5,101.0,60.0,,10.1,-0.07,16.0,3280.0,3.569,407.0,,-11.0,-20.0,16.5,10.4,28.0,5016855
46.3625,-111.9806,60.3,104.0,76.0,,24.5,-0.12,15.0,2993.0,4.217,800.0,,-18.0,-20.0,38.7,18.6,25.0,5016856
46.3617,-111.9814,52.6,199.0,93.0,,20.1,0.15,18.0,5912.0,7.833,1598.0,,183.0,-20.0,69.0,23.1,16.0,5016857
46.3611,-111.9833,42.2,149.0,70.0,,17.5,-0.09,9.0,4425.0,5.478,835.0,,124.0,-20.0,43.6,20.9,-15.0,5016858
46.3547,-111.9875,44.5,111.0,58.0,,28.0,-0.09,23.0,4244.0,2.975,917.0,,-14.0,-20.0,44.5,19.2,16.0,5016859
46.4694,-111.9903,40.8,104.0,55.0,,7.1,-0.12,49.0,4549.0,5.793,690.0,,-19.0,-20.0,27.0,14.9,40.0,5016860
46.4711,-111.9931,22.3,108.0,51.0,,6.6,-0.11,31.0,4368.0,4.304,232.0,,32.0,-20.0,9.2,16.1,23.0,5016861
46.3417,-111.9033,13.0,88.0,48.0,,9.3,-0.09,23.0,4501.0,4.513,402.0,,138.0,-20.0,13.6,18.9,-15.0,5016862
46.3417,-111.9056,13.7,96.0,56.0,,17.4,-0.12,,5726.0,7.692,,,276.0,,31.9,26.1,,5016863
46.3431,-111.8875,6.9,57.0,31.0,,2.6,-0.1,19.0,3296.0,3.752,143.0,,116.0,-20.0,4.5,12.4,-15.0,5016864
46.3542,-111.9528,23.3,126.0,67.0,,23.7,-0.1,14.0,4677.0,5.709,487.0,,181.0,-20.0,21.3,20.2,-15.0,5016865
46.3514,-111.9556,23.4,114.0,70.0,,25.6,0.63,8.0,5233.0,4.591,872.0,,107.0,-20.0,32.9,16.8,-15.0,5016866
46.2844,-111.965,32.0,120.0,56.0,,8.4,-0.11,87.0,6023.0,6.756,993.0,,173.0,-20.0,43.8,19.9,-15.0,5016867
46.2825,-111.9694,62.2,156.0,75.0,,23.8,0.35,37.0,5160.0,7.541,1820.0,,147.0,-20.0,69.3,24.3,-15.0,5016868
46.2819,-111.9467,9.0,117.0,34.0,,6.2,1.43,291.0,3556.0,13.43,244.0,,49.0,-20.0,11.2,12.5,28.0,5016869
46.2694,-111.9222,7.9,64.0,34.0,,3.7,-0.09,56.0,3210.0,3.41,207.0,,83.0,-20.0,6.6,12.1,-15.0,5016870
46.2639,-111.8889,3.2,50.0,30.0,,4.0,-0.09,14.0,1730.0,1.477,212.0,,33.0,-20.0,4.1,7.0,-15.0,5016871
46.2611,-111.8681,10.4,69.0,35.0,,4.3,-0.07,10.0,3273.0,2.319,236.0,,65.0,-20.0,7.7,9.7,-15.0,5016872
46.2639,-111.8561,9.6,78.0,43.0,,3.7,-0.08,16.0,3147.0,2.921,252.0,,141.0,-20.0,10.6,10.7,-15.0,5016873
46.2542,-111.8417,7.8,58.0,36.0,,3.0,-0.09,20.0,4210.0,4.084,189.0,,307.0,-20.0,4.7,18.0,-15.0,5016874
46.2556,-111.8333,6.9,57.0,33.0,,3.2,-0.09,15.0,3109.0,2.436,241.0,,50.0,-20.0,6.9,11.4,-15.0,5016875
46.2519,-111.8139,10.9,59.0,29.0,,3.4,-0.08,42.0,2924.0,2.943,254.0,,71.0,-20.0,8.5,11.9,-15.0,5016876
46.2236,-111.7597,10.8,67.0,27.0,,2.7,-0.09,24.0,3120.0,3.441,172.0,,76.0,-20.0,8.2,12.3,-15.0,5016877
46.1944,-111.7694,5.8,38.0,20.0,,1.8,-0.06,6.0,2052.0,1.945,132.0,,31.0,-20.0,3.8,6.6,-15.0,5016878
46.2097,-111.7889,7.4,66.0,29.0,,2.4,-0.1,30.0,2801.0,2.556,181.0,,31.0,-20.0,4.4,10.1,-15.0,5016879
46.6694,-111.9778,12.6,63.0,36.0,,4.6,-0.08,17.0,3282.0,4.073,386.0,,54.0,-20.0,14.5,7.9,19.0,5016880
46.6911,-111.9778,5.9,39.0,20.0,,3.2,-0.08,8.0,2295.0,1.988,158.0,,-13.0,-20.0,3.5,7.8,-15.0,5016881
46.7333,-111.9931,12.3,80.0,40.0,,3.4,-0.07,13.0,3104.0,3.119,240.0,,58.0,-20.0,8.1,10.9,-15.0,5016882
46.7311,-111.95,12.7,77.0,34.0,,3.4,-0.07,17.0,3843.0,3.352,252.0,,47.0,-20.0,9.1,10.7,-15.0,5016883
46.7158,-111.9083,10.8,84.0,38.0,,3.2,-0.06,23.0,2306.0,2.626,278.0,,47.0,-20.0,9.5,9.2,-15.0,5016884
46.7133,-111.8653,13.8,86.0,36.0,,5.4,-0.08,26.0,3499.0,3.314,422.0,,27.0,-20.0,11.7,8.9,-15.0,5016885
46.6911,-111.8694,16.0,95.0,52.0,,44.0,-0.07,9.0,2090.0,2.348,327.0,,43.0,-20.0,13.7,8.1,-15.0,5016886
46.6758,-111.9431,12.6,73.0,34.0,,18.8,-0.09,199.0,2339.0,6.72,260.0,,30.0,-20.0,8.8,10.4,-15.0,5016887
46.5603,-111.9722,12.7,67.0,27.0,,2.6,-0.09,13.0,2961.0,2.694,206.0,,-16.0,-20.0,5.2,8.9,-15.0,5016888
46.5639,-111.9633,9.8,62.0,31.0,,2.7,-0.07,9.0,2411.0,2.497,187.0,,36.0,-20.0,6.4,8.6,-15.0,5016889
46.5608,-111.9944,8.6,57.0,26.0,,2.0,-0.07,13.0,2371.0,2.785,170.0,,46.0,-20.0,6.1,8.2,-15.0,5016890
46.5528,-111.9986,11.9,90.0,30.0,,4.0,0.13,51.0,5861.0,5.97,447.0,,72.0,-20.0,16.1,15.5,-15.0,5016891
46.5556,-111.9069,10.6,68.0,35.0,,3.1,2.98,28.0,4102.0,3.746,318.0,,41.0,-20.0,14.5,11.5,16.0,5016892
46.5478,-111.9686,7.7,61.0,34.0,,2.5,-0.06,22.0,2564.0,2.35,220.0,,40.0,-20.0,9.4,8.0,-15.0,5016893
46.5297,-111.9903,9.2,92.0,33.0,,6.0,-0.1,30.0,2660.0,6.355,227.0,,49.0,-20.0,9.0,19.7,-15.0,5016894
46.5322,-111.9897,7.1,67.0,32.0,,2.2,-0.07,13.0,1764.0,3.145,183.0,,42.0,-20.0,5.2,14.9,19.0,5016895
46.5175,-111.9694,8.7,74.0,38.0,,5.0,-0.1,50.0,3486.0,4.454,345.0,,51.0,-20.0,12.7,14.0,-15.0,5016896
46.5306,-111.95,7.8,59.0,36.0,,2.8,-0.07,24.0,2938.0,2.977,253.0,,58.0,-20.0,9.8,12.1,-15.0,5016897
46.5031,-111.9417,8.9,71.0,35.0,,2.4,-0.07,17.0,2490.0,2.843,221.0,,45.0,-20.0,9.4,8.8,-15.0,5016898
46.5208,-111.9222,8.1,103.0,42.0,,4.2,-0.08,26.0,9216.0,12.67,714.0,,254.0,-20.0,24.2,20.3,-15.0,5016899
46.5217,-111.9194,14.5,101.0,41.0,,5.5,-0.11,11.0,3774.0,5.608,438.0,,99.0,-20.0,17.4,19.8,-15.0,5016900
46.5803,-111.9361,13.2,74.0,35.0,,3.3,-0.06,-5.0,3165.0,2.77,278.0,,55.0,-20.0,10.6,9.6,23.0,5016901
46.5683,-111.9367,34.1,170.0,74.0,,9.4,-0.09,28.0,6351.0,12.18,2058.0,,196.0,-20.0,79.8,18.6,-15.0,5016902
46.5575,-111.8625,10.0,58.0,36.0,,2.7,-0.07,-5.0,2749.0,2.585,215.0,,49.0,-20.0,7.7,9.6,-15.0,5016903
46.5319,-111.8667,9.9,94.0,43.0,,4.4,-0.11,25.0,4346.0,6.052,339.0,,177.0,-20.0,12.5,17.9,17.0,5016904
46.5167,-111.8472,26.3,161.0,66.0,,5.6,-0.09,33.0,5810.0,9.862,1227.0,,214.0,-20.0,42.7,24.2,21.0,5016905
46.5097,-111.8806,33.4,162.0,60.0,,7.9,0.33,30.0,5843.0,11.54,1917.0,,182.0,-20.0,83.4,17.8,-15.0,5016906
46.5069,-111.9006,29.2,106.0,53.0,,10.2,-0.1,12.0,4482.0,5.893,1200.0,,98.0,-20.0,45.2,19.1,19.0,5016907
46.5153,-111.9019,29.5,158.0,79.0,,6.2,-0.11,19.0,6187.0,10.65,1497.0,,250.0,-20.0,61.3,25.3,-15.0,5016908
46.5347,-111.9333,42.1,125.0,63.0,,9.1,-0.08,98.0,-1476.0,4.857,1509.0,,36.0,-20.0,53.7,13.8,37.0,5016909
46.63,-111.7833,10.2,80.0,41.0,,2.9,-0.07,,3483.0,3.316,,,56.0,,10.2,10.9,,5016910
46.6267,-111.7861,22.0,78.0,41.0,,5.3,-0.07,11.0,3809.0,5.685,576.0,,80.0,-20.0,23.8,9.9,-15.0,5016911
46.6183,-111.7617,12.0,77.0,37.0,,3.0,-0.07,13.0,2884.0,3.205,252.0,,51.0,-20.0,8.2,11.0,-15.0,5016912
46.615,-111.7767,9.4,84.0,39.0,,3.2,-0.07,19.0,3610.0,3.523,305.0,,68.0,-20.0,10.7,11.1,-15.0,5016913
46.61,-111.7842,10.4,77.0,31.0,,3.1,-0.07,8.0,3234.0,3.209,304.0,,39.0,-20.0,12.8,10.6,-15.0,5016914
46.6078,-111.7833,7.6,66.0,30.0,,3.1,-0.07,13.0,2856.0,2.566,317.0,,24.0,-20.0,11.8,9.8,-15.0,5016915
46.6033,-111.7817,14.4,85.0,43.0,,3.5,-0.07,15.0,3428.0,3.502,384.0,,59.0,-20.0,14.2,11.3,-15.0,5016916
46.58,-111.7683,7.9,88.0,33.0,,3.3,-0.08,9.0,4505.0,4.194,313.0,,58.0,-20.0,16.9,12.1,-15.0,5016917
46.575,-111.7608,10.1,60.0,37.0,,2.9,-0.06,11.0,3731.0,3.026,246.0,,42.0,-20.0,7.4,10.4,-15.0,5016918
46.5717,-111.7567,4.9,50.0,34.0,,2.7,-0.09,23.0,4922.0,3.286,260.0,,-15.0,-20.0,6.1,11.6,17.0,5016919
46.5883,-111.7717,9.5,72.0,38.0,,2.9,-0.07,16.0,4152.0,3.369,266.0,,59.0,-20.0,10.7,10.4,-15.0,5016920
46.5958,-111.765,11.4,73.0,38.0,,3.1,-0.07,19.0,3785.0,3.077,272.0,,42.0,-20.0,12.4,10.6,-15.0,5016921
46.5317,-111.76,7.9,49.0,31.0,,5.5,-0.09,9.0,2745.0,2.127,195.0,,29.0,-20.0,7.6,8.3,-15.0,5016922
46.52,-111.7617,4.0,55.0,31.0,,2.6,-0.1,-5.0,4198.0,4.592,242.0,,-16.0,-20.0,4.8,13.4,-15.0,5016923
46.5311,-111.78,9.0,69.0,34.0,,5.6,-0.07,19.0,2554.0,2.071,371.0,,92.0,-20.0,14.3,9.6,-15.0,5016924
46.535,-111.77,12.2,92.0,38.0,,3.7,-0.08,11.0,3713.0,3.385,377.0,,49.0,-20.0,15.3,10.8,-15.0,5016925
46.5556,-111.7925,9.9,60.0,34.0,,2.7,-0.06,14.0,3230.0,2.646,210.0,,59.0,-20.0,5.9,9.9,-15.0,5016926
46.5533,-111.82,10.6,81.0,35.0,,2.6,-0.09,13.0,3403.0,4.625,194.0,,68.0,-20.0,7.2,15.3,-15.0,5016927
46.5617,-111.8092,12.6,70.0,37.0,,2.9,-0.07,20.0,3258.0,3.161,269.0,,63.0,-20.0,9.8,10.5,-15.0,5016928
46.5694,-111.8222,12.1,93.0,41.0,,3.2,-0.08,37.0,4818.0,6.527,410.0,,157.0,-20.0,17.2,14.9,-15.0,5016929
46.535,-111.8292,7.5,63.0,27.0,,2.9,-0.09,21.0,3593.0,3.169,162.0,,42.0,-20.0,6.3,10.1,-15.0,5016930
46.6283,-111.83,18.5,81.0,49.0,,5.4,-0.08,13.0,3793.0,4.735,686.0,,40.0,-20.0,24.5,11.6,-15.0,5016931
46.665,-111.8222,45.0,186.0,82.0,,9.9,-0.08,17.0,6823.0,14.3,1914.0,,177.0,-20.0,73.7,10.6,-15.0,5016932
46.6728,-111.8333,14.6,90.0,40.0,,7.0,-0.09,11.0,3581.0,3.659,203.0,,36.0,-20.0,7.7,12.0,-15.0,5016933
46.6767,-111.8317,12.0,50.0,29.0,,6.3,-0.05,12.0,1745.0,1.268,216.0,,21.0,-20.0,9.9,4.7,-15.0,5016934
46.6967,-111.8133,9.4,103.0,48.0,,3.8,-0.08,16.0,2787.0,3.325,357.0,,48.0,-20.0,15.5,10.3,-15.0,5016935
46.7083,-111.815,13.8,91.0,46.0,,3.3,-0.07,15.0,2932.0,3.594,330.0,,68.0,-20.0,13.2,10.3,-15.0,5016936
46.7133,-111.7667,13.3,87.0,42.0,,3.2,-0.08,10.0,3842.0,3.534,189.0,,94.0,-20.0,5.9,13.6,-15.0,5016937
46.7233,-111.7528,10.9,97.0,37.0,,3.3,-0.08,15.0,3257.0,3.779,228.0,,105.0,-20.0,8.3,13.4,-15.0,5016938
46.6683,-111.8933,15.1,75.0,39.0,,6.8,-0.07,-5.0,3642.0,3.491,218.0,,21.0,-20.0,10.9,13.5,-15.0,5016939
46.6406,-111.8933,53.0,158.0,100.0,,11.8,-0.09,34.0,6012.0,14.93,2438.0,,165.0,-20.0,88.9,11.9,57.0,5016940
46.1264,-111.9792,8.9,80.0,35.0,,3.7,-0.07,106.0,3056.0,3.056,227.0,,64.0,-20.0,7.3,10.5,19.0,5016941
46.0833,-111.9411,8.6,68.0,40.0,,8.0,-0.09,16.0,3313.0,4.683,180.0,,306.0,-20.0,4.7,17.0,-15.0,5016942
46.0858,-111.9403,11.5,72.0,33.0,,5.2,-0.07,30.0,4782.0,5.977,400.0,,677.0,-20.0,13.4,18.0,-15.0,5016943
46.0744,-111.9389,8.7,71.0,30.0,,2.9,-0.09,16.0,4146.0,4.466,219.0,,223.0,-20.0,6.1,15.8,-15.0,5016944
46.0306,-111.9197,9.0,66.0,33.0,,2.9,-0.08,37.0,4386.0,4.471,258.0,,141.0,-20.0,7.6,13.0,-15.0,5016945
46.0306,-111.9722,13.6,109.0,47.0,,7.7,-0.09,18.0,4076.0,4.863,248.0,,150.0,-20.0,10.3,17.9,-15.0,5016946
46.0292,-111.9722,12.4,71.0,45.0,,4.8,-0.08,18.0,4453.0,4.663,274.0,,132.0,-20.0,8.0,18.4,-15.0,5016947
46.1717,-111.9944,9.9,93.0,39.0,,2.9,-0.09,,5506.0,8.667,,,237.0,,12.1,23.5,,5016948
46.1978,-111.9633,9.8,74.0,38.0,,3.3,3.81,25.0,4226.0,4.322,314.0,,82.0,-20.0,9.9,12.2,-15.0,5016949
46.2325,-111.9583,5.3,55.0,31.0,,2.3,-0.07,34.0,2631.0,2.773,167.0,,34.0,-20.0,4.3,10.2,-15.0,5016950
46.1667,-111.95,11.2,56.0,35.0,,2.9,-0.08,18.0,2014.0,2.829,290.0,,48.0,-20.0,10.6,10.4,-15.0,5016951
46.1683,-111.9292,6.6,54.0,20.0,,2.6,-0.07,18.0,3321.0,2.769,223.0,,113.0,-20.0,6.2,11.0,-15.0,5016952
46.1939,-111.9208,9.2,73.0,28.0,,2.6,-0.07,30.0,3349.0,2.889,249.0,,63.0,-20.0,9.7,10.3,-15.0,5016953
46.2144,-111.8944,5.6,55.0,25.0,,2.9,-0.07,13.0,3218.0,3.02,196.0,,98.0,-20.0,6.5,12.1,-15.0,5016954
46.2122,-111.8919,3.7,39.0,14.0,,2.4,-0.07,16.0,1916.0,2.19,188.0,,60.0,-20.0,6.0,10.1,-15.0,5016955
46.1986,-111.8958,4.8,42.0,21.0,,1.8,-0.06,22.0,2116.0,2.086,185.0,,34.0,-20.0,5.0,7.0,-15.0,5016956
46.1556,-111.9028,8.7,60.0,32.0,,2.7,-0.07,22.0,-804.0,2.836,257.0,,27.0,-20.0,10.7,10.5,-15.0,5016957
46.1542,-111.8914,7.1,50.0,22.0,,1.9,-0.06,28.0,2251.0,3.185,181.0,,37.0,-20.0,6.2,8.6,-15.0,5016958
46.1381,-111.8914,7.1,60.0,25.0,,2.9,-0.06,19.0,2870.0,2.076,328.0,,49.0,-20.0,12.3,8.3,-15.0,5016959
46.2417,-111.9744,5.6,37.0,26.0,,6.4,-0.12,29.0,-2010.0,2.71,114.0,,-22.0,-20.0,-2.3,8.4,-15.0,5016960
46.135,-111.8722,11.1,60.0,37.0,,3.5,-0.06,15.0,2489.0,3.634,527.0,,54.0,-20.0,19.6,8.5,15.0,5016961
46.15,-111.8653,5.2,35.0,23.0,,1.8,-0.07,21.0,1402.0,3.006,185.0,,38.0,-20.0,4.1,9.3,-15.0,5016962
46.1458,-111.8556,9.4,74.0,34.0,,2.6,-0.06,12.0,2831.0,3.096,216.0,,45.0,-20.0,6.9,11.0,-15.0,5016963
46.15,-111.8375,11.2,90.0,38.0,,3.8,-0.06,16.0,3117.0,3.468,234.0,,51.0,-20.0,8.1,11.8,-15.0,5016964
46.1417,-111.8306,8.8,66.0,38.0,,3.9,-0.06,9.0,3315.0,3.037,240.0,,48.0,-20.0,7.5,12.1,-15.0,5016965
46.1375,-111.8167,7.2,63.0,28.0,,2.6,-0.08,12.0,2166.0,3.091,299.0,,54.0,-20.0,10.5,11.0,-15.0,5016966
46.1344,-111.8069,9.1,67.0,33.0,,3.1,-0.06,18.0,3345.0,3.357,343.0,,58.0,-20.0,10.4,10.4,-15.0,5016967
46.1069,-111.8361,17.2,96.0,45.0,,3.7,-0.06,23.0,3365.0,4.174,464.0,,69.0,-20.0,17.7,11.9,-15.0,5016968
46.1033,-111.8786,11.4,67.0,38.0,,3.2,-0.05,12.0,2862.0,2.971,347.0,,47.0,-20.0,11.6,10.3,-15.0,5016969
46.0892,-111.8556,13.2,107.0,52.0,,4.5,-0.08,14.0,8608.0,4.921,834.0,,30.0,-20.0,40.0,14.1,-15.0,5016970
46.0917,-111.8028,15.0,93.0,45.0,,3.3,-0.07,14.0,3387.0,4.449,388.0,,52.0,-20.0,14.9,12.6,-15.0,5016971
46.0875,-111.7931,14.6,61.0,29.0,,3.9,-0.06,7.0,3845.0,3.612,351.0,,44.0,-20.0,10.9,10.5,-15.0,5016972
46.0825,-111.7631,9.9,86.0,38.0,,3.0,-0.08,13.0,3720.0,3.919,430.0,,55.0,-20.0,17.7,11.1,-15.0,5016973
46.07,-111.7653,14.2,72.0,45.0,,3.7,-0.06,22.0,3647.0,3.949,534.0,,67.0,-20.0,17.4,10.8,-15.0,5016974
46.0533,-111.7986,13.5,68.0,29.0,,2.4,-0.07,5.0,3282.0,3.662,231.0,,54.0,-20.0,7.2,12.3,-15.0,5016975
46.05,-111.8111,15.5,84.0,43.0,,3.5,-0.06,19.0,3176.0,3.445,429.0,,72.0,-20.0,14.8,11.2,-15.0,5016976
46.0278,-111.8775,11.2,92.0,32.0,,3.0,-0.09,19.0,5241.0,8.213,419.0,,323.0,-20.0,13.0,19.7,-15.0,5016977
46.0208,-111.875,10.6,71.0,29.0,,4.2,-0.08,24.0,3548.0,3.145,181.0,,58.0,-20.0,5.6,10.7,-15.0,5016978
46.0644,-111.8742,20.4,97.0,48.0,,3.8,-0.07,16.0,3819.0,6.71,508.0,,81.0,-20.0,19.7,12.7,-15.0,5016979
46.0417,-111.8667,18.5,85.0,48.0,,4.0,-0.06,24.0,2962.0,4.349,496.0,,85.0,-20.0,17.2,10.8,-15.0,5016980
46.2736,-111.9758,17.4,83.0,42.0,,8.6,-0.08,35.0,4260.0,3.762,198.0,,55.0,-20.0,6.6,15.3,-15.0,5016981
46.27,-111.9706,13.9,76.0,43.0,,5.1,-0.09,17.0,4430.0,4.99,392.0,,88.0,-20.0,12.2,17.8,-15.0,5016982
46.2603,-111.9628,5.5,51.0,27.0,,7.2,-0.07,35.0,2938.0,2.948,181.0,,60.0,-20.0,5.6,11.5,-15.0,5016983
46.2528,-111.95,8.2,78.0,32.0,,2.4,-0.08,127.0,3379.0,3.242,203.0,,46.0,-20.0,8.2,10.4,-15.0,5016984
46.0686,-111.8417,16.1,90.0,46.0,,3.4,-0.07,26.0,3921.0,3.821,277.0,,109.0,-20.0,7.3,13.3,-15.0,5016985
46.1411,-111.8014,8.6,65.0,38.0,,2.9,-0.08,16.0,3067.0,3.683,276.0,,46.0,-20.0,9.8,12.6,-15.0,5016986
46.0203,-111.7739,12.7,73.0,33.0,,2.9,-0.07,22.0,2184.0,2.847,304.0,,69.0,-20.0,9.6,9.7,-15.0,5016987
46.0075,-111.7769,11.4,82.0,34.0,,2.8,-0.07,24.0,2872.0,3.646,346.0,,70.0,-20.0,13.0,10.1,-15.0,5016988
46.1278,-111.7736,10.8,77.0,35.0,,3.4,-0.06,,2537.0,2.831,,,47.0,,8.8,10.0,,5016989
46.1389,-111.7678,11.4,88.0,40.0,,2.8,-0.08,16.0,2347.0,3.517,323.0,,62.0,-20.0,10.5,11.0,-15.0,5016990
46.2083,-111.7944,10.9,85.0,38.0,,2.5,-0.07,23.0,2621.0,3.39,230.0,,102.0,-20.0,8.1,11.3,16.0,5016991
46.1861,-111.7639,10.0,84.0,39.0,,3.0,-0.07,20.0,3453.0,3.373,239.0,,54.0,-20.0,8.6,11.3,-15.0,5016992
46.4686,-111.4353,12.2,95.0,57.0,,4.06,-0.08,6.0,1345.0,3.783,206.0,,59.0,-20.0,8.5,10.1,-15.0,5017530
46.475,-111.4061,13.0,112.0,57.0,,4.11,-0.07,8.0,2787.0,3.729,200.0,,35.0,-20.0,7.1,9.2,-15.0,5017531
46.4883,-111.3814,7.8,55.0,31.0,,2.1,-0.05,6.0,2251.0,2.552,97.0,,44.0,-20.0,3.5,8.4,-15.0,5017532
46.4397,-111.4189,9.9,75.0,37.0,,2.27,-0.07,17.0,1846.0,3.752,217.0,,53.0,-20.0,9.0,8.3,-15.0,5017533
46.4881,-111.3739,8.5,82.0,42.0,,10.65,-0.08,6.0,2916.0,3.865,187.0,,32.0,-20.0,6.6,9.0,-15.0,5017534
46.4972,-111.3228,11.6,84.0,44.0,,4.08,-0.06,7.0,2409.0,3.835,171.0,,45.0,-20.0,5.1,9.6,-15.0,5017535
46.4858,-111.3492,8.2,72.0,37.0,,2.26,-0.07,5.0,2837.0,3.234,117.0,,39.0,-20.0,4.6,10.1,-15.0,5017536
46.4858,-111.3419,12.6,113.0,61.0,,3.8,-0.08,13.0,2111.0,4.587,233.0,,58.0,-20.0,9.6,10.6,-15.0,5017537
46.4772,-111.3086,9.4,112.0,64.0,,2.85,-0.07,10.0,2760.0,3.629,160.0,,60.0,-20.0,5.8,10.1,-15.0,5017538
46.4564,-111.3306,7.9,64.0,37.0,,5.85,-0.05,8.0,3119.0,2.633,242.0,,44.0,-20.0,9.0,8.9,-15.0,5017539
46.4481,-111.3267,9.7,71.0,37.0,,2.46,-0.07,14.0,3037.0,3.409,165.0,,44.0,-20.0,6.4,10.4,-15.0,5017540
46.4508,-111.3022,10.3,80.0,40.0,,3.75,-0.07,10.0,2317.0,3.099,247.0,,52.0,-20.0,11.5,9.0,-15.0,5017541
46.0028,-111.1772,7.8,56.0,33.0,,2.5,-0.06,7.0,3284.0,3.176,245.0,,60.0,-20.0,8.2,8.8,-15.0,5017542
46.1111,-111.1714,7.1,53.0,28.0,,2.76,-0.05,6.0,2872.0,2.925,176.0,,39.0,-20.0,5.1,7.3,-15.0,5017543
46.1147,-111.1556,7.2,55.0,33.0,,2.17,-0.07,12.0,4045.0,4.781,190.0,,50.0,-20.0,6.1,12.7,-15.0,5017544
46.0144,-111.1578,9.1,61.0,30.0,,2.76,-0.05,12.0,3170.0,2.482,195.0,,55.0,-20.0,6.2,7.8,-15.0,5017547
46.3781,-111.3789,9.6,73.0,37.0,,2.36,-0.06,10.0,2109.0,3.31,246.0,,63.0,-20.0,9.8,8.0,-15.0,5017548
46.3731,-111.4003,12.5,84.0,45.0,,2.8,-0.06,11.0,3313.0,4.144,307.0,,82.0,-20.0,13.2,9.0,-15.0,5017549
46.3642,-111.3083,10.0,65.0,36.0,,2.52,-0.06,5.0,2739.0,2.725,249.0,,62.0,-20.0,9.0,8.5,-15.0,5017550
46.3672,-111.2922,9.2,56.0,31.0,,2.64,-0.05,9.0,3238.0,2.498,220.0,,51.0,-20.0,8.1,7.8,-15.0,5017551
46.3422,-111.3147,13.6,96.0,48.0,,3.49,-0.06,6.0,3891.0,4.017,483.0,,108.0,-20.0,19.6,8.6,-15.0,5017552
46.3425,-111.3169,13.2,80.0,41.0,,2.79,-0.07,11.0,3203.0,3.663,227.0,,71.0,-20.0,11.1,9.7,-15.0,5017553
46.3289,-111.2772,11.2,79.0,39.0,,3.02,-0.07,10.0,2307.0,2.796,229.0,,59.0,-20.0,8.9,9.2,-15.0,5017554
46.3444,-111.2886,10.0,77.0,40.0,,3.5,-0.05,12.0,3146.0,3.553,222.0,,52.0,-20.0,8.2,9.6,-15.0,5017555
46.3689,-111.2831,10.1,72.0,37.0,,2.82,-0.07,14.0,2722.0,2.994,196.0,,59.0,-20.0,7.7,9.3,-15.0,5017556
46.2994,-111.2656,13.4,122.0,53.0,,4.0,-0.07,35.0,-1360.0,4.306,191.0,,68.0,-20.0,8.3,13.5,-15.0,5017557
46.2872,-111.2592,11.0,80.0,39.0,,4.08,-0.06,10.0,2832.0,2.112,256.0,,75.0,-20.0,11.1,8.9,-15.0,5017558
46.4878,-111.1514,8.7,79.0,49.0,,7.47,-0.07,6.0,4280.0,4.021,238.0,,38.0,-20.0,7.9,8.7,-15.0,5017560
46.4878,-111.1625,8.5,58.0,36.0,,3.12,-0.07,9.0,3015.0,2.84,222.0,,46.0,-20.0,9.7,9.0,-15.0,5017562
46.4956,-111.1514,8.2,72.0,35.0,,4.33,-0.05,12.0,3431.0,2.707,211.0,,40.0,-20.0,8.3,8.4,-15.0,5017563
46.2811,-111.5181,8.8,65.0,34.0,,3.16,-0.09,,3609.0,2.62,,,46.0,,5.8,9.7,,5017875
46.0603,-111.1522,8.5,65.0,35.0,,1.93,-0.07,14.0,-903.0,5.301,195.0,,50.0,-20.0,7.5,16.4,-15.0,5017581
46.0989,-111.1683,6.4,67.0,29.0,,2.32,-0.05,5.0,4643.0,4.994,203.0,,54.0,-20.0,6.5,10.7,-15.0,5017582
46.6506,-111.6739,9.9,64.0,32.0,,2.62,-0.07,14.0,5188.0,3.515,218.0,,81.0,-20.0,7.7,10.5,-15.0,5017586
46.6883,-111.6439,-0.9,-4.0,39.0,,3.43,-0.05,11.0,3417.0,3.046,222.0,,-8.0,-20.0,8.4,11.2,-15.0,5017587
46.6931,-111.6256,8.2,62.0,29.0,,2.6,-0.09,55.0,-1792.0,2.637,149.0,,47.0,-20.0,6.0,8.9,-15.0,5017588
46.7058,-111.6156,9.7,71.0,36.0,,3.24,-0.07,18.0,2736.0,3.25,177.0,,56.0,-20.0,6.2,9.9,-15.0,5017589
46.7169,-111.5886,7.0,52.0,30.0,,2.41,-0.07,18.0,2214.0,3.068,130.0,,47.0,-20.0,4.6,9.8,-15.0,5017590
46.6672,-111.6928,-1.0,69.0,32.0,,3.57,-0.06,13.0,4728.0,3.11,194.0,,-9.0,-20.0,9.6,10.3,-15.0,5017591
46.6608,-111.7192,11.0,72.0,36.0,,3.21,-0.07,17.0,2256.0,3.732,276.0,,62.0,-20.0,11.1,9.4,-15.0,5017592
46.6692,-111.7325,10.6,71.0,35.0,,3.2,-0.07,13.0,3112.0,3.262,221.0,,66.0,-20.0,8.2,9.5,-15.0,5017593
46.6803,-111.7411,11.2,71.0,38.0,,3.57,-0.07,14.0,2490.0,2.786,244.0,,71.0,-20.0,8.8,10.1,-15.0,5017594
46.6878,-111.7397,12.3,-3.0,44.0,,3.06,-0.05,12.0,3292.0,2.998,272.0,,77.0,-20.0,9.1,10.2,-15.0,5017595
46.7081,-111.7231,9.4,82.0,37.0,,3.1,-0.07,9.0,2022.0,3.042,204.0,,62.0,-20.0,7.8,10.8,-15.0,5017596
46.7142,-111.7286,11.8,71.0,39.0,,3.44,0.15,13.0,3179.0,3.351,242.0,,94.0,-20.0,9.3,10.7,-15.0,5017597
46.7314,-111.6914,11.6,69.0,34.0,,3.53,-0.07,17.0,3871.0,3.563,177.0,,47.0,-20.0,7.0,12.5,-15.0,5017598
46.7392,-111.7286,11.7,72.0,36.0,,3.59,-0.06,29.0,3658.0,3.709,179.0,,-9.0,-20.0,-1.0,13.3,-15.0,5017599
46.7317,-111.725,5.7,38.0,20.0,,2.02,0.2,16.0,2786.0,3.08,111.0,,-15.0,-20.0,3.6,9.5,-15.0,5017600
46.7369,-111.7119,8.8,60.0,27.0,,3.22,-0.08,20.0,2069.0,3.061,134.0,,47.0,-20.0,4.6,8.8,-15.0,5017601
46.7492,-111.6808,9.0,58.0,35.0,,3.04,-0.07,11.0,2381.0,2.888,143.0,,47.0,-20.0,5.1,9.4,-15.0,5017602
46.6339,-111.7231,-25.4,83.0,44.0,,3.31,-0.05,8.0,4775.0,3.941,229.0,,39.0,-20.0,9.4,13.2,-15.0,5017603
46.6197,-111.7072,24.8,116.0,63.0,,4.07,-0.08,15.0,3384.0,4.488,421.0,,46.0,-20.0,17.1,14.1,-15.0,5017604
46.6297,-111.7292,11.3,85.0,44.0,,2.92,-0.08,13.0,4939.0,6.119,258.0,,119.0,-20.0,9.7,21.0,-15.0,5017605
46.6892,-111.5822,9.6,74.0,40.0,,3.3,-0.07,14.0,3983.0,3.675,256.0,,123.0,-20.0,9.1,9.7,-15.0,5017606
46.6581,-111.5425,17.0,-4.0,41.0,,3.57,-0.06,10.0,2918.0,2.65,218.0,,-8.0,-20.0,7.4,10.6,-15.0,5017607
46.6572,-111.5403,12.9,89.0,41.0,,3.64,-0.09,15.0,-942.0,2.932,199.0,,64.0,-20.0,8.0,10.8,-15.0,5017608
46.6636,-111.5372,8.8,66.0,35.0,,3.14,-0.08,14.0,3729.0,2.932,208.0,,40.0,-20.0,7.0,7.5,-15.0,5017609
46.6869,-111.5203,7.3,53.0,32.0,,2.66,-0.07,8.0,2249.0,2.41,180.0,,41.0,-20.0,7.3,7.6,-15.0,5017610
46.685,-111.5208,12.6,-4.0,42.0,,4.26,-0.06,12.0,5326.0,2.927,480.0,,49.0,-20.0,17.5,8.0,-15.0,5017611
46.6953,-111.5094,8.7,59.0,32.0,,2.5,-0.08,13.0,2738.0,3.023,141.0,,46.0,-20.0,5.7,9.6,-15.0,5017612
46.7217,-111.49,7.0,51.0,32.0,,2.5,-0.06,9.0,1468.0,2.63,114.0,,46.0,-20.0,4.2,7.5,-15.0,5017613
46.7256,-111.4967,9.1,65.0,35.0,,2.79,-0.07,9.0,2788.0,3.118,188.0,,47.0,-20.0,7.1,8.8,-15.0,5017614
46.7444,-111.5203,17.6,-4.0,40.0,,3.28,-0.06,11.0,4762.0,3.71,167.0,,-9.0,-20.0,6.2,10.3,-15.0,5017615
46.7369,-111.5036,6.5,48.0,25.0,,2.1,-0.06,7.0,-750.0,1.83,135.0,,37.0,-20.0,4.9,6.4,-15.0,5017616
46.6261,-111.5856,10.4,65.0,35.0,,2.74,-0.06,14.0,2985.0,2.847,215.0,,58.0,-20.0,8.1,8.9,-15.0,5017617
46.6264,-111.5872,8.9,66.0,35.0,,2.8,-0.06,14.0,2848.0,2.546,242.0,,54.0,-20.0,9.7,8.9,-15.0,5017618
46.6422,-111.6272,11.2,-3.0,37.0,,2.78,-0.05,10.0,2862.0,2.771,262.0,,63.0,-20.0,9.8,9.3,-15.0,5017619
46.6433,-111.6153,10.8,70.0,40.0,,3.01,-0.06,13.0,3700.0,2.953,303.0,,66.0,-20.0,11.7,9.6,-15.0,5017620
46.6458,-111.6486,10.7,66.0,34.0,,2.71,-0.06,17.0,2726.0,3.001,241.0,,59.0,-20.0,9.7,8.8,-15.0,5017621
46.6083,-111.705,15.1,70.0,33.0,,2.59,-0.08,21.0,3326.0,4.289,197.0,,30.0,-20.0,7.2,18.7,-15.0,5017622
46.5914,-111.6878,9.0,-4.0,34.0,,2.49,-0.06,20.0,3516.0,4.92,264.0,,-9.0,-20.0,9.6,13.3,-15.0,5017623
46.5939,-111.6942,7.3,53.0,29.0,,2.4,-0.07,18.0,2410.0,2.932,161.0,,49.0,-20.0,5.4,9.4,-15.0,5017624
46.6006,-111.7017,11.9,79.0,43.0,,2.84,-0.06,12.0,3055.0,3.987,306.0,,46.0,-20.0,10.5,11.8,-15.0,5017625
46.6153,-111.5025,9.4,77.0,33.0,,3.27,-0.07,16.0,3025.0,3.027,206.0,,58.0,-20.0,7.8,9.1,-15.0,5017626
46.6214,-111.4644,9.6,64.0,38.0,,3.67,-0.08,9.0,4343.0,3.548,303.0,,72.0,-20.0,9.1,8.7,-15.0,5017627
46.6336,-111.4764,13.9,101.0,48.0,,4.32,-0.06,17.0,6433.0,3.779,365.0,,39.0,-20.0,11.9,7.8,-15.0,5017628
46.6342,-111.4444,9.5,70.0,37.0,,3.17,-0.08,12.0,7114.0,3.791,343.0,,55.0,-20.0,11.4,7.8,-15.0,5017629
46.6344,-111.4414,9.2,60.0,32.0,,2.82,-0.08,16.0,2471.0,3.855,137.0,,49.0,-20.0,5.1,10.3,-15.0,5017630
46.4897,-111.4239,9.3,57.0,27.0,,2.72,-0.07,20.0,2520.0,2.753,129.0,,45.0,-20.0,4.2,8.6,-15.0,5017642
46.6583,-111.4242,7.7,53.0,31.0,,2.68,-0.09,9.0,3453.0,4.049,149.0,,50.0,-20.0,5.4,10.1,-15.0,5017631
46.6583,-111.4231,9.1,61.0,31.0,,2.75,-0.06,16.0,2879.0,3.549,155.0,,45.0,-20.0,5.1,9.2,-15.0,5017632
46.66,-111.3808,9.9,67.0,39.0,,3.0,-0.08,17.0,2924.0,4.311,182.0,,51.0,-20.0,6.7,11.1,-15.0,5017633
46.6606,-111.3822,10.6,62.0,34.0,,3.12,-0.07,14.0,3058.0,4.178,189.0,,49.0,-20.0,5.9,9.0,-15.0,5017634
46.6083,-111.3872,13.9,103.0,55.0,,4.63,-0.07,29.0,2328.0,4.464,161.0,,49.0,-20.0,5.2,8.9,-15.0,5017635
46.6144,-111.3808,9.7,68.0,34.0,,2.78,-0.06,11.0,2456.0,3.608,131.0,,52.0,-20.0,4.6,10.4,-15.0,5017636
46.6144,-111.3794,9.0,63.0,31.0,,2.68,-0.08,34.0,4478.0,4.139,148.0,,50.0,-20.0,4.7,9.9,-15.0,5017637
46.6289,-111.3886,9.8,68.0,37.0,,3.14,-0.07,10.0,2730.0,3.682,212.0,,56.0,-20.0,8.1,9.6,-15.0,5017638
46.6,-111.4164,8.6,58.0,37.0,,2.92,0.21,11.0,1745.0,3.635,156.0,,39.0,-20.0,5.3,7.2,-15.0,5017639
46.5903,-111.4314,18.5,75.0,63.0,,30.02,-0.08,9.0,1627.0,4.182,183.0,,43.0,-20.0,6.4,8.9,-15.0,5017640
46.5072,-111.3997,12.9,102.0,61.0,,28.94,-0.06,15.0,3144.0,3.208,283.0,,41.0,-20.0,11.0,6.1,-15.0,5017641
46.4931,-111.4267,14.6,99.0,56.0,,8.77,-0.05,11.0,3941.0,3.36,288.0,,38.0,-20.0,9.6,7.1,-15.0,5017643
46.4969,-111.4456,8.6,68.0,36.0,,3.02,-0.07,12.0,2698.0,3.313,162.0,,41.0,-20.0,5.3,8.8,-15.0,5017644
46.4917,-111.4842,8.5,54.0,32.0,,2.98,-0.06,9.0,2165.0,2.612,184.0,,54.0,-20.0,6.3,7.2,-15.0,5017645
46.5653,-111.4619,11.7,65.0,36.0,,3.97,-0.07,14.0,2614.0,2.887,230.0,,49.0,-20.0,8.4,7.6,-15.0,5017646
46.5836,-111.4361,10.4,70.0,37.0,,3.43,-0.06,11.0,2682.0,3.109,166.0,,46.0,-20.0,4.9,8.4,-15.0,5017647
46.5469,-111.4725,10.7,97.0,44.0,,4.31,-0.07,12.0,3530.0,3.241,270.0,,44.0,-20.0,10.5,8.1,-15.0,5017648
46.5464,-111.5092,8.9,60.0,32.0,,2.81,-0.06,17.0,3165.0,3.078,209.0,,50.0,-20.0,7.6,9.2,-15.0,5017649
46.5353,-111.5397,10.0,65.0,38.0,,2.71,-0.06,7.0,2500.0,2.516,220.0,,45.0,-20.0,8.6,7.8,-15.0,5017650
46.5678,-111.4981,10.5,79.0,40.0,,3.67,-0.05,15.0,3444.0,3.149,254.0,,97.0,-20.0,10.5,10.3,-15.0,5017651
46.5658,-111.5119,8.1,65.0,36.0,,2.68,-0.06,12.0,3047.0,2.879,249.0,,65.0,-20.0,9.5,8.6,-15.0,5017652
46.5736,-111.5119,10.7,65.0,42.0,,2.93,-0.06,21.0,3851.0,3.186,266.0,,66.0,-20.0,10.6,9.3,-15.0,5017653
46.5981,-111.5169,10.9,74.0,34.0,,3.23,-0.06,17.0,2968.0,3.17,297.0,,65.0,-20.0,10.0,10.4,-15.0,5017654
46.6033,-111.5817,11.0,71.0,39.0,,2.82,-0.05,14.0,2994.0,2.81,208.0,,59.0,-20.0,8.4,8.6,-15.0,5017655
46.5967,-111.5956,10.1,67.0,37.0,,2.85,-0.07,8.0,2904.0,2.93,229.0,,58.0,-20.0,9.3,9.1,-15.0,5017656
46.6075,-111.6114,9.1,60.0,32.0,,2.76,-0.06,11.0,2875.0,2.671,199.0,,51.0,-20.0,6.9,8.6,-15.0,5017657
46.6083,-111.6117,7.8,64.0,37.0,,2.8,-0.06,12.0,2805.0,2.563,207.0,,54.0,-20.0,7.7,8.3,-15.0,5017658
46.6214,-111.6239,10.2,67.0,34.0,,2.75,-0.05,9.0,3058.0,2.521,225.0,,57.0,-20.0,8.7,8.4,-15.0,5017659
46.5325,-111.7411,9.6,69.0,37.0,,3.13,-0.08,16.0,3540.0,3.531,241.0,,57.0,-20.0,9.8,10.4,-15.0,5017660
46.5294,-111.7353,9.1,78.0,37.0,,3.84,-0.07,13.0,4026.0,4.339,264.0,,53.0,-20.0,9.7,12.4,-15.0,5017661
46.5039,-111.73,8.5,60.0,37.0,,2.98,-0.08,21.0,2884.0,4.738,206.0,,46.0,-20.0,7.2,12.0,-15.0,5017662
46.5047,-111.655,6.9,67.0,33.0,,5.2,-0.07,14.0,3571.0,3.371,154.0,,41.0,-20.0,4.9,11.6,-15.0,5017663
46.5028,-111.6481,7.1,62.0,32.0,,7.59,-0.08,9.0,3785.0,4.003,178.0,,51.0,-20.0,5.8,13.4,-15.0,5017664
46.5342,-111.7203,10.1,74.0,35.0,,2.9,-0.07,31.0,3731.0,3.177,252.0,,63.0,-20.0,9.0,9.3,-15.0,5017665
46.5486,-111.7389,10.7,59.0,39.0,,2.93,-0.07,13.0,3509.0,3.338,226.0,,60.0,-20.0,8.4,10.7,-15.0,5017666
46.5886,-111.8514,17.5,88.0,49.0,,4.73,0.15,21.0,2465.0,5.111,778.0,,89.0,-20.0,30.8,8.7,-15.0,5017760
46.5875,-111.8083,10.8,59.0,37.0,,2.69,-0.06,16.0,2192.0,2.812,204.0,,45.0,-20.0,7.7,9.6,-15.0,5017761
46.5869,-111.7892,11.8,72.0,38.0,,2.94,-0.07,25.0,3416.0,3.663,270.0,,63.0,-20.0,10.2,10.1,-15.0,5017762
46.5994,-111.7858,11.3,71.0,39.0,,3.0,0.22,10.0,4771.0,4.012,270.0,,69.0,-20.0,9.2,11.2,-15.0,5017763
46.6239,-111.7872,9.8,67.0,30.0,,2.8,-0.04,15.0,2144.0,2.37,218.0,,48.0,-20.0,8.1,8.4,-15.0,5017764
46.6286,-111.7842,11.8,87.0,43.0,,3.41,-0.06,10.0,2603.0,3.339,294.0,,49.0,-20.0,12.8,10.8,-15.0,5017765
46.6267,-111.7942,16.6,85.0,42.0,,4.22,-0.07,18.0,3044.0,3.962,386.0,,58.0,-20.0,17.2,9.3,-15.0,5017766
46.6464,-111.8281,12.9,84.0,43.0,,3.79,-0.06,16.0,2367.0,2.976,415.0,,40.0,-20.0,18.2,8.9,-15.0,5017767
46.6461,-111.8264,18.3,84.0,43.0,,4.86,-0.05,15.0,2352.0,3.462,430.0,,58.0,-20.0,18.1,9.0,-15.0,5017768
46.6714,-111.8347,10.6,63.0,34.0,,4.18,-0.07,-5.0,3219.0,3.115,210.0,,41.0,-20.0,8.8,10.2,-15.0,5017769
46.6761,-111.8342,15.3,72.0,37.0,,5.6,-0.06,13.0,3015.0,2.35,326.0,,38.0,-20.0,12.9,7.2,-15.0,5017770
46.6822,-111.8369,11.4,107.0,48.0,,3.49,-0.05,10.0,-803.0,3.055,191.0,,56.0,-20.0,6.9,9.7,-15.0,5017771
46.695,-111.8142,11.0,71.0,39.0,,3.15,-0.06,11.0,2670.0,3.009,293.0,,69.0,-20.0,11.3,9.1,-15.0,5017772
46.7072,-111.8161,10.3,76.0,39.0,,3.15,-0.05,14.0,2469.0,2.612,258.0,,57.0,-20.0,9.4,8.5,-15.0,5017773
46.7081,-111.7831,10.2,72.0,35.0,,3.13,-0.06,12.0,3814.0,2.848,201.0,,58.0,-20.0,6.7,10.2,-15.0,5017774
46.7094,-111.7839,11.7,72.0,38.0,,3.02,-0.05,13.0,2073.0,3.279,143.0,,69.0,-20.0,4.6,12.0,-15.0,5017775
46.7106,-111.7733,12.4,82.0,43.0,,3.11,-0.07,9.0,3705.0,3.394,202.0,,90.0,-20.0,7.2,11.8,-15.0,5017776
46.7139,-111.7686,12.3,77.0,41.0,,3.5,-0.06,12.0,3095.0,3.336,212.0,,62.0,-20.0,8.4,11.3,-15.0,5017777
46.7142,-111.7525,10.0,76.0,40.0,,3.14,-0.06,13.0,3451.0,2.877,211.0,,57.0,-20.0,6.9,10.2,-15.0,5017778
46.7158,-111.7569,11.5,80.0,41.0,,3.33,-0.05,12.0,2474.0,3.199,230.0,,67.0,-20.0,7.7,10.7,-15.0,5017779
46.7261,-111.7542,10.4,71.0,38.0,,3.41,-0.08,23.0,3044.0,2.998,173.0,,58.0,-20.0,5.9,10.8,-15.0,5017780
46.7347,-111.7575,11.3,80.0,40.0,,3.45,-0.08,20.0,3868.0,3.717,202.0,,124.0,-20.0,7.8,12.6,-15.0,5017781
46.6814,-111.8928,16.7,83.0,34.0,,5.99,-0.06,20.0,2007.0,2.415,206.0,,32.0,-20.0,8.7,7.7,-15.0,5017782
46.6992,-111.8986,14.5,93.0,43.0,,3.78,-0.05,18.0,1801.0,2.89,253.0,,50.0,-20.0,10.3,10.3,-15.0,5017783
46.6739,-111.8928,15.8,71.0,41.0,,5.18,-0.08,15.0,3284.0,2.964,207.0,,34.0,-20.0,7.1,9.6,-15.0,5017784
46.6578,-111.8922,22.2,110.0,54.0,,5.58,-0.07,16.0,3941.0,5.694,554.0,,69.0,-20.0,25.4,10.5,-15.0,5017785
46.6464,-111.8978,12.6,81.0,38.0,,4.14,-0.06,13.0,2785.0,3.091,273.0,,42.0,-20.0,10.9,9.8,-15.0,5017786
46.6319,-111.9603,20.3,80.0,44.0,,11.33,0.08,281.0,-1300.0,4.291,223.0,,63.0,-20.0,8.8,12.6,-15.0,5017787
46.6286,-111.9717,22.7,95.0,50.0,,7.94,0.33,47.0,2354.0,4.212,565.0,,46.0,-20.0,27.6,12.9,18.0,5017788
46.6064,-111.9575,11.5,61.0,32.0,,3.0,-0.05,12.0,2770.0,2.372,195.0,,36.0,-20.0,7.8,7.1,-15.0,5017789
46.5994,-111.9317,33.2,122.0,63.0,,10.16,0.15,57.0,3363.0,5.802,1346.0,,81.0,-20.0,45.8,13.3,-15.0,5017790
46.7231,-111.9042,11.1,77.0,39.0,,3.16,-0.05,25.0,-665.0,2.328,239.0,,47.0,-20.0,10.1,8.3,-15.0,5017791
46.7308,-111.8983,10.3,73.0,41.0,,3.48,-0.06,21.0,3309.0,2.734,272.0,,58.0,-20.0,11.1,8.6,-15.0,5017792
46.7433,-111.9092,8.9,60.0,29.0,,3.0,-0.06,36.0,3284.0,2.832,236.0,,65.0,-20.0,9.0,9.4,-15.0,5017793
46.7458,-111.9108,7.5,52.0,26.0,,2.76,-0.05,38.0,2643.0,2.178,192.0,,56.0,-20.0,7.0,7.3,-15.0,5017794
46.7408,-111.8942,9.9,77.0,35.0,,3.17,-0.04,,-637.0,2.186,,,42.0,,8.6,7.2,,5017795
46.7383,-111.9533,10.6,59.0,31.0,,3.08,-0.07,15.0,2576.0,2.833,221.0,,36.0,-20.0,7.7,9.7,-15.0,5017796
46.7367,-111.9469,9.9,64.0,31.0,,2.83,-0.06,20.0,2975.0,2.66,235.0,,51.0,-20.0,9.5,7.9,-15.0,5017797
46.6997,-111.9783,11.4,65.0,34.0,,3.73,-0.07,13.0,3006.0,2.719,191.0,,56.0,-20.0,6.9,9.9,-15.0,5017798
46.7975,-111.7936,11.4,63.0,36.0,,3.18,-0.05,18.0,2874.0,2.812,176.0,,44.0,-20.0,6.6,10.0,-15.0,5017799
46.7914,-111.8872,6.2,54.0,24.0,,1.99,-0.07,18.0,2401.0,2.802,138.0,,72.0,-20.0,4.7,9.2,-15.0,5017808
46.7889,-111.8858,7.2,56.0,28.0,,2.6,-0.06,6.0,2603.0,2.753,186.0,,87.0,-20.0,7.2,8.7,-15.0,5017809
46.7908,-111.8711,8.4,58.0,30.0,,2.59,-0.05,8.0,2372.0,2.717,214.0,,117.0,-20.0,9.5,10.1,-15.0,5017811
46.7997,-111.8483,5.4,44.0,23.0,,2.36,-0.06,11.0,1953.0,1.926,146.0,,55.0,-20.0,5.6,6.8,-15.0,5017812
46.7875,-111.7875,9.9,66.0,29.0,,2.81,-0.07,25.0,2315.0,2.733,204.0,,58.0,-20.0,9.0,9.0,-15.0,5017813
46.7847,-111.7756,10.2,64.0,36.0,,3.39,-0.06,18.0,2571.0,2.671,159.0,,41.0,-20.0,5.9,8.4,-15.0,5017814
46.7567,-111.7789,10.5,76.0,39.0,,3.22,-0.05,11.0,2439.0,2.678,219.0,,59.0,-20.0,8.2,9.9,-15.0,5017815
46.7514,-111.7658,9.4,70.0,35.0,,3.17,-0.07,14.0,3291.0,3.191,184.0,,85.0,-20.0,6.4,10.7,-15.0,5017816
46.5817,-111.9864,9.8,55.0,29.0,,2.46,-0.06,-5.0,2460.0,2.541,172.0,,44.0,-20.0,6.7,8.0,-15.0,5017817
46.5656,-111.9622,10.6,57.0,32.0,,2.5,-0.05,18.0,-863.0,2.134,190.0,,45.0,-20.0,7.4,7.8,-15.0,5017818
46.5414,-111.9525,6.7,55.0,33.0,,1.84,-0.06,24.0,1825.0,2.156,139.0,,33.0,-20.0,5.3,6.3,-15.0,5017819
46.5339,-111.9969,9.9,72.0,35.0,,7.35,-0.09,64.0,3429.0,4.594,212.0,,62.0,-20.0,9.6,13.6,-15.0,5017820
46.5103,-111.9522,17.1,77.0,46.0,,5.1,-0.08,30.0,4360.0,4.205,329.0,,68.0,-20.0,14.2,14.8,-15.0,5017821
46.5297,-111.9967,9.5,72.0,34.0,,3.17,-0.06,41.0,4063.0,4.631,265.0,,67.0,-20.0,10.9,14.8,-15.0,5017822
46.4972,-111.95,30.3,108.0,53.0,,6.12,-0.09,20.0,4061.0,5.17,449.0,,53.0,-20.0,19.7,19.0,-15.0,5017823
46.4903,-111.9633,23.2,90.0,43.0,,5.04,-0.1,21.0,4437.0,5.188,317.0,,43.0,-20.0,14.5,20.1,-15.0,5017824
46.4661,-111.9792,35.3,127.0,64.0,,6.66,-0.1,24.0,4730.0,5.8,455.0,,37.0,-20.0,21.3,21.3,-15.0,5017825
46.4786,-111.9803,28.4,136.0,58.0,,5.25,-0.07,15.0,-1037.0,4.129,433.0,,40.0,-20.0,18.4,15.7,-15.0,5017826
46.4653,-111.9944,86.7,199.0,99.0,,14.41,-0.08,81.0,3800.0,9.448,2464.0,,64.0,-20.0,101.9,13.2,-15.0,5017827
46.4181,-111.9994,93.5,228.0,124.0,,19.54,-0.08,,4920.0,7.356,,,59.0,,72.0,13.3,,5017828
46.4456,-111.9683,35.0,113.0,58.0,,16.1,-0.06,12.0,2932.0,3.245,531.0,,30.0,-20.0,26.7,8.7,-15.0,5017829
46.4406,-111.9614,15.7,51.0,28.0,,4.14,-0.03,15.0,-664.0,1.359,147.0,,16.0,-20.0,6.9,4.3,-15.0,5017830
46.4322,-111.9522,62.5,182.0,108.0,,15.67,-0.08,22.0,3161.0,6.906,1237.0,,45.0,-20.0,70.7,10.0,-15.0,5017831
46.4219,-111.9497,27.1,99.0,49.0,,6.23,-0.08,25.0,3736.0,4.012,299.0,,51.0,-20.0,12.7,14.2,-15.0,5017832
46.4194,-111.9461,27.7,108.0,51.0,,6.41,-0.08,59.0,3424.0,3.451,361.0,,48.0,-20.0,14.4,13.5,-15.0,5017833
46.4233,-111.9283,52.9,141.0,79.0,,17.08,0.46,1184.0,-1487.0,6.647,1454.0,,57.0,-20.0,59.5,16.1,21.0,5017834
46.4261,-111.9272,48.8,135.0,74.0,,17.18,-0.09,29.0,4075.0,5.67,1159.0,,45.0,-20.0,50.4,14.2,36.0,5017835
46.4928,-111.8978,20.9,111.0,53.0,,4.32,-0.08,14.0,4175.0,5.059,303.0,,88.0,-20.0,12.1,20.6,-15.0,5017836
46.4889,-111.8744,20.1,90.0,58.0,,8.06,0.2,33.0,3832.0,6.087,733.0,,79.0,-20.0,29.5,15.0,-15.0,5017837
46.4869,-111.8733,28.9,112.0,61.0,,11.8,-0.09,268.0,6017.0,18.01,3625.0,,191.0,-20.0,133.4,16.2,-15.0,5017838
46.4808,-111.8628,18.1,109.0,57.0,,9.67,-0.09,33.0,5188.0,8.221,694.0,,106.0,-20.0,26.7,17.1,16.0,5017839
46.48,-111.8358,17.1,86.0,51.0,,5.44,-0.08,20.0,3237.0,5.441,417.0,,70.0,-20.0,17.2,11.8,-15.0,5017840
46.4828,-111.8364,11.1,86.0,44.0,,4.16,-0.07,15.0,3764.0,3.721,330.0,,60.0,-20.0,13.2,11.6,-15.0,5017841
46.4964,-111.8569,12.1,71.0,43.0,,3.41,-0.03,9.0,-760.0,2.004,193.0,,15.0,-20.0,6.6,3.2,-15.0,5017842
46.5036,-111.8494,19.1,121.0,59.0,,5.35,-0.09,15.0,4632.0,5.018,315.0,,100.0,-20.0,12.2,20.4,-15.0,5017843
46.5292,-111.8461,6.7,76.0,36.0,,2.76,-0.07,73.0,3920.0,5.862,316.0,,605.0,-20.0,9.6,22.1,-15.0,5017844
46.5519,-111.8667,15.4,82.0,43.0,,4.36,-0.06,27.0,3492.0,3.847,591.0,,66.0,-20.0,23.0,9.6,-15.0,5017845
46.5661,-111.8306,10.8,76.0,42.0,,3.67,-0.06,32.0,2860.0,5.941,500.0,,185.0,-20.0,20.0,14.0,-15.0,5017846
46.5414,-111.8283,10.1,59.0,37.0,,2.88,-0.07,,3282.0,2.715,,,58.0,,8.0,9.8,,5017847
46.5331,-111.9331,12.7,67.0,35.0,,3.09,-0.06,,2870.0,3.536,,,68.0,,10.5,11.5,,5017848
46.5331,-111.9189,10.7,79.0,39.0,,3.18,-0.08,9.0,3784.0,6.131,331.0,,171.0,-20.0,13.3,19.8,-15.0,5017849
46.5339,-111.9361,62.2,121.0,73.0,,14.21,0.25,-5.0,4497.0,10.83,2324.0,,144.0,-20.0,94.0,12.4,69.0,5017850
46.1653,-111.9658,7.0,50.0,30.0,,2.47,-0.06,23.0,2752.0,2.959,184.0,,79.0,-20.0,6.7,10.1,-15.0,5017851
46.1656,-111.95,14.0,70.0,37.0,,3.18,-0.06,16.0,3076.0,3.04,331.0,,62.0,-20.0,12.6,9.8,-15.0,5017852
46.1819,-112.0292,,,,,4.9,,,,,,,,,,,,5039579
46.1647,-111.93,11.0,60.0,33.0,,2.73,-0.06,21.0,2736.0,2.658,198.0,,40.0,-20.0,7.5,8.5,-15.0,5017853
46.1583,-111.9158,52.9,226.0,111.0,,11.8,-0.06,41.0,6464.0,13.01,1597.0,,166.0,-20.0,71.5,13.0,-15.0,5017854
46.1658,-111.9528,16.7,90.0,51.0,,4.68,-0.07,16.0,3594.0,3.829,553.0,,74.0,-20.0,22.6,10.2,-15.0,5017855
46.1472,-111.9689,13.2,71.0,40.0,,3.26,-0.06,21.0,3234.0,2.941,300.0,,49.0,-20.0,11.7,9.6,-15.0,5017856
46.1403,-111.9558,15.2,76.0,37.0,,3.89,-0.07,14.0,3293.0,3.942,283.0,,46.0,-20.0,11.5,10.9,-15.0,5017857
46.1325,-111.9292,12.5,79.0,38.0,,3.07,-0.05,19.0,3517.0,2.868,246.0,,59.0,-20.0,9.4,10.0,-15.0,5017858
46.1244,-111.9119,14.6,84.0,51.0,,3.47,-0.07,18.0,4060.0,3.869,401.0,,58.0,-20.0,16.0,12.2,-15.0,5017859
46.1044,-111.8889,11.5,59.0,29.0,,2.83,-0.07,7.0,2872.0,2.826,187.0,,43.0,-20.0,6.8,9.4,-15.0,5017860
46.0894,-111.8236,13.2,75.0,36.0,,3.46,-0.06,8.0,3187.0,2.891,285.0,,54.0,-20.0,10.7,10.3,-15.0,5017861
46.0944,-111.7819,13.4,75.0,35.0,,3.25,-0.05,16.0,2493.0,2.869,247.0,,48.0,-20.0,10.2,10.2,-15.0,5017862
46.0678,-111.765,13.1,82.0,45.0,,3.52,-0.07,15.0,2699.0,3.372,320.0,,60.0,-20.0,13.3,10.3,-15.0,5017863
46.0569,-111.7653,18.9,86.0,46.0,,4.7,-0.07,17.0,3375.0,4.816,460.0,,77.0,-20.0,19.8,11.1,15.0,5017864
46.0889,-111.8019,7.9,45.0,22.0,,4.91,-0.07,12.0,3348.0,3.272,152.0,,102.0,-20.0,5.9,8.5,-15.0,5017865
46.0897,-111.8056,15.1,83.0,43.0,,3.27,-0.05,21.0,4762.0,7.065,429.0,,233.0,-20.0,17.3,15.2,-15.0,5017866
46.3339,-111.55,8.1,59.0,33.0,,2.46,-0.06,13.0,4155.0,3.984,193.0,,53.0,-20.0,7.2,10.7,-15.0,5017867
46.3156,-111.5783,6.2,50.0,26.0,,2.15,-0.06,23.0,2144.0,3.824,157.0,,42.0,-20.0,5.5,7.3,-15.0,5017868
46.3022,-111.6031,5.6,43.0,22.0,,2.5,-0.05,13.0,-822.0,5.051,125.0,,38.0,-20.0,4.4,6.0,-15.0,5017869
46.2636,-111.5894,9.6,69.0,34.0,,3.64,-0.08,17.0,2132.0,2.693,181.0,,57.0,-20.0,6.4,9.1,-15.0,5017870
46.3225,-111.5494,8.8,63.0,29.0,,2.68,-0.05,21.0,3319.0,3.418,185.0,,51.0,-20.0,7.1,9.0,-15.0,5017871
46.3175,-111.5472,10.2,66.0,36.0,,2.86,-0.07,15.0,3468.0,3.534,181.0,,53.0,-20.0,6.9,11.9,-15.0,5017872
46.3161,-111.5467,8.9,59.0,33.0,,2.89,-0.06,26.0,3885.0,3.742,184.0,,52.0,-20.0,7.6,12.2,-15.0,5017873
46.2961,-111.5406,9.8,63.0,35.0,,3.06,-0.05,19.0,2715.0,2.621,253.0,,66.0,-20.0,9.2,8.4,-15.0,5017874
46.2675,-111.5047,10.2,81.0,39.0,,3.21,-0.06,16.0,3342.0,3.097,229.0,,58.0,-20.0,9.3,12.3,-15.0,5017876
46.2614,-111.5028,11.3,78.0,35.0,,2.81,-0.09,,3496.0,2.933,,,58.0,,8.4,9.5,,5017877
46.3228,-111.6269,5.0,37.0,21.0,,2.09,-0.07,18.0,1617.0,2.194,105.0,,52.0,-20.0,3.2,7.7,-15.0,5017878
46.3053,-111.6361,8.3,59.0,33.0,,3.19,-0.04,9.0,4007.0,2.39,243.0,,71.0,-20.0,9.0,10.4,-15.0,5017879
46.2756,-111.6425,12.1,70.0,43.0,,3.79,-0.06,17.0,3309.0,3.018,243.0,,47.0,-20.0,9.3,9.6,-15.0,5017880
46.2536,-111.6419,8.5,61.0,30.0,,3.11,-0.06,18.0,3269.0,2.958,195.0,,59.0,-20.0,7.8,9.7,-15.0,5017881
46.2439,-111.6372,7.6,74.0,45.0,,3.15,-0.09,18.0,3988.0,3.628,251.0,,72.0,-20.0,9.4,11.9,-15.0,5017882
46.2572,-111.6744,8.2,80.0,39.0,,2.93,0.31,17.0,4215.0,4.468,255.0,,121.0,-20.0,9.5,13.8,-15.0,5017883
46.2642,-111.6728,6.5,56.0,33.0,,2.18,-0.09,24.0,3553.0,4.918,186.0,,175.0,-20.0,6.0,13.2,-15.0,5017884
46.2797,-111.6725,5.6,52.0,27.0,,2.41,-0.08,23.0,4182.0,4.607,166.0,,177.0,-20.0,6.3,11.8,-15.0,5017885
46.2794,-111.67,4.2,36.0,-11.0,,1.24,-0.12,31.0,2707.0,2.924,108.0,,-15.0,-20.0,3.2,7.0,-15.0,5017886
46.3303,-111.6764,5.7,72.0,34.0,,2.3,-0.08,30.0,4371.0,4.981,186.0,,34.0,-20.0,6.3,13.7,-15.0,5017887
46.3564,-111.6847,4.3,54.0,24.0,,1.58,-0.11,9.0,4079.0,4.568,144.0,,26.0,-20.0,4.4,14.3,-15.0,5017888
46.3267,-111.6964,5.0,56.0,26.0,,2.18,0.12,31.0,5172.0,3.866,174.0,,-9.0,-20.0,6.4,14.1,-15.0,5017889
46.3144,-111.7122,7.6,68.0,30.0,,1.94,-0.12,11.0,4892.0,4.543,157.0,,105.0,-20.0,5.0,14.1,-15.0,5017890
46.32,-111.7239,6.3,70.0,28.0,,3.3,-0.08,14.0,4200.0,4.274,172.0,,65.0,-20.0,5.6,13.1,-15.0,5017891
46.3272,-111.7389,4.4,41.0,26.0,,2.16,-0.14,56.0,2609.0,4.102,134.0,,131.0,-20.0,4.7,12.9,-15.0,5017892
46.3008,-111.7356,8.3,67.0,32.0,,3.24,-0.08,5.0,3436.0,2.846,261.0,,70.0,-20.0,9.7,10.5,-15.0,5017893
46.2894,-111.72,9.0,72.0,43.0,,3.11,-0.1,8.0,2926.0,3.255,306.0,,137.0,-20.0,10.5,11.7,-15.0,5017894
46.295,-111.7197,7.8,66.0,35.0,,3.52,-0.11,20.0,3353.0,4.293,220.0,,110.0,-20.0,8.5,13.0,-15.0,5017895
46.4147,-111.5989,7.5,60.0,36.0,,2.42,-0.1,35.0,3542.0,3.616,187.0,,51.0,-20.0,6.0,10.9,-15.0,5017896
46.4286,-111.58,8.9,75.0,46.0,,2.89,0.23,40.0,4203.0,4.685,277.0,,71.0,-20.0,11.4,13.1,-15.0,5017897
46.4317,-111.5683,9.5,73.0,49.0,,2.56,-0.11,14.0,2619.0,3.846,194.0,,59.0,-20.0,7.6,11.9,-15.0,5017898
46.4306,-111.5689,8.8,67.0,37.0,,2.7,-0.1,20.0,-902.0,4.004,213.0,,62.0,-20.0,8.0,11.8,-15.0,5017899
46.4578,-111.6033,4.5,37.0,-15.0,,8.85,-0.12,82.0,1821.0,3.717,106.0,,36.0,-20.0,3.2,6.4,-15.0,5017900
46.1867,-111.4828,8.3,56.0,32.0,,2.7,-0.07,8.0,2765.0,2.488,218.0,,49.0,-20.0,8.9,8.3,-15.0,5017901
46.1922,-111.4889,10.9,76.0,37.0,,3.13,-0.1,12.0,2679.0,2.994,276.0,,76.0,-20.0,10.6,9.8,-15.0,5017902
46.2053,-111.495,11.2,72.0,35.0,,3.05,-0.09,12.0,2009.0,3.605,299.0,,87.0,-20.0,11.3,8.3,-15.0,5017903
46.15,-111.4469,12.1,80.0,48.0,,3.21,-0.08,11.0,2626.0,2.857,358.0,,73.0,-20.0,13.4,7.3,-15.0,5017904
46.1075,-111.5086,10.4,67.0,41.0,,3.1,-0.06,13.0,3305.0,2.96,357.0,,64.0,-20.0,13.1,8.8,-15.0,5017905
46.1,-111.5133,11.9,83.0,40.0,,3.18,-0.09,11.0,3277.0,3.364,345.0,,71.0,-20.0,13.9,9.7,-15.0,5017906
46.0908,-111.5247,13.2,77.0,49.0,,2.87,-0.1,21.0,2873.0,3.311,238.0,,75.0,-20.0,9.9,9.4,-15.0,5017907
46.0758,-111.5356,11.0,72.0,37.0,,3.17,-0.09,14.0,3143.0,2.866,356.0,,61.0,-20.0,13.9,9.0,-15.0,5017908
46.075,-111.5369,15.4,98.0,58.0,,4.58,-0.07,18.0,6339.0,6.828,649.0,,111.0,-20.0,24.2,11.4,-15.0,5017909
46.055,-111.5578,11.4,71.0,39.0,,2.89,-0.09,11.0,3046.0,3.013,287.0,,66.0,-20.0,11.4,9.1,-15.0,5017910
46.0194,-111.5772,10.7,68.0,36.0,,2.66,-0.08,12.0,2039.0,2.65,267.0,,63.0,-20.0,9.8,7.9,-15.0,5017911
46.0206,-111.5758,11.1,68.0,42.0,,2.85,-0.09,18.0,2818.0,2.693,264.0,,58.0,-20.0,9.9,8.4,-15.0,5017912
46.0125,-111.5792,10.6,66.0,39.0,,2.66,-0.07,14.0,2622.0,2.74,228.0,,61.0,-20.0,8.6,8.6,-15.0,5017913
46.0061,-111.5775,11.8,80.0,34.0,,2.88,-0.1,17.0,2752.0,2.962,274.0,,69.0,-20.0,11.7,8.6,-15.0,5017914
46.0025,-111.5825,12.7,78.0,41.0,,3.17,-0.09,12.0,2492.0,2.938,306.0,,69.0,-20.0,11.9,8.9,-15.0,5017915
46.0181,-111.6194,9.2,60.0,36.0,,2.78,-0.09,16.0,2705.0,2.588,259.0,,59.0,-20.0,10.1,8.0,-15.0,5017916
46.0347,-111.6203,10.0,57.0,40.0,,2.59,-0.07,16.0,2405.0,2.378,221.0,,53.0,-20.0,7.7,8.1,-15.0,5017917
46.2211,-111.5222,9.8,65.0,45.0,,2.75,-0.1,8.0,2777.0,2.918,219.0,,65.0,-20.0,7.9,9.4,-15.0,5017918
46.2106,-111.5353,10.6,64.0,37.0,,2.81,-0.09,13.0,-837.0,2.866,232.0,,66.0,-20.0,9.4,9.6,-15.0,5017919
46.2108,-111.5511,10.3,65.0,37.0,,2.89,-0.1,15.0,3178.0,2.847,249.0,,59.0,-20.0,9.4,9.9,-15.0,5017920
46.2283,-111.5119,9.4,69.0,42.0,,3.13,-0.07,11.0,3887.0,2.872,276.0,,77.0,-20.0,9.8,10.1,-15.0,5017921
46.335,-111.6242,8.5,53.0,36.0,,2.46,-0.1,25.0,2589.0,3.345,218.0,,57.0,-20.0,8.1,10.3,-15.0,5017922
46.2433,-111.5075,10.7,79.0,39.0,,2.97,-0.1,14.0,2366.0,3.102,215.0,,62.0,-20.0,7.5,11.6,-15.0,5017923
46.2361,-111.5958,8.6,70.0,40.0,,3.08,-0.09,15.0,3356.0,3.291,208.0,,47.0,-20.0,7.2,10.5,-15.0,5017924
46.2394,-111.6147,10.4,66.0,41.0,,2.52,-0.07,11.0,3082.0,2.964,176.0,,61.0,-20.0,7.4,9.8,-15.0,5017925
46.2108,-111.5797,9.0,70.0,32.0,,2.69,-0.11,,2352.0,2.963,,,46.0,,4.8,10.0,,5017926
46.1694,-111.6119,9.5,62.0,33.0,,2.78,0.13,28.0,2870.0,4.105,220.0,,47.0,-20.0,7.5,10.9,-15.0,5017927
46.2014,-111.6297,5.7,52.0,30.0,,4.12,-0.11,17.0,4094.0,4.106,195.0,,40.0,-20.0,5.9,10.3,-15.0,5017928
46.2147,-111.735,8.8,56.0,34.0,,2.74,-0.07,27.0,3399.0,2.582,203.0,,64.0,-20.0,8.2,9.6,-15.0,5017929
46.2014,-111.6694,6.1,66.0,36.0,,2.25,-0.1,17.0,2505.0,3.52,183.0,,32.0,-20.0,5.9,9.7,-15.0,5017930
46.2058,-111.6617,5.4,54.0,30.0,,1.88,-0.1,6.0,2059.0,3.799,169.0,,42.0,-20.0,6.4,9.3,-15.0,5017931
46.2553,-111.7175,7.5,58.0,39.0,,2.58,-0.07,10.0,2373.0,1.853,164.0,,31.0,-20.0,6.4,5.8,-15.0,5017932
46.2442,-111.7119,10.3,63.0,36.0,,4.31,-0.08,11.0,3524.0,2.482,185.0,,38.0,-20.0,6.5,9.5,-15.0,5017933
46.2403,-111.7292,6.5,52.0,27.0,,3.01,-0.12,48.0,2637.0,2.744,148.0,,42.0,-20.0,5.7,9.7,-15.0,5017934
46.2378,-111.7239,6.1,52.0,30.0,,2.86,-0.1,10.0,2453.0,2.495,247.0,,33.0,-20.0,10.2,7.7,-15.0,5017935
46.2369,-111.6772,4.5,33.0,-37.0,,1.56,-0.26,,4380.0,4.521,,,64.0,,3.8,10.8,,5017936
46.2406,-111.6692,7.2,63.0,38.0,,2.59,-0.08,14.0,3939.0,4.864,208.0,,38.0,-20.0,7.6,12.1,-15.0,5017937
46.2314,-111.6422,8.3,62.0,43.0,,3.12,-0.11,18.0,3032.0,3.872,221.0,,85.0,-20.0,8.3,13.0,-15.0,5017938
46.1683,-111.7072,9.6,56.0,32.0,,1.96,-0.12,-5.0,2157.0,3.796,173.0,,38.0,-20.0,6.0,11.1,-15.0,5017939
46.1825,-111.7422,7.3,44.0,26.0,,2.08,-0.07,20.0,2051.0,2.147,165.0,,41.0,-20.0,6.5,7.3,-15.0,5017940
46.1761,-111.7136,8.3,61.0,33.0,,2.68,-0.1,24.0,3688.0,3.435,218.0,,54.0,-20.0,7.0,10.8,-15.0,5017941
46.1631,-111.6797,7.7,54.0,30.0,,2.05,-0.1,21.0,2881.0,4.168,177.0,,101.0,-20.0,6.5,12.3,-15.0,5017942
46.1075,-111.6494,6.7,43.0,29.0,,2.63,-0.08,16.0,2611.0,2.512,183.0,,41.0,-20.0,6.7,7.8,-15.0,5017943
46.1106,-111.6975,6.7,52.0,37.0,,1.94,-0.07,8.0,2687.0,3.872,198.0,,35.0,-20.0,7.1,9.7,-15.0,5017944
46.0858,-111.7233,8.1,73.0,37.0,,2.17,-0.09,,2173.0,4.386,,,46.0,,6.3,9.0,,5017945
46.0086,-111.7236,10.6,59.0,28.0,,2.55,-0.09,14.0,3608.0,2.742,187.0,,45.0,-20.0,7.1,8.6,-15.0,5017946
46.0158,-111.7219,9.9,50.0,32.0,,2.72,-0.1,13.0,2450.0,2.837,211.0,,45.0,-20.0,6.9,9.4,-15.0,5017947
46.0197,-111.7217,10.9,58.0,40.0,,2.58,-0.07,14.0,2635.0,2.635,238.0,,55.0,-20.0,9.3,9.2,-15.0,5017948
46.0342,-111.7261,8.3,62.0,38.0,,3.04,-0.1,14.0,2533.0,3.027,256.0,,50.0,-20.0,10.9,9.1,-15.0,5017949
46.0347,-111.7292,12.4,65.0,42.0,,2.94,-0.1,27.0,-763.0,3.101,291.0,,69.0,-20.0,11.5,8.7,-15.0,5017950
46.0378,-111.7403,9.8,60.0,37.0,,2.34,-0.11,26.0,2847.0,2.729,165.0,,52.0,-20.0,5.9,9.6,-15.0,5017951
46.0636,-111.7028,7.2,57.0,35.0,,2.1,-0.08,,3882.0,6.766,,,86.0,,8.0,17.0,,5017952
46.2044,-111.9617,,,,,2.5,,,,,,,,,,,,5039580
46.0708,-111.7022,11.6,71.0,40.0,,2.81,-0.1,15.0,3322.0,4.076,312.0,,66.0,-20.0,12.2,13.8,-15.0,5017953
46.0953,-111.6364,13.7,69.0,38.0,,2.72,-0.09,15.0,3331.0,3.322,272.0,,60.0,-20.0,10.8,10.0,-15.0,5017954
46.0789,-111.5825,9.0,48.0,33.0,,2.47,-0.09,13.0,2326.0,2.613,176.0,,53.0,-20.0,5.9,8.5,-15.0,5017955
46.0672,-111.5772,12.6,75.0,42.0,,3.15,-0.08,13.0,2807.0,2.892,348.0,,62.0,-20.0,12.7,9.0,-15.0,5017956
46.0672,-111.5789,9.8,59.0,35.0,,2.37,-0.1,18.0,2916.0,2.787,166.0,,56.0,-20.0,6.1,8.5,-15.0,5017957
46.0581,-111.62,9.8,61.0,42.0,,2.49,-0.09,18.0,1645.0,2.877,205.0,,58.0,-20.0,7.3,8.9,-15.0,5017958
46.0425,-111.6203,9.2,65.0,31.0,,2.63,-0.09,19.0,2327.0,2.322,256.0,,57.0,-20.0,8.0,8.0,-15.0,5017959
46.2011,-111.3906,8.2,55.0,27.0,,2.31,-0.08,7.0,3311.0,3.89,161.0,,49.0,-20.0,5.8,13.4,-15.0,5017960
46.1933,-111.3981,16.0,93.0,56.0,,3.92,-0.09,10.0,5057.0,4.538,490.0,,112.0,-20.0,18.1,10.6,-15.0,5017961
46.1936,-111.3858,11.8,80.0,36.0,,3.66,-0.1,14.0,2925.0,3.023,225.0,,54.0,-20.0,8.2,9.4,-15.0,5017962
46.1897,-111.3878,11.7,73.0,37.0,,3.45,-0.09,13.0,3791.0,3.538,430.0,,82.0,-20.0,15.9,10.1,-15.0,5017963
46.1853,-111.3706,11.6,64.0,39.0,,3.22,-0.07,10.0,2866.0,2.554,264.0,,54.0,-20.0,9.4,8.5,-15.0,5017964
46.1425,-111.4019,9.3,64.0,33.0,,3.21,-0.1,15.0,2873.0,2.595,239.0,,61.0,-20.0,9.5,9.5,-15.0,5017965
46.4833,-111.7283,7.1,51.0,37.0,,4.57,-0.14,44.0,3777.0,5.296,108.0,,64.0,-20.0,3.5,15.5,-15.0,5017966
46.4758,-111.7144,6.1,59.0,33.0,,3.18,-0.12,10.0,3492.0,3.626,179.0,,49.0,-20.0,5.8,12.3,-15.0,5017967
46.4981,-111.7325,8.2,84.0,48.0,,3.05,-0.09,6.0,4787.0,4.458,274.0,,37.0,-20.0,9.9,14.0,-15.0,5017968
46.4742,-111.7033,5.0,71.0,39.0,,3.27,0.43,71.0,3396.0,5.01,152.0,,36.0,-20.0,4.7,11.0,18.0,5017969
46.4667,-111.7189,7.5,59.0,35.0,,3.4,-0.12,-5.0,2104.0,3.388,156.0,,60.0,-20.0,6.0,10.6,-15.0,5017970
46.4622,-111.7275,7.5,59.0,38.0,,2.85,-0.12,5.0,3391.0,3.202,190.0,,74.0,-20.0,6.6,11.1,-15.0,5017971
46.4544,-111.7336,10.0,73.0,50.0,,3.06,-0.11,19.0,4490.0,4.061,151.0,,45.0,-20.0,5.3,15.1,-15.0,5017972
46.4539,-111.7125,6.4,86.0,38.0,,2.45,-0.14,13.0,3173.0,4.721,168.0,,41.0,-20.0,5.9,15.5,-15.0,5017973
46.4456,-111.7219,7.0,66.0,32.0,,3.37,-0.11,13.0,2643.0,3.075,207.0,,51.0,-20.0,7.3,9.9,-15.0,5017974
46.4453,-111.7108,5.1,53.0,45.0,,8.17,-0.13,2600.0,3753.0,5.46,120.0,,73.0,-20.0,4.3,12.4,30.0,5017975
46.4428,-111.6728,8.4,66.0,33.0,,2.92,-0.09,55.0,3326.0,4.654,219.0,,88.0,-20.0,8.3,13.8,-15.0,5017976
46.4267,-111.6617,7.6,75.0,40.0,,2.53,1.1,1257.0,2828.0,5.504,222.0,,59.0,-20.0,7.2,12.0,57.0,5017977
46.4169,-111.6631,7.0,56.0,29.0,,2.63,-0.13,50.0,-1134.0,3.937,138.0,,114.0,-20.0,5.4,11.7,-15.0,5017978
46.3847,-111.6531,7.4,63.0,34.0,,2.46,-0.12,30.0,3520.0,3.701,158.0,,93.0,-20.0,5.5,11.7,-15.0,5017979
46.3919,-111.6319,8.4,57.0,34.0,,2.53,-0.09,17.0,3446.0,3.929,145.0,,123.0,-20.0,5.1,12.5,-15.0,5017980
46.3953,-111.6358,10.9,73.0,41.0,,2.51,-0.11,30.0,3026.0,3.682,215.0,,79.0,-20.0,7.7,11.9,-15.0,5017981
46.3964,-111.6356,7.9,64.0,36.0,,2.55,-0.1,36.0,2940.0,4.202,199.0,,94.0,-20.0,6.9,12.1,-15.0,5017982
46.1158,-111.4708,11.9,84.0,41.0,,3.36,-0.09,12.0,3362.0,3.281,369.0,,76.0,-20.0,12.7,8.8,-15.0,5017983
46.0864,-111.47,11.8,75.0,43.0,,2.8,-0.07,19.0,2976.0,2.82,227.0,,68.0,-20.0,8.9,9.5,-15.0,5017984
46.1197,-111.3708,9.9,75.0,34.0,,2.99,-0.06,15.0,3231.0,2.677,311.0,,68.0,-20.0,12.7,8.2,-15.0,5017985
46.1064,-111.3597,11.4,67.0,38.0,,2.97,-0.1,10.0,2458.0,3.151,281.0,,79.0,-20.0,10.4,8.5,-15.0,5017986
46.095,-111.3775,9.4,64.0,42.0,,2.69,-0.09,9.0,3870.0,3.505,271.0,,79.0,-20.0,9.4,8.3,-15.0,5017987
46.0769,-111.3769,9.6,60.0,39.0,,2.68,-0.07,13.0,2603.0,2.434,170.0,,49.0,-20.0,6.3,7.9,-15.0,5017988
46.045,-111.3997,9.5,61.0,35.0,,2.56,-0.1,15.0,1941.0,2.705,196.0,,51.0,-20.0,7.7,9.3,-15.0,5017989
46.0436,-111.3808,12.3,86.0,42.0,,3.83,-0.06,13.0,3674.0,2.976,420.0,,81.0,-20.0,15.0,9.0,-15.0,5017990
46.0392,-111.3736,10.5,69.0,35.0,,2.57,-0.05,13.0,3036.0,3.65,235.0,,51.0,-20.0,8.8,11.8,-15.0,5017991
46.0211,-111.3767,9.1,65.0,33.0,,2.27,-0.06,11.0,2238.0,2.646,177.0,,55.0,-20.0,6.4,7.8,-15.0,5017992
46.0147,-111.3461,10.4,53.0,30.0,,2.56,-0.07,6.0,4055.0,3.401,177.0,,33.0,-20.0,7.0,11.6,-15.0,5017993
46.0139,-111.3339,10.6,57.0,30.0,,3.28,-0.07,12.0,3417.0,3.183,193.0,,28.0,-20.0,6.6,11.0,-15.0,5017994
46.025,-111.3194,9.8,72.0,36.0,,3.42,-0.05,12.0,2386.0,3.798,203.0,,77.0,-20.0,7.9,10.7,-15.0,5017995
46.0219,-111.3075,11.0,75.0,36.0,,3.02,-0.07,11.0,2620.0,3.132,188.0,,62.0,-20.0,6.6,11.3,-15.0,5017996
46.0119,-111.3042,11.5,74.0,39.0,,3.72,-0.07,6.0,3503.0,2.807,377.0,,73.0,-20.0,15.0,9.4,-15.0,5017997
46.0117,-111.3008,11.2,73.0,36.0,,3.1,-0.08,8.0,2979.0,2.983,211.0,,64.0,-20.0,8.4,10.0,-15.0,5017998
46.0425,-111.2978,11.9,73.0,37.0,,3.53,-0.04,11.0,2225.0,2.761,286.0,,55.0,-20.0,10.5,9.4,-15.0,5017999
46.0594,-111.2869,10.6,73.0,37.0,,2.79,-0.07,13.0,2401.0,3.238,214.0,,56.0,-20.0,8.3,10.5,19.0,5018000
46.0708,-111.3186,9.7,62.0,33.0,,2.6,-0.06,15.0,2551.0,2.807,217.0,,65.0,-20.0,7.8,8.4,-15.0,5018001
46.0992,-111.3344,10.6,81.0,41.0,,3.57,-0.06,15.0,2629.0,2.794,262.0,,53.0,-20.0,11.0,9.5,-15.0,5018002
46.1714,-111.35,10.1,66.0,36.0,,2.67,-0.04,11.0,1414.0,2.739,202.0,,58.0,-20.0,6.8,8.6,-15.0,5018003
46.1817,-111.3506,10.1,66.0,35.0,,2.59,-0.06,9.0,2801.0,3.326,217.0,,56.0,-20.0,8.0,9.7,-15.0,5018004
46.205,-111.4275,12.7,68.0,36.0,,2.65,-0.06,10.0,2969.0,3.279,257.0,,55.0,-20.0,9.8,9.1,-15.0,5018005
46.2472,-111.2819,10.5,72.0,35.0,,2.77,-0.06,13.0,2196.0,2.786,273.0,,67.0,-20.0,10.6,8.5,-15.0,5018006
46.4792,-111.5725,8.1,64.0,37.0,,2.55,-0.05,11.0,1926.0,4.599,188.0,,55.0,-20.0,6.8,13.1,-15.0,5018007
46.4706,-111.5714,7.8,78.0,38.0,,4.29,0.37,5.0,3527.0,5.045,207.0,,59.0,-20.0,6.5,13.3,-15.0,5018008
46.76,-111.5947,6.4,52.0,33.0,,2.46,-0.06,-5.0,1838.0,3.052,119.0,,45.0,-20.0,3.9,7.9,-15.0,5018009
46.7514,-111.5961,8.0,55.0,28.0,,2.49,-0.07,14.0,3435.0,3.511,169.0,,39.0,-20.0,5.3,11.1,-15.0,5018010
46.7575,-111.5369,8.3,56.0,27.0,,2.14,-0.05,14.0,-786.0,2.615,185.0,,48.0,-20.0,7.3,8.5,-15.0,5018011
46.7728,-111.5244,8.9,53.0,32.0,,2.68,-0.07,22.0,3078.0,2.977,183.0,,63.0,-20.0,6.5,9.2,-15.0,5018012
46.7792,-111.5264,6.5,45.0,24.0,,1.89,-0.07,9.0,2474.0,2.411,174.0,,40.0,-20.0,6.6,6.7,-15.0,5018013
46.7894,-111.5544,7.0,55.0,30.0,,2.64,-0.07,19.0,1149.0,2.307,154.0,,39.0,-20.0,5.6,8.0,-15.0,5018014
46.7903,-111.5533,9.7,63.0,33.0,,2.72,-0.05,13.0,4274.0,3.273,223.0,,55.0,-20.0,7.9,9.9,-15.0,5018015
46.7911,-111.5753,11.6,83.0,43.0,,2.83,-0.07,17.0,2679.0,3.439,168.0,,62.0,-20.0,7.0,11.9,-15.0,5018016
46.7958,-111.6025,11.1,69.0,37.0,,2.35,-0.08,-5.0,2923.0,3.467,129.0,,75.0,-20.0,5.6,10.8,-15.0,5018017
46.7911,-111.6267,4.2,23.0,16.0,,1.53,-0.07,36.0,-1037.0,1.527,70.0,,22.0,-20.0,2.9,4.5,-15.0,5018023
46.7653,-111.6475,7.5,53.0,28.0,,2.49,-0.08,14.0,2407.0,3.25,109.0,,34.0,-20.0,3.4,10.4,-15.0,5018024
46.7689,-111.6447,7.5,46.0,27.0,,2.36,-0.07,20.0,2435.0,2.675,129.0,,49.0,-20.0,4.6,7.7,-15.0,5018025
46.7661,-111.6606,7.3,56.0,28.0,,2.63,-0.07,17.0,2056.0,3.079,123.0,,43.0,-20.0,4.8,10.2,-15.0,5018026
46.7686,-111.66,8.2,49.0,26.0,,2.3,-0.05,18.0,-889.0,2.533,155.0,,52.0,-20.0,5.9,8.5,-15.0,5018027
46.7722,-111.7492,7.9,73.0,36.0,,3.0,-0.06,7.0,2566.0,2.663,191.0,,85.0,-20.0,6.8,9.3,-15.0,5018032
46.7931,-111.4658,8.9,57.0,29.0,,2.6,-0.05,22.0,1810.0,2.816,171.0,,65.0,-20.0,6.1,9.7,-15.0,5018035
46.7797,-111.4056,7.5,55.0,32.0,,2.19,-0.07,9.0,3230.0,2.852,153.0,,57.0,-20.0,5.6,8.7,-15.0,5018037
46.7653,-111.4153,10.5,68.0,34.0,,3.07,-0.05,25.0,1469.0,2.963,226.0,,61.0,-20.0,7.4,10.2,-15.0,5018038
46.7656,-111.3806,10.0,70.0,40.0,,2.71,-0.07,25.0,3424.0,3.292,217.0,,50.0,-20.0,8.1,10.8,-15.0,5018039
46.3944,-111.3439,8.2,57.0,28.0,,2.26,-0.06,7.0,2043.0,2.406,174.0,,55.0,-20.0,6.9,7.3,-15.0,5018051
46.3878,-111.3106,9.2,59.0,33.0,,2.91,-0.06,5.0,2520.0,2.726,185.0,,50.0,-20.0,6.5,7.9,-15.0,5018052
46.3883,-111.3006,10.4,57.0,36.0,,2.91,-0.07,8.0,2765.0,2.711,205.0,,56.0,-20.0,7.4,8.6,-15.0,5018053
46.39,-111.2794,9.8,74.0,42.0,,8.42,-0.05,10.0,-1028.0,3.1,223.0,,50.0,-20.0,7.9,8.2,-15.0,5018054
46.4103,-111.4039,9.6,60.0,36.0,,2.25,-0.07,-5.0,2567.0,3.185,169.0,,47.0,-20.0,6.0,9.5,-15.0,5018055
46.405,-111.3986,8.0,55.0,28.0,,1.93,-0.06,8.0,2413.0,2.898,141.0,,37.0,-20.0,4.9,8.2,-15.0,5018056
46.3186,-111.2969,9.5,59.0,37.0,,2.82,-0.06,25.0,2751.0,2.421,253.0,,63.0,-20.0,9.0,8.0,-15.0,5018057
46.3117,-111.3172,10.0,67.0,34.0,,2.83,-0.05,15.0,-861.0,2.759,231.0,,53.0,-20.0,8.7,8.8,-15.0,5018058
46.3114,-111.3203,11.5,89.0,38.0,,3.54,-0.06,14.0,3952.0,3.063,309.0,,62.0,-20.0,11.9,10.3,-15.0,5018059
46.3097,-111.255,9.9,70.0,35.0,,3.48,-0.07,6.0,2632.0,2.515,225.0,,54.0,-20.0,9.7,7.7,-15.0,5018060
46.3147,-111.2547,11.0,67.0,42.0,,3.21,-0.06,22.0,2879.0,2.813,277.0,,57.0,-20.0,9.7,9.3,-15.0,5018061
46.3122,-111.2469,10.1,68.0,36.0,,3.18,-0.05,15.0,-860.0,2.588,283.0,,66.0,-20.0,10.4,8.6,-15.0,5018062
46.3153,-111.2775,10.4,72.0,39.0,,2.89,-0.07,12.0,2845.0,2.553,253.0,,56.0,-20.0,10.2,9.0,-15.0,5018063
46.3344,-111.2533,10.1,77.0,36.0,,3.46,-0.06,-5.0,2894.0,2.563,225.0,,57.0,-20.0,8.4,8.1,-15.0,5018064
46.3344,-111.2278,8.0,56.0,27.0,,6.04,-0.07,-5.0,2053.0,1.814,145.0,,38.0,-20.0,5.1,6.2,-15.0,5018065
46.3467,-111.2186,9.1,65.0,35.0,,2.73,-0.06,6.0,-879.0,2.752,189.0,,50.0,-20.0,7.3,9.3,-15.0,5018066
46.3472,-111.2175,8.0,57.0,28.0,,2.46,-0.07,8.0,1751.0,2.671,162.0,,50.0,-20.0,5.2,8.4,-15.0,5018067
46.3536,-111.1822,7.1,51.0,28.0,,2.31,-0.07,-5.0,2091.0,2.457,141.0,,39.0,-20.0,4.8,6.7,-15.0,5018068
46.3544,-111.1833,8.7,50.0,34.0,,2.61,-0.07,12.0,2040.0,2.427,147.0,,44.0,-20.0,5.9,8.2,-15.0,5018069
46.3289,-111.1808,8.5,53.0,27.0,,2.57,-0.05,6.0,-696.0,2.12,151.0,,42.0,-20.0,6.0,6.7,-15.0,5018070
46.3325,-111.1731,9.7,77.0,44.0,,3.43,-0.07,9.0,2089.0,2.529,196.0,,51.0,-20.0,7.1,8.0,-15.0,5018071
46.2781,-111.4497,12.8,75.0,42.0,,3.27,-0.06,12.0,3704.0,3.622,367.0,,74.0,-20.0,11.9,8.5,-15.0,5018108
46.2783,-111.3442,15.7,105.0,58.0,,4.72,-0.05,12.0,6232.0,5.252,695.0,,122.0,-20.0,27.5,11.7,-15.0,5018109
46.2578,-111.3503,11.2,78.0,40.0,,2.97,-0.06,11.0,2673.0,2.787,273.0,,71.0,-20.0,9.6,9.1,-15.0,5018110
46.26,-111.3444,11.4,69.0,36.0,,2.83,-0.06,13.0,2721.0,2.866,288.0,,73.0,-20.0,10.2,8.5,-15.0,5018111
46.2636,-111.3264,12.7,82.0,40.0,,3.31,-0.07,16.0,3707.0,3.574,198.0,,73.0,-20.0,7.4,12.2,-15.0,5018112
46.2528,-111.2731,10.7,77.0,35.0,,3.55,-0.05,12.0,2513.0,2.841,213.0,,50.0,-20.0,8.1,10.5,-15.0,5018113
46.2528,-111.2706,10.3,78.0,42.0,,3.4,-0.06,13.0,3192.0,2.692,277.0,,57.0,-20.0,10.6,10.1,-15.0,5018114
46.2419,-111.2217,11.2,78.0,41.0,,4.35,-0.07,15.0,2785.0,2.686,260.0,,60.0,-20.0,9.4,9.3,-15.0,5018115
46.2406,-111.2114,11.6,74.0,42.0,,4.18,-0.07,16.0,2809.0,2.55,245.0,,84.0,-20.0,8.7,10.2,-15.0,5018116
46.2344,-111.2033,10.4,79.0,42.0,,4.36,-0.06,13.0,1945.0,2.893,236.0,,62.0,-20.0,9.6,12.1,20.0,5018117
46.2378,-111.2039,11.8,76.0,40.0,,3.8,-0.08,11.0,2575.0,2.943,218.0,,220.0,-20.0,8.0,12.1,-15.0,5018118
46.2364,-111.195,11.8,82.0,39.0,,4.59,-0.07,15.0,1989.0,2.804,260.0,,79.0,-20.0,9.8,10.8,-15.0,5018119
46.2283,-111.1869,12.2,82.0,37.0,,3.7,-0.07,47.0,2988.0,2.697,229.0,,60.0,-20.0,8.9,9.5,-15.0,5018120
46.2181,-111.1697,10.0,66.0,37.0,,3.8,-0.05,8.0,1369.0,2.351,262.0,,62.0,-20.0,9.8,8.7,-15.0,5018121
46.2192,-111.1661,12.3,80.0,43.0,,4.64,-0.07,10.0,2766.0,2.668,249.0,,76.0,-20.0,9.7,10.9,-15.0,5018122
46.3881,-111.1675,8.7,64.0,35.0,,3.1,-0.08,7.0,3069.0,2.559,189.0,,59.0,-20.0,7.2,8.4,-15.0,5018131
46.3883,-111.1667,10.7,71.0,34.0,,3.15,-0.06,13.0,3072.0,2.586,262.0,,56.0,-20.0,9.9,8.8,-15.0,5018132
46.3903,-111.2064,9.3,71.0,37.0,,3.16,-0.06,10.0,2531.0,3.088,198.0,,61.0,-20.0,7.3,10.2,-15.0,5018133
46.3839,-111.2136,7.3,65.0,38.0,,3.44,-0.08,11.0,2547.0,3.126,190.0,,47.0,-20.0,6.9,10.0,-15.0,5018134
46.3881,-111.2403,7.2,62.0,36.0,,4.17,-0.08,18.0,2953.0,3.667,169.0,,36.0,-20.0,6.2,9.4,-15.0,5018135
46.2972,-111.1639,11.2,74.0,36.0,,3.55,-0.05,12.0,2189.0,2.636,206.0,,46.0,-20.0,7.8,9.3,-15.0,5018136
46.2953,-111.1631,9.4,71.0,46.0,,3.37,-0.08,10.0,2227.0,2.641,200.0,,61.0,-20.0,7.1,9.0,-15.0,5018137
46.6917,-111.3122,8.6,46.0,30.0,,2.46,-0.08,9.0,-571.0,2.628,89.0,,52.0,-20.0,3.2,9.9,-15.0,5018255
46.5042,-111.3503,11.3,104.0,62.0,,5.6,-0.06,13.0,2711.0,3.571,218.0,,42.0,-20.0,8.5,9.0,-15.0,5018215
46.5061,-111.3308,9.4,70.0,44.0,,3.34,-0.08,10.0,3046.0,3.203,133.0,,48.0,-20.0,5.9,10.3,-15.0,5018216
46.6056,-111.3692,13.4,91.0,49.0,,4.07,-0.07,18.0,1912.0,3.947,141.0,,53.0,-20.0,5.0,8.8,-15.0,5018217
46.6175,-111.3739,7.5,48.0,31.0,,2.42,-0.07,32.0,2627.0,3.077,95.0,,47.0,-20.0,3.7,8.4,-15.0,5018218
46.6564,-111.3736,22.9,90.0,60.0,,4.26,-0.04,15.0,-1002.0,2.485,180.0,,24.0,-20.0,5.9,5.0,-15.0,5018219
46.6697,-111.3633,8.8,69.0,38.0,,2.87,-0.08,13.0,2547.0,3.358,162.0,,37.0,-20.0,6.0,10.3,-15.0,5018220
46.6822,-111.3553,9.7,66.0,32.0,,2.93,-0.07,8.0,-839.0,2.972,203.0,,45.0,-20.0,7.4,8.3,-15.0,5018221
46.6867,-111.3561,9.3,56.0,31.0,,2.84,-0.07,8.0,2504.0,2.905,170.0,,47.0,-20.0,5.4,9.1,-15.0,5018222
46.6953,-111.3656,9.1,60.0,32.0,,2.87,-0.06,14.0,3039.0,3.529,149.0,,49.0,-20.0,5.2,12.7,-15.0,5018223
46.7022,-111.3669,10.4,68.0,39.0,,2.64,-0.07,14.0,2550.0,2.999,156.0,,57.0,-20.0,5.7,10.3,-15.0,5018224
46.7269,-111.3628,9.5,62.0,32.0,,3.2,-0.07,12.0,2963.0,2.209,178.0,,41.0,-20.0,7.7,8.4,-15.0,5018225
46.74,-111.3611,8.8,63.0,34.0,,3.09,-0.06,15.0,4573.0,3.016,223.0,,37.0,-20.0,8.7,8.1,-15.0,5018226
46.76,-111.3742,8.6,57.0,30.0,,2.89,-0.05,9.0,3137.0,2.519,160.0,,43.0,-20.0,5.5,9.1,-15.0,5018227
46.7133,-111.2522,9.7,63.0,37.0,,2.56,-0.07,7.0,3113.0,2.803,178.0,,40.0,-20.0,7.1,10.2,-15.0,5018228
46.6997,-111.2561,12.1,68.0,37.0,,3.18,-0.07,13.0,4207.0,3.282,183.0,,39.0,-20.0,6.6,10.2,-15.0,5018229
46.6989,-111.2561,11.6,64.0,31.0,,3.35,-0.07,7.0,3413.0,3.158,178.0,,35.0,-20.0,6.6,10.7,-15.0,5018230
46.6872,-111.2314,9.3,69.0,38.0,,3.11,-0.04,12.0,2465.0,2.637,150.0,,39.0,-20.0,5.7,9.2,-15.0,5018231
46.6758,-111.1561,14.6,70.0,45.0,,4.06,-0.1,12.0,-643.0,2.825,200.0,,44.0,-20.0,8.3,8.8,-15.0,5018238
46.6403,-111.2306,11.0,73.0,46.0,,3.01,-0.08,14.0,-849.0,2.755,180.0,,38.0,-20.0,6.4,8.5,-15.0,5018239
46.6347,-111.2019,10.0,68.0,40.0,,4.25,-0.11,25.0,2164.0,3.061,113.0,,43.0,-20.0,3.9,8.1,-15.0,5018240
46.6336,-111.1981,7.4,61.0,36.0,,2.88,-0.07,15.0,4015.0,2.981,174.0,,57.0,-20.0,6.3,9.8,-15.0,5018241
46.6336,-111.1969,14.1,90.0,60.0,,15.3,-0.11,-5.0,-705.0,2.421,211.0,,30.0,-20.0,7.9,8.8,-15.0,5018242
46.6261,-111.1906,11.1,74.0,44.0,,5.88,-0.08,5.0,-739.0,2.694,165.0,,34.0,-20.0,6.5,8.6,-15.0,5018243
46.6006,-111.2022,11.9,69.0,38.0,,3.3,-0.13,8.0,3169.0,3.4,189.0,,32.0,-20.0,7.0,11.4,-15.0,5018244
46.5617,-111.2064,29.2,110.0,72.0,,17.53,-0.07,8.0,2652.0,3.198,251.0,,52.0,-20.0,10.8,8.1,-15.0,5018245
46.5619,-111.2072,8.0,52.0,32.0,,2.77,-0.13,5.0,-651.0,3.584,159.0,,35.0,-20.0,4.9,13.1,-15.0,5018246
46.6581,-111.1975,7.9,45.0,30.0,,2.12,-0.08,33.0,-585.0,2.43,115.0,,29.0,-20.0,4.0,7.9,-15.0,5018247
46.6681,-111.2031,10.2,66.0,35.0,,2.59,-0.11,12.0,2982.0,2.985,184.0,,21.0,-20.0,7.2,10.1,-15.0,5018248
46.6769,-111.2444,9.4,63.0,26.0,,2.69,-0.07,9.0,3298.0,2.874,162.0,,44.0,-20.0,6.2,10.5,-15.0,5018249
46.6783,-111.2511,8.9,54.0,27.0,,2.43,-0.12,9.0,-708.0,2.66,136.0,,32.0,-20.0,5.3,9.3,-15.0,5018250
46.6553,-111.2292,9.0,65.0,33.0,,3.15,-0.08,-5.0,-647.0,2.599,180.0,,46.0,-20.0,7.2,9.5,-15.0,5018251
46.6958,-111.2556,9.4,71.0,37.0,,2.86,-0.12,15.0,4404.0,3.494,165.0,,37.0,-20.0,5.5,10.6,-15.0,5018252
46.6786,-111.2889,9.2,60.0,36.0,,3.17,-0.06,13.0,3295.0,2.493,178.0,,38.0,-20.0,7.0,8.8,-15.0,5018253
46.68,-111.2892,7.8,52.0,33.0,,2.27,-0.1,6.0,-583.0,2.38,169.0,,39.0,-20.0,5.9,8.2,-15.0,5018254
46.6833,-111.3397,10.2,62.0,36.0,,2.85,-0.12,13.0,2561.0,3.122,133.0,,48.0,-20.0,5.0,10.4,-15.0,5018256
46.7408,-111.2156,9.8,65.0,37.0,,2.98,-0.12,6.0,3558.0,3.5,178.0,,34.0,-20.0,6.3,13.0,-15.0,5018272
46.7422,-111.2161,9.5,58.0,33.0,,2.96,-0.06,10.0,2888.0,2.552,157.0,,33.0,-20.0,5.8,8.7,-15.0,5018273
46.7458,-111.2147,10.5,59.0,35.0,,3.47,-0.13,19.0,-626.0,3.272,182.0,,29.0,-20.0,5.8,12.0,-15.0,5018274
46.7533,-111.2103,8.8,56.0,39.0,,2.78,-0.08,20.0,-618.0,2.771,200.0,,27.0,-20.0,6.7,9.8,-15.0,5018275
46.7761,-111.1817,8.9,67.0,32.0,,2.97,-0.12,17.0,3353.0,2.962,195.0,,41.0,-20.0,8.1,10.6,-15.0,5018276
46.7942,-111.1783,8.7,52.0,27.0,,2.77,-0.07,35.0,2972.0,2.736,182.0,,47.0,-20.0,6.2,9.0,-15.0,5018277
46.7747,-111.1589,11.6,71.0,41.0,,2.85,-0.08,12.0,-587.0,3.27,176.0,,71.0,-20.0,6.0,12.0,-15.0,5018279
46.765,-111.16,13.9,95.0,50.0,,3.02,-0.15,5.0,4521.0,4.582,138.0,,85.0,-20.0,5.4,15.9,-15.0,5018280
46.7528,-111.1506,11.2,69.0,35.0,,2.82,-0.06,8.0,3287.0,2.953,183.0,,39.0,-20.0,7.4,10.5,-15.0,5018281
46.7339,-111.1642,9.8,68.0,30.0,,2.48,-0.12,10.0,2995.0,3.12,170.0,,30.0,-20.0,6.0,12.3,-15.0,5018283
46.2783,-111.9392,6.7,43.0,26.0,,2.11,-0.13,237.0,2577.0,2.552,118.0,,45.0,-20.0,3.5,8.4,-15.0,5018419
46.76,-111.3133,13.0,84.0,51.0,,4.24,-0.16,21.0,2780.0,3.605,150.0,,59.0,-20.0,5.7,13.4,-15.0,5018349
46.7636,-111.2997,9.0,63.0,30.0,,3.03,-0.1,21.0,2971.0,2.4,147.0,,45.0,-20.0,6.1,9.4,-15.0,5018350
46.7628,-111.2589,6.7,47.0,-17.0,,1.6,-0.14,11.0,3656.0,3.023,141.0,,36.0,-20.0,4.2,10.7,-15.0,5018351
46.7619,-111.2681,9.4,62.0,32.0,,2.22,-0.1,7.0,3764.0,3.186,194.0,,35.0,-20.0,6.6,10.7,-15.0,5018352
46.7669,-111.2897,7.2,54.0,-13.0,,2.2,-0.14,29.0,2375.0,2.573,162.0,,40.0,-20.0,6.0,9.1,-15.0,5018353
46.5161,-111.2133,11.1,87.0,69.0,,7.23,-0.16,8.0,2928.0,2.815,167.0,,46.0,-20.0,6.2,8.0,-15.0,5018369
46.5303,-111.2372,13.3,84.0,45.0,,5.22,-0.11,13.0,3410.0,2.99,227.0,,58.0,-20.0,7.5,8.5,-15.0,5018370
46.5331,-111.2383,14.4,98.0,73.0,,31.99,-0.18,10.0,2504.0,3.123,216.0,,40.0,-20.0,8.1,9.0,-15.0,5018371
46.5456,-111.2,13.1,98.0,59.0,,6.4,0.2,9.0,4987.0,2.812,342.0,,42.0,-20.0,13.1,8.2,-15.0,5018372
46.5844,-111.2306,26.1,123.0,80.0,,10.26,-0.16,9.0,2010.0,3.243,324.0,,42.0,-20.0,10.7,6.9,-15.0,5018373
46.5833,-111.2314,29.5,117.0,75.0,,7.84,-0.1,9.0,4075.0,4.082,348.0,,45.0,-20.0,12.4,9.0,-15.0,5018374
46.6067,-111.2131,20.8,101.0,72.0,,7.35,-0.13,5.0,3236.0,2.931,293.0,,37.0,-20.0,10.3,7.7,-15.0,5018375
46.0878,-111.8728,9.7,65.0,38.0,,2.75,-0.13,11.0,6866.0,7.535,259.0,,301.0,-20.0,11.4,18.0,-15.0,5018399
46.0803,-111.8769,9.7,70.0,-15.0,,7.37,-0.17,21.0,3549.0,3.917,251.0,,170.0,-20.0,9.5,11.9,-15.0,5018400
46.0639,-111.8769,9.3,60.0,44.0,,3.61,-0.11,41.0,4914.0,4.956,241.0,,213.0,-20.0,9.3,13.6,-15.0,5018401
46.0219,-111.8761,11.9,71.0,43.0,,4.09,-0.16,20.0,8075.0,7.203,375.0,,382.0,-20.0,15.7,17.2,-15.0,5018402
46.0281,-111.8761,10.5,58.0,32.0,,5.18,-0.12,30.0,3286.0,3.7,191.0,,234.0,-20.0,7.3,12.6,-15.0,5018403
46.0497,-111.8856,15.4,72.0,48.0,,7.32,-0.16,195.0,2447.0,2.902,191.0,,47.0,-20.0,7.3,12.1,-15.0,5018404
46.0775,-111.9069,13.2,86.0,45.0,,4.04,-0.1,,3865.0,3.149,,,56.0,,10.8,10.6,,5018405
46.0953,-111.9264,18.0,84.0,41.0,,4.7,-0.15,6.0,3364.0,3.723,435.0,,71.0,-20.0,19.8,10.2,-15.0,5018406
46.1125,-111.9411,9.5,58.0,33.0,,2.75,-0.11,20.0,3440.0,2.976,221.0,,93.0,-20.0,9.2,10.4,-15.0,5018407
46.1289,-111.9772,14.2,69.0,41.0,,3.11,-0.15,29.0,2636.0,3.159,291.0,,38.0,-20.0,10.7,11.3,-15.0,5018408
46.1703,-111.9939,37.8,149.0,83.0,,8.16,-0.15,28.0,5187.0,6.585,388.0,,27.0,-20.0,17.4,30.4,38.0,5018409
46.1964,-111.9628,9.2,55.0,-18.0,,2.33,-0.15,31.0,3033.0,2.628,164.0,,56.0,-20.0,6.1,9.7,-15.0,5018410
46.2047,-111.9628,9.9,67.0,41.0,,2.52,-0.11,36.0,3588.0,3.306,188.0,,49.0,-20.0,7.2,10.8,-15.0,5018411
46.22,-111.9675,13.4,88.0,68.0,,12.42,-0.17,24.0,3122.0,3.215,218.0,,44.0,-20.0,8.4,12.3,-15.0,5018412
46.2244,-111.9725,6.2,38.0,-30.0,,6.12,0.81,-5.0,1976.0,5.474,152.0,,-16.0,-20.0,4.0,6.6,-15.0,5018413
46.2456,-111.9717,10.3,60.0,-33.0,,4.52,-0.33,-5.0,2692.0,2.93,187.0,,44.0,-20.0,6.6,8.4,41.0,5018414
46.2506,-111.9611,8.1,62.0,41.0,,3.19,-0.13,91.0,3383.0,3.773,190.0,,84.0,-20.0,8.3,12.6,-15.0,5018415
46.2733,-111.9769,15.3,104.0,56.0,,4.75,-0.16,16.0,4246.0,5.363,400.0,,141.0,-20.0,18.4,17.4,18.0,5018416
46.2753,-111.9756,26.3,109.0,72.0,,13.36,-0.13,61.0,5084.0,6.163,610.0,,81.0,-20.0,28.7,16.4,-15.0,5018417
46.2753,-111.9728,8.6,60.0,40.0,,4.59,-0.16,88.0,2913.0,3.0,175.0,,40.0,-20.0,7.1,10.1,-15.0,5018418
46.2747,-111.9483,10.9,86.0,43.0,,4.29,0.9,180.0,3751.0,8.469,218.0,,51.0,-20.0,8.3,12.0,27.0,5018420
46.3611,-111.9878,26.0,87.0,59.0,,12.54,-0.12,24.0,3410.0,3.222,215.0,,21.0,-20.0,8.9,10.5,-15.0,5018421
46.3656,-111.9797,22.7,74.0,104.0,,47.85,-0.19,15.0,3450.0,2.792,265.0,,25.0,-20.0,10.3,13.3,-15.0,5018422
46.3611,-111.9797,15.3,67.0,33.0,,4.22,-0.11,7.0,3383.0,2.67,150.0,,20.0,-20.0,6.1,14.9,-15.0,5018423
46.3606,-111.9831,33.3,93.0,53.0,,8.0,-0.18,20.0,2928.0,3.939,333.0,,33.0,-20.0,17.6,18.2,-15.0,5018424
46.3428,-111.9969,36.5,122.0,72.0,,10.87,-0.1,-5.0,2200.0,3.099,277.0,,15.0,-20.0,12.5,12.6,17.0,5018425
46.7986,-111.9547,13.0,93.0,63.0,,3.6,-0.14,13.0,2578.0,3.566,384.0,,101.0,-20.0,19.3,9.2,-15.0,5018432
46.7931,-111.9586,9.9,64.0,43.0,,3.77,-0.1,19.0,3825.0,3.012,219.0,,63.0,-20.0,8.1,10.9,-15.0,5018433
46.755,-111.8875,7.6,51.0,34.0,,3.15,-0.11,16.0,3321.0,3.134,175.0,,98.0,-20.0,6.3,11.9,-15.0,5018447
46.7639,-111.8897,8.8,55.0,-24.0,,2.74,-0.21,,2697.0,2.506,,,65.0,,8.2,8.2,,5018448
46.2044,-111.9617,,,,,2.7,,,,,,,,,,,,5039581
46.2044,-111.9617,,,,,2.3,,,,,,,,,,,,5039582
46.62,-111.1581,19.6,88.0,49.0,,6.61,-0.06,17.0,3929.0,3.409,279.0,,42.0,-20.0,10.6,9.9,-15.0,5018482
46.2044,-111.9617,,,,,2.4,,,,,,,,,,,,5039583
46.4617,-111.9867,66.4,153.0,79.0,,11.2,-0.14,52.0,4984.0,10.57,1800.0,,92.0,-20.0,66.9,25.1,39.0,5018581
46.45,-111.9931,79.0,136.0,76.0,,34.8,-0.11,30.0,4441.0,9.257,1768.0,,51.0,-20.0,84.1,19.2,34.0,5018582
46.4506,-111.9908,106.0,171.0,87.0,,19.1,-0.16,65.0,3620.0,11.74,2745.0,,71.0,-20.0,102.9,21.6,47.0,5018583
46.45,-111.9892,73.6,133.0,76.0,,13.9,-0.11,60.0,4802.0,9.356,1653.0,,63.0,-20.0,63.8,21.8,88.0,5018584
46.4497,-111.9911,32.6,121.0,61.0,,7.1,-0.13,23.0,5330.0,4.912,379.0,,38.0,-20.0,14.9,20.8,39.0,5018585
46.4411,-111.995,140.0,152.0,79.0,,24.1,-0.11,80.0,3870.0,15.83,4461.0,,99.0,-20.0,168.0,16.7,122.0,5018586
46.4408,-111.9994,201.6,199.0,94.0,,22.6,-0.14,74.0,2917.0,23.1,5003.0,,141.0,-20.0,229.1,14.9,75.0,5018587
46.4406,-111.9972,111.7,133.0,74.0,,19.3,-0.1,77.0,4558.0,13.51,3808.0,,89.0,-20.0,135.9,15.6,166.0,5018588
46.4364,-111.9944,69.6,135.0,75.0,,13.2,-0.13,40.0,4657.0,8.765,2301.0,,49.0,-20.0,81.5,19.3,55.0,5018589
46.4361,-111.9972,40.3,113.0,64.0,,8.9,-0.1,35.0,4519.0,5.143,947.0,,48.0,-20.0,37.1,14.5,31.0,5018590
46.4353,-111.9994,55.0,155.0,76.0,,11.2,-0.13,26.0,4013.0,6.533,986.0,,43.0,-20.0,39.2,22.6,41.0,5018591
45.4159,-111.4018,12.8,88.0,54.0,,19.1,-0.08,,5138.0,4.749,,,154.0,-20.0,11.0,16.9,-15.0,5018593
45.411,-111.3971,13.8,88.0,44.0,,4.2,-0.06,,4129.0,3.572,,,135.0,-20.0,17.0,11.0,-15.0,5018594
45.3933,-111.4113,15.5,79.0,58.0,,18.7,-0.07,,4189.0,3.996,,,168.0,-20.0,14.1,15.4,-15.0,5018595
45.394,-111.4152,15.9,87.0,56.0,,19.6,-0.08,,4678.0,3.68,,,164.0,-20.0,16.2,14.0,-15.0,5018596
45.4642,-111.4001,11.2,60.0,39.0,,3.1,-0.06,,3191.0,3.193,,,113.0,-20.0,11.0,9.2,-15.0,5018597
45.4632,-111.3916,18.5,87.0,47.0,,5.1,-0.08,,7543.0,6.508,,,159.0,-20.0,40.2,21.9,-15.0,5018598
45.4597,-111.4219,17.0,98.0,56.0,,5.9,-0.08,,7808.0,6.969,,,162.0,-20.0,49.9,23.8,-15.0,5018599
45.4504,-111.4325,17.9,95.0,44.0,,5.8,-0.08,,7551.0,4.457,,,170.0,-20.0,56.6,12.7,-15.0,5018600
45.4516,-111.4337,17.1,91.0,46.0,,5.3,-0.07,,6650.0,4.955,,,145.0,-20.0,44.5,15.4,18.0,5018601
45.2176,-111.2045,9.7,61.0,35.0,,2.6,-0.06,,3885.0,3.946,,,158.0,-20.0,8.9,10.1,-15.0,5018604
45.216,-111.1903,11.3,78.0,36.0,,2.8,-0.07,,3671.0,3.565,,,106.0,-20.0,11.8,8.4,-15.0,5018605
45.2039,-111.2033,8.3,53.0,29.0,,2.5,-0.06,,2932.0,2.052,,,48.0,-20.0,7.9,6.4,-15.0,5018606
45.2069,-111.167,11.5,79.0,39.0,,3.1,-0.06,,3665.0,3.756,,,146.0,-20.0,11.7,10.4,-15.0,5018611
45.207,-111.1809,66.2,195.0,105.0,,6.0,-0.07,,3862.0,5.245,,,360.0,-20.0,22.4,13.0,-15.0,5018612
45.4508,-111.3719,15.9,98.0,51.0,,10.4,-0.08,,5982.0,5.095,,,180.0,-20.0,21.6,16.2,-15.0,5018618
45.2053,-111.1597,10.9,66.0,38.0,,3.3,-0.06,,3253.0,3.545,,,122.0,-20.0,9.5,9.8,-15.0,5018625
45.5453,-111.1647,14.6,72.0,54.0,,19.6,-0.06,,3806.0,3.126,,,87.0,-20.0,20.1,9.6,-15.0,5018629
45.5334,-111.1579,8.9,78.0,35.0,,4.3,-0.07,,4416.0,3.722,,,130.0,-20.0,9.3,10.4,-15.0,5018630
45.544,-111.1742,15.8,103.0,45.0,,3.9,-0.08,,5651.0,5.93,,,206.0,-20.0,19.8,17.1,-15.0,5018631
45.5269,-111.1915,11.8,73.0,41.0,,4.1,-0.06,,4093.0,4.6,,,201.0,21.0,12.5,12.9,-15.0,5018632
45.5165,-111.1795,11.8,55.0,38.0,,3.7,-0.08,,3217.0,5.302,,,205.0,-20.0,9.9,18.2,-15.0,5018633
45.5222,-111.2201,14.3,87.0,43.0,,6.8,-0.08,,5259.0,4.87,,,258.0,-20.0,15.0,14.6,-15.0,5018634
45.5206,-111.2441,13.5,78.0,43.0,,10.8,-0.07,,3597.0,3.275,,,131.0,-20.0,22.4,10.9,-15.0,5018635
45.5795,-111.2434,20.7,121.0,60.0,,3.7,-0.07,,4131.0,4.326,,,152.0,-20.0,20.4,12.2,-15.0,5018636
45.5968,-111.2406,15.1,74.0,43.0,,3.5,-0.06,,2984.0,2.66,,,76.0,-20.0,10.3,7.9,-15.0,5018637
45.6682,-111.2285,14.2,82.0,37.0,,3.9,-0.06,,3435.0,3.073,,,95.0,-20.0,11.3,9.4,-15.0,5018638
45.6663,-111.214,9.9,72.0,32.0,,2.9,-0.08,,3923.0,3.073,,,95.0,-20.0,9.7,8.4,-15.0,5018639
45.6271,-111.2404,15.1,91.0,46.0,,3.8,-0.06,,2754.0,2.635,,,79.0,-20.0,15.4,8.0,-15.0,5018640
45.7285,-111.2479,10.2,80.0,37.0,,3.2,0.11,,3821.0,3.861,,,110.0,-20.0,16.0,9.1,-15.0,5018641
45.7281,-111.2294,11.8,78.0,36.0,,2.7,-0.07,,3506.0,3.391,,,132.0,-20.0,12.0,9.9,-15.0,5018642
45.7422,-111.2204,9.6,59.0,37.0,,3.0,-0.06,,3479.0,3.236,,,126.0,-20.0,12.2,9.9,-15.0,5018643
45.6994,-111.1749,14.3,89.0,47.0,,3.6,-0.07,,5006.0,4.423,,,154.0,-20.0,15.9,12.6,-15.0,5018646
45.5803,-111.1697,12.2,77.0,49.0,,2.9,-0.07,,4926.0,4.498,,,211.0,26.0,14.0,9.7,-15.0,5018651
45.5592,-111.8208,7.4,56.0,-20.0,,2.0,-0.19,,3596.0,4.291,,,102.0,-20.0,7.8,16.3,-15.0,5018717
45.5452,-111.8009,20.4,102.0,64.0,,3.6,-0.14,,4893.0,3.201,,,63.0,-20.0,23.7,8.0,-15.0,5018718
45.5513,-111.8515,25.9,151.0,93.0,,5.9,0.35,,6423.0,13.71,,,499.0,-20.0,23.5,34.7,15.0,5018719
45.5127,-111.8205,12.3,89.0,48.0,,2.4,-0.13,,4002.0,3.47,,,121.0,-20.0,10.2,12.6,-15.0,5018720
45.5036,-111.8635,11.6,72.0,39.0,,2.7,-0.14,,2933.0,2.07,,,67.0,-20.0,11.8,7.0,-15.0,5018721
45.5342,-111.8847,27.0,118.0,57.0,,6.6,-0.15,,5192.0,4.307,,,87.0,-20.0,40.5,15.9,-15.0,5018722
45.5297,-111.886,17.0,78.0,39.0,,2.5,-0.12,,2622.0,3.55,,,67.0,-20.0,9.5,9.5,-15.0,5018723
45.509,-111.9075,8.6,46.0,35.0,,2.3,-0.1,,2564.0,1.563,,,45.0,-20.0,8.0,5.2,-15.0,5018724
45.5049,-111.9096,13.7,97.0,40.0,,2.5,-0.15,,4223.0,3.058,,,108.0,-20.0,10.3,10.9,-15.0,5018725
45.5435,-111.7717,8.0,50.0,35.0,,2.3,-0.11,,2634.0,1.621,,,46.0,-20.0,7.7,5.3,-15.0,5018726
45.553,-111.7742,10.1,69.0,38.0,,2.7,-0.15,,4881.0,3.717,,,154.0,-20.0,8.7,11.7,-15.0,5018727
45.6624,-111.9165,9.0,63.0,50.0,,2.6,-0.13,,3742.0,4.173,,,157.0,-20.0,8.7,11.4,-15.0,5018728
45.8149,-111.5134,11.7,69.0,32.0,,2.7,-0.14,,2643.0,2.083,,,60.0,-20.0,6.9,7.4,-15.0,5018729
45.8252,-111.5138,6.5,47.0,39.0,,1.8,-0.16,,4257.0,4.934,,,503.0,-20.0,7.2,19.3,-15.0,5018730
45.8468,-111.5185,8.6,59.0,33.0,,2.5,-0.14,,3502.0,3.744,,,84.0,-20.0,8.1,9.3,-15.0,5018731
45.8574,-111.5251,7.9,57.0,43.0,,2.5,-0.12,,3217.0,3.535,,,163.0,-20.0,9.3,10.3,-15.0,5018732
45.7715,-111.5423,8.2,62.0,27.0,,2.6,-0.17,,5818.0,5.145,,,228.0,-20.0,9.8,13.4,-15.0,5018733
45.7582,-111.4869,7.1,74.0,37.0,,1.5,-0.17,,6810.0,7.032,,,134.0,-20.0,4.4,16.3,-15.0,5018734
45.755,-111.4266,7.3,61.0,40.0,,1.7,-0.17,,6112.0,6.688,,,183.0,-20.0,6.6,16.5,-15.0,5018735
45.7526,-111.3867,11.4,64.0,38.0,,2.8,-0.12,,2953.0,2.138,,,63.0,-20.0,12.0,7.2,-15.0,5018736
45.7559,-111.3583,8.3,53.0,32.0,,2.3,-0.12,,2071.0,1.419,,,46.0,-20.0,8.6,5.0,-15.0,5018737
45.7658,-111.3324,32.9,120.0,80.0,,12.0,-0.15,,3097.0,3.539,,,28.0,-20.0,19.8,9.8,19.0,5018738
45.7826,-111.3339,21.7,126.0,76.0,,4.3,-0.17,,4908.0,5.491,,,172.0,-20.0,18.7,17.5,-15.0,5018739
45.8015,-111.3414,13.0,65.0,58.0,,3.3,-0.14,,3594.0,3.227,,,46.0,-20.0,9.1,10.4,-15.0,5018740
45.793,-111.3156,8.4,48.0,31.0,,2.7,-0.1,,1620.0,0.9617,,,36.0,-20.0,11.4,3.4,-15.0,5018741
45.7448,-111.3062,8.0,44.0,32.0,,2.3,-0.11,,2073.0,1.519,,,44.0,-20.0,7.4,5.3,-15.0,5018742
45.7343,-111.2717,7.7,55.0,39.0,,2.4,-0.11,,2157.0,1.659,,,49.0,-20.0,8.8,5.6,-15.0,5018743
45.5791,-111.3335,11.6,64.0,38.0,,2.8,-0.12,,3377.0,2.776,,,117.0,-20.0,6.6,9.0,-15.0,5018744
45.5905,-111.3805,11.7,83.0,40.0,,2.8,-0.15,,3110.0,2.764,,,45.0,-20.0,10.2,7.6,-15.0,5018745
45.5929,-111.3873,9.5,48.0,33.0,,2.4,-0.11,,2134.0,1.581,,,51.0,-20.0,8.1,5.5,-15.0,5018746
45.5988,-111.3904,17.8,74.0,50.0,,3.5,-0.11,,3500.0,1.708,,,52.0,-20.0,27.5,4.7,-15.0,5018747
45.7603,-111.8782,52.0,241.0,140.0,,5.1,-0.12,,1575.0,2.854,,,24.0,-20.0,13.2,5.6,-15.0,5018748
45.7843,-111.892,8.4,54.0,27.0,,2.3,-0.12,,2159.0,1.401,,,46.0,-20.0,7.9,5.0,-15.0,5018749
45.8038,-111.9289,12.3,68.0,35.0,,2.9,-0.12,,3135.0,2.165,,,59.0,-20.0,11.2,7.2,-15.0,5018750
45.8359,-111.9738,15.1,78.0,40.0,,2.8,-0.12,,2776.0,2.342,,,62.0,-20.0,12.1,7.6,-15.0,5018751
45.8645,-111.8306,25.0,120.0,74.0,,5.1,-0.15,,7875.0,4.991,,,126.0,-20.0,28.5,17.4,-15.0,5018752
45.8709,-111.8158,10.3,67.0,37.0,,2.8,-0.17,,3916.0,2.632,,,52.0,-20.0,9.3,9.4,-15.0,5018753
45.4807,-111.5207,91.4,171.0,99.0,,20.4,-0.23,,5413.0,8.366,,,84.0,21.0,61.9,32.7,27.0,5018754
45.4718,-111.5302,13.6,75.0,40.0,,2.9,-0.12,,2682.0,2.275,,,72.0,-20.0,13.1,7.5,-15.0,5018755
45.472,-111.5332,11.0,74.0,52.0,,2.8,-0.14,,3256.0,3.248,,,51.0,-20.0,9.9,14.3,-15.0,5018756
45.4682,-111.5582,19.0,113.0,49.0,,4.1,-0.17,,4357.0,3.889,,,133.0,-20.0,14.0,13.2,-15.0,5018757
45.3054,-111.6221,50.3,245.0,134.0,,5.2,-0.17,,4590.0,4.364,,,75.0,-20.0,32.1,13.5,-15.0,5018758
45.297,-111.6307,12.2,80.0,40.0,,2.6,-0.12,,2795.0,2.855,,,84.0,-20.0,9.1,8.7,-15.0,5018759
45.3493,-111.8282,11.9,68.0,43.0,,4.4,-0.13,,3173.0,3.477,,,116.0,-20.0,12.4,10.5,-15.0,5018760
45.3479,-111.8282,14.3,100.0,69.0,,9.9,-0.17,,4289.0,4.432,,,217.0,-20.0,11.5,12.1,-15.0,5018761
45.3469,-111.812,18.3,92.0,103.0,,30.2,-0.13,,3291.0,3.267,,,107.0,-20.0,18.3,9.9,-15.0,5018762
45.3145,-111.8194,12.5,78.0,48.0,,4.3,-0.14,,2392.0,3.818,,,125.0,-20.0,10.9,10.9,-15.0,5018763
45.3282,-111.84,13.1,69.0,48.0,,3.6,-0.13,,3527.0,3.749,,,128.0,-20.0,12.5,10.3,-15.0,5018764
45.2791,-111.9038,13.4,73.0,47.0,,3.2,-0.13,,2701.0,2.367,,,70.0,-20.0,11.9,7.6,-15.0,5018765
45.3336,-111.4891,12.9,70.0,49.0,,4.2,-0.12,,2326.0,2.508,,,105.0,-20.0,11.9,8.0,-15.0,5018766
45.321,-111.4424,13.9,82.0,47.0,,4.6,-0.13,,3491.0,3.146,,,186.0,-20.0,21.2,9.3,-15.0,5018767
45.3261,-111.4353,25.7,195.0,110.0,,6.2,-0.13,,5345.0,4.655,,,180.0,-20.0,19.0,12.1,-15.0,5018768
45.3489,-111.4716,12.5,67.0,46.0,,4.3,-0.11,,2647.0,2.333,,,66.0,-20.0,8.6,7.5,-15.0,5018770
45.2639,-111.4877,14.1,79.0,44.0,,4.2,-0.11,,2365.0,2.501,,,79.0,-20.0,10.3,7.6,-15.0,5018771
45.3071,-111.4695,11.0,62.0,43.0,,4.0,-0.1,,2509.0,2.611,,,85.0,-20.0,11.7,7.6,-15.0,5018772
45.3341,-111.4786,12.4,82.0,49.0,,4.2,-0.13,,3350.0,2.717,,,148.0,-20.0,16.9,8.0,-15.0,5018773
45.2826,-111.4927,13.0,78.0,51.0,,4.0,-0.12,,2880.0,2.186,,,84.0,-20.0,12.2,7.3,-15.0,5018777
45.3569,-111.4912,13.3,71.0,42.0,,4.3,-0.12,,2514.0,2.351,,,74.0,-20.0,10.5,7.9,-15.0,5018778
45.3285,-111.4596,11.9,64.0,45.0,,3.7,-0.14,,2986.0,2.229,,,62.0,-20.0,7.7,7.7,-15.0,5018783
45.485,-111.4702,14.8,85.0,54.0,,3.5,-0.13,,3739.0,3.963,,,154.0,-20.0,15.9,12.7,-15.0,5018810
45.5526,-111.6568,8.7,53.0,30.0,,2.6,-0.07,,3795.0,3.889,,,114.0,-20.0,13.3,12.7,-15.0,5018957
45.533,-111.6383,19.9,107.0,54.0,,5.6,-0.09,,3553.0,3.192,,,112.0,-20.0,12.6,10.4,-15.0,5018958
45.6236,-111.9453,10.9,67.0,36.0,,2.8,-0.07,,2946.0,2.248,,,62.0,-20.0,11.8,6.6,-15.0,5018979
45.3713,-111.2475,12.3,78.0,51.0,,16.3,-0.1,,6919.0,6.413,,,438.0,-20.0,15.1,20.2,-15.0,5018900
45.2691,-111.3406,12.5,110.0,55.0,,4.2,-0.09,,5928.0,4.535,,,338.0,-20.0,29.9,9.2,-15.0,5018910
45.2535,-111.4426,13.0,74.0,45.0,,3.4,-0.09,,3267.0,3.59,,,97.0,-20.0,7.6,11.1,-15.0,5018911
45.2178,-111.275,11.8,69.0,40.0,,3.2,-0.07,,3551.0,3.408,,,105.0,-20.0,9.0,10.6,-15.0,5018913
45.2127,-111.2756,13.5,95.0,46.0,,4.0,-0.08,,5337.0,5.011,,,300.0,-20.0,25.1,10.3,-15.0,5018915
45.2419,-111.4065,15.4,116.0,61.0,,3.5,-0.07,,3610.0,3.354,,,121.0,-20.0,10.4,10.1,-15.0,5018916
45.2374,-111.4114,12.0,75.0,39.0,,3.5,-0.08,,3241.0,2.599,,,119.0,-20.0,11.8,8.0,-15.0,5018918
45.2869,-111.3854,10.6,67.0,35.0,,2.9,-0.07,,2889.0,3.029,,,121.0,-20.0,10.5,9.1,-15.0,5018919
45.2879,-111.3929,8.3,44.0,33.0,,2.8,-0.08,,4608.0,8.199,,,1197.0,-20.0,8.2,11.1,-15.0,5018921
45.7375,-111.7448,12.4,86.0,41.0,,3.6,-0.07,,3513.0,3.49,,,133.0,-20.0,14.4,10.2,-15.0,5018952
45.7169,-111.7075,17.9,83.0,56.0,,3.3,-0.07,,7656.0,4.399,,,58.0,-20.0,25.5,7.6,-15.0,5018953
45.575,-111.7036,32.6,185.0,84.0,,4.7,-0.1,,5598.0,11.32,,,200.0,-20.0,30.6,13.2,-15.0,5018954
45.5701,-111.7223,14.3,94.0,50.0,,2.9,-0.08,,3840.0,3.817,,,126.0,-20.0,11.5,13.2,-15.0,5018955
45.5662,-111.6415,11.5,79.0,42.0,,5.7,-0.07,,3681.0,4.022,,,125.0,-20.0,11.7,10.5,-15.0,5018956
45.5021,-111.6436,17.2,94.0,46.0,,4.5,-0.08,,3582.0,3.44,,,107.0,-20.0,10.6,11.0,-15.0,5018959
45.7291,-111.8193,10.3,63.0,33.0,,2.6,-0.08,,4324.0,4.059,,,127.0,-20.0,13.2,13.0,-15.0,5018960
45.7366,-111.8504,8.2,50.0,28.0,,2.2,-0.08,,4111.0,5.049,,,143.0,-20.0,7.8,16.2,-15.0,5018961
45.7326,-111.8468,15.7,90.0,46.0,,3.4,-0.09,,3147.0,3.259,,,93.0,-20.0,11.9,10.3,-15.0,5018962
45.7306,-111.8739,10.8,68.0,39.0,,2.5,-0.06,,2098.0,2.502,,,44.0,-20.0,10.4,6.4,-15.0,5018963
45.7164,-111.8866,15.1,90.0,50.0,,3.4,-0.07,,2884.0,2.765,,,50.0,-20.0,13.5,7.8,-15.0,5018964
45.7068,-111.8813,12.6,88.0,43.0,,6.8,-0.08,,3650.0,4.25,,,168.0,-20.0,14.3,12.9,-15.0,5018965
45.6979,-111.8883,16.9,77.0,48.0,,3.7,-0.07,,4431.0,5.749,,,97.0,-20.0,15.5,13.9,-15.0,5018966
45.6978,-111.8805,12.7,97.0,52.0,,2.9,-0.11,,6225.0,4.202,,,140.0,-20.0,12.0,14.5,-15.0,5018967
45.6992,-111.9177,10.7,62.0,40.0,,2.0,-0.07,,2312.0,1.958,,,32.0,-20.0,7.0,6.4,-15.0,5018968
45.6636,-111.917,122.6,226.0,115.0,,23.0,-0.1,,4202.0,17.82,,,61.0,38.0,54.4,11.4,21.0,5018969
45.7082,-111.948,39.0,189.0,103.0,,6.3,-0.08,,6737.0,4.658,,,137.0,-20.0,51.9,11.9,-15.0,5018970
45.722,-111.9597,8.0,47.0,22.0,,2.3,-0.07,,1743.0,1.657,,,48.0,-20.0,7.7,4.9,-15.0,5018971
45.7226,-111.9633,26.4,151.0,80.0,,5.3,-0.09,,7830.0,6.086,,,297.0,29.0,29.6,21.0,-15.0,5018972
45.7281,-111.9722,9.5,57.0,30.0,,2.3,-0.06,,2568.0,1.851,,,50.0,-20.0,10.1,5.3,-15.0,5018973
45.7261,-111.9793,16.0,92.0,60.0,,3.3,-0.08,,6995.0,5.007,,,212.0,-20.0,20.3,14.8,-15.0,5018974
45.6857,-111.8625,10.8,54.0,28.0,,2.8,-0.07,,2184.0,1.671,,,34.0,-20.0,4.8,5.0,-15.0,5018975
45.6785,-111.8329,18.5,105.0,54.0,,3.8,-0.08,,6063.0,4.974,,,219.0,-20.0,18.9,18.0,-15.0,5018976
45.6624,-111.8655,15.7,86.0,48.0,,2.7,-0.07,,3827.0,3.142,,,65.0,-20.0,15.6,7.4,-15.0,5018977
45.6442,-111.9231,10.8,65.0,38.0,,3.0,-0.06,,2526.0,1.989,,,46.0,-20.0,14.9,5.8,-15.0,5018978
45.6494,-111.86,18.8,75.0,47.0,,4.4,-0.08,,2610.0,3.255,,,40.0,-20.0,9.8,11.1,-15.0,5018980
45.6752,-111.7675,12.4,74.0,39.0,,3.4,-0.06,,3374.0,2.073,,,51.0,-20.0,12.9,7.0,-15.0,5018981
45.66,-111.7867,14.4,75.0,45.0,,5.0,-0.07,,3124.0,2.608,,,26.0,-20.0,10.5,7.0,-15.0,5018982
45.6548,-111.7851,10.2,63.0,30.0,,2.9,-0.08,,3039.0,2.285,,,62.0,-20.0,7.9,8.0,-15.0,5018983
45.623,-111.8578,25.4,132.0,64.0,,4.9,-0.07,,5998.0,4.929,,,155.0,23.0,20.8,16.7,-15.0,5018984
45.6202,-111.8639,15.6,88.0,37.0,,3.5,-0.06,,2930.0,2.712,,,71.0,-20.0,13.9,8.2,-15.0,5018985
45.6071,-111.8653,8.8,57.0,27.0,,2.3,-0.06,,1864.0,1.64,,,50.0,-20.0,8.3,5.4,-15.0,5018986
45.602,-111.9005,9.1,59.0,32.0,,2.7,-0.06,,1502.0,1.479,,,22.0,-20.0,5.8,5.2,-15.0,5018987
45.602,-111.9035,20.2,113.0,61.0,,3.3,-0.06,,2400.0,2.894,,,37.0,-20.0,12.7,7.4,-15.0,5018988
45.5944,-111.9009,12.2,89.0,48.0,,2.7,-0.05,,5393.0,4.344,,,177.0,-20.0,15.6,13.6,-15.0,5018989
45.5684,-111.9208,12.3,78.0,42.0,,2.1,-0.08,,3657.0,2.999,,,112.0,-20.0,7.4,10.4,-15.0,5018990
45.5595,-111.958,7.0,64.0,30.0,,2.5,-0.08,,3407.0,3.384,,,90.0,-20.0,11.3,11.2,-15.0,5018991
45.5701,-111.9814,131.9,136.0,82.0,,32.9,-0.1,,3476.0,3.704,,,30.0,-20.0,45.7,19.3,-15.0,5018992
45.6077,-111.8087,13.1,75.0,41.0,,2.7,-0.06,,2816.0,2.346,,,65.0,-20.0,12.6,7.5,-15.0,5018993
45.6024,-111.7943,11.7,68.0,47.0,,2.9,-0.06,,3211.0,3.271,,,76.0,-20.0,13.1,9.4,-15.0,5018994
45.5684,-111.7628,16.0,107.0,57.0,,4.0,-0.07,,4544.0,2.67,,,75.0,-20.0,17.7,8.2,-15.0,5018995
45.5651,-111.7604,7.7,46.0,31.0,,2.5,-0.05,,1842.0,1.222,,,26.0,-20.0,9.9,3.7,-15.0,5018996
45.563,-111.7505,8.4,53.0,30.0,,2.4,-0.06,,2531.0,1.645,,,58.0,-20.0,9.6,5.4,-15.0,5018997
45.499,-111.4592,17.4,89.0,56.0,,4.1,-0.08,,3685.0,3.874,,,146.0,-20.0,17.4,12.3,-15.0,5019012
45.3978,-111.2951,22.1,189.0,93.0,,19.9,-0.1,,3619.0,6.269,,,188.0,-20.0,9.5,13.4,-15.0,5019020
45.3948,-111.2919,10.5,66.0,38.0,,3.0,-0.08,,4786.0,4.782,,,194.0,-20.0,14.6,12.0,-15.0,5019021
45.3183,-111.2598,13.5,111.0,57.0,,3.9,-0.08,,6746.0,5.911,,,411.0,-20.0,28.5,12.2,-15.0,5019061
45.2364,-111.4099,15.5,135.0,72.0,,3.1,-0.08,,3589.0,3.715,,,128.0,-20.0,7.9,11.3,-15.0,5019062
45.2194,-111.4556,12.1,72.0,34.0,,4.7,-0.08,,3238.0,2.624,,,67.0,-20.0,11.9,9.7,-15.0,5019064
45.3047,-111.3437,7.7,56.0,27.0,,2.7,-0.08,,3567.0,5.49,,,546.0,-20.0,5.0,9.4,-15.0,5019065
45.2833,-111.3282,16.5,91.0,55.0,,4.1,-0.08,,6016.0,5.236,,,305.0,-20.0,27.3,10.3,-15.0,5019066
45.2368,-111.3754,12.3,62.0,41.0,,3.9,-0.06,,2390.0,1.772,,,39.0,-20.0,11.7,5.6,-15.0,5019067
45.4373,-111.3536,11.4,65.0,39.0,,3.4,-0.07,,3652.0,2.736,,,94.0,-20.0,16.6,8.3,-15.0,5019079
45.441,-111.4584,15.5,82.0,44.0,,8.4,-0.1,,13230.0,6.753,,,166.0,-20.0,116.2,16.1,-15.0,5019080
45.2245,-111.589,13.3,87.0,49.0,,4.2,-0.09,,3461.0,3.047,,,89.0,-20.0,12.6,8.9,-15.0,5019081
45.2311,-111.5597,14.9,101.0,52.0,,4.8,-0.1,,3097.0,2.858,,,82.0,-20.0,12.8,8.6,-15.0,5019082
45.3591,-111.3114,16.1,107.0,53.0,,11.1,-0.09,,3113.0,4.334,,,180.0,-20.0,12.3,11.2,-15.0,5019092
45.3597,-111.3179,43.6,382.0,215.0,,17.5,-0.09,,5160.0,4.629,,,185.0,-20.0,17.7,13.6,-15.0,5019093
45.2245,-111.2372,7.7,54.0,40.0,,2.3,-0.07,,3545.0,3.188,,,88.0,-20.0,6.6,8.2,-15.0,5019107
45.2051,-111.2431,10.7,57.0,31.0,,3.7,-0.09,,3031.0,2.739,,,62.0,-20.0,11.5,8.6,-15.0,5019108
45.4758,-111.7425,23.9,106.0,62.0,,4.5,0.08,,3726.0,4.093,,,108.0,-20.0,16.4,12.2,-15.0,5019167
45.4622,-111.7306,31.8,85.0,61.0,,8.7,1.51,,4392.0,6.861,,,177.0,-20.0,26.7,10.6,-15.0,5019168
45.4994,-111.3058,17.1,81.0,42.0,,4.9,-0.09,,3989.0,4.051,,,119.0,-20.0,17.7,12.9,-15.0,5019178
45.5,-111.32,22.5,94.0,59.0,,8.9,-0.13,,8107.0,9.422,,,241.0,-20.0,57.1,34.6,-15.0,5019179
45.4992,-111.3433,16.6,96.0,50.0,,6.4,-0.1,,11480.0,7.221,,,168.0,56.0,62.2,22.2,-15.0,5019180
45.5,-111.3547,12.0,77.0,41.0,,3.8,-0.09,,3884.0,2.726,,,88.0,-20.0,14.4,8.2,-15.0,5019181
45.4953,-111.3553,12.4,77.0,43.0,,3.4,-0.09,,4545.0,4.385,,,171.0,-20.0,15.8,13.8,-15.0,5019182
45.4978,-111.3581,7.6,60.0,43.0,,2.4,-0.1,,3603.0,4.415,,,192.0,-20.0,6.4,15.6,-15.0,5019183
45.4967,-111.415,17.0,85.0,50.0,,4.4,-0.08,,3430.0,2.691,,,89.0,-20.0,20.7,8.7,-15.0,5019184
45.4931,-111.2864,16.8,91.0,39.0,,4.7,-0.1,,4747.0,3.91,,,127.0,-20.0,20.4,13.6,-15.0,5019185
45.4969,-111.3228,27.5,149.0,82.0,,9.9,-0.11,,11400.0,8.141,,,281.0,-20.0,70.9,27.5,-15.0,5019186
45.4825,-111.3256,14.7,80.0,41.0,,2.7,-0.09,,4321.0,4.439,,,194.0,-20.0,10.1,15.3,-15.0,5019187
45.4906,-111.3272,43.6,241.0,122.0,,16.9,-0.13,,15580.0,10.08,,,369.0,41.0,132.1,30.2,15.0,5019188
45.4744,-111.2689,12.0,61.0,38.0,,2.7,-0.07,,2964.0,2.95,,,119.0,-20.0,8.7,9.3,-15.0,5019189
45.4534,-111.245,23.1,126.0,68.0,,8.3,-0.1,,4415.0,3.599,,,131.0,-20.0,15.0,12.0,-15.0,5019190
45.4476,-111.24,133.4,690.0,367.0,,24.2,0.21,,4961.0,16.01,,,275.0,-20.0,44.1,16.9,-15.0,5019191
45.4017,-111.2213,10.8,68.0,41.0,,9.5,-0.1,,4291.0,4.644,,,258.0,-20.0,10.0,14.9,-15.0,5019192
45.4422,-111.2088,12.9,71.0,45.0,,5.8,-0.08,,3397.0,3.321,,,110.0,-20.0,15.8,9.9,-15.0,5019193
45.44,-111.1754,16.3,97.0,53.0,,4.3,-0.11,,3635.0,3.883,,,150.0,-20.0,11.0,11.4,20.0,5019194
45.4367,-111.1673,15.8,69.0,50.0,,8.2,-0.11,,3829.0,5.082,,,229.0,-20.0,9.0,16.4,-15.0,5019195
45.4342,-111.168,10.1,71.0,36.0,,1.7,-0.11,,5329.0,5.637,,,137.0,-20.0,5.5,14.6,-15.0,5019196
45.4849,-111.2646,9.5,83.0,40.0,,4.2,-0.08,,3991.0,5.569,,,238.0,-20.0,13.7,18.5,-15.0,5019197
45.4339,-111.1524,9.2,58.0,40.0,,3.1,-0.08,,3406.0,3.361,,,123.0,-20.0,10.5,11.2,-15.0,5019198
45.3823,-111.1768,10.5,66.0,37.0,,3.2,-0.06,,4021.0,4.324,,,150.0,-20.0,8.4,11.4,-15.0,5019207
45.3727,-111.1725,8.9,61.0,32.0,,2.6,-0.08,,4401.0,4.774,,,120.0,-20.0,7.4,12.9,-15.0,5019208
45.3508,-111.1572,8.3,50.0,38.0,,2.0,0.29,,23570.0,22.7,,,982.0,28.0,12.0,22.1,-15.0,5019209
45.9471,-111.8927,20.6,89.0,49.0,,4.4,-0.09,,3920.0,4.653,,,50.0,-20.0,18.8,13.5,-15.0,5019651
45.976,-111.8814,23.1,108.0,58.0,,4.5,-0.09,,4875.0,5.412,,,140.0,-20.0,26.2,13.5,-15.0,5019652
45.9961,-111.8782,79.8,170.0,84.0,,13.1,-0.1,,7617.0,19.76,,,222.0,20.0,53.4,13.0,45.0,5019653
45.9686,-111.9,13.5,96.0,47.0,,3.3,-0.08,,5370.0,5.522,,,375.0,-20.0,17.2,15.5,-15.0,5019649
45.9564,-111.8849,33.9,133.0,59.0,,6.8,-0.1,,5253.0,7.111,,,92.0,-20.0,26.6,13.2,-15.0,5019650
45.7932,-111.7526,14.1,74.0,40.0,,2.9,-0.07,,2610.0,2.941,,,79.0,-20.0,14.6,8.3,-15.0,5019618
45.7717,-111.758,12.2,65.0,35.0,,2.8,0.6,,3813.0,3.402,,,107.0,-20.0,6.9,11.6,-15.0,5019619
45.7545,-111.7639,13.1,82.0,44.0,,3.2,-0.07,,3453.0,2.848,,,80.0,-20.0,11.3,9.0,-15.0,5019620
45.7912,-111.7824,9.0,62.0,28.0,,2.2,-0.07,,2940.0,1.939,,,62.0,-20.0,10.0,7.2,-15.0,5019621
45.7902,-111.8136,7.9,54.0,26.0,,2.3,-0.06,,2364.0,1.907,,,61.0,-20.0,9.3,6.7,-15.0,5019622
45.8173,-111.75,15.1,87.0,41.0,,2.9,-0.07,,2585.0,2.921,,,76.0,-20.0,13.6,8.8,-15.0,5019623
45.8265,-111.7872,7.8,51.0,32.0,,2.0,-0.07,,1774.0,2.361,,,56.0,-20.0,6.9,8.4,-15.0,5019624
45.8186,-111.816,10.8,78.0,39.0,,2.6,-0.08,,2737.0,3.248,,,94.0,-20.0,8.3,10.3,-15.0,5019625
45.829,-111.8517,8.6,48.0,29.0,,2.2,-0.08,,3632.0,3.794,,,107.0,-20.0,8.4,14.3,-15.0,5019626
45.8308,-111.898,13.6,104.0,47.0,,3.7,-0.09,,4104.0,3.242,,,103.0,-20.0,24.1,10.3,-15.0,5019627
45.8452,-111.915,8.2,52.0,31.0,,2.6,-0.1,,4730.0,5.262,,,174.0,-20.0,9.2,20.8,-15.0,5019628
46.1667,-111.95,,,,,3.3,,,,,,,,,,,,5039584
45.8137,-111.9511,8.5,59.0,32.0,,3.0,-0.06,,2732.0,2.402,,,81.0,-20.0,12.4,7.4,-15.0,5019629
45.8322,-111.9554,10.8,65.0,35.0,,2.3,-0.08,,3840.0,2.835,,,73.0,-20.0,9.1,9.8,-15.0,5019630
45.7955,-111.9175,9.3,59.0,33.0,,2.7,-0.07,,3404.0,4.031,,,146.0,-20.0,10.9,11.6,-15.0,5019631
45.7596,-111.9622,8.8,54.0,33.0,,1.9,-0.08,,3228.0,2.918,,,225.0,-20.0,7.1,9.8,-15.0,5019632
45.7534,-111.9644,8.2,51.0,33.0,,2.2,-0.08,,3129.0,3.719,,,342.0,-20.0,7.2,12.6,-15.0,5019633
45.878,-111.8865,11.5,70.0,38.0,,2.6,-0.09,,2875.0,2.767,,,193.0,-20.0,11.1,9.6,-15.0,5019634
45.8916,-111.9314,12.8,76.0,40.0,,3.2,-0.07,,3034.0,3.164,,,146.0,-20.0,13.6,10.9,-15.0,5019635
45.9116,-111.9246,12.8,68.0,40.0,,2.7,-0.08,,3030.0,3.57,,,256.0,-20.0,8.3,13.2,-15.0,5019636
45.9226,-111.9278,10.2,63.0,35.0,,2.4,-0.08,,3333.0,3.219,,,89.0,-20.0,7.3,10.4,-15.0,5019637
45.9202,-111.9723,8.2,70.0,32.0,,2.3,-0.08,,3397.0,3.576,,,226.0,-20.0,8.2,10.6,-15.0,5019638
45.9243,-111.9736,10.8,91.0,43.0,,2.2,-0.08,,5400.0,5.177,,,133.0,-20.0,6.7,13.7,-15.0,5019639
45.938,-111.9247,13.8,73.0,48.0,,3.1,-0.08,,3914.0,3.674,,,163.0,-20.0,13.6,13.0,-15.0,5019640
45.944,-111.9415,8.7,50.0,30.0,,2.0,-0.1,,3373.0,5.215,,,386.0,-20.0,6.3,22.3,-15.0,5019641
45.887,-111.9765,5.7,52.0,29.0,,1.8,-0.12,,4261.0,5.266,,,724.0,-20.0,5.2,25.2,-15.0,5019642
45.8856,-111.987,15.0,82.0,53.0,,3.5,-0.08,,3777.0,4.479,,,142.0,-20.0,28.5,10.6,-15.0,5019643
45.9539,-111.9095,25.2,139.0,70.0,,5.1,-0.1,,6824.0,7.864,,,562.0,-20.0,43.6,19.2,-15.0,5019644
45.971,-111.9725,11.7,66.0,42.0,,2.9,-0.06,,2719.0,2.558,,,69.0,-20.0,11.2,8.2,-15.0,5019645
45.9761,-111.9211,18.2,77.0,33.0,,4.4,0.98,,6336.0,6.492,,,369.0,-20.0,16.3,13.6,-15.0,5019646
45.9833,-111.8958,15.3,88.0,45.0,,3.7,-0.09,,4283.0,4.351,,,166.0,-20.0,12.7,15.9,-15.0,5019647
45.9941,-111.8945,15.2,90.0,49.0,,3.2,-0.1,,5379.0,6.286,,,537.0,-20.0,14.6,18.1,-15.0,5019648
45.9495,-111.8569,31.2,137.0,65.0,,5.6,-0.08,,4454.0,5.29,,,88.0,-20.0,29.9,10.5,-15.0,5019654
45.9459,-111.813,12.2,62.0,35.0,,4.2,-0.08,,2237.0,2.441,,,54.0,-20.0,6.5,8.4,-15.0,5019655
45.9561,-111.8371,17.0,89.0,51.0,,3.5,-0.08,,4934.0,6.221,,,87.0,-20.0,23.2,11.8,-15.0,5019656
45.9567,-111.8353,11.0,55.0,29.0,,2.3,-0.07,,2887.0,2.802,,,56.0,-20.0,11.0,9.4,-15.0,5019657
45.9785,-111.7999,10.2,64.0,29.0,,3.1,-0.09,,3846.0,3.364,,,115.0,-20.0,10.1,10.7,-15.0,5019658
45.9839,-111.7685,10.2,66.0,31.0,,2.7,-0.08,,3808.0,3.763,,,82.0,-20.0,10.0,10.9,-15.0,5019708
45.9017,-111.8121,30.2,144.0,83.0,,6.4,-0.08,,3910.0,3.923,,,93.0,-20.0,31.5,9.5,-15.0,5019709
45.8999,-111.7961,25.3,108.0,52.0,,5.1,-0.09,,2885.0,2.675,,,43.0,-20.0,11.3,9.4,-15.0,5019710
45.9028,-111.7916,15.6,77.0,49.0,,6.5,-0.08,,2960.0,2.828,,,119.0,-20.0,13.7,9.6,-15.0,5019711
45.8985,-111.7657,21.1,106.0,59.0,,5.0,-0.09,,3143.0,3.569,,,51.0,-20.0,21.4,12.1,-15.0,5019712
45.912,-111.7648,17.7,90.0,48.0,,6.9,-0.09,,4173.0,3.916,,,86.0,-20.0,25.1,11.4,-15.0,5019713
45.9153,-111.7532,12.8,83.0,43.0,,3.9,-0.09,,4445.0,3.297,,,147.0,-20.0,18.6,9.3,-15.0,5019714
45.8924,-111.759,20.3,90.0,44.0,,5.7,-0.09,,3031.0,3.59,,,48.0,-20.0,12.3,12.8,-15.0,5019715
45.9075,-111.7925,14.1,99.0,52.0,,3.6,-0.08,,3033.0,2.524,,,47.0,-20.0,13.6,11.6,-15.0,5019716
45.8648,-111.8605,12.2,74.0,39.0,,3.2,-0.08,,3445.0,2.379,,,75.0,-20.0,13.9,7.9,-15.0,5019717
45.9884,-111.4682,13.7,82.0,38.0,,3.2,-0.08,,2957.0,2.353,,,69.0,-20.0,14.4,7.4,-15.0,5019718
45.9506,-111.4689,13.4,75.0,44.0,,2.8,-0.07,,2098.0,2.291,,,66.0,-20.0,6.9,7.8,-15.0,5019719
45.9853,-111.4261,16.1,85.0,51.0,,3.2,-0.08,,3025.0,2.717,,,85.0,-20.0,11.0,8.3,-15.0,5019720
45.9834,-111.4109,12.0,61.0,36.0,,2.5,-0.07,,2453.0,2.157,,,54.0,-20.0,5.9,7.3,-15.0,5019721
45.9915,-111.3937,16.6,94.0,39.0,,3.1,-0.09,,3576.0,3.06,,,169.0,-20.0,10.6,9.8,-15.0,5019722
45.9926,-111.3905,12.2,71.0,44.0,,2.7,-0.07,,2525.0,2.593,,,95.0,-20.0,9.6,8.5,-15.0,5019723
46.1667,-111.95,,,,,2.8,,,,,,,,,,,,5039585
45.9976,-111.3925,14.1,90.0,40.0,,3.2,-0.07,,3348.0,3.04,,,91.0,-20.0,14.8,8.8,-15.0,5019724
45.9793,-111.3594,11.7,68.0,36.0,,3.7,-0.07,,3094.0,3.034,,,111.0,-20.0,11.6,9.6,-15.0,5019725
45.929,-111.4561,12.1,77.0,37.0,,2.8,-0.07,,3076.0,2.523,,,94.0,-20.0,10.9,7.3,-15.0,5019726
45.9166,-111.4512,12.5,65.0,45.0,,3.0,-0.07,,3103.0,2.786,,,78.0,-20.0,11.0,8.7,-15.0,5019727
45.9089,-111.445,12.8,81.0,40.0,,2.8,-0.08,,2555.0,2.572,,,81.0,-20.0,10.3,8.3,-15.0,5019728
45.8967,-111.4072,14.8,77.0,47.0,,3.5,-0.08,,4790.0,4.49,,,172.0,-20.0,15.6,11.1,-15.0,5019729
45.939,-111.3735,12.9,86.0,43.0,,3.3,-0.08,,3007.0,2.718,,,105.0,-20.0,15.1,8.6,-15.0,5019730
45.9617,-111.3095,12.7,75.0,39.0,,3.5,-0.08,,2882.0,2.333,,,79.0,-20.0,10.7,8.3,-15.0,5019731
45.9893,-111.3325,13.8,79.0,44.0,,3.0,-0.09,,3440.0,2.949,,,78.0,-20.0,9.7,8.7,-15.0,5019732
45.9884,-111.3262,12.7,73.0,39.0,,2.9,-0.08,,3595.0,2.699,,,75.0,-20.0,10.5,9.0,-15.0,5019733
45.6665,-111.2601,21.4,95.0,45.0,,3.8,-0.09,,3941.0,3.134,,,102.0,-20.0,16.1,11.1,-15.0,5019734
45.6764,-111.268,22.2,116.0,60.0,,5.3,0.88,,6059.0,5.213,,,185.0,-20.0,32.5,14.8,-15.0,5019735
45.685,-111.2677,15.2,89.0,46.0,,3.4,-0.08,,3400.0,2.705,,,81.0,-20.0,13.3,8.7,-15.0,5019736
45.7073,-111.2568,13.6,64.0,43.0,,3.4,-0.07,,3397.0,2.546,,,90.0,-20.0,13.4,8.4,-15.0,5019737
45.7268,-111.2664,11.4,82.0,42.0,,2.8,-0.09,,3916.0,2.968,,,127.0,-20.0,9.6,9.5,-15.0,5019738
45.7426,-111.268,13.5,83.0,50.0,,3.4,-0.08,,4308.0,3.499,,,127.0,-20.0,18.9,9.9,-15.0,5019739
45.7188,-111.3152,14.6,81.0,49.0,,3.8,-0.09,,3838.0,3.555,,,95.0,-20.0,17.1,10.1,-15.0,5019740
45.7013,-111.3081,14.2,69.0,42.0,,3.9,-0.07,,2770.0,2.265,,,67.0,-20.0,11.1,7.8,-15.0,5019741
45.6884,-111.3123,12.6,79.0,43.0,,2.8,-0.09,,3398.0,3.148,,,81.0,-20.0,8.4,8.3,-15.0,5019742
45.687,-111.2966,21.4,125.0,66.0,,5.8,-0.09,,5956.0,4.609,,,217.0,-20.0,37.0,14.9,-15.0,5019743
45.6463,-111.3501,15.5,86.0,43.0,,3.3,-0.1,,4173.0,3.697,,,120.0,-20.0,13.9,12.7,-15.0,5019744
45.6373,-111.3486,11.3,63.0,40.0,,3.4,-0.06,,3195.0,3.295,,,105.0,-20.0,11.2,10.3,-15.0,5019745
45.6065,-111.3271,12.6,84.0,34.0,,2.9,-0.08,,3984.0,3.483,,,123.0,-20.0,13.1,12.0,-15.0,5019746
45.5992,-111.3217,18.9,91.0,52.0,,4.0,-0.07,,4017.0,3.38,,,127.0,-20.0,23.7,11.0,-15.0,5019747
45.599,-111.2937,14.4,66.0,39.0,,3.1,-0.07,,3994.0,3.787,,,146.0,-20.0,12.3,11.9,-15.0,5019748
45.5924,-111.2734,13.8,74.0,45.0,,3.6,-0.06,,3834.0,3.085,,,119.0,-20.0,17.5,9.9,-15.0,5019749
45.6949,-111.3574,15.9,85.0,42.0,,4.1,-0.07,,3588.0,2.265,,,82.0,-20.0,13.4,7.9,-15.0,5019750
45.6907,-111.3654,14.4,78.0,42.0,,4.0,-0.07,,3384.0,3.553,,,117.0,-20.0,11.7,10.0,-15.0,5019751
45.6999,-111.3606,14.7,85.0,45.0,,3.2,-0.06,,2903.0,2.667,,,72.0,-20.0,12.4,8.2,-15.0,5019752
45.7113,-111.3575,9.5,71.0,39.0,,3.7,-0.06,,3497.0,4.604,,,90.0,-20.0,9.1,10.5,-15.0,5019753
45.7264,-111.3543,14.3,91.0,45.0,,3.5,-0.07,,4107.0,3.066,,,128.0,-20.0,14.7,9.3,-15.0,5019754
45.7479,-111.3306,12.2,74.0,43.0,,3.7,-0.06,,3400.0,3.545,,,116.0,-20.0,11.9,11.2,-15.0,5019755
45.7276,-111.3968,11.6,85.0,37.0,,3.3,-0.06,,3473.0,3.535,,,121.0,-20.0,10.5,10.3,-15.0,5019756
45.6512,-111.4013,10.9,61.0,38.0,,3.6,-0.06,,3021.0,2.12,,,61.0,-20.0,10.5,7.5,-15.0,5019757
45.9811,-111.8972,6.5,55.0,28.0,,1.9,-0.08,,3471.0,5.13,,,349.0,-20.0,4.4,18.8,-15.0,5019763
45.8432,-111.5693,13.9,92.0,47.0,,3.6,-0.07,,3888.0,2.6,,,62.0,-20.0,15.1,8.8,-15.0,5019774
45.8327,-111.5699,15.3,83.0,43.0,,3.6,-0.06,,3424.0,2.909,,,70.0,-20.0,12.9,9.3,-15.0,5019775
45.7958,-111.5551,14.6,93.0,46.0,,3.2,-0.06,,3510.0,3.241,,,79.0,-20.0,15.3,10.1,-15.0,5019776
45.7822,-111.5891,11.0,55.0,35.0,,2.5,-0.06,,2543.0,2.404,,,64.0,-20.0,7.0,7.9,-15.0,5019777
45.7954,-111.6223,13.6,82.0,45.0,,3.8,-0.07,,3195.0,2.661,,,64.0,-20.0,9.7,9.6,-15.0,5019778
45.7561,-111.6496,12.6,73.0,38.0,,3.6,-0.06,,2998.0,3.174,,,134.0,-20.0,12.1,10.0,-15.0,5019779
45.7905,-111.6812,11.4,61.0,35.0,,2.7,-0.05,,2236.0,2.013,,,57.0,-20.0,12.2,6.1,-15.0,5019780
45.7913,-111.7048,11.1,61.0,39.0,,3.0,-0.06,,2970.0,3.152,,,105.0,-20.0,10.8,9.8,-15.0,5019781
45.8181,-111.7358,12.0,73.0,35.0,,2.8,-0.06,,3448.0,2.737,,,81.0,-20.0,14.1,8.1,-15.0,5019782
45.8191,-111.7158,20.8,115.0,61.0,,4.5,-0.06,,4145.0,6.13,,,123.0,-20.0,28.5,10.5,-15.0,5019783
45.8413,-111.6881,17.0,93.0,47.0,,3.2,-0.06,,3268.0,3.515,,,96.0,-20.0,16.9,8.4,-15.0,5019784
45.8622,-111.6585,17.5,95.0,50.0,,5.1,-0.06,,3687.0,3.454,,,54.0,-20.0,26.5,8.6,18.0,5019785
45.8742,-111.6722,11.1,70.0,34.0,,3.3,-0.07,,2798.0,2.204,,,42.0,-20.0,11.4,7.2,-15.0,5019786
45.8756,-111.674,14.1,88.0,48.0,,4.2,-0.06,,3426.0,3.495,,,102.0,-20.0,18.5,9.3,-15.0,5019787
45.9011,-111.6918,15.3,90.0,44.0,,4.1,-0.07,,3551.0,3.021,,,85.0,-20.0,13.1,10.3,-15.0,5019788
45.915,-111.7047,13.2,75.0,40.0,,3.8,-0.05,,2275.0,1.846,,,33.0,-20.0,10.3,6.5,-15.0,5019789
45.9043,-111.7223,12.4,68.0,33.0,,2.6,-0.07,,2234.0,2.127,,,49.0,-20.0,6.9,8.1,-15.0,5019790
45.913,-111.7267,20.9,93.0,54.0,,5.6,-0.06,,2981.0,2.89,,,40.0,-20.0,14.7,8.0,-15.0,5019791
45.8904,-111.6755,16.2,89.0,45.0,,4.7,-0.07,,3439.0,2.91,,,61.0,-20.0,14.6,9.5,-15.0,5019792
45.895,-111.6073,15.9,70.0,40.0,,3.4,-0.06,,2522.0,2.674,,,61.0,-20.0,13.9,8.0,15.0,5019793
45.904,-111.6063,12.4,78.0,39.0,,7.7,-0.08,,4065.0,3.539,,,142.0,-20.0,16.3,11.0,-15.0,5019794
45.903,-111.6179,15.0,70.0,38.0,,3.5,-0.06,,2583.0,2.833,,,67.0,-20.0,16.1,8.4,-15.0,5019795
45.9188,-111.6094,13.7,87.0,43.0,,2.9,-0.06,,2958.0,3.189,,,103.0,-20.0,10.9,9.0,-15.0,5019796
45.9379,-111.6701,10.9,67.0,40.0,,3.7,-0.06,,3544.0,3.757,,,66.0,-20.0,9.6,10.2,-15.0,5019797
45.9448,-111.6399,15.0,74.0,36.0,,4.9,-0.07,,3043.0,2.715,,,42.0,-20.0,8.9,9.0,-15.0,5019798
45.9507,-111.7192,11.1,65.0,36.0,,3.5,-0.06,,2712.0,3.835,,,48.0,-20.0,9.2,11.3,-15.0,5019799
45.9525,-111.7237,23.1,105.0,53.0,,3.9,-0.06,,3469.0,2.983,,,46.0,-20.0,14.8,8.7,-15.0,5019800
45.9606,-111.6611,18.5,62.0,38.0,,4.6,-0.06,,2878.0,2.49,,,36.0,21.0,9.4,8.2,-15.0,5019801
45.9568,-111.6707,9.4,68.0,31.0,,2.5,-0.08,,4002.0,5.062,,,94.0,-20.0,7.8,13.5,-15.0,5019802
45.9555,-111.6829,10.3,63.0,34.0,,2.8,-0.07,,3146.0,3.918,,,65.0,-20.0,7.3,12.1,-15.0,5019803
45.9552,-111.6044,15.7,87.0,45.0,,3.3,-0.06,,3979.0,3.765,,,70.0,-20.0,14.7,10.9,-15.0,5019804
45.9656,-111.6234,11.2,66.0,36.0,,3.0,-0.05,,3249.0,3.226,,,75.0,-20.0,9.1,10.5,-15.0,5019805
45.9723,-111.623,11.4,75.0,37.0,,3.2,-0.07,,3688.0,3.502,,,110.0,-20.0,10.8,10.1,-15.0,5019806
45.973,-111.6286,13.5,73.0,38.0,,5.2,-0.06,,3568.0,3.429,,,58.0,-20.0,9.1,10.7,-15.0,5019807
45.9809,-111.6382,15.0,94.0,41.0,,3.5,-0.08,,3645.0,4.549,,,94.0,-20.0,13.8,11.7,-15.0,5019833
45.9805,-111.6296,15.0,94.0,50.0,,3.5,-0.06,,4113.0,3.771,,,124.0,-20.0,18.4,10.5,-15.0,5019834
45.9493,-111.5937,13.8,72.0,41.0,,3.6,-0.06,,2881.0,3.906,,,61.0,-20.0,12.5,10.2,-15.0,5019835
45.942,-111.5884,7.8,43.0,28.0,,2.1,-0.05,,2012.0,1.979,,,41.0,-20.0,5.3,6.8,-15.0,5019836
45.9294,-111.5644,10.2,58.0,35.0,,2.9,-0.07,,2665.0,2.549,,,61.0,-20.0,11.1,8.2,-15.0,5019837
45.9469,-111.5355,10.9,62.0,30.0,,2.6,-0.06,,2380.0,2.192,,,66.0,-20.0,8.8,7.8,-15.0,5019838
45.979,-111.5151,12.8,68.0,37.0,,3.0,-0.05,,2895.0,2.465,,,65.0,-20.0,11.2,7.9,-15.0,5019839
45.9418,-111.5041,14.9,89.0,43.0,,3.1,-0.06,,2727.0,2.695,,,74.0,-20.0,12.5,8.6,-15.0,5019840
45.9447,-111.5972,11.4,63.0,39.0,,3.3,-0.05,,3522.0,3.316,,,134.0,-20.0,12.7,9.6,-15.0,5019841
45.2524,-111.2537,13.3,77.0,36.0,,4.0,-0.06,,3044.0,2.884,,,98.0,-20.0,9.6,8.6,-15.0,5019852
45.267,-111.2725,12.6,87.0,42.0,,4.4,-0.05,,2900.0,2.931,,,178.0,-20.0,23.0,8.0,-15.0,5019853
45.2686,-111.3031,13.9,78.0,49.0,,4.6,-0.06,,3104.0,3.184,,,134.0,-20.0,8.7,9.7,-15.0,5019854
45.2437,-111.3258,15.9,74.0,45.0,,5.3,-0.06,,2459.0,1.776,,,89.0,-20.0,10.3,5.9,-15.0,5019855
45.2393,-111.3409,11.3,68.0,39.0,,4.4,-0.06,,3423.0,3.909,,,384.0,-20.0,8.3,9.0,-15.0,5019856
45.2373,-111.3485,16.2,105.0,55.0,,4.6,-0.07,,3247.0,3.561,,,176.0,-20.0,10.3,10.6,-15.0,5019857
45.2287,-111.3504,19.1,129.0,74.0,,5.6,-0.06,,4029.0,3.443,,,240.0,-20.0,18.0,10.3,-15.0,5019858
45.2731,-111.2434,14.6,81.0,40.0,,3.6,-0.07,,3021.0,2.517,,,95.0,-20.0,10.3,8.7,-15.0,5019859
45.271,-111.2372,9.6,66.0,34.0,,3.7,-0.07,,2900.0,2.662,,,113.0,-20.0,14.3,8.3,-15.0,5019860
45.3018,-111.207,8.7,69.0,38.0,,2.3,-0.06,,3878.0,4.611,,,190.0,-20.0,7.5,13.2,-15.0,5019861
45.3088,-111.1951,9.5,60.0,34.0,,2.8,-0.06,,3643.0,3.209,,,106.0,-20.0,8.9,9.3,-15.0,5019862
45.3145,-111.1833,9.7,59.0,36.0,,5.0,-0.1,,4799.0,5.266,,,165.0,-20.0,9.2,14.1,-15.0,5019863
45.3021,-111.1568,9.9,67.0,38.0,,2.8,-0.07,,4878.0,4.973,,,147.0,-20.0,7.3,13.8,-15.0,5019866
45.3241,-111.1703,10.8,69.0,39.0,,3.6,-0.06,,3866.0,3.785,,,191.0,-20.0,9.2,11.5,-15.0,5019867
45.9981,-111.1745,10.9,59.0,35.0,,2.5,-0.05,,3231.0,3.675,,,81.0,-20.0,8.9,9.2,-15.0,5019880
45.9918,-111.1651,13.4,83.0,39.0,,3.6,-0.06,,3162.0,2.283,,,75.0,-20.0,17.2,7.8,-15.0,5019881
45.977,-111.1834,11.2,74.0,37.0,,2.7,-0.06,,3540.0,3.361,,,66.0,-20.0,11.3,9.6,-15.0,5019882
45.6596,-111.3118,14.7,87.0,43.0,,3.2,-0.07,,3727.0,3.376,,,124.0,-20.0,11.7,10.3,-15.0,5019883
45.6649,-111.3285,11.9,59.0,32.0,,3.0,-0.06,,3081.0,2.442,,,82.0,-20.0,8.7,7.9,-15.0,5019884
45.6512,-111.3445,12.9,94.0,40.0,,3.2,-0.07,,3816.0,3.425,,,141.0,-20.0,14.7,10.8,-15.0,5019885
45.6581,-111.4103,15.6,77.0,38.0,,3.1,-0.07,,2862.0,3.11,,,77.0,-20.0,9.8,10.7,-15.0,5019886
45.6291,-111.3963,13.9,66.0,38.0,,3.1,-0.07,,3060.0,2.986,,,96.0,-20.0,10.6,9.8,-15.0,5019887
45.6478,-111.4122,14.8,87.0,48.0,,3.6,-0.08,,6026.0,5.666,,,179.0,-20.0,16.1,20.2,-15.0,5019888
45.6465,-111.4368,12.8,81.0,37.0,,3.0,-0.07,,3146.0,2.795,,,83.0,-20.0,10.6,9.0,-15.0,5019889
45.6436,-111.4543,13.6,84.0,42.0,,4.3,-0.07,,6568.0,4.217,,,114.0,-20.0,36.6,12.6,-15.0,5019890
45.6417,-111.4651,14.5,71.0,46.0,,3.1,-0.07,,4340.0,4.128,,,149.0,-20.0,15.5,12.5,-15.0,5019891
45.6426,-111.497,14.9,83.0,48.0,,3.5,-0.06,,4786.0,5.634,,,218.0,-20.0,19.5,18.1,-15.0,5019892
45.7003,-111.4896,16.1,101.0,46.0,,4.5,-0.07,,4588.0,3.906,,,205.0,-20.0,21.6,12.3,-15.0,5019893
45.6879,-111.4698,15.5,105.0,52.0,,4.9,-0.07,,4291.0,4.879,,,214.0,-20.0,20.0,13.5,-15.0,5019894
45.6852,-111.4584,13.3,79.0,42.0,,3.2,-0.07,,4261.0,3.919,,,157.0,-20.0,11.7,11.7,-15.0,5019895
45.681,-111.4536,12.1,66.0,40.0,,3.5,-0.05,,2666.0,2.983,,,106.0,-20.0,10.1,10.3,-15.0,5019896
45.7294,-111.485,16.8,97.0,50.0,,3.8,-0.07,,3050.0,2.749,,,83.0,-20.0,12.8,7.8,-15.0,5019897
45.7404,-111.4724,17.0,83.0,45.0,,3.6,-0.06,,2399.0,2.898,,,72.0,-20.0,9.7,8.6,-15.0,5019898
45.5956,-111.491,19.4,121.0,55.0,,5.5,-0.08,,6541.0,5.556,,,194.0,-20.0,28.8,17.5,-15.0,5019899
45.7152,-111.4109,11.4,71.0,37.0,,3.3,-0.06,,2529.0,2.763,,,56.0,-20.0,7.4,7.9,-15.0,5019900
45.7437,-111.4113,12.4,73.0,45.0,,3.1,-0.07,,2635.0,2.741,,,77.0,-20.0,9.4,9.0,-15.0,5019901
45.981,-111.242,11.0,74.0,35.0,,2.9,-0.06,,3064.0,3.217,,,114.0,-20.0,9.9,9.9,-15.0,5019915
45.9789,-111.2063,11.7,76.0,43.0,,3.0,-0.06,,3777.0,3.28,,,121.0,-20.0,10.3,9.9,-15.0,5019916
45.9749,-111.2098,7.9,63.0,33.0,,3.3,-0.07,,3094.0,3.617,,,122.0,-20.0,5.0,12.0,-15.0,5019917
45.9725,-111.17,11.5,80.0,36.0,,3.0,-0.07,,4364.0,4.115,,,159.0,-20.0,11.8,11.6,-15.0,5019918
45.9657,-111.1828,10.3,69.0,39.0,,2.8,-0.06,,2900.0,3.366,,,77.0,-20.0,10.6,9.2,-15.0,5019919
45.9618,-111.1829,11.4,69.0,40.0,,3.2,-0.06,,3733.0,3.734,,,96.0,-20.0,11.9,9.8,-15.0,5019920
45.7504,-111.2973,15.3,76.0,49.0,,3.9,-0.05,,3529.0,2.964,,,127.0,-20.0,16.8,9.4,-15.0,5019921
45.7578,-111.3966,13.1,82.0,43.0,,3.0,-0.06,,3485.0,2.625,,,78.0,-20.0,11.4,8.3,-15.0,5019922
45.8108,-111.4644,13.7,92.0,48.0,,3.0,-0.06,,3226.0,3.256,,,85.0,-20.0,10.5,10.1,-15.0,5019923
45.7842,-111.3978,18.1,99.0,55.0,,3.5,-0.06,,2894.0,3.077,,,84.0,-20.0,13.0,9.3,-15.0,5019924
45.7828,-111.3979,14.4,77.0,46.0,,3.4,-0.05,,3177.0,2.807,,,89.0,-20.0,11.8,9.3,-15.0,5019925
45.7842,-111.3994,14.8,97.0,47.0,,3.3,-0.06,,3443.0,2.694,,,86.0,-20.0,15.1,8.4,-15.0,5019926
45.8295,-111.3499,13.4,75.0,42.0,,2.8,-0.06,,2870.0,2.882,,,80.0,-20.0,8.9,8.9,-15.0,5019927
45.8424,-111.365,14.6,91.0,45.0,,3.6,-0.06,,3887.0,2.962,,,97.0,-20.0,15.6,9.1,-15.0,5019928
45.834,-111.4105,11.2,60.0,41.0,,2.7,-0.05,,2057.0,2.465,,,49.0,-20.0,10.0,6.3,-15.0,5019929
45.8446,-111.4108,13.6,92.0,39.0,,3.0,-0.06,,2930.0,2.449,,,68.0,-20.0,10.0,7.9,-15.0,5019930
45.8521,-111.4193,17.4,111.0,58.0,,3.4,-0.12,,3586.0,3.808,,,80.0,-20.0,12.1,10.5,-15.0,5019931
45.881,-111.4377,18.5,99.0,54.0,,3.7,-0.06,,3735.0,4.031,,,144.0,-20.0,21.4,10.8,-15.0,5019932
45.8681,-111.391,16.1,105.0,46.0,,3.0,-0.06,,3097.0,3.512,,,71.0,-20.0,12.9,9.9,-15.0,5019933
45.877,-111.4028,10.2,66.0,41.0,,3.5,-0.06,,3490.0,2.942,,,91.0,-20.0,11.7,8.7,-15.0,5019934
45.8942,-111.3334,14.7,87.0,40.0,,3.6,-0.07,,3028.0,2.909,,,107.0,-20.0,15.6,9.4,-15.0,5019935
45.9139,-111.3564,11.7,68.0,34.0,,2.6,-0.06,,2340.0,2.478,,,66.0,-20.0,8.4,7.8,-15.0,5019936
45.9434,-111.2805,14.3,86.0,41.0,,3.4,-0.06,,3564.0,3.147,,,105.0,-20.0,14.8,8.9,-15.0,5019937
45.9384,-111.2979,14.7,70.0,40.0,,3.1,-0.07,,4051.0,4.792,,,166.0,-20.0,10.4,17.1,-15.0,5019938
45.9254,-111.3174,13.4,80.0,38.0,,3.0,-0.06,,3535.0,2.446,,,87.0,-20.0,11.7,8.1,-15.0,5019939
45.9021,-111.3189,13.5,91.0,44.0,,3.3,-0.07,,2936.0,3.557,,,109.0,-20.0,12.8,11.6,-15.0,5019940
45.9524,-111.1709,12.7,67.0,40.0,,2.5,-0.05,,3122.0,2.79,,,77.0,-20.0,8.5,8.7,-15.0,5019941
45.9312,-111.17,10.7,64.0,33.0,,2.6,-0.06,,2853.0,2.273,,,77.0,-20.0,9.1,7.5,-15.0,5019943
45.9235,-111.1841,11.9,49.0,28.0,,2.1,-0.07,,3074.0,3.605,,,114.0,-20.0,6.5,15.1,-15.0,5019944
45.9112,-111.1829,10.0,73.0,33.0,,2.6,-0.06,,2851.0,2.584,,,77.0,-20.0,10.3,8.0,-15.0,5019947
45.8898,-111.2225,11.5,70.0,42.0,,2.7,-0.07,,2620.0,2.732,,,75.0,-20.0,10.2,9.3,-15.0,5019948
45.8726,-111.1792,10.3,63.0,36.0,,2.7,-0.07,,4597.0,4.101,,,126.0,-20.0,8.7,10.9,-15.0,5019949
45.3333,-111.7467,24.8,135.0,58.0,,4.7,0.11,,5216.0,5.312,,,170.0,-20.0,25.1,18.2,-15.0,5019954
45.4191,-111.7501,34.3,169.0,82.0,,9.0,-0.09,,8042.0,8.432,,,271.0,-20.0,74.6,24.4,-15.0,5019955
45.4352,-111.7112,111.5,453.0,237.0,,24.5,0.48,,20580.0,15.65,,,268.0,60.0,214.1,23.7,55.0,5019956
45.629,-111.2568,15.7,78.0,44.0,,3.2,-0.06,,2800.0,2.674,,,70.0,-20.0,11.6,8.7,-15.0,5019957
45.5638,-111.2639,18.3,107.0,51.0,,3.9,-0.09,,4083.0,3.45,,,121.0,-20.0,17.3,11.6,-15.0,5019958
45.5702,-111.2944,24.2,111.0,56.0,,5.4,-0.09,,8927.0,6.036,,,123.0,-20.0,34.1,20.8,-15.0,5019959
45.5315,-111.2504,14.5,122.0,55.0,,3.5,-0.07,,4060.0,6.22,,,252.0,-20.0,17.9,19.8,-15.0,5019960
45.5074,-111.3542,8.0,72.0,38.0,,2.6,-0.06,,4324.0,3.816,,,102.0,-20.0,6.5,11.5,-15.0,5019961
45.5029,-111.3596,10.9,63.0,33.0,,2.5,-0.08,,3011.0,2.609,,,136.0,-20.0,11.5,8.8,-15.0,5019962
45.6635,-111.295,13.7,86.0,46.0,,3.2,-0.06,,2739.0,2.976,,,80.0,-20.0,11.4,9.9,-15.0,5019963
45.3799,-111.9162,44.8,196.0,103.0,,16.2,-0.1,,12230.0,12.4,,,222.0,44.0,175.2,29.8,-15.0,5019964
45.3794,-111.9145,77.7,319.0,179.0,,23.8,-0.1,,8996.0,13.76,,,547.0,50.0,184.9,34.5,-15.0,5019965
45.3694,-111.9268,14.9,108.0,47.0,,4.2,-0.09,,5326.0,4.841,,,124.0,-20.0,22.9,14.1,-15.0,5019966
45.3601,-111.9338,26.6,152.0,76.0,,6.6,-0.08,,6886.0,5.616,,,201.0,-20.0,54.7,15.9,-15.0,5019967
45.3583,-111.9174,14.9,88.0,45.0,,3.9,-0.07,,4075.0,3.842,,,112.0,-20.0,12.8,12.2,-15.0,5019968
45.3591,-111.8988,21.3,85.0,53.0,,3.6,-0.09,,5714.0,7.611,,,203.0,-20.0,14.6,29.9,-15.0,5019969
45.3613,-111.9095,29.6,151.0,78.0,,7.6,-0.07,,6015.0,4.757,,,146.0,-20.0,43.9,15.1,-15.0,5019970
45.3485,-111.8904,29.7,154.0,71.0,,4.6,-0.09,,5704.0,5.925,,,191.0,-20.0,28.1,17.2,-15.0,5019971
45.3886,-111.889,13.1,72.0,43.0,,3.6,-0.06,,3433.0,3.439,,,132.0,-20.0,13.2,10.6,-15.0,5019972
45.3615,-111.9226,17.5,127.0,58.0,,2.7,-0.08,,5049.0,6.515,,,290.0,-20.0,17.0,20.3,20.0,5019973
45.3588,-111.9415,20.3,102.0,60.0,,6.4,-0.07,,5981.0,6.669,,,174.0,-20.0,48.4,20.4,-15.0,5019974
45.3576,-111.9435,28.4,155.0,74.0,,7.8,-0.1,,8105.0,7.065,,,192.0,-20.0,73.4,20.7,-15.0,5019975
45.3252,-111.999,71.4,305.0,167.0,,20.6,-0.1,,12720.0,11.44,,,345.0,20.0,204.9,35.6,40.0,5019976
45.3119,-111.9802,18.8,94.0,51.0,,3.9,-0.07,,4236.0,4.723,,,235.0,-20.0,21.5,14.1,-15.0,5019977
45.2991,-111.9763,28.1,135.0,66.0,,6.3,-0.07,,5795.0,6.325,,,1997.0,-20.0,42.5,19.3,-15.0,5019978
45.2663,-111.974,36.1,192.0,81.0,,6.1,-0.11,,6120.0,10.22,,,5471.0,-20.0,39.3,25.0,-15.0,5019979
45.2592,-111.972,18.3,97.0,44.0,,4.6,0.09,,3562.0,3.791,,,156.0,-20.0,17.8,11.7,-15.0,5019980
45.3001,-111.9784,18.2,118.0,59.0,,4.1,-0.07,,4684.0,4.869,,,166.0,-20.0,24.5,13.6,-15.0,5019981
45.3111,-111.9704,15.7,95.0,47.0,,4.3,-0.08,,5297.0,6.318,,,362.0,-20.0,14.9,19.9,-15.0,5019982
45.4968,-111.8046,13.1,82.0,44.0,,2.9,-0.07,,2654.0,2.406,,,66.0,-20.0,13.5,8.0,-15.0,5019983
45.4971,-111.7931,22.5,129.0,72.0,,7.6,-0.07,,5809.0,4.782,,,122.0,-20.0,35.1,13.0,-15.0,5019984
45.4822,-111.7891,30.2,206.0,102.0,,9.0,-0.09,,8243.0,9.876,,,131.0,24.0,92.7,25.6,-15.0,5019985
45.4485,-111.763,10.1,61.0,35.0,,3.3,-0.07,,4043.0,4.96,,,256.0,-20.0,8.1,15.5,-15.0,5019986
45.4485,-111.8452,30.4,183.0,89.0,,10.0,-0.12,,8517.0,8.902,,,266.0,-20.0,35.1,28.6,15.0,5019987
45.4526,-111.8851,27.8,199.0,106.0,,5.5,-0.08,,6743.0,4.38,,,61.0,-20.0,53.3,14.0,-15.0,5019988
45.464,-111.8197,16.1,87.0,49.0,,4.1,-0.07,,3848.0,4.198,,,224.0,-20.0,20.8,10.6,-15.0,5019989
45.4507,-111.8158,18.8,115.0,55.0,,4.3,-0.07,,5192.0,6.05,,,159.0,-20.0,19.9,21.5,-15.0,5019990
45.4337,-111.775,23.4,131.0,67.0,,4.6,-0.09,,5131.0,5.278,,,109.0,-20.0,34.2,15.0,-15.0,5019991
45.407,-111.7543,6.3,58.0,29.0,,1.7,-0.08,,7129.0,4.937,,,172.0,-20.0,7.0,15.4,-15.0,5019992
45.4197,-111.83,17.1,95.0,58.0,,8.5,-0.08,,5057.0,5.108,,,172.0,-20.0,18.0,17.8,-15.0,5019993
45.3852,-111.8428,44.4,157.0,82.0,,8.8,-0.08,,9754.0,6.212,,,87.0,32.0,68.5,15.6,17.0,5019994
45.3713,-111.8149,55.9,138.0,63.0,,10.2,-0.09,,8391.0,6.445,,,100.0,20.0,93.6,14.2,-15.0,5019995
45.3642,-111.8143,90.6,164.0,98.0,,21.0,-0.09,,14820.0,9.361,,,106.0,44.0,197.6,17.3,-15.0,5019996
45.2965,-111.9558,29.5,157.0,76.0,,4.2,0.9,,4477.0,5.965,,,213.0,-20.0,25.9,17.7,-15.0,5019997
45.2546,-111.9182,17.8,86.0,44.0,,3.8,0.2,,3867.0,5.776,,,242.0,-20.0,10.5,20.8,-15.0,5019998
45.2556,-111.9172,17.5,85.0,38.0,,3.2,-0.08,,4548.0,3.722,,,163.0,-20.0,16.6,13.3,-15.0,5019999
45.258,-111.9216,18.7,110.0,55.0,,5.4,0.55,,4942.0,5.78,,,260.0,-20.0,18.3,19.3,-15.0,5020000
45.2661,-111.9254,33.4,152.0,79.0,,7.5,0.36,,6773.0,7.768,,,310.0,-20.0,41.5,25.1,-15.0,5020001
45.289,-111.944,22.5,119.0,61.0,,5.1,0.23,,4939.0,7.091,,,260.0,-20.0,24.1,25.3,-15.0,5020002
45.2952,-111.9303,10.7,79.0,35.0,,2.4,-0.07,,3922.0,3.511,,,111.0,-20.0,11.3,11.7,-15.0,5020003
45.3009,-111.8813,10.7,64.0,37.0,,3.7,-0.06,,3063.0,4.446,,,87.0,-20.0,8.0,10.5,-15.0,5020004
45.3266,-111.8658,8.4,59.0,36.0,,1.9,-0.08,,5142.0,4.651,,,149.0,-20.0,7.4,14.3,-15.0,5020005
45.3093,-111.7954,34.7,189.0,106.0,,7.5,-0.07,,8850.0,6.73,,,137.0,27.0,56.8,14.0,-15.0,5020006
45.2958,-111.763,10.1,73.0,40.0,,3.4,-0.07,,3149.0,3.655,,,161.0,-20.0,13.7,10.3,-15.0,5020007
45.2853,-111.7687,13.3,93.0,46.0,,3.3,0.14,,3083.0,2.369,,,61.0,-20.0,17.3,7.1,16.0,5020008
45.2809,-111.8112,18.4,92.0,45.0,,3.1,-0.08,,5070.0,4.536,,,138.0,-20.0,12.8,14.7,-15.0,5020009
45.2544,-111.8163,13.3,80.0,42.0,,3.2,-0.06,,3813.0,3.364,,,127.0,-20.0,16.5,10.1,-15.0,5020010
45.2675,-111.7821,11.4,66.0,38.0,,2.9,-0.05,,2832.0,2.537,,,68.0,-20.0,11.6,7.6,-15.0,5020011
45.2529,-111.8169,14.8,81.0,42.0,,3.5,-0.07,,2941.0,2.738,,,63.0,-20.0,13.1,8.4,-15.0,5020012
45.2491,-111.775,15.7,88.0,44.0,,3.1,-0.06,,3896.0,3.632,,,107.0,-20.0,12.0,11.4,-15.0,5020013
45.3379,-111.692,10.3,61.0,33.0,,2.7,-0.05,,1925.0,1.954,,,57.0,-20.0,7.2,6.4,-15.0,5020014
45.3383,-111.6777,10.4,58.0,32.0,,2.9,-0.05,,2707.0,2.26,,,66.0,-20.0,10.3,6.9,-15.0,5020015
45.349,-111.6874,9.9,60.0,32.0,,2.7,-0.06,,1816.0,1.841,,,48.0,-20.0,6.4,6.0,-15.0,5020016
45.3472,-111.6054,10.9,67.0,32.0,,3.3,-0.06,,3141.0,2.235,,,55.0,-20.0,9.0,8.1,-15.0,5020017
45.3973,-111.6071,15.6,79.0,40.0,,3.0,-0.05,,2513.0,2.746,,,75.0,-20.0,12.1,8.7,-15.0,5020018
45.4035,-111.629,19.0,128.0,73.0,,4.7,-0.07,,5427.0,4.648,,,99.0,-20.0,18.5,13.8,-15.0,5020019
45.2861,-111.6812,11.3,63.0,38.0,,2.5,-0.06,,2974.0,3.018,,,172.0,-20.0,9.7,8.9,-15.0,5020020
45.2531,-111.6462,12.4,62.0,37.0,,3.2,-0.05,,3100.0,3.378,,,179.0,-20.0,9.1,10.2,-15.0,5020021
45.2682,-111.6773,11.7,80.0,36.0,,2.8,-0.06,,2572.0,2.719,,,82.0,-20.0,13.6,8.6,-15.0,5020022
45.2723,-111.6362,9.1,89.0,37.0,,1.9,-0.06,,3717.0,5.953,,,58.0,-20.0,6.3,10.0,-15.0,5020023
45.3001,-111.6089,11.3,74.0,38.0,,3.5,-0.05,,2462.0,1.689,,,56.0,-20.0,18.3,5.4,-15.0,5020024
45.304,-111.5774,9.9,57.0,33.0,,3.3,-0.05,,2807.0,2.516,,,56.0,-20.0,8.2,8.4,-15.0,5020025
45.2958,-111.5746,13.5,95.0,45.0,,3.3,-0.06,,3726.0,3.03,,,82.0,-20.0,14.0,8.5,-15.0,5020026
45.2814,-111.5463,10.0,52.0,32.0,,3.1,-0.05,,2537.0,2.077,,,49.0,-20.0,7.0,7.3,-15.0,5020027
45.2794,-111.5052,12.8,71.0,41.0,,3.4,-0.06,,2540.0,2.331,,,57.0,-20.0,9.8,7.9,-15.0,5020028
45.3066,-111.7014,11.9,58.0,37.0,,3.1,-0.05,,3131.0,3.092,,,143.0,-20.0,10.7,9.4,-15.0,5020029
45.3079,-111.6957,11.0,81.0,37.0,,2.9,-0.07,,3303.0,3.855,,,384.0,-20.0,13.4,11.6,-15.0,5020030
45.241,-111.6959,14.7,72.0,40.0,,3.4,-0.06,,2954.0,3.319,,,175.0,-20.0,9.7,10.3,18.0,5020031
45.242,-111.6459,11.9,71.0,42.0,,3.3,-0.05,,2693.0,2.473,,,60.0,-20.0,8.5,7.9,-15.0,5020032
45.2359,-111.6439,11.2,63.0,37.0,,3.1,-0.05,,3551.0,3.128,,,119.0,-20.0,12.3,9.4,-15.0,5020033
45.2373,-111.6689,8.1,75.0,38.0,,2.6,-0.08,,3551.0,3.839,,,158.0,-20.0,9.5,11.1,-15.0,5020034
45.5717,-111.5188,16.2,93.0,46.0,,7.5,-0.09,,2940.0,2.877,,,75.0,-20.0,14.3,9.3,-15.0,5020064
45.6121,-111.5915,7.0,73.0,31.0,,2.4,-0.1,,6916.0,6.458,,,234.0,-20.0,7.7,15.1,-15.0,5020065
45.6086,-111.579,10.0,70.0,34.0,,4.1,-0.07,,2975.0,2.834,,,68.0,-20.0,9.3,8.9,-15.0,5020066
45.6239,-111.5554,6.7,47.0,27.0,,2.9,-0.06,,2261.0,1.862,,,41.0,-20.0,13.9,5.3,-15.0,5020067
45.6758,-111.539,8.5,75.0,39.0,,2.5,-0.11,,4603.0,4.33,,,84.0,-20.0,9.0,11.6,-15.0,5020068
45.6973,-111.5368,9.0,62.0,34.0,,4.0,-0.07,,2921.0,3.42,,,73.0,-20.0,9.8,9.8,-15.0,5020069
45.7168,-111.5304,11.6,89.0,41.0,,2.9,-0.08,,3363.0,3.451,,,136.0,-20.0,10.7,10.6,-15.0,5020070
45.7343,-111.5405,9.6,56.0,32.0,,3.4,-0.08,,2723.0,3.25,,,73.0,-20.0,7.6,10.6,15.0,5020071
45.7372,-111.5774,14.7,117.0,60.0,,12.6,-0.1,,3219.0,3.717,,,191.0,-20.0,13.0,12.1,-15.0,5020072
45.582,-111.5752,20.2,130.0,63.0,,10.2,-0.1,,8327.0,7.119,,,248.0,-20.0,75.2,20.2,15.0,5020073
45.5637,-111.597,11.4,81.0,40.0,,3.1,-0.08,,3113.0,3.45,,,130.0,-20.0,13.8,12.1,-15.0,5020074
45.5373,-111.587,14.1,92.0,49.0,,4.3,-0.07,,4634.0,3.734,,,69.0,-20.0,21.5,10.6,-15.0,5020075
45.561,-111.5897,15.4,106.0,51.0,,1.8,-0.11,,4251.0,5.504,,,368.0,-20.0,9.3,19.8,-15.0,5020076
45.5853,-111.5958,8.7,70.0,32.0,,2.9,-0.07,,3097.0,3.22,,,112.0,-20.0,10.3,9.4,-15.0,5020077
45.2354,-111.8058,11.9,88.0,42.0,,2.5,-0.08,,3574.0,3.625,,,119.0,-20.0,8.7,11.4,-15.0,5020078
45.2399,-111.8549,10.1,79.0,38.0,,2.6,-0.09,,5241.0,4.589,,,152.0,-20.0,11.5,16.5,-15.0,5020079
45.2333,-111.8819,9.1,80.0,38.0,,2.2,-0.13,,9742.0,6.447,,,1059.0,-20.0,10.7,23.1,-15.0,5020080
45.4737,-111.743,14.0,94.0,47.0,,3.8,-0.07,,3784.0,3.929,,,124.0,-20.0,13.8,11.9,-15.0,5020081
45.4449,-111.7079,11.4,81.0,43.0,,3.4,-0.07,,2955.0,3.019,,,107.0,-20.0,13.2,9.6,-15.0,5020082
45.449,-111.6927,9.8,64.0,39.0,,3.2,-0.07,,2889.0,3.475,,,133.0,-20.0,11.3,10.1,-15.0,5020083
45.4518,-111.6868,23.2,181.0,80.0,,7.9,-0.12,,8742.0,8.945,,,344.0,27.0,50.8,21.0,-15.0,5020084
45.4504,-111.6677,10.3,71.0,40.0,,2.3,-0.07,,2330.0,3.205,,,107.0,-20.0,6.9,11.2,-15.0,5020085
45.4548,-111.648,20.1,121.0,67.0,,5.3,-0.11,,-2100.0,8.944,,,356.0,-20.0,23.1,31.2,-15.0,5020086
45.4692,-111.6368,22.1,95.0,49.0,,5.1,-0.06,,2384.0,1.996,,,78.0,-20.0,13.0,5.9,-15.0,5020087
45.4842,-111.6289,25.4,144.0,64.0,,5.6,-0.11,,5517.0,6.723,,,191.0,-20.0,40.3,21.3,-15.0,5020088
45.4241,-111.6443,50.2,285.0,153.0,,14.4,-0.11,,15480.0,8.792,,,240.0,52.0,160.8,23.7,-15.0,5020089
45.4124,-111.6464,17.2,121.0,57.0,,4.3,-0.09,,5455.0,5.103,,,137.0,-20.0,26.0,16.6,-15.0,5020090
45.3835,-111.6805,9.2,54.0,32.0,,3.0,-0.07,,2572.0,2.354,,,76.0,-20.0,8.1,7.9,-15.0,5020091
45.3564,-111.5854,12.6,96.0,41.0,,3.1,-0.09,,3237.0,4.281,,,119.0,-20.0,12.8,10.9,-15.0,5020092
45.3551,-111.5431,11.8,77.0,40.0,,3.7,-0.08,,3674.0,3.609,,,87.0,-20.0,13.3,10.2,-15.0,5020093
45.3548,-111.5085,12.6,82.0,50.0,,4.3,-0.08,,4218.0,3.828,,,101.0,-20.0,23.1,11.5,-15.0,5020094
45.3521,-111.5034,9.9,68.0,45.0,,4.3,-0.08,,5444.0,5.544,,,477.0,-20.0,35.0,16.7,-15.0,5020095
45.3453,-111.5236,10.7,76.0,39.0,,3.6,-0.09,,3297.0,2.759,,,142.0,-20.0,10.3,9.2,-15.0,5020096
45.3442,-111.5327,10.4,62.0,34.0,,2.9,-0.07,,2638.0,2.533,,,85.0,-20.0,9.4,8.4,-15.0,5020097
45.6873,-111.7433,8.8,64.0,37.0,,2.6,-0.08,,5473.0,4.898,,,155.0,-20.0,12.0,10.5,-15.0,5020098
45.6475,-111.7478,7.7,55.0,31.0,,3.2,-0.07,,2563.0,1.601,,,55.0,-20.0,8.6,6.1,-15.0,5020099
45.6419,-111.6514,8.8,63.0,38.0,,2.6,-0.08,,2748.0,2.034,,,57.0,-20.0,12.0,6.6,-15.0,5020100
45.6555,-111.6532,17.1,80.0,38.0,,3.7,-0.08,,2922.0,2.331,,,48.0,-20.0,11.6,7.3,-15.0,5020101
45.6776,-111.6578,7.1,87.0,46.0,,2.4,-0.07,,4027.0,3.724,,,218.0,-20.0,14.5,9.9,-15.0,5020102
45.6796,-111.7004,5.6,50.0,32.0,,2.0,-0.07,,2430.0,3.2,,,98.0,-20.0,5.6,8.9,-15.0,5020103
45.6762,-111.7202,8.9,62.0,29.0,,2.8,-0.08,,2375.0,1.989,,,47.0,-20.0,9.2,6.4,-15.0,5020104
45.698,-111.6865,5.8,76.0,33.0,,2.2,-0.07,,3097.0,3.36,,,180.0,-20.0,7.1,10.6,-15.0,5020105
45.7237,-111.6357,19.7,103.0,59.0,,3.7,-0.07,,4324.0,5.989,,,133.0,-20.0,28.7,11.3,-15.0,5020106
45.7476,-111.6516,14.6,78.0,47.0,,1.8,-0.09,,3413.0,5.517,,,335.0,-20.0,8.6,18.7,-15.0,5020107
45.6182,-111.612,8.6,64.0,40.0,,2.5,-0.09,,3715.0,2.405,,,79.0,-20.0,12.9,7.6,-15.0,5020108
45.6153,-111.6415,6.5,63.0,35.0,,2.1,-0.09,,3903.0,3.952,,,129.0,-20.0,7.3,11.9,-15.0,5020109
45.5854,-111.6472,18.0,130.0,63.0,,3.8,-0.09,,3060.0,2.679,,,61.0,-20.0,11.9,8.4,-15.0,5020110
45.5855,-111.67,11.2,84.0,55.0,,4.1,-0.07,,4393.0,3.491,,,83.0,-20.0,10.2,9.7,-15.0,5020111
45.5981,-111.6891,8.7,78.0,39.0,,2.1,-0.1,,3307.0,4.004,,,232.0,-20.0,7.1,12.0,-15.0,5020112
45.6117,-111.7218,6.9,67.0,37.0,,2.1,-0.08,,3422.0,4.048,,,306.0,-20.0,8.4,14.0,-15.0,5020113
45.5968,-111.7397,10.5,98.0,46.0,,1.7,-0.11,,5978.0,7.092,,,448.0,-20.0,11.8,36.3,-15.0,5020114
45.5748,-111.6834,10.3,64.0,36.0,,2.9,-0.07,,3179.0,2.904,,,77.0,-20.0,11.3,8.7,-15.0,5020115
45.5695,-111.6679,10.4,91.0,44.0,,3.2,-0.1,,3368.0,3.468,,,138.0,-20.0,12.6,10.7,-15.0,5020116
45.5365,-111.6633,7.6,57.0,30.0,,2.8,-0.08,,3226.0,3.381,,,144.0,-20.0,9.6,10.3,-15.0,5020117
45.5161,-111.6525,7.8,80.0,41.0,,2.3,-0.11,,4072.0,4.324,,,104.0,-20.0,10.0,11.6,-15.0,5020118
45.5195,-111.6872,8.4,59.0,27.0,,3.0,-0.08,,2731.0,2.623,,,52.0,-20.0,9.1,7.9,-15.0,5020119
45.5172,-111.6909,12.2,94.0,60.0,,16.2,-0.09,,3973.0,3.752,,,135.0,-20.0,17.1,12.8,-15.0,5020120
45.5389,-111.7042,10.1,62.0,32.0,,3.6,-0.06,,2473.0,2.309,,,64.0,-20.0,9.2,7.1,-15.0,5020121
45.5466,-111.7059,5.3,48.0,29.0,,2.2,-0.08,,2364.0,1.695,,,60.0,-20.0,18.6,5.2,-15.0,5020122
45.5516,-111.7139,6.5,55.0,32.0,,2.7,-0.09,,3494.0,3.614,,,150.0,-20.0,6.4,11.8,-15.0,5020123
45.6548,-111.518,7.4,59.0,28.0,,2.5,-0.09,,1957.0,2.005,,,75.0,-20.0,5.0,6.3,-15.0,5020124
45.6164,-111.5415,6.5,51.0,31.0,,2.4,-0.07,,3633.0,3.046,,,81.0,-20.0,8.6,8.3,-15.0,5020125
45.6005,-111.5318,7.7,56.0,27.0,,2.0,-0.08,,2217.0,1.632,,,63.0,-20.0,7.9,5.9,-15.0,5020126
45.5883,-111.5307,9.1,66.0,30.0,,2.6,-0.08,,3587.0,3.695,,,99.0,-20.0,8.6,10.4,-15.0,5020127
46.1667,-111.95,,,,,2.9,,,,,,,,,,,,5039586
46.1939,-111.9208,,,,,3.0,,,,,,,,,,,,5039587
46.1939,-111.9208,,,,,2.2,,,,,,,,,,,,5039588
46.1939,-111.9208,,,,,2.4,,,,,,,,,,,,5039589
46.2144,-111.8944,,,,,3.0,,,,,,,,,,,,5039590
46.2144,-111.8944,,,,,2.8,,,,,,,,,,,,5039591
46.2144,-111.8944,,,,,2.7,,,,,,,,,,,,5039592
46.2122,-111.8919,,,,,2.8,,,,,,,,,,,,5039593
46.2122,-111.8919,,,,,2.2,,,,,,,,,,,,5039594
46.2122,-111.8919,,,,,2.1,,,,,,,,,,,,5039595
46.1986,-111.8958,,,,,2.4,,,,,,,,,,,,5039596
46.1986,-111.8958,,,,,1.3,,,,,,,,,,,,5039597
46.1986,-111.8958,,,,,1.8,,,,,,,,,,,,5039598
46.1556,-111.9028,,,,,3.1,,,,,,,,,,,,5039599
46.1556,-111.9028,,,,,2.3,,,,,,,,,,,,5039600
46.1556,-111.9028,,,,,2.5,,,,,,,,,,,,5039601
46.2417,-111.9744,,,,,6.0,,,,,,,,,,,,5039602
46.2417,-111.9744,,,,,6.4,,,,,,,,,,,,5039603
46.2417,-111.9744,,,,,6.5,,,,,,,,,,,,5039604
46.2453,-111.9708,,,,,3.8,,,,,,,,,,,,5039605
46.1033,-111.8786,,,,,4.2,,,,,,,,,,,,5039606
46.1033,-111.8786,,,,,2.6,,,,,,,,,,,,5039607
46.1033,-111.8786,,,,,2.8,,,,,,,,,,,,5039608
46.4883,-112.0583,7.5,61.0,46.0,,9.3,-0.08,,3915.0,2.273,,,49.0,-20.0,4.7,9.0,-15.0,5023136
46.4903,-112.0564,24.2,81.0,45.0,,13.7,-0.08,,4151.0,2.137,,,27.0,-20.0,8.6,15.3,-15.0,5023137
46.4875,-112.0406,21.3,71.0,47.0,,8.1,-0.06,,4503.0,1.93,,,23.0,-20.0,5.2,11.4,-15.0,5023138
46.4842,-112.0917,33.9,106.0,45.0,,12.8,-0.09,,3835.0,2.988,,,24.0,-20.0,18.1,16.4,41.0,5023139
46.4908,-112.0931,32.9,103.0,56.0,,9.8,-0.1,,5004.0,4.453,,,42.0,-20.0,38.0,17.4,-15.0,5023140
46.4936,-112.1064,25.7,87.0,53.0,,9.8,-0.07,,8242.0,8.815,,,104.0,-20.0,43.4,14.6,21.0,5023141
46.4983,-112.1211,21.2,131.0,69.0,,11.1,-0.07,,3630.0,2.403,,,29.0,-20.0,26.3,11.2,-15.0,5023142
46.4928,-112.1161,22.7,96.0,56.0,,11.2,-0.07,,3121.0,1.608,,,-10.0,-20.0,38.3,9.5,52.0,5023143
46.4639,-112.1194,28.1,101.0,76.0,,15.5,-0.09,,4260.0,2.696,,,34.0,-20.0,17.5,11.1,47.0,5023144
46.4603,-112.1178,20.0,69.0,49.0,,19.8,-0.06,,2500.0,2.082,,,13.0,-20.0,11.8,8.6,-15.0,5023145
46.4583,-112.1067,60.2,109.0,83.0,,11.8,1.92,,2794.0,8.037,,,72.0,-20.0,62.7,8.9,69.0,5023146
46.4844,-112.0111,26.7,99.0,48.0,,5.2,-0.11,,5450.0,3.351,,,31.0,-20.0,14.2,19.6,-15.0,5023147
46.4083,-112.1461,26.6,105.0,84.0,,23.3,-0.11,,-2326.0,3.854,,,36.0,-20.0,25.4,14.5,43.0,5023148
46.4111,-112.1478,17.5,71.0,43.0,,11.3,-0.06,,2204.0,2.03,,,21.0,-20.0,19.9,6.8,-15.0,5023149
46.4528,-112.0417,90.0,148.0,82.0,,14.5,-0.07,,3469.0,2.805,,,33.0,-20.0,36.7,10.3,-15.0,5023150
46.4417,-112.0625,27.9,92.0,50.0,,8.1,-0.08,,4168.0,2.22,,,22.0,-20.0,14.1,12.2,-15.0,5023151
46.4375,-112.0719,51.3,147.0,92.0,,12.3,0.49,,3569.0,6.98,,,57.0,-20.0,77.0,11.9,33.0,5023152
46.4297,-112.0731,18.3,59.0,35.0,,7.9,-0.05,,2616.0,1.376,,,15.0,-20.0,8.8,5.5,-15.0,5023153
46.4194,-112.1006,22.3,85.0,47.0,,6.8,-0.06,,3320.0,1.879,,,24.0,-20.0,13.3,8.0,-15.0,5023154
46.3842,-112.1111,7.3,48.0,27.0,,3.9,-0.06,,2511.0,0.872,,,31.0,-20.0,4.0,4.2,-15.0,5023155
46.3822,-112.0869,9.5,45.0,36.0,,5.6,-0.08,,3777.0,1.356,,,50.0,-20.0,5.2,6.8,-15.0,5023156
46.3814,-112.08,23.8,80.0,51.0,,8.9,-0.08,,5605.0,4.261,,,62.0,-20.0,29.7,12.6,-15.0,5023157
46.3861,-112.055,36.0,107.0,63.0,,7.0,-0.1,,5443.0,4.182,,,46.0,-20.0,20.7,19.4,41.0,5023158
46.4694,-112.1964,20.9,80.0,52.0,,14.6,-0.09,,-2128.0,2.892,,,-12.0,-20.0,10.2,5.8,-15.0,5023159
46.4728,-112.2056,16.5,250.0,254.0,,27.9,-0.17,,2026.0,1.696,,,-24.0,-20.0,4.6,6.5,-15.0,5023160
46.4889,-112.2167,16.9,79.0,54.0,,8.4,-0.07,,3549.0,1.903,,,18.0,-20.0,9.3,7.8,-15.0,5023161
46.4208,-112.0294,51.0,134.0,61.0,,9.8,-0.09,,5417.0,3.664,,,31.0,-20.0,24.3,13.7,32.0,5023162
46.4186,-112.03,33.3,99.0,51.0,,11.5,-0.08,,3932.0,1.943,,,25.0,-20.0,14.7,10.7,-15.0,5023163
46.4214,-112.0025,49.7,129.0,68.0,,10.3,-0.11,,6068.0,3.705,,,28.0,-20.0,36.2,16.0,-15.0,5023164
46.3997,-112.0256,33.2,87.0,53.0,,8.9,-0.06,,4487.0,2.505,,,31.0,-20.0,28.1,8.2,-15.0,5023165
46.3853,-112.1347,17.7,87.0,53.0,,14.1,-0.09,,-6231.0,2.801,,,25.0,-20.0,6.5,11.8,23.0,5023166
46.3728,-112.1389,9.8,73.0,39.0,,4.5,-0.09,,-3772.0,3.472,,,57.0,-20.0,4.8,14.6,-15.0,5023167
46.3472,-112.1289,9.2,63.0,39.0,,3.6,-0.11,,4712.0,2.822,,,48.0,-20.0,5.0,13.6,-15.0,5023168
46.345,-112.125,6.5,40.0,27.0,,4.6,-0.06,,2601.0,1.319,,,28.0,-20.0,3.7,6.3,-15.0,5023169
46.3353,-112.1186,9.8,47.0,33.0,,3.6,0.06,,2403.0,1.414,,,46.0,-20.0,4.1,6.9,-15.0,5023170
46.3436,-112.0981,12.6,60.0,31.0,,4.8,-0.09,,2566.0,1.308,,,19.0,-20.0,3.3,6.9,22.0,5023171
46.3431,-112.0903,17.2,79.0,49.0,,5.6,-0.08,,3748.0,2.341,,,19.0,-20.0,6.0,13.3,-15.0,5023172
46.3214,-112.1072,9.0,55.0,30.0,,5.5,-0.05,,3620.0,1.402,,,21.0,-20.0,5.3,6.6,-15.0,5023173
46.3083,-112.0964,28.9,99.0,56.0,,5.9,-0.08,,4220.0,2.743,,,30.0,-20.0,11.1,12.3,-15.0,5023174
46.3078,-112.0925,27.0,93.0,55.0,,15.9,-0.08,,3162.0,1.814,,,21.0,-20.0,8.3,9.6,-15.0,5023175
46.3,-112.0978,21.4,69.0,46.0,,14.4,-0.12,,5089.0,2.498,,,25.0,-20.0,7.3,12.2,-15.0,5023176
46.36,-112.0753,16.1,51.0,32.0,,10.1,-0.07,,4284.0,3.861,,,23.0,-20.0,4.7,9.8,22.0,5023177
46.3556,-112.1111,5.5,35.0,30.0,,3.2,1.37,,-2330.0,7.136,,,32.0,-20.0,2.9,9.2,-15.0,5023178
46.3619,-112.1111,6.3,42.0,25.0,,4.2,-0.12,,2056.0,1.732,,,21.0,-20.0,3.2,5.8,-15.0,5023179
46.3669,-112.0028,34.7,133.0,83.0,,23.8,-0.11,,5484.0,2.976,,,78.0,-20.0,20.0,18.3,-15.0,5023180
46.3647,-112.0064,95.0,144.0,92.0,,36.6,0.32,,4062.0,4.208,,,33.0,-20.0,48.5,13.6,34.0,5023181
46.3639,-112.0361,16.3,67.0,39.0,,12.4,-0.06,,2716.0,1.791,,,33.0,-20.0,4.8,8.4,-15.0,5023182
46.3514,-112.0422,37.4,105.0,63.0,,17.4,-0.08,,3942.0,2.384,,,23.0,-20.0,32.8,11.7,-15.0,5023183
46.3303,-112.0531,63.9,120.0,82.0,,42.1,-0.13,,5424.0,4.596,,,36.0,-20.0,35.0,21.6,19.0,5023184
46.3361,-112.0461,28.0,87.0,57.0,,19.9,-0.06,,2785.0,1.409,,,17.0,-20.0,8.4,12.7,-15.0,5023185
46.3414,-112.0544,24.5,115.0,78.0,,14.7,-0.12,,4491.0,2.715,,,28.0,-20.0,5.0,12.6,-15.0,5023186
46.3433,-112.0542,18.4,95.0,45.0,,22.3,-0.13,,2333.0,4.849,,,-18.0,-20.0,-1.8,10.4,-15.0,5023187
46.2583,-112.1139,52.5,100.0,61.0,,8.8,-0.1,,3877.0,5.194,,,33.0,-20.0,27.4,14.9,-15.0,5023188
46.2881,-112.0781,20.2,67.0,44.0,,8.6,-0.06,,3269.0,1.843,,,26.0,-20.0,12.7,6.7,-15.0,5023189
46.3014,-112.0522,34.3,97.0,52.0,,8.8,-0.09,,5370.0,2.292,,,26.0,-20.0,11.6,12.7,-15.0,5023190
46.3028,-112.0547,28.8,106.0,53.0,,12.5,-0.08,,5335.0,2.672,,,26.0,-20.0,9.3,15.4,-15.0,5023191
46.2839,-112.0556,24.1,72.0,53.0,,12.0,-0.1,,4077.0,2.423,,,21.0,-20.0,12.2,12.2,-15.0,5023192
46.2897,-112.0556,34.3,91.0,61.0,,10.2,-0.08,,4640.0,2.29,,,29.0,-20.0,13.0,13.3,-15.0,5023193
46.2894,-112.0533,12.2,106.0,52.0,,25.8,-0.07,,5321.0,2.472,,,49.0,-20.0,9.7,11.2,-15.0,5023194
46.7381,-112.1556,12.6,86.0,42.0,,3.5,-0.06,,3465.0,1.769,,,49.0,-20.0,5.9,8.8,-15.0,5023195
46.7378,-112.0714,12.5,79.0,48.0,,3.3,-0.07,,3214.0,1.896,,,39.0,-20.0,6.7,10.1,-15.0,5023196
46.7344,-112.0558,8.9,66.0,38.0,,3.3,-0.06,,2890.0,3.394,,,25.0,-20.0,5.7,12.6,-15.0,5023197
46.6853,-112.0711,10.8,89.0,61.0,,3.2,0.08,,9349.0,6.151,,,20.0,-20.0,8.5,13.4,-15.0,5023198
46.6467,-112.0597,6.1,50.0,26.0,,3.2,-0.04,,4261.0,0.9921,,,22.0,-20.0,4.4,4.3,-15.0,5023199
46.6139,-112.1158,9.5,61.0,38.0,,3.2,-0.08,,2990.0,1.508,,,52.0,-20.0,5.8,8.5,-15.0,5023200
46.6836,-112.2242,5.5,35.0,20.0,,3.5,-0.05,,3539.0,0.9903,,,33.0,-20.0,3.7,5.1,-15.0,5023201
46.6864,-112.1908,5.5,48.0,23.0,,3.5,-0.05,,3066.0,0.8746,,,29.0,-20.0,4.4,4.6,-15.0,5023202
46.6975,-112.1778,9.9,62.0,41.0,,3.2,-0.09,,3030.0,1.59,,,40.0,-20.0,6.3,8.8,-15.0,5023203
46.7119,-112.1769,12.4,69.0,38.0,,2.8,-0.07,,2895.0,2.067,,,72.0,-20.0,7.1,10.3,-15.0,5023204
46.7311,-112.1786,5.4,43.0,24.0,,2.6,0.97,,3084.0,1.051,,,17.0,-20.0,3.7,4.2,-15.0,5023205
46.7389,-112.1772,7.2,41.0,25.0,,2.5,-0.08,,2292.0,1.729,,,30.0,-20.0,4.4,8.9,-15.0,5023206
46.6928,-112.1158,18.8,133.0,73.0,,3.3,-0.11,,4839.0,11.58,,,52.0,-20.0,14.3,16.1,-15.0,5023207
46.6944,-112.1128,6.5,47.0,34.0,,4.0,-0.06,,6233.0,3.033,,,44.0,-20.0,5.3,14.6,27.0,5023208
46.7003,-112.1142,5.7,36.0,16.0,,2.3,0.7,,8347.0,0.7548,,,27.0,-20.0,3.2,3.7,-15.0,5023209
46.6997,-112.1061,27.3,129.0,88.0,,2.3,-0.11,,1948.0,10.95,,,34.0,-20.0,13.0,10.5,-15.0,5023210
46.5794,-112.1628,5.0,30.0,21.0,,4.3,-0.04,,3133.0,1.272,,,18.0,-20.0,3.0,3.7,-15.0,5023211
46.5817,-112.1617,8.7,47.0,31.0,,2.2,-0.1,,1769.0,3.216,,,35.0,-20.0,5.2,6.5,-15.0,5023212
46.5625,-112.2081,3.0,21.0,-13.0,,3.2,-0.1,,3208.0,0.7371,,,-9.0,-20.0,1.4,2.5,-15.0,5023213
46.5622,-112.1917,15.9,92.0,47.0,,10.9,-0.13,,3327.0,2.824,,,30.0,-20.0,7.9,8.7,-15.0,5023214
46.6753,-112.1578,9.2,63.0,39.0,,2.7,-0.12,,3270.0,2.217,,,44.0,-20.0,6.7,7.7,-15.0,5023215
46.1917,-112.6972,36.8,128.0,75.0,,9.0,-0.16,,4638.0,5.857,,,50.0,-20.0,40.1,16.8,-15.0,5023216
46.1939,-112.6917,18.3,86.0,42.0,,10.9,-0.14,,3407.0,1.567,,,24.0,-20.0,17.6,5.3,-15.0,5023217
46.2125,-112.6486,40.9,109.0,79.0,,13.1,-0.14,,3254.0,5.479,,,42.0,-20.0,40.8,11.6,-15.0,5023218
46.205,-112.6389,14.1,71.0,32.0,,4.5,-0.13,,2802.0,2.245,,,47.0,-20.0,8.1,7.6,-15.0,5023219
46.2042,-112.6444,39.3,110.0,73.0,,13.7,-0.16,,3940.0,4.953,,,63.0,-20.0,25.0,10.6,21.0,5023220
46.195,-112.6639,16.1,81.0,53.0,,26.8,-0.14,,3791.0,1.645,,,22.0,-20.0,8.9,6.1,-15.0,5023221
46.1978,-112.6583,20.7,89.0,96.0,,51.1,-0.14,,2995.0,1.755,,,33.0,-20.0,7.1,7.7,-15.0,5023222
46.1569,-112.5403,7.2,49.0,24.0,,5.3,-0.11,,2664.0,2.01,,,90.0,-20.0,6.6,7.1,-15.0,5023223
46.1583,-112.5431,8.9,74.0,43.0,,4.8,-0.09,,2192.0,1.492,,,51.0,-20.0,6.2,5.4,-15.0,5023224
46.1528,-112.5569,7.5,64.0,28.0,,8.8,-0.14,,2286.0,1.671,,,60.0,-20.0,5.1,6.9,-15.0,5023225
46.1556,-112.5681,10.6,95.0,64.0,,5.3,-0.11,,2696.0,1.963,,,79.0,-20.0,8.3,7.8,-15.0,5023226
46.1933,-112.6322,8.2,56.0,25.0,,4.3,-0.12,,2603.0,1.699,,,50.0,-20.0,6.2,5.6,-15.0,5023227
46.2042,-112.0642,34.1,106.0,70.0,,6.6,-0.14,,4574.0,6.054,,,58.0,-20.0,28.4,15.5,-15.0,5023228
46.2044,-112.0625,7.3,35.0,-15.0,,6.4,-0.12,,4526.0,0.9228,,,-10.0,-20.0,3.6,3.8,23.0,5023229
46.1931,-112.0525,24.3,99.0,57.0,,5.5,-0.14,,3357.0,3.096,,,37.0,-20.0,17.5,11.3,-15.0,5023230
46.1961,-112.0492,26.9,104.0,48.0,,7.2,-0.14,,3853.0,3.025,,,40.0,-20.0,15.3,11.0,-15.0,5023231
46.2378,-112.0431,53.1,151.0,92.0,,13.2,-0.16,,5723.0,6.762,,,157.0,-20.0,56.4,27.2,-15.0,5023232
46.2403,-112.0389,49.3,168.0,88.0,,12.4,-0.18,,6845.0,6.246,,,202.0,24.0,57.9,23.0,-15.0,5023233
46.2306,-112.0617,90.4,203.0,103.0,,17.6,-0.18,,7713.0,11.89,,,136.0,-20.0,88.4,23.9,34.0,5023234
46.2814,-112.0708,42.8,108.0,55.0,,10.6,-0.15,,3788.0,3.618,,,33.0,-20.0,18.9,12.9,-15.0,5023235
46.2811,-112.0617,55.7,120.0,84.0,,15.3,-0.17,,4880.0,6.922,,,68.0,-20.0,44.3,17.7,-15.0,5023236
46.2792,-112.0547,42.3,90.0,63.0,,25.3,-0.17,,4948.0,4.787,,,49.0,-20.0,26.0,11.6,25.0,5023237
46.2886,-112.0389,103.8,146.0,113.0,,29.0,-0.19,,5100.0,5.727,,,56.0,-20.0,52.2,19.1,-15.0,5023238
46.2881,-112.0356,106.2,116.0,84.0,,28.4,-0.13,,5820.0,5.382,,,58.0,-20.0,47.0,15.9,-15.0,5023239
46.2911,-112.0361,120.4,99.0,107.0,,36.5,-0.16,,4573.0,6.732,,,77.0,-20.0,58.7,15.4,-15.0,5023240
46.2981,-112.035,45.8,123.0,81.0,,36.3,-0.14,,4315.0,3.235,,,70.0,-20.0,26.9,14.7,20.0,5023241
46.3056,-112.0278,45.2,105.0,64.0,,16.9,-0.19,,5019.0,3.619,,,67.0,-20.0,21.2,17.5,-15.0,5023242
46.3056,-112.0306,49.7,92.0,80.0,,26.8,-0.13,,4341.0,2.27,,,27.0,-20.0,24.1,13.7,-15.0,5023243
46.3097,-112.0317,101.2,179.0,140.0,,32.8,-0.13,,5511.0,3.515,,,33.0,-20.0,54.2,20.8,-15.0,5023244
46.46,-112.0256,43.4,138.0,69.0,,11.8,-0.19,,5036.0,4.418,,,70.0,-20.0,32.1,16.8,-15.0,5023245
46.4622,-112.0267,34.4,100.0,78.0,,36.5,-0.12,,3392.0,2.963,,,35.0,-20.0,15.4,10.8,17.0,5023246
46.1833,-112.5597,5.2,41.0,36.0,,28.4,-0.07,,2076.0,1.022,,,47.0,-20.0,2.9,5.6,-15.0,5023247
46.1861,-112.5611,8.2,56.0,31.0,,8.3,-0.07,,2085.0,1.404,,,39.0,-20.0,6.3,5.0,-15.0,5023248
46.2056,-112.5625,7.1,48.0,25.0,,4.7,-0.07,,2085.0,1.499,,,42.0,-20.0,3.5,5.1,-15.0,5023249
46.2194,-112.5625,20.2,67.0,52.0,,34.7,-0.12,,1960.0,1.205,,,41.0,-20.0,5.2,7.4,-15.0,5023250
46.2444,-112.7306,24.1,89.0,54.0,,6.2,-0.06,,4770.0,5.537,,,62.0,-20.0,34.9,6.8,-15.0,5023251
46.2431,-112.7269,20.2,87.0,51.0,,4.3,-0.07,,4657.0,3.341,,,46.0,-20.0,14.1,10.9,-15.0,5023252
46.2222,-112.6986,60.6,150.0,98.0,,11.6,-0.07,,4015.0,7.058,,,60.0,-20.0,48.5,8.4,-15.0,5023253
46.2158,-112.6569,50.9,133.0,75.0,,11.9,-0.12,,4519.0,5.991,,,39.0,-20.0,27.6,19.5,-15.0,5023254
46.2139,-112.6667,34.5,87.0,59.0,,8.1,-0.07,,3793.0,2.528,,,24.0,-20.0,12.5,9.1,-15.0,5023255
46.2186,-112.6694,62.2,154.0,94.0,,9.7,-0.08,,4970.0,4.999,,,43.0,-20.0,16.0,17.1,23.0,5023256
46.2194,-112.6528,56.2,154.0,71.0,,10.9,-0.08,,4077.0,4.537,,,42.0,-20.0,23.8,17.1,-15.0,5023257
46.2347,-112.6492,37.2,103.0,68.0,,9.5,-0.11,,4833.0,5.815,,,44.0,-20.0,31.6,20.6,-15.0,5023258
46.2319,-112.6472,44.5,105.0,54.0,,10.0,-0.08,,5991.0,5.703,,,53.0,29.0,35.8,12.5,-15.0,5023259
46.2583,-112.6542,23.4,82.0,50.0,,5.3,-0.08,,4966.0,3.424,,,43.0,-20.0,19.4,14.4,-15.0,5023260
46.2256,-112.7431,15.2,87.0,46.0,,4.0,-0.06,,3614.0,1.843,,,29.0,-20.0,12.0,6.0,-15.0,5023261
46.2183,-112.7458,17.8,96.0,58.0,,4.0,-0.09,,3719.0,2.71,,,28.0,-20.0,10.8,9.1,-15.0,5023262
46.4208,-112.0903,14.9,62.0,40.0,,6.5,0.14,,2985.0,1.775,,,24.0,-20.0,12.6,7.7,-15.0,5023263
46.4556,-112.0333,68.4,154.0,77.0,,12.7,-0.08,,4094.0,3.871,,,50.0,-20.0,36.9,13.4,28.0,5023264
46.4569,-112.0336,65.2,147.0,73.0,,15.2,-0.09,,3836.0,3.793,,,53.0,28.0,40.1,11.5,20.0,5023265
46.4583,-112.0336,75.5,139.0,85.0,,14.7,-0.12,,4037.0,5.024,,,64.0,-20.0,48.6,14.2,62.0,5023266
46.4611,-112.0175,36.2,87.0,57.0,,14.9,-0.08,,4035.0,2.759,,,35.0,-20.0,24.4,10.4,-15.0,5023267
46.4625,-112.0178,38.5,143.0,71.0,,23.8,-0.09,,4284.0,3.237,,,40.0,-20.0,17.3,14.0,-15.0,5023268
46.4642,-112.0047,32.4,115.0,47.0,,6.4,-0.1,,4712.0,2.547,,,27.0,-20.0,12.4,12.9,23.0,5023269
46.4653,-112.0056,42.7,102.0,71.0,,7.9,-0.12,,4774.0,3.764,,,25.0,-20.0,22.0,16.0,17.0,5023270
46.4625,-112.0075,58.9,113.0,59.0,,13.2,-0.08,,5097.0,3.244,,,34.0,-20.0,23.4,15.2,17.0,5023271
46.4806,-112.0167,33.1,104.0,58.0,,5.9,-0.08,,4978.0,3.477,,,43.0,-20.0,16.7,18.5,-15.0,5023272
46.4883,-112.7197,7.8,57.0,30.0,,3.0,-0.06,,3969.0,1.565,,,27.0,-20.0,5.7,7.1,-15.0,5023273
46.4842,-112.6972,7.7,58.0,39.0,,2.6,-0.09,,6242.0,4.579,,,130.0,-20.0,6.8,15.4,-15.0,5023274
46.4681,-112.7181,5.6,39.0,21.0,,1.6,-0.07,,6050.0,3.036,,,241.0,-20.0,3.5,15.2,-15.0,5023275
46.4708,-112.7075,7.5,57.0,38.0,,2.5,-0.09,,5106.0,3.401,,,132.0,-20.0,4.7,15.1,-15.0,5023276
46.4522,-112.7089,5.3,33.0,20.0,,1.6,-0.06,,4404.0,2.619,,,184.0,-20.0,2.9,12.3,-15.0,5023277
46.4453,-112.7075,6.3,33.0,28.0,,2.6,-0.07,,3260.0,1.795,,,130.0,-20.0,4.5,8.4,-15.0,5023278
46.4508,-112.6844,4.3,38.0,22.0,,1.5,-0.07,,4248.0,2.829,,,246.0,-20.0,3.8,13.3,-15.0,5023279
46.4414,-112.6792,6.8,58.0,37.0,,1.7,-0.1,,4481.0,3.412,,,141.0,-20.0,5.8,16.6,-15.0,5023280
46.4425,-112.6769,3.3,27.0,15.0,,1.0,-0.06,,4581.0,3.07,,,770.0,-20.0,2.5,20.3,-15.0,5023281
46.4417,-112.6764,6.1,36.0,26.0,,1.4,-0.06,,4765.0,3.446,,,445.0,-20.0,4.6,19.2,-15.0,5023282
46.4019,-112.6278,5.2,48.0,27.0,,1.5,-0.07,,4816.0,3.039,,,350.0,-20.0,3.4,13.7,-15.0,5023283
46.4022,-112.6283,5.9,60.0,26.0,,1.6,-0.1,,4791.0,3.45,,,364.0,-20.0,3.4,16.2,-15.0,5023284
46.4258,-112.6444,3.7,35.0,19.0,,1.3,-0.06,,4075.0,2.87,,,312.0,,2.7,12.4,,5023285
46.355,-112.675,13.3,109.0,53.0,,4.0,-0.06,,4829.0,2.684,,,81.0,-20.0,7.0,11.9,-15.0,5023286
46.34,-112.6714,13.2,92.0,44.0,,4.0,-0.06,,4675.0,2.077,,,42.0,-20.0,10.4,7.8,-15.0,5023287
46.3686,-112.7194,20.4,137.0,72.0,,5.6,-0.08,,7473.0,9.206,,,239.0,-20.0,33.4,11.6,-15.0,5023288
46.3569,-112.7208,10.9,75.0,45.0,,3.7,-0.05,,4260.0,2.079,,,56.0,-20.0,9.1,7.7,-15.0,5023289
46.345,-112.7258,15.0,114.0,62.0,,3.8,-0.06,,4468.0,2.651,,,42.0,-20.0,12.1,8.9,-15.0,5023290
46.3244,-112.7275,11.4,75.0,40.0,,3.3,-0.06,,3104.0,1.717,,,26.0,-20.0,7.1,6.4,16.0,5023291
46.2986,-112.7194,15.6,92.0,64.0,,4.3,-0.07,,4043.0,3.166,,,33.0,-20.0,17.0,8.6,-15.0,5023292
46.015,-112.6056,33.2,138.0,77.0,,8.3,4.4,,4006.0,2.977,,,53.0,-20.0,33.8,8.5,17.0,5023293
46.0142,-112.6036,24.6,117.0,59.0,,4.6,-0.06,,2998.0,2.222,,,36.0,-20.0,10.8,11.2,-15.0,5023294
46.0147,-112.6075,9.6,61.0,40.0,,3.1,-0.06,,2131.0,1.01,,,24.0,-20.0,4.8,3.6,-15.0,5023295
46.0539,-112.6022,32.5,112.0,73.0,,4.5,-0.07,,3114.0,2.127,,,73.0,-20.0,8.3,14.5,-15.0,5023296
46.0556,-112.6019,5.4,38.0,23.0,,2.3,-0.04,,2377.0,1.135,,,54.0,-20.0,3.3,5.2,-15.0,5023297
46.0694,-112.5964,8.2,69.0,38.0,,2.2,-0.05,,2472.0,1.399,,,62.0,-20.0,5.2,5.8,-15.0,5023298
46.0761,-112.5722,6.8,53.0,21.0,,2.8,-0.07,,3478.0,1.924,,,115.0,-20.0,6.3,11.0,-15.0,5023299
46.0814,-112.5592,6.4,38.0,25.0,,4.0,-0.09,,3769.0,2.115,,,99.0,-20.0,3.9,11.7,-15.0,5023300
46.075,-112.5786,4.8,38.0,16.0,,2.1,-0.07,,4029.0,1.854,,,100.0,-20.0,4.6,10.6,-15.0,5023301
46.0806,-112.5975,26.6,298.0,202.0,,3.2,0.1,,2948.0,1.202,,,46.0,-20.0,9.5,4.1,-15.0,5023302
46.0917,-112.5839,4.3,43.0,20.0,,2.6,-0.06,,2947.0,1.508,,,88.0,-20.0,3.5,9.3,-15.0,5023303
46.0914,-112.5889,6.8,44.0,35.0,,3.2,-0.07,,2195.0,1.164,,,36.0,-20.0,4.9,4.8,-15.0,5023304
46.0914,-112.6178,5.8,44.0,22.0,,2.9,-0.06,,2653.0,1.017,,,57.0,-20.0,4.0,4.8,-15.0,5023305
46.1033,-112.6194,6.1,53.0,28.0,,2.5,-0.05,,2423.0,1.308,,,47.0,-20.0,4.5,5.0,-15.0,5023306
46.1097,-112.6203,6.9,52.0,29.0,,2.4,-0.05,,2826.0,1.306,,,69.0,-20.0,4.3,6.1,-15.0,5023307
46.1278,-112.6042,4.6,38.0,32.0,,3.7,-0.07,,1890.0,1.067,,,59.0,-20.0,4.0,6.0,18.0,5023308
46.1342,-112.5925,3.9,29.0,16.0,,2.6,-0.05,,-1731.0,1.067,,,48.0,-20.0,2.6,4.0,-15.0,5023309
46.1317,-112.5844,5.6,41.0,28.0,,2.4,-0.05,,4356.0,1.67,,,98.0,-20.0,5.2,6.8,-15.0,5023310
46.135,-112.5822,3.8,31.0,20.0,,3.1,-0.05,,2237.0,0.8653,,,44.0,-20.0,3.7,3.6,-15.0,5023311
46.1406,-112.5667,24.5,98.0,49.0,,2.8,-0.07,,2064.0,2.235,,,21.0,-20.0,10.5,14.5,-15.0,5023312
46.1378,-112.5586,3.6,26.0,15.0,,2.1,-0.04,,1954.0,0.8399,,,46.0,-20.0,2.2,3.9,-15.0,5023313
46.1353,-112.5719,7.5,51.0,42.0,,5.3,-0.09,,3144.0,1.732,,,76.0,-20.0,5.2,9.1,-15.0,5023314
46.1392,-112.63,4.1,25.0,16.0,,3.4,-0.04,,1832.0,0.8883,,,55.0,-20.0,2.7,4.6,-15.0,5023315
46.1519,-112.6411,6.8,46.0,32.0,,3.7,-0.05,,2578.0,1.061,,,35.0,-20.0,4.3,4.6,-15.0,5023316
46.1581,-112.6411,7.9,57.0,30.0,,6.6,-0.08,,2686.0,1.212,,,61.0,-20.0,6.3,6.0,-15.0,5023317
46.1572,-112.6361,9.4,37.0,20.0,,3.1,-0.08,,-1849.0,0.9792,,,44.0,-20.0,6.7,5.1,-15.0,5023318
46.1092,-112.6325,6.0,44.0,24.0,,6.5,-0.07,,2874.0,1.759,,,69.0,-20.0,5.0,5.9,-15.0,5023319
46.1381,-112.6158,6.1,39.0,22.0,,3.1,-0.06,,-1611.0,1.278,,,65.0,-20.0,3.3,5.9,-15.0,5023320
46.1375,-112.6139,5.0,32.0,21.0,,3.9,0.28,,2306.0,1.32,,,51.0,-20.0,4.0,4.6,-15.0,5023321
46.135,-112.6656,5.2,33.0,27.0,,6.2,-0.07,,2488.0,1.39,,,74.0,-20.0,3.2,8.1,-15.0,5023322
46.1289,-112.6664,8.3,46.0,28.0,,14.1,-0.06,,2923.0,1.511,,,45.0,-20.0,6.0,6.4,-15.0,5023323
46.0869,-112.6319,13.9,69.0,49.0,,3.1,-0.07,,2647.0,1.897,,,65.0,-20.0,7.7,9.5,-15.0,5023324
46.0356,-112.5864,7.5,45.0,20.0,,3.3,-0.05,,2069.0,1.369,,,81.0,-20.0,2.7,6.0,-15.0,5023325
46.0336,-112.5664,7.9,54.0,35.0,,5.5,-0.06,,2890.0,1.12,,,23.0,-20.0,4.3,4.3,-15.0,5023326
46.0931,-112.5139,19.8,67.0,43.0,,10.3,-0.05,,7410.0,1.57,,,33.0,20.0,11.6,7.4,-15.0,5023327
46.0928,-112.5125,48.3,136.0,90.0,,17.6,-0.09,,4529.0,8.698,,,89.0,-20.0,54.2,23.3,-15.0,5023328
46.0783,-112.5144,28.5,109.0,59.0,,18.4,-0.09,,4115.0,2.869,,,42.0,-20.0,15.1,18.6,-15.0,5023329
46.0494,-112.5419,28.6,117.0,76.0,,10.6,-0.11,,2724.0,3.01,,,59.0,-20.0,27.9,16.9,-15.0,5023330
46.0544,-112.5517,13.1,41.0,27.0,,10.0,-0.05,,3649.0,1.772,,,18.0,-20.0,7.7,8.6,-15.0,5023331
46.055,-112.5681,45.4,97.0,60.0,,4.6,-0.07,,3033.0,4.504,,,100.0,-20.0,34.8,17.8,-15.0,5023332
46.0556,-112.5672,4.4,47.0,25.0,,14.6,-0.07,,2468.0,1.793,,,108.0,-20.0,4.5,10.9,-15.0,5023333
46.0592,-112.6258,59.4,96.0,69.0,,3.9,-0.08,,1855.0,2.031,,,19.0,-20.0,14.0,7.2,-15.0,5023334
46.0519,-112.6403,9.2,49.0,29.0,,2.5,-0.04,,2646.0,0.7888,,,20.0,-20.0,4.0,3.4,-15.0,5023335
46.0481,-112.6578,10.2,88.0,46.0,,2.4,-0.05,,3386.0,1.653,,,103.0,-20.0,4.7,8.5,-15.0,5023336
46.0139,-112.6833,8.4,67.0,34.0,,3.4,-0.07,,2938.0,1.875,,,140.0,25.0,6.5,10.1,-15.0,5023337
46.0503,-112.6925,8.4,47.0,35.0,,2.8,-0.07,,4254.0,1.347,,,42.0,-20.0,4.3,7.0,-15.0,5023338
46.0542,-112.6947,6.1,43.0,27.0,,2.6,-0.05,,3933.0,1.528,,,107.0,22.0,4.5,8.3,-15.0,5023339
46.0625,-112.7003,7.1,56.0,32.0,,2.8,-0.06,,3063.0,2.154,,,151.0,20.0,7.2,12.5,-15.0,5023340
46.0361,-112.6878,6.4,46.0,26.0,,2.5,-0.06,,2752.0,1.234,,,68.0,-20.0,4.8,6.3,-15.0,5023341
46.0408,-112.6708,8.1,48.0,38.0,,2.5,-0.08,,3274.0,2.035,,,138.0,27.0,7.3,11.2,-15.0,5023342
46.025,-112.6753,14.6,70.0,46.0,,3.6,-0.05,,3415.0,1.313,,,50.0,26.0,6.1,5.2,-15.0,5023343
46.0586,-112.7314,13.6,76.0,40.0,,3.5,-0.05,,3146.0,1.465,,,25.0,-20.0,5.3,6.2,-15.0,5023344
46.0419,-112.7292,12.8,81.0,50.0,,2.7,-0.07,,2944.0,1.693,,,106.0,31.0,13.4,8.6,-15.0,5023345
46.0394,-112.7394,9.2,54.0,33.0,,3.5,-0.08,,3466.0,1.55,,,44.0,36.0,4.7,7.4,-15.0,5023346
46.0183,-112.7139,9.3,60.0,32.0,,2.7,-0.05,,5298.0,1.177,,,41.0,25.0,4.3,6.0,-15.0,5023347
46.0247,-112.7219,9.9,66.0,38.0,,2.8,-0.07,,2747.0,2.871,,,174.0,26.0,13.0,18.8,-15.0,5023348
46.2794,-112.5769,8.8,69.0,37.0,,3.9,-0.06,,3842.0,1.486,,,74.0,42.0,8.4,7.4,-15.0,5023349
46.3944,-112.625,8.4,83.0,53.0,,2.7,-0.08,,4670.0,2.785,,,31.0,-20.0,6.8,9.8,-15.0,5023350
46.375,-112.6014,8.3,54.0,29.0,,2.3,-0.08,,4485.0,3.036,,,242.0,34.0,4.3,16.3,-15.0,5023351
46.3686,-112.5911,7.3,61.0,32.0,,1.4,-0.06,,2632.0,2.342,,,81.0,22.0,4.7,11.3,-15.0,5023352
46.3658,-112.5825,5.1,42.0,20.0,,1.8,1.01,,-2791.0,2.531,,,70.0,36.0,3.3,13.0,-15.0,5023353
46.3611,-112.5806,9.1,74.0,48.0,,3.3,3.43,,4784.0,5.911,,,255.0,-20.0,7.4,25.3,-15.0,5023354
46.3431,-112.605,9.1,78.0,46.0,,4.5,-0.06,,5067.0,2.202,,,38.0,25.0,4.9,10.2,-15.0,5023355
46.3319,-112.6172,16.2,156.0,70.0,,4.7,-0.08,,4506.0,2.255,,,35.0,-20.0,14.5,11.1,-15.0,5023356
46.3,-112.6361,15.1,74.0,49.0,,8.8,-0.09,,3861.0,1.801,,,-13.0,-20.0,15.3,9.9,-15.0,5023357
46.2978,-112.6417,22.3,82.0,47.0,,6.5,-0.07,,4631.0,3.487,,,34.0,-20.0,19.9,11.2,-15.0,5023358
46.5428,-112.2458,8.0,71.0,41.0,,3.3,-0.07,,3057.0,2.115,,,33.0,21.0,5.5,9.1,-15.0,5023359
46.5431,-112.2417,7.0,65.0,36.0,,3.6,-0.07,,3202.0,1.498,,,23.0,-20.0,5.3,6.9,-15.0,5023360
46.5347,-112.2458,8.9,41.0,37.0,,7.6,-0.09,,3438.0,1.636,,,32.0,36.0,4.6,7.4,-15.0,5023361
46.5247,-112.2458,12.5,77.0,38.0,,16.1,-0.08,,3992.0,2.386,,,42.0,36.0,16.5,13.0,-15.0,5023362
46.5639,-112.2403,11.2,97.0,58.0,,4.7,-0.05,,4337.0,2.217,,,38.0,39.0,6.5,8.5,-15.0,5023363
46.5603,-112.2394,21.5,95.0,54.0,,12.5,-0.07,,2986.0,2.312,,,32.0,47.0,17.2,5.8,-15.0,5023364
46.5525,-112.0453,10.6,83.0,44.0,,5.4,0.4,,8253.0,3.972,,,70.0,38.0,16.1,14.3,-15.0,5023365
46.5547,-112.0536,7.8,49.0,29.0,,5.7,-0.07,,5248.0,2.501,,,47.0,31.0,7.3,9.3,-15.0,5023366
46.5494,-112.0619,6.0,43.0,27.0,,2.9,-0.06,,6285.0,5.415,,,102.0,23.0,6.6,14.9,-15.0,5023367
46.5536,-112.0708,7.8,61.0,30.0,,2.9,0.34,,5101.0,2.859,,,40.0,-20.0,8.0,13.0,-15.0,5023368
46.5736,-112.0397,4.3,30.0,18.0,,1.7,-0.07,,1881.0,1.119,,,20.0,-20.0,1.9,5.1,-15.0,5023369
46.5658,-112.0583,6.0,38.0,24.0,,2.7,0.14,,5033.0,2.163,,,50.0,-20.0,5.4,8.8,-15.0,5023370
46.5292,-112.1061,9.7,62.0,38.0,,3.5,-0.06,,6483.0,5.11,,,107.0,-20.0,15.2,15.4,-15.0,5023371
46.5625,-112.09,5.9,52.0,26.0,,3.1,0.82,,3006.0,2.853,,,40.0,-20.0,2.2,9.0,-15.0,5023372
46.5986,-112.2472,11.1,66.0,53.0,,11.0,-0.09,,3519.0,2.82,,,80.0,-20.0,5.6,11.6,-15.0,5023373
46.5931,-112.2417,18.8,104.0,63.0,,17.8,-0.06,,3743.0,2.609,,,16.0,37.0,10.6,10.5,-15.0,5023374
46.5331,-112.1783,17.5,103.0,51.0,,7.0,-0.08,,5413.0,4.48,,,99.0,-20.0,39.5,19.4,-15.0,5023375
46.5342,-112.1742,6.3,49.0,27.0,,10.3,-0.09,,5373.0,2.416,,,32.0,32.0,2.8,11.5,-15.0,5023376
46.5325,-112.175,11.7,66.0,39.0,,5.8,-0.09,,7493.0,7.978,,,79.0,28.0,46.3,17.7,51.0,5023377
46.5433,-112.1733,12.3,59.0,42.0,,22.0,-0.07,,4591.0,2.706,,,22.0,21.0,6.4,7.3,-15.0,5023378
46.5517,-112.1747,17.2,90.0,68.0,,45.6,-0.07,,4195.0,1.87,,,21.0,-20.0,7.7,11.0,-15.0,5023379
46.5681,-112.1653,17.4,101.0,52.0,,5.1,-0.07,,4133.0,2.654,,,32.0,33.0,16.5,13.0,-15.0,5023380
46.56,-112.1489,3.5,33.0,23.0,,1.6,-0.07,,2614.0,1.721,,,34.0,-20.0,5.8,7.6,-15.0,5023381
46.5747,-112.1453,7.6,44.0,25.0,,2.5,-0.05,,2633.0,1.252,,,25.0,-20.0,4.3,5.4,-15.0,5023382
46.5772,-112.1472,7.6,52.0,31.0,,2.1,-0.05,,2917.0,1.699,,,35.0,26.0,6.2,7.7,-15.0,5023383
46.5739,-112.0608,5.2,34.0,20.0,,2.1,0.31,,2243.0,1.383,,,36.0,-20.0,3.0,4.4,-15.0,5023384
46.5722,-112.0778,4.6,32.0,17.0,,1.9,-0.06,,2168.0,1.154,,,17.0,29.0,3.1,4.6,-15.0,5023385
46.5764,-112.0564,3.4,31.0,17.0,,1.6,-0.05,,2049.0,1.346,,,23.0,-20.0,5.0,6.1,-15.0,5023386
46.5764,-112.0539,14.1,66.0,36.0,,3.3,-0.07,,6621.0,4.783,,,91.0,29.0,20.2,14.8,-15.0,5023387
46.5739,-112.0517,4.3,46.0,20.0,,2.2,0.58,,2959.0,1.676,,,26.0,25.0,4.8,6.0,-15.0,5023388
46.5681,-112.0444,3.0,32.0,23.0,,1.1,-0.09,,3502.0,2.466,,,-12.0,29.0,2.6,11.6,-15.0,5023389
46.5964,-112.0753,10.6,54.0,28.0,,3.1,-0.05,,3198.0,1.331,,,37.0,21.0,6.8,6.5,-15.0,5023390
46.5936,-112.0836,10.5,65.0,38.0,,2.8,-0.06,,3431.0,1.64,,,44.0,34.0,6.6,8.4,-15.0,5023391
46.595,-112.0981,12.7,82.0,38.0,,3.5,-0.06,,3375.0,2.202,,,31.0,-20.0,11.6,9.1,-15.0,5023392
46.5861,-112.1214,7.2,39.0,27.0,,3.1,-0.08,,2282.0,1.105,,,23.0,29.0,3.1,6.0,-15.0,5023393
46.5758,-112.2181,11.5,73.0,43.0,,4.5,-0.07,,4202.0,2.166,,,21.0,32.0,6.8,8.9,-15.0,5023394
46.6411,-112.2297,20.6,133.0,72.0,,18.8,0.31,,3894.0,2.751,,,24.0,33.0,13.2,13.3,-15.0,5023395
46.645,-112.2231,6.0,68.0,33.0,,2.2,-0.07,,2869.0,2.379,,,22.0,21.0,4.2,7.5,-15.0,5023396
46.6622,-112.2308,7.0,37.0,25.0,,2.7,0.19,,3101.0,1.456,,,57.0,40.0,4.6,7.6,-15.0,5023397
46.6647,-112.2414,8.0,48.0,29.0,,3.2,0.06,,2860.0,1.124,,,36.0,23.0,7.9,5.5,-15.0,5023398
46.6572,-112.1956,9.2,63.0,34.0,,3.0,-0.06,,3238.0,1.584,,,42.0,41.0,7.4,7.0,-15.0,5023399
46.6592,-112.1958,6.2,43.0,24.0,,2.8,1.08,,2715.0,1.411,,,62.0,25.0,11.1,6.1,-15.0,5023400
46.6603,-112.1822,6.4,40.0,27.0,,2.5,0.42,,2299.0,1.455,,,29.0,30.0,5.1,5.8,-15.0,5023401
46.6644,-112.1725,8.4,59.0,33.0,,3.5,-0.05,,3060.0,1.453,,,45.0,33.0,5.2,7.2,-15.0,5023402
46.5906,-112.2431,5.5,75.0,40.0,,7.4,-0.06,,3844.0,2.078,,,22.0,-20.0,10.6,12.1,-15.0,5023403
46.5808,-112.2308,6.6,73.0,36.0,,4.3,-0.06,,4099.0,2.268,,,36.0,-20.0,5.7,10.4,-15.0,5023404
46.5814,-112.2189,20.6,97.0,65.0,,16.9,-0.1,,3282.0,2.671,,,-15.0,29.0,6.6,8.2,-15.0,5023405
46.5772,-112.2122,20.2,81.0,53.0,,15.7,-0.06,,2261.0,1.999,,,20.0,22.0,7.1,5.6,-15.0,5023406
46.6647,-112.145,8.2,51.0,32.0,,2.7,-0.05,,2778.0,1.54,,,35.0,-20.0,5.9,6.6,-15.0,5023407
46.6594,-112.1392,8.2,56.0,27.0,,2.7,-0.06,,2738.0,1.677,,,28.0,-20.0,4.5,7.0,-15.0,5023408
46.6625,-112.1369,8.4,47.0,33.0,,3.0,-0.07,,3082.0,1.712,,,35.0,-20.0,4.7,7.5,-15.0,5023409
46.66,-112.1308,9.5,68.0,38.0,,3.6,-0.04,,2844.0,1.97,,,29.0,-20.0,6.7,6.2,-15.0,5023410
46.6542,-112.1222,8.3,71.0,41.0,,3.0,-0.05,,6101.0,3.24,,,36.0,-20.0,7.6,11.0,-15.0,5023411
46.6317,-112.1153,8.3,61.0,31.0,,2.6,-0.05,,2942.0,1.842,,,36.0,-20.0,5.2,7.2,-15.0,5023412
46.6311,-112.1294,6.2,50.0,27.0,,3.8,-0.08,,2379.0,1.427,,,23.0,-20.0,3.6,5.9,-15.0,5023413
46.6358,-112.1711,7.1,57.0,32.0,,3.2,-0.05,,2962.0,1.274,,,38.0,28.0,5.8,6.0,-15.0,5023414
46.615,-112.1786,9.5,71.0,37.0,,2.4,-0.05,,3560.0,2.115,,,49.0,26.0,6.2,8.0,-15.0,5023415
46.6147,-112.1806,10.4,75.0,37.0,,5.5,-0.07,,3033.0,2.685,,,44.0,-20.0,5.7,8.4,-15.0,5023416
46.5981,-112.1681,9.1,66.0,38.0,,4.1,-0.07,,3054.0,2.869,,,-12.0,-20.0,5.1,8.0,-15.0,5023417
46.2867,-112.6044,16.7,72.0,41.0,,8.2,-0.06,,5143.0,2.464,,,23.0,20.0,10.0,11.1,18.0,5023418
46.2756,-112.5781,10.8,95.0,52.0,,4.0,-0.07,,4450.0,2.457,,,22.0,-20.0,8.5,10.3,-15.0,5023419
46.3144,-112.6264,22.3,83.0,50.0,,7.7,-0.08,,3768.0,2.261,,,21.0,35.0,7.4,13.6,-15.0,5023420
46.3042,-112.6361,27.4,82.0,46.0,,7.7,0.14,,4222.0,3.995,,,44.0,-20.0,21.4,13.0,-15.0,5023421
46.1917,-112.0747,27.9,114.0,57.0,,37.5,-0.09,,4330.0,2.843,,,34.0,-20.0,9.2,13.5,-15.0,5023422
46.1725,-112.0328,11.5,62.0,31.0,,8.5,-0.1,,3393.0,1.594,,,-15.0,-20.0,5.2,7.1,-15.0,5023423
46.1669,-112.0222,10.2,59.0,39.0,,3.6,-0.08,,3960.0,2.078,,,37.0,-20.0,5.5,9.5,-15.0,5023424
46.1528,-112.0083,10.8,63.0,42.0,,9.1,-0.05,,4198.0,1.701,,,35.0,-20.0,8.1,7.4,-15.0,5023425
46.15,-112.0042,13.6,88.0,44.0,,3.6,-0.06,,4861.0,2.082,,,44.0,-20.0,8.7,9.2,-15.0,5023426
46.1458,-112.0,13.5,95.0,46.0,,5.6,-0.07,,4063.0,1.707,,,30.0,-20.0,9.0,8.2,-15.0,5023427
46.2306,-112.0861,5.8,29.0,61.0,,54.5,-0.13,,727.0,1.674,,,29.0,23.0,-1.7,3.1,-15.0,5023428
46.2286,-112.0667,48.8,107.0,62.0,,12.5,-0.06,,5614.0,3.757,,,60.0,-20.0,30.3,16.6,-15.0,5023429
46.2194,-112.05,22.8,108.0,57.0,,4.4,-0.06,,4594.0,3.033,,,33.0,-20.0,14.1,16.7,-15.0,5023430
46.2208,-112.05,24.0,91.0,43.0,,6.0,-0.07,,4345.0,2.074,,,33.0,-20.0,13.0,9.2,-15.0,5023431
46.2328,-112.0056,12.0,61.0,45.0,,4.3,-0.08,,3512.0,1.439,,,40.0,-20.0,7.4,8.4,-15.0,5023432
46.1958,-112.1414,53.8,106.0,63.0,,16.8,-0.06,,4403.0,3.901,,,36.0,-20.0,22.5,13.7,-15.0,5023433
46.1931,-112.1414,68.5,140.0,88.0,,18.5,-0.07,,5042.0,5.339,,,56.0,-20.0,25.1,19.3,-15.0,5023434
46.2139,-112.1847,26.1,88.0,46.0,,13.3,-0.08,,4101.0,2.029,,,-12.0,-20.0,8.5,9.6,-15.0,5023435
46.2097,-112.1922,29.4,85.0,56.0,,12.5,-0.09,,4066.0,3.02,,,38.0,23.0,16.7,19.2,-15.0,5023436
46.2125,-112.1922,18.8,67.0,43.0,,12.2,-0.07,,4748.0,2.006,,,16.0,-20.0,8.0,10.9,-15.0,5023437
46.2125,-112.1333,24.5,87.0,47.0,,5.3,-0.06,,3877.0,2.406,,,31.0,-20.0,8.1,9.8,-15.0,5023438
46.1864,-112.1669,42.0,119.0,60.0,,9.6,-0.08,,4301.0,2.333,,,-12.0,44.0,9.4,14.1,-15.0,5023439
46.1828,-112.1828,34.2,95.0,54.0,,19.1,-0.09,,5046.0,3.512,,,44.0,34.0,19.7,19.9,-15.0,5023440
46.1667,-112.2139,44.1,88.0,59.0,,19.8,0.47,,5596.0,5.104,,,60.0,30.0,24.3,15.0,-15.0,5023441
46.1597,-112.2278,47.5,108.0,66.0,,16.2,-0.08,,5068.0,4.771,,,57.0,30.0,26.7,20.1,18.0,5023442
46.1553,-112.2378,33.7,93.0,52.0,,22.9,-0.08,,4556.0,2.93,,,28.0,26.0,15.8,16.1,-15.0,5023443
46.1536,-112.2378,41.8,115.0,62.0,,16.2,-0.09,,7058.0,3.246,,,36.0,56.0,48.4,19.9,-15.0,5023444
46.1658,-112.2111,42.0,88.0,55.0,,30.9,-0.07,,5561.0,3.126,,,32.0,67.0,21.5,14.9,-15.0,5023445
46.2333,-112.1458,51.9,125.0,72.0,,11.9,-0.07,,3306.0,3.892,,,36.0,48.0,13.3,11.2,44.0,5023446
46.2458,-112.1417,15.5,82.0,35.0,,3.5,-0.05,,2719.0,2.11,,,33.0,26.0,8.4,6.0,-15.0,5023447
46.1903,-112.0547,26.6,96.0,60.0,,5.7,-0.1,,3938.0,2.4,,,40.0,35.0,15.2,11.6,-15.0,5023448
46.1819,-112.0292,14.7,66.0,42.0,,4.8,-0.05,,3011.0,1.83,,,32.0,33.0,13.0,6.9,-15.0,5023449
46.0361,-112.05,136.3,161.0,103.0,,30.0,0.5,,5748.0,6.588,,,67.0,36.0,73.4,19.9,-15.0,5023450
46.0458,-112.0825,16.0,73.0,41.0,,7.4,-0.06,,2610.0,1.277,,,16.0,45.0,7.0,5.4,-15.0,5023451
46.2742,-112.0736,39.5,116.0,73.0,,8.0,-0.11,,4598.0,3.342,,,24.0,25.0,12.1,17.0,-15.0,5023452
46.255,-112.0772,14.7,52.0,38.0,,6.7,-0.07,,4787.0,1.845,,,36.0,39.0,5.4,9.3,-15.0,5023453
46.2292,-112.0667,48.7,149.0,77.0,,11.2,-0.08,,5803.0,4.04,,,66.0,33.0,34.6,21.9,-15.0,5023454
46.2292,-112.0861,21.8,78.0,52.0,,27.1,-0.1,,4003.0,2.817,,,43.0,40.0,11.5,8.7,-15.0,5023455
46.2833,-112.1583,27.1,95.0,66.0,,8.7,-0.09,,2988.0,1.757,,,24.0,23.0,23.0,8.2,-15.0,5023456
46.2839,-112.1542,21.9,81.0,46.0,,8.7,-0.05,,2554.0,1.537,,,17.0,31.0,17.2,4.8,-15.0,5023457
46.2333,-112.1486,32.3,98.0,62.0,,10.6,-0.09,,4488.0,2.892,,,29.0,51.0,8.3,11.7,19.0,5023458
46.2444,-112.1458,100.3,150.0,79.0,,21.9,-0.08,,4639.0,5.628,,,49.0,76.0,30.8,14.1,21.0,5023459
46.2889,-112.1292,29.5,103.0,66.0,,7.2,-0.09,,4654.0,2.538,,,33.0,33.0,21.1,12.1,-15.0,5023460
46.3561,-112.3169,14.5,65.0,42.0,,18.5,0.16,,3537.0,1.833,,,-11.0,38.0,6.8,9.4,-15.0,5023461
46.3392,-112.3303,25.0,119.0,70.0,,17.9,-0.08,,4806.0,2.778,,,36.0,-20.0,16.0,18.3,-15.0,5023462
46.3217,-112.3206,24.5,114.0,58.0,,14.4,-0.08,,5198.0,2.098,,,36.0,-20.0,18.5,13.1,-15.0,5023463
46.3042,-112.3033,13.2,59.0,47.0,,20.0,-0.11,,2882.0,1.381,,,27.0,-20.0,6.3,8.8,-15.0,5023464
46.2919,-112.2822,25.1,86.0,57.0,,10.3,-0.1,,-3157.0,2.931,,,29.0,-20.0,9.1,13.1,-15.0,5023465
46.2867,-112.2733,19.2,96.0,41.0,,7.0,-0.1,,3978.0,2.766,,,34.0,-20.0,6.1,15.9,-15.0,5023466
46.2792,-112.265,16.5,76.0,49.0,,6.1,-0.07,,5173.0,4.43,,,63.0,32.0,13.7,8.5,15.0,5023467
46.2533,-112.1861,45.8,126.0,61.0,,10.0,-0.08,,5385.0,3.39,,,38.0,40.0,26.2,14.9,19.0,5023468
46.2603,-112.1833,30.9,100.0,68.0,,11.7,-0.11,,4306.0,2.863,,,-15.0,54.0,8.1,16.6,-15.0,5023469
46.3125,-112.1639,16.2,68.0,38.0,,11.2,0.25,,-1760.0,2.357,,,16.0,43.0,5.4,8.9,-15.0,5023470
46.3,-112.1944,26.1,98.0,59.0,,15.9,0.13,,5009.0,3.345,,,61.0,52.0,26.4,9.5,-15.0,5023471
46.2847,-112.1986,43.6,132.0,86.0,,10.6,-0.09,,4165.0,3.363,,,46.0,33.0,28.7,10.4,-15.0,5023472
46.2631,-112.1889,36.9,94.0,55.0,,9.0,-0.07,,3824.0,2.31,,,29.0,31.0,11.0,16.4,-15.0,5023473
46.2633,-112.22,29.4,83.0,73.0,,37.8,-0.11,,3488.0,3.275,,,58.0,38.0,11.2,14.2,-15.0,5023474
46.27,-112.2183,29.7,106.0,47.0,,8.2,-0.11,,5139.0,2.808,,,37.0,-20.0,8.6,15.4,-15.0,5023475
46.3606,-112.2181,28.6,134.0,90.0,,13.8,-0.1,,4740.0,5.374,,,61.0,-20.0,32.5,14.5,17.0,5023476
46.3606,-112.2222,20.0,89.0,49.0,,18.7,-0.07,,-1727.0,2.029,,,31.0,31.0,8.7,7.7,-15.0,5023477
46.3492,-112.2139,24.5,117.0,73.0,,16.2,-0.08,,4661.0,2.911,,,35.0,-20.0,20.1,12.2,-15.0,5023478
46.2861,-112.2394,35.5,108.0,61.0,,10.3,-0.06,,3628.0,2.058,,,28.0,32.0,15.9,5.1,-15.0,5023479
46.2161,-112.35,5.0,25.0,20.0,,3.8,-0.07,,2096.0,1.005,,,51.0,-20.0,2.6,4.9,-15.0,5023480
46.2064,-112.3444,6.7,46.0,25.0,,7.7,-0.05,,2250.0,0.9818,,,38.0,-20.0,6.2,4.7,-15.0,5023481
46.0797,-112.4047,29.4,99.0,70.0,,42.9,-0.09,,4072.0,2.481,,,34.0,29.0,9.9,13.7,-15.0,5023482
46.0847,-112.4264,15.3,60.0,33.0,,4.9,-0.09,,4080.0,1.81,,,20.0,39.0,5.5,9.1,-15.0,5023483
46.0933,-112.3628,23.1,82.0,58.0,,20.6,-0.13,,4434.0,2.765,,,22.0,-20.0,13.4,16.8,-15.0,5023484
46.0906,-112.3681,21.7,60.0,36.0,,18.4,-0.1,,4746.0,2.576,,,-13.0,-20.0,7.6,11.4,-15.0,5023485
46.2375,-112.3389,13.8,81.0,50.0,,4.7,-0.06,,2952.0,1.676,,,62.0,20.0,8.5,10.4,-15.0,5023486
46.2425,-112.3347,7.1,48.0,27.0,,3.2,-0.08,,4292.0,1.596,,,56.0,22.0,4.1,6.4,-15.0,5023487
46.2367,-112.3431,4.5,33.0,22.0,,1.9,-0.07,,1876.0,1.136,,,38.0,-20.0,2.8,6.1,-15.0,5023488
46.2269,-112.3486,6.0,30.0,20.0,,2.8,-0.06,,2057.0,1.194,,,59.0,-20.0,2.3,5.2,-15.0,5023489
46.1833,-112.3417,44.0,142.0,67.0,,25.1,-0.09,,7201.0,5.084,,,61.0,-20.0,21.1,25.0,-15.0,5023490
46.1764,-112.3389,68.7,163.0,78.0,,16.9,-0.09,,6530.0,4.016,,,43.0,-20.0,21.6,25.1,-15.0,5023491
46.1903,-112.3461,29.2,69.0,53.0,,14.1,-0.11,,5320.0,3.202,,,46.0,-20.0,12.5,17.6,-15.0,5023492
46.1931,-112.3417,30.5,103.0,56.0,,14.7,-0.09,,5972.0,3.859,,,58.0,22.0,25.4,19.3,24.0,5023493
46.1711,-112.3478,56.8,127.0,79.0,,26.7,-0.1,,8165.0,5.532,,,73.0,-20.0,43.8,24.8,-15.0,5023494
46.1656,-112.3575,31.8,106.0,52.0,,16.2,-0.09,,4017.0,2.886,,,36.0,-20.0,15.9,18.5,-15.0,5023495
46.1528,-112.4103,7.0,61.0,37.0,,6.6,-0.1,,2799.0,1.443,,,57.0,-20.0,4.4,9.4,-15.0,5023496
46.1375,-112.3944,11.3,47.0,28.0,,8.6,-0.08,,3232.0,1.299,,,34.0,-20.0,6.0,7.9,-15.0,5023497
46.1444,-112.3492,39.4,125.0,66.0,,21.1,-0.09,,6460.0,3.527,,,46.0,20.0,22.4,23.5,-15.0,5023498
46.1417,-112.3506,29.2,109.0,58.0,,28.0,-0.11,,6447.0,2.394,,,29.0,-20.0,18.4,17.4,-15.0,5023499
46.1408,-112.3686,22.6,85.0,54.0,,13.1,-0.12,,6440.0,3.778,,,22.0,-20.0,20.0,21.2,-15.0,5023500
46.12,-112.4125,15.5,71.0,41.0,,6.1,-0.08,,4449.0,2.427,,,25.0,-20.0,10.5,11.1,-15.0,5023501
46.1119,-112.4139,17.5,67.0,48.0,,8.0,-0.08,,4868.0,2.249,,,35.0,-20.0,11.5,13.3,-15.0,5023502
46.1022,-112.4242,14.5,83.0,40.0,,17.8,-0.09,,5275.0,2.547,,,41.0,-20.0,9.5,10.3,-15.0,5023503
46.0944,-112.4208,16.9,72.0,45.0,,5.4,-0.11,,4283.0,2.841,,,37.0,-20.0,6.7,12.3,-15.0,5023504
46.0536,-112.4458,18.9,53.0,37.0,,8.7,-0.1,,4237.0,2.837,,,37.0,-20.0,7.8,9.0,-15.0,5023505
46.0375,-112.4333,75.6,121.0,79.0,,17.1,-0.08,,4956.0,4.13,,,46.0,-20.0,50.2,17.5,-15.0,5023506
46.0436,-112.4294,34.5,88.0,63.0,,35.9,-0.12,,4759.0,2.201,,,42.0,-20.0,8.3,13.2,-15.0,5023507
46.0067,-112.4733,26.3,80.0,59.0,,8.7,-0.1,,4394.0,2.744,,,30.0,-20.0,21.4,13.2,-15.0,5023508
46.0536,-112.4953,13.6,46.0,27.0,,8.0,-0.09,,4408.0,3.487,,,42.0,21.0,7.3,9.2,-15.0,5023509
46.1217,-112.4572,20.4,113.0,68.0,,31.9,-0.09,,5472.0,3.269,,,72.0,-20.0,11.6,15.2,-15.0,5023510
46.1436,-112.4739,10.2,104.0,58.0,,8.8,-0.07,,3541.0,1.217,,,34.0,-20.0,7.0,6.3,-15.0,5023511
46.1506,-112.4708,7.7,64.0,43.0,,7.7,-0.08,,2543.0,1.203,,,37.0,-20.0,4.9,5.9,-15.0,5023512
46.1536,-112.4644,4.7,41.0,23.0,,4.0,-0.05,,2276.0,0.903,,,37.0,-20.0,3.3,4.8,-15.0,5023513
46.2681,-112.1222,113.8,108.0,72.0,,21.9,-0.08,,5183.0,9.022,,,93.0,-20.0,61.9,13.4,-15.0,5023533
46.1572,-112.4556,9.7,75.0,53.0,,18.5,-0.07,,2076.0,1.486,,,57.0,-20.0,4.6,8.0,-15.0,5023514
46.1753,-112.4392,6.9,52.0,30.0,,6.5,-0.06,,3108.0,0.8763,,,41.0,-20.0,3.9,4.2,-15.0,5023515
46.1772,-112.4447,5.3,41.0,35.0,,6.3,-0.1,,2900.0,1.104,,,42.0,-20.0,3.8,6.9,-15.0,5023516
46.175,-112.4472,7.3,46.0,25.0,,10.6,-0.08,,2212.0,1.141,,,32.0,-20.0,3.6,6.2,-15.0,5023517
46.1881,-112.4439,9.5,51.0,39.0,,8.9,-0.07,,3006.0,1.233,,,32.0,-20.0,4.0,5.5,-15.0,5023518
46.1958,-112.4494,7.3,49.0,34.0,,6.2,-0.06,,2019.0,0.8033,,,22.0,-20.0,3.6,3.8,-15.0,5023519
46.2081,-112.4761,6.2,36.0,40.0,,6.6,-0.1,,1698.0,1.204,,,33.0,-20.0,2.9,6.7,-15.0,5023520
46.2033,-112.4694,5.8,43.0,27.0,,5.5,-0.06,,1991.0,0.8318,,,37.0,-20.0,4.2,4.0,-15.0,5023521
46.2144,-112.4403,8.2,49.0,33.0,,5.0,-0.06,,3269.0,1.305,,,38.0,-20.0,5.2,5.6,-15.0,5023522
46.2653,-112.1403,104.0,124.0,78.0,,19.6,-0.09,,4603.0,12.23,,,143.0,42.0,110.8,16.8,38.0,5023534
46.2244,-112.4361,5.3,38.0,21.0,,4.4,-0.07,,2442.0,1.212,,,66.0,-20.0,4.5,6.0,-15.0,5023523
46.2339,-112.4597,4.6,31.0,25.0,,3.4,-0.07,,1896.0,0.9457,,,28.0,-20.0,3.3,4.4,-15.0,5023524
46.2314,-112.4597,5.0,35.0,22.0,,5.8,-0.06,,-1286.0,0.974,,,38.0,-20.0,3.1,4.7,-15.0,5023525
46.2411,-112.4342,6.2,42.0,26.0,,3.5,-0.07,,2587.0,1.354,,,41.0,-20.0,3.7,6.1,-15.0,5023526
46.2439,-112.4214,4.8,44.0,18.0,,4.4,-0.06,,2394.0,0.9659,,,59.0,-20.0,3.6,5.6,-15.0,5023527
46.2486,-112.1375,213.0,224.0,132.0,,36.1,-0.11,,5121.0,16.14,,,119.0,26.0,142.3,14.6,59.0,5023528
46.2542,-112.1306,40.9,98.0,61.0,,10.8,-0.09,,3983.0,3.438,,,32.0,-20.0,18.7,15.1,-15.0,5023529
46.2556,-112.1278,46.7,162.0,76.0,,7.5,-0.11,,5047.0,5.375,,,47.0,22.0,20.1,33.1,-15.0,5023530
46.2583,-112.1264,91.5,167.0,86.0,,14.8,-0.09,,4447.0,7.485,,,70.0,35.0,49.7,14.3,-15.0,5023531
46.2667,-112.1236,40.3,125.0,73.0,,7.9,-0.12,,5143.0,5.244,,,42.0,23.0,21.3,20.3,15.0,5023532
46.2592,-112.1447,106.6,153.0,68.0,,15.2,-0.1,,4221.0,6.912,,,56.0,-20.0,37.9,21.1,38.0,5023535
46.2625,-112.1472,52.9,134.0,85.0,,12.3,-0.11,,5525.0,4.832,,,30.0,21.0,32.1,22.4,-15.0,5023536
46.2625,-112.1486,28.8,79.0,48.0,,5.5,-0.07,,4317.0,2.131,,,22.0,-20.0,9.4,11.1,-15.0,5023537
46.2578,-112.1583,55.8,163.0,91.0,,22.4,-0.1,,6495.0,3.829,,,43.0,32.0,22.5,18.8,-15.0,5023538
46.2556,-112.1486,44.9,109.0,61.0,,10.9,-0.1,,4285.0,3.457,,,-14.0,-20.0,14.5,17.2,20.0,5023539
46.2764,-112.1222,87.1,122.0,75.0,,17.0,-0.11,,5889.0,7.576,,,70.0,-20.0,74.2,15.7,-15.0,5023540
46.28,-112.1239,43.5,97.0,47.0,,6.6,-0.06,,3162.0,2.212,,,26.0,-20.0,18.7,6.5,-15.0,5023541
46.2828,-112.1242,56.2,166.0,84.0,,8.5,-0.09,,5996.0,4.602,,,44.0,-20.0,32.1,20.3,-15.0,5023542
46.2856,-112.1269,36.0,114.0,50.0,,6.7,-0.08,,4153.0,2.472,,,34.0,-20.0,16.5,8.7,-15.0,5023543
46.2778,-112.0736,30.0,84.0,53.0,,7.6,-0.09,,4309.0,2.332,,,24.0,-20.0,10.3,11.2,-15.0,5023544
46.2708,-112.075,62.2,90.0,54.0,,13.0,-0.08,,4524.0,4.169,,,36.0,-20.0,17.5,13.5,-15.0,5023545
46.2625,-112.0347,56.8,121.0,66.0,,29.3,-0.1,,5716.0,3.525,,,35.0,-20.0,25.1,20.4,-15.0,5023546
46.2597,-112.0375,27.2,85.0,35.0,,5.7,-0.09,,5266.0,2.669,,,27.0,-20.0,12.3,15.8,-15.0,5023547
46.2569,-112.0694,57.0,88.0,65.0,,17.9,-0.12,,4865.0,3.355,,,37.0,-20.0,21.3,17.2,-15.0,5023548
46.2514,-112.0681,52.4,144.0,86.0,,25.0,-0.11,,7446.0,4.366,,,49.0,28.0,25.5,23.8,16.0,5023549
46.2486,-112.0764,25.9,100.0,52.0,,6.5,-0.09,,5440.0,3.102,,,29.0,-20.0,9.2,18.3,-15.0,5023550
46.2278,-112.0667,49.7,141.0,63.0,,10.7,-0.08,,6410.0,3.276,,,53.0,-20.0,31.8,18.2,-15.0,5023551
46.2292,-112.0889,17.7,71.0,43.0,,17.9,-0.12,,3176.0,3.157,,,35.0,-20.0,7.7,9.8,-15.0,5023552
46.2292,-112.0903,25.1,103.0,58.0,,13.6,-0.06,,4089.0,1.954,,,27.0,-20.0,21.1,10.5,-15.0,5023553
46.4122,-112.5978,4.7,40.0,28.0,,1.5,-0.08,,4288.0,3.448,,,341.0,-20.0,4.3,19.9,-15.0,5023554
46.4133,-112.5978,5.0,71.0,25.0,,1.7,-0.08,,5423.0,3.227,,,226.0,-20.0,4.8,17.3,-15.0,5023555
46.4281,-112.6097,4.8,32.0,28.0,,1.6,-0.1,,4511.0,3.277,,,463.0,-20.0,4.6,19.2,-15.0,5023556
46.4278,-112.6081,4.5,32.0,21.0,,1.6,-0.07,,4809.0,2.742,,,251.0,21.0,3.9,14.5,-15.0,5023557
46.47,-112.575,4.5,35.0,20.0,,1.8,-0.08,,4917.0,2.995,,,458.0,23.0,4.2,18.0,-15.0,5023558
46.4931,-112.5319,6.1,68.0,25.0,,3.2,-0.08,,4189.0,1.893,,,103.0,-20.0,4.5,10.6,-15.0,5023559
46.4836,-112.5333,6.5,55.0,35.0,,2.5,-0.1,,4067.0,2.369,,,107.0,-20.0,3.9,13.7,-15.0,5023560
46.4731,-112.5278,4.9,43.0,24.0,,2.1,-0.07,,4441.0,2.15,,,80.0,34.0,3.7,11.4,-15.0,5023561
46.4617,-112.525,6.8,47.0,30.0,,3.0,-0.09,,4524.0,2.138,,,97.0,-20.0,5.4,11.9,-15.0,5023562
46.4722,-112.5464,5.5,41.0,24.0,,2.0,-0.09,,4504.0,2.177,,,162.0,-20.0,4.2,11.3,-15.0,5023563
46.4667,-112.5625,4.3,39.0,21.0,,1.6,-0.07,,4161.0,2.105,,,214.0,-20.0,3.7,11.1,-15.0,5023564
46.4667,-112.6667,5.2,42.0,27.0,,1.7,-0.09,,5002.0,3.784,,,217.0,-20.0,3.4,20.1,-15.0,5023565
46.4817,-112.6389,4.3,42.0,17.0,,1.8,-0.09,,6236.0,2.658,,,248.0,28.0,2.8,16.1,-15.0,5023566
46.4222,-112.7069,5.4,52.0,30.0,,1.9,-0.09,,4257.0,2.419,,,255.0,24.0,4.9,14.1,-15.0,5023567
46.1756,-112.6767,26.5,100.0,57.0,,9.1,-0.08,,3702.0,1.744,,,25.0,30.0,19.7,10.1,-15.0,5023568
46.1733,-112.6764,38.3,133.0,73.0,,8.0,-0.09,,5070.0,2.75,,,30.0,-20.0,21.6,19.0,-15.0,5023569
46.1764,-112.6906,34.8,170.0,74.0,,7.9,-0.13,,6034.0,6.196,,,65.0,50.0,45.9,17.2,-15.0,5023570
46.175,-112.7028,58.7,136.0,88.0,,12.2,-0.11,,4763.0,5.453,,,35.0,-20.0,45.1,16.3,15.0,5023571
46.1792,-112.7083,43.1,104.0,61.0,,8.2,-0.09,,6193.0,5.211,,,42.0,51.0,32.6,18.3,-15.0,5023572
46.1572,-112.6767,49.5,121.0,66.0,,14.5,-0.08,,4797.0,4.826,,,50.0,22.0,36.4,18.9,-15.0,5023573
46.1569,-112.6722,25.3,104.0,57.0,,19.1,-0.09,,4711.0,2.848,,,30.0,28.0,24.6,11.5,-15.0,5023574
46.1583,-112.6694,21.5,78.0,46.0,,13.0,-0.11,,4263.0,2.638,,,26.0,-20.0,18.4,12.2,-15.0,5023575
46.1944,-112.7375,30.3,100.0,68.0,,6.4,-0.06,,4765.0,5.175,,,55.0,49.0,30.1,8.7,-15.0,5023576
46.1986,-112.7417,31.7,149.0,83.0,,5.5,-0.06,,5707.0,4.424,,,51.0,22.0,27.8,12.2,-15.0,5023577
46.2172,-112.5694,46.0,96.0,60.0,,78.6,-0.09,,1813.0,0.8832,,,40.0,51.0,5.9,5.3,-15.0,5023578
46.2378,-112.5569,26.7,110.0,65.0,,10.3,-0.09,,4479.0,2.688,,,27.0,26.0,25.2,10.0,-15.0,5023579
46.2375,-112.5656,23.6,92.0,58.0,,16.6,-0.13,,5202.0,3.308,,,39.0,45.0,13.7,15.4,-15.0,5023580
46.2375,-112.5708,18.3,76.0,49.0,,11.3,-0.08,,5417.0,2.327,,,28.0,21.0,17.4,9.9,-15.0,5023581
46.2322,-112.5806,28.8,117.0,66.0,,43.1,-0.09,,4628.0,2.153,,,37.0,-20.0,11.5,11.6,-15.0,5023582
46.235,-112.5825,19.2,103.0,55.0,,13.2,-0.1,,6763.0,2.97,,,43.0,36.0,28.4,11.3,-15.0,5023583
46.2472,-112.5978,25.6,91.0,62.0,,9.7,-0.12,,5885.0,5.352,,,48.0,34.0,32.0,15.0,-15.0,5023584
46.2486,-112.5378,28.9,91.0,62.0,,15.5,-0.07,,4354.0,2.676,,,24.0,-20.0,19.7,9.7,-15.0,5023585
46.2528,-112.5297,11.8,75.0,51.0,,6.4,-0.07,,3774.0,1.718,,,34.0,-20.0,7.0,9.4,-15.0,5023586
46.2583,-112.5039,20.9,109.0,58.0,,5.1,-0.06,,3335.0,1.203,,,17.0,-20.0,6.9,6.9,-15.0,5023587
46.2236,-112.525,7.3,48.0,31.0,,6.2,-0.08,,2446.0,1.353,,,69.0,23.0,6.9,7.7,-15.0,5023588
46.1964,-112.5428,5.6,37.0,23.0,,4.1,-0.05,,2479.0,0.8688,,,48.0,-20.0,3.6,4.6,-15.0,5023589
46.21,-112.5381,7.0,48.0,32.0,,3.1,-0.06,,2985.0,1.021,,,58.0,-20.0,5.9,5.5,-15.0,5023590
46.2142,-112.5353,5.5,46.0,26.0,,4.2,-0.06,,2402.0,0.9155,,,59.0,-20.0,4.5,5.0,-15.0,5023591
46.1867,-112.5458,6.3,44.0,35.0,,3.9,-0.07,,1908.0,0.8732,,,36.0,-20.0,4.1,4.3,-15.0,5023592
46.2375,-112.2333,25.5,76.0,43.0,,23.6,-0.09,,4571.0,2.575,,,29.0,-20.0,16.7,13.6,-15.0,5023593
46.2361,-112.2328,25.3,96.0,53.0,,10.7,-0.08,,3968.0,3.329,,,30.0,-20.0,17.2,18.4,-15.0,5023594
46.1911,-112.1125,40.4,89.0,55.0,,18.5,-0.08,,4106.0,2.01,,,-12.0,-20.0,13.5,11.8,-15.0,5023595
46.1889,-112.1083,146.7,213.0,129.0,,30.5,-0.1,,5795.0,6.028,,,53.0,31.0,51.7,24.4,-15.0,5023596
46.1458,-112.1167,31.0,79.0,49.0,,18.8,-0.07,,3236.0,1.87,,,24.0,30.0,12.2,10.8,-15.0,5023597
46.1314,-112.1089,74.6,153.0,102.0,,40.7,-0.07,,3927.0,2.106,,,23.0,27.0,32.8,15.3,-15.0,5023598
46.1208,-112.1111,45.1,114.0,60.0,,16.5,-0.08,,4508.0,2.919,,,38.0,32.0,25.6,9.8,-15.0,5023599
46.1111,-112.12,43.7,101.0,79.0,,13.9,-0.09,,3856.0,2.419,,,47.0,29.0,24.2,13.4,-15.0,5023600
46.1167,-112.1244,18.8,66.0,41.0,,19.1,-0.08,,4845.0,2.06,,,22.0,-20.0,9.5,13.0,-15.0,5023601
46.1083,-112.1333,19.8,93.0,45.0,,12.7,-0.08,,4803.0,2.51,,,30.0,-20.0,13.2,16.0,-15.0,5023602
46.1125,-112.1764,28.8,101.0,36.0,,30.4,-0.1,,5191.0,3.2,,,34.0,-20.0,12.6,14.0,-15.0,5023603
46.1036,-112.1819,31.5,88.0,66.0,,30.8,0.18,,5204.0,3.347,,,43.0,-20.0,15.0,18.1,-15.0,5023604
46.0667,-112.1253,17.7,63.0,39.0,,6.9,-0.06,,4022.0,2.082,,,46.0,-20.0,10.0,9.3,-15.0,5023605
46.0711,-112.1194,37.7,124.0,68.0,,13.2,-0.08,,6756.0,2.905,,,37.0,20.0,31.0,19.8,-15.0,5023606
46.0536,-112.0961,9.3,73.0,25.0,,2.8,-0.07,,4287.0,2.0,,,80.0,-20.0,5.9,10.4,-15.0,5023607
46.0347,-112.0972,11.7,60.0,45.0,,3.1,-0.09,,3489.0,2.466,,,142.0,-20.0,8.6,14.6,-15.0,5023608
46.0042,-112.1056,82.9,135.0,96.0,,20.2,-0.07,,8157.0,9.631,,,476.0,51.0,42.7,13.5,-15.0,5023609
46.0203,-112.1222,11.7,82.0,42.0,,3.0,-0.06,,3647.0,2.037,,,80.0,-20.0,8.1,10.4,-15.0,5023610
46.02,-112.1222,12.9,77.0,37.0,,3.1,-0.06,,4353.0,1.862,,,100.0,-20.0,9.5,9.8,-15.0,5023611
46.0333,-112.1194,39.2,102.0,72.0,,9.2,-0.09,,5106.0,5.349,,,115.0,-20.0,27.7,16.0,-15.0,5023612
46.0389,-112.1194,10.7,54.0,34.0,,3.3,-0.06,,3060.0,1.668,,,44.0,-20.0,8.3,8.4,-15.0,5023613
46.0833,-112.1,14.1,84.0,47.0,,4.1,-0.06,,3868.0,1.408,,,37.0,-20.0,12.6,9.3,-15.0,5023614
46.2514,-112.3639,6.1,46.0,27.0,,8.4,-0.07,,2459.0,1.01,,,37.0,25.0,3.3,4.9,-15.0,5023615
46.2583,-112.3764,11.0,75.0,49.0,,2.0,-0.06,,1682.0,1.095,,,46.0,-20.0,4.8,4.7,-15.0,5023616
46.2528,-112.4,5.0,36.0,20.0,,2.0,-0.05,,3095.0,0.9804,,,35.0,-20.0,3.6,4.4,-15.0,5023617
46.2639,-112.4208,11.7,72.0,36.0,,3.2,-0.07,,4351.0,2.309,,,42.0,-20.0,5.7,11.5,-15.0,5023618
46.2764,-112.4264,22.2,130.0,63.0,,25.2,-0.07,,5347.0,3.323,,,50.0,-20.0,12.6,10.2,-15.0,5023619
46.2689,-112.4417,13.0,65.0,50.0,,9.1,0.29,,4761.0,2.565,,,26.0,-20.0,8.9,12.4,-15.0,5023620
46.2514,-112.4333,9.3,66.0,38.0,,6.0,-0.06,,6727.0,1.723,,,27.0,-20.0,5.2,10.4,-15.0,5023621
46.2528,-112.4417,11.0,73.0,45.0,,8.4,-0.07,,4894.0,2.722,,,36.0,-20.0,6.3,15.3,-15.0,5023622
46.2542,-112.4556,12.4,73.0,35.0,,6.3,-0.07,,4431.0,2.218,,,23.0,-20.0,7.3,9.7,-15.0,5023623
46.2944,-112.4736,10.7,84.0,54.0,,5.6,-0.1,,5254.0,2.104,,,40.0,-20.0,6.7,12.7,-15.0,5023624
46.2625,-112.4792,9.7,72.0,42.0,,5.6,-0.06,,3555.0,1.494,,,15.0,-20.0,4.6,8.7,-15.0,5023625
46.2639,-112.4889,13.6,98.0,53.0,,6.6,-0.06,,3201.0,1.522,,,17.0,-20.0,7.2,9.3,-15.0,5023626
46.2611,-112.2722,8.6,61.0,33.0,,8.7,-0.05,,2002.0,0.8791,,,13.0,-20.0,3.7,3.1,-15.0,5023627
46.2597,-112.2681,24.7,77.0,60.0,,16.6,-0.1,,3977.0,2.741,,,50.0,-20.0,13.9,15.9,-15.0,5023628
46.2667,-112.3611,8.4,63.0,35.0,,2.1,-0.04,,2228.0,0.7729,,,19.0,-20.0,3.6,2.7,-15.0,5023629
46.0889,-111.8236,,,,,2.1,,,,,,,,,,,,5039609
46.7906,-112.5867,10.3,80.0,46.0,,5.26,-0.14,,3325.0,1.596,,,63.0,-19.0,6.2,8.7,-14.0,5023643
46.7842,-112.5947,8.9,60.0,49.0,,5.43,-0.14,,2872.0,1.621,,,46.0,-19.0,8.1,9.2,-14.0,5023644
46.0917,-111.8028,,,,,3.6,,,,,,,,,,,,5039610
46.7519,-112.6133,5.6,40.0,27.0,,4.23,-0.08,,2283.0,0.7925,,,25.0,-19.0,7.0,4.4,-14.0,5023645
46.0917,-111.8028,,,,,2.8,,,,,,,,,,,,5039611
46.7811,-112.7933,7.9,89.0,50.0,,3.38,-0.1,,4602.0,1.613,,,100.0,-19.0,4.6,6.3,-14.0,5023685
46.7797,-112.795,10.0,122.0,72.0,,3.22,-0.11,,3643.0,2.38,,,141.0,-19.0,5.7,9.1,-14.0,5023686
46.7753,-112.7681,11.7,100.0,46.0,,3.91,-0.1,,3209.0,1.379,,,65.0,-19.0,10.2,6.4,-14.0,5023687
46.7728,-112.7519,8.7,96.0,67.0,,4.26,-0.15,,3038.0,1.587,,,67.0,-19.0,3.7,6.4,-14.0,5023688
46.7747,-112.7561,7.7,64.0,40.0,,3.2,-0.08,,3522.0,1.337,,,58.0,-19.0,6.2,5.4,-14.0,5023689
46.0917,-111.8028,,,,,3.2,,,,,,,,,,,,5039612
46.07,-111.7653,,,,,3.7,,,,,,,,,,,,5039613
46.07,-111.7653,,,,,3.5,,,,,,,,,,,,5039614
46.07,-111.7653,,,,,3.7,,,,,,,,,,,,5039615
46.0458,-112.0825,,,,,10.4,,,,,,,,,,,,5039616
46.0458,-112.0825,,,,,5.7,,,,,,,,,,,,5039617
46.7436,-112.6878,9.3,69.0,41.0,,4.02,-0.09,,3398.0,1.96,,,36.0,-19.0,8.0,8.9,-14.0,5023886
46.0458,-112.0825,,,,,7.9,,,,,,,,,,,,5039618
46.7761,-112.7475,8.1,85.0,46.0,,3.21,-0.06,,3350.0,1.431,,,60.0,-19.0,8.5,5.7,-14.0,5023887
46.5294,-112.4831,6.9,48.0,34.0,,3.12,-0.07,,3448.0,2.158,,,94.0,-19.0,5.0,10.3,-14.0,5023888
46.5256,-112.5314,8.4,88.0,40.0,,3.5,-0.07,,3850.0,1.992,,,54.0,-19.0,8.2,9.3,-14.0,5023893
46.5161,-112.5383,7.2,73.0,42.0,,3.35,-0.09,,4193.0,2.597,,,91.0,37.0,8.2,11.3,-14.0,5023894
46.7686,-112.6233,7.8,58.0,31.0,,3.19,-0.06,,3867.0,1.195,,,36.0,44.0,6.3,7.1,-14.0,5023895
46.0458,-112.0825,,,,,5.8,,,,,,,,,,,,5039619
46.255,-112.0772,,,,,7.7,,,,,,,,,,,,5039620
46.2292,-112.0667,,,,,13.1,,,,,,,,,,,,5039621
46.2292,-112.0667,,,,,11.5,,,,,,,,,,,,5039622
46.2292,-112.0667,,,,,12.8,,,,,,,,,,,,5039623
46.2292,-112.0861,,,,,25.0,,,,,,,,,,,,5039624
46.5319,-112.7592,12.0,70.0,40.0,,4.47,-0.09,,3860.0,2.043,,,83.0,-19.0,6.8,9.5,-14.0,5024001
46.5283,-112.7828,8.4,64.0,33.0,,3.58,-0.08,,3115.0,1.471,,,54.0,-19.0,6.9,6.7,-14.0,5024002
46.5264,-112.7956,9.6,67.0,44.0,,3.55,-0.09,,3615.0,1.474,,,32.0,-19.0,10.3,6.9,-14.0,5024003
46.5186,-112.8181,11.4,90.0,56.0,,7.91,-0.07,,3369.0,1.588,,,37.0,-19.0,7.2,4.8,-14.0,5024004
46.5656,-112.83,10.4,72.0,37.0,,3.3,-0.09,,3193.0,1.983,,,77.0,-19.0,6.6,9.7,-14.0,5024005
46.5756,-112.8133,8.0,54.0,28.0,,3.5,-0.1,,3021.0,1.224,,,46.0,-19.0,4.2,6.0,-14.0,5024006
46.5933,-112.8,9.3,67.0,37.0,,3.79,-0.11,,4085.0,1.771,,,65.0,-19.0,8.6,9.6,-14.0,5024007
46.5975,-112.7897,6.0,42.0,25.0,,5.21,-0.09,,2861.0,1.443,,,56.0,-19.0,3.8,8.0,-14.0,5024008
46.6017,-112.7808,7.1,50.0,28.0,,2.91,-0.08,,3075.0,1.8,,,50.0,-19.0,5.3,9.0,-14.0,5024009
46.6208,-112.7622,7.1,51.0,21.0,,2.52,-0.12,,3518.0,1.34,,,47.0,-19.0,4.3,7.1,-14.0,5024010
46.6514,-112.7639,8.1,53.0,37.0,,2.23,-0.12,,2445.0,1.381,,,27.0,-19.0,4.3,6.3,-14.0,5024011
46.6533,-112.7694,8.2,79.0,44.0,,5.91,-0.09,,3855.0,1.309,,,44.0,-19.0,4.3,6.2,-14.0,5024012
46.6519,-112.77,11.1,79.0,43.0,,3.6,-0.09,,2809.0,1.644,,,48.0,-19.0,8.5,7.5,16.0,5024013
46.6481,-112.7594,6.7,54.0,-17.0,,2.16,-0.15,,2765.0,1.152,,,34.0,-19.0,3.9,6.0,-14.0,5024014
46.5561,-112.8314,9.9,64.0,41.0,,3.6,-0.1,,2904.0,1.464,,,37.0,-19.0,7.9,7.4,-14.0,5024015
46.615,-112.8242,7.4,47.0,34.0,,5.78,-0.11,,3781.0,1.966,,,87.0,-19.0,6.3,9.7,-14.0,5024018
46.6286,-112.8397,7.7,50.0,53.0,,9.11,-0.12,,3489.0,1.91,,,85.0,-19.0,6.4,10.3,-14.0,5024019
46.6344,-112.8369,3.7,31.0,79.0,,28.71,-0.1,,1922.0,3.004,,,168.0,-19.0,3.7,5.5,19.0,5024020
46.6289,-112.8475,10.7,68.0,40.0,,3.88,-0.11,,3604.0,1.601,,,65.0,-19.0,7.4,9.0,-14.0,5024021
46.4717,-112.7306,7.8,50.0,29.0,,3.86,-0.06,,3147.0,1.293,,,40.0,-19.0,5.5,6.0,-14.0,5024035
46.4872,-112.7389,54.5,255.0,144.0,,9.76,0.12,,3203.0,6.602,,,82.0,-19.0,36.8,7.2,-14.0,5024036
46.2292,-112.0861,,,,,26.4,,,,,,,,,,,,5039625
46.4492,-112.7356,17.1,125.0,65.0,,4.88,-0.06,,3321.0,1.698,,,74.0,-19.0,15.6,6.8,-14.0,5024037
46.4322,-112.7444,10.2,66.0,50.0,,5.19,-0.07,,2037.0,1.256,,,32.0,-19.0,7.5,5.8,-14.0,5024038
46.4867,-112.7186,6.3,56.0,32.0,,2.65,-0.06,,5555.0,2.552,,,59.0,-19.0,5.7,9.9,-14.0,5024039
46.4883,-112.7206,8.9,63.0,38.0,,3.26,-0.06,,2987.0,1.931,,,45.0,-19.0,7.5,8.7,-14.0,5024040
46.4708,-112.71,12.6,82.0,43.0,,3.22,-0.07,,3251.0,1.844,,,56.0,-19.0,7.6,8.3,-14.0,5024041
46.4697,-112.6919,6.2,58.0,30.0,,1.75,-0.1,,5559.0,4.172,,,289.0,-19.0,3.6,20.9,-14.0,5024042
46.4814,-112.6583,4.2,28.0,17.0,,3.07,-0.07,,5185.0,1.615,,,134.0,-19.0,3.1,9.9,-14.0,5024043
46.7922,-112.7147,10.4,100.0,56.0,,3.46,-0.08,,2887.0,1.875,,,79.0,-19.0,14.9,7.2,-14.0,5024061
46.7928,-112.7147,8.6,78.0,45.0,,3.43,-0.09,,3309.0,1.365,,,60.0,-19.0,9.5,6.1,-14.0,5024062
46.7842,-112.6642,8.6,57.0,-11.0,,2.96,-0.15,,4604.0,2.213,,,-14.0,-19.0,6.0,12.8,-14.0,5024063
46.7967,-112.6561,6.8,52.0,35.0,,3.11,-0.1,,3168.0,1.32,,,43.0,-19.0,4.9,7.6,-14.0,5024064
46.77,-112.6519,6.2,55.0,33.0,,2.6,-0.09,,3580.0,1.39,,,76.0,-19.0,6.0,6.6,-14.0,5024068
46.7539,-112.6294,7.9,52.0,35.0,,3.87,-0.08,,2419.0,0.9651,,,29.0,-19.0,10.7,5.7,-14.0,5024069
46.7431,-112.7269,9.3,88.0,43.0,,3.67,-0.14,,2665.0,1.888,,,40.0,-19.0,5.3,6.5,-14.0,5024070
46.7436,-112.7297,9.4,76.0,46.0,,4.35,-0.14,,-1873.0,2.035,,,45.0,-19.0,7.4,6.6,-14.0,5024071
46.7008,-112.6625,7.9,52.0,28.0,,4.16,-0.1,,2235.0,1.275,,,28.0,-19.0,5.6,6.4,-14.0,5024072
46.6697,-112.6508,10.9,78.0,49.0,,4.08,-0.1,,3234.0,1.676,,,47.0,-19.0,10.3,8.2,-14.0,5024073
46.6644,-112.6419,11.0,69.0,28.0,,5.15,-0.11,,3532.0,1.292,,,34.0,23.0,6.6,6.4,-14.0,5024074
46.6547,-112.6389,7.3,60.0,42.0,,3.7,-0.12,,3546.0,1.341,,,40.0,-19.0,9.0,6.3,-14.0,5024075
46.6408,-112.6303,5.9,38.0,30.0,,3.75,-0.13,,2518.0,1.272,,,34.0,-19.0,3.3,6.2,-14.0,5024076
46.6431,-112.6067,10.1,87.0,91.0,,60.82,-0.13,,2652.0,1.664,,,36.0,-19.0,5.0,6.5,-14.0,5024077
46.6644,-112.5722,11.3,79.0,39.0,,3.01,-0.12,,4198.0,1.944,,,52.0,-19.0,6.0,8.9,-14.0,5024078
46.6756,-112.5536,7.9,65.0,44.0,,2.17,-0.14,,3300.0,2.663,,,62.0,-19.0,5.3,9.7,-14.0,5024079
46.6858,-112.5378,7.1,46.0,33.0,,2.77,-0.08,,2505.0,1.361,,,47.0,-19.0,7.3,4.6,-14.0,5024080
46.6872,-112.5306,7.9,52.0,32.0,,2.49,-0.1,,3568.0,5.301,,,149.0,-19.0,9.0,10.8,-14.0,5024081
46.6717,-112.5878,10.0,76.0,36.0,,2.79,-0.1,,3315.0,1.424,,,46.0,-19.0,7.1,6.6,-14.0,5024082
46.6717,-112.595,6.7,40.0,29.0,,3.5,-0.11,,2223.0,1.326,,,43.0,-19.0,11.9,6.1,-14.0,5024083
46.7147,-112.5942,7.2,55.0,45.0,,5.51,-0.08,,2588.0,1.083,,,24.0,-19.0,8.4,7.0,-14.0,5024084
46.7081,-112.5875,6.8,54.0,29.0,,2.58,-0.1,,2001.0,1.315,,,62.0,-19.0,9.3,6.8,-14.0,5024085
46.7044,-112.5861,8.5,57.0,27.0,,3.69,-0.11,,2552.0,1.439,,,63.0,23.0,7.3,7.6,-14.0,5024086
46.6664,-112.5125,15.7,106.0,75.0,,5.76,-0.14,,5524.0,10.08,,,213.0,49.0,26.5,16.0,-14.0,5024087
46.6733,-112.5097,4.2,37.0,24.0,,2.24,-0.1,,4667.0,2.233,,,59.0,-19.0,3.9,9.3,-14.0,5024088
46.6278,-112.6986,9.1,59.0,35.0,,3.86,-0.1,,3078.0,1.863,,,58.0,22.0,6.6,11.2,-14.0,5024089
46.6072,-112.5531,13.4,92.0,38.0,,4.8,-0.11,,3556.0,1.762,,,49.0,-19.0,7.7,8.0,31.0,5024090
46.6328,-112.5428,7.1,64.0,40.0,,2.57,-0.13,,4478.0,3.248,,,101.0,-19.0,7.9,12.4,-14.0,5024091
46.5761,-112.5228,10.0,70.0,36.0,,7.67,-0.1,,3135.0,1.071,,,33.0,-19.0,5.2,6.1,-14.0,5024092
46.6028,-112.6253,10.7,70.0,38.0,,3.37,-0.09,,2360.0,1.556,,,51.0,-19.0,7.6,7.4,-14.0,5024093
46.5856,-112.6608,9.9,68.0,34.0,,5.1,-0.11,,4985.0,2.215,,,119.0,-19.0,5.1,9.7,-14.0,5024094
46.5881,-112.6614,10.3,82.0,54.0,,4.52,0.2,,3603.0,2.427,,,74.0,-19.0,9.0,9.9,-14.0,5024095
46.5675,-112.6828,5.9,46.0,25.0,,3.31,-0.08,,3759.0,1.461,,,51.0,-19.0,4.9,7.5,-14.0,5024096
46.5719,-112.6703,6.6,71.0,41.0,,2.36,-0.12,,6170.0,3.885,,,136.0,-19.0,5.1,17.0,-14.0,5024097
46.5697,-112.6614,12.0,84.0,45.0,,8.09,-0.1,,4267.0,1.878,,,123.0,30.0,6.8,8.6,-14.0,5024098
46.5483,-112.6756,9.1,54.0,40.0,,3.22,-0.11,,3471.0,1.546,,,59.0,-19.0,5.4,9.1,-14.0,5024099
46.5383,-112.7183,7.3,43.0,29.0,,3.31,-0.07,,2575.0,1.152,,,42.0,-19.0,5.2,5.4,-14.0,5024100
46.5358,-112.7381,10.1,68.0,54.0,,3.6,-0.15,,3131.0,1.922,,,43.0,-19.0,3.8,8.8,-14.0,5024101
46.5433,-112.7211,8.3,53.0,34.0,,3.23,-0.07,,3064.0,1.1,,,36.0,-19.0,5.7,5.2,-14.0,5024102
46.5356,-112.5692,9.9,74.0,42.0,,3.14,-0.1,,4189.0,3.078,,,154.0,-19.0,6.9,12.6,-14.0,5024103
46.5239,-112.5794,7.1,59.0,31.0,,2.58,-0.12,,5143.0,2.673,,,345.0,-19.0,4.0,15.8,-14.0,5024104
46.5117,-112.5694,7.6,59.0,43.0,,3.72,-0.15,,4099.0,2.605,,,149.0,-19.0,5.3,14.8,-14.0,5024105
46.5111,-112.5733,5.8,54.0,40.0,,1.72,-0.11,,3465.0,3.09,,,287.0,-19.0,4.4,15.2,-14.0,5024106
46.5456,-112.595,6.2,55.0,26.0,,2.16,-0.11,,4161.0,2.397,,,225.0,-19.0,5.5,12.4,-14.0,5024107
46.5475,-112.5933,10.0,88.0,53.0,,3.29,-0.12,,3483.0,2.461,,,67.0,-19.0,8.6,11.2,-14.0,5024108
46.5464,-112.5964,9.7,62.0,31.0,,6.56,-0.1,,3691.0,1.373,,,-11.0,20.0,5.2,7.8,-14.0,5024109
46.56,-112.5333,15.4,154.0,78.0,,7.38,-0.11,,2581.0,2.254,,,37.0,24.0,13.0,10.2,-14.0,5024110
46.5456,-112.5403,12.8,137.0,68.0,,7.5,-0.12,,2516.0,1.283,,,21.0,23.0,7.1,7.7,-14.0,5024111
46.5453,-112.5422,9.7,73.0,44.0,,3.65,-0.13,,5165.0,2.185,,,57.0,-19.0,11.2,11.5,-14.0,5024112
46.6306,-112.4983,9.8,65.0,38.0,,2.67,-0.1,,3648.0,1.775,,,40.0,-19.0,5.5,8.3,-14.0,5024119
46.6289,-112.4947,6.5,51.0,40.0,,2.23,-0.09,,2929.0,1.543,,,32.0,-19.0,5.6,6.7,-14.0,5024120
46.6656,-112.4711,1.7,16.0,-6.0,,0.9,-0.05,,1007.0,0.4186,,,16.0,-19.0,0.9,2.0,-14.0,5024121
46.6753,-112.4744,6.4,47.0,41.0,,29.56,-0.1,,2344.0,1.968,,,27.0,-19.0,4.5,8.1,16.0,5024122
46.6831,-112.4706,7.7,54.0,45.0,,2.72,-0.13,,3597.0,3.612,,,91.0,-19.0,4.2,11.1,-14.0,5024123
46.6939,-112.4622,3.1,17.0,9.0,,1.82,1.67,,1856.0,8.106,,,17.0,-19.0,1.8,3.2,-14.0,5024124
46.6903,-112.4553,6.0,44.0,30.0,,2.17,-0.1,,2549.0,1.443,,,26.0,-19.0,3.4,6.0,-14.0,5024125
46.6142,-112.485,8.3,66.0,44.0,,2.75,-0.16,,3803.0,2.104,,,25.0,-19.0,6.6,10.5,-14.0,5024126
46.5994,-112.445,9.2,66.0,38.0,,3.33,-0.07,,2983.0,1.56,,,25.0,-19.0,7.0,6.4,-14.0,5024127
46.5861,-112.4311,12.0,75.0,37.0,,3.08,-0.09,,2865.0,1.795,,,39.0,-19.0,7.2,8.3,-14.0,5024128
46.5667,-112.4692,10.8,52.0,42.0,,26.73,-0.1,,3317.0,1.105,,,24.0,-19.0,5.2,3.6,-14.0,5024129
46.5422,-112.4456,20.4,76.0,48.0,,20.83,-0.13,,2597.0,1.218,,,37.0,42.0,5.9,7.6,-14.0,5024130
46.5025,-112.4142,9.3,47.0,27.0,,5.72,-0.08,,2935.0,1.868,,,52.0,-19.0,4.8,8.9,-14.0,5024131
46.5039,-112.3717,15.9,91.0,60.0,,6.59,-0.1,,-2026.0,3.536,,,42.0,-19.0,10.8,10.4,-14.0,5024132
46.5256,-112.3983,14.7,96.0,51.0,,11.4,-0.12,,3419.0,1.534,,,76.0,-19.0,5.4,8.7,-14.0,5024133
46.5561,-112.3603,9.6,82.0,51.0,,4.96,-0.12,,4719.0,2.207,,,42.0,-19.0,6.2,11.1,-14.0,5024134
46.5775,-112.2869,9.0,79.0,46.0,,5.07,-0.09,,4301.0,1.905,,,26.0,-19.0,7.9,8.9,-14.0,5024135
46.5703,-112.2592,15.6,129.0,71.0,,7.0,-0.1,,3604.0,3.349,,,44.0,24.0,15.3,13.7,-14.0,5024136
46.5664,-112.2583,14.2,99.0,57.0,,7.54,-0.1,,4284.0,2.138,,,43.0,25.0,13.8,11.5,-14.0,5024137
46.5064,-112.2622,17.8,74.0,63.0,,8.78,-0.08,,3089.0,2.245,,,41.0,-19.0,11.7,7.5,-14.0,5024138
46.5136,-112.2628,12.3,78.0,48.0,,5.66,-0.08,,4288.0,1.572,,,42.0,-19.0,9.7,6.7,-14.0,5024139
46.2292,-112.0861,,,,,28.2,,,,,,,,,,,,5039626
46.5997,-112.2514,7.5,78.0,47.0,,4.26,-0.09,,2841.0,2.839,,,39.0,-19.0,6.6,13.1,-14.0,5024140
46.5689,-112.3658,8.2,80.0,40.0,,4.26,-0.1,,3673.0,1.864,,,37.0,23.0,4.3,9.0,-14.0,5024141
46.5814,-112.3592,9.5,60.0,44.0,,4.39,0.44,,3241.0,3.329,,,77.0,-19.0,5.5,10.0,-14.0,5024142
46.5844,-112.3567,8.3,69.0,42.0,,5.73,-0.09,,3111.0,1.874,,,45.0,-19.0,4.7,9.5,-14.0,5024143
46.5992,-112.3489,10.9,109.0,61.0,,5.37,-0.09,,3594.0,2.924,,,74.0,23.0,6.0,15.2,-14.0,5024144
46.6114,-112.3331,8.8,84.0,40.0,,5.35,-0.1,,3720.0,2.172,,,69.0,22.0,6.0,11.7,-14.0,5024145
46.6442,-112.3306,16.4,65.0,59.0,,13.04,-0.11,,1764.0,1.065,,,25.0,28.0,8.7,5.4,-14.0,5024146
46.6417,-112.285,15.2,118.0,74.0,,6.74,-0.07,,4570.0,4.937,,,57.0,20.0,13.1,7.8,-14.0,5024147
46.6606,-112.2822,5.4,41.0,22.0,,1.89,-0.07,,1699.0,1.706,,,24.0,-19.0,3.8,5.9,-14.0,5024148
46.6389,-112.2581,21.5,143.0,77.0,,13.74,-0.11,,3556.0,3.556,,,30.0,-19.0,9.1,10.0,-14.0,5024149
46.2375,-112.2333,,,,,25.8,,,,,,,,,,,,5039802
46.6858,-112.2644,8.2,50.0,34.0,,3.38,-0.1,,2452.0,1.362,,,32.0,-19.0,15.5,6.3,-14.0,5024150
46.6811,-112.2669,6.8,50.0,30.0,,2.76,-0.08,,3108.0,1.71,,,49.0,29.0,4.6,8.8,-14.0,5024151
46.6178,-112.435,11.7,86.0,52.0,,3.79,-0.08,,3343.0,2.314,,,76.0,,7.7,9.9,,5024152
46.6558,-112.4417,6.2,54.0,33.0,,3.25,-0.08,,3579.0,1.243,,,50.0,32.0,6.4,7.4,-14.0,5024153
46.6433,-112.4486,8.7,57.0,38.0,,2.83,-0.12,,3605.0,1.775,,,43.0,28.0,6.4,8.2,-14.0,5024154
46.6622,-112.3917,6.8,48.0,31.0,,4.79,-0.09,,3118.0,1.582,,,50.0,-19.0,4.2,9.6,-14.0,5024155
46.7094,-112.4183,14.0,92.0,55.0,,3.4,-0.1,,3520.0,2.144,,,69.0,-19.0,8.5,12.7,-14.0,5024156
46.7069,-112.4175,7.9,59.0,32.0,,2.5,0.13,,2671.0,1.27,,,35.0,-19.0,5.1,6.5,-14.0,5024157
46.7025,-112.3911,28.8,91.0,73.0,,22.56,-0.12,,3311.0,1.915,,,45.0,-19.0,7.6,10.4,-14.0,5024158
46.6761,-112.3361,13.6,56.0,37.0,,16.33,-0.07,,2125.0,0.8366,,,26.0,-19.0,5.3,4.3,-14.0,5024159
46.6858,-112.3558,4.9,35.0,16.0,,1.65,0.14,,1560.0,1.035,,,23.0,-19.0,3.0,4.4,-14.0,5024160
46.7128,-112.3561,7.7,70.0,31.0,,3.42,9.07,,-2756.0,1.705,,,35.0,-19.0,5.0,5.9,-14.0,5024161
46.7383,-112.3836,10.3,79.0,65.0,,3.48,1.09,,2021.0,1.615,,,27.0,-19.0,5.6,8.5,-14.0,5024162
46.7375,-112.3775,7.6,63.0,30.0,,3.43,0.34,,-1512.0,1.255,,,20.0,-19.0,4.0,5.3,-14.0,5024163
46.7356,-112.3092,9.9,75.0,34.0,,3.54,3.29,,2259.0,1.573,,,39.0,-19.0,6.9,7.4,-14.0,5024164
46.7583,-112.2508,7.2,51.0,29.0,,2.45,1.43,,2357.0,1.31,,,24.0,-19.0,3.9,5.8,-14.0,5024165
46.7864,-112.2594,6.5,41.0,29.0,,2.21,0.68,,2419.0,1.423,,,26.0,-19.0,3.7,6.0,-14.0,5024166
46.7853,-112.2847,9.1,61.0,31.0,,2.97,-0.09,,2352.0,1.125,,,39.0,26.0,5.6,6.1,-14.0,5024168
46.7908,-112.3036,10.1,74.0,37.0,,3.54,-0.11,,2610.0,1.32,,,46.0,-19.0,5.9,6.8,-14.0,5024169
46.7822,-112.3514,3.8,26.0,14.0,,1.88,0.49,,-1924.0,0.7447,,,14.0,-19.0,2.1,3.1,-14.0,5024171
46.7936,-112.3975,9.0,79.0,57.0,,2.95,-0.16,,3993.0,1.727,,,65.0,-19.0,6.0,8.8,-14.0,5024173
46.7928,-112.3825,8.7,49.0,25.0,,3.19,-0.09,,2726.0,1.069,,,30.0,-19.0,5.5,6.2,-14.0,5024174
46.7861,-112.4161,9.0,63.0,41.0,,2.97,-0.09,,2637.0,1.462,,,40.0,-19.0,6.2,7.9,-14.0,5024175
46.7569,-112.4211,9.3,63.0,38.0,,5.75,-0.09,,2488.0,1.129,,,37.0,-19.0,6.4,6.9,-14.0,5024176
46.7536,-112.4631,5.8,29.0,30.0,,3.36,-0.09,,1860.0,0.6945,,,21.0,-19.0,11.4,4.3,-14.0,5024177
46.7803,-112.4789,8.7,58.0,33.0,,5.36,-0.1,,2706.0,1.499,,,29.0,-19.0,6.8,8.3,-14.0,5024178
46.7719,-112.4869,6.1,44.0,23.0,,4.09,-0.08,,1544.0,0.8605,,,40.0,-19.0,6.2,4.7,-14.0,5024179
46.7981,-112.4542,9.9,61.0,-16.0,,4.69,-0.16,,3070.0,1.186,,,53.0,-19.0,4.5,7.9,-14.0,5024180
46.2833,-112.1583,,,,,8.3,,,,,,,,,,,,5039627
46.2839,-112.1542,,,,,12.6,,,,,,,,,,,,5039628
46.7717,-112.2214,7.1,46.0,30.0,,2.85,-0.1,,1763.0,1.281,,,27.0,-19.0,4.1,6.2,-14.0,5024211
46.7594,-112.1975,6.6,47.0,22.0,,2.81,-0.07,,2365.0,0.9912,,,34.0,-19.0,4.6,4.8,-14.0,5024212
46.7644,-112.1772,11.0,64.0,44.0,,3.51,-0.11,,4764.0,2.348,,,48.0,-19.0,9.0,10.6,-14.0,5024213
46.7817,-112.1494,7.7,54.0,40.0,,3.33,-0.07,,2980.0,1.344,,,43.0,-19.0,5.8,6.4,-14.0,5024214
46.7922,-112.1678,11.3,73.0,43.0,,3.56,-0.15,,3241.0,1.701,,,46.0,-19.0,7.5,9.2,-14.0,5024217
46.2839,-112.1542,,,,,8.0,,,,,,,,,,,,5039629
46.7978,-112.0153,10.3,74.0,38.0,,3.29,-0.1,,3453.0,1.464,,,38.0,23.0,6.5,8.6,-14.0,5024258
46.7878,-112.0303,7.3,57.0,-10.0,,2.6,-0.11,,2412.0,1.043,,,36.0,-19.0,5.1,5.5,-14.0,5024260
46.7872,-112.0336,9.4,59.0,41.0,,3.43,-0.16,,3263.0,1.749,,,36.0,-19.0,5.6,9.3,-14.0,5024261
46.7583,-112.0161,10.2,59.0,35.0,,3.22,-0.09,,3562.0,1.326,,,38.0,-19.0,6.5,6.8,-14.0,5024262
46.76,-112.0408,12.4,77.0,39.0,,3.43,-0.1,,2509.0,1.863,,,48.0,-19.0,6.4,9.1,-14.0,5024263
46.7522,-112.0872,10.3,71.0,35.0,,3.21,-0.1,,3555.0,1.464,,,49.0,-19.0,7.7,7.6,-14.0,5024264
46.7894,-112.1222,8.9,58.0,37.0,,3.68,-0.1,,2966.0,1.287,,,44.0,-19.0,5.5,6.7,-14.0,5024266
46.2572,-112.7733,7.8,55.0,42.0,,4.18,-0.06,,2145.0,1.146,,,26.0,-19.0,8.2,5.6,-14.0,5024342
46.2675,-112.8481,6.7,56.0,48.0,,26.31,-0.05,,1980.0,0.7206,,,13.0,-19.0,4.6,3.9,-14.0,5024347
46.2839,-112.8314,12.2,99.0,52.0,,4.86,-0.06,,2172.0,1.799,,,23.0,-19.0,7.6,5.3,-14.0,5024352
46.3031,-112.7708,17.2,136.0,81.0,,6.51,-0.05,,3424.0,1.466,,,26.0,-19.0,9.2,6.9,-14.0,5024356
46.3372,-112.765,22.5,176.0,88.0,,4.82,-0.06,,2849.0,2.105,,,32.0,35.0,10.4,5.4,-14.0,5024357
46.3983,-112.7861,8.0,54.0,38.0,,3.19,-0.09,,2131.0,1.313,,,32.0,30.0,5.7,6.6,-14.0,5024358
46.4328,-112.8156,8.9,64.0,39.0,,5.97,-0.06,,3332.0,1.103,,,32.0,22.0,6.2,4.8,-14.0,5024359
46.4411,-112.85,7.2,57.0,35.0,,4.41,-0.05,,1673.0,0.9126,,,17.0,-19.0,5.2,3.6,-14.0,5024360
46.4697,-112.8228,8.6,80.0,43.0,,2.8,-0.07,,3091.0,1.605,,,38.0,37.0,6.0,8.0,-14.0,5024369
46.4633,-112.7653,12.3,84.0,58.0,,3.95,-0.08,,3238.0,2.273,,,54.0,22.0,12.4,9.6,-14.0,5024370
46.3931,-112.7964,8.7,67.0,40.0,,3.84,-0.05,,3230.0,0.8005,,,22.0,-19.0,5.1,3.4,-14.0,5024371
46.4939,-112.7586,41.1,149.0,83.0,,7.28,-0.06,,3084.0,4.646,,,70.0,-19.0,21.6,6.7,-14.0,5024372
46.235,-112.8283,7.6,51.0,35.0,,6.04,-0.06,,2776.0,1.266,,,19.0,45.0,6.0,5.1,-14.0,5024411
46.2078,-112.8497,10.4,71.0,47.0,,4.19,-0.09,,2521.0,1.964,,,38.0,22.0,9.5,7.1,-14.0,5024413
46.1689,-112.7558,27.0,107.0,61.0,,4.82,-0.1,,3294.0,4.328,,,45.0,-19.0,18.2,12.0,-14.0,5024440
46.15,-112.7522,31.7,88.0,56.0,,6.84,-0.1,,3340.0,2.681,,,22.0,20.0,10.6,10.1,-14.0,5024441
46.12,-112.7736,27.9,88.0,52.0,,6.59,-0.13,,4417.0,3.131,,,39.0,31.0,9.0,13.3,-14.0,5024442
46.1156,-112.7881,23.9,110.0,58.0,,4.82,-0.08,,3867.0,3.113,,,44.0,26.0,14.3,9.6,-14.0,5024443
46.0997,-112.7967,20.4,86.0,54.0,,3.93,-0.11,,3555.0,2.483,,,45.0,-19.0,10.2,12.7,-14.0,5024444
46.0633,-112.7664,18.8,88.0,46.0,,5.06,-0.07,,3395.0,2.046,,,43.0,-19.0,14.8,8.1,-14.0,5024445
46.0478,-112.775,12.9,100.0,51.0,,3.26,-0.08,,4721.0,2.529,,,86.0,23.0,9.0,10.1,17.0,5024446
46.0125,-112.7533,13.0,79.0,36.0,,5.23,-0.09,,3809.0,2.022,,,50.0,-19.0,11.2,7.6,-14.0,5024447
46.0197,-112.7892,11.0,72.0,41.0,,4.0,0.34,,3136.0,2.309,,,53.0,-19.0,9.5,12.0,-14.0,5024448
46.0158,-112.8114,5.0,41.0,22.0,,3.98,-0.07,,1464.0,1.074,,,65.0,22.0,4.5,6.0,-14.0,5024449
46.0297,-112.8256,20.2,98.0,53.0,,8.57,-0.09,,3776.0,2.625,,,52.0,,11.2,16.6,,5024450
46.0494,-112.8414,23.4,92.0,69.0,,8.39,-0.17,,5328.0,3.715,,,34.0,30.0,7.3,20.7,-14.0,5024452
46.4558,-112.665,5.8,40.0,23.0,,1.44,-0.1,,4790.0,3.996,,,554.0,25.0,3.3,21.0,-14.0,5024454
46.4447,-112.6825,3.6,42.0,21.0,,1.31,-0.09,,4534.0,2.813,,,402.0,29.0,3.0,15.5,-14.0,5024455
46.4169,-112.6397,5.3,54.0,25.0,,1.28,-0.13,,4455.0,3.715,,,447.0,-19.0,4.2,21.6,-14.0,5024456
46.4278,-112.6114,3.6,39.0,15.0,,1.31,-0.09,,3579.0,2.903,,,336.0,-19.0,2.6,14.9,-14.0,5024457
46.4314,-112.5861,5.0,41.0,24.0,,1.24,-0.09,,4780.0,3.851,,,308.0,-19.0,3.0,19.5,-14.0,5024458
46.4333,-112.5864,4.6,52.0,20.0,,1.48,-0.09,,4197.0,2.661,,,234.0,-19.0,4.1,13.0,-14.0,5024459
46.4244,-112.62,3.2,32.0,24.0,,0.84,-0.13,,4216.0,4.937,,,947.0,-19.0,2.8,28.8,-14.0,5024460
46.2822,-112.75,9.3,90.0,51.0,,23.09,-0.05,,1515.0,0.8614,,,16.0,-19.0,5.8,4.5,-14.0,5024461
46.3394,-112.7492,8.1,50.0,25.0,,10.39,-0.12,,2288.0,1.162,,,33.0,20.0,3.3,5.1,-14.0,5024462
46.3603,-112.7461,12.5,90.0,53.0,,5.13,-0.1,,2472.0,1.814,,,23.0,-19.0,6.8,7.5,-14.0,5024463
46.2994,-112.7206,14.8,79.0,52.0,,3.29,-0.06,,4254.0,3.168,,,34.0,-19.0,14.2,5.7,-14.0,5024464
46.2511,-112.6344,22.0,85.0,57.0,,9.66,0.23,,3818.0,2.738,,,35.0,-19.0,16.4,12.1,-14.0,5024465
46.2592,-112.6547,34.5,103.0,63.0,,10.57,-0.1,,5235.0,8.539,,,101.0,-19.0,77.8,12.2,-14.0,5024466
46.3283,-112.7111,11.5,64.0,43.0,,2.52,-0.09,,2915.0,2.339,,,31.0,-19.0,7.3,8.9,-14.0,5024467
46.2775,-112.6331,23.2,90.0,48.0,,5.99,-0.09,,4578.0,3.877,,,39.0,-19.0,17.1,14.3,-14.0,5024468
46.2764,-112.5811,25.8,109.0,63.0,,4.51,-0.08,,4477.0,3.702,,,34.0,21.0,16.8,14.8,-14.0,5024469
46.2864,-112.6061,15.1,107.0,50.0,,12.43,-0.09,,5026.0,2.455,,,26.0,24.0,20.7,10.8,-14.0,5024470
46.2897,-112.6325,23.0,77.0,42.0,,8.9,-0.12,,4516.0,3.22,,,19.0,-19.0,17.6,15.7,-14.0,5024471
46.4014,-112.6306,4.6,40.0,30.0,,1.74,-0.08,,3818.0,2.541,,,227.0,-19.0,3.5,12.2,-14.0,5024472
46.4133,-112.5883,8.6,52.0,30.0,,2.1,-0.1,,4274.0,3.827,,,129.0,-19.0,3.9,20.3,-14.0,5024473
46.3822,-112.5936,6.2,65.0,27.0,,1.66,0.39,,4733.0,2.611,,,101.0,-19.0,4.3,15.3,-14.0,5024474
46.3867,-112.5819,7.4,52.0,37.0,,2.2,-0.12,,4164.0,3.072,,,104.0,21.0,5.3,18.0,-14.0,5024475
46.3714,-112.5689,4.0,38.0,25.0,,1.38,0.91,,2355.0,2.714,,,63.0,-19.0,3.1,13.9,-14.0,5024476
46.3711,-112.5672,5.8,46.0,33.0,,1.65,1.66,,-2523.0,3.419,,,150.0,-19.0,3.7,14.9,-14.0,5024477
46.3508,-112.5608,6.6,49.0,34.0,,2.54,-0.11,,2909.0,1.378,,,75.0,-19.0,3.8,8.3,-14.0,5024478
46.35,-112.5619,9.8,84.0,55.0,,3.48,-0.13,,5244.0,2.485,,,53.0,-19.0,5.0,12.8,-14.0,5024479
46.3475,-112.5914,10.3,96.0,60.0,,3.73,-0.09,,4482.0,2.902,,,35.0,-19.0,6.9,10.8,-14.0,5024480
46.3411,-112.6036,8.5,82.0,45.0,,5.19,-0.1,,4073.0,2.444,,,38.0,28.0,5.0,9.2,-14.0,5024481
46.3133,-112.6306,32.5,127.0,85.0,,10.07,-0.12,,4158.0,3.539,,,28.0,36.0,19.7,17.8,-14.0,5024482
46.3056,-112.6417,17.8,71.0,43.0,,8.69,-0.08,,3876.0,1.965,,,17.0,-19.0,12.4,9.7,-14.0,5024483
46.3386,-112.6728,11.4,75.0,43.0,,5.21,-0.08,,3056.0,2.087,,,26.0,-19.0,6.3,9.3,-14.0,5024484
46.3614,-112.6803,9.1,85.0,42.0,,4.53,-0.09,,3670.0,1.793,,,38.0,-19.0,7.1,8.4,-14.0,5024485
46.3722,-112.6942,12.1,83.0,47.0,,3.27,-0.12,,5286.0,3.262,,,109.0,-19.0,6.8,13.7,-14.0,5024486
46.2592,-112.505,34.2,130.0,77.0,,5.8,-0.08,,4336.0,1.247,,,18.0,-19.0,7.6,6.8,-14.0,5024487
46.2525,-112.5083,7.4,44.0,28.0,,4.7,-0.07,,1706.0,1.091,,,36.0,-19.0,4.9,4.9,-14.0,5024488
46.4603,-112.1178,,,,,16.9,,,,,,,,,,,,5039009
46.2522,-112.5286,11.4,71.0,38.0,,7.49,-0.1,,4496.0,1.478,,,30.0,25.0,5.4,8.1,-14.0,5024489
46.2503,-112.5456,35.6,113.0,91.0,,17.17,-0.14,,4364.0,3.856,,,45.0,-19.0,37.7,14.4,-14.0,5024490
46.2508,-112.5908,20.4,86.0,51.0,,9.1,-0.09,,5792.0,3.53,,,29.0,38.0,20.8,10.8,-14.0,5024491
46.4933,-112.5347,7.8,61.0,27.0,,2.87,-0.09,,4243.0,1.982,,,78.0,-19.0,4.5,10.1,-14.0,5024522
46.485,-112.5344,9.0,62.0,33.0,,3.41,-0.09,,4498.0,2.936,,,98.0,-19.0,5.9,15.2,-14.0,5024523
46.4731,-112.5306,8.1,70.0,39.0,,3.09,-0.14,,4248.0,2.567,,,143.0,28.0,5.4,14.5,-14.0,5024524
46.4644,-112.5194,7.2,56.0,32.0,,2.75,-0.09,,2883.0,1.986,,,90.0,-19.0,3.6,12.2,-14.0,5024525
46.4628,-112.5228,8.4,53.0,41.0,,2.41,-0.11,,4595.0,2.691,,,102.0,-19.0,5.5,16.4,-14.0,5024526
46.4603,-112.1178,,,,,21.4,,,,,,,,,,,,5039010
46.4083,-112.1461,,,,,29.7,,,,,,,,,,,,5039011
46.4083,-112.1461,,,,,19.2,,,,,,,,,,,,5039012
46.4083,-112.1461,,,,,27.0,,,,,,,,,,,,5039013
46.4417,-112.0625,,,,,11.9,,,,,,,,,,,,5039014
46.4417,-112.0625,,,,,6.9,,,,,,,,,,,,5039015
46.4417,-112.0625,,,,,9.8,,,,,,,,,,,,5039016
46.4297,-112.0731,,,,,10.1,,,,,,,,,,,,5039017
46.4297,-112.0731,,,,,7.0,,,,,,,,,,,,5039018
46.4297,-112.0731,,,,,8.6,,,,,,,,,,,,5039019
46.3842,-112.1111,,,,,4.3,,,,,,,,,,,,5039020
46.3842,-112.1111,,,,,3.6,,,,,,,,,,,,5039021
46.3842,-112.1111,,,,,4.0,,,,,,,,,,,,5039022
46.3842,-112.1111,,,,,5.4,,,,,,,,,,,,5039023
46.3822,-112.0869,,,,,6.3,,,,,,,,,,,,5039024
46.3753,-112.8492,10.1,66.0,47.0,,3.78,-0.1,,2418.0,1.496,,,29.0,36.0,6.6,6.0,-14.0,5024916
46.3081,-112.8072,9.6,66.0,36.0,,4.13,-0.07,,2233.0,1.097,,,19.0,28.0,5.0,4.9,-14.0,5024917
46.3425,-112.8067,12.8,86.0,52.0,,4.67,-0.1,,3624.0,2.185,,,35.0,45.0,5.9,9.8,-14.0,5024918
46.3542,-112.7897,12.1,91.0,49.0,,3.31,-0.08,,2635.0,1.413,,,28.0,25.0,7.1,5.9,-14.0,5024919
46.3669,-112.7714,12.2,85.0,56.0,,3.14,-0.1,,2692.0,1.767,,,34.0,29.0,10.7,8.3,-14.0,5024920
46.3978,-112.7631,9.2,58.0,33.0,,2.9,-0.07,,3041.0,1.206,,,37.0,29.0,5.6,5.4,-14.0,5024921
46.4333,-112.7556,11.0,88.0,46.0,,4.28,-0.07,,2571.0,1.477,,,25.0,37.0,7.7,5.5,-14.0,5024932
46.4314,-112.7575,12.9,95.0,57.0,,3.65,-0.08,,2932.0,1.542,,,18.0,-19.0,7.5,6.5,-14.0,5024933
46.3189,-112.7606,10.4,67.0,47.0,,4.38,-0.05,,2757.0,1.32,,,28.0,-19.0,6.0,5.2,-14.0,5024934
45.4922,-112.6522,,,,,4.4,,,3521.0,,,,,-20.0,,,-15.0,5025937
46.3572,-112.8394,7.5,50.0,33.0,,4.95,-0.08,,3903.0,2.049,,,20.0,-19.0,5.1,10.4,-14.0,5025013
46.2681,-112.3825,11.2,73.0,46.0,,5.4,-0.05,,2158.0,1.288,,,30.0,-20.0,6.3,6.7,-15.0,5025037
46.2675,-112.3931,11.7,73.0,52.0,,32.0,-0.08,,2065.0,1.409,,,27.0,-20.0,6.0,6.3,-15.0,5025038
46.2681,-112.3528,19.6,163.0,114.0,,3.4,-0.07,,2378.0,1.398,,,31.0,-20.0,5.5,5.6,-15.0,5025039
46.3403,-112.3389,10.8,80.0,39.0,,7.4,-0.07,,3800.0,1.974,,,23.0,39.0,6.4,9.9,-15.0,5025040
46.3639,-112.3014,51.3,153.0,114.0,,23.9,3.06,,6244.0,8.747,,,119.0,53.0,65.1,16.2,-15.0,5025041
46.3822,-112.0869,,,,,4.9,,,,,,,,,,,,5039025
46.3625,-112.3028,22.3,93.0,50.0,,32.5,0.23,,4005.0,2.526,,,31.0,24.0,13.1,9.8,-15.0,5025042
46.3375,-112.2639,24.9,95.0,60.0,,9.2,-0.12,,2601.0,3.04,,,26.0,-20.0,13.2,13.0,-15.0,5025043
46.3028,-112.2556,21.0,78.0,54.0,,16.6,-0.06,,4214.0,2.96,,,41.0,44.0,17.0,9.8,-15.0,5025044
46.3028,-112.2528,41.9,160.0,103.0,,16.8,0.38,,5581.0,5.68,,,83.0,25.0,52.8,14.2,-15.0,5025045
46.3533,-112.3678,11.9,79.0,45.0,,8.5,-0.07,,2886.0,1.237,,,-10.0,-20.0,6.8,6.7,-15.0,5025046
46.355,-112.3661,16.5,112.0,70.0,,18.8,-0.1,,3534.0,1.651,,,42.0,36.0,9.6,10.2,-15.0,5025047
46.3725,-112.3503,10.1,68.0,38.0,,8.6,-0.06,,3868.0,1.582,,,20.0,-20.0,5.4,8.4,-15.0,5025048
46.3858,-112.3339,12.7,72.0,64.0,,9.7,-0.08,,3515.0,1.921,,,42.0,53.0,5.9,13.5,-15.0,5025049
46.3964,-112.3147,24.4,49.0,26.0,,15.7,-0.06,,1646.0,1.006,,,24.0,81.0,9.1,3.5,-15.0,5025050
46.3983,-112.3075,24.0,63.0,39.0,,12.7,0.48,,2489.0,1.992,,,-11.0,83.0,14.4,6.4,-15.0,5025051
46.3944,-112.2928,22.9,75.0,45.0,,10.3,0.15,,4327.0,2.526,,,28.0,32.0,11.9,13.0,-15.0,5025052
46.3931,-112.2981,23.1,90.0,56.0,,13.6,-0.09,,3667.0,3.301,,,36.0,42.0,9.5,16.0,-15.0,5025053
46.4556,-112.2583,24.2,93.0,47.0,,11.6,2.43,,3630.0,2.44,,,54.0,63.0,14.3,7.3,-15.0,5025054
46.4569,-112.2806,15.3,72.0,49.0,,7.2,-0.07,,3032.0,2.274,,,17.0,37.0,12.2,5.7,-15.0,5025055
46.4556,-112.2833,19.1,59.0,29.0,,14.3,-0.05,,2701.0,1.288,,,16.0,65.0,10.2,3.5,-15.0,5025056
46.4528,-112.2819,28.5,49.0,24.0,,19.5,3.49,,1450.0,1.041,,,14.0,50.0,19.9,1.9,-15.0,5025057
46.4306,-112.2694,19.4,53.0,28.0,,17.2,-0.07,,2508.0,1.169,,,23.0,33.0,6.7,4.2,-15.0,5025058
46.4967,-112.2781,27.6,79.0,72.0,,20.9,-0.09,,3389.0,1.9,,,-13.0,29.0,12.1,9.3,-15.0,5025059
46.4767,-112.2864,10.5,69.0,45.0,,7.5,-0.07,,3068.0,1.269,,,-10.0,29.0,4.5,6.6,-15.0,5025060
46.4725,-112.2811,19.2,108.0,77.0,,26.9,3.41,,3105.0,2.633,,,37.0,34.0,7.2,6.5,-15.0,5025061
46.475,-112.3694,17.6,104.0,53.0,,10.6,-0.07,,3736.0,2.565,,,22.0,40.0,13.6,10.7,-15.0,5025062
46.4772,-112.35,26.3,95.0,68.0,,27.9,-0.09,,2947.0,2.834,,,50.0,33.0,11.9,15.0,-15.0,5025063
46.4708,-112.3444,19.7,101.0,52.0,,19.4,-0.08,,3773.0,2.336,,,30.0,21.0,19.5,11.3,-15.0,5025064
46.4589,-112.3497,13.7,76.0,48.0,,7.1,-0.08,,-2009.0,4.653,,,29.0,51.0,5.5,9.0,-15.0,5025065
46.4639,-112.3264,17.2,91.0,57.0,,9.3,-0.07,,4574.0,1.991,,,21.0,-20.0,18.2,9.5,-15.0,5025066
46.4583,-112.3333,17.5,84.0,56.0,,13.2,-0.09,,1400.0,3.021,,,25.0,-20.0,6.0,9.4,-15.0,5025067
46.4592,-112.3364,26.7,119.0,76.0,,12.8,0.43,,5579.0,5.862,,,80.0,66.0,34.2,6.2,-15.0,5025068
46.4883,-112.3717,13.7,83.0,57.0,,12.0,0.57,,5598.0,3.292,,,42.0,31.0,9.7,13.2,-15.0,5025069
46.4208,-112.3528,19.4,90.0,47.0,,12.1,-0.05,,2196.0,0.9351,,,-8.0,80.0,12.3,3.2,-15.0,5025070
46.4194,-112.3528,20.0,72.0,48.0,,11.4,0.82,,-1117.0,1.72,,,17.0,34.0,8.1,5.7,-15.0,5025071
46.4194,-112.3625,16.8,57.0,29.0,,12.3,-0.05,,2901.0,1.054,,,-7.0,62.0,8.7,4.6,-15.0,5025072
46.4325,-112.3944,19.6,174.0,154.0,,24.0,-0.08,,2169.0,1.959,,,32.0,46.0,4.6,8.4,-15.0,5025073
46.4089,-112.4083,18.4,102.0,65.0,,15.3,0.12,,3247.0,1.316,,,25.0,31.0,14.9,4.9,-15.0,5025074
46.4153,-112.4958,6.7,41.0,34.0,,1.8,-0.1,,4597.0,3.9,,,205.0,46.0,4.9,18.2,-15.0,5025075
46.4125,-112.4931,10.2,56.0,34.0,,7.4,-0.04,,2884.0,1.244,,,66.0,60.0,7.0,5.6,-15.0,5025076
46.4306,-112.4806,8.3,57.0,39.0,,3.8,-0.07,,5064.0,3.123,,,188.0,-20.0,6.1,15.3,-15.0,5025077
46.4333,-112.4694,8.1,67.0,29.0,,5.1,-0.07,,3860.0,2.238,,,236.0,40.0,4.9,11.0,-15.0,5025078
46.4367,-112.4486,30.9,289.0,186.0,,25.7,-0.07,,2291.0,1.593,,,49.0,49.0,60.3,4.4,-15.0,5025079
46.4764,-112.4472,6.6,42.0,26.0,,3.7,-0.05,,4550.0,1.857,,,69.0,26.0,5.4,8.3,-15.0,5025080
46.4736,-112.4472,7.5,61.0,31.0,,2.8,-0.06,,5433.0,2.687,,,176.0,-20.0,5.2,15.5,-15.0,5025081
46.4764,-112.4375,7.2,69.0,30.0,,2.7,-0.08,,3882.0,2.383,,,49.0,-20.0,3.3,10.3,-15.0,5025082
46.4808,-112.005,41.0,127.0,65.0,,7.7,-0.09,,4386.0,4.593,,,45.0,-20.0,31.6,15.6,-15.0,5025083
46.4814,-112.0014,29.9,81.0,43.0,,7.7,-0.06,,3244.0,2.458,,,25.0,-20.0,10.9,10.0,-15.0,5025084
46.4786,-112.0019,49.3,109.0,62.0,,15.4,-0.08,,4436.0,3.306,,,33.0,-20.0,18.6,14.0,-15.0,5025085
46.4833,-112.0014,52.6,133.0,71.0,,17.5,-0.07,,3951.0,4.043,,,44.0,-20.0,72.6,12.4,29.0,5025086
45.8031,-112.7464,9.5,100.0,49.0,,2.9,-0.12,,7841.0,4.185,,,29.0,-20.0,7.8,16.3,-15.0,5025087
45.8072,-112.7431,10.5,72.0,38.0,,5.1,-0.09,,2098.0,1.441,,,38.0,-20.0,6.0,8.0,-15.0,5025088
45.8197,-112.7378,13.0,88.0,49.0,,4.2,-0.1,,3642.0,1.552,,,56.0,-20.0,9.8,8.1,-15.0,5025089
45.8089,-112.5933,11.9,82.0,45.0,,3.2,-0.15,,4742.0,3.755,,,43.0,-20.0,6.0,16.4,-15.0,5025090
45.7967,-112.5681,13.4,63.0,41.0,,4.4,-0.12,,5178.0,3.218,,,41.0,-20.0,6.5,15.4,-15.0,5025091
45.7558,-112.6025,14.0,101.0,51.0,,4.1,-0.08,,3418.0,2.003,,,44.0,-20.0,7.4,10.2,-15.0,5025092
45.7644,-112.5967,11.3,76.0,46.0,,2.1,-0.08,,3010.0,1.921,,,161.0,-20.0,8.6,8.5,-15.0,5025093
45.7697,-112.5244,11.5,86.0,40.0,,4.2,-0.14,,3002.0,2.487,,,57.0,-20.0,6.6,10.7,-15.0,5025094
45.7661,-112.5278,19.2,91.0,65.0,,27.1,-0.08,,3473.0,1.418,,,37.0,-20.0,11.2,6.9,-15.0,5025095
45.765,-112.5922,11.2,93.0,64.0,,4.2,-0.1,,4192.0,2.42,,,83.0,-20.0,7.0,13.3,-15.0,5025096
45.7689,-112.5806,5.5,45.0,28.0,,1.2,-0.07,,1802.0,1.142,,,20.0,-20.0,3.6,4.2,-15.0,5025097
45.7694,-112.5753,13.6,110.0,58.0,,4.6,-0.13,,3076.0,2.414,,,43.0,-20.0,8.7,12.0,-15.0,5025098
45.7756,-112.5636,12.2,76.0,47.0,,5.5,-0.08,,3222.0,1.971,,,32.0,-20.0,7.8,8.1,-15.0,5025099
45.7961,-112.5164,21.4,87.0,44.0,,7.9,-0.11,,4515.0,4.625,,,64.0,-20.0,25.3,19.1,-15.0,5025100
45.7925,-112.5547,11.7,78.0,36.0,,2.9,1.28,,3564.0,3.258,,,44.0,-20.0,11.8,10.3,21.0,5025101
45.8206,-112.5206,11.8,81.0,98.0,,90.1,-0.17,,3152.0,2.374,,,51.0,-20.0,7.1,11.5,-15.0,5025102
45.9528,-112.7056,43.5,124.0,72.0,,8.7,-0.1,,4155.0,3.35,,,54.0,-20.0,30.4,17.5,-15.0,5025103
45.9217,-112.7233,58.0,133.0,77.0,,11.7,-0.11,,3522.0,5.807,,,50.0,-20.0,27.5,20.9,-15.0,5025104
45.9111,-112.7244,60.0,110.0,64.0,,12.0,-0.14,,4573.0,4.896,,,50.0,-20.0,19.0,20.7,-15.0,5025105
45.9128,-112.7197,40.8,122.0,62.0,,6.6,-0.14,,4291.0,3.389,,,36.0,-20.0,10.2,27.2,-15.0,5025106
45.9117,-112.7097,16.8,74.0,48.0,,11.3,-0.12,,4507.0,2.765,,,32.0,-20.0,8.1,15.9,-15.0,5025107
45.9033,-112.7111,36.1,90.0,60.0,,7.1,-0.12,,4232.0,3.12,,,58.0,-20.0,10.1,18.9,-15.0,5025108
45.8794,-112.7167,82.7,150.0,83.0,,14.7,-0.11,,3854.0,4.238,,,39.0,-20.0,30.7,12.4,-15.0,5025109
45.8744,-112.7389,40.9,148.0,72.0,,9.7,-0.16,,4163.0,3.936,,,54.0,-20.0,12.3,33.0,-15.0,5025110
45.8522,-112.7383,30.1,82.0,48.0,,9.8,-0.12,,4213.0,2.627,,,44.0,-20.0,17.5,17.1,-15.0,5025111
45.8469,-112.6939,20.8,114.0,63.0,,4.9,-0.07,,3672.0,2.425,,,19.0,-20.0,9.1,6.7,-15.0,5025112
45.8353,-112.7075,19.0,82.0,39.0,,3.8,-0.11,,3811.0,2.026,,,58.0,-20.0,10.9,10.3,-15.0,5025113
45.8381,-112.7014,40.5,124.0,67.0,,6.7,-0.12,,4037.0,5.998,,,50.0,-20.0,33.1,15.4,21.0,5025114
45.8225,-112.6917,22.3,75.0,42.0,,4.4,-0.08,,3591.0,3.716,,,77.0,-20.0,14.0,16.8,-15.0,5025115
45.7975,-112.6833,17.7,105.0,61.0,,4.5,-0.08,,3242.0,2.364,,,38.0,-20.0,7.9,8.8,-15.0,5025116
45.7953,-112.6842,15.3,103.0,55.0,,5.5,-0.09,,3319.0,2.004,,,26.0,-20.0,9.8,10.3,-15.0,5025117
45.7556,-112.7406,25.8,132.0,73.0,,4.3,-0.1,,3308.0,2.767,,,36.0,-20.0,13.5,9.5,-15.0,5025118
45.9775,-112.6522,27.1,86.0,54.0,,6.2,-0.11,,4414.0,2.937,,,23.0,-20.0,11.1,16.2,-15.0,5025119
45.9689,-112.6478,18.1,74.0,49.0,,6.1,-0.11,,4109.0,2.537,,,19.0,-20.0,6.3,13.9,-15.0,5025120
45.9536,-112.6628,122.6,233.0,107.0,,14.2,-0.1,,4654.0,8.027,,,69.0,-20.0,47.0,9.6,-15.0,5025121
46.3822,-112.0869,,,,,5.4,,,,,,,,,,,,5039026
45.9389,-112.6644,21.2,93.0,56.0,,4.9,-0.09,,3966.0,2.369,,,22.0,-20.0,11.0,9.8,-15.0,5025122
45.9311,-112.6672,42.4,130.0,66.0,,6.8,-0.1,,3912.0,4.896,,,34.0,-20.0,22.9,9.6,38.0,5025123
45.7894,-112.7122,25.2,139.0,93.0,,3.5,-0.07,,2279.0,2.697,,,31.0,-20.0,10.3,7.3,29.0,5025124
45.7889,-112.7139,51.5,275.0,144.0,,5.2,-0.09,,1837.0,4.321,,,39.0,-20.0,16.6,6.4,18.0,5025125
45.7708,-112.7258,25.2,115.0,66.0,,3.1,-0.09,,2285.0,2.033,,,18.0,-20.0,8.0,5.5,-15.0,5025126
45.765,-112.7278,73.9,352.0,210.0,,7.9,-0.07,,3319.0,3.369,,,26.0,-20.0,19.1,6.5,-15.0,5025127
45.7753,-112.7153,68.5,315.0,188.0,,10.2,-0.08,,1996.0,1.337,,,29.0,-20.0,15.1,5.5,-15.0,5025128
45.9556,-112.5597,43.3,140.0,69.0,,11.4,-0.14,,4344.0,3.659,,,57.0,-20.0,22.4,19.7,-15.0,5025129
45.9564,-112.5608,20.5,93.0,56.0,,4.9,-0.14,,4076.0,2.985,,,-16.0,-20.0,7.9,18.9,-15.0,5025130
45.9292,-112.5656,36.5,89.0,53.0,,15.9,-0.11,,-1948.0,3.904,,,28.0,-20.0,16.7,13.7,-15.0,5025131
46.2839,-112.1542,,,,,9.7,,,,,,,,,,,,5039630
45.92,-112.5744,42.1,110.0,67.0,,10.2,-0.1,,3446.0,2.483,,,27.0,-20.0,15.6,14.0,-15.0,5025132
45.9167,-112.5756,37.2,143.0,71.0,,21.7,-0.12,,4635.0,2.331,,,-13.0,-20.0,15.0,19.6,-15.0,5025133
45.9111,-112.5722,43.2,111.0,77.0,,36.0,-0.16,,3759.0,2.825,,,-17.0,-20.0,14.9,19.1,-15.0,5025134
45.9108,-112.52,29.0,81.0,52.0,,6.5,-0.09,,2926.0,2.44,,,24.0,-20.0,13.8,14.7,-15.0,5025135
45.8819,-112.5306,24.6,97.0,56.0,,24.6,-0.12,,3332.0,2.371,,,33.0,-20.0,9.4,16.6,-15.0,5025136
45.8806,-112.5081,29.4,100.0,64.0,,27.2,-0.13,,3897.0,2.716,,,32.0,-20.0,12.5,17.5,-15.0,5025137
45.9708,-112.7281,48.4,124.0,83.0,,12.4,-0.11,,3582.0,3.415,,,38.0,-20.0,20.2,11.4,20.0,5025138
45.9917,-112.7356,9.7,60.0,31.0,,2.7,-0.08,,3379.0,1.92,,,100.0,-20.0,7.2,11.0,-15.0,5025139
45.8117,-112.3917,28.2,151.0,79.0,,4.9,-0.09,,4164.0,3.569,,,31.0,-20.0,11.2,9.2,-15.0,5025140
45.8167,-112.4022,17.1,94.0,54.0,,5.4,-0.11,,4219.0,1.918,,,31.0,-20.0,9.1,9.6,-15.0,5025141
45.8153,-112.3956,10.7,65.0,45.0,,4.4,-0.09,,4504.0,2.389,,,38.0,-20.0,7.9,10.7,-15.0,5025142
45.8217,-112.3944,9.1,53.0,36.0,,3.3,-0.1,,2943.0,1.816,,,33.0,-20.0,6.0,9.2,-15.0,5025143
45.8286,-112.3872,12.0,75.0,41.0,,3.4,-0.1,,3933.0,2.521,,,51.0,-20.0,7.7,11.0,-15.0,5025144
45.7806,-112.3983,11.5,70.0,44.0,,6.2,-0.14,,3700.0,2.623,,,52.0,-20.0,7.8,11.7,-15.0,5025145
45.845,-112.4311,45.3,139.0,102.0,,23.0,-0.07,,-1416.0,1.517,,,14.0,22.0,15.9,5.3,-15.0,5025146
45.8422,-112.4883,20.8,70.0,52.0,,15.1,-0.12,,4845.0,5.687,,,41.0,-20.0,16.1,18.7,-15.0,5025147
45.9806,-112.1411,10.6,96.0,46.0,,2.6,-0.09,,5736.0,3.821,,,186.0,-20.0,9.0,13.9,-15.0,5025148
45.9683,-112.1544,13.3,81.0,43.0,,3.3,-0.12,,4084.0,3.29,,,99.0,-20.0,8.5,12.4,-15.0,5025149
45.965,-112.1611,11.3,62.0,36.0,,2.3,-0.08,,4160.0,2.466,,,70.0,-20.0,7.5,11.6,-15.0,5025150
45.9844,-112.1456,9.8,77.0,35.0,,2.6,-0.09,,3504.0,2.758,,,199.0,-20.0,6.6,12.6,-15.0,5025151
45.8044,-112.4019,35.7,139.0,100.0,,23.8,-0.09,,3239.0,1.981,,,32.0,26.0,7.5,7.0,-15.0,5025152
45.8361,-112.2714,13.6,96.0,44.0,,2.7,-0.15,,4944.0,4.799,,,136.0,-20.0,16.5,17.1,-15.0,5025153
45.8753,-112.4583,58.2,121.0,62.0,,16.3,-0.11,,3593.0,4.851,,,50.0,-20.0,17.6,20.3,-15.0,5025154
45.88,-112.4597,31.1,107.0,76.0,,47.1,-0.13,,2848.0,4.039,,,35.0,-20.0,26.4,20.9,-15.0,5025155
45.8769,-112.4564,77.9,125.0,55.0,,20.5,-0.12,,4550.0,3.605,,,35.0,-20.0,24.1,18.2,-15.0,5025156
45.8811,-112.4578,40.0,91.0,60.0,,13.1,-0.18,,4239.0,3.784,,,33.0,-20.0,17.6,19.7,-15.0,5025157
45.8847,-112.4575,29.8,84.0,60.0,,27.3,-0.13,,4299.0,2.688,,,27.0,-20.0,12.8,14.7,-15.0,5025158
45.8831,-112.4631,31.0,103.0,76.0,,36.7,-0.12,,4073.0,4.034,,,34.0,-20.0,20.1,19.6,-15.0,5025159
45.8881,-112.4756,17.3,87.0,129.0,,96.3,-0.17,,-2755.0,5.848,,,-19.0,-20.0,10.2,9.6,-15.0,5025160
45.8917,-112.4628,34.2,92.0,43.0,,6.3,-0.16,,4333.0,3.273,,,36.0,-20.0,10.3,18.6,-15.0,5025161
45.895,-112.4589,31.9,76.0,65.0,,39.5,-0.12,,3025.0,3.337,,,35.0,21.0,16.7,21.1,-15.0,5025162
45.9061,-112.4678,22.7,82.0,47.0,,9.2,-0.12,,4085.0,2.774,,,27.0,-20.0,15.8,20.4,-15.0,5025163
45.9069,-112.475,25.8,73.0,37.0,,6.8,-0.13,,4580.0,2.492,,,27.0,-20.0,8.1,15.6,-15.0,5025164
45.925,-112.4883,351.1,133.0,103.0,,37.1,1.31,,6004.0,35.78,,,336.0,37.0,134.9,8.9,85.0,5025165
45.9306,-112.4958,43.0,106.0,62.0,,12.1,-0.11,,4212.0,3.898,,,38.0,-20.0,26.7,17.7,-15.0,5025166
45.9222,-112.4833,32.2,88.0,51.0,,8.4,-0.11,,3382.0,3.195,,,54.0,-20.0,13.5,14.2,-15.0,5025167
45.9083,-112.4958,22.7,68.0,40.0,,8.3,-0.13,,4326.0,2.684,,,41.0,-20.0,8.3,14.3,-15.0,5025168
45.9047,-112.4894,22.5,66.0,32.0,,5.2,-0.11,,2898.0,2.687,,,37.0,-20.0,8.8,12.9,-15.0,5025169
45.8956,-112.4811,27.8,109.0,83.0,,33.9,-0.17,,5132.0,3.688,,,33.0,-20.0,15.6,21.1,-15.0,5025170
45.8997,-112.4258,34.2,70.0,47.0,,11.6,-0.15,,-1757.0,2.882,,,49.0,-20.0,13.3,15.6,-15.0,5025171
45.8831,-112.4706,41.6,118.0,65.0,,15.7,0.4,,4420.0,6.94,,,69.0,-20.0,20.7,16.5,-15.0,5025172
45.8944,-112.425,52.3,137.0,78.0,,19.8,-0.15,,3131.0,3.818,,,44.0,-20.0,31.9,19.4,-15.0,5025173
45.8978,-112.4206,69.5,114.0,97.0,,59.7,-0.12,,4128.0,4.384,,,43.0,-20.0,24.1,18.8,-15.0,5025174
45.8989,-112.4203,146.6,137.0,93.0,,40.3,-0.11,,4807.0,5.841,,,46.0,-20.0,45.6,22.9,-15.0,5025175
45.9044,-112.4467,73.4,139.0,70.0,,31.3,-0.14,,4292.0,3.94,,,37.0,-20.0,39.0,22.9,-15.0,5025176
45.9078,-112.4453,33.5,73.0,78.0,,42.9,-0.2,,3537.0,2.839,,,-23.0,-20.0,19.0,17.5,-15.0,5025177
45.9167,-112.4419,23.5,89.0,52.0,,12.2,-0.11,,3775.0,2.335,,,25.0,-20.0,10.2,19.1,-15.0,5025178
45.9083,-112.4256,32.3,99.0,51.0,,8.8,-0.11,,4144.0,2.691,,,46.0,-20.0,13.0,13.1,-15.0,5025179
45.9122,-112.4328,25.3,103.0,79.0,,50.7,-0.15,,3436.0,3.507,,,-16.0,-20.0,6.9,21.1,-15.0,5025180
45.9889,-112.4556,43.6,88.0,70.0,,24.6,-0.16,,3655.0,3.199,,,33.0,-20.0,19.6,19.6,-15.0,5025181
45.9894,-112.4556,23.8,76.0,72.0,,49.8,-0.13,,3518.0,2.63,,,29.0,-20.0,7.5,12.5,-15.0,5025182
45.99,-112.4561,81.6,128.0,78.0,,26.1,-0.11,,3490.0,3.774,,,43.0,32.0,47.4,24.9,-15.0,5025183
45.9806,-112.4694,115.4,136.0,75.0,,19.1,-0.1,,3209.0,5.149,,,53.0,29.0,54.4,12.5,-15.0,5025184
45.9789,-112.4608,56.0,103.0,57.0,,13.2,-0.1,,3560.0,3.329,,,31.0,-20.0,34.0,21.8,-15.0,5025185
45.9917,-112.4706,88.3,152.0,58.0,,15.5,-0.13,,5251.0,5.814,,,50.0,,50.5,25.2,,5025186
45.9956,-112.4658,50.7,113.0,55.0,,13.9,-0.15,,4115.0,4.143,,,33.0,-20.0,33.2,26.7,-15.0,5025187
45.8661,-112.4569,28.9,92.0,74.0,,35.2,-0.11,,4058.0,3.057,,,38.0,-20.0,11.8,20.0,-15.0,5025188
45.8639,-112.4592,19.6,93.0,48.0,,18.2,-0.11,,-2376.0,4.041,,,35.0,-20.0,4.1,11.2,-15.0,5025189
45.8611,-112.4583,33.2,155.0,104.0,,63.6,-0.09,,2434.0,0.9975,,,19.0,32.0,11.4,6.1,-15.0,5025190
45.8539,-112.4806,22.3,87.0,43.0,,9.5,-0.15,,3085.0,5.516,,,75.0,-20.0,3.9,12.2,-15.0,5025191
45.8536,-112.4803,13.8,78.0,40.0,,7.2,-0.1,,4198.0,2.959,,,83.0,-20.0,14.1,17.7,-15.0,5025192
45.8575,-112.4817,21.4,61.0,41.0,,7.5,-0.12,,2946.0,3.401,,,26.0,-20.0,7.2,9.4,-15.0,5025193
45.8358,-112.4564,58.5,88.0,57.0,,18.8,-0.1,,3334.0,2.946,,,19.0,-20.0,32.2,15.8,-15.0,5025194
45.9686,-112.4553,104.3,125.0,136.0,,108.6,-0.16,,2960.0,6.982,,,64.0,-20.0,65.6,17.2,16.0,5025195
45.9428,-112.4514,100.4,113.0,73.0,,24.8,-0.13,,3882.0,6.129,,,66.0,-20.0,40.3,23.5,-15.0,5025196
45.9386,-112.4497,45.5,89.0,55.0,,21.7,-0.12,,4065.0,4.627,,,45.0,-20.0,30.8,24.8,-15.0,5025197
45.9333,-112.4458,55.0,100.0,54.0,,10.7,-0.13,,4419.0,3.901,,,30.0,-20.0,22.4,19.6,-15.0,5025198
45.9186,-112.4278,67.5,144.0,75.0,,15.2,-0.14,,2566.0,5.834,,,64.0,-20.0,27.8,19.0,-15.0,5025199
45.8708,-112.4458,21.5,60.0,48.0,,26.5,-0.12,,3297.0,4.238,,,25.0,-20.0,6.4,11.6,-15.0,5025200
45.8653,-112.4425,30.4,136.0,81.0,,39.0,-0.11,,4324.0,3.508,,,35.0,-20.0,13.3,21.4,-15.0,5025201
45.8431,-112.4261,47.2,162.0,111.0,,39.8,0.22,,2781.0,1.376,,,-12.0,-20.0,13.4,6.3,-15.0,5025202
45.8361,-112.4044,15.0,87.0,43.0,,5.5,-0.16,,3389.0,3.816,,,58.0,-20.0,6.5,13.1,-15.0,5025203
45.8308,-112.4075,32.2,104.0,64.0,,18.1,-0.09,,3120.0,3.248,,,24.0,-20.0,13.0,10.6,-15.0,5025204
45.8306,-112.4075,7.5,68.0,104.0,,120.4,-0.14,,-2898.0,7.715,,,-17.0,-20.0,2.8,5.6,-15.0,5025205
45.8319,-112.3911,17.5,95.0,47.0,,7.8,-0.12,,4426.0,3.607,,,58.0,-20.0,8.6,13.4,-15.0,5025206
45.8317,-112.3836,13.5,96.0,45.0,,4.1,-0.13,,3582.0,3.351,,,44.0,-20.0,9.3,14.4,-15.0,5025207
45.8283,-112.3786,7.7,63.0,33.0,,4.1,-0.07,,2913.0,1.754,,,26.0,-20.0,6.2,7.9,-15.0,5025208
45.8325,-112.3675,20.0,85.0,53.0,,4.3,-0.08,,3518.0,4.016,,,74.0,-20.0,12.5,13.8,-15.0,5025209
45.8306,-112.3658,18.6,104.0,56.0,,4.1,-0.09,,3562.0,2.499,,,60.0,-20.0,12.7,9.9,-15.0,5025210
45.8314,-112.3639,18.3,98.0,61.0,,6.4,-0.12,,2811.0,3.36,,,45.0,-20.0,11.4,14.2,16.0,5025211
45.8511,-112.3611,16.0,90.0,49.0,,4.3,1.29,,5088.0,9.142,,,582.0,36.0,45.6,18.3,-15.0,5025212
45.8544,-112.3708,14.2,88.0,43.0,,4.5,0.26,,3415.0,2.564,,,37.0,-20.0,7.8,10.5,-15.0,5025213
45.8611,-112.3597,22.8,95.0,38.0,,5.7,-0.1,,4218.0,5.044,,,100.0,-20.0,34.3,15.7,-15.0,5025214
45.8681,-112.3408,33.2,102.0,55.0,,20.3,-0.18,,5114.0,4.19,,,53.0,-20.0,22.8,23.5,-15.0,5025215
45.8678,-112.3406,16.2,65.0,39.0,,3.6,-0.12,,5818.0,3.085,,,35.0,-20.0,7.1,14.9,-15.0,5025216
45.8692,-112.3367,12.5,90.0,41.0,,3.4,-0.11,,6259.0,5.159,,,279.0,-20.0,18.8,20.0,-15.0,5025217
45.8353,-112.3158,19.5,110.0,56.0,,4.5,-0.12,,4976.0,9.201,,,189.0,22.0,21.9,15.5,-15.0,5025218
45.8381,-112.3122,15.0,136.0,58.0,,3.7,-0.15,,5491.0,8.522,,,74.0,-20.0,25.7,19.6,25.0,5025219
45.8403,-112.2953,11.2,84.0,50.0,,2.8,-0.09,,4203.0,2.846,,,41.0,-20.0,8.5,12.8,-15.0,5025220
45.8367,-112.3328,7.2,68.0,43.0,,2.0,-0.09,,4540.0,3.069,,,47.0,-20.0,4.6,23.4,-15.0,5025221
45.8344,-112.3556,12.3,100.0,56.0,,19.3,-0.12,,5235.0,3.984,,,88.0,-20.0,14.1,16.7,-15.0,5025222
45.8444,-112.4056,13.3,106.0,53.0,,3.3,-0.12,,4127.0,3.714,,,55.0,-20.0,15.8,14.6,-15.0,5025223
45.8517,-112.2867,9.8,61.0,35.0,,2.0,-0.08,,4233.0,2.397,,,57.0,-20.0,7.9,12.2,-15.0,5025224
45.8453,-112.2961,23.6,73.0,48.0,,5.9,-0.1,,7045.0,17.85,,,367.0,21.0,55.6,16.7,-15.0,5025225
45.8531,-112.2656,18.9,137.0,73.0,,3.9,-0.1,,5642.0,3.383,,,48.0,-20.0,16.3,11.9,-15.0,5025226
45.8558,-112.2811,15.2,111.0,48.0,,5.8,-0.14,,5001.0,4.592,,,58.0,-20.0,11.9,17.3,85.0,5025227
45.8556,-112.2694,13.3,80.0,48.0,,3.9,-0.1,,5748.0,4.861,,,117.0,-20.0,19.8,12.6,-15.0,5025228
45.8458,-112.2939,23.4,92.0,45.0,,5.5,-0.1,,4797.0,3.968,,,88.0,-20.0,17.4,19.2,-15.0,5025229
45.8611,-112.2922,11.4,105.0,40.0,,3.5,-0.12,,4795.0,4.54,,,94.0,-20.0,13.1,17.2,-15.0,5025230
45.8625,-112.2836,10.9,81.0,35.0,,2.7,-0.13,,4318.0,3.676,,,72.0,-20.0,12.0,14.5,-15.0,5025231
46.3822,-112.0869,,,,,5.1,,,,,,,,,,,,5039027
45.8708,-112.2958,13.9,71.0,46.0,,2.5,-0.1,,4132.0,3.042,,,71.0,-20.0,9.6,15.0,-15.0,5025232
45.8728,-112.3044,9.8,91.0,59.0,,30.1,-0.11,,5936.0,2.927,,,79.0,-20.0,21.4,16.5,-15.0,5025233
45.8708,-112.2861,17.6,101.0,47.0,,3.4,-0.11,,5155.0,4.557,,,141.0,-20.0,15.6,15.9,-15.0,5025234
45.8664,-112.2611,14.6,98.0,43.0,,6.2,-0.15,,4375.0,3.556,,,75.0,-20.0,7.8,16.5,-15.0,5025235
45.8375,-112.2886,15.4,82.0,53.0,,3.1,-0.1,,5506.0,5.737,,,105.0,-20.0,20.5,18.7,-15.0,5025236
45.8322,-112.2922,10.1,62.0,48.0,,2.6,-0.1,,4792.0,3.591,,,60.0,-20.0,10.9,15.9,15.0,5025237
45.8197,-112.3469,13.2,104.0,56.0,,5.5,-0.12,,4093.0,2.982,,,37.0,-20.0,10.9,14.9,-15.0,5025238
45.8161,-112.3392,15.5,106.0,54.0,,3.3,-0.15,,4559.0,5.932,,,200.0,-20.0,16.1,15.4,-15.0,5025239
45.8042,-112.3339,29.0,101.0,61.0,,16.7,-0.12,,4848.0,2.98,,,41.0,-20.0,13.9,19.0,-15.0,5025240
45.8069,-112.2833,11.9,80.0,43.0,,4.7,-0.1,,4533.0,3.046,,,65.0,-20.0,14.0,14.9,-15.0,5025241
45.8069,-112.2833,17.1,126.0,62.0,,2.9,-0.11,,5958.0,5.31,,,93.0,-20.0,12.9,14.3,-15.0,5025242
45.8028,-112.2769,18.8,91.0,61.0,,2.5,-0.14,,5058.0,7.985,,,115.0,-20.0,19.1,19.0,-15.0,5025243
45.8083,-112.2706,10.6,64.0,39.0,,11.0,-0.12,,3840.0,2.322,,,36.0,-20.0,6.0,11.0,-15.0,5025244
45.8111,-112.2533,10.7,79.0,51.0,,2.4,-0.09,,4953.0,5.151,,,86.0,-20.0,15.8,15.4,-15.0,5025245
45.7808,-112.2778,36.5,131.0,61.0,,12.3,-0.15,,5764.0,4.896,,,59.0,-20.0,41.2,26.0,-15.0,5025246
45.7667,-112.2711,27.4,120.0,75.0,,4.6,-0.13,,4666.0,17.77,,,237.0,-20.0,32.5,6.9,24.0,5025247
45.7592,-112.2639,40.5,101.0,68.0,,5.5,-0.09,,5136.0,18.52,,,220.0,-20.0,19.6,5.8,-15.0,5025248
45.7569,-112.2625,14.1,91.0,48.0,,2.7,-0.09,,3584.0,2.504,,,41.0,-20.0,7.1,10.9,-15.0,5025249
45.7544,-112.2589,31.8,104.0,77.0,,5.0,-0.11,,6249.0,17.46,,,227.0,41.0,26.1,7.9,-15.0,5025250
45.7611,-112.2922,16.1,80.0,43.0,,2.7,-0.16,,4872.0,3.189,,,60.0,-20.0,7.6,16.2,-15.0,5025251
46.1167,-112.1244,,,,,18.7,,,,,,,,,,,,5039820
45.7647,-112.2875,14.8,91.0,51.0,,2.8,-0.11,,4085.0,4.219,,,171.0,-20.0,9.2,16.5,-15.0,5025252
45.7711,-112.3303,13.6,84.0,47.0,,4.4,-0.09,,4064.0,2.33,,,48.0,-20.0,9.5,10.5,-15.0,5025253
45.7667,-112.3306,74.0,177.0,90.0,,16.1,-0.13,,4692.0,4.278,,,38.0,-20.0,22.5,20.3,-15.0,5025254
45.7528,-112.3253,16.1,81.0,43.0,,3.8,-0.13,,3110.0,1.902,,,-14.0,-20.0,6.6,10.7,-15.0,5025255
45.7594,-112.3278,12.8,78.0,46.0,,3.3,-0.1,,5653.0,2.759,,,34.0,-20.0,8.3,12.7,-15.0,5025256
45.7744,-112.3625,19.5,150.0,117.0,,26.4,-0.1,,3103.0,2.314,,,28.0,-20.0,9.2,10.9,-15.0,5025257
45.7722,-112.3633,14.5,124.0,70.0,,5.5,-0.1,,3401.0,1.89,,,36.0,-20.0,10.2,11.4,-15.0,5025258
45.7633,-112.3639,9.8,99.0,40.0,,4.0,-0.14,,3794.0,2.721,,,52.0,-20.0,11.3,13.2,-15.0,5025259
45.7847,-112.3556,15.8,88.0,70.0,,24.1,-0.1,,3391.0,2.188,,,23.0,-20.0,8.6,10.3,-15.0,5025260
45.7903,-112.3472,19.3,110.0,63.0,,9.9,-0.1,,4312.0,2.665,,,31.0,-20.0,13.7,13.8,-15.0,5025261
45.7894,-112.3472,18.8,108.0,67.0,,15.7,-0.11,,3765.0,2.212,,,30.0,-20.0,10.6,12.1,-15.0,5025262
45.7942,-112.3628,36.4,176.0,135.0,,27.2,-0.12,,3637.0,1.945,,,26.0,-20.0,8.7,9.0,-15.0,5025263
45.8,-112.3353,25.4,117.0,73.0,,7.5,-0.11,,4923.0,4.729,,,69.0,32.0,20.9,15.4,23.0,5025264
45.7797,-112.3208,59.5,107.0,59.0,,11.0,-0.13,,4768.0,10.71,,,258.0,-20.0,28.7,20.9,-15.0,5025265
45.7756,-112.3306,17.4,82.0,42.0,,3.6,-0.11,,3884.0,2.89,,,53.0,-20.0,8.5,11.7,-15.0,5025266
45.8983,-112.1989,20.3,93.0,50.0,,4.4,-0.12,,5099.0,5.573,,,96.0,-20.0,26.6,14.2,-15.0,5025267
45.8983,-112.1986,19.6,117.0,64.0,,3.9,-0.15,,4675.0,3.461,,,55.0,-20.0,15.4,17.3,-15.0,5025268
45.9069,-112.2458,14.8,77.0,36.0,,4.3,-0.1,,3680.0,2.687,,,64.0,-20.0,9.4,12.5,-15.0,5025269
45.8989,-112.2319,11.4,80.0,43.0,,3.3,-0.09,,4128.0,2.507,,,50.0,-20.0,8.3,12.3,-15.0,5025270
45.8986,-112.2314,14.0,117.0,46.0,,4.2,-0.12,,4493.0,4.528,,,92.0,-20.0,18.8,12.5,-15.0,5025271
46.3814,-112.08,,,,,8.1,,,,,,,,,,,,5039028
45.8892,-112.2436,13.7,95.0,45.0,,3.0,-0.14,,3642.0,3.066,,,89.0,-20.0,12.4,14.3,-15.0,5025272
45.8906,-112.2089,13.2,72.0,41.0,,3.3,-0.11,,3730.0,2.486,,,29.0,-20.0,8.2,14.1,-15.0,5025273
45.9036,-112.1797,21.2,122.0,76.0,,6.3,-0.11,,6190.0,4.231,,,50.0,-20.0,28.5,15.3,-15.0,5025274
45.9125,-112.1817,19.3,99.0,59.0,,4.6,-0.12,,6976.0,4.835,,,79.0,-20.0,29.4,14.7,-15.0,5025275
45.8911,-112.1639,26.1,150.0,86.0,,7.0,-0.16,,5042.0,5.894,,,72.0,-20.0,40.6,18.7,16.0,5025276
45.8897,-112.1583,16.8,76.0,47.0,,4.5,-0.12,,3720.0,2.311,,,43.0,-20.0,8.5,11.5,-15.0,5025277
45.8889,-112.1547,18.8,91.0,57.0,,4.3,-0.1,,3971.0,2.424,,,43.0,-20.0,11.6,14.1,-15.0,5025278
45.8806,-112.1472,21.5,116.0,62.0,,4.2,-0.12,,3666.0,2.666,,,37.0,-20.0,16.7,15.7,-15.0,5025279
45.8931,-112.175,16.1,88.0,35.0,,4.1,-0.16,,5087.0,3.18,,,45.0,-20.0,7.1,16.7,-15.0,5025280
45.8794,-112.1417,16.6,81.0,52.0,,4.0,-0.1,,4079.0,2.454,,,45.0,-20.0,12.8,12.6,-15.0,5025281
45.9217,-112.1844,19.9,101.0,60.0,,3.3,-0.11,,5726.0,3.248,,,60.0,-20.0,14.5,15.6,-15.0,5025282
45.9264,-112.1833,17.1,116.0,61.0,,4.0,-0.15,,4789.0,3.919,,,71.0,-20.0,16.5,15.7,-15.0,5025283
45.9319,-112.1764,12.2,72.0,41.0,,3.2,-0.1,,4038.0,2.535,,,57.0,-20.0,8.5,11.7,-15.0,5025284
45.9344,-112.1764,11.2,67.0,48.0,,2.5,-0.1,,3902.0,2.577,,,51.0,-20.0,6.7,12.2,-15.0,5025285
45.9428,-112.1764,13.3,100.0,46.0,,3.1,-0.11,,5011.0,3.506,,,76.0,-20.0,11.6,12.4,-15.0,5025286
45.9472,-112.1764,13.5,92.0,50.0,,2.9,-0.14,,4375.0,3.238,,,68.0,-20.0,9.5,14.8,-15.0,5025287
45.9478,-112.1764,11.9,66.0,49.0,,2.8,-0.09,,4791.0,2.994,,,67.0,-20.0,10.1,13.2,-15.0,5025288
45.9572,-112.1686,10.5,72.0,32.0,,2.7,-0.11,,3916.0,2.439,,,52.0,-20.0,6.3,12.7,-15.0,5025289
45.9592,-112.1675,11.8,82.0,42.0,,2.4,-0.16,,3934.0,3.094,,,76.0,-20.0,7.1,15.7,-15.0,5025290
45.9606,-112.1667,8.5,57.0,31.0,,2.6,-0.1,,4813.0,3.022,,,87.0,-20.0,6.3,14.2,-15.0,5025291
45.9656,-112.1706,9.8,68.0,43.0,,2.9,-0.09,,4016.0,2.333,,,56.0,-20.0,6.9,12.5,-15.0,5025292
45.9703,-112.1944,10.7,75.0,43.0,,3.0,-0.1,,3413.0,1.898,,,54.0,-20.0,8.3,9.7,-15.0,5025293
45.9722,-112.1786,12.5,93.0,37.0,,3.1,-0.13,,3473.0,2.965,,,79.0,-20.0,9.2,13.5,-15.0,5025294
45.9797,-112.1772,10.3,61.0,35.0,,2.7,-0.1,,4070.0,2.328,,,70.0,-20.0,7.4,10.8,-15.0,5025295
45.9861,-112.1764,9.6,52.0,43.0,,2.5,-0.1,,4751.0,2.677,,,54.0,-20.0,6.7,13.4,-15.0,5025296
45.9856,-112.1794,48.7,128.0,68.0,,14.6,-0.14,,5378.0,5.368,,,99.0,-20.0,36.8,23.1,34.0,5025297
45.8786,-112.2456,12.4,87.0,46.0,,2.8,-0.13,,3528.0,2.809,,,107.0,-20.0,8.6,13.1,-15.0,5025298
45.9194,-112.2156,19.9,108.0,63.0,,6.3,-0.11,,8232.0,7.898,,,141.0,-20.0,42.4,12.3,-15.0,5025299
45.9153,-112.2306,10.8,60.0,47.0,,6.3,-0.1,,5098.0,2.864,,,42.0,-20.0,9.4,12.3,-15.0,5025300
45.9167,-112.2292,12.0,105.0,49.0,,4.0,-0.11,,5584.0,3.802,,,91.0,-20.0,13.2,13.0,-15.0,5025301
46.4208,-112.0294,,,,,11.8,,,,,,,,,,,,5039029
45.9208,-112.2303,9.3,77.0,31.0,,3.9,-0.15,,4581.0,3.017,,,43.0,-20.0,7.3,14.4,-15.0,5025302
45.9186,-112.2319,20.5,140.0,90.0,,4.8,-0.12,,13030.0,11.49,,,264.0,-20.0,28.3,13.7,-15.0,5025303
45.9497,-112.2397,10.5,63.0,40.0,,2.3,-0.11,,3873.0,5.943,,,1137.0,-20.0,7.9,18.1,-15.0,5025304
45.9519,-112.2417,43.8,136.0,62.0,,8.4,-0.14,,5157.0,6.642,,,121.0,-20.0,32.0,22.4,-15.0,5025305
45.9622,-112.2611,35.5,114.0,52.0,,6.3,-0.18,,4925.0,3.246,,,31.0,-20.0,18.8,22.3,-15.0,5025306
45.9278,-112.2694,55.4,103.0,60.0,,10.5,-0.13,,6591.0,4.572,,,61.0,-20.0,24.0,22.6,-15.0,5025307
45.92,-112.2644,45.4,95.0,66.0,,10.4,-0.12,,5122.0,7.475,,,173.0,-20.0,38.0,23.4,32.0,5025308
45.9533,-112.2806,24.9,79.0,55.0,,23.1,-0.14,,4352.0,2.416,,,31.0,-20.0,9.1,15.2,-15.0,5025309
45.9772,-112.2722,28.9,102.0,107.0,,71.4,-0.17,,3524.0,2.675,,,23.0,-20.0,7.8,14.8,-15.0,5025310
45.9822,-112.255,48.4,80.0,39.0,,8.5,-0.12,,3870.0,2.432,,,29.0,-20.0,11.2,14.6,-15.0,5025311
45.9781,-112.2608,47.8,99.0,70.0,,33.0,-0.13,,5012.0,2.305,,,19.0,-20.0,13.6,15.9,-15.0,5025312
45.9911,-112.2369,40.2,107.0,56.0,,11.8,-0.14,,4342.0,2.868,,,42.0,-20.0,16.0,14.6,-15.0,5025313
45.9725,-112.2319,70.8,125.0,97.0,,40.9,-0.11,,3249.0,1.774,,,26.0,-20.0,21.2,12.9,-15.0,5025314
45.975,-112.2486,33.7,98.0,57.0,,5.5,-0.15,,5816.0,4.232,,,69.0,-20.0,16.8,21.9,-15.0,5025315
45.9639,-112.2892,38.4,107.0,58.0,,8.2,-0.19,,5003.0,3.329,,,45.0,-20.0,15.6,20.8,-15.0,5025316
45.9689,-112.2931,32.5,81.0,46.0,,6.4,-0.13,,5101.0,3.016,,,46.0,-20.0,11.5,16.7,-15.0,5025317
45.9803,-112.3031,14.2,69.0,67.0,,44.0,-0.16,,4309.0,1.943,,,25.0,-20.0,7.8,11.2,-15.0,5025318
45.9856,-112.305,87.3,138.0,77.0,,28.0,-0.16,,7172.0,8.12,,,111.0,-20.0,57.4,22.4,-15.0,5025319
45.9803,-112.3136,13.4,61.0,43.0,,14.6,-0.18,,3410.0,2.484,,,25.0,-20.0,6.2,11.5,-15.0,5025320
45.9581,-112.2964,44.4,97.0,52.0,,9.0,-0.12,,5626.0,2.889,,,26.0,-20.0,12.0,19.4,-15.0,5025321
45.965,-112.3014,82.6,162.0,91.0,,20.8,-0.13,,5941.0,6.022,,,56.0,-20.0,47.4,26.8,22.0,5025322
45.9678,-112.3192,67.4,146.0,68.0,,14.5,-0.15,,3815.0,4.788,,,41.0,-20.0,47.1,26.5,-15.0,5025323
45.9811,-112.3231,13.3,68.0,-12.0,,3.9,-0.18,,4607.0,2.629,,,28.0,-20.0,6.5,13.3,-15.0,5025324
45.9867,-112.3328,28.6,75.0,55.0,,33.8,-0.14,,4715.0,2.729,,,30.0,-20.0,10.0,18.9,-15.0,5025325
45.9958,-112.3361,99.8,131.0,95.0,,21.3,-0.12,,7691.0,8.436,,,94.0,-20.0,46.6,27.7,32.0,5025326
45.9961,-112.3639,67.7,143.0,77.0,,20.4,-0.14,,4446.0,3.499,,,39.0,-20.0,34.9,24.9,-15.0,5025327
45.995,-112.3544,27.7,90.0,52.0,,6.4,-0.18,,4401.0,3.232,,,30.0,-20.0,8.7,18.4,-15.0,5025328
45.9828,-112.3389,33.5,106.0,67.0,,23.5,-0.13,,5222.0,3.49,,,45.0,-20.0,14.3,19.3,-15.0,5025329
45.9819,-112.3389,44.1,92.0,54.0,,15.6,-0.12,,4721.0,3.896,,,39.0,-20.0,30.2,18.8,-15.0,5025330
45.9844,-112.3528,28.3,78.0,50.0,,6.0,-0.13,,4302.0,2.361,,,41.0,-20.0,6.4,11.9,-15.0,5025331
45.9244,-112.4097,62.2,127.0,65.0,,8.4,-0.19,,4227.0,4.464,,,45.0,-20.0,21.2,28.8,-15.0,5025332
45.9283,-112.3944,22.4,94.0,70.0,,40.4,-0.15,,4674.0,2.908,,,36.0,-20.0,12.8,16.4,-15.0,5025333
45.9283,-112.3922,24.9,68.0,60.0,,37.7,-0.17,,-3347.0,9.032,,,27.0,-20.0,6.8,11.3,26.0,5025334
45.9217,-112.3767,15.6,87.0,45.0,,17.1,-0.14,,4165.0,2.983,,,35.0,-20.0,6.8,11.3,-15.0,5025335
45.9253,-112.3711,52.1,107.0,64.0,,9.5,-0.19,,4634.0,4.381,,,-19.0,-20.0,14.7,28.1,-15.0,5025336
45.925,-112.3586,14.3,57.0,28.0,,3.2,-0.14,,4957.0,2.579,,,44.0,-20.0,6.1,12.8,-15.0,5025337
45.925,-112.3394,16.6,82.0,62.0,,41.7,-0.09,,4182.0,2.018,,,44.0,-20.0,11.1,15.1,-15.0,5025338
45.9367,-112.3625,32.1,84.0,44.0,,8.3,-0.09,,4511.0,2.26,,,25.0,-20.0,13.0,14.7,-15.0,5025339
45.9392,-112.3425,215.8,136.0,70.0,,33.1,-0.21,,5303.0,7.968,,,67.0,-20.0,87.1,30.6,15.0,5025340
45.9444,-112.3278,17.0,58.0,34.0,,6.0,-0.12,,4011.0,2.253,,,30.0,-20.0,5.8,11.1,-15.0,5025341
45.9533,-112.3294,19.9,66.0,35.0,,3.8,-0.15,,6514.0,3.147,,,32.0,-20.0,8.9,17.4,-15.0,5025342
45.9,-112.3833,31.2,96.0,55.0,,24.1,-0.15,,3196.0,3.785,,,33.0,-20.0,13.2,13.6,-15.0,5025343
45.8744,-112.35,10.0,91.0,123.0,,110.7,-0.22,,4460.0,3.021,,,-23.0,-20.0,4.9,10.6,-15.0,5025344
45.8864,-112.3217,19.1,79.0,51.0,,8.8,-0.13,,5305.0,3.546,,,67.0,-20.0,16.1,20.2,-15.0,5025345
45.8944,-112.3331,8.5,54.0,21.0,,2.8,-0.13,,3845.0,2.211,,,-13.0,-20.0,5.1,11.0,-15.0,5025346
45.8972,-112.3397,10.9,59.0,-12.0,,3.0,-0.15,,4509.0,2.377,,,26.0,-20.0,6.1,11.2,-15.0,5025347
45.8917,-112.3244,18.5,82.0,46.0,,3.8,-0.2,,4877.0,3.208,,,39.0,-20.0,8.2,17.5,-15.0,5025348
45.9083,-112.2814,19.6,94.0,55.0,,3.9,-0.12,,5359.0,3.572,,,134.0,-20.0,12.5,15.0,-15.0,5025349
45.9111,-112.2761,25.3,121.0,70.0,,5.4,-0.12,,5522.0,4.104,,,88.0,-20.0,18.5,21.1,-15.0,5025350
45.9122,-112.2764,17.8,83.0,49.0,,5.1,-0.13,,4928.0,3.168,,,68.0,-20.0,9.5,15.9,-15.0,5025351
46.4186,-112.03,,,,,15.2,,,,,,,,,,,,5039030
46.4186,-112.03,,,,,11.4,,,,,,,,,,,,5039031
46.4186,-112.03,,,,,12.4,,,,,,,,,,,,5039032
46.4186,-112.03,,,,,13.1,,,,,,,,,,,,5039033
46.1167,-112.1244,,,,,20.1,,,,,,,,,,,,5039821
45.9069,-112.2458,,,,,4.4,,,,,,,,,,,,5039839
45.2119,-112.8036,8.1,67.0,27.0,,1.8,-0.05,,4734.0,2.386,,,98.0,-20.0,4.9,10.1,-15.0,5025493
45.21,-112.7942,9.5,74.0,30.0,,2.6,-0.05,,8954.0,5.952,,,45.0,21.0,10.7,10.8,-15.0,5025494
45.2356,-112.7822,11.9,91.0,29.0,,3.6,-0.06,,3728.0,1.93,,,69.0,-20.0,10.9,8.3,-15.0,5025495
46.4214,-112.0025,,,,,11.5,,,,,,,,,,,,5039034
45.6364,-112.7531,11.1,77.0,54.0,,3.6,-0.11,,3479.0,2.217,,,42.0,43.0,14.6,10.1,-15.0,5025518
45.6714,-112.8203,6.5,40.0,25.0,,1.0,-0.06,,1598.0,1.115,,,27.0,-20.0,6.6,3.7,-15.0,5025519
45.9069,-112.2458,,,,,4.4,,,,,,,,,,,,5039840
45.6439,-112.8078,11.2,76.0,42.0,,3.8,-0.13,,3461.0,1.953,,,34.0,-20.0,13.0,9.7,-15.0,5025524
45.6431,-112.8078,8.1,58.0,34.0,,3.3,-0.11,,3682.0,1.841,,,68.0,22.0,7.1,9.4,-15.0,5025525
46.3997,-112.0256,,,,,10.7,,,,,,,,,,,,5039035
46.3853,-112.1347,,,,,12.3,,,,,,,,,,,,5039036
45.8475,-112.8486,7.4,48.0,32.0,,6.3,-0.12,,4227.0,2.003,,,54.0,-20.0,5.0,8.9,-15.0,5025558
45.9653,-112.7903,11.9,61.0,35.0,,11.4,-0.08,,2998.0,1.677,,,53.0,36.0,6.4,9.9,-15.0,5025560
45.9097,-112.7792,20.1,77.0,48.0,,8.5,-0.06,,2203.0,1.146,,,31.0,-20.0,8.0,4.2,-15.0,5025561
45.9078,-112.7819,24.1,95.0,46.0,,10.3,-0.14,,3933.0,3.181,,,-21.0,-20.0,16.7,23.1,-15.0,5025562
45.9056,-112.7903,21.7,92.0,49.0,,13.0,-0.1,,4772.0,2.84,,,40.0,31.0,13.5,19.2,-15.0,5025563
46.3853,-112.1347,,,,,16.7,,,,,,,,,,,,5039037
45.7819,-112.7867,11.0,75.0,37.0,,3.7,-0.08,,4342.0,2.844,,,40.0,-20.0,9.1,9.2,-15.0,5025575
45.7819,-112.7861,10.3,85.0,44.0,,2.5,-0.07,,3250.0,2.954,,,25.0,-20.0,9.0,8.5,-15.0,5025576
46.3853,-112.1347,,,,,14.1,,,,,,,,,,,,5039038
46.3853,-112.1347,,,,,8.6,,,,,,,,,,,,5039039
46.3472,-112.1289,,,,,3.6,,,,,,,,,,,,5039040
46.3472,-112.1289,,,,,3.5,,,,,,,,,,,,5039041
45.9833,-112.8139,17.6,73.0,51.0,,5.0,-0.1,,4341.0,2.278,,,79.0,-20.0,24.3,11.2,-15.0,5025619
45.9811,-112.8089,23.1,110.0,63.0,,6.3,0.98,,5432.0,3.15,,,59.0,-20.0,17.5,16.0,-15.0,5025620
45.9814,-112.8036,16.0,129.0,89.0,,5.1,-0.07,,2574.0,1.557,,,81.0,-20.0,10.1,8.2,-15.0,5025621
46.3472,-112.1289,,,,,3.6,,,,,,,,,,,,5039042
45.9656,-112.8394,19.7,111.0,45.0,,4.7,2.81,,4438.0,3.183,,,81.0,-20.0,17.7,15.3,-15.0,5025622
45.9653,-112.8392,9.0,74.0,43.0,,4.4,0.39,,4010.0,2.306,,,36.0,-20.0,7.3,10.0,-15.0,5025623
45.85,-112.6917,25.6,153.0,74.0,,6.1,-0.06,,3718.0,3.006,,,26.0,-20.0,11.9,7.6,-15.0,5025628
45.8289,-112.7053,13.8,84.0,46.0,,3.4,-0.08,,3712.0,1.54,,,30.0,-20.0,14.2,7.7,-15.0,5025629
45.8028,-112.7458,10.4,70.0,39.0,,6.3,-0.07,,3533.0,2.181,,,53.0,-20.0,7.5,9.8,-15.0,5025630
45.8875,-112.7733,83.7,137.0,71.0,,13.2,-0.12,,5566.0,8.609,,,68.0,-20.0,52.4,24.7,-15.0,5025631
45.8844,-112.7917,39.2,120.0,41.0,,11.1,-0.12,,5676.0,3.748,,,43.0,-20.0,47.2,21.9,-15.0,5025632
45.8847,-112.7917,6.2,45.0,34.0,,7.9,-0.08,,2407.0,1.466,,,31.0,,9.2,5.4,,5025633
45.8481,-112.85,11.4,104.0,67.0,,4.0,-0.09,,3871.0,1.812,,,60.0,-20.0,9.7,10.6,-15.0,5025637
46.3436,-112.0981,,,,,4.6,,,,,,,,,,,,5039043
46.3436,-112.0981,,,,,4.8,,,,,,,,,,,,5039044
46.3436,-112.0981,,,,,4.8,,,,,,,,,,,,5039045
46.3431,-112.0903,,,,,8.7,,,,,,,,,,,,5039046
45.9069,-112.2458,,,,,4.2,,,,,,,,,,,,5039841
46.3214,-112.1072,,,,,5.9,,,,,,,,,,,,5039047
45.2247,-112.8328,13.3,71.0,43.0,,3.8,-0.07,,16260.0,14.47,,,63.0,52.0,23.0,14.6,-15.0,5025734
45.2242,-112.8261,10.7,62.0,42.0,,3.1,-0.08,,12680.0,8.886,,,75.0,20.0,16.6,12.1,-15.0,5025735
46.3214,-112.1072,,,,,5.1,,,,,,,,,,,,5039048
46.3214,-112.1072,,,,,5.5,,,,,,,,,,,,5039049
45.8989,-112.2319,,,,,3.8,,,,,,,,,,,,5039842
45.2986,-112.82,9.3,58.0,48.0,,3.1,-0.07,,5973.0,6.827,,,86.0,-20.0,11.6,9.0,-15.0,5025815
45.2875,-112.8139,8.2,57.0,36.0,,2.3,-0.06,,6435.0,2.723,,,49.0,-20.0,8.5,11.5,-15.0,5025816
45.2661,-112.8078,12.0,85.0,51.0,,3.4,-0.06,,3872.0,1.806,,,42.0,-20.0,8.6,7.7,-15.0,5025817
46.3214,-112.1072,,,,,17.3,,,,,,,,,,,,5039050
45.8989,-112.2319,,,,,3.2,,,,,,,,,,,,5039843
45.2972,-112.6417,9.2,65.0,41.0,,4.2,-0.06,,2733.0,1.453,,,36.0,-20.0,9.0,6.0,-15.0,5025837
45.3192,-112.6417,11.0,61.0,35.0,,5.2,-0.06,,3862.0,1.656,,,42.0,-20.0,7.6,7.6,-15.0,5025838
45.3319,-112.6361,8.5,56.0,34.0,,2.8,-0.05,,2570.0,1.336,,,39.0,-20.0,6.3,6.7,-15.0,5025839
45.35,-112.6667,39.4,296.0,138.0,,14.5,-0.08,,8156.0,13.24,,,113.0,-20.0,105.8,7.5,27.0,5025840
45.3597,-112.6542,18.4,124.0,59.0,,6.3,-0.08,,2828.0,5.394,,,39.0,23.0,19.6,6.6,-15.0,5025841
45.4278,-112.6003,11.3,80.0,43.0,,4.1,-0.05,,2960.0,1.97,,,54.0,-20.0,8.6,7.2,-15.0,5025842
45.4269,-112.6036,9.1,77.0,46.0,,3.1,-0.05,,3280.0,1.638,,,24.0,-20.0,7.7,5.5,-15.0,5025843
45.4319,-112.615,6.6,60.0,29.0,,1.7,-0.05,,1832.0,0.9422,,,17.0,-20.0,4.4,3.7,-15.0,5025844
45.4325,-112.5408,9.9,68.0,43.0,,3.1,-0.06,,1950.0,1.416,,,33.0,-20.0,10.4,4.9,-15.0,5025845
45.4278,-112.6417,12.0,69.0,37.0,,3.3,-0.06,,3177.0,1.926,,,35.0,-20.0,5.9,8.5,-15.0,5025846
45.4489,-112.6514,13.6,104.0,73.0,,41.0,-0.07,,2643.0,1.933,,,18.0,29.0,13.0,6.8,19.0,5025847
45.2183,-112.5642,8.2,56.0,31.0,,3.1,-0.08,,2459.0,1.536,,,105.0,-20.0,5.8,6.8,-15.0,5025849
45.2369,-112.5417,8.5,56.0,36.0,,2.7,-0.06,,5659.0,3.06,,,48.0,-20.0,9.1,9.8,-15.0,5025850
45.3772,-112.5181,10.8,63.0,42.0,,2.7,-0.07,,3006.0,2.619,,,70.0,-20.0,5.8,11.3,-15.0,5025851
45.2183,-112.5111,14.1,86.0,43.0,,3.2,-0.06,,4264.0,2.393,,,70.0,-20.0,8.3,8.9,-15.0,5025852
45.2183,-112.5092,11.6,73.0,47.0,,3.1,-0.07,,4862.0,2.448,,,63.0,-20.0,7.3,8.9,-15.0,5025853
45.2183,-112.5081,15.6,79.0,49.0,,3.5,-0.06,,4903.0,2.93,,,81.0,-20.0,8.0,10.4,-15.0,5025854
45.2092,-112.5436,13.0,80.0,46.0,,3.4,-0.06,,3857.0,2.006,,,56.0,-20.0,9.5,8.6,-15.0,5025855
45.8989,-112.2319,,,,,3.4,,,,,,,,,,,,5039844
45.8892,-112.2436,,,,,3.2,,,,,,,,,,,,5039845
45.42,-112.6911,8.5,76.0,38.0,,5.1,-0.09,,2617.0,1.387,,,37.0,-20.0,7.4,8.8,-15.0,5025911
45.4214,-112.6967,18.1,128.0,74.0,,7.4,-0.06,,3661.0,1.65,,,25.0,-20.0,18.7,8.7,21.0,5025912
45.4111,-112.7131,13.2,96.0,63.0,,6.5,-0.06,,3264.0,1.684,,,20.0,-20.0,15.5,8.7,15.0,5025913
45.4386,-112.7406,34.2,218.0,113.0,,11.4,-0.07,,3707.0,7.463,,,36.0,28.0,30.6,7.8,-15.0,5025914
45.4547,-112.7003,33.7,208.0,108.0,,10.2,-0.08,,4113.0,6.761,,,32.0,-20.0,27.5,8.3,-15.0,5025915
45.4933,-112.7161,10.4,81.0,49.0,,3.5,-0.06,,3494.0,1.695,,,30.0,-20.0,8.6,7.0,-15.0,5025916
45.4883,-112.6844,16.2,102.0,64.0,,6.9,-0.06,,3035.0,2.851,,,22.0,-20.0,12.0,8.5,-15.0,5025917
45.4944,-112.6556,13.7,105.0,55.0,,3.7,-0.05,,3246.0,2.192,,,27.0,-20.0,12.6,5.9,19.0,5025918
46.3,-112.0978,,,,,5.8,,,,,,,,,,,,5039051
45.4892,-112.65,16.0,100.0,63.0,,4.4,-0.06,,4016.0,3.18,,,31.0,-20.0,13.2,8.1,-15.0,5025938
45.485,-112.6508,14.8,94.0,58.0,,4.0,-0.06,,3994.0,2.438,,,23.0,-20.0,12.6,8.6,-15.0,5025939
45.4819,-112.6486,18.7,127.0,68.0,,4.7,-0.06,,3790.0,2.495,,,27.0,27.0,15.3,7.2,-15.0,5025940
45.4792,-112.6472,19.7,116.0,69.0,,5.0,-0.07,,4001.0,2.722,,,34.0,-20.0,15.5,7.8,-15.0,5025941
45.4686,-112.6111,8.6,58.0,33.0,,6.9,-0.07,,2732.0,2.075,,,96.0,-20.0,5.2,10.0,-15.0,5025942
45.4581,-112.6133,15.2,75.0,54.0,,4.4,-0.06,,3855.0,2.6,,,47.0,-20.0,9.9,8.6,-15.0,5025943
45.4486,-112.5939,7.8,59.0,31.0,,3.6,-0.06,,3254.0,1.51,,,45.0,-20.0,6.5,6.8,-15.0,5025944
45.4597,-112.5803,7.4,47.0,27.0,,3.0,-0.06,,2991.0,1.414,,,43.0,-20.0,5.8,7.0,-15.0,5025945
45.4436,-112.5597,9.7,57.0,37.0,,3.6,-0.05,,3776.0,1.796,,,49.0,-20.0,8.4,7.0,-15.0,5025946
45.4825,-112.5742,7.7,50.0,27.0,,3.0,-0.05,,2777.0,1.348,,,43.0,-20.0,6.6,6.9,-15.0,5025947
45.4608,-112.5553,9.5,62.0,32.0,,3.5,-0.05,,3033.0,1.6,,,49.0,-20.0,8.5,6.9,-15.0,5025948
45.4528,-112.5069,8.5,58.0,32.0,,3.6,-0.06,,3312.0,1.732,,,41.0,-20.0,8.8,6.9,-15.0,5025949
45.4464,-112.5197,8.8,52.0,33.0,,3.5,-0.05,,2902.0,1.734,,,46.0,-20.0,8.2,7.0,-15.0,5025950
45.4378,-112.5717,9.2,54.0,35.0,,3.6,-0.05,,2979.0,1.769,,,45.0,-20.0,8.8,7.2,-15.0,5025951
45.2744,-112.7694,8.6,66.0,29.0,,2.9,-0.06,,3266.0,1.924,,,51.0,-20.0,7.7,8.4,-15.0,5025952
45.2836,-112.7781,7.1,48.0,31.0,,2.9,-0.07,,2992.0,1.395,,,36.0,-20.0,6.2,6.9,-15.0,5025953
45.2978,-112.8014,8.4,56.0,33.0,,2.6,-0.05,,3477.0,1.896,,,45.0,21.0,8.5,7.3,-15.0,5025954
45.3556,-112.7822,6.2,47.0,31.0,,2.4,-0.05,,2393.0,1.143,,,34.0,-20.0,9.2,5.5,-15.0,5025955
45.3561,-112.7842,14.3,101.0,35.0,,6.9,-0.09,,3550.0,1.901,,,37.0,-20.0,8.9,10.4,-15.0,5025956
45.345,-112.8031,6.7,51.0,31.0,,2.4,-0.07,,2276.0,1.488,,,48.0,-20.0,6.6,6.9,-15.0,5025957
45.3514,-112.7431,9.8,63.0,39.0,,2.8,-0.05,,2481.0,1.528,,,46.0,-20.0,7.2,6.7,-15.0,5025958
45.3486,-112.7278,9.9,59.0,36.0,,3.3,-0.05,,2446.0,1.473,,,44.0,-20.0,5.9,6.8,-15.0,5025959
45.3386,-112.7192,13.0,81.0,45.0,,3.0,-0.07,,2952.0,1.613,,,56.0,-20.0,8.1,6.4,-15.0,5025960
45.335,-112.7197,7.0,46.0,31.0,,2.1,-0.06,,1870.0,0.9129,,,26.0,-20.0,3.6,4.2,-15.0,5025961
45.3222,-112.7322,17.2,87.0,48.0,,3.9,-0.06,,2704.0,1.479,,,38.0,-20.0,8.4,6.4,-15.0,5025962
45.3222,-112.7361,13.0,67.0,42.0,,4.8,-0.06,,3626.0,1.518,,,29.0,-20.0,7.6,6.8,-15.0,5025963
45.3272,-112.7303,8.6,61.0,33.0,,3.1,-0.06,,2979.0,1.448,,,41.0,-20.0,5.7,7.0,-15.0,5025964
45.3111,-112.7031,12.6,97.0,58.0,,4.1,-0.05,,3495.0,1.94,,,39.0,-20.0,16.3,5.9,-15.0,5025965
45.2953,-112.7344,9.7,58.0,37.0,,3.7,-0.05,,2762.0,1.275,,,36.0,-20.0,6.6,5.8,-15.0,5025966
45.2819,-112.7497,8.5,59.0,33.0,,3.2,-0.06,,2760.0,1.423,,,35.0,-20.0,6.5,6.3,-15.0,5025967
45.2903,-112.7097,10.7,74.0,44.0,,2.9,-0.06,,4097.0,2.161,,,33.0,-20.0,10.2,8.6,-15.0,5025968
45.28,-112.7272,9.4,53.0,31.0,,3.0,-0.05,,2494.0,1.371,,,37.0,-20.0,6.8,6.7,-15.0,5025969
45.2844,-112.7028,13.8,87.0,50.0,,4.1,-0.06,,3162.0,1.758,,,43.0,-20.0,6.8,7.6,-15.0,5025970
46.3556,-112.1111,,,,,3.2,,,,,,,,,,,,5039052
46.3556,-112.1111,,,,,3.1,,,,,,,,,,,,5039053
46.3556,-112.1111,,,,,3.1,,,,,,,,,,,,5039054
46.3625,-111.9806,,,,,27.7,,,,,,,,,,,,5039055
45.4511,-112.8358,27.3,171.0,100.0,,10.7,-0.06,,2863.0,3.691,,,18.0,-20.0,14.4,8.9,-15.0,5026063
45.4489,-112.8403,27.2,115.0,79.0,,17.6,-0.08,,5159.0,4.612,,,-12.0,23.0,14.2,17.4,19.0,5026064
45.4478,-112.8389,29.4,192.0,98.0,,19.4,-0.07,,4059.0,3.674,,,-12.0,-20.0,16.8,12.1,-15.0,5026065
45.2167,-112.6733,11.0,70.0,42.0,,3.1,-0.05,,3306.0,1.625,,,58.0,-20.0,10.7,6.7,-15.0,5026075
45.2028,-112.6917,9.8,68.0,39.0,,3.0,-0.06,,3209.0,1.887,,,51.0,-20.0,9.7,7.3,-15.0,5026076
45.2328,-112.7111,10.5,70.0,36.0,,3.0,-0.06,,3126.0,1.757,,,51.0,-20.0,8.6,6.7,-15.0,5026077
45.4042,-112.8406,10.5,84.0,40.0,,5.1,-0.08,,3379.0,1.997,,,31.0,-20.0,11.1,8.9,-15.0,5026081
45.4006,-112.8378,15.5,93.0,41.0,,4.8,-0.1,,4096.0,3.179,,,-15.0,-20.0,9.9,17.9,20.0,5026082
46.3625,-111.9806,,,,,24.1,,,,,,,,,,,,5039056
46.3625,-111.9806,,,,,27.4,,,,,,,,,,,,5039057
45.2356,-112.0264,11.7,79.0,47.0,,3.3,-0.06,,3457.0,1.989,,,55.0,-20.0,8.4,9.4,-15.0,5026146
45.24,-112.0944,11.9,88.0,45.0,,2.5,-0.07,,4598.0,2.227,,,110.0,-20.0,8.1,10.8,-15.0,5026147
45.2197,-112.1158,14.7,91.0,50.0,,3.7,-0.08,,5642.0,2.098,,,68.0,-20.0,8.7,9.4,-15.0,5026148
45.2175,-112.0942,10.2,69.0,36.0,,3.5,-0.06,,3816.0,1.702,,,50.0,-20.0,8.8,7.6,-15.0,5026149
45.215,-112.0642,10.8,65.0,38.0,,3.5,-0.05,,3746.0,1.335,,,44.0,-20.0,9.7,6.5,-15.0,5026150
45.2161,-112.0133,14.9,106.0,49.0,,3.2,-0.07,,5680.0,2.623,,,139.0,-20.0,12.1,12.4,-15.0,5026151
45.2203,-112.4283,14.0,129.0,59.0,,5.7,-0.09,,5372.0,2.153,,,113.0,-20.0,18.9,11.9,-15.0,5026179
45.2106,-112.4069,17.1,85.0,54.0,,3.7,-0.09,,4894.0,2.24,,,65.0,-20.0,10.1,10.7,-15.0,5026180
45.22,-112.3914,15.1,83.0,46.0,,4.1,-0.06,,5080.0,1.677,,,66.0,-20.0,13.4,8.8,-15.0,5026181
45.7333,-112.7372,26.1,135.0,84.0,,3.9,-0.06,,2604.0,2.18,,,29.0,-20.0,11.3,6.4,-15.0,5026200
45.7256,-112.7353,18.7,84.0,51.0,,4.6,-0.06,,2936.0,2.324,,,36.0,-20.0,11.5,8.2,-15.0,5026201
45.7144,-112.7031,20.7,131.0,69.0,,3.4,-0.07,,2532.0,1.804,,,41.0,-20.0,12.8,6.8,-15.0,5026202
45.73,-112.6744,52.8,269.0,167.0,,5.0,-0.08,,2581.0,2.042,,,43.0,-20.0,14.8,7.2,-15.0,5026203
45.7386,-112.6753,48.7,231.0,133.0,,7.7,-0.05,,1726.0,1.419,,,18.0,-20.0,11.5,4.8,-15.0,5026204
45.7428,-112.67,51.5,270.0,170.0,,5.5,0.14,,2460.0,2.067,,,29.0,-20.0,12.0,5.7,-15.0,5026205
45.7436,-112.67,42.4,229.0,128.0,,5.7,-0.07,,-1116.0,1.501,,,36.0,-20.0,12.4,6.7,-15.0,5026206
45.6747,-112.6928,9.8,68.0,40.0,,3.3,-0.07,,2677.0,1.802,,,32.0,-20.0,7.4,7.2,-15.0,5026207
45.6675,-112.6767,30.1,174.0,93.0,,4.2,-0.08,,4759.0,2.666,,,71.0,-20.0,19.1,12.0,-15.0,5026208
45.6825,-112.6567,26.9,163.0,93.0,,4.3,-0.07,,5108.0,2.511,,,59.0,-20.0,18.2,11.9,-15.0,5026209
45.7017,-112.6294,27.2,175.0,86.0,,3.9,-0.08,,4667.0,2.48,,,75.0,-20.0,19.6,11.7,-15.0,5026210
45.7014,-112.6286,34.8,191.0,96.0,,4.5,-0.09,,5039.0,2.668,,,59.0,-20.0,22.8,11.9,-15.0,5026211
45.6594,-112.6764,28.4,154.0,87.0,,3.6,-0.07,,5648.0,2.95,,,77.0,-20.0,14.4,14.3,-15.0,5026212
45.6219,-112.7006,13.4,80.0,54.0,,4.6,-0.06,,5371.0,1.967,,,85.0,-20.0,21.2,9.2,17.0,5026213
45.625,-112.7194,10.4,79.0,38.0,,3.7,-0.07,,4178.0,1.516,,,60.0,-20.0,13.6,7.7,17.0,5026214
45.6408,-112.7264,10.8,57.0,34.0,,2.9,-0.08,,2858.0,1.865,,,74.0,-20.0,7.1,9.4,-15.0,5026215
45.6431,-112.7189,8.0,58.0,37.0,,4.4,-0.06,,2975.0,1.36,,,40.0,-20.0,5.9,6.9,-15.0,5026216
45.6425,-112.7194,9.7,79.0,37.0,,3.5,-0.06,,3173.0,1.859,,,48.0,-20.0,7.3,7.5,-15.0,5026217
45.5917,-112.7403,13.6,86.0,53.0,,3.7,-0.07,,5096.0,1.587,,,79.0,-20.0,15.7,8.6,-15.0,5026218
45.6164,-112.7525,13.0,55.0,36.0,,2.5,-0.06,,3396.0,1.604,,,37.0,-20.0,4.3,7.3,-15.0,5026219
45.5947,-112.7908,10.2,63.0,42.0,,3.5,-0.05,,3627.0,1.044,,,30.0,-20.0,10.4,5.4,-15.0,5026220
45.5919,-112.8089,9.5,70.0,35.0,,3.6,-0.08,,4842.0,1.993,,,44.0,-20.0,8.9,11.2,-15.0,5026222
45.5761,-112.8028,10.2,65.0,35.0,,2.6,-0.05,,3452.0,1.405,,,53.0,-20.0,9.3,6.1,-15.0,5026223
45.6311,-112.6739,33.4,188.0,111.0,,4.9,-0.06,,4620.0,2.509,,,51.0,-20.0,18.2,11.9,-15.0,5026224
45.6289,-112.6717,10.4,65.0,32.0,,2.9,-0.06,,2192.0,1.359,,,37.0,-20.0,7.4,6.0,-15.0,5026225
45.6478,-112.6347,19.4,109.0,62.0,,3.8,-0.07,,3529.0,1.782,,,47.0,-20.0,10.9,8.1,-15.0,5026226
45.6503,-112.6292,7.6,44.0,29.0,,2.6,-0.04,,2030.0,1.233,,,38.0,-20.0,6.7,4.7,-15.0,5026227
45.6608,-112.6042,20.7,119.0,67.0,,2.9,-0.1,,6521.0,3.902,,,105.0,-20.0,10.1,19.8,-15.0,5026228
45.6597,-112.6033,153.4,733.0,390.0,,14.3,0.29,,9890.0,4.369,,,121.0,-20.0,77.7,24.5,-15.0,5026229
45.6739,-112.5867,39.1,234.0,114.0,,4.5,-0.11,,6325.0,3.982,,,79.0,-20.0,16.7,20.5,-15.0,5026230
45.6797,-112.5706,61.2,329.0,171.0,,5.5,-0.08,,6946.0,2.672,,,90.0,-20.0,28.8,15.7,-15.0,5026231
45.6803,-112.5636,30.2,178.0,98.0,,4.1,-0.08,,8324.0,3.733,,,90.0,-20.0,23.2,21.1,-15.0,5026232
45.5639,-112.7556,10.7,79.0,40.0,,4.7,-0.07,,3072.0,1.312,,,37.0,-20.0,8.6,6.9,-15.0,5026233
45.6175,-112.6942,12.0,88.0,45.0,,3.2,-0.09,,3379.0,2.169,,,162.0,-20.0,8.6,9.8,-15.0,5026234
45.6011,-112.6942,10.1,80.0,46.0,,2.9,-0.08,,4492.0,2.122,,,241.0,-20.0,10.3,11.0,-15.0,5026235
45.5392,-112.7133,14.8,84.0,50.0,,4.2,-0.06,,2943.0,2.542,,,36.0,-20.0,10.5,7.1,-15.0,5026236
45.5436,-112.7086,8.5,64.0,39.0,,5.1,-0.06,,2904.0,1.757,,,37.0,-20.0,9.9,5.8,-15.0,5026237
45.5467,-112.7056,13.5,111.0,62.0,,4.4,-0.06,,4136.0,2.004,,,71.0,-20.0,20.7,7.1,-15.0,5026238
45.2108,-112.3436,14.4,86.0,45.0,,2.8,-0.06,,5797.0,2.825,,,187.0,-20.0,10.0,14.9,16.0,5026240
45.2317,-112.2997,14.3,82.0,55.0,,4.9,-0.06,,6212.0,2.256,,,83.0,-20.0,12.0,9.8,-15.0,5026241
45.2033,-112.2531,18.3,127.0,59.0,,4.4,-0.08,,6857.0,3.276,,,225.0,-20.0,20.1,17.1,-15.0,5026242
45.2369,-112.3908,47.0,248.0,123.0,,8.1,-0.11,,15180.0,4.592,,,241.0,-20.0,42.1,20.3,-15.0,5026243
45.2389,-112.3917,14.5,90.0,52.0,,3.1,-0.06,,4641.0,2.311,,,107.0,-20.0,9.7,11.0,-15.0,5026244
45.2486,-112.3786,45.5,232.0,136.0,,9.5,-0.07,,15970.0,4.338,,,240.0,31.0,41.7,18.7,-15.0,5026245
45.2222,-112.1872,21.3,128.0,69.0,,5.1,-0.12,,8629.0,4.956,,,233.0,36.0,17.3,29.0,-15.0,5026247
45.2147,-112.1756,30.8,139.0,80.0,,4.5,-0.09,,9232.0,5.184,,,253.0,-20.0,10.5,30.2,-15.0,5026248
45.2131,-112.1686,19.4,140.0,70.0,,4.4,-0.08,,9333.0,6.102,,,239.0,28.0,21.1,23.0,-15.0,5026249
45.2064,-112.1561,24.5,178.0,76.0,,4.7,-0.09,,9069.0,6.42,,,273.0,-20.0,24.5,24.7,-15.0,5026250
45.2039,-112.1508,33.2,186.0,106.0,,7.9,-0.11,,10870.0,5.68,,,247.0,-20.0,33.9,34.6,16.0,5026251
45.2153,-112.1367,9.4,63.0,34.0,,2.9,-0.06,,3847.0,1.72,,,103.0,-20.0,9.0,7.1,-15.0,5026252
45.2208,-112.1333,17.6,123.0,57.0,,4.0,-0.06,,7157.0,4.161,,,154.0,-20.0,15.2,19.3,-15.0,5026253
45.2269,-112.1456,27.3,193.0,96.0,,6.4,-0.09,,10740.0,4.001,,,268.0,-20.0,19.8,21.6,-15.0,5026254
45.2375,-112.1931,20.5,141.0,83.0,,5.0,-0.1,,9222.0,4.04,,,216.0,-20.0,15.2,21.8,-15.0,5026255
45.3711,-112.1961,13.7,87.0,48.0,,3.7,-0.08,,4366.0,2.654,,,107.0,-20.0,9.3,12.8,-15.0,5026275
45.3564,-112.1656,12.4,62.0,37.0,,3.1,-0.06,,3851.0,2.918,,,143.0,-20.0,8.1,15.1,-15.0,5026276
45.3542,-112.1656,18.4,91.0,57.0,,4.5,-0.06,,5326.0,2.727,,,116.0,-20.0,12.4,13.9,-15.0,5026277
45.3258,-112.1625,20.1,105.0,57.0,,4.8,-0.07,,5436.0,2.632,,,138.0,-20.0,14.9,13.5,-15.0,5026278
45.3186,-112.1486,16.6,91.0,52.0,,4.0,-0.08,,5162.0,2.787,,,115.0,-20.0,10.1,12.9,-15.0,5026279
45.3142,-112.1375,13.5,63.0,34.0,,3.2,-0.07,,4906.0,2.977,,,153.0,-20.0,8.5,15.3,-15.0,5026280
45.3119,-112.1333,16.4,87.0,53.0,,4.2,-0.07,,5188.0,2.657,,,115.0,-20.0,11.1,13.0,-15.0,5026281
45.2925,-112.1397,25.7,144.0,70.0,,5.2,-0.08,,6656.0,3.215,,,147.0,-20.0,17.4,15.2,-15.0,5026282
45.2578,-112.1503,37.9,252.0,143.0,,7.9,-0.09,,6393.0,4.348,,,115.0,-20.0,31.6,18.0,-15.0,5026283
45.2503,-112.1961,60.7,371.0,224.0,,11.1,-0.07,,12050.0,6.138,,,181.0,63.0,53.5,22.9,19.0,5026284
45.2536,-112.2328,12.0,65.0,38.0,,3.3,-0.06,,3607.0,2.942,,,140.0,-20.0,8.5,15.8,-15.0,5026285
45.2961,-112.0708,12.8,79.0,40.0,,3.0,-0.06,,3753.0,1.74,,,84.0,-20.0,11.5,8.0,-15.0,5026286
45.5458,-112.6972,8.7,62.0,38.0,,2.7,-0.07,,3233.0,2.041,,,48.0,-20.0,7.0,9.8,-15.0,5026287
45.5714,-112.7008,14.3,93.0,56.0,,3.2,-0.06,,4291.0,2.976,,,135.0,-20.0,12.1,11.3,-15.0,5026288
45.5689,-112.7389,9.8,78.0,48.0,,3.3,-0.05,,3269.0,1.236,,,49.0,-20.0,10.0,6.5,-15.0,5026289
45.5903,-112.6708,12.7,92.0,47.0,,3.4,-0.06,,3167.0,2.188,,,51.0,-20.0,12.2,6.0,-15.0,5026290
45.6075,-112.6597,13.4,76.0,41.0,,3.0,-0.06,,2241.0,1.659,,,45.0,-20.0,10.8,6.9,-15.0,5026291
45.5875,-112.6478,13.9,92.0,52.0,,3.7,-0.05,,3305.0,2.429,,,47.0,-20.0,14.5,5.8,-15.0,5026292
45.545,-112.5308,9.2,69.0,40.0,,2.6,-0.05,,3057.0,1.761,,,34.0,-20.0,9.0,6.8,-15.0,5026293
45.5375,-112.5542,10.6,74.0,41.0,,2.7,-0.07,,3693.0,1.892,,,44.0,-20.0,8.2,7.6,-15.0,5026294
45.5317,-112.5475,9.7,61.0,39.0,,2.8,-0.07,,2628.0,1.715,,,33.0,-20.0,9.0,7.3,-15.0,5026295
45.5183,-112.56,9.8,76.0,46.0,,2.7,-0.06,,4288.0,1.876,,,45.0,-20.0,9.0,7.1,-15.0,5026296
45.5233,-112.6028,9.8,72.0,39.0,,4.4,-0.08,,3464.0,2.907,,,25.0,-20.0,7.7,8.4,-15.0,5026297
45.5686,-112.5989,8.4,61.0,28.0,,2.4,-0.06,,2739.0,1.456,,,32.0,-20.0,5.7,5.9,-15.0,5026298
45.5758,-112.6078,7.2,58.0,33.0,,2.2,-0.06,,2031.0,1.545,,,45.0,-20.0,7.1,6.1,-15.0,5026299
45.5711,-112.58,10.4,62.0,37.0,,2.5,-0.05,,2732.0,1.613,,,45.0,-20.0,8.1,6.5,-15.0,5026300
45.6056,-112.6019,12.6,81.0,46.0,,3.5,-0.04,,2914.0,1.8,,,47.0,-20.0,12.9,6.3,-15.0,5026301
45.6086,-112.6031,11.1,71.0,35.0,,2.8,-0.05,,2357.0,1.386,,,42.0,-20.0,8.4,6.0,-15.0,5026302
45.6222,-112.6097,11.2,81.0,45.0,,3.3,-0.06,,2008.0,1.478,,,28.0,-20.0,11.1,4.9,-15.0,5026303
45.6322,-112.6153,13.0,81.0,44.0,,2.4,-0.05,,2419.0,1.765,,,44.0,-20.0,8.4,8.1,-15.0,5026304
45.6258,-112.5208,63.8,335.0,183.0,,6.2,-0.09,,9122.0,5.46,,,120.0,-20.0,27.5,31.9,22.0,5026305
45.6047,-112.5397,17.9,116.0,57.0,,3.0,-0.09,,4199.0,2.705,,,74.0,-20.0,12.8,13.9,-15.0,5026306
45.5931,-112.53,45.9,243.0,126.0,,4.8,-0.12,,5843.0,4.805,,,111.0,-20.0,21.0,24.9,-15.0,5026307
45.5842,-112.5261,19.2,105.0,61.0,,5.1,-0.07,,4091.0,2.359,,,57.0,-20.0,14.3,11.8,-15.0,5026308
45.5311,-112.7428,14.2,107.0,62.0,,6.7,-0.06,,2640.0,2.495,,,37.0,-20.0,13.3,7.2,-15.0,5026309
45.5436,-112.7903,26.2,138.0,70.0,,10.5,-0.08,,2568.0,4.877,,,43.0,-20.0,14.9,8.9,19.0,5026310
45.5442,-112.7919,9.2,66.0,48.0,,3.6,-0.08,,2700.0,1.42,,,42.0,-20.0,7.7,7.6,-15.0,5026311
45.5244,-112.8472,50.1,190.0,114.0,,20.7,-0.08,,4572.0,8.945,,,55.0,-20.0,35.1,16.0,-15.0,5026312
45.5197,-112.8339,18.8,127.0,70.0,,6.2,-0.07,,2772.0,8.581,,,31.0,-20.0,16.1,10.5,108.0,5026313
45.5108,-112.7522,7.8,80.0,43.0,,3.5,-0.1,,4519.0,1.984,,,136.0,-20.0,6.8,9.5,27.0,5026315
45.5333,-112.6683,12.3,82.0,46.0,,5.3,-0.06,,3107.0,1.737,,,30.0,-20.0,10.6,7.0,-15.0,5026316
45.5681,-112.6814,12.9,73.0,47.0,,3.8,-0.05,,2975.0,1.538,,,40.0,-20.0,10.8,6.1,-15.0,5026317
45.5686,-112.6319,12.0,76.0,43.0,,2.7,-0.06,,3671.0,2.012,,,59.0,-20.0,7.8,8.4,-15.0,5026318
45.7714,-112.2494,16.8,99.0,54.0,,4.4,0.18,,3615.0,2.148,,,75.0,-20.0,9.9,11.6,-15.0,5026319
45.7811,-112.2328,13.3,75.0,42.0,,3.1,-0.05,,3750.0,2.181,,,66.0,-20.0,9.8,8.9,-15.0,5026320
45.7939,-112.2364,13.2,83.0,42.0,,3.2,-0.05,,3814.0,2.351,,,75.0,-20.0,9.4,10.6,-15.0,5026321
45.8353,-112.2156,11.7,92.0,43.0,,2.6,-0.07,,3794.0,3.14,,,85.0,-20.0,12.2,11.2,-15.0,5026322
45.8342,-112.2008,11.6,71.0,39.0,,2.4,-0.09,,3273.0,2.357,,,44.0,-20.0,5.3,11.3,-15.0,5026323
45.8278,-112.175,14.3,81.0,46.0,,3.3,-0.05,,3691.0,2.261,,,51.0,-20.0,9.8,9.5,-15.0,5026324
45.8147,-112.1675,24.5,106.0,55.0,,4.5,-0.07,,4283.0,7.726,,,170.0,-20.0,24.6,11.5,-15.0,5026325
45.8006,-112.1806,11.0,81.0,49.0,,3.0,-0.07,,4420.0,1.821,,,148.0,-20.0,7.6,8.9,-15.0,5026326
45.7667,-112.1811,21.4,139.0,72.0,,4.9,-0.06,,4307.0,3.056,,,113.0,-20.0,22.2,11.9,-15.0,5026327
45.7925,-112.1567,10.6,78.0,35.0,,3.8,-0.09,,3879.0,1.897,,,60.0,-20.0,7.9,8.6,-15.0,5026328
45.8103,-112.1233,11.3,78.0,43.0,,3.5,-0.07,,3292.0,1.804,,,65.0,-20.0,8.6,8.2,-15.0,5026329
45.81,-112.1225,13.8,92.0,51.0,,3.1,-0.05,,3412.0,1.595,,,57.0,-20.0,12.2,7.1,-15.0,5026330
45.8367,-112.1456,15.2,83.0,41.0,,3.4,-0.06,,2892.0,1.961,,,33.0,-20.0,12.2,10.4,-15.0,5026331
45.8517,-112.14,27.7,134.0,65.0,,6.3,-0.07,,3998.0,3.017,,,56.0,-20.0,29.9,13.3,-15.0,5026332
45.8706,-112.1139,9.8,70.0,37.0,,3.3,-0.07,,2667.0,1.508,,,28.0,-20.0,5.3,7.4,-15.0,5026333
45.7928,-112.0022,6.7,53.0,31.0,,2.2,0.17,,5371.0,3.278,,,116.0,-20.0,7.1,12.9,-15.0,5026334
45.7953,-112.03,8.1,67.0,39.0,,2.7,-0.07,,5009.0,2.381,,,128.0,21.0,6.5,10.8,-15.0,5026335
45.8131,-112.0122,6.5,57.0,25.0,,2.1,-0.09,,4358.0,3.078,,,118.0,-20.0,8.0,16.5,-15.0,5026336
45.3083,-112.2831,12.0,91.0,39.0,,3.7,-0.09,,3693.0,4.341,,,101.0,-20.0,11.1,18.9,-15.0,5026337
45.2992,-112.2778,12.2,72.0,40.0,,3.6,-0.07,,5141.0,3.783,,,93.0,-20.0,10.4,16.5,-15.0,5026338
45.2689,-112.2519,9.6,51.0,35.0,,2.6,-0.06,,4641.0,3.251,,,134.0,-20.0,8.6,15.7,-15.0,5026339
45.3606,-112.3094,35.1,208.0,100.0,,9.8,-0.08,,5535.0,3.48,,,158.0,-20.0,15.4,18.7,-15.0,5026340
45.3508,-112.27,35.2,204.0,109.0,,10.1,-0.1,,5657.0,3.809,,,162.0,-20.0,14.4,21.8,-15.0,5026341
45.3639,-112.2636,15.5,109.0,51.0,,3.2,-0.07,,7332.0,3.325,,,224.0,-20.0,13.1,19.1,-15.0,5026342
45.3606,-112.2494,11.5,83.0,41.0,,2.5,-0.07,,4206.0,2.123,,,106.0,-20.0,7.8,10.7,-15.0,5026343
45.2992,-112.3875,16.4,117.0,63.0,,4.2,-0.09,,6657.0,3.417,,,215.0,-20.0,18.4,17.8,-15.0,5026344
45.4786,-112.1328,12.8,58.0,38.0,,3.3,-0.07,,3838.0,2.307,,,72.0,-20.0,6.2,10.6,-15.0,5026345
45.4681,-112.1278,10.3,60.0,37.0,,3.4,-0.07,,3109.0,2.316,,,68.0,-20.0,7.1,10.6,-15.0,5026346
45.4639,-112.1106,8.7,69.0,40.0,,3.8,-0.06,,3260.0,1.356,,,75.0,-20.0,13.9,6.7,-15.0,5026347
45.4275,-112.1717,8.7,64.0,26.0,,3.8,-0.05,,2984.0,1.416,,,76.0,-20.0,13.3,7.3,-15.0,5026348
45.4206,-112.1439,10.1,67.0,27.0,,3.3,-0.05,,3683.0,2.259,,,66.0,-20.0,6.2,10.5,-15.0,5026349
45.4611,-112.0667,10.9,64.0,37.0,,3.2,-0.07,,3266.0,2.255,,,68.0,-20.0,6.4,10.7,-15.0,5026350
45.4019,-112.1314,9.8,66.0,36.0,,3.7,-0.06,,4079.0,1.38,,,83.0,-20.0,13.1,6.5,-15.0,5026351
45.4311,-112.0736,10.8,65.0,33.0,,3.4,-0.09,,-1795.0,2.299,,,58.0,-20.0,7.3,10.5,-15.0,5026352
45.4333,-112.0631,5.8,49.0,33.0,,2.3,-0.07,,3737.0,3.176,,,472.0,-20.0,4.3,13.7,-15.0,5026353
45.4311,-112.0283,5.7,49.0,32.0,,2.3,-0.07,,4221.0,3.256,,,499.0,-20.0,4.8,14.4,-15.0,5026354
45.4575,-112.0103,9.0,82.0,40.0,,3.8,-0.08,,3658.0,1.429,,,85.0,-20.0,15.4,7.1,-15.0,5026355
45.385,-112.1139,8.6,65.0,32.0,,3.7,-0.07,,3237.0,1.454,,,73.0,-20.0,12.9,7.2,-15.0,5026356
45.3908,-112.1314,5.7,52.0,30.0,,2.2,-0.07,,3896.0,3.346,,,531.0,-20.0,4.9,14.1,-15.0,5026357
45.3769,-112.0656,6.5,51.0,29.0,,2.4,-0.08,,4192.0,3.408,,,478.0,-20.0,4.0,14.8,-15.0,5026358
45.3894,-112.0519,9.8,76.0,42.0,,3.4,-0.08,,3622.0,1.538,,,89.0,-20.0,13.8,7.3,-15.0,5026359
45.4208,-112.0022,9.0,56.0,38.0,,3.7,-0.07,,3157.0,1.564,,,80.0,-20.0,12.3,7.3,-15.0,5026360
45.3761,-112.15,13.1,68.0,39.0,,3.3,-0.08,,4002.0,2.412,,,113.0,-20.0,7.8,10.8,-15.0,5026361
45.3939,-112.1928,13.2,80.0,46.0,,3.2,-0.06,,3836.0,2.41,,,83.0,-20.0,9.6,10.5,20.0,5026362
45.4008,-112.2,22.1,123.0,48.0,,3.7,-0.1,,7075.0,5.892,,,259.0,-20.0,13.0,27.3,-15.0,5026363
45.4044,-112.2058,7.0,60.0,28.0,,2.3,-0.11,,4861.0,3.407,,,133.0,-20.0,8.4,15.8,-15.0,5026364
45.4111,-112.2047,7.6,58.0,37.0,,2.5,-0.06,,4203.0,2.331,,,237.0,-20.0,6.7,10.3,-15.0,5026365
45.4158,-112.2244,7.6,67.0,37.0,,2.6,-0.06,,3931.0,2.322,,,245.0,,7.9,10.3,,5026366
45.4206,-112.2406,9.4,73.0,41.0,,3.0,-0.09,,4076.0,1.744,,,97.0,-20.0,10.8,8.1,-15.0,5026367
45.4286,-112.2611,8.7,63.0,34.0,,2.9,-0.09,,4296.0,1.691,,,83.0,-20.0,8.7,8.2,-15.0,5026368
45.4339,-112.2558,52.6,106.0,66.0,,11.3,-0.08,,5363.0,6.133,,,122.0,-20.0,54.7,18.5,28.0,5026369
45.4408,-112.2508,11.9,87.0,46.0,,4.5,-0.07,,3883.0,2.717,,,108.0,-20.0,17.1,9.1,-15.0,5026370
45.4614,-112.2611,23.8,154.0,77.0,,7.1,-0.1,,4520.0,3.343,,,151.0,-20.0,11.9,17.5,-15.0,5026371
45.4747,-112.2722,59.2,112.0,67.0,,13.3,-0.08,,4258.0,7.811,,,83.0,-20.0,29.7,13.3,-15.0,5026372
45.4858,-112.2761,14.1,86.0,50.0,,3.8,-0.05,,4077.0,1.96,,,45.0,-20.0,14.3,7.8,-15.0,5026373
45.4953,-112.3147,10.8,74.0,38.0,,6.8,-0.07,,2876.0,1.783,,,36.0,-20.0,8.4,10.4,-15.0,5026374
45.4689,-112.3003,19.1,105.0,59.0,,5.1,-0.08,,6004.0,2.255,,,93.0,-20.0,16.5,9.3,29.0,5026375
45.4519,-112.3653,8.8,65.0,35.0,,2.7,-0.09,,5382.0,2.607,,,112.0,-20.0,11.0,12.4,-15.0,5026376
45.4344,-112.3442,11.8,94.0,53.0,,3.0,-0.06,,6367.0,3.36,,,123.0,-20.0,12.8,16.0,-15.0,5026377
45.4264,-112.3581,12.6,102.0,47.0,,3.0,-0.06,,6828.0,3.587,,,118.0,-20.0,13.6,17.3,-15.0,5026378
45.4431,-112.3297,15.1,129.0,57.0,,3.1,-0.08,,7637.0,3.792,,,125.0,-20.0,17.6,18.2,-15.0,5026379
45.4219,-112.2858,13.1,112.0,56.0,,3.5,-0.1,,8223.0,3.862,,,130.0,-20.0,16.8,17.5,-15.0,5026380
45.7086,-112.0864,5.4,47.0,21.0,,1.8,-0.09,,5045.0,4.203,,,263.0,-20.0,7.8,20.7,18.0,5026381
45.6978,-112.1347,5.6,50.0,29.0,,1.8,-0.09,,7437.0,5.211,,,281.0,-20.0,10.2,26.6,-15.0,5026382
45.6944,-112.1367,9.4,72.0,32.0,,2.6,-0.08,,3091.0,2.511,,,188.0,-20.0,9.3,11.7,-15.0,5026383
45.7094,-112.1286,5.6,61.0,27.0,,1.4,-0.1,,4269.0,3.43,,,205.0,-20.0,4.3,18.1,-15.0,5026384
45.6808,-112.1472,8.0,54.0,35.0,,2.8,-0.06,,4697.0,2.61,,,102.0,-20.0,11.1,11.6,-15.0,5026385
45.8383,-112.0078,8.1,56.0,35.0,,2.4,-0.06,,4893.0,2.657,,,96.0,-20.0,7.9,11.9,-15.0,5026386
45.8347,-112.0222,12.3,99.0,46.0,,3.0,-0.07,,3995.0,2.137,,,89.0,-20.0,11.6,9.1,-15.0,5026387
45.83,-112.0314,11.6,62.0,39.0,,2.8,-0.07,,2966.0,1.544,,,50.0,-20.0,5.9,7.8,-15.0,5026388
45.8228,-112.0572,12.1,68.0,39.0,,3.8,-0.06,,3379.0,1.777,,,46.0,-20.0,8.0,9.5,-15.0,5026389
45.7944,-112.0658,8.5,75.0,36.0,,2.6,-0.07,,4151.0,2.495,,,104.0,-20.0,8.9,10.4,-15.0,5026390
45.7817,-112.0653,9.0,107.0,46.0,,2.7,-0.08,,8552.0,5.274,,,350.0,-20.0,10.5,13.4,-15.0,5026391
45.8064,-112.085,7.2,64.0,42.0,,2.9,-0.1,,4168.0,2.159,,,88.0,-20.0,6.4,10.2,-15.0,5026392
45.7631,-112.0744,5.0,55.0,33.0,,1.9,-0.07,,6233.0,4.175,,,110.0,-20.0,6.9,12.1,-15.0,5026393
45.7531,-112.0383,9.3,73.0,33.0,,3.2,-0.07,,4387.0,2.227,,,112.0,-20.0,9.3,10.6,-15.0,5026394
45.7442,-112.0739,15.1,97.0,49.0,,3.3,-0.08,,4332.0,1.994,,,86.0,-20.0,16.3,8.3,-15.0,5026395
45.7956,-112.1161,8.4,55.0,38.0,,2.6,-0.1,,3718.0,2.923,,,140.0,-20.0,9.9,14.3,-15.0,5026396
45.7531,-112.1286,7.7,50.0,28.0,,2.5,-0.06,,2756.0,1.583,,,65.0,-20.0,7.1,7.2,-15.0,5026397
45.8681,-112.1978,10.8,68.0,41.0,,2.9,-0.07,,3789.0,2.14,,,54.0,-20.0,8.9,13.3,-15.0,5026398
45.8775,-112.1878,86.4,162.0,71.0,,15.5,-0.12,,5834.0,8.027,,,187.0,34.0,90.0,17.5,34.0,5026399
45.8928,-112.2186,13.1,89.0,44.0,,3.8,-0.09,,3311.0,2.607,,,45.0,-20.0,11.3,11.8,15.0,5026400
45.9817,-112.0819,11.7,88.0,48.0,,3.2,-0.08,,6192.0,3.041,,,145.0,-20.0,9.7,15.5,-15.0,5026411
45.8961,-112.2325,24.5,88.0,53.0,,7.9,-0.08,,4561.0,3.047,,,53.0,-20.0,14.3,19.5,18.0,5026401
45.9125,-112.2236,11.8,78.0,46.0,,4.7,-0.08,,7241.0,6.872,,,167.0,-20.0,15.0,12.7,-15.0,5026402
45.9672,-112.2386,88.4,162.0,77.0,,22.8,-0.12,,6208.0,5.262,,,87.0,-20.0,48.0,28.6,-15.0,5026403
45.9944,-112.2414,95.8,105.0,76.0,,35.7,-0.13,,3422.0,2.368,,,-18.0,-20.0,22.4,17.3,-15.0,5026404
45.9983,-112.2425,110.0,154.0,97.0,,45.8,-0.09,,4588.0,2.118,,,38.0,-20.0,36.6,14.7,-15.0,5026405
45.9264,-112.1828,18.5,102.0,55.0,,3.7,-0.07,,4624.0,3.896,,,63.0,-20.0,16.4,13.6,-15.0,5026406
45.9647,-112.1628,39.9,118.0,67.0,,16.6,-0.09,,6978.0,5.794,,,134.0,-20.0,33.4,19.5,-15.0,5026407
45.9467,-112.1303,47.2,158.0,47.0,,16.0,-0.07,,8768.0,6.215,,,158.0,-20.0,44.0,20.2,-15.0,5026408
45.9408,-112.1125,9.1,51.0,31.0,,1.6,0.51,,6410.0,5.223,,,473.0,-20.0,9.0,12.3,-15.0,5026409
45.9778,-112.1189,19.2,102.0,47.0,,4.7,-0.07,,4569.0,2.193,,,126.0,-20.0,15.6,15.9,-15.0,5026410
45.9622,-112.1078,13.0,88.0,43.0,,3.7,-0.09,,4083.0,2.579,,,121.0,-20.0,9.7,12.6,-15.0,5026412
45.9558,-112.1081,12.9,74.0,44.0,,2.9,-0.1,,4620.0,2.866,,,99.0,-20.0,9.7,13.8,-15.0,5026413
45.9392,-112.1014,9.9,63.0,39.0,,3.0,-0.07,,3405.0,2.062,,,62.0,-20.0,9.4,9.9,-15.0,5026414
45.9583,-112.0458,7.6,62.0,38.0,,2.1,-0.07,,5843.0,2.649,,,62.0,-20.0,7.5,13.5,-15.0,5026415
45.9333,-112.0575,7.2,55.0,29.0,,2.2,-0.07,,2117.0,1.21,,,46.0,-20.0,7.8,5.7,-15.0,5026416
45.9197,-112.0944,11.6,77.0,42.0,,3.6,-0.08,,3260.0,2.179,,,65.0,-20.0,11.2,10.7,-15.0,5026417
45.9231,-112.1183,24.4,101.0,59.0,,6.8,-0.07,,5536.0,2.861,,,91.0,-20.0,33.2,14.8,23.0,5026418
45.8936,-112.1069,54.9,133.0,91.0,,14.3,-0.08,,10980.0,5.335,,,156.0,21.0,89.2,17.6,15.0,5026419
45.8808,-112.0606,13.9,95.0,43.0,,3.5,-0.11,,4933.0,2.55,,,99.0,-20.0,8.5,13.6,-15.0,5026420
45.9975,-112.2014,11.4,67.0,39.0,,3.8,-0.06,,3663.0,1.835,,,49.0,-20.0,8.0,9.5,-15.0,5026421
45.9897,-112.19,9.0,56.0,35.0,,2.9,-0.06,,2274.0,1.141,,,28.0,-20.0,6.0,6.2,-15.0,5026422
45.8908,-112.0839,9.9,66.0,39.0,,3.1,-0.06,,3876.0,2.194,,,105.0,-20.0,8.5,9.7,-15.0,5026423
45.9072,-112.0656,29.1,148.0,85.0,,6.8,-0.06,,5989.0,5.056,,,109.0,-20.0,30.6,9.5,-15.0,5026424
45.9181,-112.0447,15.3,91.0,47.0,,5.2,-0.07,,3885.0,2.102,,,89.0,-20.0,13.2,8.8,-15.0,5026425
45.9233,-112.0486,5.8,54.0,30.0,,2.5,-0.13,,14590.0,6.686,,,228.0,-20.0,24.8,32.6,-15.0,5026426
45.9256,-112.0492,10.8,59.0,35.0,,3.3,-0.07,,3617.0,2.22,,,87.0,-20.0,6.6,10.1,-15.0,5026427
45.3817,-112.8039,9.8,63.0,42.0,,2.6,-0.06,,3175.0,1.821,,,77.0,-20.0,8.2,9.2,-15.0,5026428
45.4075,-112.8381,35.5,184.0,100.0,,9.3,-0.09,,3178.0,18.4,,,35.0,106.0,36.0,12.0,-15.0,5026429
45.4125,-112.8175,10.1,89.0,50.0,,3.3,-0.1,,3789.0,2.135,,,-14.0,-20.0,6.0,17.5,-15.0,5026430
45.4042,-112.8186,22.8,154.0,89.0,,7.4,-0.08,,5094.0,9.574,,,32.0,-20.0,23.3,19.0,-15.0,5026431
45.4019,-112.8181,17.5,162.0,82.0,,5.5,-0.08,,4479.0,8.582,,,28.0,22.0,20.2,19.0,35.0,5026432
45.395,-112.8139,5.6,48.0,26.0,,2.1,-0.06,,1341.0,1.683,,,13.0,-20.0,4.9,5.2,-15.0,5026433
45.3931,-112.8181,16.3,115.0,72.0,,4.9,-0.11,,3954.0,10.42,,,44.0,-20.0,20.3,11.5,27.0,5026434
45.3794,-112.7972,6.6,44.0,24.0,,2.6,-0.05,,2740.0,0.9913,,,40.0,-20.0,12.3,4.2,-15.0,5026435
45.3881,-112.7767,8.7,73.0,41.0,,3.2,-0.06,,3575.0,2.274,,,58.0,-20.0,8.8,8.2,-15.0,5026436
45.3972,-112.7708,10.4,70.0,43.0,,3.0,-0.08,,2330.0,1.97,,,60.0,-20.0,7.8,8.1,-15.0,5026437
45.4039,-112.7647,8.5,58.0,35.0,,2.7,-0.05,,2536.0,1.695,,,44.0,-20.0,7.0,7.5,-15.0,5026438
45.4083,-112.7578,8.7,65.0,32.0,,2.9,-0.07,,2964.0,1.864,,,48.0,-20.0,4.9,8.5,-15.0,5026439
45.4231,-112.7542,9.2,65.0,33.0,,4.5,-0.09,,2841.0,1.414,,,31.0,-20.0,7.3,6.4,-15.0,5026440
45.4139,-112.7689,9.5,71.0,40.0,,3.1,-0.09,,-1962.0,2.447,,,47.0,-20.0,8.3,8.9,-15.0,5026441
45.4289,-112.7986,10.0,72.0,44.0,,4.0,-0.07,,2516.0,2.349,,,15.0,-20.0,6.3,11.5,-15.0,5026442
45.2958,-112.5367,10.6,62.0,42.0,,3.3,-0.07,,4099.0,2.252,,,101.0,-20.0,7.2,10.4,-15.0,5026443
45.2992,-112.6006,9.6,62.0,30.0,,3.4,-0.1,,3126.0,1.421,,,54.0,-20.0,5.2,6.6,-15.0,5026444
45.3167,-112.6006,10.7,73.0,43.0,,3.4,-0.1,,3790.0,2.279,,,102.0,-20.0,8.2,10.5,-15.0,5026445
45.3294,-112.595,13.0,78.0,48.0,,4.4,-0.06,,3213.0,2.048,,,47.0,-20.0,14.3,6.4,-15.0,5026446
45.2494,-112.4839,27.0,151.0,88.0,,5.7,-0.08,,9206.0,3.247,,,170.0,-20.0,23.3,15.2,-15.0,5026448
45.2414,-112.4803,9.0,85.0,46.0,,2.9,-0.08,,4475.0,1.964,,,154.0,-20.0,6.9,9.5,-15.0,5026449
45.2231,-112.4481,11.1,100.0,50.0,,3.0,-0.1,,4812.0,2.068,,,149.0,-20.0,5.7,9.5,-15.0,5026450
45.7019,-112.3333,4.2,56.0,27.0,,2.3,2.86,,4490.0,4.529,,,429.0,-20.0,4.2,14.2,130.0,5026451
45.6706,-112.2989,9.3,50.0,30.0,,2.3,-0.06,,3017.0,1.417,,,60.0,-20.0,7.0,6.5,-15.0,5026452
45.6242,-112.3333,84.4,133.0,82.0,,15.3,0.08,,4001.0,10.02,,,145.0,-20.0,32.7,9.8,22.0,5026453
45.6533,-112.3614,29.1,223.0,102.0,,5.9,-0.11,,18990.0,6.096,,,102.0,-20.0,39.2,22.5,-15.0,5026454
45.6797,-112.3783,84.6,195.0,99.0,,19.5,-0.13,,4149.0,7.113,,,61.0,-20.0,31.1,14.0,-15.0,5026455
45.6797,-112.3903,94.5,189.0,111.0,,22.5,-0.09,,5458.0,11.14,,,52.0,-20.0,44.5,10.9,-15.0,5026456
45.6706,-112.4083,21.2,139.0,78.0,,4.6,-0.08,,4788.0,2.679,,,59.0,-20.0,12.8,11.3,-15.0,5026457
45.6925,-112.0125,60.8,114.0,61.0,,11.1,-0.1,,4717.0,6.687,,,66.0,-20.0,22.6,12.5,-15.0,5026458
45.6842,-112.0164,8.9,61.0,35.0,,3.3,-0.08,,2593.0,1.515,,,42.0,-20.0,5.7,7.3,-15.0,5026459
45.6831,-112.0139,12.4,73.0,43.0,,3.7,-0.08,,7139.0,4.203,,,100.0,-20.0,11.5,19.0,-15.0,5026460
45.6653,-112.0172,9.6,62.0,34.0,,3.0,-0.08,,2279.0,1.593,,,51.0,-20.0,7.3,6.8,-15.0,5026461
45.6583,-112.0211,11.2,61.0,37.0,,2.7,0.22,,3762.0,2.372,,,86.0,-20.0,9.9,9.0,-15.0,5026462
45.6514,-112.0236,8.7,67.0,35.0,,3.4,-0.07,,3650.0,1.592,,,68.0,-20.0,10.7,7.9,-15.0,5026463
45.8892,-112.2436,,,,,2.7,,,,,,,,,,,,5039846
45.6378,-112.0325,11.4,80.0,39.0,,2.9,-0.08,,3505.0,1.646,,,49.0,-20.0,9.3,7.4,-15.0,5026464
45.6264,-112.0339,21.8,143.0,79.0,,4.4,-0.1,,8201.0,3.197,,,105.0,-20.0,20.9,15.4,-15.0,5026465
45.7314,-112.2392,21.1,102.0,59.0,,4.4,-0.08,,6330.0,15.63,,,319.0,47.0,33.8,9.4,-15.0,5026466
45.7417,-112.2847,6.3,56.0,39.0,,2.8,-0.08,,3103.0,1.296,,,91.0,-20.0,7.3,5.9,-15.0,5026467
45.7433,-112.285,21.8,105.0,58.0,,5.9,-0.11,,4565.0,3.986,,,104.0,-20.0,17.3,15.1,-15.0,5026468
45.7189,-112.2589,10.2,80.0,44.0,,2.5,-0.07,,3354.0,3.667,,,83.0,-20.0,10.4,10.0,-15.0,5026469
45.7081,-112.2675,8.1,88.0,41.0,,2.1,-0.07,,3775.0,4.835,,,129.0,22.0,11.6,9.8,-15.0,5026470
45.7256,-112.2503,11.5,105.0,46.0,,2.6,-0.08,,4546.0,5.005,,,201.0,-20.0,15.4,11.3,-15.0,5026471
45.7386,-112.3517,10.3,74.0,47.0,,2.1,-0.1,,3775.0,3.096,,,70.0,-20.0,9.4,11.4,-15.0,5026472
45.7289,-112.3589,13.8,99.0,61.0,,4.6,0.51,,5620.0,9.37,,,145.0,21.0,37.5,11.5,-15.0,5026473
46.3669,-112.0028,,,,,14.5,,,,,,,,,,,,5039058
45.7128,-112.2978,20.9,125.0,66.0,,6.1,0.72,,6718.0,14.79,,,210.0,125.0,63.2,12.0,25.0,5026474
45.6931,-112.2794,6.2,63.0,29.0,,2.3,0.26,,3268.0,2.292,,,44.0,-20.0,4.9,9.4,-15.0,5026475
45.5914,-112.4822,83.1,422.0,239.0,,7.5,1.48,,-1893.0,9.406,,,167.0,-20.0,34.0,49.0,-15.0,5026476
45.6142,-112.5061,70.7,339.0,182.0,,7.4,1.09,,7748.0,9.571,,,167.0,-20.0,29.9,49.1,-15.0,5026477
45.6289,-112.4967,22.1,121.0,75.0,,4.2,-0.07,,5051.0,2.846,,,107.0,-20.0,10.0,11.5,-15.0,5026478
45.6267,-112.4886,14.1,103.0,47.0,,3.2,-0.09,,6229.0,4.737,,,216.0,-20.0,15.4,15.2,-15.0,5026479
45.5822,-112.4653,7.2,47.0,32.0,,2.0,0.22,,5984.0,4.905,,,149.0,-20.0,9.0,20.0,-15.0,5026480
45.6019,-112.4467,7.5,45.0,21.0,,2.1,0.2,,4689.0,2.85,,,104.0,-20.0,5.7,14.2,-15.0,5026481
45.5758,-112.4414,10.5,72.0,37.0,,2.3,-0.06,,4516.0,2.519,,,66.0,-20.0,11.0,10.7,-15.0,5026482
45.6186,-112.4047,32.3,168.0,97.0,,4.2,0.18,,6207.0,3.01,,,77.0,-20.0,15.9,15.8,-15.0,5026483
45.5553,-112.4561,20.9,112.0,59.0,,3.1,-0.11,,3841.0,3.249,,,106.0,-20.0,10.5,16.4,-15.0,5026484
45.5525,-112.4844,33.3,181.0,96.0,,5.6,-0.09,,7203.0,4.836,,,107.0,-20.0,13.7,24.1,16.0,5026485
45.5292,-112.4261,27.4,165.0,93.0,,5.2,-0.08,,7785.0,4.153,,,99.0,-20.0,19.3,21.4,16.0,5026486
45.5003,-112.4519,19.1,115.0,58.0,,3.9,-0.08,,5934.0,3.052,,,84.0,-20.0,11.0,14.7,15.0,5026487
45.6181,-112.1931,10.6,78.0,45.0,,4.2,-0.09,,4168.0,2.355,,,87.0,-20.0,15.0,8.9,18.0,5026488
45.625,-112.1867,5.9,42.0,25.0,,2.3,-0.09,,3408.0,3.939,,,183.0,-20.0,6.8,19.6,-15.0,5026489
45.6069,-112.0553,11.9,65.0,44.0,,3.4,-0.1,,3348.0,4.62,,,231.0,-20.0,11.2,20.0,-15.0,5026490
45.5694,-112.2361,12.1,74.0,33.0,,2.8,-0.09,,2745.0,1.668,,,62.0,-20.0,8.8,7.7,-15.0,5026491
45.5853,-112.2294,8.5,67.0,34.0,,2.6,-0.08,,2677.0,1.794,,,75.0,-20.0,8.0,7.9,-15.0,5026492
45.5936,-112.1833,10.5,79.0,48.0,,3.8,-0.07,,4102.0,2.548,,,51.0,-20.0,7.2,9.2,-15.0,5026493
45.6142,-112.1939,7.1,44.0,28.0,,2.1,-0.07,,2884.0,1.389,,,75.0,-20.0,5.3,8.3,-15.0,5026494
45.7006,-112.4322,61.8,185.0,95.0,,15.5,-0.09,,3706.0,3.254,,,28.0,-20.0,23.7,9.6,28.0,5026495
45.7064,-112.4444,32.3,111.0,73.0,,13.1,-0.11,,3038.0,2.469,,,-16.0,-20.0,15.9,9.5,-15.0,5026496
45.6978,-112.4217,10.1,90.0,47.0,,3.2,-0.07,,4898.0,2.162,,,127.0,-20.0,11.4,9.4,-15.0,5026497
45.7292,-112.3917,13.5,87.0,43.0,,3.7,-0.1,,4180.0,2.704,,,113.0,-20.0,9.2,14.7,-15.0,5026498
45.6719,-112.3397,12.2,54.0,36.0,,3.9,-0.1,,4366.0,2.08,,,89.0,-20.0,5.7,10.4,-15.0,5026499
45.6414,-112.3472,69.7,156.0,87.0,,12.1,-0.12,,4258.0,5.543,,,44.0,-20.0,24.5,11.3,18.0,5026500
45.6061,-112.3369,23.4,113.0,59.0,,3.8,-0.07,,4025.0,3.505,,,72.0,-20.0,11.5,8.8,-15.0,5026501
45.5903,-112.3467,13.1,68.0,39.0,,2.7,-0.06,,3815.0,2.918,,,74.0,-20.0,9.7,10.0,-15.0,5026502
45.5522,-112.4247,11.8,78.0,43.0,,2.3,-0.08,,3434.0,2.315,,,69.0,-20.0,8.4,9.4,-15.0,5026503
45.5692,-112.3578,14.9,97.0,49.0,,2.8,-0.08,,4053.0,3.525,,,73.0,-20.0,10.1,10.1,-15.0,5026504
45.5758,-112.3831,11.8,67.0,42.0,,2.6,-0.06,,3214.0,2.206,,,58.0,-20.0,8.4,9.1,-15.0,5026505
45.5411,-112.3706,14.4,95.0,56.0,,3.3,-0.06,,3453.0,1.693,,,51.0,-20.0,12.0,8.6,-15.0,5026506
45.5636,-112.4078,29.4,173.0,88.0,,3.8,1.01,,6430.0,6.005,,,112.0,-20.0,12.0,31.4,-15.0,5026507
45.5006,-112.22,7.3,66.0,25.0,,2.0,-0.1,,5037.0,3.818,,,173.0,-20.0,6.0,18.1,-15.0,5026508
45.5228,-112.2283,22.7,116.0,68.0,,4.9,0.41,,8633.0,6.168,,,469.0,-20.0,24.5,24.8,-15.0,5026509
45.5378,-112.2492,9.4,63.0,41.0,,2.5,-0.07,,3653.0,1.843,,,81.0,-20.0,7.7,9.1,-15.0,5026510
45.5278,-112.2411,11.7,66.0,40.0,,2.9,-0.09,,3121.0,1.606,,,90.0,-20.0,11.1,7.7,-15.0,5026511
45.5556,-112.2361,8.9,62.0,30.0,,2.8,-0.11,,3700.0,2.109,,,91.0,-20.0,9.9,10.4,-15.0,5026512
45.5617,-112.2006,11.4,63.0,36.0,,3.4,0.9,,4308.0,3.047,,,226.0,-20.0,11.5,10.0,-15.0,5026513
45.5078,-112.3314,11.2,63.0,43.0,,3.0,-0.09,,3288.0,1.716,,,95.0,-20.0,8.4,8.3,-15.0,5026514
45.5736,-112.2183,5.2,37.0,20.0,,1.9,-0.06,,1901.0,1.183,,,71.0,-20.0,4.5,5.8,-15.0,5026515
45.5228,-112.0722,12.8,75.0,39.0,,3.3,-0.07,,3759.0,3.047,,,150.0,24.0,9.3,16.5,-15.0,5026516
45.5278,-112.0703,11.5,65.0,40.0,,2.7,-0.07,,3458.0,1.781,,,101.0,-20.0,11.1,7.3,-15.0,5026517
45.4769,-112.1625,13.8,130.0,51.0,,4.5,-0.13,,7181.0,6.385,,,325.0,-20.0,15.7,29.8,-15.0,5026518
45.5125,-112.1033,21.7,111.0,63.0,,4.7,-0.1,,9703.0,7.568,,,382.0,-20.0,22.4,33.9,-15.0,5026519
45.5181,-112.1408,8.1,50.0,32.0,,2.6,-0.08,,3444.0,1.939,,,31.0,-20.0,4.5,10.3,-15.0,5026520
45.4992,-112.1822,8.8,75.0,30.0,,3.9,0.92,,6557.0,4.897,,,220.0,-20.0,8.5,23.4,-15.0,5026521
45.5197,-112.1425,8.2,95.0,41.0,,2.7,0.19,,2642.0,6.298,,,462.0,-20.0,10.1,30.9,-15.0,5026522
45.5078,-112.1589,7.4,52.0,31.0,,3.0,-0.08,,5434.0,3.962,,,207.0,-20.0,9.1,20.6,-15.0,5026523
45.5625,-112.1192,10.1,73.0,36.0,,4.7,1.7,,8024.0,5.297,,,216.0,-20.0,11.5,25.2,-15.0,5026524
45.5247,-112.1761,16.8,114.0,47.0,,3.3,0.18,,8379.0,5.912,,,256.0,-20.0,13.9,27.6,-15.0,5026525
45.4931,-112.2228,10.4,69.0,32.0,,3.2,0.26,,5226.0,4.239,,,213.0,-20.0,8.3,20.6,-15.0,5026526
45.4794,-112.0589,9.0,57.0,34.0,,2.5,-0.07,,4752.0,2.514,,,187.0,-20.0,8.4,12.1,-15.0,5026527
46.2839,-112.1542,,,,,6.1,,,,,,,,,,,,5039631
45.4714,-112.1164,15.2,146.0,66.0,,4.2,-0.08,,9111.0,5.157,,,87.0,-20.0,20.5,22.9,-15.0,5026528
45.6556,-112.1583,12.4,80.0,50.0,,3.3,-0.1,,4243.0,2.204,,,111.0,-20.0,8.2,10.2,-15.0,5026529
45.65,-112.1764,8.9,62.0,35.0,,3.4,-0.09,,4009.0,2.545,,,153.0,-20.0,7.8,11.2,-15.0,5026530
45.6611,-112.1961,12.6,79.0,45.0,,2.8,-0.07,,4576.0,2.422,,,130.0,-20.0,9.5,12.1,26.0,5026531
45.6661,-112.2111,8.8,57.0,37.0,,2.5,-0.07,,4033.0,2.336,,,102.0,-20.0,7.8,12.5,-15.0,5026532
45.6825,-112.5122,44.6,272.0,135.0,,4.4,-0.09,,7319.0,3.945,,,92.0,-20.0,20.9,21.2,-15.0,5026533
45.6406,-112.5092,32.0,185.0,101.0,,4.6,-0.12,,5937.0,4.147,,,87.0,-20.0,21.7,20.5,-15.0,5026534
45.6944,-112.5339,38.0,200.0,99.0,,5.2,-0.09,,9568.0,4.322,,,246.0,-20.0,35.1,20.0,-15.0,5026535
45.6978,-112.5336,17.8,95.0,56.0,,2.7,-0.08,,4482.0,3.074,,,142.0,-20.0,11.3,18.3,-15.0,5026536
45.6025,-112.0311,11.2,82.0,38.0,,2.7,-0.08,,3311.0,2.262,,,80.0,-20.0,10.3,9.0,-15.0,5026537
45.3569,-112.025,12.1,110.0,55.0,,3.4,-0.07,,7211.0,2.982,,,189.0,-20.0,17.4,13.1,-15.0,5026570
45.5783,-112.3036,8.3,64.0,31.0,,3.2,-0.06,,3172.0,1.466,,,63.0,-20.0,9.4,6.7,-15.0,5026538
45.5583,-112.3139,26.5,127.0,72.0,,4.1,-0.07,,2584.0,2.289,,,23.0,-20.0,11.6,6.2,-15.0,5026539
45.5997,-112.3044,13.3,71.0,36.0,,2.9,-0.06,,4685.0,2.734,,,98.0,-20.0,10.1,9.8,-15.0,5026540
45.6275,-112.2947,35.2,146.0,93.0,,6.9,0.12,,6762.0,6.139,,,125.0,21.0,35.3,9.6,-15.0,5026541
45.6633,-112.2697,17.2,118.0,53.0,,3.8,-0.06,,4076.0,3.552,,,122.0,-20.0,20.8,9.7,-15.0,5026542
45.4861,-112.0022,12.8,87.0,46.0,,3.7,-0.08,,3864.0,2.492,,,113.0,-20.0,8.9,12.5,26.0,5026543
45.4878,-112.0025,12.3,71.0,40.0,,2.9,-0.05,,3175.0,2.039,,,56.0,-20.0,9.7,8.5,-15.0,5026544
45.4811,-112.0483,11.6,84.0,46.0,,3.5,-0.08,,5164.0,2.549,,,96.0,-20.0,6.6,14.1,-15.0,5026545
45.4628,-112.4969,10.7,70.0,40.0,,3.4,-0.07,,3886.0,2.107,,,95.0,-20.0,7.7,9.1,-15.0,5026546
45.4228,-112.4458,11.6,73.0,44.0,,3.4,-0.09,,3173.0,1.644,,,42.0,-20.0,11.5,7.0,-15.0,5026547
45.4022,-112.455,13.5,86.0,45.0,,4.1,-0.08,,4366.0,2.264,,,90.0,-20.0,8.4,9.5,-15.0,5026548
45.3917,-112.4514,20.7,118.0,69.0,,6.7,-0.07,,4574.0,3.15,,,155.0,-20.0,11.1,16.4,-15.0,5026549
45.3789,-112.4458,13.2,78.0,45.0,,3.7,-0.05,,3246.0,1.851,,,39.0,-20.0,12.2,7.4,-15.0,5026550
45.3875,-112.4328,11.8,85.0,44.0,,3.4,-0.06,,3127.0,1.678,,,36.0,-20.0,10.1,6.7,-15.0,5026551
45.3911,-112.4189,11.0,73.0,46.0,,3.1,-0.08,,4722.0,2.3,,,122.0,-20.0,7.3,9.6,-15.0,5026552
45.3914,-112.4161,11.7,70.0,43.0,,3.4,-0.05,,3672.0,1.718,,,37.0,-20.0,9.3,7.1,-15.0,5026553
45.4353,-112.3856,12.4,84.0,48.0,,3.9,-0.06,,4021.0,2.36,,,93.0,-20.0,8.0,10.3,-15.0,5026554
45.3058,-112.0767,17.5,117.0,53.0,,3.4,-0.08,,6872.0,4.81,,,237.0,-20.0,14.4,22.5,-15.0,5026555
45.2789,-112.0733,18.4,110.0,65.0,,4.8,-0.09,,4423.0,3.31,,,148.0,-20.0,17.5,15.8,-15.0,5026556
45.2661,-112.0894,13.3,73.0,39.0,,2.6,-0.08,,5250.0,5.273,,,208.0,-20.0,6.9,23.1,-15.0,5026557
45.2883,-112.0983,13.6,73.0,49.0,,3.4,-0.08,,4723.0,4.791,,,193.0,-20.0,13.0,23.3,-15.0,5026558
45.2692,-112.1003,11.5,101.0,40.0,,2.5,-0.09,,4704.0,4.885,,,195.0,-20.0,7.3,21.3,-15.0,5026559
45.2828,-112.0672,11.0,77.0,42.0,,3.0,-0.09,,5271.0,4.285,,,169.0,-20.0,9.9,20.0,-15.0,5026560
45.2681,-112.0372,21.3,95.0,53.0,,4.1,-0.08,,6429.0,5.947,,,246.0,-20.0,14.2,26.5,-15.0,5026561
45.2786,-112.0367,11.5,71.0,45.0,,2.9,-0.07,,6337.0,3.805,,,163.0,-20.0,10.1,18.2,-15.0,5026562
45.2978,-112.0492,11.9,92.0,43.0,,2.6,-0.07,,4150.0,2.221,,,80.0,-20.0,10.4,10.2,-15.0,5026563
45.3067,-112.0556,13.4,99.0,44.0,,2.8,-0.1,,6528.0,4.694,,,223.0,-20.0,10.9,22.2,-15.0,5026564
45.3158,-112.0636,12.7,96.0,39.0,,2.8,-0.08,,6285.0,5.307,,,234.0,-20.0,9.2,26.7,-15.0,5026565
45.32,-112.0583,14.9,107.0,51.0,,3.3,-0.08,,6994.0,3.226,,,237.0,-20.0,13.1,17.1,-15.0,5026566
45.3275,-112.0192,16.3,107.0,48.0,,3.4,-0.09,,6296.0,3.394,,,233.0,-20.0,11.9,17.9,23.0,5026567
45.3244,-112.0019,16.6,103.0,57.0,,3.4,-0.07,,8229.0,3.52,,,253.0,-20.0,14.1,18.2,-15.0,5026568
45.3522,-112.0233,14.6,107.0,56.0,,3.3,-0.07,,7115.0,3.056,,,179.0,-20.0,16.6,13.5,-15.0,5026569
45.3625,-112.0208,18.3,123.0,67.0,,4.4,-0.08,,11320.0,4.124,,,391.0,26.0,29.6,16.2,28.0,5026571
45.3539,-112.0439,14.9,101.0,59.0,,3.7,-0.06,,9691.0,3.306,,,271.0,53.0,19.2,14.3,-15.0,5026572
45.3539,-112.065,18.9,111.0,62.0,,3.5,-0.1,,7981.0,3.265,,,228.0,24.0,20.8,13.9,-15.0,5026573
45.3464,-112.1092,16.1,127.0,56.0,,4.0,-0.07,,9009.0,3.352,,,290.0,26.0,21.4,14.6,-15.0,5026574
45.3528,-112.1208,11.3,101.0,53.0,,2.7,-0.08,,5880.0,2.776,,,174.0,-20.0,13.3,12.8,-15.0,5026575
45.3664,-112.09,13.6,94.0,56.0,,2.9,-0.06,,7129.0,3.144,,,195.0,-20.0,15.4,13.5,-15.0,5026576
45.3686,-112.0939,13.0,107.0,54.0,,3.2,-0.06,,7994.0,3.058,,,192.0,-20.0,15.2,13.9,-15.0,5026577
45.3269,-112.0636,10.6,97.0,49.0,,2.7,-0.07,,6025.0,2.692,,,161.0,-20.0,12.6,12.4,-15.0,5026578
45.2514,-112.5169,13.2,86.0,36.0,,2.6,-0.08,,3566.0,2.332,,,110.0,-20.0,8.0,11.2,-15.0,5026579
45.3572,-112.6222,9.2,60.0,33.0,,3.3,-0.06,,3411.0,2.103,,,95.0,-20.0,11.0,9.8,-15.0,5026580
45.3522,-112.5689,10.3,78.0,41.0,,2.5,-0.06,,4197.0,2.288,,,95.0,-20.0,8.3,11.4,-15.0,5026581
45.3225,-112.5253,11.2,88.0,42.0,,2.6,-0.06,,4082.0,2.137,,,105.0,-20.0,8.8,10.8,-15.0,5026582
45.3042,-112.4775,13.6,91.0,43.0,,3.8,-0.09,,4236.0,4.79,,,110.0,-20.0,12.3,19.5,-15.0,5026583
45.2686,-112.4411,9.3,54.0,32.0,,2.2,-0.07,,4978.0,4.441,,,389.0,-20.0,6.8,21.0,-15.0,5026584
45.2733,-112.4122,7.0,48.0,27.0,,2.1,-0.08,,5636.0,4.563,,,395.0,-20.0,6.1,22.1,-15.0,5026585
45.2889,-112.405,7.6,64.0,32.0,,2.4,-0.08,,3505.0,3.196,,,122.0,-20.0,7.7,14.0,-15.0,5026586
45.2914,-112.4028,9.6,54.0,27.0,,2.2,-0.07,,4699.0,4.614,,,417.0,-20.0,6.4,22.1,-15.0,5026587
45.3169,-112.4411,9.3,56.0,31.0,,2.6,-0.07,,5198.0,3.34,,,129.0,39.0,8.1,15.6,-15.0,5026588
45.3242,-112.4408,8.2,69.0,29.0,,2.3,-0.07,,4323.0,3.267,,,150.0,-20.0,7.5,14.8,-15.0,5026589
45.3347,-112.4486,8.5,62.0,29.0,,2.8,-0.08,,4596.0,3.49,,,99.0,-20.0,7.0,15.9,-15.0,5026590
45.3447,-112.4358,23.5,123.0,69.0,,5.6,-0.07,,,8.578,,,121.0,-20.0,14.5,28.4,-15.0,5026591
45.3628,-112.435,9.3,64.0,34.0,,2.4,-0.06,,3966.0,2.253,,,67.0,-20.0,5.7,9.0,-15.0,5026592
45.3706,-112.4364,14.7,104.0,45.0,,4.3,-0.07,,8130.0,4.916,,,102.0,-20.0,13.5,19.5,-15.0,5026593
45.3589,-112.4,11.9,78.0,46.0,,3.7,-0.09,,6804.0,4.283,,,102.0,-20.0,11.2,18.9,-15.0,5026594
45.3717,-112.3981,11.5,75.0,42.0,,2.4,-0.06,,4293.0,2.282,,,110.0,-20.0,8.1,11.8,-15.0,5026595
45.3408,-112.3514,18.9,126.0,60.0,,5.0,-0.08,,8548.0,3.362,,,232.0,-20.0,20.5,17.4,-15.0,5026596
45.3103,-112.3533,16.2,110.0,56.0,,3.4,-0.07,,6945.0,3.071,,,239.0,-20.0,14.1,16.8,-15.0,5026597
45.29,-112.3381,14.5,85.0,47.0,,4.7,-0.09,,3449.0,2.311,,,93.0,-20.0,8.5,10.3,-15.0,5026598
45.2586,-112.3525,20.7,110.0,61.0,,6.8,-0.06,,4260.0,2.223,,,101.0,-20.0,12.9,10.4,-15.0,5026599
45.2544,-112.3208,13.8,82.0,45.0,,4.4,-0.06,,4247.0,2.178,,,90.0,-20.0,9.5,10.0,-15.0,5026600
45.2931,-112.3086,21.6,119.0,63.0,,6.6,-0.07,,3573.0,2.157,,,100.0,-20.0,13.6,10.1,-15.0,5026601
45.3494,-112.3217,17.2,100.0,56.0,,5.9,-0.08,,5081.0,2.301,,,90.0,-20.0,10.1,10.7,-15.0,5026602
45.3403,-112.3181,16.4,86.0,51.0,,5.1,-0.06,,3772.0,2.138,,,90.0,-20.0,10.5,9.9,-15.0,5026603
45.3286,-112.2922,13.0,76.0,47.0,,4.1,-0.07,,5359.0,4.695,,,104.0,-20.0,12.0,19.6,-15.0,5026604
46.2889,-112.1292,,,,,10.8,,,,,,,,,,,,5039632
46.2889,-112.1292,,,,,5.9,,,,,,,,,,,,5039633
46.2889,-112.1292,,,,,8.6,,,,,,,,,,,,5039634
46.2783,-111.9386,,,,,3.3,,,,,,,,,,,,5039635
46.2783,-111.9386,,,,,3.6,,,,,,,,,,,,5039636
46.3647,-112.0064,,,,,30.8,,,,,,,,,,,,5039059
46.3303,-112.0531,,,,,14.4,,,,,,,,,,,,5039060
46.3361,-112.0461,,,,,24.5,,,,,,,,,,,,5039061
46.3361,-112.0461,,,,,17.6,,,,,,,,,,,,5039062
46.3361,-112.0461,,,,,23.1,,,,,,,,,,,,5039063
46.2783,-111.9386,,,,,2.8,,,,,,,,,,,,5039637
46.3361,-112.0461,,,,,22.1,,,,,,,,,,,,5039064
46.2783,-111.9386,,,,,3.3,,,,,,,,,,,,5039638
46.2747,-111.9753,,,,,5.4,,,,,,,,,,,,5039639
46.2528,-111.95,,,,,2.5,,,,,,,,,,,,5039640
46.3414,-112.0544,,,,,22.5,,,,,,,,,,,,5039065
46.3433,-112.0542,,,,,22.0,,,,,,,,,,,,5039066
46.3433,-112.0542,,,,,20.0,,,,,,,,,,,,5039067
46.3433,-112.0542,,,,,24.6,,,,,,,,,,,,5039068
46.3433,-112.0542,,,,,23.0,,,,,,,,,,,,5039069
46.2528,-111.95,,,,,2.2,,,,,,,,,,,,5039641
46.2528,-111.95,,,,,2.2,,,,,,,,,,,,5039642
46.3014,-112.0522,,,,,24.2,,,,,,,,,,,,5039070
46.3028,-112.0547,,,,,15.4,,,,,,,,,,,,5039071
46.3028,-112.0547,,,,,11.7,,,,,,,,,,,,5039072
46.3028,-112.0547,,,,,14.8,,,,,,,,,,,,5039073
46.2897,-112.0556,,,,,14.6,,,,,,,,,,,,5039074
46.2894,-112.0533,,,,,28.6,,,,,,,,,,,,5039075
46.2894,-112.0533,,,,,22.2,,,,,,,,,,,,5039076
45.8892,-112.2436,,,,,3.1,,,,,,,,,,,,5039847
46.2894,-112.0533,,,,,25.2,,,,,,,,,,,,5039077
46.2894,-112.0533,,,,,50.3,,,,,,,,,,,,5039078
46.6853,-112.0711,,,,,3.2,,,,,,,,,,,,5039079
46.6853,-112.0711,,,,,3.0,,,,,,,,,,,,5039080
46.6853,-112.0711,,,,,3.3,,,,,,,,,,,,5039081
46.6903,-112.225,,,,,3.0,,,,,,,,,,,,5039082
46.6903,-112.225,,,,,3.0,,,,,,,,,,,,5039083
45.8806,-112.1472,,,,,5.6,,,,,,,,,,,,5039848
45.8806,-112.1472,,,,,3.3,,,,,,,,,,,,5039849
45.8806,-112.1472,,,,,5.0,,,,,,,,,,,,5039850
46.6903,-112.225,,,,,2.7,,,,,,,,,,,,5039084
46.6903,-112.225,,,,,2.5,,,,,,,,,,,,5039085
46.7081,-112.1872,,,,,2.8,,,,,,,,,,,,5039086
46.5817,-112.1617,,,,,2.6,,,,,,,,,,,,5039087
45.9261,-112.1836,,,,,3.7,,,,,,,,,,,,5039851
46.5817,-112.1617,,,,,1.6,,,,,,,,,,,,5039088
46.5817,-112.1617,,,,,2.3,,,,,,,,,,,,5039089
45.9319,-112.1764,,,,,3.1,,,,,,,,,,,,5039852
45.7967,-112.5681,,,,,5.0,,,,,,,,,,,,5039090
45.7967,-112.5681,,,,,3.7,,,,,,,,,,,,5039091
45.9319,-112.1764,,,,,2.8,,,,,,,,,,,,5039853
45.7967,-112.5681,,,,,4.5,,,,,,,,,,,,5039092
45.9319,-112.1764,,,,,3.1,,,,,,,,,,,,5039854
45.7967,-112.5681,,,,,6.0,,,,,,,,,,,,5039093
45.7558,-112.6025,,,,,5.3,,,,,,,,,,,,5039094
45.7644,-112.5967,,,,,2.5,,,,,,,,,,,,5039095
45.7697,-112.5244,,,,,4.5,,,,,,,,,,,,5039096
45.7661,-112.5278,,,,,32.6,,,,,,,,,,,,5039097
45.7661,-112.5278,,,,,21.2,,,,,,,,,,,,5039098
45.7661,-112.5278,,,,,27.7,,,,,,,,,,,,5039099
45.7661,-112.5278,,,,,4.7,,,,,,,,,,,,5039100
45.765,-112.5922,,,,,4.8,,,,,,,,,,,,5039101
45.7756,-112.5636,,,,,5.9,,,,,,,,,,,,5039102
45.7756,-112.5636,,,,,5.4,,,,,,,,,,,,5039103
45.7756,-112.5636,,,,,4.9,,,,,,,,,,,,5039104
45.7756,-112.5636,,,,,4.9,,,,,,,,,,,,5039105
45.7961,-112.5164,,,,,2.6,,,,,,,,,,,,5039106
45.8206,-112.5206,,,,,7.6,,,,,,,,,,,,5039107
46.1917,-112.6972,,,,,8.3,,,,,,,,,,,,5039108
46.1917,-112.6972,,,,,10.5,,,,,,,,,,,,5039109
46.1917,-112.6972,,,,,9.2,,,,,,,,,,,,5039110
46.2042,-112.6444,,,,,19.3,,,,,,,,,,,,5039111
46.2042,-112.6444,,,,,13.5,,,,,,,,,,,,5039112
46.2042,-112.6444,,,,,16.4,,,,,,,,,,,,5039113
46.1569,-112.5403,,,,,7.0,,,,,,,,,,,,5039114
45.9703,-112.1944,,,,,3.2,,,,,,,,,,,,5039855
46.1583,-112.5431,,,,,8.0,,,,,,,,,,,,5039115
46.1583,-112.5431,,,,,3.4,,,,,,,,,,,,5039116
45.9703,-112.1944,,,,,3.0,,,,,,,,,,,,5039856
45.9703,-112.1944,,,,,2.9,,,,,,,,,,,,5039857
45.9797,-112.1772,,,,,2.8,,,,,,,,,,,,5039858
45.9797,-112.1772,,,,,2.9,,,,,,,,,,,,5039859
45.9797,-112.1772,,,,,2.9,,,,,,,,,,,,5039860
46.2944,-112.4736,,,,,7.0,,,,,,,,,,,,5039950
46.1583,-112.5431,,,,,4.9,,,,,,,,,,,,5039117
46.1556,-112.5681,,,,,7.7,,,,,,,,,,,,5039118
46.2042,-112.0642,,,,,5.5,,,,,,,,,,,,5039119
46.2042,-112.0642,,,,,6.8,,,,,,,,,,,,5039120
46.2042,-112.0642,,,,,6.3,,,,,,,,,,,,5039121
46.2847,-112.1986,,,,,7.2,,,,,,,,,,,,5039660
46.2847,-112.1986,,,,,14.6,,,,,,,,,,,,5039661
46.0933,-112.3628,,,,,26.6,,,,,,,,,,,,5039679
46.2042,-112.0642,,,,,8.1,,,,,,,,,,,,5039122
46.2306,-112.0617,,,,,15.0,,,,,,,,,,,,5039123
46.2306,-112.0617,,,,,18.6,,,,,,,,,,,,5039124
46.2306,-112.0617,,,,,19.9,,,,,,,,,,,,5039125
46.0933,-112.3628,,,,,19.8,,,,,,,,,,,,5039680
46.2814,-112.0708,,,,,19.7,,,,,,,,,,,,5039126
46.0933,-112.3628,,,,,23.0,,,,,,,,,,,,5039681
46.2944,-112.4736,,,,,5.1,,,,,,,,,,,,5039951
46.2886,-112.0389,,,,,28.1,,,,,,,,,,,,5039127
46.2944,-112.4736,,,,,5.8,,,,,,,,,,,,5039952
46.3725,-112.3503,,,,,9.7,,,,,,,,,,,,5039970
46.2886,-112.0389,,,,,27.8,,,,,,,,,,,,5039128
46.2886,-112.0389,,,,,30.8,,,,,,,,,,,,5039129
46.0375,-112.4333,,,,,18.3,,,,,,,,,,,,5039716
46.2911,-112.0361,,,,,99.3,,,,,,,,,,,,5039130
46.1958,-112.4494,,,,,10.4,,,,,,,,,,,,5039734
46.2556,-112.1486,,,,,10.5,,,,,,,,,,,,5039753
46.2856,-112.1269,,,,,6.6,,,,,,,,,,,,5039754
46.2856,-112.1269,,,,,7.8,,,,,,,,,,,,5039755
46.2981,-112.035,,,,,39.2,,,,,,,,,,,,5039131
46.2856,-112.1269,,,,,6.7,,,,,,,,,,,,5039756
46.3725,-112.3503,,,,,9.2,,,,,,,,,,,,5039971
46.3056,-112.0278,,,,,19.6,,,,,,,,,,,,5039132
46.3056,-112.0278,,,,,15.6,,,,,,,,,,,,5039133
46.3056,-112.0278,,,,,16.6,,,,,,,,,,,,5039134
46.2625,-112.0347,,,,,34.4,,,,,,,,,,,,5039757
46.2597,-112.0375,,,,,5.7,,,,,,,,,,,,5039758
46.3056,-112.0278,,,,,26.7,,,,,,,,,,,,5039135
46.2597,-112.0375,,,,,6.2,,,,,,,,,,,,5039759
46.2597,-112.0375,,,,,8.3,,,,,,,,,,,,5039760
46.475,-112.3694,,,,,13.3,,,,,,,,,,,,5039989
46.1792,-112.7083,,,,,7.1,,,,,,,,,,,,5039778
46.1792,-112.7083,,,,,7.5,,,,,,,,,,,,5039779
46.3056,-112.0306,,,,,24.0,,,,,,,,,,,,5039136
46.475,-112.3694,,,,,8.9,,,,,,,,,,,,5039990
46.3097,-112.0317,,,,,43.0,,,,,,,,,,,,5039137
46.475,-112.3694,,,,,11.2,,,,,,,,,,,,5039991
46.1861,-112.5611,,,,,10.9,,,,,,,,,,,,5039138
46.1861,-112.5611,,,,,6.7,,,,,,,,,,,,5039139
46.1861,-112.5611,,,,,8.6,,,,,,,,,,,,5039140
46.2158,-112.6569,,,,,14.0,,,,,,,,,,,,5039141
46.2158,-112.6569,,,,,11.3,,,,,,,,,,,,5039142
46.2158,-112.6569,,,,,11.9,,,,,,,,,,,,5039143
46.2319,-112.6472,,,,,14.0,,,,,,,,,,,,5039144
46.2319,-112.6472,,,,,7.0,,,,,,,,,,,,5039145
46.2319,-112.6472,,,,,12.5,,,,,,,,,,,,5039146
46.4208,-112.0903,,,,,11.7,,,,,,,,,,,,5039147
46.4208,-112.0903,,,,,5.0,,,,,,,,,,,,5039148
46.4208,-112.0903,,,,,8.1,,,,,,,,,,,,5039149
46.4611,-112.0175,,,,,16.4,,,,,,,,,,,,5039150
46.4611,-112.0175,,,,,13.7,,,,,,,,,,,,5039151
46.4611,-112.0175,,,,,15.8,,,,,,,,,,,,5039152
46.4653,-112.0056,,,,,8.6,,,,,,,,,,,,5039153
46.4653,-112.0056,,,,,7.8,,,,,,,,,,,,5039154
46.4653,-112.0056,,,,,8.5,,,,,,,,,,,,5039155
46.4625,-112.0075,,,,,11.7,,,,,,,,,,,,5039156
46.4625,-112.0075,,,,,9.2,,,,,,,,,,,,5039157
46.4625,-112.0075,,,,,12.5,,,,,,,,,,,,5039158
46.4647,-111.9944,,,,,8.3,,,,,,,,,,,,5039159
46.4806,-112.0167,,,,,6.1,,,,,,,,,,,,5039160
46.4806,-112.0167,,,,,5.9,,,,,,,,,,,,5039161
46.4806,-112.0167,,,,,6.2,,,,,,,,,,,,5039162
45.9111,-112.7244,,,,,11.9,,,,,,,,,,,,5039163
45.9111,-112.7244,,,,,10.1,,,,,,,,,,,,5039164
45.9111,-112.7244,,,,,10.9,,,,,,,,,,,,5039165
45.9111,-112.7244,,,,,16.8,,,,,,,,,,,,5039166
45.8794,-112.7167,,,,,14.3,,,,,,,,,,,,5039167
45.8794,-112.7167,,,,,18.0,,,,,,,,,,,,5039168
45.8794,-112.7167,,,,,16.1,,,,,,,,,,,,5039169
45.8794,-112.7167,,,,,17.6,,,,,,,,,,,,5039170
45.8744,-112.7389,,,,,16.2,,,,,,,,,,,,5039171
45.8522,-112.7383,,,,,10.6,,,,,,,,,,,,5039172
45.8469,-112.6939,,,,,6.8,,,,,,,,,,,,5039173
45.8469,-112.6939,,,,,5.1,,,,,,,,,,,,5039174
45.8469,-112.6939,,,,,8.0,,,,,,,,,,,,5039175
45.7975,-112.6833,,,,,5.6,,,,,,,,,,,,5039176
45.7975,-112.6833,,,,,3.5,,,,,,,,,,,,5039177
45.7975,-112.6833,,,,,4.2,,,,,,,,,,,,5039178
46.4883,-112.7197,,,,,3.4,,,,,,,,,,,,5039179
46.4883,-112.7197,,,,,2.7,,,,,,,,,,,,5039180
46.4883,-112.7197,,,,,3.2,,,,,,,,,,,,5039181
46.4708,-112.7075,,,,,2.9,,,,,,,,,,,,5039182
46.4708,-112.7075,,,,,2.2,,,,,,,,,,,,5039183
46.4708,-112.7075,,,,,2.4,,,,,,,,,,,,5039184
46.4414,-112.6792,,,,,1.7,,,,,,,,,,,,5039185
46.4414,-112.6792,,,,,1.4,,,,,,,,,,,,5039186
46.4414,-112.6792,,,,,1.5,,,,,,,,,,,,5039187
46.4022,-112.6283,,,,,1.8,,,,,,,,,,,,5039188
46.4022,-112.6283,,,,,1.4,,,,,,,,,,,,5039189
46.4022,-112.6283,,,,,1.5,,,,,,,,,,,,5039190
46.3686,-112.7194,,,,,3.9,,,,,,,,,,,,5039191
46.3686,-112.7194,,,,,4.8,,,,,,,,,,,,5039192
46.3686,-112.7194,,,,,5.2,,,,,,,,,,,,5039193
46.2986,-112.7194,,,,,5.6,,,,,,,,,,,,5039194
46.2986,-112.7194,,,,,3.6,,,,,,,,,,,,5039195
46.2986,-112.7194,,,,,4.7,,,,,,,,,,,,5039196
45.9389,-112.6644,,,,,5.2,,,,,,,,,,,,5039197
45.9389,-112.6644,,,,,5.1,,,,,,,,,,,,5039198
45.9389,-112.6644,,,,,5.8,,,,,,,,,,,,5039199
45.7708,-112.7258,,,,,4.1,,,,,,,,,,,,5039200
45.7708,-112.7258,,,,,2.0,,,,,,,,,,,,5039201
45.7708,-112.7258,,,,,2.8,,,,,,,,,,,,5039202
45.9556,-112.5597,,,,,13.4,,,,,,,,,,,,5039203
45.9564,-112.5608,,,,,6.2,,,,,,,,,,,,5039204
45.9564,-112.5608,,,,,3.9,,,,,,,,,,,,5039205
45.9564,-112.5608,,,,,4.8,,,,,,,,,,,,5039206
45.9564,-112.5608,,,,,5.4,,,,,,,,,,,,5039207
46.4408,-111.9611,,,,,24.9,,,,,,,,,,,,5039004
46.4639,-112.1194,,,,,17.9,,,,,,,,,,,,5039005
46.4639,-112.1194,,,,,12.5,,,,,,,,,,,,5039006
46.4639,-112.1194,,,,,16.5,,,,,,,,,,,,5039007
46.4603,-112.1178,,,,,27.3,,,,,,,,,,,,5039008
46.1458,-112.0,,,,,5.3,,,,,,,,,,,,5039549
46.1264,-111.9792,,,,,3.8,,,,,,,,,,,,5039550
46.1264,-111.9792,,,,,3.7,,,,,,,,,,,,5039551
46.1264,-111.9792,,,,,3.7,,,,,,,,,,,,5039552
46.0833,-111.9411,,,,,8.3,,,,,,,,,,,,5039553
46.0833,-111.9411,,,,,7.5,,,,,,,,,,,,5039554
46.0833,-111.9411,,,,,8.5,,,,,,,,,,,,5039555
46.0306,-111.9722,,,,,7.5,,,,,,,,,,,,5039556
46.0306,-111.9722,,,,,8.2,,,,,,,,,,,,5039557
46.0306,-111.9722,,,,,7.9,,,,,,,,,,,,5039558
46.0292,-111.9722,,,,,5.3,,,,,,,,,,,,5039559
46.0292,-111.9722,,,,,4.5,,,,,,,,,,,,5039560
46.0292,-111.9722,,,,,4.6,,,,,,,,,,,,5039561
46.2306,-112.0861,,,,,19.5,,,,,,,,,,,,5039562
46.2194,-112.05,,,,,6.8,,,,,,,,,,,,5039563
46.2208,-112.05,,,,,13.6,,,,,,,,,,,,5039564
46.1958,-112.1414,,,,,20.6,,,,,,,,,,,,5039565
46.2139,-112.1847,,,,,16.3,,,,,,,,,,,,5039566
46.3561,-112.3169,,,,,13.5,,,,,,,,,,,,5039643
46.3392,-112.3303,,,,,24.7,,,,,,,,,,,,5039644
46.3217,-112.3206,,,,,19.4,,,,,,,,,,,,5039645
46.3042,-112.3033,,,,,14.5,,,,,,,,,,,,5039646
46.2919,-112.2822,,,,,7.8,,,,,,,,,,,,5039647
46.2867,-112.2733,,,,,7.0,,,,,,,,,,,,5039648
46.2533,-112.1861,,,,,13.1,,,,,,,,,,,,5039649
46.2533,-112.1861,,,,,8.5,,,,,,,,,,,,5039650
46.2533,-112.1861,,,,,11.8,,,,,,,,,,,,5039651
46.2533,-112.1861,,,,,10.9,,,,,,,,,,,,5039652
46.2603,-112.1833,,,,,10.6,,,,,,,,,,,,5039653
46.3125,-112.1639,,,,,11.8,,,,,,,,,,,,5039654
46.3125,-112.1639,,,,,10.5,,,,,,,,,,,,5039655
46.3125,-112.1639,,,,,11.7,,,,,,,,,,,,5039656
46.3125,-112.1639,,,,,9.6,,,,,,,,,,,,5039657
46.3,-112.1944,,,,,8.0,,,,,,,,,,,,5039658
46.2847,-112.1986,,,,,16.6,,,,,,,,,,,,5039659
46.2847,-112.1986,,,,,11.0,,,,,,,,,,,,5039662
46.27,-112.2183,,,,,9.2,,,,,,,,,,,,5039663
46.27,-112.2183,,,,,7.3,,,,,,,,,,,,5039664
46.27,-112.2183,,,,,9.0,,,,,,,,,,,,5039665
46.3606,-112.2181,,,,,9.8,,,,,,,,,,,,5039666
46.3606,-112.2222,,,,,11.9,,,,,,,,,,,,5039667
46.3492,-112.2139,,,,,23.8,,,,,,,,,,,,5039668
46.3492,-112.2139,,,,,12.3,,,,,,,,,,,,5039669
46.3492,-112.2139,,,,,21.1,,,,,,,,,,,,5039670
46.3492,-112.2139,,,,,14.6,,,,,,,,,,,,5039671
46.2861,-112.2394,,,,,12.2,,,,,,,,,,,,5039672
46.2161,-112.35,,,,,6.4,,,,,,,,,,,,5039673
46.2161,-112.35,,,,,3.2,,,,,,,,,,,,5039674
46.2161,-112.35,,,,,4.0,,,,,,,,,,,,5039675
46.2161,-112.35,,,,,4.5,,,,,,,,,,,,5039676
46.2064,-112.3444,,,,,6.6,,,,,,,,,,,,5039677
46.0797,-112.4047,,,,,26.7,,,,,,,,,,,,5039678
46.0933,-112.3628,,,,,14.3,,,,,,,,,,,,5039682
46.0906,-112.3681,,,,,21.0,,,,,,,,,,,,5039683
46.0906,-112.3681,,,,,17.3,,,,,,,,,,,,5039684
46.0906,-112.3681,,,,,19.7,,,,,,,,,,,,5039685
46.0906,-112.3681,,,,,25.8,,,,,,,,,,,,5039686
46.2375,-112.3389,,,,,10.3,,,,,,,,,,,,5039687
46.2269,-112.3486,,,,,3.4,,,,,,,,,,,,5039688
46.2269,-112.3486,,,,,2.6,,,,,,,,,,,,5039689
46.2269,-112.3486,,,,,2.6,,,,,,,,,,,,5039690
46.1833,-112.3417,,,,,18.0,,,,,,,,,,,,5039691
46.1764,-112.3389,,,,,21.0,,,,,,,,,,,,5039692
46.1903,-112.3461,,,,,14.4,,,,,,,,,,,,5039693
46.1931,-112.3417,,,,,11.3,,,,,,,,,,,,5039694
46.1711,-112.3478,,,,,30.1,,,,,,,,,,,,5039695
46.1656,-112.3575,,,,,21.9,,,,,,,,,,,,5039696
46.1656,-112.3575,,,,,14.1,,,,,,,,,,,,5039697
46.1656,-112.3575,,,,,17.5,,,,,,,,,,,,5039698
46.1656,-112.3575,,,,,19.4,,,,,,,,,,,,5039699
46.1528,-112.4103,,,,,9.4,,,,,,,,,,,,5039700
46.1444,-112.3492,,,,,32.2,,,,,,,,,,,,5039701
46.1444,-112.3492,,,,,15.6,,,,,,,,,,,,5039702
46.1444,-112.3492,,,,,24.7,,,,,,,,,,,,5039703
46.12,-112.4125,,,,,6.9,,,,,,,,,,,,5039704
46.12,-112.4125,,,,,5.8,,,,,,,,,,,,5039705
46.12,-112.4125,,,,,6.5,,,,,,,,,,,,5039706
46.1119,-112.4139,,,,,12.2,,,,,,,,,,,,5039707
46.1022,-112.4242,,,,,13.3,,,,,,,,,,,,5039708
46.0944,-112.4208,,,,,6.1,,,,,,,,,,,,5039709
46.0536,-112.4458,,,,,8.8,,,,,,,,,,,,5039710
46.0536,-112.4458,,,,,9.1,,,,,,,,,,,,5039711
46.0536,-112.4458,,,,,9.2,,,,,,,,,,,,5039712
46.0536,-112.4458,,,,,5.4,,,,,,,,,,,,5039713
46.0375,-112.4333,,,,,20.2,,,,,,,,,,,,5039714
46.0375,-112.4333,,,,,13.5,,,,,,,,,,,,5039715
46.0375,-112.4333,,,,,27.7,,,,,,,,,,,,5039717
46.0436,-112.4294,,,,,17.2,,,,,,,,,,,,5039718
46.0067,-112.4733,,,,,9.9,,,,,,,,,,,,5039719
46.0067,-112.4733,,,,,8.1,,,,,,,,,,,,5039720
46.0067,-112.4733,,,,,9.1,,,,,,,,,,,,5039721
46.0067,-112.4733,,,,,7.8,,,,,,,,,,,,5039722
46.1217,-112.4572,,,,,28.6,,,,,,,,,,,,5039723
46.1436,-112.4739,,,,,5.4,,,,,,,,,,,,5039724
46.1506,-112.4708,,,,,9.1,,,,,,,,,,,,5039725
46.1536,-112.4644,,,,,4.5,,,,,,,,,,,,5039726
46.1753,-112.4392,,,,,8.9,,,,,,,,,,,,5039727
46.1753,-112.4392,,,,,6.0,,,,,,,,,,,,5039728
46.1753,-112.4392,,,,,7.6,,,,,,,,,,,,5039729
46.1753,-112.4392,,,,,8.3,,,,,,,,,,,,5039730
46.1772,-112.4447,,,,,4.3,,,,,,,,,,,,5039731
46.175,-112.4472,,,,,12.0,,,,,,,,,,,,5039732
46.1881,-112.4439,,,,,7.2,,,,,,,,,,,,5039733
46.2081,-112.4761,,,,,6.5,,,,,,,,,,,,5039735
46.2033,-112.4694,,,,,7.2,,,,,,,,,,,,5039736
46.2033,-112.4694,,,,,4.7,,,,,,,,,,,,5039737
46.2033,-112.4694,,,,,6.4,,,,,,,,,,,,5039738
46.2033,-112.4694,,,,,4.5,,,,,,,,,,,,5039739
46.2144,-112.4403,,,,,3.6,,,,,,,,,,,,5039740
46.2244,-112.4361,,,,,3.8,,,,,,,,,,,,5039741
46.2339,-112.4597,,,,,2.9,,,,,,,,,,,,5039742
46.2314,-112.4597,,,,,4.7,,,,,,,,,,,,5039743
46.2439,-112.4214,,,,,5.0,,,,,,,,,,,,5039744
46.2486,-112.1375,,,,,21.0,,,,,,,,,,,,5039745
46.2486,-112.1375,,,,,39.9,,,,,,,,,,,,5039746
46.2486,-112.1375,,,,,33.0,,,,,,,,,,,,5039747
46.2653,-112.1403,,,,,13.9,,,,,,,,,,,,5039748
46.2653,-112.1403,,,,,21.6,,,,,,,,,,,,5039749
46.2653,-112.1403,,,,,25.3,,,,,,,,,,,,5039750
46.2556,-112.1486,,,,,10.5,,,,,,,,,,,,5039751
46.2556,-112.1486,,,,,11.2,,,,,,,,,,,,5039752
46.2569,-112.0694,,,,,20.4,,,,,,,,,,,,5039761
46.2278,-112.0667,,,,,11.7,,,,,,,,,,,,5039762
46.2278,-112.0667,,,,,10.7,,,,,,,,,,,,5039763
46.2278,-112.0667,,,,,11.2,,,,,,,,,,,,5039764
46.4278,-112.6081,,,,,1.9,,,,,,,,,,,,5039765
46.4278,-112.6081,,,,,1.2,,,,,,,,,,,,5039766
46.4278,-112.6081,,,,,1.4,,,,,,,,,,,,5039767
46.4836,-112.5333,,,,,2.8,,,,,,,,,,,,5039768
46.4836,-112.5333,,,,,2.4,,,,,,,,,,,,5039769
46.4836,-112.5333,,,,,2.3,,,,,,,,,,,,5039770
46.4644,-112.5194,,,,,2.4,,,,,,,,,,,,5039771
46.4667,-112.5625,,,,,1.8,,,,,,,,,,,,5039772
46.4667,-112.5625,,,,,1.5,,,,,,,,,,,,5039773
46.4667,-112.5625,,,,,1.6,,,,,,,,,,,,5039774
46.1756,-112.6767,,,,,11.6,,,,,,,,,,,,5039775
46.1756,-112.6767,,,,,7.7,,,,,,,,,,,,5039776
46.1756,-112.6767,,,,,10.1,,,,,,,,,,,,5039777
46.2375,-112.2333,,,,,17.6,,,,,,,,,,,,5039803
46.2361,-112.2328,,,,,12.7,,,,,,,,,,,,5039804
46.2361,-112.2328,,,,,10.2,,,,,,,,,,,,5039805
46.2361,-112.2328,,,,,12.0,,,,,,,,,,,,5039806
46.2361,-112.2328,,,,,14.0,,,,,,,,,,,,5039807
46.1911,-112.1125,,,,,19.4,,,,,,,,,,,,5039808
46.1911,-112.1125,,,,,17.4,,,,,,,,,,,,5039809
46.1911,-112.1125,,,,,20.2,,,,,,,,,,,,5039810
46.1911,-112.1125,,,,,38.4,,,,,,,,,,,,5039811
46.1458,-112.1167,,,,,22.4,,,,,,,,,,,,5039812
46.1314,-112.1089,,,,,31.3,,,,,,,,,,,,5039813
46.1208,-112.1111,,,,,17.2,,,,,,,,,,,,5039814
46.1208,-112.1111,,,,,17.4,,,,,,,,,,,,5039815
46.1208,-112.1111,,,,,17.9,,,,,,,,,,,,5039816
46.1208,-112.1111,,,,,17.1,,,,,,,,,,,,5039817
46.1111,-112.12,,,,,16.4,,,,,,,,,,,,5039818
46.1167,-112.1244,,,,,20.0,,,,,,,,,,,,5039819
46.1167,-112.1244,,,,,11.5,,,,,,,,,,,,5039822
46.1083,-112.1333,,,,,20.6,,,,,,,,,,,,5039823
46.1083,-112.1333,,,,,11.8,,,,,,,,,,,,5039824
46.1083,-112.1333,,,,,14.5,,,,,,,,,,,,5039825
46.1083,-112.1333,,,,,11.9,,,,,,,,,,,,5039826
46.1125,-112.1764,,,,,24.1,,,,,,,,,,,,5039827
46.1036,-112.1819,,,,,33.4,,,,,,,,,,,,5039828
46.1036,-112.1819,,,,,27.6,,,,,,,,,,,,5039829
46.1036,-112.1819,,,,,31.4,,,,,,,,,,,,5039830
46.1036,-112.1819,,,,,21.0,,,,,,,,,,,,5039831
46.0667,-112.1253,,,,,9.4,,,,,,,,,,,,5039832
46.0711,-112.1194,,,,,22.3,,,,,,,,,,,,5039833
46.0536,-112.0961,,,,,4.6,,,,,,,,,,,,5039834
46.0833,-112.1,,,,,5.1,,,,,,,,,,,,5039835
46.0833,-112.1,,,,,3.6,,,,,,,,,,,,5039836
46.0833,-112.1,,,,,4.0,,,,,,,,,,,,5039837
46.0833,-112.1,,,,,5.5,,,,,,,,,,,,5039838
45.9856,-112.1794,,,,,19.4,,,,,,,,,,,,5039861
45.9856,-112.1794,,,,,15.2,,,,,,,,,,,,5039862
45.9856,-112.1794,,,,,18.2,,,,,,,,,,,,5039863
45.9153,-112.2306,,,,,6.1,,,,,,,,,,,,5039864
45.9153,-112.2306,,,,,6.3,,,,,,,,,,,,5039865
45.9153,-112.2306,,,,,6.1,,,,,,,,,,,,5039866
45.9167,-112.2292,,,,,3.9,,,,,,,,,,,,5039867
45.9167,-112.2292,,,,,4.0,,,,,,,,,,,,5039868
45.9167,-112.2292,,,,,3.9,,,,,,,,,,,,5039869
45.92,-112.2644,,,,,5.2,,,,,,,,,,,,5039870
45.9533,-112.2806,,,,,20.6,,,,,,,,,,,,5039871
45.9533,-112.2806,,,,,21.0,,,,,,,,,,,,5039872
45.9533,-112.2806,,,,,21.5,,,,,,,,,,,,5039873
45.9533,-112.2806,,,,,9.9,,,,,,,,,,,,5039874
45.9772,-112.2722,,,,,78.8,,,,,,,,,,,,5039875
45.9772,-112.2722,,,,,64.4,,,,,,,,,,,,5039876
45.9772,-112.2722,,,,,76.3,,,,,,,,,,,,5039877
45.9781,-112.2608,,,,,35.4,,,,,,,,,,,,5039878
45.9781,-112.2608,,,,,26.6,,,,,,,,,,,,5039879
45.9781,-112.2608,,,,,35.7,,,,,,,,,,,,5039880
45.9911,-112.2369,,,,,11.1,,,,,,,,,,,,5039881
45.9911,-112.2369,,,,,12.4,,,,,,,,,,,,5039882
45.9911,-112.2369,,,,,13.5,,,,,,,,,,,,5039883
45.9944,-112.2417,,,,,52.0,,,,,,,,,,,,5039884
45.9725,-112.2319,,,,,50.4,,,,,,,,,,,,5039885
45.9725,-112.2319,,,,,36.3,,,,,,,,,,,,5039886
45.9725,-112.2319,,,,,47.3,,,,,,,,,,,,5039887
45.9667,-112.2389,,,,,25.1,,,,,,,,,,,,5039888
45.9739,-112.2958,,,,,40.1,,,,,,,,,,,,5039889
45.9803,-112.3031,,,,,45.2,,,,,,,,,,,,5039890
45.9803,-112.3031,,,,,50.9,,,,,,,,,,,,5039891
45.9803,-112.3031,,,,,49.6,,,,,,,,,,,,5039892
45.9856,-112.305,,,,,33.5,,,,,,,,,,,,5039893
45.9856,-112.305,,,,,27.2,,,,,,,,,,,,5039894
45.9856,-112.305,,,,,29.7,,,,,,,,,,,,5039895
45.965,-112.3014,,,,,28.1,,,,,,,,,,,,5039896
45.965,-112.3014,,,,,17.1,,,,,,,,,,,,5039897
45.965,-112.3014,,,,,22.1,,,,,,,,,,,,5039898
45.965,-112.3014,,,,,23.7,,,,,,,,,,,,5039899
45.9678,-112.3192,,,,,17.7,,,,,,,,,,,,5039900
45.9678,-112.3192,,,,,12.3,,,,,,,,,,,,5039901
45.9678,-112.3192,,,,,17.2,,,,,,,,,,,,5039902
45.9678,-112.3192,,,,,23.0,,,,,,,,,,,,5039903
45.9811,-112.3231,,,,,4.3,,,,,,,,,,,,5039904
45.9811,-112.3231,,,,,5.1,,,,,,,,,,,,5039905
45.9811,-112.3231,,,,,4.0,,,,,,,,,,,,5039906
45.9867,-112.3328,,,,,25.9,,,,,,,,,,,,5039907
45.9958,-112.3361,,,,,32.9,,,,,,,,,,,,5039908
45.9961,-112.3639,,,,,32.7,,,,,,,,,,,,5039909
45.9961,-112.3639,,,,,15.3,,,,,,,,,,,,5039910
45.9961,-112.3639,,,,,28.3,,,,,,,,,,,,5039911
45.9961,-112.3639,,,,,30.3,,,,,,,,,,,,5039912
45.9828,-112.3389,,,,,32.9,,,,,,,,,,,,5039913
45.9828,-112.3389,,,,,16.7,,,,,,,,,,,,5039914
45.9828,-112.3389,,,,,23.1,,,,,,,,,,,,5039915
45.9828,-112.3389,,,,,24.4,,,,,,,,,,,,5039916
45.9844,-112.3528,,,,,6.3,,,,,,,,,,,,5039917
45.9844,-112.3528,,,,,5.4,,,,,,,,,,,,5039918
45.9844,-112.3528,,,,,5.6,,,,,,,,,,,,5039919
45.9708,-112.3589,,,,,47.8,,,,,,,,,,,,5039920
45.9522,-112.3589,,,,,13.1,,,,,,,,,,,,5039921
45.9411,-112.3625,,,,,14.8,,,,,,,,,,,,5039922
45.9283,-112.3944,,,,,40.2,,,,,,,,,,,,5039923
45.9283,-112.3944,,,,,36.6,,,,,,,,,,,,5039924
45.9283,-112.3944,,,,,40.5,,,,,,,,,,,,5039925
45.9253,-112.3711,,,,,38.9,,,,,,,,,,,,5039926
45.925,-112.3586,,,,,3.4,,,,,,,,,,,,5039927
45.925,-112.3586,,,,,3.7,,,,,,,,,,,,5039928
45.925,-112.3586,,,,,3.1,,,,,,,,,,,,5039929
45.925,-112.3394,,,,,24.3,,,,,,,,,,,,5039930
45.9367,-112.3625,,,,,16.4,,,,,,,,,,,,5039931
45.8744,-112.35,,,,,115.9,,,,,,,,,,,,5039932
45.8744,-112.35,,,,,126.8,,,,,,,,,,,,5039933
45.8744,-112.35,,,,,141.9,,,,,,,,,,,,5039934
45.8972,-112.3397,,,,,3.1,,,,,,,,,,,,5039935
45.8972,-112.3397,,,,,3.1,,,,,,,,,,,,5039936
45.8972,-112.3397,,,,,3.0,,,,,,,,,,,,5039937
46.2528,-112.4,,,,,2.2,,,,,,,,,,,,5039938
46.2528,-112.4,,,,,1.6,,,,,,,,,,,,5039939
46.2528,-112.4,,,,,1.8,,,,,,,,,,,,5039940
46.2764,-112.4264,,,,,22.4,,,,,,,,,,,,5039941
46.2689,-112.4417,,,,,11.7,,,,,,,,,,,,5039942
46.2514,-112.4333,,,,,7.0,,,,,,,,,,,,5039943
46.2514,-112.4333,,,,,5.0,,,,,,,,,,,,5039944
46.2514,-112.4333,,,,,5.6,,,,,,,,,,,,5039945
46.2514,-112.4333,,,,,5.7,,,,,,,,,,,,5039946
46.2528,-112.4417,,,,,6.4,,,,,,,,,,,,5039947
46.2542,-112.4556,,,,,6.6,,,,,,,,,,,,5039948
46.2611,-112.4764,,,,,5.8,,,,,,,,,,,,5039949
46.2625,-112.4792,,,,,5.4,,,,,,,,,,,,5039953
46.2639,-112.4889,,,,,8.5,,,,,,,,,,,,5039954
46.2611,-112.2722,,,,,4.7,,,,,,,,,,,,5039955
46.2597,-112.2681,,,,,16.1,,,,,,,,,,,,5039956
46.2667,-112.3611,,,,,2.8,,,,,,,,,,,,5039957
46.2667,-112.3611,,,,,1.7,,,,,,,,,,,,5039958
46.2667,-112.3611,,,,,2.1,,,,,,,,,,,,5039959
46.2681,-112.3825,,,,,4.3,,,,,,,,,,,,5039960
46.2675,-112.3931,,,,,2.6,,,,,,,,,,,,5039961
46.3403,-112.3389,,,,,7.9,,,,,,,,,,,,5039962
46.3403,-112.3389,,,,,6.6,,,,,,,,,,,,5039963
46.3403,-112.3389,,,,,7.5,,,,,,,,,,,,5039964
46.3028,-112.2556,,,,,23.1,,,,,,,,,,,,5039965
46.3028,-112.2556,,,,,13.5,,,,,,,,,,,,5039966
46.3028,-112.2556,,,,,18.2,,,,,,,,,,,,5039967
46.3533,-112.3678,,,,,9.1,,,,,,,,,,,,5039968
46.355,-112.3661,,,,,15.5,,,,,,,,,,,,5039969
46.3725,-112.3503,,,,,7.8,,,,,,,,,,,,5039972
46.3858,-112.3339,,,,,11.1,,,,,,,,,,,,5039973
46.3964,-112.3147,,,,,18.3,,,,,,,,,,,,5039974
46.3983,-112.3075,,,,,16.1,,,,,,,,,,,,5039975
46.3944,-112.2928,,,,,15.0,,,,,,,,,,,,5039976
46.3944,-112.2928,,,,,10.6,,,,,,,,,,,,5039977
46.3944,-112.2928,,,,,7.2,,,,,,,,,,,,5039978
46.3931,-112.2981,,,,,10.7,,,,,,,,,,,,5039979
46.4556,-112.2833,,,,,15.7,,,,,,,,,,,,5039980
46.4556,-112.2833,,,,,13.0,,,,,,,,,,,,5039981
46.4556,-112.2833,,,,,15.8,,,,,,,,,,,,5039982
46.4967,-112.2781,,,,,21.4,,,,,,,,,,,,5039983
46.4767,-112.2864,,,,,8.4,,,,,,,,,,,,5039984
46.4767,-112.2864,,,,,8.1,,,,,,,,,,,,5039985
46.4767,-112.2864,,,,,7.6,,,,,,,,,,,,5039986
46.4725,-112.2811,,,,,63.2,,,,,,,,,,,,5039987
46.4772,-112.2783,,,,,29.1,,,,,,,,,,,,5039988
46.4772,-112.35,,,,,19.6,,,,,,,,,,,,5039992
46.4708,-112.3444,,,,,28.3,,,,,,,,,,,,5039993
46.4589,-112.3497,,,,,5.3,,,,,,,,,,,,5039994
46.4639,-112.3264,,,,,13.9,,,,,,,,,,,,5039995
46.4639,-112.3264,,,,,6.5,,,,,,,,,,,,5039996
46.4639,-112.3264,,,,,10.2,,,,,,,,,,,,5039997
46.4592,-112.3364,,,,,10.2,,,,,,,,,,,,5039998
46.4883,-112.3717,,,,,12.5,,,,,,,,,,,,5039999
46.4208,-112.3528,,,,,13.1,,,,,,,,,,,,5040000
46.4208,-112.3528,,,,,11.5,,,,,,,,,,,,5040001
46.4208,-112.3528,,,,,13.3,,,,,,,,,,,,5040002
46.4325,-112.3944,,,,,22.4,,,,,,,,,,,,5040003
46.4089,-112.4083,,,,,19.1,,,,,,,,,,,,5040004
46.4089,-112.4083,,,,,12.3,,,,,,,,,,,,5040005
46.4089,-112.4083,,,,,17.8,,,,,,,,,,,,5040006
46.4403,-112.3889,,,,,11.4,,,,,,,,,,,,5040007
46.4306,-112.4806,,,,,3.4,,,,,,,,,,,,5040008
46.4367,-112.4486,,,,,21.5,,,,,,,,,,,,5040009
46.4736,-112.4472,,,,,3.2,,,,,,,,,,,,5040010
46.4736,-112.4472,,,,,2.7,,,,,,,,,,,,5040011
46.4736,-112.4472,,,,,2.8,,,,,,,,,,,,5040012
46.4506,-111.9908,,,,,16.7,,,,,,,,,,,,5040013
46.4506,-111.9908,,,,,22.8,,,,,,,,,,,,5040014
46.4506,-111.9908,,,,,20.1,,,,,,,,,,,,5040015
46.4353,-111.9994,,,,,8.6,,,,,,,,,,,,5040016
46.4353,-111.9994,,,,,8.9,,,,,,,,,,,,5040017
46.4353,-111.9994,,,,,10.3,,,,,,,,,,,,5040018
45.3553,-111.3275,50.3,241.0,192.0,,72.49,-0.08,5.0,5700.0,6.01,412.0,,186.0,-20.0,17.7,17.0,35.0,5040019
45.3572,-111.3225,52.9,462.0,234.0,,29.16,-0.11,9.0,6256.0,5.051,454.0,,245.0,-20.0,19.9,15.8,-15.0,5040020
45.3581,-111.315,12.3,79.0,44.0,,3.68,-0.09,30.0,4471.0,3.952,258.0,,94.0,-20.0,10.5,9.7,-15.0,5040021
45.3583,-111.3108,26.8,252.0,130.0,,16.75,-0.09,11.0,5376.0,5.715,292.0,,157.0,-20.0,14.8,17.6,-15.0,5040022
45.3617,-111.3081,16.3,127.0,86.0,,34.69,-0.09,14.0,3678.0,4.792,183.0,,128.0,-20.0,7.8,11.6,-15.0,5040023
45.3656,-111.3075,19.0,149.0,70.0,,13.3,-0.11,13.0,4277.0,6.919,184.0,,269.0,-20.0,7.6,13.4,-15.0,5040024
45.3686,-111.3064,14.0,53.0,28.0,,4.17,-0.1,12.0,3836.0,5.061,209.0,,304.0,-20.0,8.7,14.0,20.0,5040025
45.3708,-111.3067,14.5,93.0,65.0,,29.24,-0.1,16.0,4031.0,5.886,142.0,,375.0,-20.0,6.5,16.8,-15.0,5040026
45.3692,-111.3086,16.2,111.0,78.0,,17.53,-0.08,9.0,4084.0,7.433,168.0,,254.0,-20.0,7.2,16.3,-15.0,5040027
45.3706,-111.31,31.4,246.0,130.0,,18.78,-0.1,6.0,4274.0,9.181,250.0,,351.0,-20.0,11.1,17.6,-15.0,5040028
45.4253,-111.2511,55.5,306.0,169.0,,30.3,-0.09,31.0,4134.0,10.31,415.0,,255.0,-20.0,17.8,16.8,-15.0,5040029
45.4172,-111.2611,16.6,116.0,80.0,,58.56,-0.11,-5.0,2659.0,4.724,152.0,,234.0,-20.0,6.9,11.2,-15.0,5040030
45.4158,-111.2675,27.1,147.0,89.0,,22.57,-0.08,9.0,2906.0,6.474,238.0,,204.0,-20.0,9.7,13.8,-15.0,5040031
45.3469,-111.2778,12.4,50.0,29.0,,6.39,-0.09,15.0,4464.0,4.716,154.0,,210.0,-20.0,8.4,15.9,-15.0,5040032
45.3486,-111.2736,9.0,71.0,32.0,,6.17,-0.08,10.0,3601.0,5.886,95.0,,313.0,-20.0,4.1,19.8,23.0,5040033
45.3503,-111.2708,10.1,63.0,59.0,,8.25,-0.09,5.0,3147.0,3.777,203.0,,186.0,-20.0,10.0,15.0,-15.0,5040034
45.3978,-111.2867,6.2,28.0,32.0,,22.01,-0.07,8.0,3361.0,4.497,140.0,,177.0,-20.0,6.2,15.0,-15.0,5040035
45.3542,-111.2592,9.2,43.0,32.0,,24.1,-0.08,8.0,3276.0,4.029,115.0,,194.0,-20.0,6.0,12.1,-15.0,5040036
45.3569,-111.2622,13.7,54.0,44.0,,13.9,-0.08,-5.0,4053.0,4.252,149.0,,139.0,-20.0,7.5,13.6,-15.0,5040037
45.3592,-111.2622,17.9,75.0,47.0,,45.08,-0.09,-5.0,5006.0,5.345,288.0,,265.0,-20.0,16.4,20.5,-15.0,5040038
45.3583,-111.2553,15.2,56.0,49.0,,20.51,-0.08,9.0,3838.0,6.506,170.0,,304.0,-20.0,8.0,20.8,-15.0,5040039
45.3622,-111.2561,15.9,74.0,43.0,,22.9,-0.1,12.0,3328.0,6.369,157.0,,335.0,-20.0,8.2,20.1,-15.0,5040040
45.3656,-111.2511,19.7,99.0,55.0,,14.31,-0.09,7.0,4027.0,7.868,184.0,,334.0,-20.0,9.2,22.7,-15.0,5040041
45.3697,-111.2536,22.4,70.0,48.0,,18.97,-0.09,9.0,3679.0,7.746,181.0,,373.0,-20.0,8.2,22.7,-15.0,5040042
45.4058,-111.2769,14.6,114.0,66.0,,14.85,-0.1,9.0,4291.0,5.738,210.0,,175.0,-20.0,9.4,16.7,-15.0,5040043
45.35,-111.2667,17.8,171.0,83.0,,13.25,-0.1,13.0,5107.0,5.131,245.0,,149.0,-20.0,10.4,13.2,-15.0,5040044
45.3894,-111.2947,15.6,118.0,67.0,,12.16,-0.09,27.0,3713.0,4.263,159.0,,101.0,-20.0,7.6,11.1,-15.0,5040045
45.3822,-111.2994,18.2,89.0,50.0,,4.98,-0.09,42.0,4467.0,5.55,198.0,,163.0,-20.0,8.5,12.3,20.0,5040046
45.3786,-111.3011,11.7,69.0,42.0,,3.36,-0.07,10.0,5045.0,5.265,208.0,,126.0,-20.0,9.2,15.9,-15.0,5040047
45.3767,-111.3089,27.6,127.0,61.0,,7.31,-0.13,20.0,2668.0,6.901,153.0,,235.0,-20.0,6.8,12.4,19.0,5040048
45.3803,-111.3058,36.8,184.0,100.0,,7.54,-0.1,42.0,2912.0,6.787,202.0,,182.0,-20.0,8.3,11.8,-15.0,5040049
45.3844,-111.3025,34.6,203.0,103.0,,19.18,-0.09,18.0,3559.0,9.122,198.0,,344.0,-20.0,9.4,18.6,32.0,5040050
45.3939,-111.2953,14.5,71.0,43.0,,5.25,-0.07,7.0,6442.0,7.828,204.0,,131.0,-20.0,8.6,14.3,-15.0,5040051
45.4067,-111.2781,13.1,81.0,37.0,,3.52,-0.1,27.0,3690.0,3.737,209.0,,148.0,-20.0,9.4,8.8,-15.0,5040052
45.4239,-111.2608,10.1,66.0,42.0,,5.33,-0.1,17.0,4961.0,4.878,226.0,,96.0,-20.0,10.8,12.2,-15.0,5040053
45.4278,-111.2536,18.7,111.0,59.0,,4.23,-0.09,10.0,2722.0,5.049,198.0,,352.0,-20.0,9.1,12.7,-15.0,5040054
45.4325,-111.2508,25.3,150.0,77.0,,5.44,-0.1,18.0,4885.0,6.286,331.0,,237.0,-20.0,15.1,18.7,36.0,5040055
45.37,-111.4278,9.1,76.0,54.0,,30.82,-0.11,16.0,5857.0,6.793,153.0,,278.0,32.0,6.9,23.6,24.0,5040056
45.3744,-111.4242,10.6,83.0,46.0,,19.77,-0.1,15.0,5719.0,7.256,164.0,,256.0,20.0,6.3,23.8,-15.0,5040057
45.3794,-111.4236,11.9,76.0,45.0,,20.58,-0.09,18.0,5153.0,7.384,142.0,,276.0,25.0,9.4,24.7,-15.0,5040058
45.3797,-111.4264,10.4,62.0,34.0,,14.15,-0.09,17.0,5820.0,7.099,144.0,,251.0,20.0,6.2,22.8,-15.0,5040059
45.385,-111.4208,14.3,95.0,43.0,,13.17,-0.1,6.0,6879.0,6.73,176.0,,232.0,20.0,8.9,26.6,19.0,5040060
45.3881,-111.4183,12.6,72.0,40.0,,11.11,-0.08,-5.0,5033.0,5.887,169.0,,248.0,22.0,7.8,20.4,-15.0,5040061
45.3903,-111.4269,12.8,66.0,40.0,,10.93,-0.08,11.0,4337.0,5.829,144.0,,260.0,-20.0,7.2,19.0,-15.0,5040062
45.3836,-111.4392,8.9,64.0,39.0,,12.58,-0.08,20.0,4512.0,5.698,160.0,,249.0,35.0,8.2,19.9,-15.0,5040063
45.3833,-111.4417,9.9,64.0,35.0,,13.35,-0.1,-5.0,4672.0,5.129,160.0,,240.0,25.0,7.6,18.1,-15.0,5040064
45.3919,-111.4175,9.5,80.0,40.0,,19.5,-0.1,18.0,6213.0,8.093,144.0,,264.0,23.0,7.1,26.7,-15.0,5040065
45.3922,-111.4108,9.1,73.0,36.0,,18.59,-0.09,8.0,4703.0,5.422,151.0,,224.0,-20.0,7.4,15.8,-15.0,5040066
45.3978,-111.4058,10.0,56.0,42.0,,20.09,-0.08,9.0,4696.0,5.316,181.0,,211.0,21.0,6.9,15.4,17.0,5040067
45.4025,-111.4036,8.5,56.0,36.0,,20.85,-0.1,6.0,4994.0,4.913,206.0,,226.0,25.0,8.6,14.2,-15.0,5040068
45.4075,-111.3969,7.1,46.0,29.0,,12.12,-0.1,9.0,4000.0,4.621,183.0,,192.0,-20.0,8.1,14.0,-15.0,5040069
45.3992,-111.3731,10.9,85.0,45.0,,15.97,-0.09,9.0,5086.0,5.849,214.0,,174.0,-20.0,7.9,15.8,-15.0,5040070
45.4003,-111.3708,8.4,53.0,34.0,,15.4,-0.08,5.0,4344.0,5.091,187.0,,205.0,-20.0,8.8,15.1,-15.0,5040071
45.405,-111.3794,10.2,52.0,38.0,,16.59,-0.08,11.0,4218.0,5.405,192.0,,209.0,-20.0,8.3,15.8,-15.0,5040072
45.4108,-111.3964,7.9,49.0,31.0,,13.8,-0.09,-5.0,4247.0,4.683,204.0,,198.0,-20.0,7.8,14.1,-15.0,5040073
45.3636,-111.3772,7.9,53.0,47.0,,42.65,-0.1,16.0,5438.0,4.875,201.0,,281.0,30.0,9.0,16.4,-15.0,5040074
45.36,-111.3808,13.3,80.0,52.0,,30.36,-0.1,13.0,4595.0,5.428,303.0,,180.0,-20.0,13.9,18.9,-15.0,5040075
45.3575,-111.3864,6.4,61.0,61.0,,46.6,-0.09,24.0,3392.0,5.944,266.0,,121.0,-20.0,11.6,13.6,-15.0,5040076
45.3586,-111.3908,9.6,72.0,43.0,,9.89,-0.11,22.0,4480.0,3.673,209.0,,160.0,-20.0,9.4,12.3,16.0,5040077
45.3614,-111.3906,6.9,64.0,38.0,,14.72,-0.09,12.0,4170.0,3.838,220.0,,139.0,25.0,9.4,14.3,-15.0,5040078
45.3703,-111.3981,9.7,83.0,59.0,,43.37,-0.1,-5.0,4825.0,5.379,290.0,,260.0,-20.0,15.6,18.2,19.0,5040079
45.3778,-111.4022,13.5,81.0,85.0,,29.3,-0.1,14.0,5144.0,5.588,238.0,,243.0,-20.0,11.2,18.8,-15.0,5040080
45.38,-111.4033,18.6,107.0,81.0,,64.75,-0.1,-5.0,5401.0,4.183,307.0,,174.0,-20.0,17.3,14.4,-15.0,5040081
45.3847,-111.4033,8.4,67.0,45.0,,12.56,-0.09,12.0,4900.0,5.074,151.0,,190.0,28.0,7.1,15.0,-15.0,5040082
45.4031,-111.4522,84.1,121.0,81.0,,18.4,-0.09,20.0,4627.0,5.726,1012.0,,55.0,41.0,56.9,15.0,-15.0,5040083
45.4028,-111.4453,11.4,63.0,37.0,,4.42,-0.09,18.0,4495.0,7.168,156.0,,208.0,-20.0,6.2,24.5,15.0,5040084
45.4022,-111.4503,17.9,119.0,48.0,,19.0,-0.11,30.0,7109.0,8.576,157.0,,114.0,27.0,9.7,29.4,17.0,5040085
45.4039,-111.4414,14.2,91.0,45.0,,7.78,-0.1,17.0,6203.0,6.734,193.0,,158.0,22.0,8.3,22.5,-15.0,5040086
45.4083,-111.4344,12.5,115.0,70.0,,4.53,-0.1,18.0,6066.0,4.711,234.0,,122.0,26.0,11.9,14.7,-15.0,5040087
45.4111,-111.4311,23.7,120.0,69.0,,6.06,-0.12,27.0,7645.0,4.967,237.0,,198.0,22.0,10.8,22.4,-15.0,5040088
45.4097,-111.4275,20.1,118.0,52.0,,11.37,-0.12,20.0,8203.0,6.373,283.0,,180.0,-20.0,10.0,24.8,-15.0,5040089
45.4158,-111.4181,20.4,111.0,46.0,,6.04,-0.09,14.0,5002.0,3.981,241.0,,94.0,-20.0,11.3,12.1,-15.0,5040090
45.4167,-111.4103,19.6,102.0,48.0,,4.19,-0.08,11.0,4346.0,3.893,244.0,,104.0,-20.0,11.7,14.4,-15.0,5040091
45.4158,-111.3997,17.5,95.0,52.0,,7.36,-0.09,13.0,5836.0,5.624,221.0,,132.0,-20.0,9.5,18.5,-15.0,5040092
45.4239,-111.3975,20.0,124.0,62.0,,11.57,-0.1,14.0,5610.0,3.868,292.0,,344.0,23.0,12.9,12.2,20.0,5040093
45.4303,-111.3922,23.3,108.0,63.0,,19.04,-0.08,17.0,6857.0,4.636,1477.0,,115.0,44.0,54.5,14.7,19.0,5040094
45.4547,-111.4619,35.1,130.0,61.0,,7.34,-0.09,18.0,4299.0,5.379,449.0,,121.0,-20.0,21.1,14.5,-15.0,5040095
45.4336,-111.3892,12.7,96.0,58.0,,5.54,-0.07,-5.0,5769.0,4.407,570.0,,90.0,22.0,25.1,15.1,-15.0,5040096
45.4583,-111.4686,54.5,180.0,58.0,,11.04,-0.1,10.0,10970.0,6.724,2186.0,,153.0,68.0,92.9,19.4,-15.0,5040097
45.4503,-111.4833,15.3,91.0,45.0,,2.59,-0.1,20.0,5763.0,6.088,148.0,,208.0,24.0,7.4,18.3,-15.0,5040098
45.4461,-111.4792,31.6,138.0,70.0,,8.03,-0.11,12.0,7333.0,5.779,1316.0,,171.0,33.0,69.0,18.3,23.0,5040099
45.4436,-111.4803,10.7,66.0,35.0,,4.78,-0.08,17.0,3502.0,5.395,171.0,,181.0,-20.0,8.6,17.4,17.0,5040100
45.4542,-111.4569,6.2,36.0,15.0,,1.89,-0.1,12.0,5320.0,5.64,136.0,,151.0,-20.0,6.4,22.3,-15.0,5040101
45.4572,-111.4458,16.8,84.0,50.0,,4.38,-0.1,17.0,6650.0,5.798,276.0,,145.0,23.0,12.4,21.2,-15.0,5040102
45.4483,-111.4572,17.7,102.0,54.0,,4.89,-0.1,10.0,4434.0,4.65,188.0,,136.0,-20.0,8.8,16.1,-15.0,5040103
45.4428,-111.4442,17.9,102.0,75.0,,7.91,-0.1,-5.0,8471.0,4.338,1017.0,,92.0,43.0,48.5,14.2,-15.0,5040104
45.44,-111.4214,15.6,99.0,63.0,,4.72,-0.09,13.0,5469.0,4.353,422.0,,101.0,37.0,20.8,14.6,-15.0,5040105
45.4361,-111.4183,13.6,109.0,60.0,,4.31,-0.1,16.0,8850.0,5.389,925.0,,87.0,36.0,42.4,16.1,45.0,5040106
45.4697,-111.4361,21.0,100.0,52.0,,3.73,-0.09,22.0,3488.0,4.635,192.0,,261.0,-20.0,9.0,13.8,-15.0,5040107
45.4706,-111.4392,67.0,195.0,129.0,,7.5,-0.08,24.0,4713.0,4.219,687.0,,81.0,-20.0,32.5,12.7,23.0,5040108
45.4694,-111.4442,88.0,325.0,239.0,,5.53,-0.11,20.0,4999.0,3.932,274.0,,108.0,-20.0,13.0,13.5,15.0,5040109
45.4686,-111.4469,58.8,242.0,161.0,,5.51,-0.09,13.0,5396.0,4.683,404.0,,105.0,-20.0,20.7,15.4,17.0,5040110
45.4692,-111.4503,41.9,188.0,83.0,,5.09,-0.09,20.0,5399.0,5.059,357.0,,117.0,-20.0,15.9,15.3,-15.0,5040111
45.4667,-111.4522,35.2,112.0,55.0,,9.52,-0.09,25.0,9458.0,6.915,2073.0,,125.0,30.0,87.6,22.7,27.0,5040112
45.4678,-111.4611,26.8,124.0,46.0,,3.67,-0.09,8.0,3842.0,3.417,215.0,,76.0,-20.0,10.1,11.6,-15.0,5040113
45.4636,-111.4647,53.0,134.0,59.0,,17.5,-0.09,20.0,11130.0,6.557,3892.0,,119.0,46.0,171.0,16.6,23.0,5040114
45.4581,-111.4592,48.2,221.0,110.0,,6.19,-0.09,21.0,4973.0,4.54,294.0,,106.0,-20.0,13.3,13.1,28.0,5040115
45.4594,-111.4386,24.3,95.0,51.0,,8.16,-0.08,8.0,6236.0,6.039,1535.0,,137.0,-20.0,68.4,22.4,23.0,5040116
45.4544,-111.4297,11.7,91.0,35.0,,3.69,-0.1,-5.0,6686.0,5.612,425.0,,126.0,-20.0,18.2,20.9,-15.0,5040117
45.8958,-111.6089,15.0,93.0,39.0,,3.34,-0.07,10.0,3255.0,2.858,308.0,,71.0,-20.0,16.2,7.8,-15.0,5040303
45.9006,-111.6092,13.1,67.0,35.0,,3.23,-0.06,5.0,2541.0,2.367,241.0,,61.0,-20.0,10.4,7.7,-15.0,5040304
45.905,-111.6072,13.0,73.0,40.0,,3.5,-0.08,17.0,2510.0,2.816,153.0,,53.0,-20.0,6.5,8.9,-15.0,5040305
45.945,-111.6,15.3,52.0,32.0,,3.84,-0.08,22.0,3195.0,4.064,135.0,,98.0,-20.0,5.2,12.7,-15.0,5040306
45.9467,-111.6117,16.6,86.0,39.0,,9.54,-0.09,-5.0,3375.0,2.665,225.0,,58.0,-20.0,11.4,8.7,-15.0,5040307
45.9639,-111.6,11.6,77.0,31.0,,2.99,-0.08,6.0,2965.0,3.306,226.0,,49.0,-20.0,10.6,10.4,22.0,5040308
45.9642,-111.6033,12.9,66.0,35.0,,2.62,-0.07,12.0,2960.0,2.925,189.0,,59.0,-20.0,8.9,9.9,-15.0,5040309
45.9808,-111.5986,11.0,45.0,27.0,,3.65,-0.08,-5.0,2936.0,3.074,161.0,,27.0,-20.0,7.0,10.8,-15.0,5040310
45.9408,-111.5933,12.8,64.0,28.0,,4.33,-0.1,6.0,2878.0,2.903,151.0,,51.0,-20.0,7.6,9.7,-15.0,5040311
45.77,-111.7567,12.6,80.0,38.0,,3.96,-0.08,13.0,3903.0,4.1,260.0,,187.0,-20.0,12.5,11.9,16.0,5040312
45.7725,-111.7633,13.4,72.0,34.0,,2.83,-0.07,10.0,3362.0,3.308,265.0,,94.0,-20.0,12.0,10.5,-15.0,5040313
45.7672,-111.7656,9.2,53.0,32.0,,2.08,-0.07,14.0,3685.0,4.233,165.0,,217.0,-20.0,7.2,13.7,-15.0,5040314
45.7547,-111.7631,13.9,82.0,44.0,,3.4,-0.08,9.0,3012.0,2.5,231.0,,88.0,-20.0,9.3,8.6,-15.0,5040315
45.6986,-111.7906,15.0,85.0,52.0,,12.27,-0.09,9.0,2531.0,3.879,269.0,,70.0,-20.0,13.4,7.4,24.0,5040316
45.6983,-111.7947,17.5,93.0,41.0,,9.55,0.12,5.0,2898.0,3.702,170.0,,83.0,-20.0,8.5,9.2,16.0,5040317
45.7631,-111.7667,12.2,60.0,36.0,,5.83,-0.07,7.0,3187.0,2.884,248.0,,76.0,-20.0,10.0,9.8,-15.0,5040318
45.7211,-111.7714,12.9,80.0,44.0,,5.75,0.26,-5.0,3307.0,2.524,189.0,,97.0,-20.0,8.2,8.8,-15.0,5040319
45.7178,-111.7681,16.3,85.0,51.0,,7.78,-0.1,8.0,3229.0,4.387,234.0,,82.0,-20.0,12.1,9.2,-15.0,5040320
45.7156,-111.7633,23.0,110.0,57.0,,6.34,-0.07,-5.0,3633.0,3.438,396.0,,93.0,-20.0,18.3,9.1,-15.0,5040321
45.8356,-111.9389,11.2,67.0,41.0,,3.72,-0.06,6.0,2671.0,2.307,238.0,,62.0,-20.0,9.7,7.7,-15.0,5040322
45.8133,-111.9511,10.5,72.0,36.0,,3.4,-0.07,7.0,3512.0,2.281,303.0,,104.0,-20.0,14.2,7.5,-15.0,5040323
45.8125,-111.9725,10.0,55.0,27.0,,2.26,-0.07,25.0,2436.0,2.427,176.0,,98.0,-20.0,7.1,8.3,-15.0,5040324
45.6983,-111.7986,28.7,140.0,71.0,,7.32,0.32,15.0,6566.0,4.909,548.0,,202.0,-20.0,26.3,14.8,23.0,5040325
45.7125,-111.7917,69.9,135.0,82.0,,14.13,0.41,15.0,7669.0,7.019,1509.0,,315.0,39.0,54.6,15.1,91.0,5040326
45.8103,-111.9694,10.4,72.0,34.0,,2.57,-0.09,8.0,3685.0,2.258,214.0,,86.0,-20.0,9.9,8.1,-15.0,5040327
45.8072,-111.9583,16.8,116.0,62.0,,11.12,-0.07,13.0,4422.0,2.699,462.0,,111.0,-20.0,19.9,11.1,21.0,5040328
45.7953,-111.9161,12.2,73.0,41.0,,3.39,-0.08,13.0,3516.0,3.488,187.0,,90.0,-20.0,8.3,11.0,-15.0,5040329
45.8261,-111.9658,11.3,55.0,35.0,,2.68,-0.07,7.0,2794.0,2.782,211.0,,84.0,-20.0,8.8,9.9,24.0,5040330
45.8247,-111.9725,13.6,76.0,37.0,,3.05,-0.08,11.0,2703.0,2.293,282.0,,68.0,-20.0,11.9,8.0,33.0,5040331
45.8353,-111.9636,8.4,50.0,30.0,,2.32,-0.07,13.0,2671.0,2.117,139.0,,46.0,-20.0,6.4,7.4,-15.0,5040332
45.8361,-111.9739,10.8,75.0,31.0,,2.79,-0.08,20.0,3208.0,3.535,235.0,,153.0,-20.0,11.0,12.2,-15.0,5040333
45.8153,-111.9794,9.3,52.0,24.0,,2.83,-0.07,11.0,2545.0,2.409,189.0,,67.0,43.0,8.8,8.3,-15.0,5040334
45.7661,-111.8786,8.4,74.0,37.0,,2.67,-0.09,-5.0,4959.0,4.414,330.0,,304.0,-20.0,16.2,13.1,-15.0,5040335
45.7844,-111.8881,11.8,62.0,39.0,,2.59,-0.07,12.0,2553.0,2.699,191.0,,77.0,-20.0,8.4,9.0,-15.0,5040336
45.7511,-111.8661,10.5,80.0,42.0,,3.42,-0.08,10.0,3691.0,3.507,359.0,,621.0,-20.0,19.3,13.5,-15.0,5040337
45.76,-111.8786,10.1,55.0,36.0,,2.75,-0.06,11.0,2707.0,2.612,209.0,,75.0,-20.0,9.1,8.7,-15.0,5040338
45.7531,-111.8661,10.6,78.0,32.0,,2.89,-0.07,18.0,3237.0,2.435,243.0,,129.0,-20.0,10.2,8.5,-15.0,5040339
45.6825,-111.7833,19.3,105.0,49.0,,4.3,0.14,15.0,4439.0,4.722,393.0,,99.0,21.0,19.9,10.5,-15.0,5040340
45.7489,-111.8472,18.3,93.0,45.0,,4.53,-0.08,9.0,3827.0,3.275,167.0,,65.0,31.0,9.4,10.4,-15.0,5040341
45.7881,-111.8886,11.8,65.0,42.0,,3.68,-0.07,11.0,4019.0,3.391,252.0,,83.0,-20.0,11.1,10.4,-15.0,5040342
45.8742,-111.6725,12.3,64.0,34.0,,2.16,-0.07,8.0,3242.0,2.516,213.0,,51.0,-20.0,10.9,9.2,-15.0,5040343
45.8719,-111.6842,8.4,43.0,24.0,,2.06,-0.06,-5.0,2178.0,2.151,164.0,,49.0,-20.0,6.9,7.2,-15.0,5040344
45.9672,-111.5878,13.9,83.0,38.0,,2.98,-0.07,-5.0,2838.0,2.965,246.0,,63.0,-20.0,11.9,8.5,18.0,5040345
45.9742,-111.5758,10.8,60.0,38.0,,2.75,-0.07,14.0,2630.0,2.508,230.0,,58.0,-20.0,9.6,7.9,-15.0,5040346
45.9792,-111.5622,14.8,85.0,45.0,,3.55,-0.08,5.0,3226.0,2.796,342.0,,81.0,-20.0,14.4,8.9,-15.0,5040347
45.9856,-111.5475,9.2,53.0,29.0,,2.61,0.53,12.0,2349.0,5.271,132.0,,39.0,-20.0,4.6,13.0,-15.0,5040348
45.9831,-111.5475,15.0,84.0,45.0,,3.29,-0.07,14.0,3274.0,3.041,258.0,,69.0,-20.0,10.8,9.3,-15.0,5040349
45.9628,-111.5708,12.9,71.0,38.0,,3.48,-0.06,5.0,2863.0,2.819,320.0,,65.0,-20.0,12.3,9.0,23.0,5040350
45.6675,-111.7808,13.6,105.0,43.0,,3.36,-0.08,-5.0,3946.0,3.298,368.0,,111.0,-20.0,18.2,10.3,-15.0,5040351
45.6692,-111.7761,18.6,121.0,58.0,,4.36,-0.09,21.0,7045.0,7.369,807.0,,297.0,-20.0,35.5,20.0,-15.0,5040352
45.9994,-111.585,14.6,81.0,38.0,,3.04,-0.07,15.0,2800.0,2.616,228.0,,66.0,-20.0,10.0,8.4,-15.0,5040353
45.8175,-111.7586,9.2,55.0,30.0,,2.48,-0.05,6.0,2161.0,2.137,209.0,,56.0,-20.0,8.8,7.4,-15.0,5040354
45.8317,-111.7647,13.9,79.0,40.0,,3.02,-0.08,9.0,3618.0,2.89,295.0,,75.0,-20.0,14.4,9.4,-15.0,5040355
45.8225,-111.755,10.8,68.0,35.0,,2.43,-0.07,10.0,3250.0,3.806,242.0,,85.0,-20.0,10.0,11.3,-15.0,5040356
45.7828,-111.7594,13.3,81.0,37.0,,3.33,-0.08,9.0,3326.0,3.638,215.0,,137.0,-20.0,9.5,11.0,-15.0,5040357
45.8308,-111.8975,11.6,63.0,37.0,,3.35,-0.06,-5.0,2775.0,2.271,283.0,,58.0,-20.0,10.1,7.6,28.0,5040358
45.8142,-111.7569,10.1,63.0,33.0,,2.6,-0.08,13.0,2880.0,2.918,173.0,,79.0,-20.0,8.9,9.3,20.0,5040359
45.8228,-111.7531,12.3,73.0,39.0,,3.08,-0.06,18.0,3166.0,2.81,299.0,,71.0,-20.0,12.2,8.9,-15.0,5040360
45.8275,-111.7689,12.9,81.0,43.0,,3.14,-0.07,-5.0,3488.0,3.049,327.0,,83.0,-20.0,14.7,9.6,-15.0,5040361
45.81,-111.7753,9.9,60.0,32.0,,2.66,-0.06,5.0,2562.0,3.199,240.0,,65.0,-20.0,9.5,10.2,-15.0,5040362
45.7708,-111.755,10.5,81.0,30.0,,4.0,-0.08,6.0,3526.0,2.969,213.0,,101.0,-20.0,10.2,9.8,-15.0,5040363
45.8314,-111.8714,7.5,40.0,29.0,,2.6,-0.07,15.0,2196.0,2.438,140.0,,78.0,-20.0,5.5,8.9,-15.0,5040364
45.8269,-111.8717,10.1,67.0,35.0,,3.84,-0.07,22.0,2698.0,2.465,254.0,,96.0,-20.0,12.7,7.6,-15.0,5040365
45.8242,-111.8708,10.7,57.0,36.0,,3.37,-0.06,17.0,2435.0,2.505,191.0,,51.0,-20.0,7.9,8.8,-15.0,5040366
45.8283,-111.8658,8.8,56.0,29.0,,3.04,-0.07,15.0,2390.0,2.029,147.0,,62.0,-20.0,6.0,8.5,-15.0,5040367
45.8453,-111.9142,8.6,62.0,27.0,,3.11,-0.1,12.0,5538.0,5.507,175.0,,174.0,-20.0,8.2,21.3,-15.0,5040368
45.8561,-111.9178,10.4,63.0,25.0,,3.07,-0.1,12.0,3812.0,3.866,177.0,,112.0,-20.0,8.5,14.3,-15.0,5040369
45.8583,-111.9233,10.5,58.0,38.0,,4.02,-0.08,23.0,5023.0,4.578,194.0,,107.0,-20.0,8.7,17.9,-15.0,5040370
45.6983,-111.7672,12.7,77.0,36.0,,2.77,-0.07,12.0,2486.0,2.376,197.0,,73.0,-20.0,9.1,8.0,18.0,5040371
45.6972,-111.7339,14.7,98.0,49.0,,4.04,-0.07,7.0,4397.0,3.801,405.0,,120.0,-20.0,18.4,11.5,-15.0,5040372
45.7006,-111.7428,19.1,95.0,49.0,,3.77,-0.07,7.0,3218.0,3.15,268.0,,88.0,-20.0,12.9,10.1,-15.0,5040373
45.6981,-111.7611,12.5,75.0,39.0,,3.13,-0.06,14.0,2837.0,2.935,256.0,,76.0,-20.0,10.2,9.5,24.0,5040374
45.6944,-111.7442,14.9,85.0,42.0,,3.52,-0.08,18.0,3165.0,2.712,281.0,,78.0,-20.0,12.5,8.7,-15.0,5040375
45.7275,-111.7944,15.8,94.0,51.0,,3.47,-0.07,8.0,3354.0,3.277,355.0,,89.0,-20.0,16.0,9.9,-15.0,5040376
45.7258,-111.8203,15.1,102.0,43.0,,4.86,-0.08,13.0,4297.0,3.57,202.0,,75.0,-20.0,9.9,11.5,15.0,5040377
45.7267,-111.8172,12.7,62.0,38.0,,2.77,-0.06,9.0,2964.0,2.852,193.0,,72.0,-20.0,8.1,9.5,-15.0,5040378
45.7542,-111.8047,4.3,33.0,22.0,,1.49,-0.12,20.0,9057.0,10.03,140.0,,354.0,-20.0,6.5,36.8,-15.0,5040379
45.7597,-111.7972,4.9,29.0,15.0,,1.24,-0.11,10.0,8420.0,11.77,112.0,,201.0,-20.0,4.4,45.7,15.0,5040380
45.765,-111.8056,7.5,55.0,27.0,,2.01,-0.12,17.0,8414.0,9.843,144.0,,260.0,28.0,5.4,38.9,-15.0,5040381
45.7661,-111.7989,4.8,82.0,25.0,,1.69,-0.09,15.0,12540.0,11.94,136.0,,50.0,-20.0,5.5,36.0,28.0,5040382
45.9194,-111.5853,13.4,78.0,36.0,,3.16,-0.07,12.0,3626.0,2.552,229.0,,60.0,-20.0,10.8,8.8,19.0,5040383
45.8633,-111.6406,11.4,59.0,35.0,,2.74,-0.07,8.0,2567.0,2.563,193.0,,86.0,-20.0,7.9,8.6,-15.0,5040384
45.8681,-111.6686,13.6,73.0,39.0,,3.09,-0.06,14.0,3186.0,2.798,300.0,,55.0,-20.0,12.7,9.0,-15.0,5040385
45.8781,-111.6739,10.1,49.0,28.0,,2.59,-0.06,12.0,2403.0,2.143,236.0,,55.0,-20.0,9.6,7.1,20.0,5040386
45.8747,-111.6764,9.9,66.0,27.0,,2.24,-0.07,8.0,2692.0,2.155,209.0,,40.0,-20.0,9.0,7.9,17.0,5040387
45.8767,-111.6806,9.4,58.0,31.0,,2.34,-0.06,6.0,2978.0,2.444,212.0,,58.0,-20.0,10.2,8.3,17.0,5040388
45.8894,-111.6742,11.6,68.0,31.0,,3.06,-0.07,-5.0,2991.0,2.536,218.0,,53.0,-20.0,9.7,8.8,15.0,5040389
45.8889,-111.6767,13.7,67.0,39.0,,5.5,-0.06,19.0,2297.0,2.472,235.0,,39.0,27.0,10.3,7.1,-15.0,5040390
45.9742,-111.6375,13.5,76.0,34.0,,2.97,-0.09,12.0,3133.0,2.571,147.0,,60.0,-20.0,6.2,9.2,-15.0,5040391
45.8933,-111.7217,19.6,113.0,59.0,,5.25,-0.07,12.0,3591.0,3.278,636.0,,80.0,-20.0,26.1,10.5,16.0,5040392
45.9828,-111.6397,12.5,76.0,34.0,,3.81,-0.07,8.0,4218.0,5.642,183.0,,77.0,-20.0,7.9,13.4,-15.0,5040393
45.9922,-111.6381,19.0,68.0,35.0,,5.31,-0.07,16.0,2323.0,2.684,200.0,,47.0,-20.0,10.6,8.0,-15.0,5040394
45.975,-111.6689,14.7,68.0,36.0,,3.15,-0.07,13.0,2714.0,2.455,279.0,,70.0,-20.0,10.9,7.9,15.0,5040395
45.9811,-111.6697,12.3,65.0,37.0,,2.68,-0.07,11.0,2316.0,2.987,188.0,,52.0,-20.0,7.4,10.0,-15.0,5040396
45.9956,-111.6817,9.6,55.0,30.0,,2.47,-0.07,-5.0,3151.0,4.359,162.0,,75.0,20.0,6.7,11.4,-15.0,5040397
45.9333,-111.5981,14.7,64.0,35.0,,4.04,-0.07,-5.0,3039.0,3.092,193.0,,54.0,-20.0,8.0,10.2,-15.0,5040398
45.9314,-111.6506,15.0,77.0,38.0,,4.63,-0.07,9.0,3001.0,2.415,220.0,,47.0,-20.0,9.8,8.3,-15.0,5040399
45.7436,-111.8353,14.4,72.0,43.0,,4.15,-0.07,7.0,3018.0,3.574,234.0,,92.0,-20.0,11.2,11.2,-15.0,5040400
45.7519,-111.8197,16.6,94.0,50.0,,8.54,-0.08,14.0,4095.0,3.358,274.0,,90.0,-20.0,14.5,10.4,-15.0,5040401
45.9481,-111.6592,18.9,63.0,31.0,,5.01,-0.07,16.0,2523.0,2.728,127.0,,38.0,-20.0,6.7,8.5,-15.0,5040402
45.9442,-111.6475,20.4,94.0,39.0,,6.12,-0.07,10.0,3227.0,2.75,257.0,,52.0,-20.0,12.6,8.3,-15.0,5040403
45.9475,-111.7431,14.8,66.0,40.0,,6.48,-0.08,9.0,3217.0,2.755,189.0,,42.0,-20.0,9.1,9.3,-15.0,5040404
45.9528,-111.7225,15.8,70.0,31.0,,4.31,-0.07,7.0,3234.0,3.697,198.0,,44.0,-20.0,9.0,11.4,-15.0,5040405
45.9347,-111.7236,15.8,74.0,43.0,,5.55,-0.07,23.0,2985.0,3.303,212.0,,44.0,-20.0,8.5,9.9,-15.0,5040406
45.9269,-111.7228,15.7,76.0,39.0,,7.81,-0.09,23.0,2754.0,2.706,165.0,,55.0,-20.0,7.1,8.9,-15.0,5040407
45.9411,-111.7181,16.1,83.0,48.0,,4.41,-0.07,17.0,2809.0,2.886,281.0,,52.0,-20.0,12.5,9.1,-15.0,5040408
45.9414,-111.7019,20.0,87.0,35.0,,4.78,-0.07,10.0,3403.0,2.821,163.0,,52.0,-20.0,8.1,9.2,-15.0,5040409
45.9028,-111.6181,11.6,58.0,36.0,,2.97,-0.06,11.0,2291.0,2.352,241.0,,57.0,-20.0,9.9,7.6,-15.0,5040410
45.8983,-111.625,11.4,79.0,29.0,,2.59,-0.06,12.0,2709.0,2.124,212.0,,49.0,-20.0,9.0,7.3,-15.0,5040411
45.8992,-111.6294,12.0,74.0,34.0,,2.86,-0.06,14.0,3057.0,2.524,232.0,,57.0,-20.0,9.8,7.9,-15.0,5040412
45.8969,-111.6439,12.1,70.0,38.0,,2.79,-0.07,12.0,2632.0,2.637,235.0,,63.0,-20.0,10.4,8.3,-15.0,5040413
45.8875,-111.6397,12.4,77.0,39.0,,3.3,-0.06,11.0,3439.0,2.582,288.0,,71.0,-20.0,12.7,8.3,-15.0,5040414
45.92,-111.6106,14.6,97.0,44.0,,4.14,-0.07,12.0,3072.0,2.6,295.0,,61.0,-20.0,14.5,8.5,-15.0,5040415
45.9242,-111.6203,14.9,74.0,43.0,,3.95,-0.07,17.0,3400.0,2.981,192.0,,58.0,-20.0,8.9,9.9,-15.0,5040416
45.91,-111.6506,12.6,70.0,36.0,,2.95,-0.06,12.0,2314.0,2.41,214.0,,63.0,-20.0,9.1,8.1,-15.0,5040417
45.9172,-111.6553,13.8,65.0,42.0,,4.09,-0.06,14.0,3324.0,2.965,225.0,,55.0,-20.0,10.2,9.3,-15.0,5040418
45.9136,-111.6306,15.0,92.0,42.0,,3.75,-0.08,11.0,3104.0,2.662,267.0,,61.0,-20.0,13.3,8.3,-15.0,5040419
45.9122,-111.6556,14.1,90.0,47.0,,3.78,-0.06,14.0,3178.0,2.941,393.0,,64.0,-20.0,18.6,8.9,19.0,5040420
45.9153,-111.6831,19.7,112.0,55.0,,4.33,-0.07,18.0,4482.0,6.218,406.0,,78.0,-20.0,26.0,12.7,-15.0,5040421
45.9083,-111.6753,11.2,60.0,37.0,,3.73,-0.06,10.0,4406.0,4.926,359.0,,74.0,-20.0,14.9,11.5,32.0,5040422
45.9775,-111.6292,14.6,86.0,38.0,,4.64,-0.08,18.0,3653.0,3.207,168.0,,71.0,-20.0,7.9,9.9,-15.0,5040423
45.9922,-111.6111,14.4,81.0,38.0,,3.1,-0.06,11.0,2743.0,2.616,254.0,,72.0,-20.0,12.1,8.7,-15.0,5040424
45.9297,-111.6269,13.0,65.0,43.0,,3.72,-0.06,5.0,3172.0,2.817,292.0,,63.0,-20.0,13.6,8.0,-15.0,5040425
45.9003,-111.6797,12.4,73.0,36.0,,13.2,-0.08,13.0,2432.0,1.938,195.0,,50.0,-20.0,9.6,7.0,-15.0,5040426
45.9008,-111.6914,17.2,109.0,58.0,,6.73,-0.07,-5.0,3538.0,2.38,621.0,,64.0,-20.0,28.6,8.4,-15.0,5040427
45.8931,-111.7083,14.6,87.0,46.0,,3.8,-0.06,13.0,3460.0,2.892,321.0,,73.0,-20.0,14.8,9.4,-15.0,5040428
45.8844,-111.7014,11.5,63.0,34.0,,2.93,-0.07,10.0,3088.0,2.619,222.0,,56.0,-20.0,9.0,8.8,-15.0,5040429
45.9139,-111.7267,49.7,238.0,125.0,,12.77,-0.07,24.0,8115.0,10.1,1584.0,,110.0,-20.0,75.2,8.6,29.0,5040430
45.9106,-111.7164,16.8,87.0,44.0,,6.81,-0.07,14.0,3517.0,3.023,244.0,,47.0,-20.0,11.3,10.5,-15.0,5040431
45.9022,-111.7289,18.6,86.0,51.0,,6.0,-0.07,17.0,3398.0,4.05,579.0,,58.0,-20.0,26.1,10.9,-15.0,5040432
45.9033,-111.73,19.2,93.0,49.0,,5.44,-0.08,17.0,3653.0,3.045,342.0,,39.0,-20.0,15.0,10.1,-15.0,5040433
45.9214,-111.7428,67.2,303.0,154.0,,14.44,0.36,25.0,9033.0,13.34,1447.0,,135.0,-20.0,76.3,9.4,-15.0,5040434
45.9183,-111.7067,15.8,87.0,45.0,,3.98,-0.06,19.0,3127.0,2.74,283.0,,59.0,-20.0,13.1,8.9,-15.0,5040435
45.9197,-111.7056,12.7,63.0,40.0,,3.55,-0.06,13.0,2590.0,2.438,244.0,,59.0,-20.0,9.9,8.4,-15.0,5040436
45.8956,-111.7411,17.7,93.0,41.0,,3.5,-0.07,15.0,3272.0,2.567,231.0,,64.0,-20.0,10.5,9.6,-15.0,5040437
45.8894,-111.7383,15.2,72.0,38.0,,3.68,-0.07,11.0,3094.0,2.831,232.0,,54.0,-20.0,9.5,10.4,-15.0,5040438
45.8797,-111.7306,12.5,67.0,38.0,,2.87,-0.06,22.0,3031.0,2.972,261.0,,60.0,-20.0,11.6,8.8,-15.0,5040439
45.9217,-111.7747,20.6,111.0,56.0,,5.63,-0.07,15.0,3750.0,3.339,368.0,,61.0,-20.0,19.2,8.3,-15.0,5040440
45.9347,-111.7689,23.3,112.0,53.0,,5.64,-0.06,13.0,3301.0,3.51,367.0,,52.0,-20.0,18.1,7.9,-15.0,5040441
45.9358,-111.7694,26.1,124.0,59.0,,5.58,-0.06,12.0,4911.0,6.484,423.0,,72.0,-20.0,19.8,9.1,23.0,5040442
45.9478,-111.7644,17.9,58.0,32.0,,4.13,-0.07,11.0,2271.0,3.222,159.0,,33.0,-20.0,6.8,8.6,-15.0,5040443
45.9506,-111.7194,14.7,66.0,29.0,,4.63,-0.09,21.0,2998.0,3.713,146.0,,55.0,-20.0,5.6,10.2,-15.0,5040444
45.9508,-111.7158,9.9,60.0,35.0,,4.25,-0.07,7.0,3294.0,3.525,181.0,,45.0,-20.0,8.1,10.1,-15.0,5040445
45.9367,-111.6717,24.4,111.0,62.0,,5.73,0.89,17.0,4198.0,4.24,545.0,,75.0,-20.0,23.7,9.4,-15.0,5040446
45.9361,-111.6619,26.3,128.0,71.0,,6.3,-0.06,5.0,4510.0,5.445,562.0,,86.0,-20.0,29.3,9.2,-15.0,5040447
45.9606,-111.7231,15.8,67.0,28.0,,3.64,-0.08,8.0,3072.0,3.909,201.0,,65.0,-20.0,9.4,9.1,-15.0,5040448
45.9789,-111.7311,6.8,63.0,28.0,,2.5,-0.08,10.0,3232.0,4.678,140.0,,44.0,-20.0,5.9,13.2,-15.0,5040449
45.9819,-111.7233,6.2,41.0,26.0,,1.69,-0.07,9.0,2976.0,6.595,142.0,,83.0,-20.0,5.8,16.2,-15.0,5040450
45.9881,-111.7147,9.4,61.0,33.0,,2.49,-0.06,15.0,3228.0,3.493,197.0,,55.0,-20.0,8.0,11.1,-15.0,5040451
45.9908,-111.7139,10.0,82.0,37.0,,2.39,-0.07,8.0,2430.0,3.792,217.0,,62.0,-20.0,9.2,11.9,-15.0,5040452
45.9936,-111.7172,6.9,61.0,27.0,,1.79,-0.07,15.0,3362.0,6.814,175.0,,86.0,-20.0,6.1,17.1,-15.0,5040453
45.9956,-111.7031,8.8,56.0,29.0,,2.36,-0.07,16.0,3023.0,3.962,196.0,,64.0,-20.0,9.2,12.4,-15.0,5040454
45.9958,-111.7058,10.5,51.0,32.0,,2.68,-0.06,11.0,2378.0,3.604,158.0,,47.0,-20.0,6.8,11.5,-15.0,5040455
45.9844,-111.695,13.5,75.0,26.0,,2.75,-0.07,10.0,2899.0,3.011,164.0,,46.0,-20.0,8.5,9.0,-15.0,5040456
45.9764,-111.6947,12.2,80.0,39.0,,3.1,-0.06,18.0,3785.0,5.087,306.0,,92.0,-20.0,12.5,12.9,-15.0,5040457
45.9692,-111.6925,8.3,49.0,29.0,,2.31,-0.06,15.0,3387.0,4.771,176.0,,83.0,-20.0,8.2,14.4,-15.0,5040458
45.9586,-111.6731,8.8,48.0,26.0,,2.26,-0.07,5.0,4040.0,6.325,174.0,,106.0,-20.0,6.5,18.4,-15.0,5040459
45.8197,-111.8175,8.0,71.0,29.0,,2.15,-0.07,-5.0,4190.0,5.369,204.0,,129.0,-20.0,7.8,14.7,-15.0,5040460
45.8228,-111.8269,9.4,66.0,34.0,,2.67,-0.07,27.0,4137.0,4.986,264.0,,119.0,-20.0,11.4,15.3,16.0,5040461
45.845,-111.8497,9.9,64.0,30.0,,3.36,-0.09,7.0,4058.0,4.019,194.0,,115.0,-20.0,9.6,14.5,-15.0,5040462
45.8461,-111.8597,11.6,71.0,36.0,,3.6,-0.07,11.0,3623.0,3.629,290.0,,99.0,-20.0,13.7,12.4,-15.0,5040463
45.8447,-111.8472,10.0,62.0,31.0,,2.78,-0.08,8.0,4530.0,3.878,223.0,,114.0,-20.0,9.9,14.8,-15.0,5040464
45.8356,-111.8519,11.6,70.0,33.0,,2.67,-0.08,10.0,3065.0,3.79,166.0,,168.0,-20.0,8.1,12.5,-15.0,5040465
45.8322,-111.8583,10.1,55.0,29.0,,3.24,-0.09,11.0,3899.0,3.604,162.0,,105.0,-20.0,8.0,12.4,-15.0,5040466
45.8172,-111.7739,10.1,59.0,34.0,,2.79,-0.06,6.0,3135.0,3.144,240.0,,72.0,-20.0,9.8,9.1,18.0,5040467
45.8178,-111.75,12.2,99.0,45.0,,3.5,-0.06,-5.0,3341.0,3.139,366.0,,71.0,-20.0,17.9,8.4,26.0,5040468
45.9622,-111.6261,13.5,71.0,35.0,,3.64,-0.06,14.0,2994.0,3.847,222.0,,64.0,-20.0,9.4,10.7,-15.0,5040469
45.9667,-111.6264,13.4,71.0,35.0,,2.9,-0.07,13.0,3122.0,3.069,172.0,,60.0,-20.0,8.1,9.9,-15.0,5040470
45.9722,-111.6217,11.7,59.0,35.0,,3.31,-0.06,10.0,3007.0,3.023,249.0,,59.0,-20.0,9.9,9.2,-15.0,5040471
45.9661,-111.7003,8.1,49.0,31.0,,2.18,-0.08,24.0,4688.0,8.534,155.0,,229.0,-20.0,7.9,16.2,27.0,5040472
45.9556,-111.6833,6.2,59.0,26.0,,1.89,-0.07,12.0,3654.0,6.326,129.0,,107.0,-20.0,4.6,15.9,-15.0,5040473
45.9569,-111.6689,20.8,108.0,52.0,,19.23,-0.07,-5.0,3739.0,3.032,179.0,,35.0,-20.0,8.3,11.3,-15.0,5040474
45.9486,-111.6792,25.1,54.0,35.0,,4.45,-0.06,-5.0,1792.0,4.563,154.0,,-9.0,-20.0,7.6,5.2,-15.0,5040475
45.8344,-111.7425,12.5,77.0,38.0,,3.27,-0.08,-5.0,4149.0,3.317,385.0,,137.0,-20.0,18.6,11.1,-15.0,5040476
45.8292,-111.7417,10.7,68.0,38.0,,2.77,-0.06,12.0,2796.0,2.668,251.0,,66.0,-20.0,11.5,9.0,-15.0,5040477
45.8331,-111.7281,14.2,86.0,45.0,,3.28,-0.05,-5.0,2557.0,3.102,359.0,,73.0,-20.0,16.9,7.3,-15.0,5040478
45.8194,-111.7164,12.7,74.0,48.0,,3.38,-0.05,8.0,3448.0,4.388,370.0,,103.0,-20.0,16.5,10.4,15.0,5040479
45.835,-111.6992,11.7,63.0,33.0,,3.03,-0.07,-5.0,2940.0,3.061,206.0,,89.0,-20.0,10.5,9.6,-15.0,5040480
45.8294,-111.7042,13.4,67.0,39.0,,2.96,-0.05,-5.0,2602.0,2.649,302.0,,71.0,-20.0,14.6,7.7,26.0,5040481
45.8422,-111.6889,11.7,67.0,34.0,,2.59,-0.05,12.0,2018.0,2.473,196.0,,66.0,-20.0,8.7,7.7,-15.0,5040482
45.8506,-111.7019,10.6,57.0,33.0,,5.08,-0.06,10.0,2760.0,2.827,247.0,,56.0,-20.0,8.7,10.0,-15.0,5040483
45.8556,-111.6728,10.3,66.0,33.0,,2.49,-0.06,10.0,2226.0,1.87,194.0,,55.0,-20.0,7.6,6.1,-15.0,5040484
45.8581,-111.6653,10.0,54.0,31.0,,2.28,-0.05,13.0,2222.0,2.048,163.0,,46.0,-20.0,6.5,6.9,-15.0,5040485
45.8675,-111.7033,13.9,80.0,39.0,,3.19,-0.06,11.0,3110.0,3.268,301.0,,82.0,-20.0,14.6,9.3,-15.0,5040486
45.8692,-111.7289,11.9,62.0,35.0,,3.1,-0.06,6.0,3668.0,2.532,256.0,,65.0,-20.0,10.5,8.6,-15.0,5040487
45.865,-111.6883,13.0,84.0,37.0,,3.19,-0.07,13.0,3382.0,2.502,304.0,,63.0,-20.0,13.6,7.9,-15.0,5040488
45.8719,-111.6647,5.6,41.0,26.0,,2.1,-0.06,8.0,1931.0,2.422,86.0,,46.0,-20.0,3.4,8.0,-15.0,5040489
45.8217,-111.595,16.5,94.0,51.0,,4.0,-0.06,-5.0,3464.0,2.823,394.0,,77.0,-20.0,19.6,8.8,-15.0,5040490
45.815,-111.5792,13.7,69.0,41.0,,3.41,-0.06,15.0,2931.0,3.015,353.0,,83.0,-20.0,13.8,9.1,-15.0,5040491
45.83,-111.5703,13.0,83.0,44.0,,3.68,-0.08,11.0,3251.0,2.182,210.0,,87.0,-20.0,10.2,7.7,-15.0,5040492
45.8422,-111.5694,11.8,67.0,40.0,,3.29,-0.07,-5.0,3036.0,2.442,212.0,,62.0,-20.0,10.0,8.5,16.0,5040493
45.8533,-111.5558,17.3,90.0,39.0,,4.49,-0.09,-5.0,3786.0,3.402,151.0,,58.0,-20.0,6.6,12.1,-15.0,5040494
45.8589,-111.5536,9.7,56.0,35.0,,3.14,-0.07,9.0,2400.0,2.155,175.0,,47.0,-20.0,7.6,7.0,-15.0,5040495
45.8656,-111.56,10.1,67.0,31.0,,3.14,-0.07,-5.0,2497.0,2.081,219.0,,56.0,-20.0,10.6,6.4,-15.0,5040496
45.8444,-111.7481,14.4,96.0,50.0,,3.79,-0.08,6.0,5056.0,3.351,469.0,,224.0,-20.0,22.6,11.6,-15.0,5040497
45.8297,-111.8522,13.0,69.0,41.0,,3.01,-0.08,29.0,3626.0,4.045,230.0,,120.0,-20.0,11.4,14.0,23.0,5040498
45.8278,-111.8456,10.7,53.0,28.0,,2.66,-0.08,18.0,4019.0,4.294,160.0,,139.0,-20.0,6.2,14.6,22.0,5040499
45.755,-111.8264,21.1,97.0,46.0,,6.9,-0.09,10.0,6383.0,3.982,567.0,,157.0,-20.0,30.2,11.4,-15.0,5040500
45.6828,-111.8036,15.3,85.0,50.0,,5.77,-0.09,6.0,4243.0,3.748,236.0,,87.0,-20.0,10.8,10.3,-15.0,5040501
45.6825,-111.7989,18.8,96.0,58.0,,6.64,-0.08,9.0,3646.0,3.123,348.0,,75.0,-20.0,16.1,9.4,-15.0,5040502
45.7733,-111.8872,9.3,71.0,40.0,,3.22,-0.08,15.0,4699.0,5.627,344.0,,144.0,-20.0,13.8,13.7,-15.0,5040503
45.7867,-111.9569,15.5,99.0,41.0,,3.37,0.17,15.0,5041.0,6.709,247.0,,317.0,-20.0,14.3,22.1,35.0,5040504
45.8303,-111.9469,13.9,84.0,40.0,,3.43,-0.07,6.0,2932.0,2.579,284.0,,73.0,-20.0,13.7,8.6,-15.0,5040505
45.7647,-111.9611,8.6,57.0,35.0,,2.16,-0.07,12.0,2808.0,2.748,174.0,,222.0,20.0,7.8,9.5,-15.0,5040506
45.76,-111.9622,7.8,51.0,39.0,,2.73,-0.09,5.0,3244.0,3.515,179.0,,274.0,28.0,7.3,12.5,-15.0,5040507
45.7539,-111.9642,7.1,46.0,26.0,,2.08,-0.08,5.0,2774.0,2.853,144.0,,201.0,21.0,5.8,9.7,-15.0,5040508
45.73,-111.9761,9.6,79.0,30.0,,2.69,-0.11,20.0,3423.0,6.934,169.0,,337.0,27.0,6.6,22.3,22.0,5040509
45.7261,-111.98,9.7,78.0,32.0,,2.61,-0.08,11.0,3282.0,3.208,155.0,,328.0,21.0,8.2,10.8,-15.0,5040510
45.7003,-111.9867,14.0,71.0,45.0,,4.96,-0.1,25.0,5409.0,7.005,299.0,,257.0,21.0,11.9,20.6,-15.0,5040511
45.7031,-111.9978,15.8,77.0,38.0,,4.38,0.16,34.0,6744.0,6.197,242.0,,302.0,-20.0,12.4,18.5,29.0,5040512
45.7225,-111.9628,14.8,105.0,51.0,,3.58,-0.11,8.0,4599.0,8.792,310.0,,359.0,26.0,15.9,28.1,-15.0,5040513
45.7256,-111.9597,11.7,48.0,29.0,,2.93,-0.12,27.0,4640.0,6.048,133.0,,353.0,-20.0,7.6,19.4,-15.0,5040514
45.7092,-111.9456,11.7,73.0,34.0,,4.36,-0.09,6.0,4159.0,6.626,262.0,,266.0,-20.0,18.0,22.6,-15.0,5040515
45.7172,-111.9433,16.5,86.0,40.0,,4.05,-0.11,14.0,4851.0,7.135,397.0,,364.0,-20.0,20.4,21.0,15.0,5040516
45.7008,-111.9392,16.2,92.0,42.0,,2.61,-0.1,13.0,3435.0,6.454,216.0,,361.0,32.0,11.0,18.2,15.0,5040517
45.7011,-111.9325,15.7,73.0,42.0,,2.55,-0.1,11.0,3218.0,7.08,188.0,,485.0,20.0,10.3,24.5,-15.0,5040518
45.6994,-111.9317,13.4,57.0,30.0,,3.35,-0.11,-5.0,3130.0,6.878,309.0,,422.0,30.0,14.8,29.3,-15.0,5040519
45.705,-111.9075,13.1,76.0,31.0,,3.24,-0.11,25.0,5042.0,5.081,181.0,,331.0,-20.0,7.9,15.9,-15.0,5040520
45.7011,-111.8989,22.1,149.0,68.0,,4.25,-0.11,21.0,4864.0,6.319,277.0,,266.0,-20.0,13.6,19.6,-15.0,5040521
45.6972,-111.8875,12.1,75.0,43.0,,3.89,-0.09,8.0,4588.0,4.996,303.0,,207.0,26.0,13.8,18.0,-15.0,5040522
45.6694,-111.9292,11.5,79.0,44.0,,3.12,0.66,7.0,5629.0,6.299,417.0,,329.0,36.0,18.9,19.1,-15.0,5040523
45.6678,-111.9322,14.9,117.0,55.0,,3.61,1.47,12.0,6033.0,5.89,544.0,,328.0,25.0,25.8,19.1,-15.0,5040524
45.6719,-111.9161,22.4,158.0,72.0,,4.7,-0.1,19.0,8703.0,9.207,689.0,,499.0,44.0,39.1,24.6,28.0,5040525
45.6828,-111.9183,12.4,76.0,39.0,,2.48,0.15,-5.0,5594.0,5.346,245.0,,266.0,20.0,11.6,17.0,-15.0,5040526
45.6867,-111.9186,10.5,74.0,43.0,,5.99,-0.09,5.0,3734.0,4.098,260.0,,163.0,37.0,11.9,13.1,-15.0,5040527
45.6781,-111.8267,13.6,91.0,46.0,,6.98,-0.12,11.0,5205.0,4.184,257.0,,199.0,29.0,12.8,13.5,-15.0,5040528
45.67,-111.8358,13.4,101.0,50.0,,2.09,-0.08,-5.0,3886.0,4.974,216.0,,234.0,-20.0,9.9,13.0,-15.0,5040529
45.6789,-111.8344,16.8,121.0,54.0,,4.37,-0.1,-5.0,5655.0,6.166,395.0,,293.0,22.0,18.7,17.6,-15.0,5040530
45.6786,-111.8394,10.8,66.0,34.0,,2.21,-0.08,-5.0,4299.0,5.436,215.0,,248.0,-20.0,9.8,16.6,-15.0,5040531
45.7492,-111.9561,10.8,86.0,35.0,,2.66,-0.1,-5.0,4789.0,5.495,266.0,,213.0,-20.0,12.4,17.5,21.0,5040532
45.7458,-111.9436,17.3,134.0,62.0,,4.68,-0.11,15.0,10500.0,11.81,647.0,,319.0,-20.0,31.7,22.6,31.0,5040533
45.7419,-111.8472,14.1,84.0,43.0,,9.2,-0.08,-5.0,3134.0,1.924,230.0,,69.0,22.0,11.0,6.8,-15.0,5040534
45.7428,-111.9617,14.3,99.0,44.0,,3.27,0.56,29.0,4641.0,7.629,334.0,,310.0,-20.0,15.8,25.1,-15.0,5040535
45.6839,-111.8969,16.1,89.0,47.0,,3.84,-0.09,8.0,4109.0,4.119,209.0,,141.0,-20.0,10.1,13.0,-15.0,5040536
45.6775,-111.8825,8.4,62.0,36.0,,2.62,-0.09,19.0,4154.0,4.69,298.0,,170.0,21.0,13.1,14.5,-15.0,5040537
45.6894,-111.8858,12.5,88.0,37.0,,4.84,-0.11,22.0,4536.0,4.506,169.0,,156.0,-20.0,8.3,12.7,-15.0,5040538
45.6967,-111.8806,11.9,71.0,39.0,,4.48,-0.09,6.0,3916.0,4.085,289.0,,132.0,-20.0,13.4,13.0,-15.0,5040539
45.6972,-111.8439,16.8,82.0,42.0,,2.92,-0.08,9.0,3956.0,5.041,216.0,,166.0,-20.0,10.7,15.0,15.0,5040540
45.7058,-111.8881,10.4,71.0,32.0,,2.8,-0.08,-5.0,3439.0,4.519,242.0,,178.0,-20.0,10.8,16.0,-15.0,5040541
45.71,-111.8875,11.8,79.0,38.0,,3.29,-0.11,10.0,4218.0,6.224,303.0,,463.0,-20.0,14.7,23.3,-15.0,5040542
45.7161,-111.8872,15.4,85.0,43.0,,4.25,-0.1,-5.0,6079.0,9.233,607.0,,357.0,-20.0,28.2,26.5,18.0,5040543
45.7189,-111.9036,9.7,69.0,37.0,,3.01,-0.11,14.0,6019.0,6.523,265.0,,276.0,-20.0,12.7,24.0,-15.0,5040544
45.7167,-111.8656,8.7,48.0,32.0,,1.78,-0.09,12.0,4035.0,4.061,142.0,,83.0,-20.0,5.3,14.1,-15.0,5040545
45.7303,-111.875,12.7,61.0,32.0,,2.08,-0.09,11.0,2714.0,2.5,163.0,,100.0,-20.0,6.5,8.3,-15.0,5040546
45.7325,-111.8714,8.9,51.0,26.0,,2.37,-0.06,13.0,2464.0,2.538,194.0,,117.0,-20.0,7.7,8.0,-15.0,5040547
45.7053,-111.8269,18.0,108.0,57.0,,5.72,0.67,-5.0,4339.0,3.784,353.0,,158.0,-20.0,18.0,13.2,23.0,5040548
45.7408,-111.8767,8.5,50.0,23.0,,2.16,-0.07,8.0,2508.0,2.317,159.0,,182.0,-20.0,6.0,8.3,-15.0,5040549
45.7417,-111.8672,8.5,64.0,32.0,,3.84,-0.08,9.0,3466.0,3.064,302.0,,428.0,-20.0,13.0,11.1,-15.0,5040550
45.9014,-111.9175,17.8,83.0,46.0,,4.39,-0.07,7.0,3827.0,3.654,337.0,,94.0,-20.0,14.0,12.6,21.0,5040551
45.9097,-111.9244,12.6,71.0,39.0,,3.05,-0.08,13.0,2877.0,3.166,241.0,,132.0,-20.0,11.5,11.3,-15.0,5040552
45.9008,-111.9269,15.2,81.0,52.0,,5.52,-0.08,24.0,4645.0,3.147,211.0,,99.0,-20.0,9.2,14.9,18.0,5040553
45.8897,-111.905,10.1,78.0,29.0,,2.75,-0.07,-5.0,2598.0,2.113,160.0,,70.0,-20.0,6.4,8.1,-15.0,5040554
45.8853,-111.8975,13.6,82.0,44.0,,3.8,-0.07,12.0,2852.0,3.146,308.0,,99.0,-20.0,13.4,11.8,-15.0,5040555
45.8825,-111.8931,14.8,90.0,44.0,,3.59,-0.08,8.0,3140.0,3.526,265.0,,180.0,-20.0,13.0,13.2,16.0,5040556
45.8794,-111.8867,5.0,39.0,22.0,,1.74,-0.08,-5.0,2208.0,4.646,93.0,,1020.0,-20.0,4.4,16.4,-15.0,5040557
45.8794,-111.8625,12.0,85.0,37.0,,3.13,-0.07,12.0,2784.0,2.142,274.0,,59.0,-20.0,12.0,7.6,-15.0,5040558
45.8656,-111.8603,13.3,75.0,36.0,,3.46,-0.08,9.0,3195.0,2.516,277.0,,71.0,-20.0,13.5,9.3,-15.0,5040559
45.8861,-111.8503,14.1,74.0,44.0,,3.18,-0.07,18.0,3236.0,2.758,244.0,,70.0,-20.0,11.6,9.2,-15.0,5040560
45.9,-111.8317,20.5,95.0,55.0,,5.11,-0.08,18.0,4641.0,4.504,365.0,,80.0,-20.0,16.0,13.9,-15.0,5040561
45.8997,-111.7958,25.3,103.0,48.0,,5.23,-0.08,15.0,3363.0,2.855,268.0,,45.0,-20.0,14.3,8.9,-15.0,5040562
45.9086,-111.7856,19.3,72.0,42.0,,21.88,-0.09,11.0,2716.0,2.627,145.0,,52.0,-20.0,6.5,9.0,-15.0,5040563
45.9078,-111.7931,21.6,69.0,42.0,,7.72,-0.09,16.0,2414.0,2.958,164.0,,65.0,-20.0,8.9,9.6,23.0,5040564
45.9053,-111.7978,13.6,64.0,36.0,,3.2,-0.06,7.0,3046.0,2.433,226.0,,51.0,-20.0,9.8,8.0,-15.0,5040565
45.8956,-111.7539,17.0,95.0,38.0,,4.15,-0.08,18.0,3633.0,2.823,221.0,,47.0,-20.0,11.3,10.5,16.0,5040566
45.8519,-111.7306,15.8,84.0,46.0,,3.22,-0.07,15.0,3540.0,3.286,333.0,,88.0,-20.0,13.6,11.0,-15.0,5040567
45.8458,-111.7142,15.2,85.0,43.0,,3.35,-0.07,15.0,3843.0,3.073,279.0,,89.0,-20.0,12.6,10.2,-15.0,5040568
45.845,-111.7642,11.3,53.0,37.0,,3.26,-0.07,11.0,5151.0,3.438,383.0,,117.0,-20.0,17.4,11.8,-15.0,5040569
45.8439,-111.7556,10.7,76.0,35.0,,2.72,-0.1,-5.0,3326.0,2.837,194.0,,109.0,-20.0,9.2,9.6,-15.0,5040570
45.9117,-111.7644,19.2,94.0,47.0,,4.71,-0.07,15.0,3152.0,3.063,275.0,,51.0,-20.0,13.3,10.7,-15.0,5040571
45.8972,-111.7694,19.5,93.0,47.0,,4.82,-0.08,15.0,3421.0,3.585,254.0,,45.0,-20.0,13.5,12.8,19.0,5040572
45.9006,-111.7614,17.6,68.0,41.0,,4.16,-0.08,8.0,3148.0,3.189,170.0,,43.0,-20.0,7.0,11.6,-15.0,5040573
45.9047,-111.7553,17.6,85.0,42.0,,4.48,-0.09,14.0,3891.0,2.897,194.0,,44.0,-20.0,8.9,11.0,-15.0,5040574
45.9067,-111.7478,18.0,97.0,49.0,,5.0,-0.08,12.0,3517.0,3.224,333.0,,53.0,-20.0,15.7,11.7,-15.0,5040575
45.8322,-111.7569,12.1,78.0,38.0,,2.72,-0.07,14.0,3292.0,3.143,270.0,,93.0,-20.0,12.9,10.3,-15.0,5040576
45.7925,-111.7239,12.5,62.0,37.0,,2.84,-0.07,7.0,3316.0,2.857,263.0,,68.0,-20.0,10.4,9.2,-15.0,5040577
45.7864,-111.7278,10.7,68.0,33.0,,2.54,-0.08,13.0,2891.0,2.02,199.0,,72.0,-20.0,8.9,7.1,-15.0,5040578
45.7864,-111.7303,11.3,70.0,36.0,,2.67,-0.07,15.0,2637.0,2.579,196.0,,61.0,-20.0,9.0,8.2,-15.0,5040579
45.7886,-111.7389,11.7,67.0,38.0,,2.66,-0.07,14.0,3097.0,2.955,240.0,,64.0,-20.0,10.5,9.1,-15.0,5040580
45.7886,-111.7436,11.5,60.0,29.0,,2.63,-0.06,9.0,2759.0,2.665,197.0,,50.0,-20.0,8.5,8.6,-15.0,5040581
45.8653,-111.6297,11.9,77.0,34.0,,3.02,-0.07,-5.0,3012.0,2.665,262.0,,82.0,-20.0,11.9,7.6,33.0,5040582
45.8456,-111.6044,13.6,64.0,42.0,,3.66,-0.06,5.0,3029.0,2.499,293.0,,58.0,-20.0,13.6,6.8,-15.0,5040583
45.8828,-111.5414,12.3,69.0,43.0,,3.41,-0.08,-5.0,2773.0,2.983,185.0,,70.0,-20.0,9.1,9.6,24.0,5040584
45.8817,-111.5325,13.4,67.0,43.0,,3.89,-0.06,7.0,2976.0,2.917,376.0,,58.0,-20.0,14.1,8.5,18.0,5040585
45.8572,-111.5236,13.6,99.0,41.0,,3.4,-0.07,6.0,2820.0,2.447,302.0,,68.0,-20.0,12.6,7.9,20.0,5040586
45.8625,-111.5183,12.0,60.0,34.0,,2.43,-0.06,-5.0,2458.0,2.148,181.0,,60.0,-20.0,8.2,7.4,-15.0,5040587
45.8458,-111.5186,16.5,79.0,41.0,,3.17,-0.07,-5.0,3358.0,2.929,366.0,,70.0,-20.0,17.8,8.6,-15.0,5040588
45.8431,-111.5156,13.2,78.0,40.0,,3.34,-0.06,6.0,2708.0,2.48,281.0,,67.0,-20.0,11.1,7.9,20.0,5040589
45.8253,-111.5122,13.8,77.0,37.0,,4.86,-0.12,23.0,3499.0,2.656,248.0,,103.0,-20.0,9.9,8.8,-15.0,5040590
45.8156,-111.5214,16.0,93.0,56.0,,3.82,-0.06,14.0,2720.0,2.491,262.0,,77.0,-20.0,11.7,7.7,-15.0,5040591
45.8139,-111.5142,12.8,76.0,40.0,,3.9,-0.06,15.0,3043.0,2.87,289.0,,81.0,-20.0,13.4,8.3,-15.0,5040592
45.795,-111.6156,10.9,64.0,39.0,,3.22,-0.06,9.0,2929.0,2.594,230.0,,65.0,-20.0,10.2,8.5,-15.0,5040593
45.7969,-111.6178,15.4,94.0,44.0,,3.6,-0.07,11.0,3280.0,2.785,270.0,,69.0,-20.0,13.2,9.2,-15.0,5040594
45.79,-111.6228,14.1,78.0,39.0,,3.17,-0.06,8.0,3061.0,2.821,262.0,,74.0,-20.0,10.9,9.1,-15.0,5040595
45.7908,-111.6186,14.3,92.0,45.0,,3.33,-0.06,8.0,3325.0,2.903,295.0,,90.0,-20.0,13.0,9.2,-15.0,5040596
45.7853,-111.5919,14.3,70.0,42.0,,3.34,-0.06,13.0,3223.0,2.746,318.0,,83.0,-20.0,12.1,8.9,-15.0,5040597
45.7786,-111.5803,13.7,83.0,40.0,,3.1,-0.08,9.0,3148.0,2.607,280.0,,75.0,-20.0,13.3,8.4,16.0,5040598
45.925,-111.7981,15.6,75.0,42.0,,3.62,-0.07,12.0,2384.0,2.588,274.0,,53.0,-20.0,10.8,8.9,-15.0,5040599
45.9186,-111.8028,11.9,62.0,33.0,,2.5,-0.06,18.0,2498.0,2.191,163.0,,50.0,-20.0,6.1,7.5,-15.0,5040600
45.9181,-111.8064,12.5,59.0,36.0,,3.58,-0.06,16.0,2677.0,2.632,229.0,,48.0,-20.0,8.1,8.6,19.0,5040601
45.9144,-111.8089,13.6,81.0,37.0,,3.08,-0.07,11.0,2771.0,2.421,290.0,,57.0,-20.0,11.1,8.1,-15.0,5040602
45.9083,-111.8208,25.8,103.0,48.0,,4.04,-0.06,5.0,2170.0,2.282,265.0,,46.0,-20.0,12.3,6.7,-15.0,5040603
45.9006,-111.8236,18.6,79.0,39.0,,2.81,-0.07,5.0,3088.0,3.253,209.0,,76.0,-20.0,9.1,10.0,-15.0,5040604
45.9019,-111.8147,18.6,83.0,48.0,,4.23,-0.07,7.0,2927.0,2.781,238.0,,72.0,-20.0,9.2,9.1,-15.0,5040605
45.8936,-111.8267,20.9,106.0,65.0,,4.45,-0.07,21.0,3158.0,3.997,155.0,,69.0,-20.0,4.8,15.4,-15.0,5040606
45.8931,-111.8114,17.2,96.0,46.0,,3.28,-0.06,12.0,2848.0,3.06,305.0,,77.0,-20.0,13.5,7.5,-15.0,5040607
45.8897,-111.8025,15.8,76.0,49.0,,3.42,-0.07,17.0,3088.0,2.93,289.0,,61.0,-20.0,10.4,10.4,-15.0,5040608
45.8881,-111.8003,18.8,93.0,44.0,,3.45,-0.08,7.0,3392.0,2.712,300.0,,60.0,-20.0,13.2,8.5,-15.0,5040609
45.8839,-111.7869,15.6,80.0,40.0,,3.07,-0.07,11.0,3168.0,2.805,334.0,,59.0,-20.0,11.9,9.4,-15.0,5040610
45.8822,-111.785,10.5,65.0,27.0,,2.83,-0.06,8.0,2593.0,2.255,196.0,,52.0,-20.0,6.5,7.6,-15.0,5040611
45.8786,-111.7767,8.8,50.0,28.0,,2.16,-0.06,19.0,2556.0,2.173,199.0,,49.0,-20.0,6.5,7.5,-15.0,5040612
45.8742,-111.7703,11.7,80.0,37.0,,3.09,-0.07,18.0,2808.0,2.425,292.0,,57.0,-20.0,9.5,8.3,-15.0,5040613
45.8678,-111.7603,10.6,60.0,27.0,,2.31,-0.06,10.0,2480.0,2.191,253.0,,51.0,-20.0,9.3,7.3,-15.0,5040614
45.9817,-111.9211,12.9,95.0,44.0,,2.63,-0.09,17.0,3245.0,4.577,245.0,,366.0,-20.0,7.6,16.6,-15.0,5040615
45.9875,-111.9306,26.6,159.0,84.0,,5.44,-0.08,13.0,7534.0,7.125,856.0,,301.0,-20.0,26.9,20.4,28.0,5040616
45.9936,-111.925,11.4,81.0,40.0,,2.82,-0.08,16.0,3599.0,3.672,240.0,,175.0,-20.0,9.2,14.7,-15.0,5040617
45.9844,-111.9578,10.7,74.0,33.0,,2.62,-0.1,12.0,4243.0,5.046,192.0,,336.0,-20.0,6.4,16.4,-15.0,5040618
45.9811,-111.9622,6.9,56.0,30.0,,2.14,-0.09,8.0,3379.0,5.901,181.0,,1179.0,-20.0,6.0,26.9,-15.0,5040619
45.9831,-111.9622,7.9,58.0,35.0,,2.45,-0.08,11.0,4147.0,5.51,230.0,,1013.0,-20.0,6.6,23.1,-15.0,5040620
45.9719,-111.9472,17.6,123.0,51.0,,4.13,-0.09,18.0,5172.0,4.669,519.0,,46.0,-20.0,17.9,15.1,-15.0,5040621
45.9633,-111.9494,19.8,93.0,42.0,,3.69,-0.08,16.0,3962.0,3.959,311.0,,76.0,-20.0,11.3,14.5,-15.0,5040622
45.9619,-111.9497,15.9,74.0,37.0,,3.03,-0.09,8.0,4063.0,3.795,246.0,,110.0,-20.0,8.7,13.2,18.0,5040623
45.9581,-111.9497,9.7,97.0,42.0,,2.48,-0.09,13.0,5361.0,9.865,370.0,,1700.0,-20.0,14.2,35.8,-15.0,5040624
45.9514,-111.9442,13.1,89.0,47.0,,3.25,-0.07,9.0,5779.0,5.465,332.0,,251.0,-20.0,11.9,15.8,-15.0,5040625
45.9506,-111.9508,11.1,64.0,39.0,,3.24,-0.06,13.0,3413.0,3.09,260.0,,89.0,-20.0,8.4,10.1,-15.0,5040626
45.9458,-111.9503,14.1,80.0,40.0,,2.54,-0.08,10.0,3560.0,4.126,242.0,,213.0,-20.0,9.2,13.5,-15.0,5040627
45.9436,-111.9414,9.8,60.0,30.0,,2.25,-0.09,11.0,3316.0,5.116,192.0,,334.0,-20.0,7.6,19.2,-15.0,5040628
45.9406,-111.9419,9.2,51.0,33.0,,2.75,-0.08,-5.0,4403.0,4.495,221.0,,288.0,-20.0,7.7,19.7,-15.0,5040629
45.9353,-111.9378,12.7,60.0,34.0,,3.51,-0.07,10.0,2836.0,3.378,241.0,,74.0,-20.0,8.5,11.6,-15.0,5040630
45.9261,-111.9608,11.6,72.0,41.0,,3.26,-0.07,15.0,3559.0,2.748,341.0,,74.0,-20.0,13.8,8.6,15.0,5040631
45.9172,-111.9489,9.9,75.0,36.0,,2.35,-0.07,20.0,4129.0,4.213,167.0,,89.0,-20.0,5.2,11.6,-15.0,5040632
45.9264,-111.9786,11.2,68.0,36.0,,2.54,-0.07,14.0,3947.0,4.039,216.0,,100.0,-20.0,8.7,12.2,-15.0,5040633
45.9217,-111.9728,8.6,64.0,39.0,,2.54,-0.06,29.0,4035.0,4.493,262.0,,252.0,-20.0,9.2,11.6,-15.0,5040634
45.9536,-111.9106,20.1,150.0,72.0,,4.6,-0.08,9.0,7404.0,6.495,645.0,,451.0,-20.0,26.5,18.8,21.0,5040635
45.9381,-111.8864,4.3,56.0,20.0,,1.19,-0.09,12.0,3014.0,6.812,122.0,,967.0,-20.0,3.6,29.7,-15.0,5040636
45.9436,-111.8808,13.5,69.0,35.0,,2.69,-0.07,13.0,2793.0,2.979,247.0,,115.0,-20.0,9.5,9.7,-15.0,5040637
45.9467,-111.8628,11.7,61.0,34.0,,2.91,-0.06,17.0,2408.0,2.81,292.0,,80.0,-20.0,10.2,8.7,15.0,5040638
45.9164,-111.8642,10.8,77.0,37.0,,2.98,-0.08,17.0,3178.0,2.776,316.0,,92.0,-20.0,10.6,9.2,-15.0,5040639
45.9267,-111.8553,13.1,76.0,39.0,,3.41,-0.06,10.0,2611.0,2.692,286.0,,81.0,-20.0,13.0,7.9,-15.0,5040640
45.9322,-111.8903,22.2,97.0,46.0,,4.98,-0.06,-5.0,3011.0,3.071,266.0,,45.0,-20.0,12.0,10.0,18.0,5040641
45.9383,-111.9056,19.8,64.0,37.0,,4.94,-0.07,7.0,3228.0,3.131,188.0,,40.0,-20.0,7.7,9.9,-15.0,5040642
45.9253,-111.8978,21.7,125.0,58.0,,5.85,-0.07,6.0,3642.0,2.808,379.0,,58.0,-20.0,17.1,9.1,-15.0,5040643
45.9194,-111.9014,13.1,62.0,34.0,,2.88,-0.06,11.0,2454.0,2.936,277.0,,40.0,-20.0,10.7,8.9,-15.0,5040644
45.9164,-111.9033,12.3,66.0,36.0,,2.67,-0.06,9.0,2400.0,2.631,216.0,,41.0,-20.0,8.5,8.7,-15.0,5040645
45.875,-111.9758,16.5,63.0,41.0,,4.36,-0.06,8.0,2851.0,2.769,220.0,,35.0,-20.0,8.2,9.2,-15.0,5040646
45.8775,-111.8244,9.7,56.0,34.0,,2.29,-0.07,12.0,2583.0,2.244,230.0,,66.0,-20.0,8.5,7.2,-15.0,5040647
45.8767,-111.8283,13.2,65.0,38.0,,2.46,-0.08,13.0,3165.0,3.179,229.0,,84.0,-20.0,8.2,10.5,-15.0,5040648
45.8619,-111.8306,12.8,72.0,37.0,,3.1,-0.07,20.0,3127.0,2.759,280.0,,76.0,-20.0,11.2,9.1,-15.0,5040649
45.8703,-111.8161,15.2,71.0,42.0,,3.46,-0.06,14.0,3263.0,3.606,334.0,,90.0,-20.0,11.4,11.3,-15.0,5040650
45.8875,-111.9189,14.0,82.0,38.0,,3.04,-0.07,12.0,2963.0,2.927,348.0,,61.0,-20.0,14.4,8.7,-15.0,5040651
45.885,-111.9297,12.1,72.0,37.0,,3.45,-0.06,11.0,3034.0,2.841,230.0,,74.0,-20.0,7.6,10.4,-15.0,5040652
45.8822,-111.9311,19.7,103.0,56.0,,4.89,-0.07,14.0,4554.0,4.496,511.0,,105.0,-20.0,19.2,13.5,-15.0,5040653
45.9031,-111.9247,10.5,55.0,31.0,,2.66,-0.06,14.0,2355.0,2.674,166.0,,73.0,-20.0,5.4,9.0,-15.0,5040654
45.9061,-111.9253,15.8,84.0,44.0,,5.13,-0.1,23.0,4482.0,4.154,215.0,,177.0,-20.0,7.3,19.8,16.0,5040655
45.9083,-111.9261,14.1,78.0,40.0,,3.55,-0.06,9.0,3043.0,3.067,306.0,,81.0,-20.0,11.9,10.4,-15.0,5040656
45.9111,-111.9253,14.7,81.0,43.0,,4.14,-0.07,19.0,3588.0,3.774,333.0,,97.0,-20.0,13.9,11.9,-15.0,5040657
45.9111,-111.9408,12.5,56.0,36.0,,3.0,-0.06,11.0,2878.0,2.73,278.0,,48.0,-20.0,9.0,9.1,-15.0,5040658
45.8925,-111.9617,15.3,102.0,47.0,,4.18,-0.08,22.0,4107.0,3.739,324.0,,181.0,-20.0,11.6,14.5,-15.0,5040659
45.88,-111.9758,18.6,80.0,51.0,,3.84,-0.06,10.0,3290.0,3.033,499.0,,75.0,-20.0,19.3,8.5,-15.0,5040660
45.8778,-111.9775,16.7,94.0,42.0,,3.52,-0.06,12.0,2838.0,3.039,462.0,,74.0,-20.0,17.3,8.5,-15.0,5040661
45.8739,-111.9703,12.6,69.0,40.0,,3.48,-0.06,27.0,3058.0,3.168,422.0,,67.0,-20.0,13.7,10.0,-15.0,5040662
45.8689,-111.9214,14.0,100.0,44.0,,4.03,-0.08,12.0,3972.0,3.305,249.0,,95.0,-20.0,9.3,14.8,-15.0,5040663
45.8736,-111.9214,14.9,80.0,46.0,,3.81,-0.06,7.0,2716.0,3.285,393.0,,71.0,-20.0,14.2,10.7,18.0,5040664
45.8697,-111.9089,23.9,121.0,57.0,,5.69,-0.07,21.0,4191.0,4.551,433.0,,119.0,-20.0,17.4,14.6,-15.0,5040665
45.8697,-111.905,14.6,69.0,39.0,,3.48,-0.06,10.0,3015.0,2.758,290.0,,61.0,-20.0,10.8,8.7,-15.0,5040666
45.8689,-111.9,13.8,85.0,43.0,,3.34,-0.07,10.0,2597.0,2.698,324.0,,61.0,-20.0,11.2,8.6,24.0,5040667
45.9008,-111.8106,20.5,76.0,38.0,,6.6,-0.06,18.0,2709.0,2.659,235.0,,35.0,-20.0,8.5,8.8,-15.0,5040668
45.9006,-111.8069,25.0,109.0,51.0,,7.19,-0.08,19.0,3077.0,2.591,343.0,,52.0,-20.0,14.4,9.7,30.0,5040669
45.9008,-111.8036,19.0,81.0,40.0,,4.78,-0.07,17.0,3198.0,2.706,298.0,,38.0,-20.0,10.9,9.5,20.0,5040670
45.9044,-111.7914,35.5,119.0,62.0,,8.04,-0.06,-5.0,2343.0,1.817,312.0,,34.0,-20.0,14.9,6.0,-15.0,5040671
45.7231,-111.7469,19.8,108.0,56.0,,4.81,-0.08,6.0,6572.0,4.65,747.0,,134.0,-20.0,24.7,12.3,-15.0,5040672
45.7244,-111.7478,13.7,89.0,40.0,,3.18,-0.08,10.0,3768.0,3.062,302.0,,80.0,-20.0,10.7,10.1,-15.0,5040673
45.725,-111.7456,12.8,65.0,39.0,,4.24,-0.07,8.0,2548.0,2.876,226.0,,79.0,-20.0,7.3,9.6,-15.0,5040674
45.845,-111.8747,8.1,48.0,28.0,,2.0,-0.06,17.0,2317.0,1.9,275.0,,46.0,-20.0,9.1,5.7,-15.0,5040706
45.6767,-111.7197,19.0,114.0,60.0,,4.11,-0.09,7.0,4301.0,4.347,408.0,,101.0,-20.0,14.9,12.2,-15.0,5040675
45.6761,-111.7164,19.5,105.0,63.0,,4.27,-0.08,11.0,6420.0,4.914,483.0,,119.0,-20.0,16.0,13.8,16.0,5040676
45.6828,-111.7019,15.5,87.0,38.0,,3.71,-0.1,17.0,5364.0,3.938,287.0,,197.0,-20.0,9.7,12.4,-15.0,5040677
45.6861,-111.6969,14.4,88.0,42.0,,3.58,-0.07,6.0,3378.0,3.769,400.0,,121.0,-20.0,14.2,11.2,15.0,5040678
45.6986,-111.6836,14.0,72.0,35.0,,3.2,-0.08,14.0,3323.0,4.069,349.0,,121.0,-20.0,13.0,14.0,-15.0,5040679
45.6939,-111.6775,15.6,74.0,44.0,,3.27,-0.07,13.0,3725.0,3.548,286.0,,116.0,-20.0,9.8,11.7,21.0,5040680
45.705,-111.6683,11.8,87.0,40.0,,2.55,-0.11,14.0,5194.0,5.238,211.0,,188.0,-20.0,8.2,19.3,-15.0,5040681
45.7036,-111.6647,11.2,61.0,40.0,,3.34,-0.1,11.0,4558.0,4.425,224.0,,233.0,-20.0,8.1,15.4,-15.0,5040682
45.7392,-111.6506,12.6,74.0,39.0,,3.1,-0.08,11.0,5255.0,5.438,267.0,,183.0,-20.0,10.0,18.4,-15.0,5040683
45.7386,-111.6561,11.9,67.0,39.0,,2.94,-0.09,6.0,5851.0,5.253,317.0,,203.0,-20.0,11.6,16.2,26.0,5040684
45.7386,-111.6589,90.8,149.0,78.0,,13.1,-0.09,31.0,11020.0,8.86,2170.0,,359.0,-20.0,71.2,17.1,124.0,5040685
45.7464,-111.6497,15.1,91.0,50.0,,3.63,-0.07,14.0,5149.0,5.123,517.0,,179.0,-20.0,17.7,13.4,15.0,5040686
45.7475,-111.6511,19.2,119.0,60.0,,5.42,-0.08,6.0,6076.0,4.729,607.0,,160.0,-20.0,27.7,15.0,35.0,5040687
45.8853,-111.8536,12.0,61.0,37.0,,2.76,-0.06,18.0,2958.0,2.896,294.0,,61.0,-20.0,9.4,8.9,-15.0,5040688
45.8847,-111.8483,13.6,87.0,43.0,,2.81,-0.08,11.0,2979.0,2.632,304.0,,104.0,-20.0,12.2,8.8,-15.0,5040689
45.8828,-111.8694,11.8,64.0,45.0,,2.91,-0.07,8.0,2867.0,2.335,353.0,,64.0,-20.0,11.6,7.9,-15.0,5040690
45.8783,-111.8817,13.3,78.0,40.0,,3.05,-0.07,27.0,3203.0,2.782,270.0,,75.0,-20.0,11.2,9.2,19.0,5040691
45.8814,-111.8764,17.1,83.0,52.0,,3.75,-0.06,12.0,3588.0,3.39,624.0,,124.0,-20.0,21.3,9.5,-15.0,5040692
45.8797,-111.8847,14.5,90.0,46.0,,3.81,-0.07,11.0,2601.0,2.317,610.0,,63.0,-20.0,21.5,6.5,-15.0,5040693
45.8781,-111.8911,6.4,42.0,24.0,,1.7,-0.07,15.0,2608.0,3.16,190.0,,145.0,-20.0,6.2,9.4,17.0,5040694
45.8789,-111.895,10.8,82.0,34.0,,2.51,-0.07,7.0,2955.0,2.838,317.0,,117.0,-20.0,11.8,8.9,-15.0,5040695
45.8836,-111.8961,5.0,39.0,18.0,,1.56,-0.08,-5.0,2718.0,4.613,147.0,,854.0,-20.0,3.8,14.4,17.0,5040696
45.8906,-111.9122,13.3,86.0,40.0,,3.31,-0.09,13.0,3102.0,3.551,317.0,,220.0,-20.0,10.8,13.9,-15.0,5040697
45.8869,-111.6172,13.3,75.0,43.0,,3.19,-0.06,13.0,2920.0,2.499,416.0,,80.0,-20.0,15.3,7.9,19.0,5040698
45.8867,-111.6233,15.8,83.0,42.0,,3.15,-0.06,9.0,3649.0,2.857,403.0,,82.0,-20.0,15.9,8.6,-15.0,5040699
45.8728,-111.6144,13.9,79.0,41.0,,3.06,-0.06,5.0,3421.0,2.754,398.0,,68.0,-20.0,13.7,8.6,24.0,5040700
45.87,-111.6392,16.1,93.0,46.0,,3.34,-0.07,6.0,2602.0,2.754,416.0,,79.0,-20.0,17.5,7.3,-15.0,5040701
45.8658,-111.6506,14.4,83.0,47.0,,3.5,-0.06,16.0,2780.0,2.956,497.0,,79.0,-20.0,17.4,7.8,-15.0,5040702
45.8372,-111.8764,9.1,52.0,27.0,,2.05,-0.06,10.0,2473.0,2.231,162.0,,61.0,-20.0,6.7,7.6,-15.0,5040703
45.8364,-111.8783,7.9,43.0,29.0,,2.15,-0.06,5.0,2517.0,1.864,158.0,,66.0,-20.0,6.0,7.3,19.0,5040704
45.8475,-111.8642,8.2,46.0,22.0,,1.77,-0.07,24.0,2018.0,1.666,164.0,,57.0,-20.0,5.8,5.8,-15.0,5040705
45.8483,-111.9072,14.3,68.0,40.0,,3.57,-0.09,18.0,4149.0,4.65,308.0,,157.0,-20.0,11.6,17.6,-15.0,5040707
45.8494,-111.8994,11.8,65.0,43.0,,3.15,-0.07,21.0,4071.0,3.676,344.0,,109.0,-20.0,11.7,13.3,-15.0,5040708
45.8606,-111.8978,12.5,92.0,33.0,,3.34,-0.1,12.0,4121.0,4.043,240.0,,134.0,-20.0,9.5,14.9,-15.0,5040709
45.8578,-111.9083,10.5,62.0,35.0,,2.65,-0.07,16.0,3113.0,2.919,258.0,,77.0,-20.0,9.7,10.7,22.0,5040710
45.7911,-111.7819,7.5,38.0,21.0,,1.98,-0.05,9.0,2038.0,1.909,208.0,,56.0,-20.0,7.6,5.8,16.0,5040711
45.7903,-111.7781,12.4,75.0,35.0,,2.53,-0.06,14.0,2829.0,2.62,285.0,,69.0,-20.0,10.9,8.1,-15.0,5040712
45.795,-111.8306,12.3,67.0,35.0,,3.52,7.57,7.0,4381.0,4.687,541.0,,228.0,-20.0,19.5,13.8,-15.0,5040713
45.7903,-111.8125,13.6,76.0,42.0,,3.21,-0.07,13.0,3673.0,3.324,340.0,,101.0,-20.0,12.7,9.7,-15.0,5040714
45.8075,-111.8139,7.1,47.0,22.0,,2.06,-0.07,7.0,2554.0,2.01,159.0,,60.0,-20.0,6.8,6.2,19.0,5040715
45.7842,-111.7678,10.3,65.0,36.0,,2.6,-0.06,-5.0,2465.0,2.329,255.0,,61.0,-20.0,11.1,7.5,-15.0,5040716
45.7856,-111.8117,11.7,64.0,35.0,,2.8,-0.06,7.0,3002.0,3.067,317.0,,114.0,-20.0,11.5,9.8,-15.0,5040717
45.7722,-111.8194,10.0,62.0,28.0,,2.25,-0.07,16.0,2455.0,2.198,249.0,,65.0,-20.0,8.6,7.4,-15.0,5040718
45.7753,-111.8325,10.5,74.0,40.0,,3.32,-0.07,-5.0,4230.0,4.122,425.0,,192.0,-20.0,15.8,11.9,-15.0,5040719
45.7856,-111.8331,10.2,64.0,30.0,,2.3,-0.06,12.0,2958.0,2.496,220.0,,73.0,-20.0,8.6,7.8,-15.0,5040720
45.7847,-111.785,11.2,58.0,28.0,,2.7,-0.06,16.0,2732.0,2.458,271.0,,72.0,-20.0,9.5,7.6,23.0,5040721
45.7697,-111.8222,12.1,90.0,44.0,,3.79,-0.07,6.0,4910.0,4.759,705.0,,283.0,-20.0,25.3,13.4,-15.0,5040722
45.6697,-111.7647,16.5,85.0,46.0,,3.1,-0.07,6.0,3280.0,3.494,386.0,,72.0,-20.0,13.1,10.2,-15.0,5040723
45.6719,-111.7539,16.7,81.0,43.0,,2.69,-0.07,18.0,3299.0,3.238,227.0,,81.0,-20.0,8.1,10.3,21.0,5040724
45.7486,-111.6819,13.1,69.0,42.0,,2.82,-0.06,15.0,3529.0,3.711,270.0,,92.0,-20.0,8.6,10.9,-15.0,5040725
45.7486,-111.6853,14.1,106.0,45.0,,3.36,-0.08,17.0,6501.0,5.268,533.0,,157.0,-20.0,18.3,16.5,-15.0,5040726
45.7492,-111.6969,10.3,71.0,38.0,,2.54,-0.07,6.0,4046.0,4.006,298.0,,123.0,-20.0,9.4,13.3,-15.0,5040727
45.7225,-111.7303,16.4,90.0,51.0,,3.12,-0.07,23.0,3969.0,3.71,358.0,,112.0,-20.0,13.9,11.8,-15.0,5040728
45.7236,-111.7272,14.2,78.0,47.0,,3.12,-0.08,19.0,4148.0,3.856,355.0,,128.0,-20.0,11.8,12.6,-15.0,5040729
45.7217,-111.7242,15.1,100.0,41.0,,3.13,-0.1,13.0,4553.0,4.492,317.0,,221.0,-20.0,12.1,15.8,-15.0,5040730
45.7317,-111.7186,13.8,89.0,46.0,,3.07,-0.08,16.0,3457.0,4.014,353.0,,174.0,-20.0,12.2,13.7,-15.0,5040731
45.7269,-111.7158,16.3,103.0,44.0,,3.25,-0.07,18.0,3811.0,3.798,397.0,,132.0,-20.0,13.0,11.4,-15.0,5040732
45.7211,-111.7117,11.1,84.0,46.0,,2.78,-0.08,16.0,5781.0,5.658,319.0,,198.0,-20.0,11.3,16.8,19.0,5040733
45.7203,-111.7064,12.8,88.0,39.0,,2.49,-0.09,16.0,3850.0,4.502,273.0,,314.0,-20.0,10.2,12.4,22.0,5040734
45.7017,-111.6928,13.0,71.0,36.0,,3.54,-0.08,8.0,3253.0,3.229,257.0,,102.0,-20.0,9.3,10.6,17.0,5040735
45.7011,-111.6886,14.4,77.0,43.0,,3.22,-0.07,8.0,4376.0,4.272,360.0,,166.0,-20.0,13.3,13.5,-15.0,5040736
45.6981,-111.675,14.6,75.0,42.0,,3.42,-0.07,15.0,5393.0,4.474,346.0,,169.0,-20.0,12.3,14.7,-15.0,5040737
45.6942,-111.6664,15.3,91.0,41.0,,3.15,-0.09,16.0,4032.0,3.589,246.0,,144.0,-20.0,8.6,11.9,-15.0,5040738
45.6961,-111.6622,14.7,85.0,46.0,,3.28,-0.08,19.0,4112.0,4.121,246.0,,154.0,-20.0,7.9,13.6,-15.0,5040739
45.6917,-111.6589,32.9,126.0,62.0,,5.12,-0.07,15.0,5547.0,6.093,663.0,,140.0,-20.0,22.6,11.6,-15.0,5040740
45.6789,-111.6614,15.3,72.0,41.0,,2.95,-0.07,14.0,3859.0,3.296,343.0,,82.0,-20.0,12.2,9.0,-15.0,5040741
45.6778,-111.66,11.4,64.0,30.0,,2.17,-0.08,7.0,2622.0,2.817,190.0,,134.0,-20.0,6.4,8.9,-15.0,5040742
45.6744,-111.6561,12.4,76.0,38.0,,2.67,-0.08,16.0,3418.0,3.453,277.0,,116.0,-20.0,10.2,10.6,-15.0,5040743
45.6739,-111.6208,16.5,108.0,50.0,,3.07,-0.07,19.0,3297.0,3.457,323.0,,95.0,-20.0,12.8,9.6,-15.0,5040744
45.6711,-111.6219,16.3,76.0,48.0,,3.21,-0.07,19.0,4221.0,3.465,369.0,,96.0,-20.0,14.6,9.6,-15.0,5040745
45.6753,-111.6375,17.5,101.0,49.0,,3.18,-0.07,20.0,3859.0,3.574,392.0,,102.0,-20.0,15.0,9.9,-15.0,5040746
45.6836,-111.6361,14.3,92.0,49.0,,3.17,-0.07,9.0,3870.0,3.462,378.0,,97.0,-20.0,13.9,9.9,-15.0,5040747
45.7042,-111.6353,17.9,82.0,43.0,,5.55,-0.08,9.0,3999.0,3.535,271.0,,115.0,-20.0,12.4,10.6,-15.0,5040748
45.7156,-111.64,16.8,78.0,48.0,,3.09,-0.06,18.0,3679.0,3.512,360.0,,91.0,-20.0,14.2,10.1,-15.0,5040749
45.7192,-111.6364,44.8,213.0,99.0,,7.11,-0.08,17.0,10060.0,9.01,1273.0,,246.0,21.0,50.6,14.1,-15.0,5040750
45.7194,-111.6389,16.2,97.0,46.0,,3.96,0.08,13.0,4216.0,4.43,439.0,,131.0,-20.0,18.7,11.7,-15.0,5040751
45.7231,-111.6378,16.1,90.0,47.0,,3.49,-0.07,11.0,3526.0,3.551,299.0,,124.0,-20.0,13.5,11.7,-15.0,5040752
45.7328,-111.6319,16.7,102.0,59.0,,4.35,-0.07,6.0,4105.0,3.484,415.0,,86.0,-20.0,16.0,10.7,-15.0,5040753
45.7253,-111.6289,19.7,123.0,60.0,,3.74,-0.08,15.0,4554.0,3.088,455.0,,97.0,-20.0,18.3,9.3,-15.0,5040754
45.7278,-111.6167,19.9,103.0,53.0,,3.93,-0.07,8.0,5101.0,4.336,484.0,,100.0,-20.0,17.7,10.1,18.0,5040755
45.7331,-111.6233,18.6,103.0,50.0,,3.28,-0.07,8.0,3853.0,3.243,349.0,,90.0,-20.0,14.4,8.7,-15.0,5040756
45.7425,-111.6333,14.6,82.0,44.0,,4.02,-0.06,6.0,3802.0,3.665,460.0,,71.0,-20.0,16.7,8.0,-15.0,5040757
45.7472,-111.52,15.8,95.0,46.0,,3.19,-0.07,8.0,3518.0,2.924,349.0,,73.0,-20.0,13.2,8.8,-15.0,5040758
45.7472,-111.5364,14.8,85.0,43.0,,2.86,-0.06,8.0,2845.0,2.867,307.0,,69.0,-20.0,10.7,8.8,15.0,5040759
45.7478,-111.5719,17.7,96.0,50.0,,2.96,-0.06,14.0,3593.0,3.319,319.0,,98.0,-20.0,11.7,10.0,-15.0,5040760
45.7378,-111.5922,18.3,90.0,51.0,,3.65,-0.06,15.0,3692.0,3.292,373.0,,81.0,-20.0,12.6,9.3,-15.0,5040761
45.7414,-111.59,20.1,110.0,51.0,,3.77,-0.07,11.0,3556.0,3.607,364.0,,86.0,-20.0,14.9,9.2,-15.0,5040762
45.7406,-111.5872,17.4,93.0,51.0,,3.56,-0.06,16.0,2991.0,3.339,397.0,,74.0,-20.0,14.2,9.2,-15.0,5040763
45.7147,-111.5881,20.5,102.0,52.0,,3.31,-0.06,11.0,3572.0,3.836,361.0,,91.0,-20.0,14.3,10.0,-15.0,5040764
45.7092,-111.5914,17.5,81.0,46.0,,3.23,-0.06,11.0,3076.0,3.506,309.0,,65.0,-20.0,11.7,9.3,-15.0,5040765
45.71,-111.5942,13.9,78.0,41.0,,2.71,-0.07,13.0,3141.0,2.754,294.0,,88.0,-20.0,11.4,8.5,-15.0,5040766
45.7242,-111.5989,18.2,94.0,49.0,,3.16,-0.06,13.0,3389.0,3.515,369.0,,77.0,-20.0,14.2,9.7,-15.0,5040767
45.7369,-111.5789,18.9,109.0,55.0,,3.61,-0.07,11.0,4452.0,4.354,398.0,,116.0,-20.0,16.9,11.6,-15.0,5040768
45.7389,-111.5758,18.4,84.0,44.0,,3.67,-0.07,10.0,4147.0,3.965,386.0,,82.0,-20.0,14.4,9.2,-15.0,5040769
45.7344,-111.5739,17.6,108.0,49.0,,3.54,-0.08,8.0,3825.0,3.979,422.0,,96.0,-20.0,17.6,8.9,-15.0,5040770
45.7317,-111.5564,15.3,71.0,42.0,,2.98,-0.06,13.0,4002.0,3.047,353.0,,85.0,-20.0,11.7,8.9,-15.0,5040771
45.7331,-111.5442,17.8,111.0,54.0,,3.08,-0.07,11.0,3760.0,3.462,383.0,,89.0,-20.0,16.7,9.7,-15.0,5040772
45.7383,-111.5208,15.3,87.0,46.0,,3.21,-0.06,9.0,3930.0,3.616,404.0,,93.0,-20.0,16.2,10.2,-15.0,5040773
45.7219,-111.5242,13.5,94.0,46.0,,5.92,-0.07,-5.0,3048.0,2.634,297.0,,74.0,-20.0,11.0,7.6,-15.0,5040774
45.7161,-111.5297,15.4,87.0,41.0,,2.95,-0.07,5.0,3053.0,2.772,276.0,,65.0,-20.0,10.2,8.4,-15.0,5040775
45.9047,-111.7586,20.3,103.0,54.0,,4.67,-0.06,17.0,3497.0,2.876,441.0,,41.0,-20.0,17.9,10.1,-15.0,5040776
45.9028,-111.7511,17.7,81.0,48.0,,3.71,-0.06,22.0,2969.0,2.747,266.0,,54.0,-20.0,10.9,11.0,-15.0,5040777
45.9014,-111.7483,18.9,103.0,45.0,,3.97,-0.08,18.0,3519.0,3.346,305.0,,47.0,-20.0,11.8,11.8,-15.0,5040778
45.9047,-111.7453,17.1,87.0,47.0,,3.92,-0.06,16.0,3266.0,3.058,306.0,,43.0,-20.0,10.9,12.4,-15.0,5040779
45.9125,-111.7225,22.1,96.0,46.0,,5.73,-0.07,7.0,3247.0,3.182,286.0,,48.0,-20.0,12.8,9.9,-15.0,5040780
45.9094,-111.6858,14.0,76.0,43.0,,4.69,-0.07,20.0,3293.0,3.315,235.0,,51.0,-20.0,8.2,10.3,-15.0,5040781
45.9006,-111.6769,16.6,88.0,44.0,,3.22,-0.07,10.0,2387.0,2.618,281.0,,34.0,-20.0,12.5,7.6,-15.0,5040782
45.8853,-111.6783,11.6,63.0,35.0,,3.06,-0.05,14.0,2480.0,2.138,359.0,,56.0,-20.0,12.3,6.5,-15.0,5040783
45.8833,-111.68,14.4,82.0,43.0,,3.03,-0.06,12.0,2499.0,2.821,346.0,,66.0,-20.0,13.8,8.6,-15.0,5040784
45.8814,-111.6808,11.0,59.0,34.0,,2.86,-0.05,9.0,2216.0,2.301,304.0,,51.0,-20.0,11.8,6.7,-15.0,5040785
45.7128,-111.5436,16.8,106.0,48.0,,3.21,-0.08,12.0,3490.0,3.196,368.0,,78.0,-20.0,13.7,9.2,-15.0,5040786
45.7103,-111.5583,14.4,73.0,40.0,,2.8,-0.06,14.0,3014.0,2.81,321.0,,88.0,-20.0,12.4,8.4,-15.0,5040787
45.7072,-111.5569,17.6,103.0,49.0,,3.08,-0.07,6.0,3432.0,3.259,327.0,,85.0,-20.0,12.6,9.5,-15.0,5040788
45.7033,-111.5583,16.2,80.0,42.0,,2.88,-0.06,15.0,2996.0,2.878,273.0,,61.0,-20.0,9.7,9.0,-15.0,5040789
45.7081,-111.5303,17.0,106.0,53.0,,3.19,-0.07,8.0,3588.0,3.083,417.0,,86.0,-20.0,16.3,9.2,-15.0,5040790
45.6956,-111.5464,16.5,87.0,48.0,,3.03,-0.06,11.0,3233.0,3.017,338.0,,87.0,-20.0,12.2,9.7,-15.0,5040791
45.6939,-111.5464,16.2,91.0,53.0,,2.71,-0.06,10.0,2688.0,2.913,247.0,,81.0,-20.0,9.0,8.4,-15.0,5040792
45.6814,-111.5606,15.1,72.0,44.0,,3.06,-0.06,14.0,3182.0,2.942,289.0,,72.0,-20.0,10.7,9.0,-15.0,5040793
45.6806,-111.5567,15.9,84.0,42.0,,2.99,-0.07,9.0,3318.0,2.487,232.0,,71.0,-20.0,8.5,8.2,-15.0,5040794
45.6756,-111.54,14.1,74.0,44.0,,2.78,-0.06,11.0,3015.0,2.919,295.0,,77.0,-20.0,9.5,8.1,-15.0,5040795
45.6911,-111.5375,17.7,101.0,48.0,,3.11,-0.06,17.0,3962.0,3.327,394.0,,95.0,-20.0,16.4,9.7,-15.0,5040796
45.4992,-111.4539,24.7,97.0,63.0,,6.81,-0.08,13.0,5966.0,5.842,717.0,,181.0,-20.0,26.0,19.9,-15.0,5040797
45.485,-111.4725,22.7,134.0,66.0,,6.48,-0.1,23.0,6123.0,6.132,691.0,,190.0,-20.0,25.4,18.1,-15.0,5040798
45.4825,-111.4708,15.7,83.0,44.0,,5.14,-0.08,13.0,4185.0,5.761,333.0,,832.0,-20.0,13.7,22.3,-15.0,5040799
45.4842,-111.4694,34.5,115.0,84.0,,12.64,-0.1,20.0,7707.0,7.108,936.0,,337.0,-20.0,47.5,25.3,-15.0,5040800
45.4903,-111.4578,25.1,129.0,68.0,,8.41,-0.08,10.0,7990.0,6.316,1118.0,,187.0,-20.0,56.2,21.7,-15.0,5040801
45.3186,-111.2569,9.9,49.0,47.0,,42.85,-0.1,12.0,4237.0,6.064,226.0,,406.0,-20.0,7.2,19.9,-15.0,5040802
45.3258,-111.2653,7.6,31.0,19.0,,6.45,-0.08,9.0,3388.0,3.94,249.0,,198.0,-20.0,7.8,14.7,-15.0,5040803
45.3175,-111.2667,9.2,179.0,237.0,,349.4,-0.12,26.0,4449.0,4.982,141.0,,341.0,-20.0,4.9,12.2,-15.0,5040804
45.3231,-111.2761,9.5,37.0,25.0,,9.72,-0.08,6.0,3414.0,4.079,229.0,,223.0,-20.0,8.5,15.4,-15.0,5040805
45.3267,-111.2694,8.5,44.0,33.0,,20.55,-0.09,-5.0,3943.0,3.501,215.0,,166.0,-20.0,6.8,12.9,-15.0,5040806
45.3397,-111.2553,6.0,44.0,24.0,,2.99,-0.09,15.0,3796.0,5.393,132.0,,447.0,-20.0,3.9,19.5,24.0,5040807
45.3428,-111.2583,11.5,68.0,50.0,,6.91,-0.1,5.0,4250.0,3.846,190.0,,167.0,-20.0,6.6,13.0,-15.0,5040808
45.3419,-111.2569,7.8,50.0,24.0,,2.78,-0.09,15.0,3257.0,4.165,161.0,,236.0,-20.0,3.7,13.7,-15.0,5040809
45.3406,-111.4381,11.8,72.0,34.0,,3.53,-0.08,16.0,4193.0,3.887,395.0,,130.0,-20.0,14.0,13.8,-15.0,5040810
45.4994,-111.4667,18.3,89.0,55.0,,5.13,-0.09,15.0,4493.0,6.832,433.0,,174.0,-20.0,15.1,21.7,-15.0,5040811
45.4969,-111.4664,39.0,193.0,97.0,,9.62,-0.1,25.0,4687.0,4.753,1098.0,,289.0,-20.0,38.8,16.8,-15.0,5040812
45.4992,-111.45,33.6,150.0,103.0,,13.59,-0.1,11.0,6130.0,5.085,779.0,,237.0,-20.0,28.3,20.3,-15.0,5040813
45.4842,-111.2597,12.4,111.0,56.0,,3.95,-0.09,-5.0,5647.0,6.468,482.0,,316.0,-20.0,18.6,22.8,25.0,5040814
45.3433,-111.4639,9.9,63.0,33.0,,2.95,-0.08,7.0,2819.0,4.088,215.0,,123.0,-20.0,7.0,12.8,-15.0,5040815
45.3458,-111.4653,9.9,78.0,34.0,,4.68,-0.09,5.0,4993.0,4.9,292.0,,645.0,-20.0,10.7,13.7,-15.0,5040816
45.3494,-111.4711,13.7,81.0,43.0,,4.33,-0.08,17.0,3342.0,3.852,239.0,,125.0,-20.0,8.1,11.2,-15.0,5040817
45.3517,-111.475,10.3,50.0,34.0,,2.75,-0.08,13.0,3013.0,2.249,245.0,,64.0,-20.0,7.6,7.9,-15.0,5040818
45.3469,-111.475,10.3,57.0,35.0,,3.12,-0.07,22.0,2883.0,2.885,178.0,,72.0,-20.0,5.1,9.5,-15.0,5040819
45.3442,-111.4786,9.3,66.0,34.0,,2.99,-0.08,13.0,3190.0,1.798,227.0,,56.0,-20.0,8.8,6.6,-15.0,5040820
45.3394,-111.4825,10.1,53.0,36.0,,3.1,-0.07,-5.0,2832.0,1.866,265.0,,57.0,-20.0,9.2,7.1,-15.0,5040821
45.3308,-111.4667,16.0,117.0,65.0,,5.41,-0.08,7.0,4987.0,4.091,1215.0,,335.0,-20.0,39.9,11.0,-15.0,5040822
45.3272,-111.4639,10.7,79.0,38.0,,3.67,-0.07,10.0,2731.0,2.931,276.0,,118.0,-20.0,8.4,9.9,-15.0,5040823
45.3275,-111.4597,11.2,87.0,39.0,,3.68,-0.07,5.0,3192.0,2.792,335.0,,118.0,-20.0,10.5,9.0,-15.0,5040824
45.3275,-111.4786,12.1,58.0,39.0,,3.87,-0.07,-5.0,2412.0,1.504,219.0,,32.0,-20.0,8.6,5.6,-15.0,5040825
45.2519,-111.255,17.5,102.0,55.0,,4.36,-0.07,-5.0,3062.0,1.988,404.0,,63.0,-20.0,14.0,6.2,-15.0,5040826
45.2592,-111.2564,9.1,56.0,32.0,,2.61,-0.06,5.0,1776.0,1.922,218.0,,53.0,-20.0,7.7,6.2,-15.0,5040827
45.2678,-111.2614,9.1,74.0,24.0,,2.45,-0.08,20.0,2399.0,2.164,211.0,,59.0,-20.0,7.3,7.8,-15.0,5040828
45.2728,-111.2811,8.9,67.0,34.0,,2.29,-0.07,10.0,2970.0,2.485,192.0,,47.0,-20.0,5.9,9.2,-15.0,5040829
45.2744,-111.2744,10.5,78.0,38.0,,2.72,-0.08,6.0,3224.0,2.94,209.0,,54.0,-20.0,7.7,11.0,-15.0,5040830
45.2644,-111.2836,11.4,59.0,37.0,,3.27,-0.07,11.0,2664.0,2.575,251.0,,64.0,-20.0,8.0,8.5,-15.0,5040831
45.2594,-111.2994,14.2,75.0,43.0,,4.08,-0.07,7.0,2766.0,2.354,413.0,,148.0,-20.0,16.5,7.4,-15.0,5040832
45.2767,-111.2994,12.0,70.0,39.0,,3.31,-0.07,12.0,2713.0,2.212,262.0,,57.0,-20.0,9.0,8.0,-15.0,5040833
45.2692,-111.3042,10.9,52.0,27.0,,2.47,-0.08,14.0,3512.0,2.911,184.0,,96.0,-20.0,7.1,9.1,-15.0,5040834
45.2697,-111.3256,9.4,57.0,36.0,,3.19,-0.07,10.0,3250.0,2.618,193.0,,94.0,-20.0,6.0,9.1,-15.0,5040835
45.2658,-111.3219,11.6,100.0,41.0,,3.07,-0.08,9.0,3791.0,2.561,284.0,,98.0,-20.0,10.7,8.2,-15.0,5040836
45.2736,-111.3364,16.9,160.0,83.0,,3.52,-0.06,9.0,4493.0,3.675,419.0,,115.0,-20.0,13.4,10.7,-15.0,5040837
45.2808,-111.3472,13.2,96.0,63.0,,3.38,-0.08,5.0,3723.0,2.385,313.0,,81.0,-20.0,11.5,8.1,-15.0,5040838
45.2669,-111.3436,14.3,74.0,40.0,,3.87,-0.07,8.0,2376.0,2.345,280.0,,55.0,-20.0,9.0,7.5,-15.0,5040839
45.2678,-111.3456,17.2,92.0,43.0,,5.89,-0.08,6.0,2281.0,2.123,188.0,,56.0,-20.0,7.2,7.6,-15.0,5040840
45.27,-111.3422,16.0,85.0,52.0,,4.21,-0.07,7.0,2158.0,1.277,234.0,,37.0,-20.0,8.3,4.5,-15.0,5040841
45.2658,-111.3353,15.5,80.0,51.0,,12.52,-0.1,11.0,1748.0,2.308,152.0,,67.0,-20.0,5.5,7.8,-15.0,5040842
45.2669,-111.3789,14.0,73.0,44.0,,5.45,-0.07,5.0,2304.0,1.944,312.0,,81.0,-20.0,10.2,6.5,-15.0,5040843
45.2656,-111.4036,16.7,100.0,49.0,,4.67,-0.09,8.0,3415.0,2.618,236.0,,57.0,-20.0,8.3,9.2,-15.0,5040844
45.2639,-111.4122,12.2,73.0,45.0,,6.64,-0.08,12.0,2634.0,3.46,232.0,,247.0,-20.0,7.9,9.1,-15.0,5040845
45.2564,-111.4289,10.6,69.0,36.0,,3.93,-0.09,10.0,3102.0,5.199,185.0,,514.0,-20.0,6.2,10.1,-15.0,5040846
45.2575,-111.4394,8.1,45.0,28.0,,2.58,-0.07,-5.0,3644.0,3.788,186.0,,269.0,-20.0,5.4,8.5,-15.0,5040847
45.2892,-111.365,12.0,73.0,39.0,,3.77,-0.08,13.0,3607.0,2.822,185.0,,88.0,-20.0,6.2,9.9,-15.0,5040848
45.2883,-111.3761,6.4,59.0,44.0,,2.01,-0.09,-5.0,6642.0,8.504,182.0,,2098.0,-20.0,6.5,19.4,-15.0,5040849
45.2894,-111.3694,11.2,69.0,39.0,,2.99,-0.07,-5.0,3308.0,3.066,186.0,,196.0,-20.0,7.1,7.2,-15.0,5040850
45.2917,-111.3561,18.7,91.0,53.0,,5.4,-0.06,10.0,2846.0,2.525,276.0,,47.0,-20.0,9.1,8.0,-15.0,5040851
45.2878,-111.3858,14.8,110.0,48.0,,4.6,-0.08,9.0,4236.0,3.405,439.0,,136.0,-20.0,14.9,10.8,-15.0,5040852
45.2989,-111.3833,5.7,54.0,29.0,,1.57,-0.09,10.0,6269.0,8.814,116.0,,2345.0,-20.0,3.5,17.3,-15.0,5040853
45.3083,-111.4111,17.8,104.0,54.0,,5.15,-0.07,9.0,3706.0,3.178,381.0,,94.0,-20.0,14.8,10.7,-15.0,5040854
45.3197,-111.4192,10.2,60.0,32.0,,3.21,-0.07,15.0,3055.0,2.289,258.0,,68.0,-20.0,8.0,7.0,-15.0,5040855
45.3217,-111.4372,10.2,109.0,62.0,,4.0,-0.14,11.0,1697.0,2.296,85.0,,91.0,-20.0,2.7,9.0,-15.0,5040856
45.3222,-111.4222,18.2,99.0,52.0,,5.63,-0.07,14.0,4536.0,3.39,406.0,,150.0,-20.0,14.0,10.7,-15.0,5040857
45.2786,-111.4117,9.7,83.0,42.0,,2.74,-0.07,6.0,4183.0,3.097,240.0,,115.0,-20.0,8.8,9.8,-15.0,5040858
45.2828,-111.4033,10.8,75.0,44.0,,4.82,-0.08,20.0,2985.0,3.179,204.0,,111.0,-20.0,7.2,10.3,-15.0,5040859
45.2811,-111.4014,16.4,77.0,37.0,,4.46,-0.07,11.0,2620.0,2.213,242.0,,108.0,-20.0,8.4,7.3,-15.0,5040860
45.2869,-111.395,7.4,52.0,36.0,,2.31,-0.08,19.0,6841.0,13.16,247.0,,2413.0,-20.0,9.4,13.0,-15.0,5040861
45.3044,-111.4097,12.5,99.0,50.0,,3.35,-0.06,-5.0,2318.0,2.685,237.0,,98.0,-20.0,8.2,8.7,-15.0,5040862
45.2986,-111.4036,8.0,52.0,38.0,,2.74,-0.07,9.0,5679.0,9.109,320.0,,1515.0,-20.0,9.0,13.2,-15.0,5040863
45.295,-111.4094,19.3,86.0,48.0,,5.54,-0.08,8.0,2773.0,2.274,234.0,,71.0,-20.0,9.1,7.9,-15.0,5040864
45.2958,-111.4186,8.9,49.0,25.0,,2.45,-0.1,20.0,3479.0,1.938,171.0,,63.0,-20.0,5.7,6.6,-15.0,5040865
45.2969,-111.4314,14.1,80.0,41.0,,6.12,-0.08,11.0,3306.0,2.837,237.0,,309.0,-20.0,9.2,9.3,16.0,5040866
45.3236,-111.4181,12.2,72.0,44.0,,4.02,-0.06,9.0,3513.0,2.697,256.0,,49.0,-20.0,7.9,9.6,-15.0,5040867
45.3253,-111.4297,15.9,129.0,54.0,,5.34,-0.09,22.0,2999.0,3.844,254.0,,90.0,-20.0,9.8,9.2,-15.0,5040868
45.3269,-111.4231,12.8,72.0,44.0,,3.72,-0.07,13.0,3628.0,3.057,274.0,,89.0,-20.0,9.9,9.1,-15.0,5040869
45.3289,-111.4233,13.1,78.0,38.0,,4.01,-0.07,19.0,2638.0,2.92,247.0,,99.0,-20.0,9.4,8.0,-15.0,5040870
45.3306,-111.4308,13.2,57.0,36.0,,4.49,-0.06,7.0,2579.0,1.977,258.0,,47.0,-20.0,9.7,7.3,-15.0,5040871
45.33,-111.4286,11.7,59.0,35.0,,3.6,-0.08,23.0,2230.0,3.739,180.0,,58.0,-20.0,7.7,6.8,-15.0,5040872
45.3353,-111.4317,8.3,50.0,40.0,,3.24,-0.07,5.0,3194.0,1.966,213.0,,61.0,-20.0,8.0,7.5,-15.0,5040873
45.3175,-111.4306,12.9,64.0,32.0,,3.8,-0.07,9.0,2377.0,2.236,251.0,,61.0,-20.0,9.5,7.9,-15.0,5040874
45.3161,-111.4314,10.3,57.0,33.0,,3.53,-0.07,7.0,4076.0,3.307,263.0,,97.0,-20.0,9.7,12.2,-15.0,5040875
45.3164,-111.4369,12.9,78.0,36.0,,3.32,-0.09,13.0,3950.0,3.458,340.0,,130.0,-20.0,12.1,12.8,-15.0,5040876
45.3161,-111.4397,13.6,100.0,53.0,,4.28,-0.08,16.0,3719.0,3.859,306.0,,110.0,-20.0,12.5,11.8,-15.0,5040877
45.3292,-111.4328,12.3,62.0,33.0,,3.67,-0.08,8.0,3662.0,3.461,238.0,,110.0,-20.0,9.1,11.7,-15.0,5040878
45.3336,-111.4397,12.0,67.0,39.0,,3.75,-0.08,13.0,4054.0,3.375,272.0,,97.0,-20.0,9.2,11.6,-15.0,5040879
45.3222,-111.4744,9.4,58.0,28.0,,3.37,-0.07,-5.0,2904.0,2.63,293.0,,458.0,-20.0,10.3,8.0,-15.0,5040880
45.3186,-111.4756,15.6,77.0,43.0,,4.85,-0.07,13.0,2679.0,2.092,228.0,,52.0,-20.0,7.7,7.9,-15.0,5040881
45.3053,-111.4681,15.2,93.0,48.0,,3.94,-0.07,5.0,3121.0,2.861,239.0,,129.0,-20.0,9.1,10.1,-15.0,5040882
45.3,-111.4553,10.8,54.0,28.0,,3.46,-0.07,6.0,2096.0,2.171,227.0,,121.0,-20.0,7.0,7.7,-15.0,5040883
45.3331,-111.4933,14.3,80.0,39.0,,6.94,-0.09,10.0,3142.0,2.799,208.0,,98.0,-20.0,7.1,9.2,-15.0,5040884
45.3292,-111.4844,12.8,64.0,31.0,,3.89,-0.07,10.0,3243.0,2.447,228.0,,77.0,-20.0,8.9,8.9,-15.0,5040885
45.3328,-111.4892,10.3,74.0,38.0,,3.56,-0.07,-5.0,2975.0,2.433,290.0,,127.0,-20.0,9.7,8.3,-15.0,5040886
45.3294,-111.4636,9.3,54.0,35.0,,3.18,-0.06,14.0,2246.0,1.971,218.0,,56.0,-20.0,6.7,7.1,-15.0,5040887
45.3169,-111.4844,10.7,65.0,34.0,,3.2,-0.08,9.0,2705.0,1.64,246.0,,105.0,-20.0,7.8,6.5,-15.0,5040888
45.3117,-111.4839,11.9,72.0,32.0,,3.15,-0.07,11.0,2989.0,2.012,268.0,,142.0,-20.0,9.7,8.3,-15.0,5040889
45.3069,-111.4872,8.1,88.0,44.0,,2.18,-0.08,-5.0,4103.0,3.86,191.0,,359.0,-20.0,6.3,17.3,-15.0,5040890
45.3014,-111.4858,11.2,74.0,45.0,,3.45,-0.07,12.0,3417.0,3.474,184.0,,238.0,-20.0,5.9,13.4,-15.0,5040891
45.2994,-111.4875,10.9,66.0,35.0,,3.51,-0.06,10.0,2209.0,2.023,256.0,,49.0,-20.0,8.3,6.5,-15.0,5040892
45.3011,-111.4911,9.9,54.0,33.0,,3.51,-0.06,7.0,2362.0,2.31,269.0,,47.0,-20.0,8.3,5.7,-15.0,5040893
45.2922,-111.4922,10.9,72.0,34.0,,3.61,-0.08,5.0,3240.0,1.737,195.0,,42.0,-20.0,6.8,6.3,-15.0,5040894
45.2881,-111.4939,10.3,53.0,33.0,,3.4,-0.08,8.0,2994.0,2.496,190.0,,68.0,-20.0,6.0,9.3,-15.0,5040895
45.2817,-111.4967,12.2,67.0,33.0,,3.57,-0.05,6.0,2742.0,1.902,332.0,,52.0,-20.0,10.9,6.1,-15.0,5040896
45.2822,-111.4919,9.5,55.0,35.0,,3.41,-0.05,6.0,2492.0,1.926,253.0,,47.0,-20.0,9.0,6.0,-15.0,5040897
45.2758,-111.4969,7.3,48.0,29.0,,2.74,-0.07,5.0,2307.0,1.052,252.0,,39.0,-20.0,9.9,3.8,-15.0,5040898
45.2633,-111.4875,10.6,57.0,34.0,,3.25,-0.05,7.0,2586.0,1.929,205.0,,39.0,-20.0,6.2,5.8,-15.0,5040899
45.2622,-111.4811,13.4,78.0,40.0,,3.58,-0.08,16.0,3511.0,3.232,171.0,,99.0,-20.0,5.8,11.3,-15.0,5040900
45.2608,-111.4783,11.1,53.0,33.0,,3.25,-0.07,12.0,2962.0,2.686,221.0,,86.0,-20.0,6.8,8.9,-15.0,5040901
45.2869,-111.3272,8.2,51.0,31.0,,2.35,-0.09,27.0,2515.0,1.929,189.0,,64.0,-20.0,7.2,6.9,-15.0,5040902
45.28,-111.3269,18.0,149.0,78.0,,5.27,-0.07,15.0,4955.0,4.988,336.0,,215.0,-20.0,10.8,12.9,-15.0,5040903
45.305,-111.3425,18.0,146.0,70.0,,4.35,-0.07,-5.0,3984.0,3.608,469.0,,105.0,-20.0,15.8,10.1,19.0,5040904
45.3108,-111.3533,12.7,113.0,73.0,,18.86,-0.08,12.0,3670.0,5.676,273.0,,199.0,-20.0,9.1,14.1,-15.0,5040905
45.3717,-111.3767,7.6,60.0,35.0,,11.59,-0.09,9.0,3814.0,3.671,245.0,,144.0,-20.0,9.0,13.4,-15.0,5040906
45.3742,-111.3717,8.5,65.0,31.0,,9.89,-0.08,14.0,4649.0,5.52,188.0,,162.0,-20.0,6.8,14.5,-15.0,5040907
45.3847,-111.34,15.7,86.0,52.0,,12.21,-0.08,11.0,3555.0,5.793,209.0,,297.0,-20.0,8.8,17.3,-15.0,5040908
45.3839,-111.3364,28.1,144.0,99.0,,58.12,-0.08,9.0,3204.0,5.978,264.0,,252.0,-20.0,9.7,15.9,-15.0,5040909
45.4003,-111.3258,32.6,418.0,233.0,,20.03,-0.11,8.0,6300.0,4.116,761.0,,114.0,-20.0,21.6,11.9,-15.0,5040910
45.4042,-111.3119,23.4,190.0,115.0,,15.07,-0.11,17.0,2624.0,8.35,237.0,,266.0,-20.0,7.9,16.8,-15.0,5040911
45.4047,-111.3075,26.5,168.0,174.0,,61.34,-0.12,14.0,3187.0,5.633,257.0,,146.0,-20.0,10.0,11.6,15.0,5040912
45.3981,-111.2953,29.3,276.0,156.0,,37.8,-0.09,25.0,3805.0,9.456,466.0,,188.0,-20.0,16.6,14.1,-15.0,5040913
45.4156,-111.2675,88.3,848.0,388.0,,19.1,-0.1,43.0,4535.0,21.12,1500.0,,241.0,-20.0,48.5,15.3,35.0,5040914
45.3225,-111.3714,9.4,60.0,32.0,,2.79,-0.07,22.0,3445.0,3.001,235.0,,68.0,-20.0,7.1,9.9,-15.0,5040915
45.3253,-111.3725,18.0,228.0,98.0,,3.76,-0.1,22.0,6045.0,8.143,196.0,,235.0,-20.0,6.2,22.1,-15.0,5040916
45.3267,-111.3675,27.9,257.0,135.0,,13.66,-0.09,-5.0,5551.0,7.807,321.0,,345.0,-20.0,12.1,19.8,24.0,5040917
45.3403,-111.3636,39.1,212.0,117.0,,18.4,-0.09,14.0,3716.0,4.151,281.0,,193.0,-20.0,9.6,11.4,-15.0,5040918
45.3489,-111.3761,10.4,124.0,65.0,,9.48,-0.09,5.0,4637.0,5.982,210.0,,185.0,-20.0,6.0,15.5,22.0,5040919
45.3539,-111.3486,18.2,158.0,96.0,,50.68,0.11,13.0,3789.0,5.713,293.0,,247.0,-20.0,9.7,15.5,-15.0,5040920
45.3469,-111.34,13.0,83.0,43.0,,4.18,-0.07,23.0,4233.0,3.429,259.0,,129.0,-20.0,8.5,9.8,-15.0,5040921
45.3439,-111.3306,23.4,158.0,88.0,,4.82,-0.09,14.0,3599.0,3.196,338.0,,130.0,-20.0,12.2,9.5,-15.0,5040922
45.4378,-111.4019,15.0,101.0,50.0,,4.54,-0.09,48.0,9059.0,7.013,1887.0,,153.0,-20.0,63.9,18.0,-15.0,5040923
45.4361,-111.4094,18.3,136.0,77.0,,3.56,-0.1,17.0,6705.0,4.867,567.0,,108.0,-20.0,22.1,15.2,-15.0,5040924
45.4386,-111.4186,20.1,108.0,56.0,,9.58,-0.08,22.0,13730.0,7.458,3214.0,,241.0,29.0,117.0,20.7,29.0,5040925
45.4294,-111.4342,20.9,100.0,53.0,,4.93,-0.09,10.0,6176.0,3.663,788.0,,111.0,-20.0,29.1,13.5,19.0,5040926
45.4253,-111.4364,24.2,120.0,69.0,,7.21,-0.09,11.0,7517.0,5.781,1181.0,,92.0,-20.0,46.1,16.4,-15.0,5040927
45.4217,-111.4431,14.6,81.0,42.0,,4.14,-0.08,15.0,5822.0,4.464,736.0,,116.0,-20.0,29.8,14.3,-15.0,5040928
45.4219,-111.4547,19.4,130.0,74.0,,4.12,-0.09,23.0,6502.0,4.98,393.0,,61.0,-20.0,12.3,14.0,-15.0,5040929
45.4197,-111.4603,17.2,117.0,91.0,,5.68,-0.1,10.0,6001.0,3.084,402.0,,89.0,-20.0,14.3,11.8,-15.0,5040930
45.4131,-111.4639,18.9,140.0,78.0,,8.43,-0.09,19.0,6806.0,5.42,735.0,,86.0,-20.0,29.1,15.7,-15.0,5040931
45.4075,-111.4722,12.0,63.0,36.0,,3.21,-0.09,15.0,6623.0,4.745,361.0,,135.0,-20.0,12.5,15.9,-15.0,5040932
45.4225,-111.4908,11.1,98.0,56.0,,4.93,-0.08,17.0,10460.0,7.093,2011.0,,127.0,-20.0,72.3,20.8,-15.0,5040933
45.4258,-111.4922,20.8,147.0,79.0,,14.13,-0.12,21.0,7489.0,6.167,924.0,,185.0,-20.0,39.5,18.3,-15.0,5040934
45.4275,-111.4861,17.3,111.0,124.0,,15.36,-0.09,12.0,4608.0,3.854,312.0,,106.0,-20.0,13.8,14.4,-15.0,5040935
45.4483,-111.2542,25.4,147.0,77.0,,13.2,-0.09,8.0,5015.0,5.509,370.0,,182.0,-20.0,14.2,17.0,-15.0,5040936
45.4592,-111.2578,13.1,79.0,46.0,,3.43,-0.07,10.0,3406.0,4.297,286.0,,100.0,-20.0,10.1,10.4,-15.0,5040937
45.4639,-111.2644,13.6,83.0,42.0,,2.43,-0.08,-5.0,4028.0,3.637,253.0,,156.0,-20.0,8.6,9.5,-15.0,5040938
45.4667,-111.2683,12.2,81.0,37.0,,2.65,-0.07,12.0,3382.0,3.471,200.0,,106.0,-20.0,7.9,10.0,-15.0,5040939
45.4736,-111.275,12.3,72.0,35.0,,2.44,-0.07,-5.0,2742.0,3.075,150.0,,92.0,-20.0,5.9,10.1,-15.0,5040940
45.4828,-111.2761,12.7,74.0,44.0,,2.93,-0.08,22.0,2985.0,3.858,225.0,,94.0,-20.0,7.6,11.1,-15.0,5040941
45.4972,-111.275,12.8,76.0,36.0,,3.42,-0.09,10.0,3709.0,4.529,252.0,,152.0,-20.0,8.1,13.2,-15.0,5040942
45.4975,-111.2897,7.0,54.0,26.0,,1.69,-0.07,-5.0,3033.0,4.004,234.0,,99.0,-20.0,7.6,12.0,-15.0,5040943
45.4989,-111.3092,34.3,153.0,79.0,,8.64,-0.09,11.0,9989.0,9.986,1466.0,,384.0,-20.0,53.8,36.4,23.0,5040944
45.4908,-111.3764,12.3,68.0,41.0,,4.3,-0.07,16.0,4560.0,3.241,754.0,,110.0,-20.0,27.2,9.5,-15.0,5040945
45.4847,-111.3872,14.2,86.0,42.0,,2.82,-0.08,16.0,4143.0,2.943,297.0,,74.0,-20.0,11.5,9.0,-15.0,5040946
45.4861,-111.3958,13.4,69.0,37.0,,2.9,-0.07,16.0,2943.0,2.986,259.0,,90.0,-20.0,10.2,9.6,-15.0,5040947
45.4792,-111.3856,13.0,79.0,40.0,,3.42,-0.09,15.0,3394.0,3.869,521.0,,106.0,-20.0,22.1,10.2,-15.0,5040948
45.4822,-111.3817,20.1,125.0,61.0,,8.8,-0.08,10.0,10640.0,7.769,2892.0,,154.0,23.0,85.4,23.2,-15.0,5040949
45.4789,-111.3719,15.9,119.0,44.0,,4.28,-0.09,12.0,5832.0,4.274,902.0,,172.0,-20.0,32.2,12.4,-15.0,5040950
45.4725,-111.3675,12.8,76.0,46.0,,3.14,-0.07,15.0,3489.0,2.876,237.0,,66.0,-20.0,8.8,9.8,-15.0,5040951
45.4525,-111.4008,23.5,114.0,59.0,,7.35,-0.09,11.0,11440.0,7.337,1971.0,,181.0,-20.0,71.4,22.6,-15.0,5040952
45.4528,-111.4131,20.7,119.0,88.0,,12.12,-0.09,5.0,5074.0,5.341,310.0,,119.0,-20.0,11.4,15.9,-15.0,5040953
45.4647,-111.3719,12.5,90.0,40.0,,3.26,-0.09,24.0,3656.0,3.214,243.0,,89.0,-20.0,10.2,9.5,-15.0,5040954
45.4489,-111.3764,13.0,74.0,46.0,,10.55,-0.08,10.0,5745.0,4.564,366.0,,145.0,-20.0,13.2,16.7,-15.0,5040955
45.4506,-111.3711,19.5,112.0,61.0,,14.39,-0.08,12.0,5811.0,6.07,821.0,,228.0,-20.0,33.9,17.1,-15.0,5040956
45.4553,-111.3697,14.6,78.0,48.0,,10.55,-0.07,-5.0,6464.0,5.133,418.0,,187.0,-20.0,18.2,19.5,-15.0,5040957
45.4994,-111.3444,16.1,84.0,46.0,,4.9,-0.09,36.0,3957.0,3.108,218.0,,130.0,-20.0,8.6,11.7,-15.0,5040958
45.4989,-111.3306,27.7,173.0,84.0,,7.96,-0.08,8.0,5413.0,4.833,421.0,,92.0,-20.0,17.6,14.2,-15.0,5040959
45.4278,-111.4814,28.5,159.0,84.0,,8.84,-0.1,24.0,6543.0,5.509,401.0,,155.0,-20.0,18.1,23.0,-15.0,5040960
45.4353,-111.4706,21.4,97.0,78.0,,6.13,-0.08,20.0,5480.0,5.106,317.0,,102.0,-20.0,12.4,18.3,-15.0,5040961
45.4306,-111.4753,16.5,126.0,65.0,,5.34,-0.1,7.0,6783.0,5.556,630.0,,107.0,-20.0,26.0,18.3,-15.0,5040962
45.4408,-111.4589,21.3,94.0,56.0,,7.04,-0.1,20.0,6491.0,6.616,573.0,,169.0,-20.0,20.6,22.3,-15.0,5040963
45.4425,-111.4542,17.5,90.0,54.0,,5.82,-0.1,8.0,6142.0,5.579,302.0,,143.0,-20.0,13.1,18.2,-15.0,5040964
45.4511,-111.4339,13.3,82.0,54.0,,6.08,-0.08,5.0,6709.0,5.709,438.0,,144.0,22.0,16.5,19.8,-15.0,5040965
45.4508,-111.4325,14.5,117.0,58.0,,6.89,-0.09,12.0,6371.0,5.474,476.0,,152.0,-20.0,19.1,18.8,-15.0,5040966
45.3294,-111.3894,10.5,84.0,45.0,,6.53,-0.08,19.0,4311.0,4.175,523.0,,104.0,-20.0,16.7,13.2,-15.0,5040967
45.33,-111.3864,16.6,139.0,74.0,,11.64,-0.08,49.0,4187.0,4.587,251.0,,196.0,-20.0,8.4,13.5,-15.0,5040968
45.3233,-111.3914,8.8,61.0,28.0,,2.44,-0.06,20.0,3716.0,2.745,275.0,,54.0,-20.0,8.0,8.6,-15.0,5040969
45.3239,-111.3869,7.6,54.0,24.0,,3.03,-0.08,16.0,3458.0,2.622,192.0,,55.0,-20.0,6.7,8.8,-15.0,5040970
45.3178,-111.3856,14.3,95.0,49.0,,5.01,-0.08,19.0,5437.0,4.426,207.0,,101.0,-20.0,8.0,14.1,-15.0,5040971
45.4531,-111.3664,14.0,82.0,48.0,,2.8,-0.08,25.0,3780.0,3.615,239.0,,97.0,-20.0,11.2,10.6,-15.0,5040972
45.4444,-111.355,17.2,89.0,47.0,,2.54,-0.08,22.0,4702.0,5.233,306.0,,162.0,-20.0,11.8,15.9,-15.0,5040973
45.4381,-111.3508,18.4,103.0,47.0,,7.82,-0.09,25.0,11130.0,8.283,2913.0,,192.0,45.0,98.2,20.3,-15.0,5040974
45.4367,-111.3536,13.3,95.0,47.0,,6.62,-0.08,13.0,8026.0,6.59,1335.0,,185.0,21.0,47.2,18.1,-15.0,5040975
45.4325,-111.3444,13.3,52.0,26.0,,1.86,-0.09,30.0,5268.0,6.579,154.0,,1155.0,-20.0,5.1,20.1,-15.0,5040976
45.4294,-111.33,16.1,79.0,42.0,,7.11,-0.08,8.0,7839.0,6.914,1246.0,,163.0,-20.0,42.3,18.6,19.0,5040977
45.4325,-111.3289,14.0,96.0,45.0,,6.92,-0.09,15.0,8202.0,5.898,975.0,,169.0,41.0,33.8,16.6,-15.0,5040978
45.4372,-111.3422,10.3,71.0,24.0,,1.98,-0.09,31.0,5429.0,7.146,171.0,,1219.0,-20.0,5.6,22.2,-15.0,5040979
45.4606,-111.3281,16.2,69.0,33.0,,3.53,-0.09,20.0,5175.0,5.206,284.0,,229.0,-20.0,10.6,15.0,-15.0,5040980
45.4658,-111.325,14.5,98.0,52.0,,7.26,-0.07,10.0,5966.0,5.615,702.0,,152.0,20.0,25.0,16.4,-15.0,5040981
45.4678,-111.3178,23.2,119.0,66.0,,11.13,-0.12,13.0,4887.0,6.328,826.0,,275.0,-20.0,32.6,17.8,-15.0,5040982
45.4656,-111.3214,17.3,107.0,59.0,,3.72,-0.1,17.0,4193.0,3.579,245.0,,104.0,-20.0,8.4,12.4,-15.0,5040983
45.3069,-111.3828,7.6,47.0,30.0,,2.49,-0.1,10.0,3739.0,5.198,180.0,,523.0,-20.0,4.0,10.8,-15.0,5040984
45.3019,-111.3819,17.0,71.0,34.0,,5.62,-0.13,7.0,2430.0,1.68,250.0,,55.0,-20.0,7.7,6.0,-15.0,5040985
45.3119,-111.2919,7.4,58.0,29.0,,13.67,-0.1,11.0,4183.0,6.422,177.0,,421.0,-20.0,6.1,20.8,-15.0,5040986
45.3067,-111.2886,7.8,41.0,25.0,,2.64,-0.1,12.0,3685.0,3.456,245.0,,161.0,-20.0,9.4,10.4,-15.0,5040987
45.2986,-111.2919,8.3,37.0,-20.0,,3.48,-0.14,14.0,4179.0,3.538,150.0,,175.0,-20.0,3.7,8.8,-15.0,5040988
45.2939,-111.2833,8.7,54.0,28.0,,3.14,-0.14,19.0,4306.0,2.436,278.0,,82.0,24.0,8.7,7.8,-15.0,5040989
45.2889,-111.2711,9.8,62.0,36.0,,2.61,-0.13,15.0,3406.0,2.719,175.0,,83.0,-20.0,6.8,8.5,-15.0,5040990
45.2842,-111.2647,13.9,88.0,44.0,,2.8,-0.1,45.0,3093.0,3.422,184.0,,85.0,-20.0,6.6,11.0,-15.0,5040991
45.2814,-111.2644,11.2,61.0,35.0,,4.14,-0.11,17.0,3692.0,4.442,243.0,,249.0,-20.0,8.0,13.8,-15.0,5040992
45.2803,-111.2556,12.6,73.0,32.0,,3.3,-0.14,30.0,3839.0,3.906,237.0,,231.0,-20.0,7.9,13.1,-15.0,5040993
45.2772,-111.2586,10.6,50.0,33.0,,4.79,-0.1,12.0,3925.0,5.236,243.0,,315.0,-20.0,7.9,16.0,-15.0,5040994
45.3442,-111.3333,21.8,112.0,63.0,,3.82,-0.09,38.0,4124.0,3.708,290.0,,126.0,-20.0,9.6,11.1,-15.0,5040995
45.8892,-111.9322,14.2,73.0,40.0,,3.03,-0.1,17.0,3174.0,2.617,310.0,,74.0,-20.0,14.7,9.0,-15.0,5041193
45.8789,-111.9914,16.2,77.0,42.0,,2.75,-0.1,11.0,3652.0,3.487,199.0,,50.0,-20.0,8.1,12.8,-15.0,5041194
45.8878,-111.9756,14.1,74.0,37.0,,2.63,-0.07,18.0,3467.0,3.752,455.0,,105.0,-20.0,18.3,10.6,-15.0,5041195
45.8917,-111.9786,14.9,78.0,50.0,,4.31,-0.09,20.0,3953.0,4.371,310.0,,96.0,-20.0,10.4,17.0,-15.0,5041196
45.9003,-111.9756,19.7,106.0,48.0,,3.62,-0.09,17.0,4346.0,4.131,568.0,,81.0,-20.0,25.6,12.6,-15.0,5041197
45.9078,-111.9447,16.0,69.0,34.0,,1.76,-0.11,29.0,3328.0,3.486,182.0,,58.0,-20.0,5.4,10.3,-15.0,5041198
45.9136,-111.9425,13.3,74.0,40.0,,2.56,-0.07,9.0,2928.0,3.02,273.0,,64.0,-20.0,10.3,10.2,15.0,5041199
45.9289,-111.9264,12.6,66.0,34.0,,3.06,-0.08,6.0,2394.0,2.524,321.0,,64.0,-20.0,11.5,8.3,-15.0,5041200
45.9231,-111.9281,11.7,66.0,38.0,,2.61,-0.09,13.0,3835.0,2.697,274.0,,69.0,-20.0,10.4,9.1,-15.0,5041201
45.9283,-111.9161,13.0,81.0,39.0,,2.97,-0.08,11.0,3342.0,3.211,266.0,,120.0,-20.0,12.5,11.4,-15.0,5041202
45.92,-111.9164,15.6,84.0,38.0,,2.85,-0.08,12.0,3474.0,3.595,283.0,,127.0,-20.0,12.6,12.4,-15.0,5041203
45.9867,-111.8761,14.1,71.0,41.0,,3.05,-0.08,13.0,3407.0,4.236,247.0,,46.0,-20.0,8.1,11.1,-15.0,5041204
45.9917,-111.8764,16.9,81.0,43.0,,3.58,-0.11,7.0,3894.0,3.206,282.0,,42.0,-20.0,9.8,10.7,-15.0,5041205
45.98,-111.8803,16.5,87.0,39.0,,3.46,-0.08,13.0,4100.0,3.917,371.0,,50.0,-20.0,14.5,12.3,-15.0,5041206
45.9781,-111.8742,28.4,111.0,57.0,,5.04,-0.06,13.0,3507.0,4.386,562.0,,75.0,-20.0,24.3,11.4,-15.0,5041207
45.9747,-111.8608,10.7,48.0,27.0,,2.39,-0.08,21.0,2062.0,2.629,197.0,,43.0,-20.0,5.8,8.0,-15.0,5041208
45.9742,-111.8767,32.5,100.0,50.0,,5.71,-0.11,14.0,5482.0,6.835,642.0,,91.0,-20.0,25.1,12.2,-15.0,5041209
45.9617,-111.8853,14.3,73.0,39.0,,3.59,-0.09,12.0,3868.0,3.769,280.0,,44.0,-20.0,9.5,12.5,-15.0,5041210
45.9567,-111.8836,17.5,76.0,45.0,,3.69,-0.08,11.0,3387.0,3.772,290.0,,39.0,-20.0,10.5,12.6,-15.0,5041211
45.9503,-111.8847,22.5,81.0,47.0,,5.15,-0.08,18.0,3581.0,5.012,554.0,,75.0,-20.0,18.8,11.3,-15.0,5041212
45.9419,-111.5447,10.2,53.0,30.0,,2.17,-0.11,13.0,2822.0,2.567,149.0,,42.0,-20.0,5.2,7.9,-15.0,5041213
45.9522,-111.545,11.2,57.0,32.0,,2.46,-0.07,11.0,3011.0,2.77,256.0,,63.0,-20.0,9.4,8.2,-15.0,5041214
45.9514,-111.5183,14.2,68.0,36.0,,2.68,-0.07,15.0,2857.0,2.944,264.0,,58.0,-20.0,10.4,9.7,-15.0,5041215
45.9475,-111.5364,10.3,60.0,34.0,,2.71,-0.07,12.0,2588.0,2.256,248.0,,44.0,-20.0,8.7,6.8,-15.0,5041216
45.9375,-111.5108,11.9,71.0,37.0,,2.78,-0.09,-5.0,2840.0,2.548,323.0,,59.0,-20.0,12.7,7.8,-15.0,5041217
45.9314,-111.5267,12.1,74.0,35.0,,2.53,-0.07,8.0,2869.0,2.985,270.0,,54.0,-20.0,10.2,8.8,-15.0,5041218
45.9428,-111.5064,12.9,81.0,40.0,,3.1,-0.06,9.0,2339.0,2.653,342.0,,59.0,-20.0,13.2,7.9,16.0,5041219
45.9431,-111.5053,11.1,59.0,33.0,,2.53,-0.07,7.0,2384.0,2.667,242.0,,41.0,-20.0,7.6,7.7,-15.0,5041220
45.9639,-111.5203,12.4,64.0,26.0,,2.49,-0.1,13.0,2706.0,2.553,195.0,,57.0,-20.0,5.9,7.7,-15.0,5041221
45.9375,-111.5789,12.0,73.0,36.0,,2.9,-0.08,11.0,3206.0,3.092,272.0,,51.0,-20.0,10.8,9.4,-15.0,5041222
45.9333,-111.5647,13.1,77.0,38.0,,2.7,-0.06,10.0,2672.0,3.085,307.0,,67.0,-20.0,12.7,8.7,-15.0,5041223
45.9328,-111.5622,11.6,56.0,36.0,,2.61,-0.07,9.0,2655.0,2.963,261.0,,55.0,-20.0,9.3,8.9,-15.0,5041224
45.9422,-111.5886,12.0,58.0,36.0,,2.69,-0.09,7.0,2926.0,2.711,253.0,,62.0,-20.0,9.3,8.0,-15.0,5041225
45.9492,-111.5936,10.0,62.0,35.0,,2.59,-0.08,5.0,2705.0,3.148,228.0,,50.0,-20.0,9.2,9.6,-15.0,5041226
45.9483,-111.8842,24.4,90.0,50.0,,4.62,-0.08,25.0,3929.0,4.661,461.0,,66.0,-20.0,19.1,12.8,-15.0,5041227
45.9981,-111.8936,14.3,68.0,37.0,,3.1,-0.08,13.0,3524.0,3.607,283.0,,83.0,-20.0,10.8,11.9,-15.0,5041228
45.9964,-111.8778,14.9,88.0,42.0,,2.88,-0.1,8.0,5253.0,4.357,317.0,,161.0,-20.0,12.5,13.2,18.0,5041229
45.9864,-111.8933,15.6,73.0,34.0,,3.25,-0.1,11.0,3540.0,3.874,182.0,,44.0,-20.0,5.5,13.6,-15.0,5041230
45.9831,-111.8953,17.7,94.0,42.0,,2.92,-0.08,10.0,4176.0,3.619,256.0,,88.0,-20.0,10.9,14.0,-15.0,5041231
45.9597,-111.855,18.4,68.0,37.0,,4.33,-0.07,25.0,2230.0,2.573,226.0,,47.0,-20.0,9.7,7.4,-15.0,5041232
45.9503,-111.8519,19.8,107.0,46.0,,3.5,-0.09,16.0,3123.0,3.317,341.0,,92.0,-20.0,14.0,10.0,-15.0,5041233
45.9494,-111.8561,15.4,82.0,44.0,,3.47,-0.07,18.0,3089.0,3.46,286.0,,93.0,-20.0,10.5,10.6,-15.0,5041234
45.95,-111.8631,16.5,93.0,45.0,,3.21,-0.07,7.0,3021.0,3.136,361.0,,77.0,-20.0,15.1,9.8,-15.0,5041235
45.9475,-111.815,14.1,58.0,35.0,,3.26,-0.09,17.0,2731.0,3.01,171.0,,62.0,-20.0,6.3,10.0,-15.0,5041236
45.9403,-111.8194,23.0,86.0,40.0,,5.19,-0.11,21.0,3306.0,2.874,222.0,,49.0,-20.0,9.5,8.9,16.0,5041237
45.9314,-111.8153,17.9,83.0,49.0,,5.11,-0.08,21.0,3232.0,3.221,313.0,,51.0,-20.0,14.5,10.2,-15.0,5041238
45.7822,-111.6836,12.8,74.0,36.0,,2.62,-0.08,15.0,3121.0,2.546,291.0,,85.0,-20.0,10.4,8.5,-15.0,5041289
45.9506,-111.8342,15.6,78.0,43.0,,2.59,-0.08,11.0,2969.0,3.033,268.0,,75.0,-20.0,11.3,10.2,-15.0,5041239
45.9747,-111.8314,13.2,72.0,44.0,,4.19,-0.08,13.0,3717.0,4.153,264.0,,67.0,-20.0,9.3,11.6,18.0,5041240
45.9831,-111.8383,12.7,74.0,32.0,,3.05,-0.08,16.0,3064.0,2.876,354.0,,61.0,-20.0,13.3,8.3,-15.0,5041241
45.9894,-111.845,17.2,72.0,38.0,,3.15,-0.07,18.0,3048.0,3.546,257.0,,59.0,-20.0,10.6,10.3,-15.0,5041242
45.9567,-111.8353,20.8,91.0,49.0,,4.17,-0.07,25.0,3095.0,3.143,341.0,,66.0,-20.0,13.7,10.3,-15.0,5041243
45.9642,-111.8269,18.1,77.0,46.0,,4.08,-0.08,33.0,3112.0,2.882,357.0,,69.0,-20.0,12.7,9.3,-15.0,5041244
45.9658,-111.8328,20.9,113.0,54.0,,3.65,-0.09,11.0,2802.0,3.053,425.0,,89.0,-20.0,14.8,9.3,-15.0,5041245
45.9661,-111.8278,20.1,97.0,51.0,,3.39,-0.08,21.0,3140.0,3.241,369.0,,68.0,-20.0,13.3,9.9,-15.0,5041246
45.9567,-111.8022,15.9,85.0,50.0,,2.96,-0.07,19.0,2994.0,3.047,318.0,,70.0,-20.0,12.1,9.8,-15.0,5041247
45.9786,-111.805,17.0,78.0,48.0,,3.86,-0.1,15.0,3349.0,3.07,283.0,,60.0,-20.0,9.7,10.2,20.0,5041248
45.9794,-111.7992,14.8,71.0,41.0,,1.94,-0.1,11.0,2403.0,2.256,195.0,,25.0,-20.0,7.7,5.7,-15.0,5041249
45.9861,-111.7719,14.9,80.0,47.0,,3.75,-0.07,18.0,3263.0,2.921,342.0,,65.0,-20.0,13.4,9.4,-15.0,5041250
45.9744,-111.7597,16.8,92.0,49.0,,3.62,-0.06,16.0,2660.0,2.935,430.0,,75.0,-20.0,16.8,8.9,-15.0,5041251
45.9856,-111.7869,19.7,72.0,40.0,,6.86,-0.08,8.0,3126.0,4.064,321.0,,45.0,-20.0,11.6,11.8,-15.0,5041252
45.9711,-111.8058,15.0,86.0,42.0,,2.98,-0.09,20.0,3011.0,2.825,384.0,,69.0,-20.0,14.1,8.5,-15.0,5041253
45.9722,-111.8019,13.6,76.0,46.0,,2.6,-0.08,21.0,2824.0,3.005,231.0,,61.0,-20.0,8.0,9.7,-15.0,5041254
45.9606,-111.8081,13.3,73.0,38.0,,2.51,-0.06,12.0,2820.0,2.685,212.0,,68.0,-20.0,7.1,9.0,-15.0,5041255
45.9544,-111.8097,14.7,71.0,41.0,,3.17,-0.06,16.0,3024.0,2.883,345.0,,60.0,-20.0,12.2,9.1,-15.0,5041256
45.7564,-111.6086,15.6,88.0,43.0,,3.13,-0.08,11.0,3176.0,2.827,321.0,,61.0,-20.0,12.4,8.9,-15.0,5041257
45.775,-111.6281,12.7,83.0,41.0,,2.71,-0.06,15.0,3011.0,2.884,285.0,,78.0,-20.0,11.7,9.3,-15.0,5041258
45.7564,-111.6122,15.6,84.0,44.0,,2.77,-0.07,14.0,3529.0,3.244,248.0,,82.0,-20.0,10.0,9.9,-15.0,5041259
45.7569,-111.6164,15.8,75.0,44.0,,3.05,-0.07,20.0,3201.0,3.141,337.0,,90.0,-20.0,12.4,9.6,-15.0,5041260
45.7592,-111.6072,14.8,96.0,45.0,,3.66,-0.09,14.0,3248.0,2.789,328.0,,75.0,-20.0,13.2,8.8,-15.0,5041261
45.7808,-111.5672,14.2,84.0,41.0,,2.77,-0.07,11.0,2959.0,2.92,280.0,,67.0,-20.0,11.7,9.2,-15.0,5041262
45.78,-111.565,16.4,80.0,42.0,,2.87,-0.07,10.0,3223.0,3.199,330.0,,80.0,-20.0,12.8,9.5,-15.0,5041263
45.7744,-111.5619,13.6,73.0,43.0,,3.09,-0.06,13.0,3068.0,2.895,356.0,,76.0,-20.0,12.5,9.1,-15.0,5041264
45.7756,-111.5533,13.7,87.0,43.0,,2.79,-0.08,14.0,2759.0,2.668,290.0,,70.0,-20.0,11.0,8.3,-15.0,5041265
45.7644,-111.5578,16.1,86.0,46.0,,3.02,-0.07,9.0,3031.0,3.057,341.0,,84.0,-20.0,12.1,9.6,-15.0,5041266
45.7622,-111.555,17.5,93.0,47.0,,3.01,-0.07,10.0,3762.0,3.169,316.0,,73.0,-20.0,12.3,10.2,-15.0,5041267
45.8383,-111.6058,13.0,70.0,39.0,,3.41,-0.08,5.0,3219.0,2.917,268.0,,54.0,-20.0,9.8,9.4,-15.0,5041268
45.8403,-111.5914,18.9,117.0,58.0,,4.53,-0.08,6.0,3844.0,3.376,580.0,,75.0,-20.0,23.8,8.3,16.0,5041269
45.7583,-111.5575,16.4,80.0,45.0,,3.1,-0.07,8.0,3140.0,3.063,273.0,,63.0,-20.0,10.8,10.0,-15.0,5041270
45.785,-111.6514,13.4,82.0,39.0,,3.47,-0.07,14.0,3404.0,2.815,260.0,,59.0,-20.0,9.2,9.7,-15.0,5041271
45.7828,-111.6533,11.6,60.0,44.0,,2.63,-0.06,11.0,3317.0,2.735,263.0,,61.0,-20.0,10.1,8.8,-15.0,5041272
45.7703,-111.6556,13.7,78.0,39.0,,2.68,-0.08,11.0,2950.0,2.611,262.0,,69.0,-20.0,9.7,8.9,-15.0,5041273
45.7642,-111.6547,15.8,83.0,42.0,,2.91,-0.07,15.0,3201.0,3.275,336.0,,78.0,-20.0,12.5,10.3,16.0,5041274
45.7517,-111.6608,15.7,83.0,43.0,,2.94,-0.08,11.0,6370.0,5.594,401.0,,196.0,-20.0,14.9,16.5,-15.0,5041275
45.7631,-111.6672,13.5,67.0,40.0,,2.77,-0.07,14.0,3169.0,2.929,306.0,,70.0,-20.0,9.7,9.2,-15.0,5041276
45.855,-111.6031,10.7,68.0,34.0,,2.46,-0.07,8.0,2185.0,1.956,219.0,,56.0,-20.0,8.8,6.6,-15.0,5041277
45.9189,-111.5553,9.5,53.0,30.0,,2.44,-0.06,8.0,2418.0,2.142,171.0,,44.0,-20.0,6.1,7.6,-15.0,5041278
45.9364,-111.5511,13.2,84.0,38.0,,2.56,-0.06,13.0,2565.0,2.699,277.0,,67.0,-20.0,9.9,8.3,-15.0,5041279
45.9542,-111.5322,11.0,56.0,32.0,,2.39,-0.06,9.0,2654.0,2.305,223.0,,55.0,-20.0,6.8,7.5,-15.0,5041280
45.9606,-111.5111,12.6,65.0,34.0,,2.56,-0.07,13.0,2859.0,2.271,292.0,,69.0,-20.0,10.6,7.7,18.0,5041281
45.9617,-111.5064,12.1,62.0,36.0,,2.25,-0.07,14.0,2703.0,2.431,171.0,,54.0,-20.0,6.8,8.3,-15.0,5041282
45.9347,-111.5725,13.1,72.0,34.0,,2.14,-0.07,5.0,2987.0,2.807,235.0,,58.0,-20.0,8.4,9.5,-15.0,5041283
45.9547,-111.6044,13.3,59.0,37.0,,2.55,-0.08,9.0,3461.0,2.888,190.0,,58.0,-20.0,6.8,9.7,-15.0,5041284
45.9669,-111.6183,11.2,62.0,31.0,,2.97,-0.07,14.0,2270.0,2.323,260.0,,56.0,-20.0,9.5,8.1,-15.0,5041285
45.8003,-111.6672,12.7,73.0,43.0,,3.28,-0.07,13.0,3354.0,2.93,281.0,,61.0,-20.0,11.4,9.4,-15.0,5041286
45.7817,-111.6631,13.1,70.0,36.0,,2.63,-0.07,13.0,2969.0,2.844,260.0,,77.0,-20.0,10.1,9.0,-15.0,5041287
45.7797,-111.6775,11.5,58.0,35.0,,2.37,-0.06,15.0,2597.0,2.586,214.0,,64.0,-20.0,6.9,8.7,-15.0,5041288
45.7664,-111.6919,12.0,76.0,41.0,,2.79,-0.08,14.0,3144.0,2.898,235.0,,70.0,-20.0,9.9,9.4,-15.0,5041290
45.7581,-111.7008,14.6,79.0,43.0,,3.11,-0.07,10.0,3048.0,3.024,307.0,,82.0,-20.0,12.4,9.7,-15.0,5041291
45.3325,-112.1867,,,,,38.2,,,,,,,,,,,,5041512
45.3603,-112.2728,,,,,9.7,,,,,,,,,,,,5041513
45.9436,-112.1769,,,,,3.1,,,,,,,,,,,,5041514
