lon,lat,p_anomalous,label,nearest_gold_deg
-114.1617,46.0006,0.505,1,0.11816891300168612
-114.1169,46.0114,0.48,1,0.14439912742118696
-114.105,46.0153,0.38,0,0.1538238473059364
-114.0994,46.0178,0.385,0,0.1589617375345387
-114.0969,46.0172,0.335,0,0.15985774926477445
-114.1056,46.0133,0.45,0,0.15181306926612342
-114.1119,46.0064,0.43,1,0.14261945168874687
-114.1122,46.0061,0.465,1,0.14220644148561087
-114.1144,46.0042,0.3,1,0.13943575581607004
-114.1217,46.0014,0.46,1,0.13332818156713377
-114.0936,46.0003,0.46,1,0.1482688369145764
-114.1567,46.0361,0.405,0,0.15393947511928024
-114.1522,46.0378,0.325,0,0.15654612738742482
-114.1519,46.0392,0.34,0,0.15797778324815398
-114.1658,46.0433,0.365,0,0.15954018929411126
-114.1647,46.0475,0.41,0,0.16385010833075564
-114.1628,46.0517,0.4695619335347432,0,0.16827503677016115
-114.1031,46.0578,0.35,0,0.19194683638966392
-114.1031,46.0586,0.335,0,0.19266660322951606
-114.1153,46.0556,0.445,0,0.1849043103878294
-114.12,46.0531,0.455,0,0.1808078759346496
-114.1603,46.0636,0.345,0,0.18041264922393996
-114.1397,46.0694,0.345,0,0.19020537321537587
-114.1967,45.8633,0.305,1,0.0239175667658738
-114.1589,46.0728,0.36,0,0.18971853889380602
-114.0172,46.0608,0.39,0,0.24431129732371884
-114.0833,46.0633,0.44,0,0.20612792629821014
-114.0792,46.0617,0.465,0,0.2068544802512152
-114.0739,46.0592,0.375,0,0.2075659413294962
-114.0536,46.0536,0.375,0,0.21487561518236484
-114.0511,46.0506,0.41,0,0.21411085913610037
-114.0536,46.0406,0.36,0,0.20484533189701443
-114.7417,46.03,0.475,1,0.13944060384264179
-114.7558,46.0339,0.34,1,0.14564431331157643
-114.4925,46.1339,0.495,0,0.2837593240758819
-114.4914,46.1328,0.495,0,0.28220414242175945
-114.4881,46.1403,0.425,0,0.285458161557876
-114.1917,46.1919,0.46,0,0.283590370076275
-114.1922,46.1986,0.49,0,0.2896436189526696
-114.1983,46.1597,0.36,0,0.2513028491680895
-114.2039,46.1664,0.475,0,0.2553922316751243
-114.2042,46.1672,0.295,0,0.2560290803795543
-114.1819,46.1844,0.39,0,0.28050538675754205
-114.1836,46.1839,0.39782771535580524,0,0.2793564676179894
-114.1889,46.1683,0.335,0,0.2629507520430393
-114.2042,46.1508,0.305,0,0.24081078464221298
-114.205,46.1492,0.335,0,0.23902624542087483
-114.2144,46.1272,0.335,0,0.21510349601994144
-114.2139,46.1258,0.42,0,0.21400385043264955
-114.2111,46.1308,0.315,0,0.21969886663339835
-114.2164,46.14,0.445,0,0.226263620584488
-114.2164,46.1444,0.415,0,0.23038220851445926
-114.2308,46.1225,0.48,0,0.20491911575058197
-114.2361,46.1203,0.405,0,0.20117684260371702
-114.2394,46.1186,0.37,0,0.19857867458516207
-114.2406,46.11,0.32,0,0.1900031841838435
-114.2014,46.1058,0.37,0,0.20132585030243705
-114.2261,46.0778,0.48,0,0.16518617375555536
-114.2206,46.0853,0.365,0,0.17432673919969385
-114.2156,46.0956,0.365,0,0.18577619330796882
-114.2158,46.0933,0.375,0,0.18362166538837224
-114.2161,46.0914,0.4878277153558052,0,0.1817848618559871
-114.2178,46.0892,0.455,0,0.1790598838377813
-114.2317,46.0814,0.34,0,0.16617679741769015
-114.1944,46.055,0.385,0,0.1627291799278772
-114.1939,46.0544,0.42,0,0.16257894082568097
-114.1911,46.0564,0.465,0,0.16590158528476365
-114.1894,46.0317,0.3,1,0.14653900504644066
-114.1939,46.0364,0.485,1,0.14907310958050116
-114.1992,46.0331,0.345,1,0.14303634503159826
-114.2125,46.0353,0.37,1,0.13604003087326463
-114.2183,46.0322,0.38,1,0.13004103967594477
-114.2089,46.0186,0.435,1,0.12584705002501959
-114.2097,46.0219,0.395,1,0.12768421202325939
-114.2111,46.0239,0.315,1,0.12821538909194602
-114.2122,46.0253,0.36,1,0.1285345245449676
-114.2131,46.0264,0.41,1,0.12877878707303012
-114.2417,46.0342,0.375,1,0.11918942906147412
-114.2406,46.0331,0.43,1,0.1187309732125501
-114.2375,46.0331,0.355,1,0.12022779212810861
-114.235,46.0328,0.385,1,0.1212208315430987
-114.2292,46.0342,0.36,1,0.12545266039426492
-114.1869,46.0214,0.475,1,0.1362200719424286
-114.1967,46.0175,0.32,1,0.13267214477802117
-114.2544,46.0142,0.47,1,0.0956064537570555
-114.2775,46.1053,0.4,0,0.17786368375809497
-114.3053,46.1206,0.405,0,0.1923106029318225
-114.35,46.1244,0.455,0,0.20303022927633166
-114.3181,46.1236,0.21,0,0.19628566936992922
-114.2778,46.105,0.305,0,0.1775331912629263
-114.1656,46.0033,0.43,1,0.12005002290712415
-114.1672,46.0047,0.41,1,0.12115550338305074
-114.2642,46.0594,0.455,1,0.13490329128675407
-114.2519,46.0708,0.415,1,0.1492166478647703
-114.2522,46.0761,0.285,0,0.15419298297911846
-114.2583,46.0819,0.34,0,0.15816235329558875
-114.2581,46.0858,0.335,0,0.16199577772275306
-114.3581,46.1275,0.325,0,0.20826427922233356
-114.3661,46.1283,0.335,0,0.2115155833502616
-114.3706,46.1317,0.46,0,0.21622596513832504
-114.3839,46.1344,0.47,0,0.22360660097590837
-114.3942,46.1333,0.305,0,0.22682522787379453
-114.4075,46.1389,0.355,0,0.2377905675168791
-114.4517,46.1436,0.48,0,0.26512113457814024
-114.4456,46.14,0.455,0,0.25865036245866696
-114.2531,46.1153,0.4,0,0.19184932108297564
-114.2539,46.1194,0.38,0,0.19566735036791202
-114.2544,46.125,0.405,0,0.20102931627003928
-114.0411,46.0019,0.345,0,0.1868744016712803
-114.0533,46.0017,0.365,0,0.17737896718608193
-114.0178,46.0175,0.35,0,0.21482727945957117
-114.0236,46.0117,0.375,0,0.2066880354543967
-114.0272,46.0042,0.325,0,0.19928518760811254
-114.0081,46.1122,0.41697127937336814,0,0.28906332178261634
-114.0014,46.1158,0.455,0,0.2960537012097602
-114.0039,46.1053,0.43,0,0.28634432768958185
-114.0056,46.1058,0.425,0,0.2856460362056506
-114.0028,46.11,0.38,0,0.2906689009852989
-114.0117,46.1131,0.46,0,0.2875615447169511
-114.0153,46.1175,0.405,0,0.2889069227277197
-114.0172,46.1214,0.295,0,0.29093902110235953
-114.0228,46.1233,0.395,0,0.28926788968013456
-114.0142,46.0217,0.36,0,0.22025298181863287
-114.0136,46.0317,0.38,0,0.22704524659195244
-114.0075,46.035,0.425,0,0.2338389274693171
-114.0092,46.0381,0.355,0,0.23454550091612641
-114.0097,46.0408,0.34,0,0.23593867847387806
-114.0111,46.0428,0.33,0,0.23621800947429777
-114.0153,46.0525,0.43,0,0.23977199586273865
-114.0197,46.0547,0.41,0,0.238200978167593
-114.0297,46.0525,0.365,0,0.22967772639069362
-114.015,46.0461,0.37,0,0.23556953962683688
-114.1553,46.0217,0.37,1,0.14016111443621285
-114.1575,46.0214,0.465,1,0.13938615426218007
-114.1419,46.0247,0.34,1,0.1466405469166025
-114.1244,46.0358,0.445,0,0.16312619041711632
-114.1169,46.0353,0.41,0,0.16569741699857496
-114.1125,46.0369,0.345,0,0.16904191787838072
-114.1081,46.0358,0.38,0,0.17005266243138187
-114.0958,46.0453,0.295,0,0.18429094389035933
-114.1294,46.0317,0.36,0,0.1574499285487288
-114.1661,46.1081,0.45,0,0.22210392612468577
-114.1622,46.0975,0.33,0,0.213768117360843
-114.1517,46.1022,0.42,0,0.21987859377393146
-114.1397,46.1036,0.33,0,0.2234913242163999
-114.1389,46.1028,0.5,0,0.22288096374522565
-114.1444,46.0967,0.45,0,0.2157750680685777
-114.1514,46.1647,0.455,0,0.2773510483124279
-114.1375,46.1597,0.43,0,0.27895419337231825
-114.1256,46.1536,0.39,0,0.2753618891567936
-114.1183,46.1494,0.37,0,0.27301537685632227
-114.1158,46.1442,0.32,0,0.268638228850624
-114.105,46.1464,0.455,0,0.27380001826150324
-114.0992,46.1467,0.38,0,0.27587782803263167
-114.1003,46.1411,0.3678277153558052,0,0.2702200473688069
-114.105,46.1411,0.5,0,0.2687482241801802
-114.0922,46.145,0.35,0,0.2765882463157116
-114.0783,46.1436,0.47697127937336814,0,0.2803663389210622
-114.0747,46.1419,0.365,0,0.2802238997658805
-114.075,46.1408,0.49,0,0.27909594407658217
-114.07,46.1364,0.345,0,0.277145900204211
-114.0575,46.1331,0.325,0,0.27972296652223266
-114.0475,46.1317,0.44782771535580523,0,0.28327287551052427
-114.0475,46.13,0.44,0,0.28179468412303516
-114.0322,46.1269,0.345,0,0.28706094126508785
-114.0317,46.1256,0.3,0,0.28623817355481906
-114.0406,46.1281,0.29,0,0.2836455534641818
-114.0761,46.1792,0.4,0,0.31425378915774715
-114.0839,46.1808,0.405,0,0.31309590224082934
-114.0892,46.1819,0.435,0,0.31243467157151195
-114.0967,46.1828,0.38,0,0.31102890540912875
-114.1083,46.1817,0.385,0,0.3067965091066064
-114.125,46.1839,0.02,0,0.30509441161712764
-114.0669,46.1772,0.49,0,0.31576779443128555
-114.0583,46.1756,0.435,0,0.3176755640586807
-114.0494,46.1775,0.515,0,0.32310331474622717
-114.0542,46.175,0.34,0,0.3188135787572414
-114.0411,46.1728,0.425,0,0.32252712754123664
-114.0444,46.17,0.47,0,0.31854136623051327
-114.0347,46.1711,0.48,0,0.323971791981958
-114.0367,46.1678,0.5,0,0.3201190091200471
-114.0336,46.1669,0.47,0,0.32079587279140087
-114.0203,46.1619,0.435,0,0.3230730350864943
-114.0153,46.165,0.415,0,0.32831975268021935
-114.0136,46.1614,0.475,0,0.32615781762821655
-114.0033,46.1594,0.415,0,0.3300863462792727
-114.0019,46.16,0.435,0,0.33136513395346123
-114.025,46.1678,0.36,0,0.3257775713581242
-114.1556,46.1017,0.395,0,0.21879073106509905
-114.1503,46.1247,0.42,0,0.2423213940204188
-114.0994,46.1203,0.505,0,0.2509226653772029
-114.0992,46.1211,0.43,0,0.2517421538002725
-114.1086,46.1228,0.435,0,0.2502320882700697
-114.1044,46.1103,0.31,0,0.23980905737690858
-114.1003,46.1036,0.51,0,0.23501302942602859
-114.1006,46.1028,0.435,0,0.2341587880050649
-114.0967,46.1011,0.495,0,0.23405717677525154
-114.1128,46.1153,0.4,0,0.24179907361278333
-114.1186,46.1186,0.445,0,0.24324664437562235
-114.1244,46.1244,0.3,0,0.24728521589452473
-114.0889,46.0956,0.47,0,0.2321810414310346
-114.0878,46.0933,0.33,0,0.23056997202584587
-114.0892,46.0944,0.33,0,0.2309668244575377
-114.0864,46.1047,0.515,0,0.2414900412025327
-114.0803,46.105,0.455,0,0.24436501386245907
-114.0772,46.1044,0.525,0,0.24519835643820712
-114.0756,46.1044,0.51,0,0.24591925910753792
-114.1586,46.0358,0.4,0,0.15328149920978867
-114.7281,46.0214,0.36,1,0.12986042507246207
-114.765,46.0339,0.365,1,0.14787224891777687
-114.7811,46.0339,0.365,0,0.1530291475503936
-114.8225,46.0203,0.345,0,0.16097822212957458
-114.8319,46.0192,0.335,0,0.1634601664014762
-114.8442,46.0019,0.3,0,0.153574144959359
-114.935,46.0258,0.41,0,0.2297894862694919
-114.9247,46.0267,0.375,0,0.22299349766304224
-114.8775,46.0142,0.39,0,0.1823873734664714
-114.8797,46.0133,0.325,0,0.18302241392790697
-114.7267,46.0225,0.31,1,0.1309329293951709
-114.8794,46.0122,0.375,0,0.1819722396411024
-114.8603,46.0044,0.405,0,0.16433851039849545
-115.0892,46.145,0.375,0,0.40182511842840035
-115.0936,46.1444,0.365,0,0.3985407900077515
-115.0939,46.1431,0.305,0,0.39755084618196446
-115.0908,46.1403,0.44,0,0.39701646036405064
-115.0894,46.1383,0.36,0,0.39611996389982645
-115.0808,46.1328,0.425,0,0.39643444577887244
-115.0706,46.0992,0.37,0,0.37583092182522776
-115.0967,46.0953,0.425,0,0.3567143588363102
-115.0617,46.0958,0.32,0,0.37188830850135
-115.0528,46.0981,0.345,0,0.36630243515433997
-115.0411,46.1047,0.39,0,0.3615038201734475
-115.0217,46.1011,0.325,0,0.34457933193967794
-115.0092,46.1094,0.34,0,0.3412253917867188
-114.9653,46.1217,0.355,0,0.32114480845873017
-114.9497,46.1214,0.365,0,0.31149885714076014
-114.9294,46.1211,0.255,0,0.299775052330904
-114.9389,46.1219,0.315,0,0.30569436370335024
-114.9075,46.1144,0.33,0,0.2826509543589023
-115.0761,46.1219,0.415,0,0.39035073177848334
-114.9014,46.11,0.295,0,0.27581524250845074
-114.8975,46.1069,0.29,0,0.27121248496335293
-114.8889,46.0881,0.35,0,0.25060002394253217
-114.8753,46.0794,0.305,0,0.236498088787196
-114.8761,46.0772,0.305,0,0.23491692574183584
-114.8619,46.0706,0.41,0,0.22266872703637194
-114.8561,46.0639,0.37,0,0.21414616503686482
-114.8556,46.0617,0.305,0,0.2119386750925789
-114.8417,46.0458,0.345,0,0.19176890780311195
-114.8383,46.0453,0.38,0,0.19000266313922484
-114.8381,46.0411,0.355,0,0.1860416835012997
-115.91,46.0181,0.395,1,0.1331304657093932
-115.9506,46.0094,0.315,1,0.09849329368033284
-115.9497,46.0106,0.32,1,0.09999285424468231
-115.8775,46.0042,0.355,0,0.15095646027911352
-115.8861,46.03,0.39,0,0.1591871065758789
-115.9475,46.1311,0.41,0,0.20909746746433758
-115.9417,46.1203,0.295,0,0.20078979779859218
-115.9167,46.0872,0.335,0,0.18185523610828225
-115.8778,46.0631,0.365,0,0.1872733320577197
-115.8764,46.0564,0.39,0,0.18367631556626374
-115.8772,46.055,0.3,0,0.18214045377125593
-115.9386,46.1372,0.3464401555471928,0,0.21773221373972165
-115.9772,46.0256,0.375,1,0.09965551113711298
-115.9619,46.1442,0.295,0,0.21787433740575768
-115.9672,46.1572,0.305,0,0.229466504963142
-115.9614,46.0061,0.425,1,0.08944540737232098
-115.9597,46.0328,0.35898066783831284,1,0.11331435434224597
-115.9939,46.0353,0.415,1,0.10473644494634819
-115.9783,46.0808,0.23,0,0.15241227936094895
-115.9747,46.0664,0.39,1,0.1393059901798907
-115.9825,46.0514,0.32,1,0.12282694696197365
-115.9411,46.1425,0.495,0,0.22192574185974318
-115.8831,46.1439,0.33,0,0.24775834779074601
-115.8128,46.1544,0.35463609854992334,0,0.24069003510739206
-115.8167,46.1475,0.37398066783831285,0,0.2376169964459558
-115.8472,46.1567,0.41180838319411806,0,0.2644522055116918
-115.8492,46.1572,0.485,0,0.26617473396248054
-115.8222,46.1744,0.4146360985499233,0,0.26237050329637973
-115.8028,46.1925,0.38,0,0.26697473475967787
-115.5639,46.1869,0.315,0,0.24823896752927488
-115.5883,46.135,0.40644015554719276,0,0.19089020142479585
-115.6358,46.0958,0.345,1,0.13795896853774672
-115.645,46.0664,0.36,1,0.10723440212916979
-115.5986,46.1203,0.4,0,0.1732523390895482
-115.5728,46.1156,0.405,0,0.1811635862970279
-115.5547,46.1031,0.515,0,0.18144512393558823
-115.5275,46.0922,0.44,0,0.18545202425425575
-115.5172,46.0853,0.34,0,0.1807509703984952
-115.5186,46.0606,0.37,0,0.156484495398105
-115.5064,46.02,0.34,1,0.11464097565879279
-115.5067,46.0189,0.37,1,0.11357851601425155
-115.5117,46.025,0.545,1,0.12025487640839776
-115.6039,46.0194,0.345,1,0.08656260740066002
-115.5142,46.0353,0.36,1,0.13080975995696606
-115.5183,46.0617,0.36,0,0.1575260972029694
-115.5192,46.0533,0.35,1,0.14937293362587128
-115.5186,46.0447,0.395,1,0.14079408119661516
-115.2294,46.0494,0.245,0,0.23281016580038044
-115.57,46.0322,0.435,1,0.11430137050797909
-115.5739,46.0317,0.445,1,0.11276448598739583
-115.605,46.0186,0.365,1,0.08520932460711075
-115.8492,46.0775,0.385,0,0.21459155854785253
-115.8472,46.0378,0.42,0,0.18871127417300215
-115.8211,46.0064,0.335,0,0.15167621105499426
-115.8039,46.0097,0.345,1,0.14221637388148903
-115.7394,46.0636,0.385,1,0.12408697353066363
-115.7267,46.0664,0.46,1,0.11973237239777172
-115.7264,46.0639,0.355,1,0.11740572813963635
-115.0719,46.0969,0.325,0,0.3732281631924326
-115.8675,46.1261,0.37,0,0.2416866791943603
-115.7672,46.1206,0.28,0,0.1870043662591865
-115.7719,46.1194,0.38,0,0.18852279702995742
-115.7764,46.1189,0.35,0,0.1906158571577828
-115.7472,46.1378,0.29898066783831284,0,0.19282589297083308
-115.7319,46.1775,0.33,0,0.22485608953283667
-115.6889,46.1844,0.38,0,0.22356360392514207
-115.7264,46.1525,0.345,0,0.1993276222704719
-115.6739,46.1361,0.305,0,0.17441392432945013
-115.5906,46.16,0.32,0,0.21298353222725877
-115.6425,46.1367,0.42,0,0.17685017670333006
-115.8461,46.0769,0.365,0,0.21166064584612942
-115.8214,46.0764,0.31,0,0.19110600461523175
-115.7786,46.0528,0.37,1,0.14286592665851966
-115.7808,46.0503,0.375,1,0.1430073319798616
-115.79,46.0475,0.29,1,0.14870881950980525
-115.7558,46.0058,0.34,1,0.09778382790624351
-115.8708,46.1386,0.41,0,0.24995855836517583
-115.7306,46.15,0.36,0,0.19821247438039238
-115.6881,46.1372,0.35,0,0.17652262461225623
-115.7197,46.1467,0.325,0,0.19188947078982801
-115.5883,46.1658,0.355,0,0.21922289342128168
-115.6561,46.1378,0.35,0,0.1764655008776483
-115.5953,46.1478,0.415,0,0.199909822169897
-115.7919,46.0367,0.325,1,0.14437635886805875
-115.8456,46.0383,0.355,0,0.18951773795610424
-115.8719,46.0244,0.385,0,0.16688470541065292
-115.7961,46.02,0.32,1,0.1402677617986316
-115.5503,46.1917,0.31,0,0.2585279114525183
-115.5669,46.1708,0.245,0,0.23240927046914395
-115.5758,46.1669,0.41,0,0.22509942914187853
-115.5869,46.1486,0.405,0,0.20386852871397562
-115.6669,46.1903,0.315,0,0.22853553115434735
-115.6628,46.1919,0.41,0,0.23020033231947765
-115.6353,46.1817,0.33,0,0.2224202801005327
-115.6369,46.1819,0.475,0,0.22238512765020826
-115.2947,46.0417,0.375,0,0.17763238246445467
-115.2917,46.0947,0.345,0,0.2201170672619449
-115.2942,46.1097,0.32,0,0.23108931887908124
-115.2964,46.0997,0.375,0,0.22153600452296246
-115.3911,46.0783,0.315,0,0.16491414523927148
-115.3611,46.0719,0.355,0,0.16674714780169517
-115.3478,46.0628,0.32,0,0.16370068203889604
-115.3394,46.0603,0.385,0,0.16539817804316856
-115.3269,46.0572,0.405,0,0.16925445725298163
-115.3911,46.0753,0.355,0,0.16196201807831215
-115.4133,46.0747,0.425,0,0.15887903354439015
-115.4106,46.0772,0.43,0,0.16151436251924708
-115.4239,46.0806,0.455,0,0.16467202342838475
-115.4489,46.085,0.42,0,0.17145255699463732
-115.4431,46.0844,0.485,0,0.16998232643425085
-115.4411,46.0844,0.305,0,0.16972422131210504
-115.4611,46.0858,0.31,0,0.17469022668712503
-115.4842,46.0878,0.425,0,0.18212603685360093
-115.4939,46.0858,0.44,0,0.17983128565407738
-115.5408,46.0981,0.43,0,0.18602370628498477
-114.8733,46.1936,0.39,0,0.3365271370929865
-114.8742,46.1906,0.305,0,0.3342385315908416
-114.9028,46.1572,0.39,0,0.3184412159253231
-114.9147,46.1383,0.465,0,0.3070146641448844
-114.9072,46.1439,0.375,0,0.30844697761527634
-114.9072,46.16,0.375,0,0.32286454125530034
-114.8842,46.1733,0.41,0,0.3236593795952777
-114.9114,46.1906,0.375,0,0.3523737674685769
-114.9119,46.1936,0.32,0,0.35524645248053094
-114.9139,46.1989,0.385,0,0.3608070176701104
-115.2797,46.0083,0.315,0,0.16810550050488673
-115.2814,46.0147,0.28,0,0.17031588681035725
-115.2853,46.0194,0.37,0,0.1699717014682089
-115.2892,46.0289,0.3,0,0.1729420287263967
-115.2506,46.0447,0.33,0,0.21290558776133156
-115.2825,46.0458,0.315,0,0.18923956061035554
-115.6292,46.1361,0.355,0,0.17870269443967496
-115.6039,46.1769,0.37,0,0.22461697398015612
-115.5903,46.1836,0.35,0,0.23520677073587765
-115.2469,46.0439,0.355,0,0.2153881224673303
-115.2192,46.0508,0.32,0,0.24201671285264734
-115.2086,46.0547,0.395,0,0.2530061447870344
-115.2017,46.0586,0.32,0,0.2609153642467207
-115.1958,46.0647,0.335,0,0.2691969489054409
-115.1956,46.0669,0.32,0,0.27058462872084954
-115.1792,46.0739,0.33,0,0.288120192454475
-115.1697,46.0786,0.425,0,0.2986448514540273
-115.1514,46.0808,0.375,0,0.31452972164805365
-115.1197,46.0892,0.42,0,0.33846240234330227
-115.1175,46.0883,0.39,0,0.33895286073434155
-115.1258,46.0883,0.34,0,0.3343394230419101
-115.6653,46.14,0.34,0,0.17825854537721256
-115.7181,46.1492,0.325,0,0.19388439081060596
-115.4136,46.1386,0.39,0,0.2227272172411757
-115.4575,46.1531,0.345,0,0.2400487852499983
-115.5017,46.1492,0.385,0,0.24333418851447594
-115.5142,46.1386,0.435,0,0.2333548270338559
-115.5567,46.1,0.33,0,0.17777664919780617
-115.565,46.1053,0.36,0,0.1769492610891641
-115.5728,46.1225,0.415,0,0.1870580364485878
-114.7253,46.1925,0.32,0,0.3009203216800138
-114.7236,46.1936,0.36,0,0.3020226282913312
-114.7572,46.1992,0.39,0,0.3093152760534135
-114.7589,46.1972,0.37,0,0.3075098469968111
-114.5511,46.1669,0.35,0,0.32556664448312406
-114.5661,46.1678,0.36,0,0.31859413993355473
-114.6033,46.1617,0.295,0,0.29621216720452864
-114.6261,46.1606,0.42,0,0.28657511755210896
-114.6506,46.1494,0.415,0,0.26830150950004483
-114.6669,46.1453,0.34,0,0.26025602778802576
-114.6761,46.1411,0.455,0,0.2542395877907336
-114.6236,46.1617,0.37,0,0.2884759990016591
-114.6047,46.1631,0.34,0,0.2969200835241772
-114.5569,46.1675,0.495,0,0.32302075475114944
-114.4975,46.2,0.43,0,0.33767986022267055
-114.4931,46.1861,0.355,0,0.3239217714202009
-114.4947,46.1856,0.295,0,0.3244978520730117
-114.5017,46.1694,0.45,0,0.3163084696937488
-114.4975,46.1119,0.39282771535580524,0,0.27193284832840686
-114.4972,46.1011,0.4114401555471928,0,0.2645408777486069
-114.4986,46.1006,0.3068083831941181,0,0.2652786346466643
-114.4986,46.0839,0.355,0,0.25476035013321513
-114.4925,46.0719,0.5,0,0.24267524389603992
-114.5331,46.0525,0.395,0,0.2503340648014214
-114.5758,46.0608,0.37,0,0.22550896212790006
-114.5747,46.0592,0.42,0,0.22504330694335192
-114.5769,46.0578,0.455,0,0.22253370531226144
-114.6231,46.0575,0.335,0,0.1946395232217819
-114.6539,46.0467,0.38,0,0.17057999882753866
-114.6939,46.0417,0.435,0,0.1532792745285572
-114.7469,46.0353,0.285,1,0.14540013755151707
-114.7453,46.0369,0.33,1,0.14675045485449528
-114.7214,46.0556,0.33,0,0.16405649027088282
-114.6928,46.0933,0.425,0,0.20425181027349737
-114.6917,46.0919,0.385,0,0.20304602433931723
-114.6553,46.0944,0.355,0,0.21441675774062635
-114.6339,46.0992,0.475,0,0.2266710965253491
-114.6214,46.1008,0.47,0,0.23340304196818734
-114.62,46.0997,0.35,0,0.23304410312213622
-114.5789,46.1078,0.315,0,0.26087431839872743
-114.545,46.1078,0.52,0,0.2812484808847894
-114.5469,46.1075,0.29680838319411806,0,0.2798056611293031
-114.2472,45.6044,0.415,1,0.0025953805116112733
-114.2197,45.6128,0.27,1,0.022107087098936745
-114.21,45.6106,0.3286124401913875,1,0.012850186769061968
-114.2097,45.6111,0.4,1,0.01243242936838438
-114.1694,45.5975,0.455,1,0.01793111820271307
-114.1758,45.5708,0.3528277153558052,1,0.03983763296180484
-114.1922,45.5564,0.4306554307116105,1,0.05111773958226442
-114.1844,45.61,0.475,1,0.007547516147709612
-114.1867,45.6556,0.385,1,0.013041012230648817
-114.2028,45.6567,0.4222248803827751,1,0.007540822236331306
-114.2039,45.6542,0.395,1,0.010180176815752935
-114.2469,45.7042,0.4,1,0.02879878469658111
-114.2125,45.8833,0.375,1,0.02552931648126302
-114.2097,45.92,0.45,1,0.04154404891197202
-114.1467,45.935,0.46,1,0.06410419643050239
-114.1828,45.955,0.385,1,0.06994862400362115
-114.2089,45.9561,0.34,1,0.07421257305874998
-114.1769,45.9864,0.345,1,0.10172663368066821
-114.0633,45.975,0.365,0,0.15290264876711607
-114.0417,45.9778,0.37,0,0.17234320410157708
-114.0369,45.9789,0.325,0,0.17698999406745813
-114.0269,45.9783,0.32,0,0.1852461983415565
-114.1022,45.9681,0.395,1,0.11863200242767634
-114.0742,45.8967,0.31,1,0.11342652247159021
-114.0922,45.9019,0.335,1,0.09630256486718419
-114.0814,45.9081,0.35,1,0.10809780756332982
-114.1064,45.9217,0.365,1,0.08852412100665343
-114.1106,45.9097,0.34,1,0.08027642244145378
-114.1894,45.8883,0.325,1,0.003912032719707814
-114.1889,45.9022,0.335,1,0.017121331723908208
-114.1894,45.9011,0.33,1,0.0160939740275697
-114.1672,45.9998,0.41,1,0.11632441704130986
-114.2569,45.8319,0.385,1,0.087858852712751
-114.2903,45.8536,0.365,1,0.07515642354449827
-114.3147,45.8628,0.37,1,0.06809129166053565
-114.2589,45.8117,0.4619712793733682,1,0.10277728348229297
-114.2956,45.8,0.305,1,0.12848505749697453
-114.3275,45.7839,0.36,1,0.10830048014667436
-114.3647,45.7875,0.375,1,0.1132109623667254
-114.3833,45.8144,0.34,1,0.12930710730659398
-114.3653,45.7878,0.31,1,0.11362621176471316
-114.3292,45.7717,0.315,1,0.09598270677575309
-114.3853,45.7506,0.325,1,0.08573440382950077
-114.4133,45.7522,0.33,1,0.0666069065487931
-114.4336,45.7636,0.375,1,0.05788680333201927
-114.2633,45.7936,0.315,1,0.11917417505483655
-114.265,45.7833,0.32,1,0.10993773692413208
-114.2744,45.7672,0.32,1,0.09726684944008765
-114.2828,45.7575,0.315,1,0.0918817174415006
-114.4483,45.7467,0.4,1,0.0354881670419834
-114.4486,45.745,0.32,1,0.03401849496964781
-114.4278,45.7453,0.38,1,0.05059015714543505
-114.2375,45.8467,0.34,1,0.06345803337639841
-114.225,45.8517,0.305,1,0.05061493850633114
-114.2144,45.8675,0.455,1,0.0325753280873737
-114.2019,45.87,0.325,1,0.021242692861310905
-114.1994,45.8661,0.335,1,0.02273358748635699
-114.1514,45.8522,0.295,1,0.04855810951838755
-114.1883,45.8417,0.36,1,0.04349825283847153
-114.1686,45.8106,0.395,1,0.07682584200644697
-114.1697,45.8103,0.335,1,0.07686149881442399
-114.1622,45.78,0.35,1,0.10807339172987623
-114.0675,45.8111,0.385,1,0.14063306154670538
-114.0667,45.8117,0.33,1,0.14100009219854853
-114.0403,45.8428,0.325,0,0.15273733008010318
-114.0214,45.86,0.415,0,0.16754295568599326
-114.0806,45.8444,0.335,1,0.11398456913108089
-114.0728,45.8583,0.345,1,0.11735975460096544
-114.3211,45.5153,0.275,1,0.044861721991028135
-114.3183,45.5203,0.4,1,0.04307059321625971
-114.3239,45.5206,0.41,1,0.0406616526963695
-114.3169,45.5461,0.415,1,0.02396038397020973
-114.3211,45.5633,0.41,1,0.008291320763309691
-114.2911,45.6106,0.33,1,0.02128064848636214
-114.3683,45.6978,0.32,1,0.03376204970081626
-114.3678,45.6961,0.495,1,0.03232039603718176
-114.3642,45.6858,0.33,1,0.02400154161715372
-114.3217,45.6992,0.33,1,0.030420059171530824
-114.2542,45.7194,0.305,1,0.04544825629218412
-114.3197,45.6661,0.4286124401913875,1,0.02467602074889741
-114.2869,45.725,0.33,1,0.06773685850407049
-114.0319,45.8769,0.48,0,0.15536079943151973
-114.3278,45.5917,0.3,1,0.006316011399599978
-114.3264,45.6,0.435,1,0.003741924638464992
-114.3653,45.6097,0.465,1,0.036505588613256035
-114.3875,45.5875,0.37,1,0.04531864958270372
-114.4264,45.5958,0.42,1,0.08284394968855299
-114.0533,45.9164,0.415,1,0.13733563266683965
-114.3514,45.9728,0.33,1,0.07037029202724497
-114.2908,45.9547,0.375,1,0.02688441927957636
-114.5097,45.5872,0.385,1,0.10534546976496091
-114.5214,45.6025,0.335,1,0.12330832899686756
-114.4878,45.6456,0.35,1,0.07603884533578789
-114.4864,45.6458,0.325,1,0.07555571454231824
-114.485,45.6497,0.385,1,0.07145910718725741
-114.4678,45.6722,0.33,1,0.047826457113199466
-114.4597,45.6806,0.435,1,0.04102565051282617
-114.4561,45.6792,0.35,1,0.04351156168192646
-114.4531,45.6825,0.31,1,0.041680906899926984
-114.3028,45.6283,0.355,1,0.0002408318915814804
-114.2864,45.5269,0.435,1,0.05402138558015276
-114.4028,45.5428,0.46,1,0.05336823024983798
-114.7583,45.0931,0.51,1,0.022485906697306157
-114.4711,45.5789,0.505,1,0.09452890563208387
-114.505,45.6358,0.435,1,0.09049319311417528
-114.505,45.6361,0.325,1,0.09021452211257416
-114.3569,45.725,0.43,1,0.05064894865641315
-114.325,45.7078,0.48898066783831284,1,0.03556754138255353
-114.3589,45.7,0.41,1,0.028857512020275637
-114.2728,45.7114,0.5,1,0.04816405298560455
-114.2931,45.6842,0.3678083674574863,1,0.04952966787694126
-114.2919,45.6522,0.36,1,0.02603816429781174
-114.2903,45.6408,0.47,1,0.01743725895890053
-114.3033,45.6,0.425,1,0.019558732065256258
-114.3078,45.6472,0.32782771535580524,1,0.019418135852852618
-114.3083,45.6778,0.3939806678383128,1,0.03376204970080495
-114.3042,45.6842,0.3081751122827573,1,0.03859961139700948
-114.1053,45.1078,0.46,1,0.03334154315564731
-114.1231,45.1392,0.53,1,0.010474087072396712
-114.1203,45.1458,0.33861244019138753,1,0.013175678350658799
-114.1228,45.1522,0.33,1,0.013065087064388737
-114.17,45.1583,0.37,1,0.011121016140628813
-114.1581,45.1678,0.37,1,0.002067123605390926
-114.1783,45.1531,0.34,1,0.015817363876444546
-114.0342,45.1433,0.34282771535580525,1,0.014341635192683035
-114.0447,45.0833,0.395,1,0.05181324637581007
-114.0447,45.0808,0.36644015554719284,1,0.05415083101855568
-114.0472,45.0539,0.43,1,0.08055168837461332
-114.0483,45.0556,0.52,1,0.07921707202365282
-114.0125,45.0767,0.415,1,0.05650671199070018
-114.0261,45.1114,0.4,1,0.020190802361470913
-114.0264,45.1097,0.33861244019138753,1,0.02189526204456724
-114.0006,45.0181,0.3334623153474425,1,0.11628018962833267
-114.0011,45.0158,0.35042082338550556,1,0.11842025375754439
-114.0014,45.0144,0.47,1,0.11820962820345883
-114.0006,45.615,0.395,1,0.0647888956534957
-114.0989,45.505,0.385,1,0.051315972172416464
-114.0928,45.5244,0.2978277153558052,1,0.03840527307544781
-114.1425,45.5536,0.34,1,0.04754758668954307
-114.1336,45.5511,0.395,1,0.04040491306759688
-114.1194,45.5819,0.375,1,0.024688155054596247
-114.5261,45.0772,0.28,1,0.047636834487611
-114.5253,45.0783,0.24,1,0.048983936142372106
-114.5233,45.0778,0.305,1,0.05004114307247575
-114.5158,45.075,0.185,1,0.053965859578075114
-114.4897,45.0586,0.295,1,0.03908083033917821
-114.4794,45.0528,0.405,1,0.029180940697648497
-114.4756,45.0447,0.325,1,0.02814216231919252
-114.4736,45.0431,0.30644015554719284,1,0.027206567221902445
-114.5044,45.0258,0.2878277153558052,1,0.04159160131564463
-114.5044,45.0269,0.435,1,0.04260980286271692
-114.4886,45.0244,0.33,1,0.04477697287668991
-114.1142,45.5414,0.345,1,0.032858134457082515
-114.1258,45.5244,0.3836124401913875,1,0.053400945684508955
-114.1519,45.5058,0.4336124401913876,1,0.04341082814229883
-114.1553,45.5044,0.5,1,0.04190107397191452
-114.1531,45.5025,0.455,1,0.04004509957535323
-114.1486,45.5022,0.39282771535580524,1,0.040212560226877636
-114.1436,45.5011,0.38,1,0.0402482297747375
-114.1431,45.4875,0.515,1,0.027687722911064045
-114.4992,45.1175,0.425,1,0.07705502773992132
-114.0658,45.62,0.3528277153558052,1,0.03939021452086658
-114.0314,45.6244,0.265,1,0.049316741579305566
-114.0308,45.6269,0.34282771535580525,1,0.05178413849819365
-114.0175,45.6247,0.32782771535580524,1,0.05780381475300748
-114.4097,45.3044,0.365,1,0.007844743462981925
-114.4544,45.2869,0.34,1,0.027528494328601816
-114.4517,45.2872,0.38,1,0.02794898924827408
-114.4447,45.2672,0.39,1,0.04913558791751688
-114.4139,45.2719,0.32,1,0.035562789541880316
-114.3803,45.2856,0.36,1,0.025471120901911025
-114.3553,45.2925,0.325,1,0.003012308085167741
-115.8133,45.2022,0.39,1,0.03517250772976032
-115.8208,45.1933,0.33,1,0.04477601255136266
-115.8094,45.17,0.34,1,0.06745981989302702
-115.8061,45.1678,0.32,1,0.06989959441942362
-115.7983,45.1569,0.325,1,0.08178017669337719
-115.7942,45.1503,0.36,1,0.08905126220329287
-115.8039,45.1481,0.31,1,0.08972052886602921
-115.7986,45.1464,0.3,1,0.09208397960557606
-115.7969,45.1461,0.375,1,0.09265836875318224
-115.7789,45.1319,0.325,1,0.10595297919360139
-115.7636,45.1211,0.3,1,0.0935044266331789
-115.6222,45.0261,0.28,1,0.03894156904902186
-115.6233,45.0275,0.275,1,0.037315222095005506
-115.6194,45.0367,0.430951947211681,1,0.029888355592098383
-115.6256,45.0444,0.4995619335347432,1,0.020421993046706215
-115.6258,45.0419,0.4295619335347432,1,0.02275103953668933
-115.4806,45.0364,0.4569712793733682,1,0.03209975077783999
-115.48,45.0361,0.27,1,0.03159911391162763
-114.0103,45.5158,0.45282771535580524,1,0.005470831746639651
-114.0544,45.5372,0.2828277153558052,1,0.005925622330185762
-114.0569,45.5367,0.34565543071161053,1,0.005792495144587157
-114.0342,45.5192,0.43848314606741584,1,0.005360037313309092
-114.0319,45.5219,0.41,1,0.0035510561809125687
-114.0067,45.5133,0.3478277153558052,1,0.002340939982145147
-114.0061,45.5567,0.31861244019138757,1,0.02500124996874454
-114.0008,45.5486,0.285,1,0.022776839113453143
-114.5153,45.3056,0.33,1,0.0010324727599272355
-114.5167,45.3031,0.31,1,0.0021503488089134517
-114.5314,45.3017,0.34,1,0.003527321930297635
-114.5386,45.3031,0.29,1,0.0041593268686121055
-114.5803,45.3003,0.33,1,0.011824533817452937
-114.5681,45.3006,0.38,1,0.011524430571613951
-114.5358,45.3256,0.315,1,0.025184002858961094
-114.5353,45.3261,0.32,1,0.025799108511725052
-114.5386,45.3556,0.34,1,0.03820641307425035
-114.5386,45.3561,0.345,1,0.03780211634287869
-114.5719,45.3697,0.49,1,0.05816330458287567
-115.9633,45.1333,0.42,1,0.0690778785140399
-115.9625,45.1314,0.32,1,0.06729470484370022
-115.95,45.1136,0.39,1,0.04714381507685086
-115.9486,45.1028,0.43,1,0.04174392530656584
-115.9439,45.0922,0.315,1,0.03543220710032238
-115.9453,45.0914,0.35,1,0.0368202294941304
-114.3878,45.035,0.435,1,0.0548557107327955
-114.3889,45.0333,0.37,1,0.05584074677152032
-114.3342,45.0033,0.38697127937336817,1,0.01455269734447647
-114.3142,45.0222,0.48,1,0.001964688270438611
-114.3128,45.0214,0.4569712793733682,1,0.0021954498400159022
-114.3106,45.0236,0.44,1,0.005263078946784561
-114.3608,45.0472,0.44095194721168096,1,0.02767021864749227
-114.2956,45.0364,0.33782771535580525,1,0.024980392310778175
-114.2706,45.0689,0.45,1,0.05035939832841749
-114.2689,45.0667,0.385,1,0.05300676371936242
-114.2811,45.0461,0.51,1,0.04236271945945709
-114.4764,45.0003,0.33,1,0.029367963838174797
-114.4783,45.0011,0.33,1,0.028839994798890514
-114.2139,45.1253,0.345,1,0.04901200873255051
-114.2258,45.0917,0.395,1,0.04995520493402653
-114.2503,45.0789,0.37,1,0.05647523793663364
-114.2175,45.0381,0.26180838319411803,1,0.016255845102608055
-114.2972,45.0903,0.385,1,0.01658375711351342
-114.3128,45.0894,0.33,1,0.007704349420947298
-114.3144,45.0911,0.355,1,0.006337586291330768
-114.3436,45.0881,0.295,1,0.02887615625390856
-114.3017,45.0956,0.255,1,0.010733918203533243
-114.3472,45.1169,0.37,1,0.0023792856070654375
-114.2619,45.165,0.345,1,0.031243879400604527
-114.0014,45.4703,0.32782771535580524,1,0.04125348470129097
-114.0172,45.47,0.3728277153558052,1,0.042229136860705466
-114.0728,45.45,0.445,1,0.06351835167886721
-114.0653,45.4486,0.415,1,0.0615231094792825
-114.0942,45.4889,0.4736124401913876,1,0.053146034659224524
-114.0644,45.4883,0.43861244019138756,1,0.04404230920376302
-114.0444,45.4794,0.333172268907563,1,0.04345814077938086
-114.0447,45.4758,0.38,1,0.04693910949305199
-114.0031,45.4336,0.3478277153558052,1,0.04241510344205171
-114.1683,45.4081,0.48,1,0.037812445041283935
-114.1575,45.4406,0.375,1,0.022042232191857886
-114.1447,45.4606,0.435,1,0.006012071190534577
-114.1394,45.4747,0.495,1,0.014825147554068848
-114.1386,45.4761,0.4286124401913875,1,0.016210521274778004
-114.0119,45.4128,0.5,1,0.01983575055297933
-114.2094,45.4314,0.49,1,0.034154370144970414
-114.2239,45.4614,0.485,1,0.05289613407423966
-114.2272,45.4636,0.465,1,0.05441486010273529
-114.2106,45.4514,0.2789806678383128,1,0.04862806802660406
-114.0364,45.3189,0.345,1,0.013317616153054223
-114.0475,45.3356,0.45,1,0.009677293009924504
-114.0403,45.3047,0.51,1,0.004909674123608312
-114.0425,45.3039,0.465,1,0.004311948515462342
-114.0744,45.2894,0.3586124401913875,1,0.004194401029941825
-114.0717,45.2894,0.425,1,0.005468546424772135
-114.0878,45.2686,0.39,1,0.026778134737134737
-114.0867,45.2661,0.45,1,0.0241591080133391
-114.0322,45.2906,0.45,1,0.01404102916456202
-114.0378,45.2847,0.38,1,0.011162011467463321
-114.3044,45.2819,0.31,1,0.016614120500347034
-114.2961,45.2844,0.455,1,0.009064049867466518
-114.2703,45.2836,0.465,1,0.008339124654301982
-114.2664,45.2808,0.3728277153558052,1,0.011234277902918118
-114.3383,45.3069,0.3578277153558052,1,0.019784893226903827
-114.3353,45.3106,0.325,1,0.0245266385793091
-114.2797,45.3519,0.34,1,0.0049204979422819844
-114.2692,45.3397,0.3628277153558052,1,0.005190500939218968
-114.2678,45.3492,0.34,1,0.004653525545221654
-114.2622,45.3375,0.37644015554719273,1,0.010401600838333181
-114.2436,45.3308,0.35,1,0.013823060442602115
-114.2433,45.3278,0.37,1,0.013588414182675907
-114.2383,45.3289,0.375,1,0.008498058601810892
-114.2731,45.3475,0.435,1,0.004428238927602919
-114.0497,45.3894,0.4128277153558052,1,0.014514992249396374
-114.0631,45.3844,0.38,1,0.00284622557082189
-114.1153,45.3956,0.495,1,0.05050359393152062
-114.13,45.3933,0.375,1,0.06374515667875304
-114.4625,45.5031,0.41,1,0.02756102320306639
-114.4708,45.5033,0.325,1,0.02209307583837604
-114.4842,45.4958,0.335,1,0.010647159245548193
-114.46,45.505,0.305,1,0.030696351574747167
-114.4319,45.4953,0.31,1,0.052524146827914314
-114.4289,45.4972,0.41,1,0.05584883167981503
-114.4558,45.4556,0.34,1,0.04048389803366834
-114.4386,45.4725,0.34,1,0.04659836907018072
-114.3806,45.4667,0.345,1,0.036976641275267785
-114.2561,45.3933,0.32,1,0.026116221013004277
-114.2636,45.4333,0.505,1,0.021610675602584044
-114.2658,45.4331,0.25,1,0.019844427429382343
-114.2703,45.4208,0.37,1,0.019376720568758513
-114.2853,45.4214,0.31,1,0.0045892591994733415
-114.3481,45.4606,0.33,1,0.03527475017629402
-114.4419,45.3972,0.405,1,0.05615081477592181
-114.3786,45.4156,0.31,1,0.009419129471455361
-114.3622,45.4275,0.365,1,0.007566769455988383
-114.3208,45.4561,0.3,1,0.0270916610786489
-114.2839,45.4231,0.305,1,0.0056305683549674555
-114.4628,45.3442,0.3,1,0.028894359311116034
-114.4781,45.3706,0.365,1,0.04135238808097852
-114.4783,45.3683,0.5,1,0.04211415439017552
-114.4603,45.3403,0.33,1,0.024262893479548048
-114.2217,45.1461,0.405,1,0.030466539022350556
-114.2528,45.16,0.335,1,0.02530711362442638
-114.2797,45.2483,0.435951947211681,1,0.024669920956498573
-114.3167,45.2503,0.4,1,0.02949653030442386
-114.3319,45.2747,0.34,1,0.0009946356116693025
-114.4239,45.3261,0.31,1,0.007291776189650958
-114.4483,45.3197,0.34,1,0.0016321764610470611
-114.2772,45.3761,0.38,1,0.007621108843209544
-114.2978,45.3628,0.325,1,0.0026726952688200497
-114.4047,45.3131,0.33,1,0.0026866335812593765
-114.4011,45.3122,0.415,1,0.005954829972379048
-114.3939,45.3039,0.32,1,0.004241697773293533
-114.3614,45.2975,0.39,1,0.010160708636701085
-114.3358,45.2711,0.365,1,0.0061270955598998035
-114.3211,45.2567,0.38,1,0.021754018019662355
-114.3206,45.2289,0.34,1,0.048085811836754005
-114.3214,45.2175,0.39,1,0.05908994246062468
-114.3211,45.2075,0.385,1,0.06900369048101394
-114.2383,45.1489,0.33,1,0.026511318337647166
-115.8589,45.1992,0.3,1,0.030167421169199692
-115.8925,45.1611,0.385,1,0.06537095149988097
-115.8939,45.1611,0.32,1,0.0657450933530398
-115.8767,45.1664,0.345,1,0.057878988415480365
-115.8678,45.1706,0.52,1,0.054245398883220095
-115.6986,45.3442,0.31,1,0.01923285730202604
-115.6947,45.3419,0.29,1,0.022980313313795013
-114.2825,45.1636,0.455,1,0.050671066694909686
-114.2975,45.1639,0.38282771535580523,1,0.04992995093128161
-114.3083,45.1697,0.36,1,0.04802039670806466
-114.3144,45.1756,0.415951947211681,1,0.050245601797572
-114.3122,45.1758,0.33,1,0.05136318233910543
-114.3158,45.2028,0.345,1,0.07320440219004012
-114.0292,45.3994,0.475,1,0.0113816079707599
-114.0628,45.3822,0.375,1,0.004846328507226333
-114.0867,45.3747,0.4728277153558052,1,0.01838915441230326
-114.1056,45.3825,0.34,1,0.03760602345368613
-114.1417,45.3908,0.315,1,0.05897525752381623
-114.1694,45.3958,0.335,1,0.03207411729105804
-114.1861,45.3975,0.31,1,0.01709681256843764
-114.2053,45.3975,0.33,1,0.010148349619518025
-114.2725,45.3794,0.375,1,0.011940489939700673
-114.3125,45.3603,0.31,1,0.004101133989520722
-115.8067,45.2136,0.41,1,0.024560238191026505
-114.3269,45.3514,0.48,1,0.009009844615756293
-114.3361,45.3417,0.385,1,0.008654669259998356
-114.3653,45.3308,0.295,1,0.02926174977679734
-114.3886,45.3211,0.29,1,0.019773568216180763
-115.7672,45.0592,0.4286124401913875,1,0.03237081710429506
-115.7692,45.0614,0.43,1,0.03499659697741678
-115.7833,45.0831,0.33,1,0.06017848286555327
-115.7864,45.0828,0.42,1,0.061181351734000584
-115.8394,45.0653,0.385,1,0.07380032046000878
-115.87,45.0547,0.285,1,0.053085546997273955
-115.8972,45.0519,0.385,1,0.040954063290470175
-115.9269,45.0225,0.32,1,0.07119416619358862
-115.9478,45.0119,0.395,1,0.08857572635886751
-115.9453,45.0003,0.345,1,0.07999378288342358
-115.9039,45.0489,0.46,1,0.042616819449600996
-115.6667,45.0472,0.48,1,0.038390126334782206
-115.6769,45.0428,0.35,1,0.04949211856447795
-115.6944,45.0314,0.375,1,0.06081662437195986
-115.735,45.035,0.475,1,0.02592770333061324
-115.7467,45.0419,0.325,1,0.01938921865367446
-115.7486,45.0533,0.415,1,0.02799838923938683
-115.7089,45.0969,0.335,1,0.08366866677556274
-115.7144,45.0186,0.275,1,0.045737225538944104
-115.6933,45.0044,0.295,1,0.03620449972034155
-115.4728,45.01,0.395,1,0.008666717948571084
-115.47,45.0089,0.47,1,0.006486447409791645
-115.3933,45.0067,0.355,1,0.03856838083197274
-115.4,45.0286,0.225,1,0.017370434652015505
-115.3931,45.02,0.31361244019138756,1,0.02824722995268336
-115.4033,45.0269,0.445,1,0.01624832299039074
-115.4067,45.0306,0.305,1,0.011240017793581025
-115.4164,45.0367,0.345,1,0.004115580153509118
-115.4156,45.0628,0.3,1,0.003220186330012312
-114.4969,45.1247,0.3,1,0.08144073489353622
-114.4892,45.1364,0.455,1,0.08766118468284638
-114.4767,45.1486,0.32,1,0.08199553219535582
-114.4772,45.1508,0.4,1,0.081794836634107
-114.4694,45.1556,0.42,1,0.07296338328229883
-114.4503,45.1575,0.43,1,0.05413573034512734
-114.4383,45.1631,0.31,1,0.04099879632379699
-114.4256,45.1653,0.4178277153558052,1,0.02824431447212602
-114.4067,45.1756,0.3478277153558052,1,0.007703719880685617
-114.3689,45.1678,0.4328277153558052,1,0.023689459681468704
-114.3694,45.1581,0.34,1,0.015114777537228018
-114.3714,45.1583,0.4,1,0.016440818106157874
-114.3675,45.1656,0.325,1,0.021163234629895233
-114.1783,45.1069,0.305,1,0.04075240483701341
-114.1761,45.1089,0.315,1,0.037866165636367674
-114.1497,45.0875,0.39,1,0.030945217724227092
-114.1381,45.0692,0.39,1,0.04679246199976516
-114.1361,45.0689,0.3628277153558052,1,0.047114525361078755
-114.1517,45.0947,0.37,1,0.025524703720120123
-114.1619,45.0822,0.4,1,0.04160868298804906
-114.0897,45.0131,0.415,1,0.062019901644558464
-115.7533,45.2408,0.375,1,0.00438329784522773
-115.8033,45.2258,0.34,1,0.015021361456280942
-115.8033,45.2272,0.445,1,0.01397158902917515
-114.1044,45.3831,0.325,1,0.03651926888643039
-114.1692,45.4,0.315,1,0.033471256325391295
-114.2283,45.3986,0.335,1,0.013626481570815346
-114.2456,45.3983,0.295,1,0.015094270436160722
-114.1181,45.2644,0.375,1,0.021877956943005403
-114.1547,45.2794,0.435,1,0.034597008541197766
-114.1364,45.3422,0.295,1,0.07626525421185268
-114.1344,45.3433,0.355,1,0.0739839239294531
-114.1436,45.3472,0.285,1,0.07040798960344928
-114.1,45.2547,0.37,1,0.01219249769325666
-115.9561,45.2008,0.465,1,0.027766153856799793
-115.9539,45.2,0.38,1,0.030080280916232882
-115.9417,45.2264,0.325,1,0.0405373815138562
-115.9303,45.2197,0.34,1,0.04361111440905904
-115.9861,45.1811,0.465,1,0.033659579617099394
-115.9867,45.1767,0.445,1,0.038097864769566864
-115.9969,45.0847,0.4122248803827751,1,0.08866375415015945
-115.9842,45.0767,0.45,1,0.07710903513856583
-115.9958,45.0617,0.425,1,0.09219092851252189
-115.6506,45.2464,0.435,1,0.00403209622901057
-115.6367,45.2442,0.2528277153558052,1,0.010084731032598805
-115.6408,45.2428,0.32,1,0.006650248115668545
-115.6531,45.2467,0.36,1,0.005861211478867402
-115.6781,45.2364,0.325,1,0.002192213493250206
-115.675,45.2364,0.335,1,0.002220315292922092
-114.4392,45.1031,0.375,1,0.04683611106827828
-114.4372,45.1008,0.3,1,0.04516303023491832
-114.46,45.0961,0.385,1,0.03954609083082642
-114.1433,45.1836,0.37,1,0.018271644698818878
-114.12,45.1861,0.4486124401913876,1,0.03196412051034531
-114.1361,45.1936,0.3864401555471928,1,0.025642718264642848
-114.1322,45.2025,0.49,1,0.015933016035891572
-114.1342,45.2075,0.31,1,0.01251563022784078
-114.1586,45.2161,0.405,1,0.027523753377761986
-114.1636,45.2122,0.3139806678383128,1,0.02383168059537656
-114.1747,45.2169,0.45,1,0.011778667157197711
-114.1856,45.215,0.355,1,0.006290071541723464
-114.1853,45.2131,0.305,1,0.008196645655394895
-114.2144,45.2325,0.4,1,0.000824621125119887
-114.1197,45.2222,0.44,1,0.007372448711248783
-114.1156,45.2247,0.39,1,0.0029981661061429764
-114.1058,45.2197,0.285,1,0.008229033965169696
-114.0933,45.2328,0.3,1,0.005658312469275103
-114.0739,45.2394,0.435951947211681,1,0.01047141346714854
-114.0742,45.2378,0.32,1,0.010716179356458806
-114.115,45.11,0.37,1,0.023399668801077488
-115.8972,45.2539,0.455,1,0.02350717550025953
-115.8789,45.2569,0.355,1,0.019530829475476033
-115.8225,45.2633,0.56,1,0.012371471214040194
-115.825,45.2614,0.405,1,0.009235762015118833
-115.8103,45.2517,0.32282771535580523,1,0.014560401780173392
-115.8139,45.2536,0.38,1,0.01626202016970831
-115.8383,45.2722,0.33,1,0.004842860724828903
-115.835,45.2733,0.39,1,0.0016453874923552671
-115.8406,45.2864,0.33,1,0.015466327941695604
-115.8367,45.2911,0.45,1,0.018709176892639418
-115.8214,45.3089,0.34644015554719276,1,0.02378464420587036
-115.8072,45.3364,0.40282771535580525,1,0.0041769965286051845
-115.7797,45.3608,0.3078277153558052,1,0.007741789198889927
-115.7833,45.3617,0.2978277153558052,1,0.007300636958510312
-115.7617,45.3389,0.365,1,0.013937119501529992
-115.7544,45.3572,0.425,1,0.021001173776722757
-115.75,45.3719,0.33,1,0.00583826172760618
-115.8586,45.2764,0.37,1,0.0196567367586745
-115.5414,45.2517,0.3,1,0.04311874070517204
-115.5403,45.2586,0.285,1,0.04991606755344456
-115.5367,45.2589,0.29,1,0.05013447715893302
-115.5819,45.28,0.435,1,0.03630225612823724
-115.5008,45.255,0.33,1,0.0589455494503185
-115.5103,45.2553,0.44,1,0.05383145734604858
-115.5572,45.2289,0.365,1,0.028256783256415216
-115.5703,45.2203,0.39,1,0.03489019633078183
-115.5797,45.2194,0.31,1,0.032649866768482146
-115.5883,45.1542,0.355,1,0.057769696208301004
-114.7275,45.0003,0.485,1,0.026125313395251242
-115.8142,45.2394,0.495,1,0.0024214252001662907
-115.8769,45.2358,0.34697127937336814,1,0.0026865033035497945
-115.8756,45.2297,0.335,1,0.0054305892866284245
-115.8786,45.2214,0.44,1,0.004094300917126888
-115.8775,45.2211,0.39,1,0.0036553112042566793
-115.8353,45.1719,0.39,1,0.06473913267877629
-115.8514,45.1475,0.47,1,0.08012452371153184
-115.8542,45.1478,0.415,1,0.0783706533084835
-115.8322,45.1867,0.375,1,0.05422646309690816
-115.83,45.1892,0.34,1,0.05112184758006699
-115.6075,45.2158,0.315,1,0.008557207488427148
-115.6014,45.2031,0.325,1,0.009889277021096212
-115.5719,45.1878,0.33,1,0.040398784635186605
-115.5758,45.1714,0.33,1,0.04996808781612346
-115.5828,45.1528,0.385,1,0.06131748364047242
-115.5811,45.1314,0.3,1,0.07530613056053734
-115.5919,45.1194,0.38,1,0.06861724127360669
-115.5925,45.1164,0.495,1,0.06584604619868896
-115.5989,45.1081,0.45456193353474317,1,0.05536603471443559
-115.6172,45.0919,0.42,1,0.031818450622246
-115.6178,45.0911,0.41,1,0.030831182267306065
-115.6336,45.0839,0.415,1,0.020188060828125083
-115.6425,45.0769,0.4395619335347432,1,0.01676847637682359
-115.6269,45.0878,0.34,1,0.024579865744142764
-115.6253,45.0758,0.39282771535580524,1,0.013804122572627005
-115.6131,45.2258,0.29,1,0.0013363382805220256
-115.78,45.2353,0.275,1,0.02302892311855431
-115.3608,45.1292,0.3,1,0.006492149104881713
-115.3722,45.1297,0.325,1,0.00768127593567692
-115.5872,45.1567,0.355,1,0.05590672410363523
-115.5819,45.1606,0.385,1,0.05490699226873892
-115.5678,45.1508,0.445,1,0.0654714120819241
-115.5422,45.1511,0.33,1,0.05787190855674432
-115.5267,45.1494,0.32,1,0.06032118864876541
-115.5117,45.1136,0.4,1,0.03444333462369591
-115.5086,45.1347,0.430951947211681,1,0.054475511011831214
-115.5069,45.1353,0.325,1,0.054879443328080466
-115.5033,45.1486,0.43,1,0.06405136454440273
-115.465,45.1639,0.35144015554719277,1,0.022814716741620382
-115.9722,45.4133,0.41,1,0.04341755520523902
-115.9761,45.4131,0.335,1,0.041436083309107856
-115.9086,45.4172,0.32,1,0.03957210254713285
-115.9353,45.4561,0.365,1,0.006498999923067078
-115.9469,45.4508,0.33,1,0.007611898580511569
-115.9814,45.4303,0.49,1,0.024152848693271375
-115.9997,45.4261,0.365,1,0.015270920077051475
-115.945,45.3458,0.39,1,0.030130139395614312
-115.9475,45.3431,0.41,1,0.03132608018887565
-115.705,45.335,0.305,1,0.01437883166324954
-115.7083,45.3258,0.295,1,0.008560332937455572
-115.705,45.3261,0.295,1,0.010335632539910029
-115.7031,45.3228,0.33,1,0.009402728327459744
-115.6975,45.3206,0.265,1,0.011834918673149357
-115.6942,45.3058,0.37,1,0.0034720743079605155
-115.7033,45.3053,0.325,1,0.003713812057706947
-115.6919,45.295,0.3,1,0.007905017394030416
-115.6936,45.2878,0.275,1,0.010405830096630578
-115.7036,45.275,0.325,1,0.006994662250598036
-115.6639,45.2628,0.295,1,0.004213525839482084
-115.6792,45.2633,0.315,1,0.0031063322423805404
-115.6744,45.2694,0.43,1,0.006900818791989443
-115.7131,45.2603,0.33,1,0.001216963434126333
-115.7192,45.2614,0.35,1,0.0026232232081998645
-115.9447,45.1814,0.43,1,0.04851287767181122
-115.3806,45.1375,0.355,1,0.008540843049719377
-115.3911,45.1461,0.27,1,0.007951477850060928
-115.3811,45.1706,0.2978277153558052,1,0.011949644346168981
-115.3808,45.17,0.365,1,0.012061343208769013
-115.3789,45.1606,0.27,1,0.014586843387115236
-115.3358,45.0925,0.295,1,0.011985658096245414
-114.7242,45.0128,0.385,1,0.017716715271177245
-114.7219,45.0336,0.34,1,0.00018439088914889613
-114.7206,45.0408,0.38,1,0.003156263613833427
-115.0203,45.1578,0.53,1,0.0034546924609877953
-115.0308,45.1403,0.38,1,0.004174553868374898
-115.0564,45.1433,0.34282771535580525,1,0.003763628568280319
-115.0764,45.1511,0.4,1,0.00857163344993303
-115.0922,45.1472,0.37,1,0.004736243236995342
-115.1267,45.1636,0.395,1,0.0033031197374612086
-115.7583,45.7958,0.33,1,0.03966803499040205
-115.7897,45.8064,0.34,1,0.006534294147043731
-115.8089,45.8128,0.33,1,0.01371513762234339
-115.1172,45.0189,0.47,1,0.005216981886110577
-115.1189,45.0189,0.34,1,0.003913681131620234
-115.1167,45.0314,0.36,1,0.010773434921138686
-115.1122,45.0403,0.32,1,0.011024014695194519
-115.1144,45.0386,0.365,1,0.010777332694123887
-115.1186,45.0586,0.445,1,0.0060386173914205275
-115.1175,45.0619,0.355,1,0.002562596339649087
-115.1147,45.0617,0.35,1,0.0031747283348326906
-115.12,45.0819,0.435,1,0.011593532679903252
-115.1267,45.0858,0.45,1,0.0042616898057011654
-115.1364,45.0919,0.3736124401913875,1,0.003892813892281414
-115.1422,45.0931,0.35,1,0.0006228964600976397
-115.1561,45.0967,0.39,1,0.014028328482027676
-115.1547,45.0981,0.405,1,0.013203711599394465
-115.1722,45.1172,0.39,1,0.03791557199886106
-115.1672,45.1339,0.425,1,0.020752301077230327
-115.6181,45.1067,0.325,1,0.04514582815720487
-115.6289,45.0972,0.455,1,0.033579961286460194
-115.6292,45.0908,0.31,1,0.027181938856531085
-115.5281,45.2969,0.4645619335347432,1,0.05159800189929459
-115.5108,45.1467,0.395,1,0.06666208292575528
-115.5031,45.1528,0.435,1,0.062384078898393355
-114.7219,45.0508,0.455,1,0.0020084820138552193
-115.6556,45.8097,0.31,1,0.011049131187565212
-115.4239,45.8639,0.4,1,0.0028991895419283784
-115.4233,45.8647,0.32,1,0.003485584599462233
-115.4211,45.8644,0.46,1,0.003506180257780493
-115.4136,45.8494,0.285,1,0.0032411880537898483
-115.4017,45.8428,0.375,1,0.0024085887984348713
-115.4158,45.8556,0.33,1,0.008915340711373773
-115.4706,45.8253,0.35,1,0.004133920657195295
-115.4531,45.8211,0.375,1,0.013166370038858823
-115.4461,45.8519,0.33,1,0.018910507661087282
-115.3994,45.7944,0.435,1,0.0032207607796930367
-115.3839,45.78,0.365,1,0.005971038435656687
-115.3833,45.7736,0.365,1,0.0028708535316242577
-115.3856,45.7664,0.405,1,0.006393574899850011
-115.3919,45.7536,0.315,1,0.004872966242441094
-115.3983,45.7619,0.36,1,0.008272714185798589
-115.4342,45.7936,0.345,1,0.016939755015941433
-115.4517,45.7919,0.325,1,0.01785724782826211
-115.6811,45.1958,0.435,1,0.015547919474969743
-115.6639,45.1583,0.385,1,0.021129453376742074
-115.6664,45.1589,0.375,1,0.0228882022011267
-115.6586,45.1608,0.375,1,0.015406680369244594
-115.7325,45.2375,0.36,1,0.011632080639331898
-115.7611,45.0094,0.335,1,0.018311357131573357
-115.7675,45.0181,0.36,1,0.012239354558143355
-115.7722,45.0186,0.31,1,0.015306658681757207
-115.7719,45.0169,0.455,1,0.016146634324214943
-115.2481,45.1606,0.395,1,0.005360037313294086
-115.2492,45.1611,0.235,1,0.006243236340232325
-115.2269,45.1603,0.47,1,0.009528063811713712
-115.2219,45.1608,0.43644015554719284,1,0.00790884315182296
-115.2114,45.165,0.3778277153558052,1,0.001809419796513279
-115.2119,45.1672,0.385,1,0.0022004544985101755
-115.2017,45.1697,0.415,1,0.0035975547250871156
-115.16,45.1783,0.405,1,0.004199523782530418
-115.1533,45.1783,0.49,1,0.006038046041566761
-115.1458,45.1767,0.435,1,0.0022986952821099217
-115.0911,45.1914,0.34,1,0.001564608577246624
-115.0797,45.1967,0.38,1,0.003507705802945926
-115.0775,45.1964,0.31,1,0.0041696522636859995
-115.0311,45.1953,0.325,1,0.03803688867402158
-115.03,45.195,0.3,1,0.037543879661002026
-115.0344,45.2,0.4569712793733682,1,0.03659158373177617
-115.4783,45.0192,0.415,1,0.01938375608596373
-115.3719,45.0092,0.415,1,0.03428778208049954
-115.41,45.1069,0.36,1,0.008526781338821478
-115.3497,45.1147,0.41697127937336814,1,0.0024083189157550885
-115.1508,45.3808,0.38,1,0.0379710679333642
-115.1464,45.3794,0.325,1,0.04253085938469409
-115.1253,45.3711,0.365,1,0.06515423240282507
-115.1258,45.3725,0.31,1,0.0641264376057242
-115.0917,45.3831,0.405,1,0.09407649015561996
-115.0514,45.3597,0.4,1,0.05670414446934249
-115.0539,45.3589,0.255,1,0.05688987607650564
-115.1175,45.3097,0.195,1,0.06597602973807969
-115.1172,45.3103,0.4,1,0.06640515416743807
-115.0439,45.2047,0.435,1,0.02776566224674471
-115.0608,45.2131,0.39,1,0.01780365131089111
-115.0686,45.2192,0.31,1,0.02085396844727315
-115.0694,45.2186,0.425,1,0.02018038651760506
-115.0194,45.1575,0.525,1,0.004376402632302357
-115.1069,45.3786,0.33,1,0.0800902740662157
-115.1164,45.3108,0.305,1,0.06730006315005257
-115.1192,45.3119,0.295,1,0.06486284375511218
-115.1522,45.3478,0.385,1,0.03930078879615527
-115.1553,45.3492,0.49,1,0.037458590470010336
-115.2083,45.4442,0.40282771535580525,1,0.051782506698685137
-115.2097,45.4419,0.38782771535580524,1,0.05013822892763249
-115.3889,45.0706,0.345,1,0.018545619428854614
-115.3886,45.0714,0.375,1,0.01938808912708797
-115.3636,45.0692,0.395,1,0.020938194764591994
-115.3642,45.0697,0.44,1,0.02118740191717191
-115.3383,45.0814,0.43,1,0.0067296359485405684
-115.3361,45.0817,0.4,1,0.008689879170611788
-115.3489,45.0781,0.39,1,0.0037825917041075215
-115.3228,45.1006,0.385,1,0.00798811617341531
-115.3278,45.1183,0.365,1,0.01533518829359108
-115.3281,45.1178,0.35,1,0.014793647285236602
-115.3228,45.1133,0.365,1,0.01263202279921872
-115.3178,45.1378,0.36144015554719283,1,0.004593147069276876
-115.3122,45.14,0.43,1,0.00232422029936678
-115.3114,45.1397,0.38,1,0.002125088233456029
-115.2969,45.1528,0.385,1,0.013619765049377444
-115.2972,45.1519,0.425,1,0.013493183464252734
-115.3147,45.1681,0.395,1,0.00601132264979959
-115.3447,45.1903,0.485,1,0.0032437632466023074
-115.3461,45.1883,0.37,1,0.005567225520855277
-115.3511,45.1978,0.4,1,0.004706166167912074
-115.3522,45.1978,0.455,1,0.005736375162062863
-115.3789,45.1147,0.425,1,0.0051613951602292405
-115.3908,45.1158,0.44,1,0.0068495255310073435
-115.4147,45.105,0.335,1,0.00862415213223774
-115.4075,45.0989,0.42,1,0.0025369272752711345
-115.9436,45.3328,0.36,1,0.02321674611137037
-115.9392,45.3217,0.345,1,0.011336899928989508
-115.9242,45.3083,0.31,1,0.01260481257298888
-115.9272,45.3094,0.32,1,0.009465585032112365
-115.9322,45.3008,0.32,1,0.010798208184698574
-115.9264,45.2981,0.31,1,0.01617520633562998
-115.91,45.2806,0.365,1,0.04013354332725488
-115.9125,45.2767,0.46,1,0.04163901175581413
-115.9144,45.2675,0.41,1,0.04389910363549381
-115.9069,45.2644,0.335,1,0.037209209881423365
-115.0,45.1328,0.45,1,0.0038111546806667927
-114.9956,45.1336,0.395,1,0.0038975505128219195
-114.9789,45.1306,0.375,1,0.01890742975658256
-114.9781,45.1317,0.39,1,0.019304530556323578
-114.9592,45.1297,0.39,1,0.021554092418833014
-114.965,45.1725,0.315,1,0.014374453033070049
-114.9639,45.1722,0.315,1,0.014020802402140117
-114.9553,45.1328,0.34,1,0.017997580392920216
-114.9222,45.1767,0.24,1,0.04549058034362602
-114.9228,45.1769,0.325,1,0.045026002487460914
-114.9292,45.1456,0.305,1,0.01837783719593218
-114.9278,45.145,0.31,1,0.018551035011558175
-114.9319,45.1342,0.425,1,0.007567621819307282
-114.9325,45.1228,0.355,1,0.008277251959439689
-114.9153,45.1203,0.36,1,0.024086570947317365
-114.8606,45.1044,0.37,1,0.0162168091806068
-114.8503,45.0789,0.525,1,0.023882522898559824
-114.8511,45.0794,0.305,1,0.023606882471010608
-114.85,45.1014,0.33,1,0.005492258187663978
-114.8486,45.1056,0.32,1,0.005365901601787468
-115.1894,45.3664,0.41,1,0.004544007042240039
-115.5586,45.87,0.31,1,0.023641685642103442
-115.5397,45.8822,0.36898066783831285,1,0.016078410991134627
-115.5228,45.9981,0.335,1,0.0963551000207035
-115.5239,45.9983,0.36,1,0.09687358411868191
-115.5161,45.9592,0.315,1,0.05741553187073787
-115.6044,45.8278,0.27,1,0.0076218960895595
-115.5472,45.9675,0.45,1,0.07132853075733951
-115.5933,45.9753,0.31,1,0.05345934249502328
-115.5736,45.9717,0.325,1,0.05700515152160045
-115.5725,45.9714,0.34,1,0.05731880406987472
-115.5958,45.925,0.315,1,0.007263835075229488
-115.5953,45.9242,0.335,1,0.007536929082868148
-115.6225,45.8908,0.36,1,0.009725703059419197
-115.6158,45.8811,0.3,1,0.021505796892932562
-115.6178,45.8653,0.315,1,0.017945342014006434
-115.6139,45.8633,0.325,1,0.01472200054341245
-115.6161,45.8489,0.355,1,0.018369248759817415
-115.6072,45.7903,0.33,1,0.017083655931914382
-115.6136,45.83,0.315,1,0.012230588702098946
-114.7247,45.0572,0.33,1,0.004061773011871068
-114.7258,45.0675,0.395,1,0.0043048809507356695
-114.725,45.0778,0.38,1,0.010580737214397699
-114.7286,45.0925,0.325,1,0.022387541178073272
-114.7281,45.0919,0.335,1,0.021895844354580484
-114.6792,45.1233,0.275,1,0.06908973874607062
-114.6753,45.1236,0.325,1,0.07015209191463953
-114.6683,45.1161,0.39,1,0.061671452066577835
-114.6706,45.12,0.42,1,0.06544814741456693
-114.7625,45.0969,0.33,1,0.025920493822455717
-114.775,45.1014,0.415,1,0.03294923367849766
-114.7833,45.1075,0.415,1,0.024051297262314635
-114.7917,45.1069,0.455,1,0.017325152235979885
-114.8061,45.1078,0.3,1,0.010454994022002104
-114.8197,45.1039,0.33,1,0.007062499557529082
-115.0019,45.3567,0.38,1,0.05823856110859486
-115.0039,45.3558,0.32,1,0.05645957846105816
-115.0222,45.3347,0.335,1,0.02963686893044014
-115.0214,45.3306,0.15,1,0.02608037576416391
-115.0211,45.3164,0.325,1,0.014347264547640645
-115.0153,45.3206,0.675,1,0.02146969957871197
-115.0253,45.3164,0.315,1,0.011645600027480907
-114.8275,45.1011,0.525,1,0.0024953757232071675
-114.8483,45.1042,0.41,1,0.004307772045961291
-115.8753,45.8272,0.485,1,0.026847737334837748
-115.195,45.4294,0.4278277153558052,1,0.03291932563099688
-115.1936,45.4264,0.36,1,0.029632583417579978
-115.1931,45.3986,0.335,1,0.008550321631373745
-115.1914,45.3983,0.4,1,0.006841052550591597
-115.2056,45.3836,0.325,1,0.008618700598117765
-115.2489,45.3553,0.345,1,0.011437049444674547
-115.2478,45.3558,0.32,1,0.011204824853603634
-115.2247,45.3606,0.32,1,0.02692564019666735
-115.2061,45.3717,0.305,1,0.012978289563736653
-115.2072,45.3733,0.31,1,0.014567704005782082
-115.8819,45.7761,0.43,1,0.07659332216323166
-115.8839,45.7747,0.4,1,0.07797007759390831
-115.8914,45.7739,0.445,1,0.07684475909260173
-115.8917,45.7747,0.435,1,0.07599500641489262
-115.8969,45.775,0.42,1,0.07340327649362498
-115.8764,45.7819,0.425,1,0.07115479604355882
-115.8839,45.8056,0.395,1,0.0470701285318032
-115.8856,45.8053,0.34,1,0.047404567290505316
-115.8869,45.805,0.38,1,0.04777134078085208
-115.8525,45.6639,0.48565543071161055,0,0.15494261195681447
-115.8536,45.6639,0.41565543071161054,0,0.15534717570654216
-115.8617,45.6689,0.40282771535580525,0,0.15399330180237836
-115.8689,45.6592,0.435,0,0.16585514462927747
-115.8886,45.6675,0.4,0,0.16841811363389272
-114.9417,45.2828,0.39,1,0.006919024497713052
-114.9422,45.2814,0.36,1,0.006251151893845473
-114.905,45.2794,0.39,1,0.04349065301877383
-114.9028,45.2819,0.37,1,0.04565421010158349
-114.8747,45.3167,0.29,1,0.08181466188891896
-114.8822,45.3175,0.32,1,0.07550464157917418
-114.8842,45.3164,0.365,1,0.07322210663452859
-114.8733,45.3189,0.47,1,0.08404038850456848
-114.8722,45.3211,0.265,1,0.08602147929440648
-114.8647,45.3189,0.285,1,0.08478718594221091
-114.85,45.3325,0.32,1,0.08466989370490137
-114.8458,45.3344,0.405,1,0.08383446129128246
-114.8269,45.3256,0.42,1,0.06702122723435931
-114.8228,45.3239,0.395,1,0.063884637433424
-114.9425,45.305,0.41,1,0.024454874769662075
-114.9517,45.3492,0.325,1,0.06799771246152456
-114.9528,45.3492,0.32,1,0.0680591573559366
-114.9333,45.3572,0.34,1,0.07741685152471131
-114.945,45.2856,0.4278277153558052,1,0.005528553156116414
-115.0281,45.3003,0.375,1,0.007170076708096417
-115.0286,45.29,0.325,1,0.016842149506518755
-115.0292,45.2839,0.28,1,0.022802456008064357
-115.0297,45.2836,0.32,1,0.023055151268205402
-115.0361,45.2911,0.325,1,0.01613201785270359
-115.0367,45.2917,0.385,1,0.015742744360495487
-115.1681,45.1344,0.41065543071161054,1,0.02049999999999784
-115.1631,45.1392,0.32,1,0.014898389174670219
-115.13,45.1597,0.405,1,0.0016401219466821533
-115.1947,45.1722,0.51,1,0.0026660832695231756
-115.2425,45.1636,0.365,1,0.000170293863657824
-115.2714,45.1581,0.37,1,0.011467693752450358
-115.3231,45.1286,0.45,1,0.0071535305968468185
-115.7131,45.9017,0.33,1,0.0018113530853951995
-115.7217,45.9231,0.5,1,0.023734721401352344
-115.6764,45.9297,0.345,1,0.029666631086118698
-115.6764,45.9308,0.36,1,0.030474333462766758
-115.6275,45.8967,0.345,1,0.0020231905496019553
-115.6264,45.8844,0.32,1,0.014222914609884818
-115.6425,45.8381,0.33,1,0.010152896138540892
-115.6475,45.8469,0.31,1,0.002830070670488853
-115.6264,45.8275,0.3,1,0.009673742812373732
-115.6322,45.8244,0.325,1,0.011287041242064722
-115.6311,45.8144,0.345,1,0.014023597969147398
-115.6486,45.8128,0.34,1,0.00970563238536936
-115.6778,45.8389,0.31,1,0.006261565299519521
-115.6942,45.8072,0.35,1,0.002125323504781104
-115.7358,45.7983,0.355,1,0.04395002844139807
-115.7022,45.8033,0.31,1,0.010699205577987717
-115.6922,45.8028,0.36,1,0.00580183591633056
-115.6822,45.8061,0.31,1,0.0030468508332358447
-115.9336,45.7831,0.41,1,0.04772296093077667
-115.9381,45.8183,0.2589806678383128,1,0.01479976351161885
-115.9317,45.8297,0.295,1,0.011309686114115092
-115.9636,45.7981,0.4,1,0.02617909471314913
-115.9586,45.7953,0.3789806678383128,1,0.02952349911511296
-115.9803,45.8008,0.325,1,0.028410579015564517
-115.9436,45.8247,0.305,1,0.006664608015481138
-115.9425,45.8308,0.3139806678383128,1,0.0015814550262280677
-115.9669,45.8325,0.415,1,0.008633944637303619
-115.99,45.8381,0.31,1,0.008867525021105261
-115.9822,45.8342,0.4039806678383128,1,0.002903962809678723
-115.9781,45.8333,0.29398066783831284,1,0.005892113372977681
-115.9711,45.8294,0.33317511228275726,1,0.0085260190006845
-115.9261,45.8306,0.34,1,0.012076961538401727
-115.9183,45.8811,0.31,1,0.03913408999836868
-115.9222,45.8908,0.4689806678383128,1,0.04825636745549792
-115.9189,45.9119,0.375,1,0.06885423008065047
-115.9089,45.9108,0.425,1,0.06332147345095279
-115.8261,45.9372,0.44,1,0.1023399091264003
-115.8258,45.9364,0.37,1,0.10185064064599547
-115.8483,45.9444,0.365,1,0.09835615384916392
-115.8717,45.9136,0.285,1,0.062117895972094044
-115.8269,45.8992,0.46,1,0.07349498622355713
-115.8889,45.9228,0.385,1,0.07031592280557702
-115.89,45.9236,0.375,1,0.07120132723481726
-115.9036,45.9011,0.29,1,0.0523249558050395
-115.8875,45.9047,0.285,1,0.052162103101767825
-115.8875,45.9056,0.35,1,0.053059862419719876
-115.9033,45.8594,0.505,1,0.020638144296419705
-115.8783,45.8275,0.34,1,0.025761774007242562
-115.9697,45.9522,0.40288031109438566,1,0.0453216603844068
-115.9575,45.9597,0.505,1,0.05960816135396272
-115.9297,45.9533,0.375,1,0.08149888894948171
-115.9094,45.9636,0.405,1,0.10413216073816206
-115.9156,45.9692,0.34419444444444447,1,0.1006916227895846
-115.88,45.9783,0.45585270279461754,1,0.12568715527053087
-115.8519,45.9786,0.415,1,0.12990510767479257
-115.8283,45.9944,0.49,1,0.14923691567436795
-115.7833,45.9678,0.6,1,0.09770056806384758
-115.7825,45.9678,0.345,1,0.09711243483714531
-115.7936,45.9831,0.38,1,0.11571302865277953
-115.8031,45.9833,0.335,1,0.12278524748518961
-115.8803,45.9883,0.41,1,0.1356748945088948
-115.9617,45.9778,0.37463609854992336,1,0.0676848794044926
-115.9606,45.99,0.34,1,0.07718085837822791
-115.9211,45.9969,0.485,1,0.11118131542664884
-115.9667,45.9914,0.445,1,0.074404696760348
-115.8886,45.8233,0.32,1,0.029761266774113126
-115.9989,45.9144,0.31,1,0.013315588608836422
-115.8375,45.6756,0.455,1,0.1389168276343749
-115.81,45.8114,0.39,1,0.014377517170916
-115.8175,45.8172,0.36,1,0.023328544746719884
-115.8072,45.8344,0.38,1,0.028525024101656474
-115.8231,45.8461,0.43,1,0.04662228008152172
-115.8556,45.8608,0.325,1,0.02933893317761278
-115.8547,45.8606,0.4,1,0.030151500791843495
-115.8072,45.87,0.34,1,0.06283799010152907
-115.8031,45.8675,0.345,1,0.059754506106236796
-115.8025,45.8567,0.35,1,0.04896469136020203
-115.8056,45.8475,0.335,1,0.04048704731145352
-115.8261,45.82,0.43,1,0.03235059504861824
-115.8564,45.8336,0.425,1,0.03337479587953838
-115.8583,45.8336,0.37,1,0.031834022680152944
-115.8594,45.8219,0.28,1,0.03926404207415203
-115.8356,45.8169,0.33,1,0.04056063362423833
-115.7764,45.7942,0.36,1,0.0240609434561558
-115.7628,45.7947,0.33,1,0.0358192266806566
-115.5247,45.7408,0.355,1,0.004241851011046035
-115.5456,45.7172,0.35,1,0.009321550300233431
-115.5378,45.7136,0.325,1,0.004064886222272405
-115.5361,45.7014,0.285,1,0.005823512685657515
-115.5519,45.6961,0.32,1,0.015305727686063185
-115.5467,45.6942,0.36,1,0.01280244117346223
-115.5647,45.6914,0.31,1,0.018798491960789823
-115.5622,45.6886,0.31,1,0.02252787828446815
-115.5736,45.6678,0.355,1,0.03900447794805639
-115.5711,45.6858,0.355,1,0.021500309300101307
-115.5428,45.6742,0.38,1,0.008837493988687162
-115.5139,45.6264,0.37,1,0.0027164867015991735
-115.5144,45.6222,0.35,1,0.0015802847844623188
-115.5125,45.6217,0.34,1,0.0029345016612675255
-115.5506,45.6078,0.19,1,0.007881072262072044
-115.5117,45.61,0.455,1,0.014067952942769288
-115.5269,45.5792,0.34,1,0.011918695398405824
-115.5286,45.5556,0.435,1,0.005837747853418506
-115.5053,45.5197,0.34,1,0.007998112277281645
-115.5153,45.7469,0.415,1,0.007171004113796091
-115.6556,45.6336,0.2828277153558052,1,0.01919102133811612
-115.6483,45.6403,0.42065543071161055,1,0.009391767671741541
-115.6319,45.6403,0.43,1,0.01339362908251673
-115.6578,45.6586,0.455,1,0.018319478704364452
-115.6761,45.6825,0.44,1,0.04475870083011315
-115.6947,45.6861,0.37,1,0.049513041716298146
-115.6883,45.6942,0.415,1,0.05635247377001196
-115.6917,45.69,0.4345619335347432,1,0.052679078389806344
-115.7019,45.6861,0.44,1,0.05179024328963574
-115.2814,45.7039,0.44,1,0.05618029280806284
-115.2617,45.7328,0.425,1,0.04599668792423758
-115.2675,45.7367,0.44,1,0.03908592201803668
-115.2597,45.745,0.36,1,0.040706551069825014
-115.6344,45.9078,0.3,1,0.004862848959201342
-115.6381,45.9097,0.29,1,0.008843602207240593
-115.6342,45.9106,0.335,1,0.0071531321810857145
-115.6728,45.9511,0.385,1,0.011507606180262208
-115.6731,45.95,0.52,1,0.012640609162534878
-115.675,45.9414,0.35,1,0.02138497135840685
-115.6481,45.9286,0.3128277153558052,1,0.007302670744326214
-115.6403,45.9297,0.375,1,0.006876118090895358
-115.6394,45.9306,0.335,1,0.007407901187242208
-115.6442,45.9547,0.33,1,0.025298003873830775
-115.6458,45.9547,0.35,1,0.02376596305644906
-115.6275,45.9328,0.315,1,0.013596359806946302
-115.6289,45.9333,0.3,1,0.012988802870162013
-115.4406,45.8806,0.315,1,0.011894591207762928
-115.4314,45.9022,0.29,1,0.009740600597496554
-115.43,45.9019,0.32,1,0.010273037525472949
-115.4225,45.9139,0.335,1,0.00310922820005254
-115.4122,45.9228,0.32,1,0.010503775511694135
-115.4111,45.9228,0.335,1,0.011362011265614987
-115.425,45.8917,0.365,1,0.01146836082445952
-115.4753,45.8944,0.335,1,0.010003964214245924
-115.4692,45.9217,0.38,1,0.029859291686171154
-115.4686,45.9233,0.335,1,0.031229622155895642
-115.4675,45.9231,0.375,1,0.03204314747336323
-115.4689,45.9144,0.34,1,0.024590715727686917
-115.5825,45.8297,0.395,1,0.014384411701560476
-115.5811,45.8306,0.365,1,0.01589903456187315
-115.5792,45.8308,0.35,1,0.017806327527029556
-115.5733,45.83,0.335,1,0.023567590033765084
-115.5558,45.8297,0.285,1,0.012679798894302548
-115.5253,45.8247,0.355,1,0.00567824796922323
-115.5292,45.8239,0.335,1,0.002945929394947399
-115.5408,45.7897,0.315,1,0.017204978930523026
-115.5556,45.7897,0.365,1,0.003079496712123533
-115.5572,45.7833,0.35,1,0.008497252497133905
-115.5486,45.7667,0.295,1,0.026732439095601572
-115.5008,45.8283,0.37,1,0.011539467058748943
-115.9444,45.7578,0.395,1,0.06938207981892394
-115.9464,45.7578,0.425,1,0.06883540513427436
-115.9764,45.7231,0.515,1,0.10189220284201857
-115.9783,45.7225,0.34,1,0.10272980580143408
-115.9889,45.7039,0.425,1,0.12286003825491863
-115.9992,45.6942,0.4836124401913876,1,0.13467335668200597
-115.9792,45.6336,0.365,1,0.1073741542457947
-115.9433,45.6214,0.35,1,0.11223452677318571
-115.8847,45.5953,0.46282771535580525,1,0.1354450977333682
-115.8658,45.5872,0.3478277153558052,1,0.14756453672885797
-115.9258,45.5906,0.37,1,0.10062854714245499
-115.9292,45.6139,0.3078277153558052,1,0.11551180459156953
-115.9575,45.6389,0.47,1,0.12007744584225685
-115.4658,45.7958,0.43,1,0.004483224286157102
-115.4728,45.8028,0.32,1,0.001810331461361762
-115.4814,45.7847,0.37,1,0.0027799640285403543
-115.4828,45.7853,0.39,1,0.0035474215988492625
-115.6542,45.7911,0.385,1,0.003184226750721993
-115.6517,45.7897,0.385,1,0.0027028318482615623
-115.6414,45.7644,0.345,1,0.012370582039658875
-115.6403,45.7617,0.315,1,0.01510183101481543
-115.6561,45.73,0.42,1,0.04906185177915948
-115.655,45.7303,0.335,1,0.04845306285468561
-115.6578,45.7361,0.335,1,0.04389714455405825
-115.6569,45.7431,0.32,1,0.0371167522824937
-115.6578,45.7544,0.37,1,0.027808763007370448
-115.6578,45.7533,0.315,1,0.028701067924378924
-115.6586,45.7644,0.325,1,0.02107943547631853
-115.6625,45.7647,0.34,1,0.020974205586868425
-115.7292,45.7153,0.485,1,0.0902802486704568
-115.7269,45.7147,0.42,1,0.08858772657653688
-115.72,45.7433,0.36,1,0.06996022655766918
-115.7078,45.7558,0.37,1,0.05338263107041783
-114.7089,45.3883,0.405,1,0.024316531413838625
-114.7317,45.3969,0.4978277153558052,1,0.0012432618388751098
-114.7461,45.3944,0.3594324853228963,1,0.014100982235285917
-114.7694,45.3914,0.325,1,0.03758791960191546
-114.7831,45.3903,0.315,1,0.05132591645552973
-114.7831,45.3911,0.325,1,0.05124776775626465
-114.7914,45.3906,0.29,1,0.05955961467302352
-114.8022,45.3936,0.41,1,0.052545760057311194
-114.8169,45.3953,0.36,1,0.03951246512178223
-114.83,45.4025,0.365,1,0.024986054110244328
-114.84,45.4106,0.35,1,0.012314093551696994
-114.8419,45.4106,0.38,1,0.011283479073407427
-114.8558,45.4161,0.285,1,0.009517715061920923
-114.8675,45.4214,0.34,1,0.006386305661332775
-114.8733,45.4183,0.335,1,0.0007942921376922766
-114.8789,45.4219,0.31,1,0.005951209961006549
-114.8844,45.4264,0.325,1,0.004641863849794165
-114.8922,45.4356,0.3,1,0.015652951798306527
-114.9144,45.4492,0.31,1,0.007392516486282702
-114.9197,45.4492,0.365,1,0.0021239821091438545
-114.9319,45.4544,0.405,1,0.01158064333273294
-114.9617,45.4722,0.3,1,0.027790789841242593
-114.9622,45.4736,0.39,1,0.026667470821209894
-114.9736,45.4875,0.475,1,0.012121551055858163
-114.9972,45.4978,0.35,1,0.009851801865655242
-115.0058,45.5033,0.34,1,0.020027381256668857
-115.0236,45.5086,0.285,1,0.029085597810601698
-115.0258,45.5064,0.345,1,0.02687787193957057
-115.0425,45.5125,0.465,1,0.011377170122663777
-115.0414,45.5106,0.35,1,0.01171136200448752
-115.9033,45.6725,0.435,0,0.16232137567184582
-115.9044,45.6778,0.385,0,0.15692752785920494
-115.9572,45.6733,0.5,0,0.15113639204374424
-115.2342,45.7597,0.29,1,0.06188555000967073
-115.2378,45.7619,0.325,1,0.05819145383989374
-115.2181,45.7772,0.38282771535580523,1,0.07906943341139129
-115.2072,45.7786,0.31,1,0.09004847194705355
-115.2075,45.7775,0.35,1,0.08957399901757332
-115.2075,45.7856,0.24,1,0.09119339504591444
-115.1978,45.7878,0.28,1,0.1011375859905655
-115.195,45.7794,0.355,1,0.10221735322341703
-115.1914,45.7806,0.355,1,0.10596215975525877
-115.1378,45.7736,0.38,0,0.15849341721345872
-115.1372,45.7744,0.465,0,0.15914508883404713
-115.1267,45.775,0.315,0,0.16966155516203146
-115.3069,45.8092,0.38,1,0.0020074361758182116
-115.2428,45.7778,0.33,1,0.055064610231975154
-115.2439,45.7775,0.395,1,0.053924440655421846
-114.6892,45.3706,0.545,1,0.005207388981059351
-115.2553,45.7561,0.415,1,0.0413341662550399
-115.2561,45.7569,0.35,1,0.040409321944317116
-115.3217,45.7997,0.325,1,0.0038086480540940357
-115.3219,45.8033,0.395,1,0.003848869964027687
-115.3336,45.7986,0.295,1,0.0068846060163253
-115.3667,45.7886,0.37,1,0.006200790272214769
-115.355,45.8222,0.38,1,0.025206066730055297
-115.3361,45.8189,0.36,1,0.011806176349696539
-115.3619,45.8647,0.295,1,0.04735708289156856
-115.3611,45.8642,0.35,1,0.04784915150762695
-115.3639,45.8603,0.34,1,0.04367916322457929
-115.1961,45.8792,0.335,1,0.13303105577269678
-115.3575,45.7872,0.355,1,0.0009390420650820869
-115.3578,45.7883,0.4,1,0.002075042168242866
-115.1836,45.8792,0.3787796625674862,1,0.14377156116561762
-115.1683,45.8769,0.4592678709029981,0,0.1562513545541224
-115.1344,45.8742,0.44,0,0.1863473364446053
-115.1358,45.8744,0.35,0,0.18510911863005977
-115.1369,45.8736,0.405,0,0.18379666427876187
-115.1547,45.8694,0.39282771535580524,0,0.1656805051899494
-115.2417,45.8928,0.4128277153558052,1,0.10774940278256938
-115.245,45.9119,0.385,1,0.12150875606308986
-115.2494,45.9186,0.34,1,0.12511360357690815
-115.2781,45.9503,0.365,1,0.14510822788525707
-115.2783,45.9517,0.32,1,0.14630983323071692
-115.2878,45.9631,0.325,1,0.14051939830499913
-115.2867,45.9908,0.29,0,0.15302430950669682
-115.0453,45.705,0.335,0,0.18828857108173216
-115.0617,45.6892,0.295,0,0.168463366937742
-115.0664,45.6897,0.25,0,0.16781621494957233
-115.8258,45.6639,0.43,1,0.145808172953365
-115.8256,45.665,0.475,1,0.14580970921031478
-115.8011,45.665,0.46,1,0.12181149904668157
-115.7889,45.6608,0.495,1,0.10899514346978197
-115.7803,45.6589,0.455,1,0.10018808961148162
-115.7814,45.6583,0.46,1,0.1011434194596941
-115.8294,45.6681,0.39,1,0.14399942013771672
-115.8361,45.6772,0.41,1,0.13697427860733308
-115.8075,45.6931,0.455,1,0.11564421732191825
-115.7983,45.7094,0.42,1,0.09879700906403456
-115.7992,45.7103,0.43,1,0.09792262761997372
-115.8089,45.7231,0.375,1,0.08604401780483553
-115.7739,45.7278,0.35,1,0.08335049489954717
-115.3053,45.53,0.34,1,0.0071973119982339405
-115.3228,45.5172,0.44,1,0.014492387656976255
-115.3228,45.515,0.395,1,0.015921724152870402
-115.3228,45.5103,0.44,1,0.019462869778119927
-115.3247,45.5064,0.32,1,0.023743236931814533
-115.3372,45.4914,0.38,1,0.004916635028150881
-115.3458,45.4864,0.335,1,0.007632122902566006
-115.3528,45.4825,0.33,1,0.0004464302857199571
-115.3722,45.4753,0.28,1,0.01711354142191615
-114.5433,45.6981,0.38,1,0.07499243961893727
-114.5422,45.6767,0.355,1,0.08280910577949198
-115.4608,45.43,0.36,1,0.008460715099800514
-115.4647,45.4183,0.31,1,0.001983380951815688
-115.4658,45.4169,0.34,1,0.0003546829570171551
-114.5411,45.6778,0.42697127937336815,1,0.08129772444539804
-114.5444,45.6772,0.425,1,0.08444028659353972
-114.5586,45.6928,0.42197127937336815,1,0.09117439333496669
-115.2689,45.5403,0.335,1,0.004354227830515037
-115.2725,45.5403,0.345,1,0.007428007808284261
-115.2997,45.5322,0.425,1,0.004424624277835372
-115.3117,45.5389,0.415,1,0.012927153592343412
-115.3217,45.5689,0.475,1,0.042894000746031904
-115.3236,45.5708,0.4091211796114,1,0.045555518875325336
-115.3119,45.5736,0.385,1,0.042146474348395635
-115.3083,45.5792,0.33,1,0.046292259612167444
-115.3039,45.5908,0.42,1,0.05677652067536717
-115.3028,45.6,0.44,1,0.06577556765243854
-115.3247,45.6103,0.315,1,0.05708785597655639
-115.3164,45.615,0.415,1,0.05458784938061039
-115.3181,45.6164,0.33,1,0.05272097590144303
-115.3225,45.6169,0.32,1,0.051055218146631984
-115.4911,45.395,0.4,1,0.010970223334104292
-115.495,45.3908,0.43,1,0.010141291830918305
-114.52,45.7097,0.375,1,0.049517714002155704
-114.5225,45.7097,0.3528277153558052,1,0.05196685482111663
-114.5258,45.6972,0.36,1,0.05880926797707974
-114.5325,45.6978,0.325,1,0.06483554580628918
-115.2969,45.7483,0.325,1,0.012623759344988014
-115.3036,45.7406,0.36,1,0.013344485752545154
-115.3033,45.7383,0.385,1,0.015570012845207697
-115.3281,45.7206,0.285,1,0.03719805505668743
-115.3156,45.7483,0.41,1,0.00769761651422365
-115.2572,45.7339,0.41,1,0.0487656569729162
-115.3381,45.6978,0.345,1,0.03145405061355055
-115.3444,45.6739,0.315,1,0.01249797183545346
-115.3425,45.6722,0.3,1,0.009965806540360082
-115.3411,45.6722,0.42,1,0.00884495901628935
-115.3386,45.6467,0.38,1,0.020346088076089404
-115.3619,45.6722,0.33,1,0.028195767412858928
-115.3522,45.715,0.335,1,0.03325173378938149
-115.3653,45.6961,0.335,1,0.02602632897662753
-115.36,45.6981,0.34,1,0.029256141235643813
-115.3672,45.7156,0.365,1,0.01840472222012371
-115.2058,45.6861,0.32282771535580523,1,0.11882042459106004
-115.1514,45.695,0.33,1,0.13723653777329253
-115.0289,45.7214,0.31,0,0.20927553607625315
-115.0411,45.7181,0.35,0,0.20204475741775818
-115.0372,45.7244,0.315,0,0.20925798431601655
-115.0367,45.7258,0.32,0,0.2107444186686833
-115.0269,45.7339,0.33,0,0.22166898745652439
-115.0217,45.7425,0.305,0,0.23155316452167465
-115.0231,45.7419,0.315,0,0.23049450318825757
-115.0192,45.7397,0.35,0,0.22985740362233528
-115.0186,45.7414,0.33,0,0.23165866269146837
-115.0303,45.7294,0.34,0,0.2162690037892642
-115.23,45.6942,0.32,1,0.09566482791496021
-115.5158,45.3528,0.445,1,0.0033140006034971053
-115.5006,45.3356,0.3178277153558053,1,0.020488186840219955
-115.4978,45.3331,0.41361244019138754,1,0.024220194053722128
-115.5203,45.3569,0.51,1,0.0011381124724738853
-115.5181,45.3447,0.43,1,0.0027679956647326596
-115.5094,45.365,0.34282771535580525,1,0.005075283243323566
-115.5322,45.43,0.425,1,0.04971589081974172
-115.5419,45.4419,0.3628277153558052,1,0.05638832591946288
-115.5647,45.4683,0.37,1,0.04883549221620778
-115.5167,45.5064,0.385,1,0.023823219765597394
-115.5089,45.5267,0.32,1,0.0030863894763879544
-115.5031,45.5331,0.395,1,0.006141807551525467
-115.4586,45.5506,0.375,1,0.006011871588784821
-115.4372,45.6142,0.35,1,0.028554050500757953
-115.4514,45.6197,0.305,1,0.02814472952437498
-115.6669,45.6247,0.505,1,0.007243983710635687
-115.6872,45.6136,0.47,1,0.004277066751879022
-115.6739,45.6044,0.43,1,0.002906423919520155
-115.6725,45.5744,0.34282771535580525,1,0.004137064176448722
-115.6825,45.5817,0.34282771535580525,1,0.0065790044839661764
-115.6294,45.6294,0.49,1,0.022946792804228257
-115.6208,45.6183,0.38,1,0.03698425746179432
-115.615,45.6117,0.385,1,0.04574721084394881
-115.6228,45.61,0.38282771535580523,1,0.04295261691678861
-115.6111,45.595,0.375,1,0.05412386996509934
-115.6172,45.585,0.43197127937336816,1,0.045183086437299375
-115.6097,45.5658,0.33,1,0.04136294597825622
-115.6078,45.5625,0.29,1,0.037595735130459364
-115.6,45.5583,0.42,1,0.029641783009795895
-115.5969,45.5472,0.365,1,0.01887075250221641
-115.5833,45.5369,0.375,1,0.0038565917595796916
-115.5744,45.5136,0.415,1,0.021922575122468053
-115.5453,45.5139,0.32,1,0.041670874720833966
-115.3828,45.6044,0.305,1,0.014434050020693794
-115.3833,45.6056,0.32,1,0.01380412257261653
-115.4169,45.6306,0.31,1,0.031155574140113617
-115.4172,45.6308,0.3,1,0.03150094919204695
-115.4094,45.6433,0.315,1,0.038744313131097836
-115.4125,45.6581,0.36,1,0.05251968964112075
-115.4125,45.6586,0.35,1,0.05203266089678102
-115.4203,45.6958,0.395,1,0.02380709558093227
-115.4169,45.6919,0.405,1,0.02377245885472859
-115.3939,45.6872,0.34,1,0.023085012453971373
-115.3817,45.6794,0.32,1,0.03347180604628482
-115.3753,45.6853,0.325,1,0.029163706897447718
-115.9633,45.6478,0.325,1,0.12594861253701303
-115.495,45.5372,0.335,1,0.014531407364738307
-115.4833,45.54,0.34,1,0.011455383014115061
-115.4758,45.5397,0.36,1,0.008655506917571209
-115.4322,45.5064,0.485,1,0.015682659213284066
-115.4314,45.5069,0.36,1,0.015170952507997933
-115.4267,45.5244,0.33,1,0.005398685025075262
-115.4422,45.5347,0.47,1,0.009084591350191129
-115.4611,45.5556,0.29,1,0.004347159992454848
-115.4614,45.5697,0.345,1,0.0025087447060226807
-115.4483,45.6,0.335,1,0.010530802438562265
-115.4511,45.5889,0.34,1,0.00473812199083032
-115.4492,45.59,0.325,1,0.005939848482909257
-115.4514,45.5686,0.335,1,0.0076718837321644905
-115.4017,45.6519,0.31,1,0.045565840275364644
-115.39,45.7294,0.36,1,0.0014770917371647438
-115.3989,45.7083,0.35,1,0.0020183656754953223
-115.4,45.7092,0.32,1,0.0006736467917228341
-115.3892,45.7436,0.34,1,0.01267808345137637
-115.4103,45.7497,0.375,1,0.011975383083643005
-115.4681,45.7394,0.35,1,0.009826153876254556
-115.2186,45.8667,0.46,1,0.10733760664371225
-115.2175,45.8661,0.3628277153558052,1,0.10794178894200034
-115.22,45.8572,0.435,1,0.10126562002969873
-115.0683,45.5186,0.53,1,0.007530471432794922
-115.0744,45.5181,0.46,1,0.0023272301132468997
-115.0739,45.5161,0.33,1,0.0014649232061872564
-115.0878,45.5219,0.345,1,0.01377679207943522
-115.1075,45.5297,0.345,1,0.004509988913507601
-115.1106,45.5317,0.39,1,0.00811529420292289
-115.1372,45.54,0.315,1,0.019699847715144488
-115.1508,45.5494,0.42,1,0.007024813164772314
-115.1522,45.5481,0.345,1,0.005120351550435899
-115.1594,45.55,0.325,1,0.005921148537231505
-115.1667,45.5564,0.32,1,0.015472879499301947
-115.1719,45.5614,0.365,1,0.022676551766077465
-115.1919,45.5686,0.345,1,0.005783709882072729
-115.2003,45.5689,0.32,1,0.004915007629696396
-115.1658,45.5861,0.295,1,0.03720652227768428
-115.1636,45.5861,0.375,1,0.039056795823517475
-115.2194,45.5686,0.46282771535580525,1,0.000977394495582712
-115.22,45.5675,0.485,1,0.0009472592042276977
-115.2256,45.5603,0.265,1,0.002875639059410728
-115.2244,45.5608,0.425,1,0.004082560471075798
-115.2228,45.5603,0.37,1,0.005672856423349961
-115.2289,45.5567,0.315,1,0.0038043790557708173
-115.2461,45.5444,0.325,1,0.013665405226338932
-115.2597,45.5383,0.44,1,0.0013510366390260859
-115.3233,45.5014,0.37,1,0.020994030103819176
-115.3253,45.4944,0.315,1,0.015059525224926816
-115.3303,45.4839,0.37,1,0.008313801777776807
-115.3439,45.4831,0.26,1,0.006703976431937304
-115.3486,45.4753,0.375,1,0.0045921345799027034
-115.3833,45.4728,0.31,1,0.006105677685555658
-115.4614,45.4172,0.395,1,0.004316225202656455
-115.4603,45.4158,0.37,1,0.005424923962600384
-115.4681,45.4119,0.38197127937336817,1,0.002844872580620281
-115.5328,45.3875,0.36,1,0.024304028472657096
-115.5664,45.3894,0.445,1,0.030117267472328298
-115.5794,45.395,0.51,1,0.025091149834150915
-115.585,45.3936,0.36,1,0.02152249520850079
-115.5933,45.3967,0.3,1,0.023579690413575233
-115.6097,45.3986,0.345,1,0.031115427041907204
-115.6211,45.4033,0.505,1,0.04204837452268615
-115.6289,45.4072,0.39,1,0.05036544251766727
-115.6275,45.4106,0.37,1,0.05174589645566211
-115.6517,45.4239,0.385,1,0.0388165853727492
-115.6675,45.4325,0.32,1,0.03805516127938988
-115.6644,45.4353,0.36,1,0.03392564369323238
-115.6858,45.44,0.305,1,0.04785809544894269
-115.6964,45.4456,0.34,1,0.051401355040509904
-115.7153,45.4461,0.28,1,0.03262982224898294
-115.7275,45.445,0.455,1,0.020391598760270038
-115.7381,45.4436,0.35,1,0.009701407114434577
-115.7608,45.4472,0.35,1,0.014087274399259433
-115.7644,45.4539,0.295,1,0.0171089830206267
-115.7783,45.465,0.335,1,0.0018919038030554556
-115.7817,45.4653,0.38,1,0.003614318746323148
-115.7864,45.4617,0.325,1,0.007760496118163867
-115.8064,45.4689,0.385,1,0.028208106990720506
-115.81,45.4703,0.495,1,0.03202382394406303
-115.8122,45.4661,0.465,1,0.033548193692066956
-115.8314,45.4656,0.32,1,0.03435562981521696
-115.8444,45.4658,0.34,1,0.029181523263876952
-115.8511,45.4631,0.36,1,0.025730279827467548
-115.8583,45.4586,0.41,1,0.022456520211281864
-115.8789,45.4578,0.36,1,0.02863136916041626
-115.8789,45.4611,0.33,1,0.03156744050442141
-115.8881,45.4606,0.335,1,0.036130476055538464
-115.9436,45.4628,0.315,1,0.012590671149708892
-115.9472,45.4619,0.32,1,0.01349196056916743
-115.9497,45.4611,0.345,1,0.014525322715872068
-115.9414,45.4556,0.295,1,0.005088123426175571
-114.3736,45.4617,0.305,1,0.03036168638267174
-115.3953,45.4725,0.44,1,0.0025869286808934623
-115.4264,45.4594,0.40282771535580525,1,0.01637845536062177
-115.4319,45.4547,0.4669712793733682,1,0.009154332307708932
-115.4442,45.4425,0.41,1,0.004677798627565464
-115.4581,45.4342,0.3028277153558052,1,0.0127631422463278
-115.2183,45.8564,0.3628277153558052,1,0.10238215567177424
-115.2158,45.8822,0.4078277153558052,1,0.11865721132741379
-115.2175,45.8814,0.465,1,0.11682892535668941
-115.2542,45.8778,0.35,1,0.08823000510030539
-115.2375,45.8844,0.435,1,0.10413826290081715
-115.2328,45.8825,0.45,1,0.10607488769732346
-115.2414,45.9003,0.4786124401913876,1,0.11389234302620994
-115.2436,45.8958,0.43,1,0.10896631497852712
-115.2517,45.9408,0.5,1,0.14411181006427048
-115.2628,45.9403,0.315,1,0.13961514889151508
-115.2619,45.9386,0.325,1,0.13831346210691192
-115.2844,45.9556,0.34,1,0.14144520246370604
-115.2847,45.9911,0.325,0,0.15491722725378393
-115.2314,45.7364,0.32,1,0.070018649658504
-115.2161,45.6983,0.315,1,0.10309049083208251
-115.2222,45.705,0.405,1,0.09413778890541127
-115.0714,45.7689,0.41,0,0.22463539636486496
-115.0311,45.7961,0.32,0,0.2668710949128832
-115.0417,45.8825,0.425,0,0.27525764657861984
-115.0378,45.8736,0.3564401555471928,0,0.27107442520459135
-115.1233,45.7269,0.415,0,0.17650219630361222
-115.6114,45.4931,0.59,1,0.010130710735182121
-115.6156,45.4933,0.415,1,0.011196932615675658
-115.6136,45.4897,0.3745619335347432,1,0.007118658581503952
-115.6075,45.4817,0.29,1,0.003987643414342864
-115.6978,45.5681,0.3078277153558052,1,0.013525061922223901
-115.6872,45.5594,0.2878277153558052,1,0.007048212539371362
-115.6931,45.5522,0.32282771535580523,1,0.013054627532037353
-115.6711,45.6178,0.42144015554719283,1,0.0015294770348053255
-114.7622,45.7908,0.325,1,0.07861236543954735
-114.7347,45.7814,0.39,1,0.09354537936210988
-114.7222,45.7767,0.355,1,0.10274555951476119
-114.7119,45.7792,0.36,1,0.10547049824477278
-114.6972,45.7781,0.365,1,0.11468385239431757
-114.6906,45.7792,0.35,1,0.11748622046861075
-114.6886,45.7769,0.325,1,0.12027589118356558
-114.6689,45.7706,0.385,1,0.13329546879020482
-114.6625,45.7658,0.315,1,0.14039009224301147
-114.6611,45.7656,0.355,1,0.14119595603274146
-114.6569,45.7636,0.295,1,0.14490494125461031
-114.6817,45.7753,0.33,1,0.12403154437480465
-114.735,45.78,0.435,1,0.09476083579201248
-114.7725,45.7831,0.285,1,0.08637094418843
-114.7744,45.7533,0.39,1,0.11623136409764802
-114.7719,45.7536,0.355,1,0.11579413629368739
-114.8206,45.6889,0.4878277153558052,0,0.1882436984337105
-114.8297,45.7044,0.515,0,0.17648472455144923
-114.8567,45.7211,0.435,0,0.17333930887136012
-114.8589,45.7208,0.325,0,0.17474578678755606
-114.8581,45.7219,0.36,0,0.17338933069828558
-114.8283,45.6969,0.38,0,0.1830356140208801
-114.7678,45.7231,0.36,1,0.14618369950168963
-114.8097,45.6653,0.505,0,0.2084506752207838
-114.7064,45.5539,0.33,0,0.16025764162747233
-114.71,45.5444,0.385,0,0.1503175295832161
-114.7111,45.5308,0.31,1,0.13670636305600262
-114.7222,45.5019,0.27,1,0.10664678007328511
-114.7208,45.5025,0.43,1,0.1073819896444438
-114.7019,45.5203,0.335,1,0.1281885084553214
-114.6778,45.5278,0.355,1,0.14280026505577434
-114.6783,45.5267,0.285,1,0.14159278830505606
-114.6883,45.5256,0.335,1,0.137063305446788
-114.7006,45.5203,0.355,1,0.12850058248895238
-114.7042,45.5208,0.335,1,0.12815493630758146
-114.7075,45.5283,0.305,1,0.13484547341309056
-114.7106,45.5283,0.195,1,0.13431544847857343
-114.7042,45.5539,0.315,0,0.16062457999944924
-114.7078,45.5622,0.325,0,0.168248232382984
-114.7181,45.5706,0.305,0,0.17544627012279043
-114.7192,45.5797,0.375,0,0.18443887795147912
-114.7211,45.5786,0.31,0,0.18321810418187418
-114.7192,45.5972,0.325,0,0.20189997449232128
-114.7167,45.5972,0.32,0,0.2020746141899074
-114.7131,45.6,0.43,0,0.20516794510839256
-115.0753,45.6822,0.36,0,0.15864171582531825
-115.0744,45.6747,0.275,0,0.1514533657598966
-115.0953,45.6653,0.335,1,0.1348815183781712
-115.1092,45.6456,0.34,1,0.11108117752346718
-115.1219,45.6417,0.305,1,0.10264194074548673
-115.115,45.635,0.365,1,0.09902518871479055
-114.5581,45.6942,0.45095194721168097,1,0.09028895835039076
-114.5789,45.7025,0.31,1,0.10875768478595008
-114.5781,45.7033,0.385,1,0.10784215316841803
-114.5906,45.7056,0.395,1,0.11991331035376307
-114.6011,45.7083,0.42697127937336815,1,0.13007647750458
-114.615,45.7061,0.415,1,0.1441202969744281
-114.6192,45.7033,0.41,1,0.14858792683122246
-114.9644,45.5742,0.355,1,0.0863660234119862
-114.9656,45.5731,0.4637796625674862,1,0.08496818228019076
-114.9658,45.5719,0.315,1,0.08376061126806479
-114.9528,45.5925,0.365,1,0.10740644300972127
-114.9372,45.6069,0.4828277153558052,1,0.12665019542030015
-114.9311,45.6169,0.37,1,0.13828475693293216
-114.9108,45.635,0.33,0,0.1636228407038581
-114.8464,45.6194,0.27782771535580525,0,0.1865388466244976
-114.7506,45.7356,0.405,1,0.13465321384950826
-114.7589,45.7458,0.37,1,0.12372990745975808
-114.76,45.7444,0.35,1,0.12506283220845885
-114.7586,45.7344,0.345,1,0.13512660729849155
-115.6233,45.4731,0.325,1,0.015553047932805689
-115.6197,45.4725,0.29,1,0.01343567266645489
-115.6011,45.48,0.415,1,0.010604400030169046
-115.5906,45.4922,0.5,1,0.02264630874998964
-115.5842,45.5006,0.38,1,0.03231320627854474
-115.5778,45.5094,0.575,1,0.024637436960854638
-115.5553,45.5147,0.39,1,0.03436540848004384
-114.7883,45.9044,0.405,1,0.04119934465498222
-114.7778,45.8981,0.35,1,0.0308621774993218
-114.7642,45.8878,0.415,1,0.018696095849129454
-114.7394,45.9217,0.385,1,0.033445866710254735
-114.7378,45.9225,0.33,1,0.03351850235317438
-114.7389,45.9228,0.43,1,0.03423171044514329
-114.7403,45.9114,0.365,1,0.025124211430412186
-114.7492,45.8997,0.325,1,0.02565872171406535
-114.7397,45.9133,0.535,1,0.026305588759802736
-114.7411,45.9092,0.425,1,0.023962512389144604
-114.7619,45.8844,0.37,1,0.01588187646343958
-114.7594,45.8761,0.28,1,0.010034042056920508
-114.7367,45.8625,0.38,1,0.03081512615584177
-114.7383,45.85,0.33,1,0.03437571817432514
-114.7425,45.8383,0.47,1,0.03934854508111227
-114.7533,45.83,0.385,1,0.04152216275678142
-114.7553,45.8283,0.395,1,0.042552226733748894
-114.7533,45.8261,0.405,1,0.045229238330982545
-114.7319,45.7281,0.25,1,0.14542012240402707
-114.7214,45.7178,0.395,0,0.1581256462437456
-114.7206,45.7144,0.35,0,0.16161237576374465
-114.7219,45.7089,0.275,0,0.16653577393461477
-114.7169,45.7025,0.31,0,0.17407351320635167
-114.7144,45.7028,0.395,0,0.17451979830380493
-114.7175,45.7069,0.365,0,0.16968739493551757
-114.7172,45.7081,0.32,0,0.16862735839714887
-114.7,45.7136,0.22,0,0.16939055463632402
-114.6856,45.7053,0.31,0,0.18296553227316492
-114.6694,45.6978,0.31,0,0.19719117627318575
-114.6497,45.6964,0.18,0,0.1797005731765961
-114.6369,45.7019,0.305,0,0.16633463259344886
-114.6561,45.6925,0.315,0,0.18657989709504222
-114.6569,45.6917,0.255,0,0.18748984505832877
-114.7378,45.7317,0.365,1,0.1405949430100621
-114.7556,45.8228,0.4,1,0.04780100417355602
-114.76,45.8167,0.4,1,0.05301277204599507
-114.7606,45.8033,0.35,1,0.06626692991229134
-114.7625,45.8,0.4,1,0.06941084929606381
-114.7281,45.8686,0.355,1,0.02320728333949924
-114.7217,45.8686,0.31,1,0.02319624969687793
-114.7033,45.8814,0.35,1,0.023842525034071183
-114.6961,45.8839,0.33,1,0.029767767803453492
-114.6744,45.8842,0.4,1,0.050996823430485096
-114.6733,45.8831,0.345,1,0.05225269371047699
-114.6567,45.8811,0.345,1,0.06896097447107814
-114.6492,45.8831,0.355,1,0.07613373759380268
-114.6467,45.8819,0.3,1,0.07875714570755886
-114.6392,45.8839,0.37,1,0.0860035929482062
-114.6139,45.8886,0.385,1,0.11100000900901438
-114.5908,45.8947,0.365,1,0.13409630121670546
-114.6119,45.8872,0.36,1,0.11304488489091498
-114.5889,45.8803,0.33,1,0.13642712340294758
-114.5708,45.8817,0.315,0,0.15437648136941157
-114.5614,45.8836,0.3,0,0.16365467301608025
-114.5436,45.8842,0.365,0,0.17942604604682644
-114.5281,45.8836,0.45,0,0.17321452594975462
-114.5097,45.8814,0.425,0,0.16596655084684372
-114.4861,45.8767,0.455,0,0.15749446339474438
-114.46,45.8817,0.36,0,0.16223095882105806
-114.4478,45.8867,0.44,0,0.1567312732035332
-114.4414,45.8853,0.57,0,0.15096697652135874
-114.44,45.8856,0.32,1,0.1495397004143038
-114.4678,45.8769,0.41,0,0.15706453450731236
-114.5006,45.8794,0.42,0,0.1621453483760727
-114.6011,45.8839,0.38,1,0.1239980645010279
-114.6217,45.8839,0.425,1,0.10344548322667618
-114.7792,45.7722,0.34,1,0.0978737962888995
-114.7833,45.7644,0.325,1,0.10617620260679901
-114.5819,45.9089,0.37,1,0.1440053610113207
-114.5786,45.9114,0.425,1,0.14759681568382058
-114.5422,45.9347,0.44,0,0.18768060635026942
-114.5422,45.9358,0.44,0,0.18793638285336048
-114.5231,45.9628,0.4278277153558052,0,0.21396117872175663
-114.4797,45.975,0.45,0,0.18878154570825503
-114.4792,45.9736,0.32,0,0.18795602145183313
-114.4922,45.9711,0.395,0,0.20005268306123467
-114.5092,45.9664,0.51,0,0.21581746453890852
-114.5061,45.9658,0.3,0,0.2126602736761186
-114.5072,45.9667,0.455,0,0.21390226740266036
-114.5397,45.9408,0.48,0,0.19159027637123024
-114.5731,45.9169,0.315,0,0.1538577264878274
-114.5711,45.9147,0.35,0,0.1554884947512257
-114.5708,45.9156,0.355,0,0.1559212750076152
-114.7111,45.6067,0.335,0,0.2120285398242372
-114.7053,45.6119,0.315,0,0.21783988087583833
-114.7064,45.6119,0.43,0,0.2177074911435043
-114.7019,45.6172,0.305,0,0.22353399226962928
-114.7044,45.6197,0.305,0,0.2256913726751648
-114.7081,45.6228,0.35,0,0.2283504974813909
-114.7044,45.6386,0.295,0,0.23896031469681916
-114.705,45.6378,0.355,0,0.2395773111127242
-114.7064,45.6392,0.335,0,0.23786579409406639
-114.7067,45.6519,0.3,0,0.22552442883200774
-114.7194,45.6617,0.405,0,0.21291412823014155
-114.7217,45.6664,0.345,0,0.2078237185693701
-114.7189,45.6789,0.36,0,0.19630365253861623
-114.7172,45.6914,0.275,0,0.1846550513795943
-114.7153,45.6953,0.39,0,0.18143090144735732
-114.7825,45.6758,0.32,0,0.19411918503847111
-114.7678,45.6703,0.295,0,0.1989827178425361
-114.7703,45.6594,0.31,0,0.20990985207941593
-114.7686,45.6719,0.4,0,0.1973885761638728
-114.7703,45.725,0.305,1,0.14432342152263636
-114.8897,45.8922,0.36,1,0.12505826642009682
-114.8906,45.8931,0.36,1,0.12611002339227445
-114.885,45.9014,0.33,1,0.12252506682307897
-114.8797,45.905,0.335,1,0.1184540501629161
-114.9011,45.8789,0.32,1,0.1346840005345791
-114.9061,45.8733,0.315,1,0.13939797702978762
-114.9064,45.8722,0.325,1,0.13967052659741772
-114.9125,45.8633,0.35,1,0.1458626340088403
-114.9167,45.8542,0.345,0,0.15069641667936368
-114.9314,45.8353,0.39,0,0.16810999375408248
-114.9281,45.8553,0.365,0,0.1619445460643818
-114.9356,45.855,0.375,0,0.16944280450935767
-114.9403,45.8556,0.315,0,0.17407835592053372
-114.9203,45.8542,0.31,0,0.1542787671716294
-114.9331,45.8397,0.345,0,0.1689496137906127
-114.9619,45.8281,0.43,0,0.19943773965826625
-114.9667,45.8356,0.355,0,0.20275686424878314
-114.9906,45.8281,0.46282771535580525,0,0.22759643670321023
-115.0297,45.7072,0.365,0,0.19579598055118574
-114.9997,45.6983,0.375,0,0.19739558759000017
-114.9453,45.6817,0.48,0,0.1952038985266421
-114.9294,45.6408,0.35,0,0.16089075175410006
-114.8922,45.6314,0.49,0,0.17037782132660068
-114.8211,45.6406,0.43,0,0.216645358362458
-114.7714,45.7258,0.305,1,0.14355500687890008
-114.0281,45.0611,0.48,1,0.0705237016895732
-114.1408,45.1253,0.485,1,0.002230807028851921
-114.1556,45.1267,0.51,1,0.012980466093339629
-114.1722,45.1494,0.485,1,0.018509592107885237
-114.0086,45.5128,0.37,1,0.0020248456731357125
-114.0067,45.5256,0.4584831460674158,1,0.01329941352091086
-114.0122,45.5356,0.4178277153558052,1,0.0059012202127993515
-114.0667,45.5136,0.33782771535580525,1,0.021303356543045174
-114.0575,45.5347,0.4,1,0.0043309352338801385
-114.0236,45.5175,0.38,1,0.005860034129587547
-114.0461,45.4836,0.3128277153558052,1,0.0402591604482771
-114.0775,45.485,0.44,1,0.05154311787232261
-114.1047,45.4592,0.41,1,0.03403699457942915
-114.0978,45.45,0.37,1,0.04210792087005789
-114.075,45.4233,0.355,1,0.037835234900814196
-114.0856,45.4172,0.515,1,0.037038857973753746
-114.0972,45.4089,0.46,1,0.03969792185996622
-114.5581,45.4692,0.275,1,0.07635100523240759
-114.5678,45.475,0.305,1,0.08497200715530145
-114.5694,45.4722,0.42,1,0.0869344695733515
-114.5772,45.4633,0.325,1,0.0962791358498856
-114.5786,45.4639,0.42,1,0.09751032765814355
-114.5828,45.4606,0.305,1,0.09954493457730984
-114.5872,45.4558,0.285,1,0.09912986431948809
-114.5867,45.4544,0.33,1,0.09779654390620998
-114.5839,45.4406,0.28,1,0.08657965118895217
-114.6053,45.4297,0.325,1,0.09894957301575466
-114.6192,45.4306,0.31,1,0.09630429325839794
-114.6208,45.4308,0.325,1,0.09526869842713283
-114.6339,45.425,0.455,1,0.08189440090751343
-114.6481,45.4264,0.36,1,0.07402329971029821
-114.6511,45.4267,0.3,1,0.07261398556752059
-114.675,45.4222,0.335,1,0.05870843976806064
-114.69,45.4203,0.275,1,0.04872075225199587
-114.6936,45.4189,0.315,1,0.04491044087959979
-114.6922,45.4186,0.3,1,0.04596489638844197
-114.7189,45.4078,0.395,1,0.01787047005537327
-114.7194,45.4083,0.275,1,0.01785451483519434
-114.7272,45.4094,0.35,1,0.014527067839037261
-114.6094,45.6483,0.46,0,0.15533536622417207
-114.6514,45.6667,0.32,0,0.18755727658504
-114.6514,45.6672,0.335,0,0.1874161199043373
-114.6328,45.6714,0.34,0,0.1683897205888769
-114.6294,45.6711,0.24282771535580527,0,0.1652249012709643
-114.6228,45.6711,0.315,0,0.15893104165013866
-114.6225,45.6719,0.405,0,0.15840139519587437
-114.4886,45.3117,0.435,1,0.005178802950487347
-114.4708,45.3175,0.32,1,0.009436630754676618
-114.415,45.3244,0.395,1,0.0149206568220081
-114.0686,45.3828,0.32924852300467916,1,0.0050615116319192455
-114.2186,45.4075,0.355,1,0.017494027552282892
-114.1972,45.4119,0.34,1,0.023659945054887943
-114.2119,45.4317,0.435,1,0.032451764204737936
-114.1636,45.4167,0.305,1,0.04655131577088006
-114.1681,45.4289,0.375,1,0.036063416366171434
-114.1611,45.4294,0.315,1,0.03365739146160729
-114.1494,45.4528,0.375,1,0.011200446419670915
-114.1536,45.4544,0.32282771535580523,1,0.008220097323024388
-114.1389,45.4772,0.485,1,0.017310834757459585
-114.1567,45.3972,0.335,1,0.04478514262565529
-114.7364,45.4033,0.27282771535580524,1,0.00874320879311474
-114.4486,45.0197,0.425,1,0.03803421223056719
-114.4464,45.0181,0.475,1,0.03980539285071966
-114.4661,45.0878,0.4,1,0.03386052716659946
-114.4897,45.0936,0.41,1,0.053072698254375064
-114.5247,45.1044,0.335,1,0.07046579311978446
-114.5336,45.0856,0.365,1,0.04973805384210092
-114.5414,45.0772,0.41,1,0.03859111296658964
-114.5678,45.0481,0.33,1,0.009974367147845891
-114.5506,45.0603,0.21,1,0.019355412679659574
-114.2817,45.05,0.3478277153558052,1,0.044396959355343026
-114.2772,45.0583,0.44,1,0.052333364118892334
-114.3364,45.3394,0.355,1,0.010874433318572697
-114.1594,45.1706,0.415,1,0.002518134229935713
-114.2017,45.14,0.3,1,0.03010602929647257
-114.2344,45.0933,0.2906554307116105,1,0.0556233988533563
-114.2219,45.1094,0.425,1,0.0651161462311795
-114.2875,45.1617,0.485,1,0.0543418807182912
-114.3183,45.1908,0.29,1,0.062483553836198885
-114.3256,45.2653,0.38,1,0.012054928452709333
-114.3436,45.2828,0.37,1,0.01337378031822667
-114.3661,45.3006,0.295,1,0.0157659125964829
-114.3792,45.3,0.715,1,0.01931351858155499
-114.3794,45.3044,0.395,1,0.018750253331615865
-114.5833,45.44,0.29,1,0.08573645665642618
-114.5722,45.4336,0.395,1,0.07309173687907224
-114.5733,45.4328,0.335,1,0.07343113780951939
-114.5656,45.4306,0.3,1,0.06613750826876055
-114.5669,45.4292,0.32,1,0.06620347422908206
-114.6292,45.3164,0.36,1,0.022426992665088286
-114.6356,45.3194,0.365,1,0.015460206984383093
-114.535,45.4886,0.175,1,0.05167330064936309
-114.6469,45.3269,0.485,1,0.0054179331852614344
-114.6589,45.3358,0.34,1,0.008837307282192092
-114.67,45.3461,0.425,1,0.013190981767861749
-114.6731,45.3631,0.435,1,0.01721531004658046
-114.6839,45.3686,0.315,1,0.006985477793259619
-114.5436,45.5028,0.315,1,0.06268723953086126
-114.5425,45.5028,0.315,1,0.06163236162926345
-114.5497,45.4825,0.315,1,0.06631417646325677
-114.5483,45.4825,0.305,1,0.06491534487314583
-114.5453,45.4847,0.315,1,0.06186186224160637
-114.5164,45.4867,0.305,1,0.03299502992876625
-114.5136,45.4858,0.355,1,0.03016637200592243
-114.4653,45.5517,0.405,1,0.0689490391521136
-114.3944,45.4722,0.52,1,0.04803850538890316
-114.5414,45.4014,0.275,1,0.029200308217551225
-114.5542,45.3925,0.4606554307116105,1,0.03841884954029492
-114.5292,45.3611,0.42,1,0.028586570273473916
-114.5347,45.3522,0.34,1,0.03902250632647886
-114.5503,45.3028,0.36,1,0.004159326868621775
-114.5972,45.2989,0.365,1,0.004509988913512989
-114.6247,45.3103,0.45,1,0.02868494378590287
-114.3589,45.0186,0.475,1,0.026885404962546575
-114.4278,45.0403,0.40565543071161053,1,0.028692739499737677
-114.4361,45.0378,0.44,1,0.024623876624127367
-114.435,45.2303,0.4,1,0.06606979113029053
-114.4383,45.23,0.315,1,0.06767826312782871
-114.4278,45.235,0.395,1,0.06664928581763066
-114.4269,45.2356,0.21,1,0.06681059272301028
-114.4153,45.2517,0.39,1,0.05483422289045886
-114.4108,45.2522,0.405,1,0.05311094049252048
-114.3961,45.2589,0.3,1,0.044926339712918255
-114.395,45.2619,0.435,1,0.041997547547452406
-114.3819,45.2681,0.325,1,0.038626441720665615
-114.3778,45.2667,0.425,1,0.03657551093285555
-114.3819,45.2647,0.395,1,0.040895892214255
-114.3558,45.2978,0.445,1,0.0059774576535497545
-114.3911,45.3078,0.425,1,0.008106910632295461
-114.3244,45.3511,0.375,1,0.01147062770732336
-114.2847,45.3561,0.42,1,0.0006444377394273127
-114.2792,45.3556,0.45,1,0.0016337992532752866
-114.2958,45.3664,0.325,1,0.0010701868995610451
-114.2681,45.4094,0.34,1,0.019936782588962386
-114.2597,45.4033,0.285,1,0.02466659684674587
-114.2669,45.3883,0.4,1,0.021158764141601533
-114.2744,45.4219,0.3128277153558053,1,0.015184047549977544
-114.2842,45.4194,0.35,1,0.006534317102804255
-114.3769,45.4639,0.395,1,0.033215448213142165
-114.3911,45.4533,0.315,1,0.031250375997725864
-114.3947,45.4525,0.355,1,0.03345005231684313
-114.3933,45.445,0.355,1,0.028156491258667232
-114.3897,45.4444,0.325,1,0.024723511077512323
-114.3989,45.4428,0.315,1,0.03196050687958158
-114.4092,45.4314,0.33,1,0.03662654774886256
-114.4114,45.4328,0.345,1,0.03908738927070866
-114.4033,45.4339,0.37065543071161045,1,0.031625875481953565
-114.4272,45.4242,0.265,1,0.0537648212123845
-114.4292,45.4222,0.305,1,0.05577468960020432
-114.4258,45.4219,0.3,1,0.05238383338396748
-114.3844,45.4594,0.32782771535580524,1,0.03189962382222873
-114.5033,45.5575,0.385,1,0.07499734661972676
-114.5239,45.5683,0.33,1,0.09244428592400848
-114.5194,45.5575,0.415,1,0.08076697344830916
-114.6194,45.3053,0.355,1,0.02161897314860721
-114.6369,45.3181,0.39,1,0.014580877888520966
-114.6458,45.3244,0.505,1,0.00504400634416762
-114.6631,45.3381,0.385,1,0.006494921092665366
-114.2933,45.4192,0.355,1,0.005482089017889722
-114.2864,45.4297,0.385,1,0.007232378585218262
-114.6742,45.3489,0.385,1,0.01715161799948035
-114.6847,45.3661,0.355,1,0.005485152687023808
-114.6861,45.3678,0.385,1,0.004667429699532079
-114.4847,45.3078,0.355,1,0.006281401117576486
-114.4875,45.3083,0.355,1,0.003649931506205646
-114.8392,45.9953,0.32,1,0.14535678174753067
-114.8381,45.9122,0.335,1,0.08325576256331133
-114.8461,45.9117,0.32,1,0.0899682833002848
-114.8514,45.9075,0.33,1,0.09286925217744836
-114.8606,45.9058,0.415,1,0.10069585890194159
-114.855,45.9047,0.395,1,0.09508351066299277
-114.8275,45.9169,0.39,1,0.0771816817645157
-114.8236,45.9194,0.445,1,0.07578126417525173
-114.8233,45.9233,0.38,1,0.07819803066573464
-114.8342,45.9364,0.33,1,0.09514855752978153
-114.8319,45.9394,0.36,1,0.09570806653568623
-114.8303,45.9617,0.34,1,0.11215519604547114
-114.8369,45.9786,0.385,1,0.1298864196134399
-114.8406,45.9806,0.345,1,0.13358326242459545
-114.84,45.9833,0.325,1,0.13551626470648814
-115.7394,44.8885,0.46678470909895053,1,0.03091503194240657
-114.4782,44.9277,0.285,1,0.040043292821640625
-115.9862,44.9208,0.5578277153558052,1,0.028523872457995925
-115.9455,44.9239,0.5478277153558052,1,0.012460710252631523
-115.9408,44.9412,0.6964401555471927,1,0.026117796614571143
-115.9462,44.9588,0.38282771535580523,1,0.03924654507086661
-115.9547,44.9774,0.6822599597098099,1,0.05620904998307936
-115.9536,44.9892,0.5959999842633682,1,0.0680524158277985
-115.9702,44.8029,0.465,1,0.11903027892095328
-115.9226,44.8012,0.5067847090989506,1,0.1250896130779816
-115.9027,44.8189,0.7090969153390799,1,0.11619990232353966
-115.8964,44.8035,0.5382248646461434,1,0.13275922303177132
-115.7547,44.8888,0.46178470909895053,1,0.043231368241126555
-115.7729,44.9102,0.4522248803827751,1,0.07042629622520757
-115.7904,44.9009,0.5328277153558052,1,0.08046506819732592
-115.815,44.8986,0.49,1,0.10250274728025131
-115.8352,44.8895,0.43678470909895056,1,0.11978111370328501
-115.9687,44.8694,0.415,1,0.053027703137135264
-115.9451,44.8685,0.46,1,0.05424877233634188
-115.9633,44.8553,0.3,1,0.06620895181167041
-115.9544,44.8206,0.56,1,0.10072341981882922
-115.933,44.8177,0.46282771535580525,1,0.10646993613221999
-115.8385,44.8334,0.405,1,0.12532118416292828
-115.8552,44.8173,0.41,1,0.1459859969312102
-115.865,44.9322,0.5778277153558052,1,0.09332227654745841
-115.889,44.8903,0.335,1,0.07533978563813311
-115.9519,44.8935,0.395,1,0.028365142340553057
-115.9789,44.9691,0.38,1,0.05232587600795377
-115.9232,44.9749,0.37,1,0.06375772345371154
-115.8993,44.9485,0.364124216119244,1,0.06441814418314239
-115.9191,44.9097,0.38063459999163723,1,0.040277553302052405
-115.914,44.8611,0.6814401555471928,1,0.07435301809610337
-115.9933,44.8354,0.4928277153558052,1,0.09296473148458288
-115.7794,44.822,0.4467847090989505,1,0.07614531633658682
-115.7958,44.8428,0.7309999842633682,1,0.08168582006688607
-115.7809,44.8545,0.47178470909895054,1,0.06439556817048771
-115.8431,44.862,0.46678470909895053,1,0.12554211723561526
-115.7646,44.9732,0.335,1,0.05333049596619435
-115.882,44.986,0.35,1,0.09958632084778679
-115.838,44.9796,0.41817226890756304,1,0.09173342793114345
-115.8136,44.9965,0.5378594803744124,1,0.06211667891958516
-115.7222,44.9915,0.44919444444444445,1,0.021513386530257028
-115.7265,44.968,0.42178470909895055,1,0.016020418221757118
-115.7307,44.9536,0.41678470909895055,1,0.027435775913937626
-115.7395,44.9351,0.3967847090989505,1,0.0472342015916464
-115.7408,44.9176,0.5264401555471928,1,0.056067006340623414
-115.7172,44.8978,0.48924704018302484,1,0.02974938318688077
-115.6926,44.8815,0.4567847090989505,1,0.020274165827479523
-115.6904,44.8589,0.4310317492819754,1,0.020183106797518176
-115.6958,44.8425,0.4446152678299501,1,0.028765566220740404
-115.6982,44.8209,0.41678470909895055,1,0.048603557482965624
-115.6912,44.805,0.5014401555471928,1,0.06569948097207709
-115.6701,44.9897,0.35817226890756304,1,0.04443941718789285
-115.6689,44.9738,0.528665035929968,1,0.042378128793051424
-115.6522,44.9602,0.5378068846358319,1,0.0604345745414043
-115.6298,44.9578,0.5563244425953454,1,0.08287031917399176
-115.6093,44.9476,0.417806884635832,1,0.1019071896384247
-115.5853,44.9497,0.5288085842108992,1,0.08390297551339537
-115.5575,44.9552,0.44178470909895057,1,0.06507896203844339
-115.516,44.9618,0.5333230611864451,1,0.026234099946455473
-115.5078,44.8656,0.4714401555471928,1,0.07932536794746467
-115.5108,44.8488,0.68,1,0.09636431912280312
-115.5095,44.8326,0.5206345999916373,1,0.11196160056019694
-115.5159,44.8141,0.54,1,0.13135144460568465
-115.6674,44.9265,0.4764401555471928,1,0.06390647698003536
-115.6726,44.9101,0.455,1,0.054546840421786716
-115.6895,44.8993,0.482806884635832,1,0.035681000546509536
-115.6654,44.8511,0.4467847090989505,1,0.04616264507152022
-115.7196,44.808,0.5714401555471929,1,0.05857280256228201
-115.5442,44.9978,0.40282771535580525,1,0.020852513038010306
-115.5982,44.9901,0.5314401555471928,1,0.06960107254921973
-115.6314,44.9989,0.4598290444360817,1,0.06487345990464731
-115.6872,44.9594,0.49132444259534536,1,0.027631681092535623
-115.7368,44.8251,0.46,1,0.04565500191654907
-115.6071,44.8275,0.38,1,0.10905817621801076
-115.6222,44.8703,0.5378277153558052,1,0.0859894749373323
-115.6279,44.9134,0.447806884635832,1,0.09198900912609
-115.5815,44.8852,0.48178470909895055,1,0.10885358974329948
-115.5738,44.8527,0.38782771535580524,1,0.12360124594842303
-115.5771,44.8306,0.33,1,0.1364312346935218
-115.5448,44.8274,0.5196124244547558,1,0.1280485298627099
-115.5391,44.9044,0.4778277153558052,1,0.06300285707808027
-115.5624,44.9258,0.48702215980024965,1,0.07525749132146427
-115.5133,44.9272,0.5328594803744124,1,0.02876122389607938
-115.3506,44.8199,0.5514401555471928,1,0.003587756959442898
-115.3771,44.8344,0.61,1,0.021362116000059033
-115.3212,44.8471,0.40817226890756303,1,0.0160164915009475
-115.3149,44.821,0.5309999842633683,1,0.01831993449770649
-115.2719,44.8437,0.4,1,0.024844476247255953
-115.2754,44.8085,0.51,1,0.057102101537513925
-115.469,44.9614,0.495,1,0.020697874286994912
-115.4259,44.9589,0.43382769961917345,1,0.0496970220435795
-115.4127,44.9851,0.4328277153558052,1,0.0464388845688672
-115.3866,44.9604,0.41,1,0.015098145581501196
-115.3488,44.9509,0.48,1,0.0260376650258811
-115.2987,44.9485,0.4078277153558052,1,0.01278327031709729
-115.2878,44.9221,0.4236124401913876,1,0.011310349243058022
-115.3356,44.9303,0.35,1,0.003200999843798381
-115.334,44.8996,0.53,1,0.0012033287165186272
-115.408,44.8981,0.69,1,0.06855772750025849
-115.4594,44.892,0.49280688463583194,1,0.054523756290255215
-115.4858,44.909,0.33644015554719275,1,0.03343220004725828
-115.4803,44.9296,0.51,1,0.012497439737798604
-115.4967,44.9558,0.7086124401913875,1,0.007814985604602467
-115.2749,44.8696,0.34,1,0.004841900453332257
-115.2694,44.9064,0.29,1,0.021427692362920366
-115.2784,44.9805,0.782224880382775,1,0.04825907168605116
-115.3478,44.9869,0.495,1,0.03371527843573752
-115.3089,44.9817,0.485,1,0.036877581265586115
-115.4021,44.9267,0.42,1,0.047447929354197435
-115.3954,44.8726,0.74,1,0.061495056711896874
-115.426,44.85,0.40678470909895054,1,0.05926538618789455
-115.4243,44.8172,0.5314401555471928,1,0.04492024042678727
-115.4669,44.8349,0.47641932482721955,1,0.09000018888868704
-115.4455,44.9173,0.385,1,0.043260374478268505
-115.4316,44.9345,0.39,1,0.0499386223278062
-115.0622,44.8039,0.375,1,0.05008577542576393
-115.0605,44.8318,0.5564401555471928,1,0.029814038639544876
-115.0157,44.847,0.46063459999163725,1,0.02831333431441686
-115.039,44.856,0.43919444444444444,1,0.003664000545844966
-115.0546,44.8764,0.4236124401913875,1,0.0032398919735141573
-115.0627,44.8977,0.3836124401913875,1,0.020963513541392042
-115.0087,44.9283,0.43453973349639485,1,0.04530711754238008
-115.0275,44.9513,0.4772248803827751,1,0.023753460800476526
-115.0177,44.9867,0.42097915354339505,1,0.024547564033934207
-115.1,44.9798,0.57,1,0.0077782324470275005
-115.0972,44.9578,0.39,1,0.0023231228981689753
-115.064,44.9655,0.5053971492903382,1,0.007218787986916954
-115.0957,44.9234,0.42,1,0.015397366657975807
-115.0622,44.927,0.4078277153558052,1,0.009153846186177142
-115.1059,44.8715,0.49141932482721956,1,0.007155480417144942
-115.0984,44.8947,0.40282771535580525,1,0.010441977782009726
-115.1297,44.9628,0.4228277153558052,1,0.0029490506947115703
-115.1702,44.9659,0.4959999842633682,1,0.0041702398012592986
-115.1553,44.991,0.40861244019138754,1,0.01512788484885059
-115.2097,44.9884,0.43453973349639485,1,0.012053298303783268
-115.2372,44.9811,0.477806884635832,1,0.010182828683619386
-115.2198,44.9632,0.5428068846358319,1,0.004142704430687976
-115.1909,44.9462,0.47285948037441244,1,0.001158835622510006
-115.1694,44.9266,0.39282771535580524,1,0.010171671445733456
-115.2256,44.9182,0.5400525957385804,1,0.0033337666385055463
-115.2249,44.899,0.5259999842633682,1,0.004353263143905505
-115.207,44.8801,0.42317226890756304,1,0.007266009909152038
-115.1641,44.9041,0.3636124401913875,1,0.005630888029433071
-115.1253,44.9079,0.41961242445475583,1,0.027871255802360304
-115.0932,44.8198,0.345,1,0.02021066302722335
-115.1503,44.8513,0.5014401555471928,1,0.04137418156290171
-115.1862,44.8738,0.375,1,0.016457001549498498
-115.2175,44.8569,0.5851944287078127,1,0.022860159666977846
-115.2214,44.8302,0.41361244019138754,1,0.04600943381524844
-115.2439,44.8166,0.41953973349639484,1,0.0464903645931081
-115.1774,44.8234,0.4698290444360817,1,0.05680085298655227
-114.806,44.8111,0.43644015554719284,1,0.004620173156930932
-114.7877,44.836,0.5064401555471928,1,0.0024083189157528464
-114.7638,44.873,0.49644015554719284,1,0.006569170419461331
-114.8362,44.8,0.4564401555471928,1,0.028434415766819293
-114.8563,44.8085,0.4015175213675214,1,0.047573185724737906
-114.8073,44.8692,0.49317226890756305,1,0.0372181676066945
-114.8144,44.8933,0.5264401555471928,1,0.04943508875283786
-114.7761,44.9103,0.415,1,0.03947254742222849
-114.7588,44.923,0.445,1,0.031078545654507392
-114.7653,44.9435,0.5650525957385804,1,0.03246416485911853
-114.774,44.9951,0.48,1,0.04246120582367608
-114.7547,44.9724,0.37,1,0.0187491333133067
-114.8039,44.9616,0.2923230769230769,1,0.06910949283564802
-114.8095,44.9982,0.39282771535580524,1,0.06801864450281137
-114.8345,44.9718,0.4834623153474425,1,0.09833657508781773
-114.8883,44.9855,0.395,1,0.12378684461605283
-114.912,44.9775,0.4828277153558052,1,0.11015000181569948
-114.9344,44.957,0.47563459999163726,1,0.10463156741634819
-114.9435,44.8725,0.6554844751476923,1,0.10056656949503152
-114.9278,44.8534,0.5028277153558052,1,0.1148726290288408
-114.9105,44.8366,0.438172268907563,1,0.10587212097620156
-114.8189,44.8459,0.47702215980024965,1,0.03482427314388041
-114.8527,44.8501,0.3965175213675214,1,0.06129828708862501
-114.9238,44.8842,0.45282771535580524,1,0.12222402750686454
-114.8926,44.8998,0.5406345999916372,1,0.12479565697571245
-114.8354,44.8824,0.4567847090989505,1,0.06620061933245913
-114.8917,44.9316,0.46678470909895053,1,0.13570311713443098
-114.8553,44.9434,0.3778277153558052,1,0.11159534040451717
-114.9885,44.9891,0.42,1,0.05200998846376064
-114.9873,44.951,0.5374193090905879,1,0.055002953557058774
-114.9244,44.8129,0.44782771535580523,1,0.11579164909440241
-114.9796,44.8096,0.42780688463583205,1,0.07809397479958606
-114.5005,44.8294,0.47961242445475577,1,0.07242388349156256
-114.617,44.8317,0.39919444444444446,1,0.055201485487260844
-114.7209,44.8936,0.2923230769230769,1,0.005680316892566465
-114.733,44.9217,0.42,1,0.01109495380792424
-114.7279,44.9431,0.3656345999916373,1,0.0035295892112281626
-114.7339,44.9832,0.5448498751560549,1,0.007875658702606664
-114.6914,44.9509,0.5364401555471928,1,0.03469045978362886
-114.6171,44.9399,0.335,1,0.03295876211266967
-114.5317,44.9732,0.375,1,0.004803051113619633
-114.5004,44.981,0.46974238601366475,1,0.00208165799304406
-114.5196,44.9379,0.5313244425953454,1,0.02864697715292338
-114.5359,44.8557,0.4632248646461434,1,0.07899874682550309
-114.603,44.8978,0.44,1,0.012870819709714376
-114.6126,44.8843,0.43,1,0.004338202392697734
-114.583,44.9131,0.315,1,0.037173377570513914
-114.512,44.8446,0.4888068688992003,1,0.07711289710547231
-114.0817,44.9963,0.46,1,0.04844382519991779
-114.67,44.8,0.4178277153558052,1,0.015820050568824354
-114.5844,44.9321,0.4378277153558052,1,0.021148285982557122
-114.5372,44.8156,0.41861244019138755,1,0.10056656502038462
-114.7163,44.8048,0.325,1,0.030755357256904828
-114.7443,44.8399,0.325,1,0.040649846248172125
-114.7075,44.8495,0.385,1,0.040486096378884014
-114.6741,44.8497,0.3606345999916373,1,0.048706816771373666
-114.6747,44.8266,0.34,1,0.026576154725620024
-114.6672,44.9117,0.485,1,0.05410155265794162
-114.2545,44.8054,0.435,1,0.11528361982519446
-114.2653,44.8153,0.35361244019138754,1,0.10063296179681509
-114.2706,44.8425,0.42,1,0.07992201824277616
-114.2763,44.8986,0.33,1,0.06445454987817839
-114.2849,44.9369,0.48644015554719283,1,0.04743784354289347
-114.2896,44.9573,0.3678277153558052,1,0.027112082177513108
-114.3162,44.9702,0.37,1,0.03239470635767062
-114.2636,44.9982,0.45782771535580524,1,0.02724799075161507
-114.3205,44.9956,0.41,1,0.02491804566975736
-114.302,44.9406,0.29,1,0.04618351437472016
-114.3059,44.9025,0.4272248803827751,1,0.03804814055903663
-114.2997,44.8917,0.33,1,0.0401175398049214
-114.2986,44.8418,0.355,1,0.058290179275757234
-114.298,44.8165,0.30861244019138756,1,0.07881246728785575
-114.3441,44.8185,0.45282771535580524,1,0.06548655587217651
-114.3415,44.851,0.5050525957385804,1,0.032882898290751625
-114.3368,44.8848,0.47,1,0.002448060456767687
-114.3608,44.9189,0.4846124244547558,1,0.011592281915138041
-114.3413,44.9401,0.3787559884723187,1,0.02424757719854738
-114.3544,44.9623,0.5464401555471928,1,0.0333555542601177
-114.339,44.9906,0.5314401555471928,1,0.02797228985978803
-114.3853,44.9995,0.4550525957385804,1,0.05629004352458707
-114.3856,44.928,0.5250525957385804,1,0.022277903851128926
-114.3944,44.9001,0.4682248646461434,1,0.04183683783461355
-114.4063,44.8779,0.4128277153558052,1,0.016673122083155186
-114.4899,44.8171,0.44439058846395596,1,0.07122671479156821
-114.4606,44.8553,0.49702215980024966,1,0.025032636696913777
-114.453,44.8845,0.355,1,0.02415717077805579
-114.4866,44.9638,0.5814401555471929,1,0.012251338702361217
-114.4785,44.9964,0.32,1,0.02503987420096756
-114.4239,44.9969,0.355,1,0.06639805192925598
-114.4538,44.9379,0.29,1,0.05102330153958573
-114.4417,44.8457,0.5301961440195115,1,0.02037098181236681
-114.3962,44.8586,0.425,1,0.01741703189409879
-114.4339,44.8158,0.4978277153558052,1,0.04786306509198772
-114.0091,44.9055,0.37,1,0.10401792249414929
-114.0646,44.9034,0.37,1,0.06156460184229317
-114.0911,44.8816,0.395,1,0.0715436663863394
-114.114,44.9025,0.24,1,0.051237449194895125
-114.1362,44.9303,0.245,1,0.04067879300077463
-114.1124,44.9276,0.47,1,0.02681328402116762
-114.1155,44.9567,0.355,1,0.014205358144021376
-114.107,44.9785,0.33,1,0.02666488702394914
-114.0012,44.9334,0.38,1,0.10254858458311668
-114.0191,44.9476,0.36,1,0.08302370866205011
-114.0156,44.9987,0.365,1,0.09805745356677001
-114.0786,44.9648,0.44282771535580523,1,0.02651588580455655
-114.1486,44.9915,0.405,1,0.06089620842056174
-114.1759,44.9721,0.4286124401913876,1,0.07651360794002404
-114.0701,44.9213,0.3636124401913875,1,0.04448136913360412
-114.144,44.9485,0.29,1,0.04218241576771484
-114.2112,44.9714,0.49,1,0.07581202081464078
-114.244,44.9688,0.3336124401913875,1,0.04573314990245192
-114.1995,44.9469,0.43861244019138756,1,0.0951814740377576
-114.1894,44.9273,0.34361244019138754,1,0.0909175901572446
-114.1942,44.9051,0.28,1,0.10359279994284804
-114.2325,44.8533,0.4836124401913876,1,0.11080740498720457
-114.1097,44.8183,0.41,1,0.13423160656119365
-114.1405,44.8134,0.355,1,0.14414925667515238
-114.0661,44.8227,0.3,1,0.1344873384374883
-114.1322,44.8355,0.5178277153558052,1,0.1206533057980525
-114.1284,44.8635,0.34282771535580525,1,0.09265367882604049
-114.1093,44.8512,0.495,1,0.10137390295337233
-114.0637,44.8023,0.335,0,0.15481965056154423
-116.1015,44.9528,0.377806884635832,1,0.06920990752774893
-116.0553,44.9818,0.275,1,0.11486315901977108
-116.184,44.9228,0.28,1,0.02052465103235634
-116.1389,44.9276,0.3541944444444444,1,0.03119736046526341
-116.167,44.9617,0.3810028276385626,1,0.02519296131858753
-116.1649,44.988,0.3886124401913876,1,0.05157615049613129
-116.1891,44.9902,0.395,1,0.05735049520274206
-116.0459,44.9506,0.305,1,0.09296782938200346
-116.0242,44.9293,0.385,1,0.06700292008561695
-116.1474,44.8875,0.24,1,0.05352540798536486
-116.1798,44.8434,0.375,1,0.09381945054198604
-116.0117,44.8234,0.14,1,0.11178862777582063
-116.0482,44.833,0.31563459999163723,1,0.12643363199718607
-116.024,44.8447,0.2584623153474425,1,0.1012981110386571
-116.0189,44.8787,0.3936124401913876,1,0.07456603315183478
-116.0785,44.8899,0.34600282763856255,1,0.10162955918432029
-116.0722,44.9063,0.255,1,0.10121249577004153
-116.1135,44.8474,0.295,1,0.10491504801504926
-116.1291,44.8058,0.28,1,0.13665758412909887
-116.1058,44.8189,0.3,1,0.13346426225773111
-116.0653,44.8042,0.38100282763856247,0,0.1590202795243392
-116.1957,44.9408,0.3167875524741448,1,0.027250308255141187
-116.1993,44.9095,0.30419444444444443,1,0.040795285266803066
-116.1606,44.864,0.32,1,0.07302956456121593
-116.0752,44.9813,0.40563459999163726,1,0.1037207274367087
