{
"type": "FeatureCollection",
"name": "task11_catchment_polygons",
"crs": { "type": "name", "properties": { "name": "urn:ogc:def:crs:OGC:1.3:CRS84" } },
"features": [
{ "type": "Feature", "properties": { "pour_lon": -105.63902777777777, "pour_lat": 38.393472222222222, "orig_lon": -105.6394, "orig_lat": 38.3936, "name": "block_-2649905", "block_id": -2649905, "area_deg2": 0.019104243827160604 }, "geometry": { "type": "Polygon", "coordinates": [ [ [ -105.705694444444447, 38.60875 ], [ -105.705694444444447, 38.608472222222225 ], [ -105.705972222222215, 38.608472222222225 ], [ -105.705972222222215, 38.608194444444443 ], [ -105.70625, 38.608194444444443 ], [ -105.70625, 38.607916666666668 ], [ -105.706527777777779, 38.607916666666668 ], [ -105.706527777777779, 38.607638888888893 ], [ -105.706805555555547, 38.607638888888893 ], [ -105.706805555555547, 38.607361111111111 ], [ -105.70708333333333, 38.607361111111111 ], [ -105.70708333333333, 38.607083333333335 ], [ -105.70763888888888, 38.607083333333335 ], [ -105.70763888888888, 38.606805555555553 ], [ -105.707916666666662, 38.606805555555553 ], [ -105.707916666666662, 38.606527777777778 ], [ -105.709305555555559, 38.606527777777778 ], [ -105.709305555555559, 38.60625 ], [ -105.710138888888892, 38.60625 ], [ -105.710138888888892, 38.605972222222221 ], [ -105.710972222222225, 38.605972222222221 ], [ -105.710972222222225, 38.605694444444445 ], [ -105.71125, 38.605694444444445 ], [ -105.71125, 38.60541666666667 ], [ -105.711527777777775, 38.60541666666667 ], [ -105.711527777777775, 38.605138888888888 ], [ -105.712083333333325, 38.605138888888888 ], [ -105.712083333333325, 38.604861111111113 ], [ -105.712361111111107, 38.604861111111113 ], [ -105.712361111111107, 38.604583333333331 ], [ -105.71263888888889, 38.604583333333331 ], [ -105.71263888888889, 38.604305555555555 ], [ -105.71319444444444, 38.604305555555555 ], [ -105.71319444444444, 38.60402777777778 ], [ -105.713472222222222, 38.60402777777778 ], [ -105.713472222222222, 38.60375 ], [ -105.714583333333337, 38.60375 ], [ -105.714583333333337, 38.603472222222223 ], [ -105.715138888888887, 38.603472222222223 ], [ -105.715138888888887, 38.603194444444448 ], [ -105.71541666666667, 38.603194444444448 ], [ -105.71541666666667, 38.602916666666665 ], [ -105.715694444444438, 38.602916666666665 ], [ -105.715694444444438, 38.60263888888889 ], [ -105.71597222222222, 38.60263888888889 ], [ -105.71597222222222, 38.602361111111115 ], [ -105.71625, 38.602361111111115 ], [ -105.71625, 38.602083333333333 ], [ -105.71652777777777, 38.602083333333333 ], [ -105.71652777777777, 38.601805555555558 ], [ -105.716805555555553, 38.601805555555558 ], [ -105.716805555555553, 38.601527777777775 ], [ -105.717083333333335, 38.601527777777775 ], [ -105.717083333333335, 38.60125 ], [ -105.719583333333333, 38.60125 ], [ -105.719583333333333, 38.600972222222225 ], [ -105.719861111111115, 38.600972222222225 ], [ -105.719861111111115, 38.600694444444443 ], [ -105.720694444444447, 38.600694444444443 ], [ -105.720694444444447, 38.600416666666668 ], [ -105.720972222222215, 38.600416666666668 ], [ -105.720972222222215, 38.600138888888893 ], [ -105.72125, 38.600138888888893 ], [ -105.72125, 38.59986111111111 ], [ -105.721805555555548, 38.59986111111111 ], [ -105.721805555555548, 38.599583333333335 ], [ -105.72208333333333, 38.599583333333335 ], [ -105.72208333333333, 38.599305555555553 ], [ -105.724305555555546, 38.599305555555553 ], [ -105.724305555555546, 38.599027777777778 ], [ -105.725416666666661, 38.599027777777778 ], [ -105.725416666666661, 38.59875 ], [ -105.726527777777775, 38.59875 ], [ -105.726527777777775, 38.59847222222222 ], [ -105.727083333333326, 38.59847222222222 ], [ -105.727083333333326, 38.59875 ], [ -105.727916666666658, 38.59875 ], [ -105.727916666666658, 38.599027777777778 ], [ -105.729027777777773, 38.599027777777778 ], [ -105.729027777777773, 38.599305555555553 ], [ -105.730138888888888, 38.599305555555553 ], [ -105.730138888888888, 38.599583333333335 ], [ -105.73125, 38.599583333333335 ], [ -105.73125, 38.599305555555553 ], [ -105.731805555555553, 38.599305555555553 ], [ -105.731805555555553, 38.599027777777778 ], [ -105.732083333333335, 38.599027777777778 ], [ -105.732083333333335, 38.59847222222222 ], [ -105.733194444444436, 38.59847222222222 ], [ -105.733194444444436, 38.598194444444445 ], [ -105.733472222222218, 38.598194444444445 ], [ -105.733472222222218, 38.59791666666667 ], [ -105.734027777777769, 38.59791666666667 ], [ -105.734027777777769, 38.597638888888888 ], [ -105.734305555555551, 38.597638888888888 ], [ -105.734305555555551, 38.597361111111113 ], [ -105.735138888888883, 38.597361111111113 ], [ -105.735138888888883, 38.597083333333337 ], [ -105.736527777777781, 38.597083333333337 ], [ -105.736527777777781, 38.597361111111113 ], [ -105.737361111111113, 38.597361111111113 ], [ -105.737361111111113, 38.597083333333337 ], [ -105.737638888888881, 38.597083333333337 ], [ -105.737638888888881, 38.596805555555555 ], [ -105.737916666666663, 38.596805555555555 ], [ -105.737916666666663, 38.594583333333333 ], [ -105.738194444444446, 38.594583333333333 ], [ -105.738194444444446, 38.59375 ], [ -105.738472222222214, 38.59375 ], [ -105.738472222222214, 38.593472222222225 ], [ -105.73875, 38.593472222222225 ], [ -105.73875, 38.592638888888892 ], [ -105.739027777777778, 38.592638888888892 ], [ -105.739027777777778, 38.591805555555553 ], [ -105.739305555555546, 38.591805555555553 ], [ -105.739305555555546, 38.587916666666665 ], [ -105.739027777777778, 38.587916666666665 ], [ -105.739027777777778, 38.585972222222225 ], [ -105.739305555555546, 38.585972222222225 ], [ -105.739305555555546, 38.585138888888892 ], [ -105.739583333333329, 38.585138888888892 ], [ -105.739583333333329, 38.584027777777777 ], [ -105.739861111111111, 38.584027777777777 ], [ -105.739861111111111, 38.58375 ], [ -105.740138888888893, 38.58375 ], [ -105.740138888888893, 38.583194444444445 ], [ -105.740416666666661, 38.583194444444445 ], [ -105.740416666666661, 38.582916666666669 ], [ -105.740694444444443, 38.582916666666669 ], [ -105.740694444444443, 38.581527777777779 ], [ -105.740972222222226, 38.581527777777779 ], [ -105.740972222222226, 38.580416666666665 ], [ -105.74125, 38.580416666666665 ], [ -105.74125, 38.579305555555557 ], [ -105.741527777777776, 38.579305555555557 ], [ -105.741527777777776, 38.57875 ], [ -105.741805555555558, 38.57875 ], [ -105.741805555555558, 38.578194444444442 ], [ -105.742083333333326, 38.578194444444442 ], [ -105.742083333333326, 38.577916666666667 ], [ -105.742361111111109, 38.577916666666667 ], [ -105.742361111111109, 38.577638888888892 ], [ -105.742638888888891, 38.577638888888892 ], [ -105.742638888888891, 38.577083333333334 ], [ -105.743472222222223, 38.577083333333334 ], [ -105.743472222222223, 38.576805555555559 ], [ -105.74375, 38.576805555555559 ], [ -105.74375, 38.576527777777777 ], [ -105.744305555555556, 38.576527777777777 ], [ -105.744305555555556, 38.57625 ], [ -105.744583333333324, 38.57625 ], [ -105.744583333333324, 38.575972222222219 ], [ -105.744861111111106, 38.575972222222219 ], [ -105.744861111111106, 38.575694444444444 ], [ -105.745138888888889, 38.575694444444444 ], [ -105.745138888888889, 38.575416666666669 ], [ -105.745416666666671, 38.575416666666669 ], [ -105.745416666666671, 38.575138888888887 ], [ -105.745694444444439, 38.575138888888887 ], [ -105.745694444444439, 38.574861111111112 ], [ -105.745972222222221, 38.574861111111112 ], [ -105.745972222222221, 38.574583333333337 ], [ -105.74625, 38.574583333333337 ], [ -105.74625, 38.574305555555554 ], [ -105.746527777777771, 38.574305555555554 ], [ -105.746527777777771, 38.574027777777779 ], [ -105.746805555555554, 38.574027777777779 ], [ -105.746805555555554, 38.57375 ], [ -105.747083333333336, 38.57375 ], [ -105.747083333333336, 38.573472222222222 ], [ -105.747361111111104, 38.573472222222222 ], [ -105.747361111111104, 38.57375 ], [ -105.748194444444437, 38.57375 ], [ -105.748194444444437, 38.574027777777779 ], [ -105.749861111111102, 38.574027777777779 ], [ -105.749861111111102, 38.57375 ], [ -105.750416666666666, 38.57375 ], [ -105.750416666666666, 38.573472222222222 ], [ -105.750972222222217, 38.573472222222222 ], [ -105.750972222222217, 38.573194444444447 ], [ -105.75125, 38.573194444444447 ], [ -105.75125, 38.572638888888889 ], [ -105.751527777777781, 38.572638888888889 ], [ -105.751527777777781, 38.572361111111114 ], [ -105.751805555555549, 38.572361111111114 ], [ -105.751805555555549, 38.572083333333332 ], [ -105.752083333333331, 38.572083333333332 ], [ -105.752083333333331, 38.571805555555557 ], [ -105.752361111111114, 38.571805555555557 ], [ -105.752361111111114, 38.571527777777781 ], [ -105.752638888888882, 38.571527777777781 ], [ -105.752638888888882, 38.57125 ], [ -105.752916666666664, 38.57125 ], [ -105.752916666666664, 38.570972222222224 ], [ -105.753194444444446, 38.570972222222224 ], [ -105.753194444444446, 38.570694444444442 ], [ -105.75375, 38.570694444444442 ], [ -105.75375, 38.570416666666667 ], [ -105.754305555555547, 38.570416666666667 ], [ -105.754305555555547, 38.569861111111109 ], [ -105.754583333333329, 38.569861111111109 ], [ -105.754583333333329, 38.569583333333334 ], [ -105.754861111111111, 38.569583333333334 ], [ -105.754861111111111, 38.567638888888887 ], [ -105.755138888888879, 38.567638888888887 ], [ -105.755138888888879, 38.567361111111111 ], [ -105.755416666666662, 38.567361111111111 ], [ -105.755416666666662, 38.56625 ], [ -105.755694444444444, 38.56625 ], [ -105.755694444444444, 38.565972222222221 ], [ -105.755972222222226, 38.565972222222221 ], [ -105.755972222222226, 38.564583333333331 ], [ -105.75625, 38.564583333333331 ], [ -105.75625, 38.562916666666666 ], [ -105.756527777777777, 38.562916666666666 ], [ -105.756527777777777, 38.562083333333334 ], [ -105.756805555555559, 38.562083333333334 ], [ -105.756805555555559, 38.560972222222226 ], [ -105.757638888888891, 38.560972222222226 ], [ -105.757638888888891, 38.560694444444444 ], [ -105.758194444444442, 38.560694444444444 ], [ -105.758194444444442, 38.560416666666669 ], [ -105.758472222222224, 38.560416666666669 ], [ -105.758472222222224, 38.560138888888886 ], [ -105.75875, 38.560138888888886 ], [ -105.75875, 38.559861111111111 ], [ -105.759027777777774, 38.559861111111111 ], [ -105.759027777777774, 38.559583333333336 ], [ -105.759305555555557, 38.559583333333336 ], [ -105.759305555555557, 38.559305555555554 ], [ -105.759583333333325, 38.559305555555554 ], [ -105.759583333333325, 38.55875 ], [ -105.759861111111107, 38.55875 ], [ -105.759861111111107, 38.557638888888889 ], [ -105.760138888888889, 38.557638888888889 ], [ -105.760138888888889, 38.556805555555556 ], [ -105.760416666666657, 38.556805555555556 ], [ -105.760416666666657, 38.55625 ], [ -105.760694444444439, 38.55625 ], [ -105.760694444444439, 38.555694444444448 ], [ -105.760972222222222, 38.555694444444448 ], [ -105.760972222222222, 38.555416666666666 ], [ -105.76125, 38.555416666666666 ], [ -105.76125, 38.55375 ], [ -105.761527777777772, 38.55375 ], [ -105.761527777777772, 38.552916666666668 ], [ -105.761805555555554, 38.552916666666668 ], [ -105.761805555555554, 38.552638888888886 ], [ -105.762083333333337, 38.552638888888886 ], [ -105.762083333333337, 38.552361111111111 ], [ -105.762361111111105, 38.552361111111111 ], [ -105.762361111111105, 38.552083333333336 ], [ -105.762638888888887, 38.552083333333336 ], [ -105.762638888888887, 38.551805555555553 ], [ -105.762916666666669, 38.551805555555553 ], [ -105.762916666666669, 38.55125 ], [ -105.763194444444437, 38.55125 ], [ -105.763194444444437, 38.550972222222221 ], [ -105.763472222222219, 38.550972222222221 ], [ -105.763472222222219, 38.550694444444446 ], [ -105.766527777777782, 38.550694444444446 ], [ -105.766527777777782, 38.550416666666671 ], [ -105.767083333333332, 38.550416666666671 ], [ -105.767083333333332, 38.550138888888888 ], [ -105.767916666666665, 38.550138888888888 ], [ -105.767916666666665, 38.549583333333331 ], [ -105.768194444444447, 38.549583333333331 ], [ -105.768194444444447, 38.549305555555556 ], [ -105.768472222222215, 38.549305555555556 ], [ -105.768472222222215, 38.549027777777781 ], [ -105.76875, 38.549027777777781 ], [ -105.76875, 38.547916666666666 ], [ -105.768472222222215, 38.547916666666666 ], [ -105.768472222222215, 38.547361111111108 ], [ -105.768194444444447, 38.547361111111108 ], [ -105.768194444444447, 38.546805555555558 ], [ -105.767916666666665, 38.546805555555558 ], [ -105.767916666666665, 38.546527777777776 ], [ -105.767638888888882, 38.546527777777776 ], [ -105.767638888888882, 38.545694444444443 ], [ -105.767361111111114, 38.545694444444443 ], [ -105.767361111111114, 38.545138888888893 ], [ -105.767083333333332, 38.545138888888893 ], [ -105.767083333333332, 38.54375 ], [ -105.76680555555555, 38.54375 ], [ -105.76680555555555, 38.542083333333331 ], [ -105.766527777777782, 38.542083333333331 ], [ -105.766527777777782, 38.54125 ], [ -105.76625, 38.54125 ], [ -105.76625, 38.540694444444448 ], [ -105.765972222222217, 38.540694444444448 ], [ -105.765972222222217, 38.54013888888889 ], [ -105.765694444444435, 38.54013888888889 ], [ -105.765694444444435, 38.539861111111115 ], [ -105.765138888888885, 38.539861111111115 ], [ -105.765138888888885, 38.539583333333333 ], [ -105.764861111111102, 38.539583333333333 ], [ -105.764861111111102, 38.539305555555558 ], [ -105.76402777777777, 38.539305555555558 ], [ -105.76402777777777, 38.539027777777775 ], [ -105.763472222222219, 38.539027777777775 ], [ -105.763472222222219, 38.53875 ], [ -105.762083333333337, 38.53875 ], [ -105.762083333333337, 38.538472222222225 ], [ -105.760694444444439, 38.538472222222225 ], [ -105.760694444444439, 38.538194444444443 ], [ -105.759305555555557, 38.538194444444443 ], [ -105.759305555555557, 38.537916666666668 ], [ -105.758194444444442, 38.537916666666668 ], [ -105.758194444444442, 38.538194444444443 ], [ -105.755694444444444, 38.538194444444443 ], [ -105.755694444444444, 38.537916666666668 ], [ -105.754305555555547, 38.537916666666668 ], [ -105.754305555555547, 38.537638888888893 ], [ -105.754027777777779, 38.537638888888893 ], [ -105.754027777777779, 38.53736111111111 ], [ -105.753472222222214, 38.53736111111111 ], [ -105.753472222222214, 38.537083333333335 ], [ -105.752361111111114, 38.537083333333335 ], [ -105.752361111111114, 38.536805555555553 ], [ -105.751805555555549, 38.536805555555553 ], [ -105.751805555555549, 38.536527777777778 ], [ -105.751527777777781, 38.536527777777778 ], [ -105.751527777777781, 38.53625 ], [ -105.75125, 38.53625 ], [ -105.75125, 38.53597222222222 ], [ -105.750972222222217, 38.53597222222222 ], [ -105.750972222222217, 38.53541666666667 ], [ -105.750694444444449, 38.53541666666667 ], [ -105.750694444444449, 38.535138888888888 ], [ -105.750416666666666, 38.535138888888888 ], [ -105.750416666666666, 38.534861111111113 ], [ -105.750138888888884, 38.534861111111113 ], [ -105.750138888888884, 38.534583333333337 ], [ -105.749861111111102, 38.534583333333337 ], [ -105.749861111111102, 38.53402777777778 ], [ -105.749305555555551, 38.53402777777778 ], [ -105.749305555555551, 38.53375 ], [ -105.74875, 38.53375 ], [ -105.74875, 38.533472222222223 ], [ -105.748472222222219, 38.533472222222223 ], [ -105.748472222222219, 38.533194444444447 ], [ -105.748194444444437, 38.533194444444447 ], [ -105.748194444444437, 38.532916666666665 ], [ -105.747916666666669, 38.532916666666665 ], [ -105.747916666666669, 38.53263888888889 ], [ -105.747638888888886, 38.53263888888889 ], [ -105.747638888888886, 38.532083333333333 ], [ -105.747916666666669, 38.532083333333333 ], [ -105.747916666666669, 38.53125 ], [ -105.748194444444437, 38.53125 ], [ -105.748194444444437, 38.530694444444443 ], [ -105.748472222222219, 38.530694444444443 ], [ -105.748472222222219, 38.530416666666667 ], [ -105.74875, 38.530416666666667 ], [ -105.74875, 38.529583333333335 ], [ -105.748472222222219, 38.529583333333335 ], [ -105.748472222222219, 38.529305555555553 ], [ -105.748194444444437, 38.529305555555553 ], [ -105.748194444444437, 38.52875 ], [ -105.747916666666669, 38.52875 ], [ -105.747916666666669, 38.52847222222222 ], [ -105.747638888888886, 38.52847222222222 ], [ -105.747638888888886, 38.52791666666667 ], [ -105.747361111111104, 38.52791666666667 ], [ -105.747361111111104, 38.527083333333337 ], [ -105.747083333333336, 38.527083333333337 ], [ -105.747083333333336, 38.52652777777778 ], [ -105.746527777777771, 38.52652777777778 ], [ -105.746527777777771, 38.525972222222222 ], [ -105.74625, 38.525972222222222 ], [ -105.74625, 38.525694444444447 ], [ -105.745972222222221, 38.525694444444447 ], [ -105.745972222222221, 38.525416666666665 ], [ -105.745694444444439, 38.525416666666665 ], [ -105.745694444444439, 38.52513888888889 ], [ -105.745416666666671, 38.52513888888889 ], [ -105.745416666666671, 38.524861111111115 ], [ -105.744861111111106, 38.524861111111115 ], [ -105.744861111111106, 38.524305555555557 ], [ -105.744583333333324, 38.524305555555557 ], [ -105.744583333333324, 38.524027777777775 ], [ -105.744305555555556, 38.524027777777775 ], [ -105.744305555555556, 38.52375 ], [ -105.744027777777774, 38.52375 ], [ -105.744027777777774, 38.523194444444442 ], [ -105.743472222222223, 38.523194444444442 ], [ -105.743472222222223, 38.522916666666667 ], [ -105.743194444444441, 38.522916666666667 ], [ -105.743194444444441, 38.522638888888892 ], [ -105.742916666666659, 38.522638888888892 ], [ -105.742916666666659, 38.52236111111111 ], [ -105.742083333333326, 38.52236111111111 ], [ -105.742083333333326, 38.522083333333335 ], [ -105.740138888888893, 38.522083333333335 ], [ -105.740138888888893, 38.521805555555559 ], [ -105.739583333333329, 38.521805555555559 ], [ -105.739583333333329, 38.521527777777777 ], [ -105.739305555555546, 38.521527777777777 ], [ -105.739305555555546, 38.52125 ], [ -105.739027777777778, 38.52125 ], [ -105.739027777777778, 38.52097222222222 ], [ -105.739305555555546, 38.52097222222222 ], [ -105.739305555555546, 38.520138888888887 ], [ -105.739583333333329, 38.520138888888887 ], [ -105.739583333333329, 38.519305555555555 ], [ -105.739305555555546, 38.519305555555555 ], [ -105.739305555555546, 38.517638888888889 ], [ -105.739583333333329, 38.517638888888889 ], [ -105.739583333333329, 38.517361111111114 ], [ -105.739861111111111, 38.517361111111114 ], [ -105.739861111111111, 38.515694444444442 ], [ -105.740138888888893, 38.515694444444442 ], [ -105.740138888888893, 38.514027777777777 ], [ -105.739861111111111, 38.514027777777777 ], [ -105.739861111111111, 38.51375 ], [ -105.740138888888893, 38.51375 ], [ -105.740138888888893, 38.512638888888887 ], [ -105.739861111111111, 38.512638888888887 ], [ -105.739861111111111, 38.509305555555557 ], [ -105.740138888888893, 38.509305555555557 ], [ -105.740138888888893, 38.507916666666667 ], [ -105.740694444444443, 38.507916666666667 ], [ -105.740694444444443, 38.507638888888891 ], [ -105.74125, 38.507638888888891 ], [ -105.74125, 38.507361111111109 ], [ -105.741527777777776, 38.507361111111109 ], [ -105.741527777777776, 38.507083333333334 ], [ -105.742083333333326, 38.507083333333334 ], [ -105.742083333333326, 38.506805555555559 ], [ -105.743472222222223, 38.506805555555559 ], [ -105.743472222222223, 38.506527777777777 ], [ -105.74375, 38.506527777777777 ], [ -105.74375, 38.50625 ], [ -105.745138888888889, 38.50625 ], [ -105.745138888888889, 38.505972222222226 ], [ -105.745972222222221, 38.505972222222226 ], [ -105.745972222222221, 38.505138888888887 ], [ -105.745694444444439, 38.505138888888887 ], [ -105.745694444444439, 38.504027777777779 ], [ -105.745972222222221, 38.504027777777779 ], [ -105.745972222222221, 38.50375 ], [ -105.74625, 38.50375 ], [ -105.74625, 38.503472222222221 ], [ -105.746527777777771, 38.503472222222221 ], [ -105.746527777777771, 38.503194444444446 ], [ -105.746805555555554, 38.503194444444446 ], [ -105.746805555555554, 38.502916666666664 ], [ -105.747083333333336, 38.502916666666664 ], [ -105.747083333333336, 38.502638888888889 ], [ -105.747638888888886, 38.502638888888889 ], [ -105.747638888888886, 38.502361111111114 ], [ -105.747916666666669, 38.502361111111114 ], [ -105.747916666666669, 38.502083333333331 ], [ -105.748194444444437, 38.502083333333331 ], [ -105.748194444444437, 38.501805555555556 ], [ -105.748472222222219, 38.501805555555556 ], [ -105.748472222222219, 38.501527777777781 ], [ -105.74875, 38.501527777777781 ], [ -105.74875, 38.50125 ], [ -105.749027777777769, 38.50125 ], [ -105.749027777777769, 38.500972222222224 ], [ -105.749583333333334, 38.500972222222224 ], [ -105.749583333333334, 38.500694444444449 ], [ -105.749861111111102, 38.500694444444449 ], [ -105.749861111111102, 38.500416666666666 ], [ -105.750972222222217, 38.500416666666666 ], [ -105.750972222222217, 38.500138888888891 ], [ -105.750694444444449, 38.500138888888891 ], [ -105.750694444444449, 38.499305555555559 ], [ -105.750972222222217, 38.499305555555559 ], [ -105.750972222222217, 38.499027777777776 ], [ -105.75125, 38.499027777777776 ], [ -105.75125, 38.498472222222226 ], [ -105.751527777777781, 38.498472222222226 ], [ -105.751527777777781, 38.498194444444444 ], [ -105.751805555555549, 38.498194444444444 ], [ -105.751805555555549, 38.497638888888886 ], [ -105.752083333333331, 38.497638888888886 ], [ -105.752083333333331, 38.497361111111111 ], [ -105.752361111111114, 38.497361111111111 ], [ -105.752361111111114, 38.496805555555554 ], [ -105.752638888888882, 38.496805555555554 ], [ -105.752638888888882, 38.496527777777779 ], [ -105.752916666666664, 38.496527777777779 ], [ -105.752916666666664, 38.49625 ], [ -105.75375, 38.49625 ], [ -105.75375, 38.495972222222221 ], [ -105.755138888888879, 38.495972222222221 ], [ -105.755138888888879, 38.494305555555556 ], [ -105.755416666666662, 38.494305555555556 ], [ -105.755416666666662, 38.494027777777781 ], [ -105.755694444444444, 38.494027777777781 ], [ -105.755694444444444, 38.49375 ], [ -105.755972222222226, 38.49375 ], [ -105.755972222222226, 38.493472222222223 ], [ -105.75625, 38.493472222222223 ], [ -105.75625, 38.493194444444448 ], [ -105.756527777777777, 38.493194444444448 ], [ -105.756527777777777, 38.492361111111109 ], [ -105.756805555555559, 38.492361111111109 ], [ -105.756805555555559, 38.492083333333333 ], [ -105.757083333333327, 38.492083333333333 ], [ -105.757083333333327, 38.491805555555558 ], [ -105.757361111111109, 38.491805555555558 ], [ -105.757361111111109, 38.491527777777776 ], [ -105.757638888888891, 38.491527777777776 ], [ -105.757638888888891, 38.49125 ], [ -105.758194444444442, 38.49125 ], [ -105.758194444444442, 38.490972222222226 ], [ -105.75875, 38.490972222222226 ], [ -105.75875, 38.490694444444443 ], [ -105.759027777777774, 38.490694444444443 ], [ -105.759027777777774, 38.490416666666668 ], [ -105.759305555555557, 38.490416666666668 ], [ -105.759305555555557, 38.490138888888886 ], [ -105.759583333333325, 38.490138888888886 ], [ -105.759583333333325, 38.489861111111111 ], [ -105.759027777777774, 38.489861111111111 ], [ -105.759027777777774, 38.489583333333336 ], [ -105.758472222222224, 38.489583333333336 ], [ -105.758472222222224, 38.487638888888888 ], [ -105.75875, 38.487638888888888 ], [ -105.75875, 38.486527777777781 ], [ -105.759027777777774, 38.486527777777781 ], [ -105.759027777777774, 38.485972222222223 ], [ -105.75875, 38.485972222222223 ], [ -105.75875, 38.485694444444448 ], [ -105.758472222222224, 38.485694444444448 ], [ -105.758472222222224, 38.485416666666666 ], [ -105.758194444444442, 38.485416666666666 ], [ -105.758194444444442, 38.485138888888891 ], [ -105.757916666666659, 38.485138888888891 ], [ -105.757916666666659, 38.484861111111108 ], [ -105.757638888888891, 38.484861111111108 ], [ -105.757638888888891, 38.484305555555558 ], [ -105.757361111111109, 38.484305555555558 ], [ -105.757361111111109, 38.484027777777776 ], [ -105.757083333333327, 38.484027777777776 ], [ -105.757083333333327, 38.483472222222225 ], [ -105.756805555555559, 38.483472222222225 ], [ -105.756805555555559, 38.482916666666668 ], [ -105.756527777777777, 38.482916666666668 ], [ -105.756527777777777, 38.482638888888893 ], [ -105.75625, 38.482638888888893 ], [ -105.75625, 38.482083333333335 ], [ -105.755972222222226, 38.482083333333335 ], [ -105.755972222222226, 38.48125 ], [ -105.75625, 38.48125 ], [ -105.75625, 38.480972222222221 ], [ -105.756527777777777, 38.480972222222221 ], [ -105.756527777777777, 38.480694444444445 ], [ -105.756805555555559, 38.480694444444445 ], [ -105.756805555555559, 38.48041666666667 ], [ -105.757083333333327, 38.48041666666667 ], [ -105.757083333333327, 38.480138888888888 ], [ -105.757361111111109, 38.480138888888888 ], [ -105.757361111111109, 38.479583333333331 ], [ -105.756805555555559, 38.479583333333331 ], [ -105.756805555555559, 38.479305555555555 ], [ -105.75625, 38.479305555555555 ], [ -105.75625, 38.47902777777778 ], [ -105.755694444444444, 38.47902777777778 ], [ -105.755694444444444, 38.477916666666665 ], [ -105.755416666666662, 38.477916666666665 ], [ -105.755416666666662, 38.47763888888889 ], [ -105.755138888888879, 38.47763888888889 ], [ -105.755138888888879, 38.477083333333333 ], [ -105.755416666666662, 38.477083333333333 ], [ -105.755416666666662, 38.47486111111111 ], [ -105.755972222222226, 38.47486111111111 ], [ -105.755972222222226, 38.474583333333335 ], [ -105.756527777777777, 38.474583333333335 ], [ -105.756527777777777, 38.474305555555553 ], [ -105.756805555555559, 38.474305555555553 ], [ -105.756805555555559, 38.472638888888888 ], [ -105.757083333333327, 38.472638888888888 ], [ -105.757083333333327, 38.470972222222223 ], [ -105.75625, 38.470972222222223 ], [ -105.75625, 38.470694444444447 ], [ -105.755972222222226, 38.470694444444447 ], [ -105.755972222222226, 38.470416666666665 ], [ -105.755694444444444, 38.470416666666665 ], [ -105.755694444444444, 38.47013888888889 ], [ -105.755972222222226, 38.47013888888889 ], [ -105.755972222222226, 38.46875 ], [ -105.75625, 38.46875 ], [ -105.75625, 38.467638888888892 ], [ -105.756527777777777, 38.467638888888892 ], [ -105.756527777777777, 38.466805555555553 ], [ -105.756805555555559, 38.466805555555553 ], [ -105.756805555555559, 38.465694444444445 ], [ -105.757083333333327, 38.465694444444445 ], [ -105.757083333333327, 38.464583333333337 ], [ -105.756805555555559, 38.464583333333337 ], [ -105.756805555555559, 38.46402777777778 ], [ -105.756527777777777, 38.46402777777778 ], [ -105.756527777777777, 38.463472222222222 ], [ -105.756805555555559, 38.463472222222222 ], [ -105.756805555555559, 38.462916666666665 ], [ -105.757083333333327, 38.462916666666665 ], [ -105.757083333333327, 38.462083333333332 ], [ -105.757361111111109, 38.462083333333332 ], [ -105.757361111111109, 38.46125 ], [ -105.757638888888891, 38.46125 ], [ -105.757638888888891, 38.460138888888892 ], [ -105.757361111111109, 38.460138888888892 ], [ -105.757361111111109, 38.45986111111111 ], [ -105.757083333333327, 38.45986111111111 ], [ -105.757083333333327, 38.459583333333335 ], [ -105.754861111111111, 38.459583333333335 ], [ -105.754861111111111, 38.45986111111111 ], [ -105.753194444444446, 38.45986111111111 ], [ -105.753194444444446, 38.460138888888892 ], [ -105.752083333333331, 38.460138888888892 ], [ -105.752083333333331, 38.45986111111111 ], [ -105.751527777777781, 38.45986111111111 ], [ -105.751527777777781, 38.460138888888892 ], [ -105.749861111111102, 38.460138888888892 ], [ -105.749861111111102, 38.459583333333335 ], [ -105.749305555555551, 38.459583333333335 ], [ -105.749305555555551, 38.459305555555559 ], [ -105.749027777777769, 38.459305555555559 ], [ -105.749027777777769, 38.459027777777777 ], [ -105.748194444444437, 38.459027777777777 ], [ -105.748194444444437, 38.45875 ], [ -105.747916666666669, 38.45875 ], [ -105.747916666666669, 38.45847222222222 ], [ -105.745694444444439, 38.45847222222222 ], [ -105.745694444444439, 38.45875 ], [ -105.74375, 38.45875 ], [ -105.74375, 38.45847222222222 ], [ -105.743194444444441, 38.45847222222222 ], [ -105.743194444444441, 38.458194444444445 ], [ -105.742361111111109, 38.458194444444445 ], [ -105.742361111111109, 38.457916666666669 ], [ -105.741527777777776, 38.457916666666669 ], [ -105.741527777777776, 38.457638888888887 ], [ -105.74125, 38.457638888888887 ], [ -105.74125, 38.457361111111112 ], [ -105.740972222222226, 38.457361111111112 ], [ -105.740972222222226, 38.457083333333337 ], [ -105.740694444444443, 38.457083333333337 ], [ -105.740694444444443, 38.456805555555555 ], [ -105.740416666666661, 38.456805555555555 ], [ -105.740416666666661, 38.456527777777779 ], [ -105.740138888888893, 38.456527777777779 ], [ -105.740138888888893, 38.45625 ], [ -105.739861111111111, 38.45625 ], [ -105.739861111111111, 38.455694444444447 ], [ -105.739305555555546, 38.455694444444447 ], [ -105.739305555555546, 38.455416666666665 ], [ -105.738472222222214, 38.455416666666665 ], [ -105.738472222222214, 38.455138888888889 ], [ -105.738194444444446, 38.455138888888889 ], [ -105.738194444444446, 38.454861111111114 ], [ -105.737916666666663, 38.454861111111114 ], [ -105.737916666666663, 38.454583333333332 ], [ -105.737638888888881, 38.454583333333332 ], [ -105.737638888888881, 38.454027777777782 ], [ -105.737916666666663, 38.454027777777782 ], [ -105.737916666666663, 38.45375 ], [ -105.738472222222214, 38.45375 ], [ -105.738472222222214, 38.453472222222224 ], [ -105.739027777777778, 38.453472222222224 ], [ -105.739027777777778, 38.453194444444442 ], [ -105.739305555555546, 38.453194444444442 ], [ -105.739305555555546, 38.452638888888892 ], [ -105.739027777777778, 38.452638888888892 ], [ -105.739027777777778, 38.451805555555559 ], [ -105.73875, 38.451805555555559 ], [ -105.73875, 38.451527777777777 ], [ -105.738472222222214, 38.451527777777777 ], [ -105.738472222222214, 38.449305555555554 ], [ -105.739027777777778, 38.449305555555554 ], [ -105.739027777777778, 38.449027777777779 ], [ -105.73875, 38.449027777777779 ], [ -105.73875, 38.44875 ], [ -105.738472222222214, 38.44875 ], [ -105.738472222222214, 38.448472222222222 ], [ -105.738194444444446, 38.448472222222222 ], [ -105.738194444444446, 38.448194444444447 ], [ -105.737638888888881, 38.448194444444447 ], [ -105.737638888888881, 38.447916666666664 ], [ -105.737083333333331, 38.447916666666664 ], [ -105.737083333333331, 38.447638888888889 ], [ -105.736527777777781, 38.447638888888889 ], [ -105.736527777777781, 38.447361111111114 ], [ -105.735694444444448, 38.447361111111114 ], [ -105.735694444444448, 38.447083333333332 ], [ -105.734305555555551, 38.447083333333332 ], [ -105.734305555555551, 38.446805555555557 ], [ -105.734027777777769, 38.446805555555557 ], [ -105.734027777777769, 38.44625 ], [ -105.73375, 38.44625 ], [ -105.73375, 38.445694444444442 ], [ -105.733472222222218, 38.445694444444442 ], [ -105.733472222222218, 38.445416666666667 ], [ -105.733194444444436, 38.445416666666667 ], [ -105.733194444444436, 38.444861111111109 ], [ -105.732916666666668, 38.444861111111109 ], [ -105.732916666666668, 38.444583333333334 ], [ -105.732638888888886, 38.444583333333334 ], [ -105.732638888888886, 38.444305555555559 ], [ -105.732361111111103, 38.444305555555559 ], [ -105.732361111111103, 38.444027777777777 ], [ -105.731805555555553, 38.444027777777777 ], [ -105.731805555555553, 38.44375 ], [ -105.731527777777771, 38.44375 ], [ -105.731527777777771, 38.443472222222226 ], [ -105.73041666666667, 38.443472222222226 ], [ -105.73041666666667, 38.443194444444444 ], [ -105.730138888888888, 38.443194444444444 ], [ -105.730138888888888, 38.442916666666669 ], [ -105.729583333333323, 38.442916666666669 ], [ -105.729583333333323, 38.442638888888887 ], [ -105.729305555555555, 38.442638888888887 ], [ -105.729305555555555, 38.442361111111111 ], [ -105.729027777777773, 38.442361111111111 ], [ -105.729027777777773, 38.442083333333336 ], [ -105.72875, 38.442083333333336 ], [ -105.72875, 38.441805555555554 ], [ -105.728472222222223, 38.441805555555554 ], [ -105.728472222222223, 38.441527777777779 ], [ -105.728194444444441, 38.441527777777779 ], [ -105.728194444444441, 38.44125 ], [ -105.727916666666658, 38.44125 ], [ -105.727916666666658, 38.440972222222221 ], [ -105.72763888888889, 38.440972222222221 ], [ -105.72763888888889, 38.440416666666664 ], [ -105.727361111111108, 38.440416666666664 ], [ -105.727361111111108, 38.440138888888889 ], [ -105.727083333333326, 38.440138888888889 ], [ -105.727083333333326, 38.439861111111114 ], [ -105.726805555555558, 38.439861111111114 ], [ -105.726805555555558, 38.439583333333331 ], [ -105.726527777777775, 38.439583333333331 ], [ -105.726527777777775, 38.439305555555556 ], [ -105.72625, 38.439305555555556 ], [ -105.72625, 38.439027777777781 ], [ -105.725694444444443, 38.439027777777781 ], [ -105.725694444444443, 38.43875 ], [ -105.725416666666661, 38.43875 ], [ -105.725416666666661, 38.438472222222224 ], [ -105.72486111111111, 38.438472222222224 ], [ -105.72486111111111, 38.438194444444449 ], [ -105.724583333333328, 38.438194444444449 ], [ -105.724583333333328, 38.437916666666666 ], [ -105.724305555555546, 38.437916666666666 ], [ -105.724305555555546, 38.437638888888891 ], [ -105.72375, 38.437638888888891 ], [ -105.72375, 38.437361111111109 ], [ -105.723194444444445, 38.437361111111109 ], [ -105.723194444444445, 38.437083333333334 ], [ -105.722638888888881, 38.437083333333334 ], [ -105.722638888888881, 38.436805555555559 ], [ -105.72208333333333, 38.436805555555559 ], [ -105.72208333333333, 38.436527777777776 ], [ -105.72152777777778, 38.436527777777776 ], [ -105.72152777777778, 38.43625 ], [ -105.720972222222215, 38.43625 ], [ -105.720972222222215, 38.435972222222226 ], [ -105.720694444444447, 38.435972222222226 ], [ -105.720694444444447, 38.435694444444444 ], [ -105.720138888888883, 38.435694444444444 ], [ -105.720138888888883, 38.435416666666669 ], [ -105.719583333333333, 38.435416666666669 ], [ -105.719583333333333, 38.435138888888886 ], [ -105.71930555555555, 38.435138888888886 ], [ -105.71930555555555, 38.434861111111111 ], [ -105.717916666666667, 38.434861111111111 ], [ -105.717916666666667, 38.434583333333336 ], [ -105.71597222222222, 38.434583333333336 ], [ -105.71597222222222, 38.434861111111111 ], [ -105.714861111111105, 38.434861111111111 ], [ -105.714861111111105, 38.435138888888886 ], [ -105.714027777777773, 38.435138888888886 ], [ -105.714027777777773, 38.435416666666669 ], [ -105.711805555555557, 38.435416666666669 ], [ -105.711805555555557, 38.435694444444444 ], [ -105.710972222222225, 38.435694444444444 ], [ -105.710972222222225, 38.435416666666669 ], [ -105.710138888888892, 38.435416666666669 ], [ -105.710138888888892, 38.435694444444444 ], [ -105.709583333333327, 38.435694444444444 ], [ -105.709583333333327, 38.435972222222226 ], [ -105.708194444444445, 38.435972222222226 ], [ -105.708194444444445, 38.43625 ], [ -105.707916666666662, 38.43625 ], [ -105.707916666666662, 38.436527777777776 ], [ -105.707361111111112, 38.436527777777776 ], [ -105.707361111111112, 38.436805555555559 ], [ -105.70625, 38.436805555555559 ], [ -105.70625, 38.436527777777776 ], [ -105.705694444444447, 38.436527777777776 ], [ -105.705694444444447, 38.436805555555559 ], [ -105.704027777777782, 38.436805555555559 ], [ -105.704027777777782, 38.437083333333334 ], [ -105.70375, 38.437083333333334 ], [ -105.70375, 38.437361111111109 ], [ -105.703472222222217, 38.437361111111109 ], [ -105.703472222222217, 38.437638888888891 ], [ -105.702638888888885, 38.437638888888891 ], [ -105.702638888888885, 38.437916666666666 ], [ -105.702083333333334, 38.437916666666666 ], [ -105.702083333333334, 38.438194444444449 ], [ -105.70125, 38.438194444444449 ], [ -105.70125, 38.438472222222224 ], [ -105.700694444444437, 38.438472222222224 ], [ -105.700694444444437, 38.43875 ], [ -105.700416666666669, 38.43875 ], [ -105.700416666666669, 38.438472222222224 ], [ -105.699583333333337, 38.438472222222224 ], [ -105.699583333333337, 38.438194444444449 ], [ -105.699027777777772, 38.438194444444449 ], [ -105.699027777777772, 38.437916666666666 ], [ -105.69875, 38.437916666666666 ], [ -105.69875, 38.43625 ], [ -105.699027777777772, 38.43625 ], [ -105.699027777777772, 38.435694444444444 ], [ -105.69875, 38.435694444444444 ], [ -105.69875, 38.435416666666669 ], [ -105.698194444444439, 38.435416666666669 ], [ -105.698194444444439, 38.435138888888886 ], [ -105.697638888888889, 38.435138888888886 ], [ -105.697638888888889, 38.434861111111111 ], [ -105.697083333333325, 38.434861111111111 ], [ -105.697083333333325, 38.434583333333336 ], [ -105.696805555555557, 38.434583333333336 ], [ -105.696805555555557, 38.434305555555554 ], [ -105.694583333333327, 38.434305555555554 ], [ -105.694583333333327, 38.434583333333336 ], [ -105.694027777777777, 38.434583333333336 ], [ -105.694027777777777, 38.434861111111111 ], [ -105.693194444444444, 38.434861111111111 ], [ -105.693194444444444, 38.434583333333336 ], [ -105.692916666666662, 38.434583333333336 ], [ -105.692916666666662, 38.434305555555554 ], [ -105.692361111111111, 38.434305555555554 ], [ -105.692361111111111, 38.432916666666664 ], [ -105.692638888888879, 38.432916666666664 ], [ -105.692638888888879, 38.431527777777781 ], [ -105.692916666666662, 38.431527777777781 ], [ -105.692916666666662, 38.430972222222223 ], [ -105.692638888888879, 38.430972222222223 ], [ -105.692638888888879, 38.430416666666666 ], [ -105.692916666666662, 38.430416666666666 ], [ -105.692916666666662, 38.429583333333333 ], [ -105.692638888888879, 38.429583333333333 ], [ -105.692638888888879, 38.429305555555558 ], [ -105.692361111111111, 38.429305555555558 ], [ -105.692361111111111, 38.427361111111111 ], [ -105.692083333333329, 38.427361111111111 ], [ -105.692083333333329, 38.427083333333336 ], [ -105.691805555555547, 38.427083333333336 ], [ -105.691805555555547, 38.426805555555553 ], [ -105.691527777777779, 38.426805555555553 ], [ -105.691527777777779, 38.426527777777778 ], [ -105.69125, 38.426527777777778 ], [ -105.69125, 38.42625 ], [ -105.690972222222214, 38.42625 ], [ -105.690972222222214, 38.425972222222221 ], [ -105.690694444444446, 38.425972222222221 ], [ -105.690694444444446, 38.425138888888888 ], [ -105.690416666666664, 38.425138888888888 ], [ -105.690416666666664, 38.424305555555556 ], [ -105.690138888888882, 38.424305555555556 ], [ -105.690138888888882, 38.423472222222223 ], [ -105.689861111111114, 38.423472222222223 ], [ -105.689861111111114, 38.421527777777776 ], [ -105.690138888888882, 38.421527777777776 ], [ -105.690138888888882, 38.42125 ], [ -105.689861111111114, 38.42125 ], [ -105.689861111111114, 38.420694444444443 ], [ -105.689027777777781, 38.420694444444443 ], [ -105.689027777777781, 38.420416666666668 ], [ -105.688472222222217, 38.420416666666668 ], [ -105.688472222222217, 38.420138888888893 ], [ -105.687916666666666, 38.420138888888893 ], [ -105.687916666666666, 38.419861111111111 ], [ -105.688472222222217, 38.419861111111111 ], [ -105.688472222222217, 38.418194444444445 ], [ -105.687361111111102, 38.418194444444445 ], [ -105.687361111111102, 38.41791666666667 ], [ -105.687083333333334, 38.41791666666667 ], [ -105.687083333333334, 38.417638888888888 ], [ -105.686527777777769, 38.417638888888888 ], [ -105.686527777777769, 38.41791666666667 ], [ -105.68625, 38.41791666666667 ], [ -105.68625, 38.418194444444445 ], [ -105.685972222222219, 38.418194444444445 ], [ -105.685972222222219, 38.418472222222221 ], [ -105.685416666666669, 38.418472222222221 ], [ -105.685416666666669, 38.41875 ], [ -105.68375, 38.41875 ], [ -105.68375, 38.419027777777778 ], [ -105.683194444444439, 38.419027777777778 ], [ -105.683194444444439, 38.41875 ], [ -105.682916666666671, 38.41875 ], [ -105.682916666666671, 38.418194444444445 ], [ -105.682638888888889, 38.418194444444445 ], [ -105.682638888888889, 38.41791666666667 ], [ -105.682361111111106, 38.41791666666667 ], [ -105.682361111111106, 38.417638888888888 ], [ -105.681805555555556, 38.417638888888888 ], [ -105.681805555555556, 38.417361111111113 ], [ -105.681527777777774, 38.417361111111113 ], [ -105.681527777777774, 38.417638888888888 ], [ -105.68125, 38.417638888888888 ], [ -105.68125, 38.418194444444445 ], [ -105.680972222222223, 38.418194444444445 ], [ -105.680972222222223, 38.419027777777778 ], [ -105.680694444444441, 38.419027777777778 ], [ -105.680694444444441, 38.419305555555553 ], [ -105.680416666666659, 38.419305555555553 ], [ -105.680416666666659, 38.419583333333335 ], [ -105.680138888888891, 38.419583333333335 ], [ -105.680138888888891, 38.419861111111111 ], [ -105.677916666666661, 38.419861111111111 ], [ -105.677916666666661, 38.420138888888893 ], [ -105.677638888888893, 38.420138888888893 ], [ -105.677638888888893, 38.420416666666668 ], [ -105.677083333333329, 38.420416666666668 ], [ -105.677083333333329, 38.420694444444443 ], [ -105.675416666666663, 38.420694444444443 ], [ -105.675416666666663, 38.420972222222225 ], [ -105.674305555555549, 38.420972222222225 ], [ -105.674305555555549, 38.420694444444443 ], [ -105.674027777777781, 38.420694444444443 ], [ -105.674027777777781, 38.420416666666668 ], [ -105.673194444444448, 38.420416666666668 ], [ -105.673194444444448, 38.420138888888893 ], [ -105.672638888888883, 38.420138888888893 ], [ -105.672638888888883, 38.419861111111111 ], [ -105.672361111111101, 38.419861111111111 ], [ -105.672361111111101, 38.419583333333335 ], [ -105.672083333333333, 38.419583333333335 ], [ -105.672083333333333, 38.419305555555553 ], [ -105.671805555555551, 38.419305555555553 ], [ -105.671805555555551, 38.419027777777778 ], [ -105.671527777777769, 38.419027777777778 ], [ -105.671527777777769, 38.419305555555553 ], [ -105.669861111111103, 38.419305555555553 ], [ -105.669861111111103, 38.419583333333335 ], [ -105.66875, 38.419583333333335 ], [ -105.66875, 38.419305555555553 ], [ -105.667083333333323, 38.419305555555553 ], [ -105.667083333333323, 38.419027777777778 ], [ -105.666527777777773, 38.419027777777778 ], [ -105.666527777777773, 38.41875 ], [ -105.66513888888889, 38.41875 ], [ -105.66513888888889, 38.419305555555553 ], [ -105.664861111111108, 38.419305555555553 ], [ -105.664861111111108, 38.419583333333335 ], [ -105.664583333333326, 38.419583333333335 ], [ -105.664583333333326, 38.419861111111111 ], [ -105.664305555555558, 38.419861111111111 ], [ -105.664305555555558, 38.420138888888893 ], [ -105.664027777777775, 38.420138888888893 ], [ -105.664027777777775, 38.419861111111111 ], [ -105.66375, 38.419861111111111 ], [ -105.66375, 38.419583333333335 ], [ -105.66236111111111, 38.419583333333335 ], [ -105.66236111111111, 38.419861111111111 ], [ -105.661527777777778, 38.419861111111111 ], [ -105.661527777777778, 38.420138888888893 ], [ -105.660694444444445, 38.420138888888893 ], [ -105.660694444444445, 38.419583333333335 ], [ -105.660138888888881, 38.419583333333335 ], [ -105.660138888888881, 38.419305555555553 ], [ -105.659861111111113, 38.419305555555553 ], [ -105.659861111111113, 38.419027777777778 ], [ -105.65958333333333, 38.419027777777778 ], [ -105.65958333333333, 38.418472222222221 ], [ -105.659305555555548, 38.418472222222221 ], [ -105.659305555555548, 38.41791666666667 ], [ -105.65902777777778, 38.41791666666667 ], [ -105.65902777777778, 38.417083333333331 ], [ -105.65875, 38.417083333333331 ], [ -105.65875, 38.41652777777778 ], [ -105.65902777777778, 38.41652777777778 ], [ -105.65902777777778, 38.415972222222223 ], [ -105.659305555555548, 38.415972222222223 ], [ -105.659305555555548, 38.41513888888889 ], [ -105.65902777777778, 38.41513888888889 ], [ -105.65902777777778, 38.414305555555558 ], [ -105.65875, 38.414305555555558 ], [ -105.65875, 38.412638888888893 ], [ -105.658194444444447, 38.412638888888893 ], [ -105.658194444444447, 38.41236111111111 ], [ -105.657638888888883, 38.41236111111111 ], [ -105.657638888888883, 38.412083333333335 ], [ -105.656527777777768, 38.412083333333335 ], [ -105.656527777777768, 38.411527777777778 ], [ -105.654861111111103, 38.411527777777778 ], [ -105.654861111111103, 38.411805555555553 ], [ -105.65402777777777, 38.411805555555553 ], [ -105.65402777777777, 38.412083333333335 ], [ -105.653194444444438, 38.412083333333335 ], [ -105.653194444444438, 38.41236111111111 ], [ -105.652083333333337, 38.41236111111111 ], [ -105.652083333333337, 38.410694444444445 ], [ -105.651805555555555, 38.410694444444445 ], [ -105.651805555555555, 38.41041666666667 ], [ -105.651527777777773, 38.41041666666667 ], [ -105.651527777777773, 38.409861111111113 ], [ -105.65069444444444, 38.409861111111113 ], [ -105.65069444444444, 38.40902777777778 ], [ -105.65013888888889, 38.40902777777778 ], [ -105.65013888888889, 38.40763888888889 ], [ -105.65069444444444, 38.40763888888889 ], [ -105.65069444444444, 38.407361111111115 ], [ -105.65125, 38.407361111111115 ], [ -105.65125, 38.407083333333333 ], [ -105.650972222222222, 38.407083333333333 ], [ -105.650972222222222, 38.40625 ], [ -105.65069444444444, 38.40625 ], [ -105.65069444444444, 38.405972222222225 ], [ -105.65013888888889, 38.405972222222225 ], [ -105.65013888888889, 38.405694444444443 ], [ -105.650416666666658, 38.405694444444443 ], [ -105.650416666666658, 38.405416666666667 ], [ -105.65013888888889, 38.405416666666667 ], [ -105.65013888888889, 38.404027777777777 ], [ -105.649861111111107, 38.404027777777777 ], [ -105.649861111111107, 38.403194444444445 ], [ -105.649583333333325, 38.403194444444445 ], [ -105.649583333333325, 38.402361111111112 ], [ -105.649861111111107, 38.402361111111112 ], [ -105.649861111111107, 38.402083333333337 ], [ -105.650416666666658, 38.402083333333337 ], [ -105.650416666666658, 38.401805555555555 ], [ -105.65069444444444, 38.401805555555555 ], [ -105.65069444444444, 38.40152777777778 ], [ -105.650972222222222, 38.40152777777778 ], [ -105.650972222222222, 38.40125 ], [ -105.651527777777773, 38.40125 ], [ -105.651527777777773, 38.40013888888889 ], [ -105.65125, 38.40013888888889 ], [ -105.65125, 38.399861111111115 ], [ -105.651527777777773, 38.399861111111115 ], [ -105.651527777777773, 38.399305555555557 ], [ -105.652083333333337, 38.399305555555557 ], [ -105.652083333333337, 38.399027777777775 ], [ -105.652638888888887, 38.399027777777775 ], [ -105.652638888888887, 38.39875 ], [ -105.65291666666667, 38.39875 ], [ -105.65291666666667, 38.398472222222225 ], [ -105.653194444444438, 38.398472222222225 ], [ -105.653194444444438, 38.397916666666667 ], [ -105.65347222222222, 38.397916666666667 ], [ -105.65347222222222, 38.397638888888892 ], [ -105.653194444444438, 38.397638888888892 ], [ -105.653194444444438, 38.39736111111111 ], [ -105.651805555555555, 38.39736111111111 ], [ -105.651805555555555, 38.397638888888892 ], [ -105.649305555555557, 38.397638888888892 ], [ -105.649305555555557, 38.397916666666667 ], [ -105.649027777777775, 38.397916666666667 ], [ -105.649027777777775, 38.397638888888892 ], [ -105.648194444444442, 38.397638888888892 ], [ -105.648194444444442, 38.39736111111111 ], [ -105.647083333333327, 38.39736111111111 ], [ -105.647083333333327, 38.396805555555559 ], [ -105.646805555555559, 38.396805555555559 ], [ -105.646805555555559, 38.396527777777777 ], [ -105.646527777777777, 38.396527777777777 ], [ -105.646527777777777, 38.39625 ], [ -105.64625, 38.39625 ], [ -105.64625, 38.395694444444445 ], [ -105.645972222222213, 38.395694444444445 ], [ -105.645972222222213, 38.395416666666669 ], [ -105.645694444444445, 38.395416666666669 ], [ -105.645694444444445, 38.395138888888887 ], [ -105.645416666666662, 38.395138888888887 ], [ -105.645416666666662, 38.394861111111112 ], [ -105.64513888888888, 38.394861111111112 ], [ -105.64513888888888, 38.394583333333337 ], [ -105.64375, 38.394583333333337 ], [ -105.64375, 38.394305555555555 ], [ -105.643472222222215, 38.394305555555555 ], [ -105.643472222222215, 38.394027777777779 ], [ -105.642083333333332, 38.394027777777779 ], [ -105.642083333333332, 38.39375 ], [ -105.64180555555555, 38.39375 ], [ -105.64180555555555, 38.393472222222222 ], [ -105.64125, 38.393472222222222 ], [ -105.64125, 38.393194444444447 ], [ -105.640138888888885, 38.393194444444447 ], [ -105.640138888888885, 38.393472222222222 ], [ -105.639305555555552, 38.393472222222222 ], [ -105.639305555555552, 38.393194444444447 ], [ -105.63875, 38.393194444444447 ], [ -105.63875, 38.39375 ], [ -105.63902777777777, 38.39375 ], [ -105.63902777777777, 38.394583333333337 ], [ -105.639305555555552, 38.394583333333337 ], [ -105.639305555555552, 38.394861111111112 ], [ -105.639583333333334, 38.394861111111112 ], [ -105.639583333333334, 38.395138888888887 ], [ -105.639861111111102, 38.395138888888887 ], [ -105.639861111111102, 38.395416666666669 ], [ -105.640138888888885, 38.395416666666669 ], [ -105.640138888888885, 38.39625 ], [ -105.639861111111102, 38.39625 ], [ -105.639861111111102, 38.397083333333335 ], [ -105.639583333333334, 38.397083333333335 ], [ -105.639583333333334, 38.397638888888892 ], [ -105.63902777777777, 38.397638888888892 ], [ -105.63902777777777, 38.397916666666667 ], [ -105.638194444444437, 38.397916666666667 ], [ -105.638194444444437, 38.398472222222225 ], [ -105.637916666666669, 38.398472222222225 ], [ -105.637916666666669, 38.399027777777775 ], [ -105.637638888888887, 38.399027777777775 ], [ -105.637638888888887, 38.399305555555557 ], [ -105.636805555555554, 38.399305555555557 ], [ -105.636805555555554, 38.399027777777775 ], [ -105.636527777777772, 38.399027777777775 ], [ -105.636527777777772, 38.40013888888889 ], [ -105.636805555555554, 38.40013888888889 ], [ -105.636805555555554, 38.400416666666665 ], [ -105.636527777777772, 38.400416666666665 ], [ -105.636527777777772, 38.400694444444447 ], [ -105.63625, 38.400694444444447 ], [ -105.63625, 38.400972222222222 ], [ -105.635972222222222, 38.400972222222222 ], [ -105.635972222222222, 38.40125 ], [ -105.635416666666657, 38.40125 ], [ -105.635416666666657, 38.40152777777778 ], [ -105.634861111111107, 38.40152777777778 ], [ -105.634861111111107, 38.401805555555555 ], [ -105.635138888888889, 38.401805555555555 ], [ -105.635138888888889, 38.40291666666667 ], [ -105.635416666666657, 38.40291666666667 ], [ -105.635416666666657, 38.40347222222222 ], [ -105.635138888888889, 38.40347222222222 ], [ -105.635138888888889, 38.404027777777777 ], [ -105.634861111111107, 38.404027777777777 ], [ -105.634861111111107, 38.405138888888892 ], [ -105.634583333333325, 38.405138888888892 ], [ -105.634583333333325, 38.405416666666667 ], [ -105.635416666666657, 38.405416666666667 ], [ -105.635416666666657, 38.405694444444443 ], [ -105.635694444444439, 38.405694444444443 ], [ -105.635694444444439, 38.405972222222225 ], [ -105.635972222222222, 38.405972222222225 ], [ -105.635972222222222, 38.406527777777775 ], [ -105.635694444444439, 38.406527777777775 ], [ -105.635694444444439, 38.40763888888889 ], [ -105.635416666666657, 38.40763888888889 ], [ -105.635416666666657, 38.408194444444447 ], [ -105.634861111111107, 38.408194444444447 ], [ -105.634861111111107, 38.409305555555555 ], [ -105.635138888888889, 38.409305555555555 ], [ -105.635138888888889, 38.409861111111113 ], [ -105.634861111111107, 38.409861111111113 ], [ -105.634861111111107, 38.410138888888888 ], [ -105.634583333333325, 38.410138888888888 ], [ -105.634583333333325, 38.410694444444445 ], [ -105.634305555555557, 38.410694444444445 ], [ -105.634305555555557, 38.41097222222222 ], [ -105.633472222222224, 38.41097222222222 ], [ -105.633472222222224, 38.41125 ], [ -105.632638888888891, 38.41125 ], [ -105.632638888888891, 38.411527777777778 ], [ -105.632361111111109, 38.411527777777778 ], [ -105.632361111111109, 38.411805555555553 ], [ -105.632083333333327, 38.411805555555553 ], [ -105.632083333333327, 38.412083333333335 ], [ -105.631805555555559, 38.412083333333335 ], [ -105.631805555555559, 38.41236111111111 ], [ -105.630972222222226, 38.41236111111111 ], [ -105.630972222222226, 38.412638888888893 ], [ -105.630694444444444, 38.412638888888893 ], [ -105.630694444444444, 38.41236111111111 ], [ -105.629583333333329, 38.41236111111111 ], [ -105.629583333333329, 38.412638888888893 ], [ -105.629027777777779, 38.412638888888893 ], [ -105.629027777777779, 38.412916666666668 ], [ -105.62875, 38.412916666666668 ], [ -105.62875, 38.413194444444443 ], [ -105.628472222222214, 38.413194444444443 ], [ -105.628472222222214, 38.414305555555558 ], [ -105.627916666666664, 38.414305555555558 ], [ -105.627916666666664, 38.414583333333333 ], [ -105.628194444444446, 38.414583333333333 ], [ -105.628194444444446, 38.415972222222223 ], [ -105.628472222222214, 38.415972222222223 ], [ -105.628472222222214, 38.417361111111113 ], [ -105.62875, 38.417361111111113 ], [ -105.62875, 38.41791666666667 ], [ -105.629027777777779, 38.41791666666667 ], [ -105.629027777777779, 38.418194444444445 ], [ -105.629305555555547, 38.418194444444445 ], [ -105.629305555555547, 38.418472222222221 ], [ -105.630972222222226, 38.418472222222221 ], [ -105.630972222222226, 38.41875 ], [ -105.63125, 38.41875 ], [ -105.63125, 38.419305555555553 ], [ -105.631527777777777, 38.419305555555553 ], [ -105.631527777777777, 38.419583333333335 ], [ -105.632083333333327, 38.419583333333335 ], [ -105.632083333333327, 38.420138888888893 ], [ -105.631805555555559, 38.420138888888893 ], [ -105.631805555555559, 38.420694444444443 ], [ -105.631527777777777, 38.420694444444443 ], [ -105.631527777777777, 38.422361111111108 ], [ -105.63125, 38.422361111111108 ], [ -105.63125, 38.422638888888891 ], [ -105.631527777777777, 38.422638888888891 ], [ -105.631527777777777, 38.422916666666666 ], [ -105.631805555555559, 38.422916666666666 ], [ -105.631805555555559, 38.423194444444448 ], [ -105.632083333333327, 38.423194444444448 ], [ -105.632083333333327, 38.42375 ], [ -105.632361111111109, 38.42375 ], [ -105.632361111111109, 38.424027777777781 ], [ -105.632916666666659, 38.424027777777781 ], [ -105.632916666666659, 38.424583333333331 ], [ -105.632638888888891, 38.424583333333331 ], [ -105.632638888888891, 38.425972222222221 ], [ -105.632083333333327, 38.425972222222221 ], [ -105.632083333333327, 38.426527777777778 ], [ -105.631805555555559, 38.426527777777778 ], [ -105.631805555555559, 38.426805555555553 ], [ -105.631527777777777, 38.426805555555553 ], [ -105.631527777777777, 38.426527777777778 ], [ -105.630972222222226, 38.426527777777778 ], [ -105.630972222222226, 38.42625 ], [ -105.630694444444444, 38.42625 ], [ -105.630694444444444, 38.425972222222221 ], [ -105.630138888888879, 38.425972222222221 ], [ -105.630138888888879, 38.427916666666668 ], [ -105.630416666666662, 38.427916666666668 ], [ -105.630416666666662, 38.428194444444443 ], [ -105.630138888888879, 38.428194444444443 ], [ -105.630138888888879, 38.428472222222226 ], [ -105.630416666666662, 38.428472222222226 ], [ -105.630416666666662, 38.429305555555558 ], [ -105.630694444444444, 38.429305555555558 ], [ -105.630694444444444, 38.429583333333333 ], [ -105.630972222222226, 38.429583333333333 ], [ -105.630972222222226, 38.430138888888891 ], [ -105.63125, 38.430138888888891 ], [ -105.63125, 38.430416666666666 ], [ -105.631527777777777, 38.430416666666666 ], [ -105.631527777777777, 38.430694444444448 ], [ -105.632083333333327, 38.430694444444448 ], [ -105.632083333333327, 38.43125 ], [ -105.631805555555559, 38.43125 ], [ -105.631805555555559, 38.431527777777781 ], [ -105.631527777777777, 38.431527777777781 ], [ -105.631527777777777, 38.431805555555556 ], [ -105.63125, 38.431805555555556 ], [ -105.63125, 38.432083333333331 ], [ -105.630972222222226, 38.432083333333331 ], [ -105.630972222222226, 38.434027777777779 ], [ -105.630694444444444, 38.434027777777779 ], [ -105.630694444444444, 38.434305555555554 ], [ -105.630416666666662, 38.434305555555554 ], [ -105.630416666666662, 38.434583333333336 ], [ -105.630138888888879, 38.434583333333336 ], [ -105.630138888888879, 38.435416666666669 ], [ -105.630416666666662, 38.435416666666669 ], [ -105.630416666666662, 38.435694444444444 ], [ -105.630694444444444, 38.435694444444444 ], [ -105.630694444444444, 38.43625 ], [ -105.630972222222226, 38.43625 ], [ -105.630972222222226, 38.436527777777776 ], [ -105.631527777777777, 38.436527777777776 ], [ -105.631527777777777, 38.436805555555559 ], [ -105.631805555555559, 38.436805555555559 ], [ -105.631805555555559, 38.437361111111109 ], [ -105.632083333333327, 38.437361111111109 ], [ -105.632083333333327, 38.437638888888891 ], [ -105.632361111111109, 38.437638888888891 ], [ -105.632361111111109, 38.437916666666666 ], [ -105.632638888888891, 38.437916666666666 ], [ -105.632638888888891, 38.439027777777781 ], [ -105.633194444444442, 38.439027777777781 ], [ -105.633194444444442, 38.439305555555556 ], [ -105.634305555555557, 38.439305555555556 ], [ -105.634305555555557, 38.439583333333331 ], [ -105.634861111111107, 38.439583333333331 ], [ -105.634861111111107, 38.439861111111114 ], [ -105.635416666666657, 38.439861111111114 ], [ -105.635416666666657, 38.440138888888889 ], [ -105.635694444444439, 38.440138888888889 ], [ -105.635694444444439, 38.440694444444446 ], [ -105.635416666666657, 38.440694444444446 ], [ -105.635416666666657, 38.44125 ], [ -105.635138888888889, 38.44125 ], [ -105.635138888888889, 38.442083333333336 ], [ -105.634861111111107, 38.442083333333336 ], [ -105.634861111111107, 38.442361111111111 ], [ -105.634583333333325, 38.442361111111111 ], [ -105.634583333333325, 38.442916666666669 ], [ -105.634305555555557, 38.442916666666669 ], [ -105.634305555555557, 38.443194444444444 ], [ -105.634027777777774, 38.443194444444444 ], [ -105.634027777777774, 38.443472222222226 ], [ -105.63375, 38.443472222222226 ], [ -105.63375, 38.44375 ], [ -105.633472222222224, 38.44375 ], [ -105.633472222222224, 38.444027777777777 ], [ -105.633194444444442, 38.444027777777777 ], [ -105.633194444444442, 38.444305555555559 ], [ -105.632916666666659, 38.444305555555559 ], [ -105.632916666666659, 38.444583333333334 ], [ -105.632638888888891, 38.444583333333334 ], [ -105.632638888888891, 38.444861111111109 ], [ -105.632083333333327, 38.444861111111109 ], [ -105.632083333333327, 38.445138888888891 ], [ -105.63125, 38.445138888888891 ], [ -105.63125, 38.445416666666667 ], [ -105.630972222222226, 38.445416666666667 ], [ -105.630972222222226, 38.445694444444442 ], [ -105.630694444444444, 38.445694444444442 ], [ -105.630694444444444, 38.445972222222224 ], [ -105.630416666666662, 38.445972222222224 ], [ -105.630416666666662, 38.44625 ], [ -105.630138888888879, 38.44625 ], [ -105.630138888888879, 38.446805555555557 ], [ -105.629861111111111, 38.446805555555557 ], [ -105.629861111111111, 38.447083333333332 ], [ -105.629583333333329, 38.447083333333332 ], [ -105.629583333333329, 38.447361111111114 ], [ -105.629305555555547, 38.447361111111114 ], [ -105.629305555555547, 38.447638888888889 ], [ -105.629027777777779, 38.447638888888889 ], [ -105.629027777777779, 38.447916666666664 ], [ -105.629583333333329, 38.447916666666664 ], [ -105.629583333333329, 38.449305555555554 ], [ -105.629861111111111, 38.449305555555554 ], [ -105.629861111111111, 38.449583333333337 ], [ -105.630138888888879, 38.449583333333337 ], [ -105.630138888888879, 38.449861111111112 ], [ -105.629861111111111, 38.449861111111112 ], [ -105.629861111111111, 38.452083333333334 ], [ -105.629583333333329, 38.452083333333334 ], [ -105.629583333333329, 38.452361111111109 ], [ -105.629305555555547, 38.452361111111109 ], [ -105.629305555555547, 38.454027777777782 ], [ -105.629027777777779, 38.454027777777782 ], [ -105.629027777777779, 38.454305555555557 ], [ -105.628472222222214, 38.454305555555557 ], [ -105.628472222222214, 38.454583333333332 ], [ -105.627916666666664, 38.454583333333332 ], [ -105.627916666666664, 38.454861111111114 ], [ -105.627361111111114, 38.454861111111114 ], [ -105.627361111111114, 38.455138888888889 ], [ -105.626805555555549, 38.455138888888889 ], [ -105.626805555555549, 38.45625 ], [ -105.627083333333331, 38.45625 ], [ -105.627083333333331, 38.457361111111112 ], [ -105.627638888888882, 38.457361111111112 ], [ -105.627638888888882, 38.457638888888887 ], [ -105.627916666666664, 38.457638888888887 ], [ -105.627916666666664, 38.457916666666669 ], [ -105.628194444444446, 38.457916666666669 ], [ -105.628194444444446, 38.45847222222222 ], [ -105.628472222222214, 38.45847222222222 ], [ -105.628472222222214, 38.459583333333335 ], [ -105.628194444444446, 38.459583333333335 ], [ -105.628194444444446, 38.460138888888892 ], [ -105.628472222222214, 38.460138888888892 ], [ -105.628472222222214, 38.460416666666667 ], [ -105.62875, 38.460416666666667 ], [ -105.62875, 38.460694444444442 ], [ -105.629027777777779, 38.460694444444442 ], [ -105.629027777777779, 38.460972222222225 ], [ -105.629305555555547, 38.460972222222225 ], [ -105.629305555555547, 38.46125 ], [ -105.629583333333329, 38.46125 ], [ -105.629583333333329, 38.461527777777775 ], [ -105.629861111111111, 38.461527777777775 ], [ -105.629861111111111, 38.461805555555557 ], [ -105.630138888888879, 38.461805555555557 ], [ -105.630138888888879, 38.462083333333332 ], [ -105.630416666666662, 38.462083333333332 ], [ -105.630416666666662, 38.462361111111115 ], [ -105.630694444444444, 38.462361111111115 ], [ -105.630694444444444, 38.46263888888889 ], [ -105.630972222222226, 38.46263888888889 ], [ -105.630972222222226, 38.462916666666665 ], [ -105.631527777777777, 38.462916666666665 ], [ -105.631527777777777, 38.463194444444447 ], [ -105.631805555555559, 38.463194444444447 ], [ -105.631805555555559, 38.46375 ], [ -105.631527777777777, 38.46375 ], [ -105.631527777777777, 38.464861111111112 ], [ -105.631805555555559, 38.464861111111112 ], [ -105.631805555555559, 38.46541666666667 ], [ -105.632083333333327, 38.46541666666667 ], [ -105.632083333333327, 38.465694444444445 ], [ -105.632361111111109, 38.465694444444445 ], [ -105.632361111111109, 38.466805555555553 ], [ -105.632083333333327, 38.466805555555553 ], [ -105.632083333333327, 38.467916666666667 ], [ -105.631805555555559, 38.467916666666667 ], [ -105.631805555555559, 38.468472222222225 ], [ -105.631527777777777, 38.468472222222225 ], [ -105.631527777777777, 38.46875 ], [ -105.63125, 38.46875 ], [ -105.63125, 38.469027777777775 ], [ -105.630972222222226, 38.469027777777775 ], [ -105.630972222222226, 38.469305555555557 ], [ -105.630416666666662, 38.469305555555557 ], [ -105.630416666666662, 38.469583333333333 ], [ -105.629861111111111, 38.469583333333333 ], [ -105.629861111111111, 38.469861111111115 ], [ -105.629305555555547, 38.469861111111115 ], [ -105.629305555555547, 38.47013888888889 ], [ -105.62875, 38.47013888888889 ], [ -105.62875, 38.470694444444447 ], [ -105.628472222222214, 38.470694444444447 ], [ -105.628472222222214, 38.474027777777778 ], [ -105.62875, 38.474027777777778 ], [ -105.62875, 38.474305555555553 ], [ -105.629027777777779, 38.474305555555553 ], [ -105.629027777777779, 38.475694444444443 ], [ -105.629305555555547, 38.475694444444443 ], [ -105.629305555555547, 38.47625 ], [ -105.629583333333329, 38.47625 ], [ -105.629583333333329, 38.476527777777775 ], [ -105.629861111111111, 38.476527777777775 ], [ -105.629861111111111, 38.476805555555558 ], [ -105.630138888888879, 38.476805555555558 ], [ -105.630138888888879, 38.477083333333333 ], [ -105.630416666666662, 38.477083333333333 ], [ -105.630416666666662, 38.477361111111115 ], [ -105.630694444444444, 38.477361111111115 ], [ -105.630694444444444, 38.47763888888889 ], [ -105.630972222222226, 38.47763888888889 ], [ -105.630972222222226, 38.478194444444448 ], [ -105.63125, 38.478194444444448 ], [ -105.63125, 38.478472222222223 ], [ -105.631527777777777, 38.478472222222223 ], [ -105.631527777777777, 38.47875 ], [ -105.631805555555559, 38.47875 ], [ -105.631805555555559, 38.47902777777778 ], [ -105.632083333333327, 38.47902777777778 ], [ -105.632083333333327, 38.479305555555555 ], [ -105.632361111111109, 38.479305555555555 ], [ -105.632361111111109, 38.479583333333331 ], [ -105.633194444444442, 38.479583333333331 ], [ -105.633194444444442, 38.479861111111113 ], [ -105.63375, 38.479861111111113 ], [ -105.63375, 38.480138888888888 ], [ -105.634027777777774, 38.480138888888888 ], [ -105.634027777777774, 38.48041666666667 ], [ -105.634305555555557, 38.48041666666667 ], [ -105.634305555555557, 38.480972222222221 ], [ -105.634861111111107, 38.480972222222221 ], [ -105.634861111111107, 38.48125 ], [ -105.635416666666657, 38.48125 ], [ -105.635416666666657, 38.481527777777778 ], [ -105.635694444444439, 38.481527777777778 ], [ -105.635694444444439, 38.483472222222225 ], [ -105.636527777777772, 38.483472222222225 ], [ -105.636527777777772, 38.48375 ], [ -105.636805555555554, 38.48375 ], [ -105.636805555555554, 38.484861111111108 ], [ -105.636527777777772, 38.484861111111108 ], [ -105.636527777777772, 38.485138888888891 ], [ -105.63625, 38.485138888888891 ], [ -105.63625, 38.485416666666666 ], [ -105.635972222222222, 38.485416666666666 ], [ -105.635972222222222, 38.485694444444448 ], [ -105.635694444444439, 38.485694444444448 ], [ -105.635694444444439, 38.48625 ], [ -105.635416666666657, 38.48625 ], [ -105.635416666666657, 38.486805555555556 ], [ -105.635694444444439, 38.486805555555556 ], [ -105.635694444444439, 38.487083333333331 ], [ -105.635416666666657, 38.487083333333331 ], [ -105.635416666666657, 38.488194444444446 ], [ -105.635694444444439, 38.488194444444446 ], [ -105.635694444444439, 38.489027777777778 ], [ -105.635972222222222, 38.489027777777778 ], [ -105.635972222222222, 38.489583333333336 ], [ -105.63625, 38.489583333333336 ], [ -105.63625, 38.490138888888886 ], [ -105.635972222222222, 38.490138888888886 ], [ -105.635972222222222, 38.490972222222226 ], [ -105.63625, 38.490972222222226 ], [ -105.63625, 38.49125 ], [ -105.636527777777772, 38.49125 ], [ -105.636527777777772, 38.491527777777776 ], [ -105.637083333333337, 38.491527777777776 ], [ -105.637083333333337, 38.491805555555558 ], [ -105.637361111111105, 38.491805555555558 ], [ -105.637361111111105, 38.493472222222223 ], [ -105.638194444444437, 38.493472222222223 ], [ -105.638194444444437, 38.49375 ], [ -105.63902777777777, 38.49375 ], [ -105.63902777777777, 38.494027777777781 ], [ -105.639583333333334, 38.494027777777781 ], [ -105.639583333333334, 38.49375 ], [ -105.639861111111102, 38.49375 ], [ -105.639861111111102, 38.494027777777781 ], [ -105.640694444444435, 38.494027777777781 ], [ -105.640694444444435, 38.494305555555556 ], [ -105.64125, 38.494305555555556 ], [ -105.64125, 38.494583333333331 ], [ -105.641527777777782, 38.494583333333331 ], [ -105.641527777777782, 38.494861111111113 ], [ -105.642083333333332, 38.494861111111113 ], [ -105.642083333333332, 38.495138888888889 ], [ -105.642638888888882, 38.495138888888889 ], [ -105.642638888888882, 38.495416666666664 ], [ -105.642916666666665, 38.495416666666664 ], [ -105.642916666666665, 38.495694444444446 ], [ -105.643194444444447, 38.495694444444446 ], [ -105.643194444444447, 38.495972222222221 ], [ -105.643472222222215, 38.495972222222221 ], [ -105.643472222222215, 38.49625 ], [ -105.64375, 38.49625 ], [ -105.64375, 38.496805555555554 ], [ -105.644027777777779, 38.496805555555554 ], [ -105.644027777777779, 38.497083333333336 ], [ -105.644305555555547, 38.497083333333336 ], [ -105.644305555555547, 38.497361111111111 ], [ -105.644861111111112, 38.497361111111111 ], [ -105.644861111111112, 38.497916666666669 ], [ -105.64513888888888, 38.497916666666669 ], [ -105.64513888888888, 38.498194444444444 ], [ -105.645416666666662, 38.498194444444444 ], [ -105.645416666666662, 38.498472222222226 ], [ -105.645972222222213, 38.498472222222226 ], [ -105.645972222222213, 38.499027777777776 ], [ -105.64625, 38.499027777777776 ], [ -105.64625, 38.499305555555559 ], [ -105.646527777777777, 38.499305555555559 ], [ -105.646527777777777, 38.499583333333334 ], [ -105.646805555555559, 38.499583333333334 ], [ -105.646805555555559, 38.499861111111109 ], [ -105.647083333333327, 38.499861111111109 ], [ -105.647083333333327, 38.500138888888891 ], [ -105.64736111111111, 38.500138888888891 ], [ -105.64736111111111, 38.500972222222224 ], [ -105.647638888888892, 38.500972222222224 ], [ -105.647638888888892, 38.50125 ], [ -105.64791666666666, 38.50125 ], [ -105.64791666666666, 38.501805555555556 ], [ -105.648194444444442, 38.501805555555556 ], [ -105.648194444444442, 38.502361111111114 ], [ -105.648472222222225, 38.502361111111114 ], [ -105.648472222222225, 38.502916666666664 ], [ -105.64875, 38.502916666666664 ], [ -105.64875, 38.50375 ], [ -105.648472222222225, 38.50375 ], [ -105.648472222222225, 38.504583333333336 ], [ -105.64875, 38.504583333333336 ], [ -105.64875, 38.504861111111111 ], [ -105.649027777777775, 38.504861111111111 ], [ -105.649027777777775, 38.505138888888887 ], [ -105.649305555555557, 38.505138888888887 ], [ -105.649305555555557, 38.505416666666669 ], [ -105.649583333333325, 38.505416666666669 ], [ -105.649583333333325, 38.505694444444444 ], [ -105.649861111111107, 38.505694444444444 ], [ -105.649861111111107, 38.505972222222226 ], [ -105.65013888888889, 38.505972222222226 ], [ -105.65013888888889, 38.506527777777777 ], [ -105.650416666666658, 38.506527777777777 ], [ -105.650416666666658, 38.507361111111109 ], [ -105.65069444444444, 38.507361111111109 ], [ -105.65069444444444, 38.507916666666667 ], [ -105.650972222222222, 38.507916666666667 ], [ -105.650972222222222, 38.509027777777781 ], [ -105.65069444444444, 38.509027777777781 ], [ -105.65069444444444, 38.509583333333332 ], [ -105.650416666666658, 38.509583333333332 ], [ -105.650416666666658, 38.509305555555557 ], [ -105.649861111111107, 38.509305555555557 ], [ -105.649861111111107, 38.509861111111114 ], [ -105.65013888888889, 38.509861111111114 ], [ -105.65013888888889, 38.510694444444447 ], [ -105.649861111111107, 38.510694444444447 ], [ -105.649861111111107, 38.510972222222222 ], [ -105.649583333333325, 38.510972222222222 ], [ -105.649583333333325, 38.51125 ], [ -105.649305555555557, 38.51125 ], [ -105.649305555555557, 38.511527777777779 ], [ -105.64875, 38.511527777777779 ], [ -105.64875, 38.511805555555554 ], [ -105.648472222222225, 38.511805555555554 ], [ -105.648472222222225, 38.512083333333337 ], [ -105.648194444444442, 38.512083333333337 ], [ -105.648194444444442, 38.513472222222219 ], [ -105.64791666666666, 38.513472222222219 ], [ -105.64791666666666, 38.51375 ], [ -105.647638888888892, 38.51375 ], [ -105.647638888888892, 38.514861111111109 ], [ -105.64736111111111, 38.514861111111109 ], [ -105.64736111111111, 38.515138888888892 ], [ -105.647083333333327, 38.515138888888892 ], [ -105.647083333333327, 38.515416666666667 ], [ -105.646805555555559, 38.515416666666667 ], [ -105.646805555555559, 38.515694444444442 ], [ -105.646527777777777, 38.515694444444442 ], [ -105.646527777777777, 38.515972222222224 ], [ -105.64625, 38.515972222222224 ], [ -105.64625, 38.516527777777782 ], [ -105.646527777777777, 38.516527777777782 ], [ -105.646527777777777, 38.516805555555557 ], [ -105.646805555555559, 38.516805555555557 ], [ -105.646805555555559, 38.517083333333332 ], [ -105.647083333333327, 38.517083333333332 ], [ -105.647083333333327, 38.517361111111114 ], [ -105.646805555555559, 38.517361111111114 ], [ -105.646805555555559, 38.518194444444447 ], [ -105.647083333333327, 38.518194444444447 ], [ -105.647083333333327, 38.518472222222222 ], [ -105.64736111111111, 38.518472222222222 ], [ -105.64736111111111, 38.519027777777779 ], [ -105.647638888888892, 38.519027777777779 ], [ -105.647638888888892, 38.519305555555555 ], [ -105.64791666666666, 38.519305555555555 ], [ -105.64791666666666, 38.519583333333337 ], [ -105.648472222222225, 38.519583333333337 ], [ -105.648472222222225, 38.519861111111112 ], [ -105.64875, 38.519861111111112 ], [ -105.64875, 38.520138888888887 ], [ -105.649027777777775, 38.520138888888887 ], [ -105.649027777777775, 38.520416666666669 ], [ -105.649305555555557, 38.520416666666669 ], [ -105.649305555555557, 38.520694444444445 ], [ -105.649583333333325, 38.520694444444445 ], [ -105.649583333333325, 38.52097222222222 ], [ -105.649861111111107, 38.52097222222222 ], [ -105.649861111111107, 38.52125 ], [ -105.65013888888889, 38.52125 ], [ -105.65013888888889, 38.521527777777777 ], [ -105.650416666666658, 38.521527777777777 ], [ -105.650416666666658, 38.52236111111111 ], [ -105.65069444444444, 38.52236111111111 ], [ -105.65069444444444, 38.524583333333332 ], [ -105.651527777777773, 38.524583333333332 ], [ -105.651527777777773, 38.524861111111115 ], [ -105.65125, 38.524861111111115 ], [ -105.65125, 38.52513888888889 ], [ -105.650972222222222, 38.52513888888889 ], [ -105.650972222222222, 38.525416666666665 ], [ -105.65069444444444, 38.525416666666665 ], [ -105.65069444444444, 38.530138888888892 ], [ -105.650416666666658, 38.530138888888892 ], [ -105.650416666666658, 38.530694444444443 ], [ -105.650972222222222, 38.530694444444443 ], [ -105.650972222222222, 38.530972222222225 ], [ -105.65125, 38.530972222222225 ], [ -105.65125, 38.53125 ], [ -105.651805555555555, 38.53125 ], [ -105.651805555555555, 38.531527777777775 ], [ -105.652083333333337, 38.531527777777775 ], [ -105.652083333333337, 38.531805555555557 ], [ -105.652361111111105, 38.531805555555557 ], [ -105.652361111111105, 38.532083333333333 ], [ -105.652638888888887, 38.532083333333333 ], [ -105.652638888888887, 38.532361111111115 ], [ -105.65291666666667, 38.532361111111115 ], [ -105.65291666666667, 38.53263888888889 ], [ -105.653194444444438, 38.53263888888889 ], [ -105.653194444444438, 38.532916666666665 ], [ -105.65375, 38.532916666666665 ], [ -105.65375, 38.533194444444447 ], [ -105.654305555555553, 38.533194444444447 ], [ -105.654305555555553, 38.533472222222223 ], [ -105.654583333333335, 38.533472222222223 ], [ -105.654583333333335, 38.53375 ], [ -105.654861111111103, 38.53375 ], [ -105.654861111111103, 38.53402777777778 ], [ -105.655416666666667, 38.53402777777778 ], [ -105.655416666666667, 38.534305555555555 ], [ -105.655138888888885, 38.534305555555555 ], [ -105.655138888888885, 38.534861111111113 ], [ -105.654861111111103, 38.534861111111113 ], [ -105.654861111111103, 38.53541666666667 ], [ -105.654583333333335, 38.53541666666667 ], [ -105.654583333333335, 38.535694444444445 ], [ -105.654305555555553, 38.535694444444445 ], [ -105.654305555555553, 38.53597222222222 ], [ -105.65402777777777, 38.53597222222222 ], [ -105.65402777777777, 38.53625 ], [ -105.65375, 38.53625 ], [ -105.65375, 38.536805555555553 ], [ -105.65347222222222, 38.536805555555553 ], [ -105.65347222222222, 38.537083333333335 ], [ -105.653194444444438, 38.537083333333335 ], [ -105.653194444444438, 38.53736111111111 ], [ -105.65291666666667, 38.53736111111111 ], [ -105.65291666666667, 38.537638888888893 ], [ -105.652638888888887, 38.537638888888893 ], [ -105.652638888888887, 38.538194444444443 ], [ -105.652361111111105, 38.538194444444443 ], [ -105.652361111111105, 38.53875 ], [ -105.652083333333337, 38.53875 ], [ -105.652083333333337, 38.539305555555558 ], [ -105.649583333333325, 38.539305555555558 ], [ -105.649583333333325, 38.539583333333333 ], [ -105.64791666666666, 38.539583333333333 ], [ -105.64791666666666, 38.539861111111115 ], [ -105.645694444444445, 38.539861111111115 ], [ -105.645694444444445, 38.54013888888889 ], [ -105.645416666666662, 38.54013888888889 ], [ -105.645416666666662, 38.540416666666665 ], [ -105.64513888888888, 38.540416666666665 ], [ -105.64513888888888, 38.540694444444448 ], [ -105.644861111111112, 38.540694444444448 ], [ -105.644861111111112, 38.540972222222223 ], [ -105.64458333333333, 38.540972222222223 ], [ -105.64458333333333, 38.54125 ], [ -105.644305555555547, 38.54125 ], [ -105.644305555555547, 38.54152777777778 ], [ -105.644027777777779, 38.54152777777778 ], [ -105.644027777777779, 38.541805555555555 ], [ -105.64375, 38.541805555555555 ], [ -105.64375, 38.542083333333331 ], [ -105.643472222222215, 38.542083333333331 ], [ -105.643472222222215, 38.542361111111113 ], [ -105.642916666666665, 38.542361111111113 ], [ -105.642916666666665, 38.542638888888888 ], [ -105.642638888888882, 38.542638888888888 ], [ -105.642638888888882, 38.54291666666667 ], [ -105.642361111111114, 38.54291666666667 ], [ -105.642361111111114, 38.543194444444445 ], [ -105.642083333333332, 38.543194444444445 ], [ -105.642083333333332, 38.543472222222221 ], [ -105.64180555555555, 38.543472222222221 ], [ -105.64180555555555, 38.54375 ], [ -105.641527777777782, 38.54375 ], [ -105.641527777777782, 38.544027777777778 ], [ -105.640694444444435, 38.544027777777778 ], [ -105.640694444444435, 38.544305555555553 ], [ -105.640416666666667, 38.544305555555553 ], [ -105.640416666666667, 38.544583333333335 ], [ -105.640138888888885, 38.544583333333335 ], [ -105.640138888888885, 38.544861111111111 ], [ -105.639861111111102, 38.544861111111111 ], [ -105.639861111111102, 38.545138888888893 ], [ -105.639583333333334, 38.545138888888893 ], [ -105.639583333333334, 38.545972222222225 ], [ -105.63902777777777, 38.545972222222225 ], [ -105.63902777777777, 38.546527777777776 ], [ -105.63875, 38.546527777777776 ], [ -105.63875, 38.546805555555558 ], [ -105.638472222222219, 38.546805555555558 ], [ -105.638472222222219, 38.547361111111108 ], [ -105.638194444444437, 38.547361111111108 ], [ -105.638194444444437, 38.548194444444448 ], [ -105.637916666666669, 38.548194444444448 ], [ -105.637916666666669, 38.548472222222223 ], [ -105.637638888888887, 38.548472222222223 ], [ -105.637638888888887, 38.549861111111113 ], [ -105.637916666666669, 38.549861111111113 ], [ -105.637916666666669, 38.550138888888888 ], [ -105.638194444444437, 38.550138888888888 ], [ -105.638194444444437, 38.550694444444446 ], [ -105.638472222222219, 38.550694444444446 ], [ -105.638472222222219, 38.55125 ], [ -105.63875, 38.55125 ], [ -105.63875, 38.551527777777778 ], [ -105.63902777777777, 38.551527777777778 ], [ -105.63902777777777, 38.551805555555553 ], [ -105.639305555555552, 38.551805555555553 ], [ -105.639305555555552, 38.553472222222226 ], [ -105.639583333333334, 38.553472222222226 ], [ -105.639583333333334, 38.554027777777776 ], [ -105.639305555555552, 38.554027777777776 ], [ -105.639305555555552, 38.554861111111109 ], [ -105.63902777777777, 38.554861111111109 ], [ -105.63902777777777, 38.55625 ], [ -105.639305555555552, 38.55625 ], [ -105.639305555555552, 38.556527777777781 ], [ -105.639861111111102, 38.556527777777781 ], [ -105.639861111111102, 38.556805555555556 ], [ -105.640694444444435, 38.556805555555556 ], [ -105.640694444444435, 38.557083333333331 ], [ -105.640972222222217, 38.557083333333331 ], [ -105.640972222222217, 38.557361111111113 ], [ -105.64125, 38.557361111111113 ], [ -105.64125, 38.557916666666664 ], [ -105.64180555555555, 38.557916666666664 ], [ -105.64180555555555, 38.558472222222221 ], [ -105.642083333333332, 38.558472222222221 ], [ -105.642083333333332, 38.559861111111111 ], [ -105.64180555555555, 38.559861111111111 ], [ -105.64180555555555, 38.567916666666669 ], [ -105.641527777777782, 38.567916666666669 ], [ -105.641527777777782, 38.568194444444444 ], [ -105.64125, 38.568194444444444 ], [ -105.64125, 38.56875 ], [ -105.640972222222217, 38.56875 ], [ -105.640972222222217, 38.569305555555559 ], [ -105.640694444444435, 38.569305555555559 ], [ -105.640694444444435, 38.569583333333334 ], [ -105.640416666666667, 38.569583333333334 ], [ -105.640416666666667, 38.570138888888891 ], [ -105.640694444444435, 38.570138888888891 ], [ -105.640694444444435, 38.570694444444442 ], [ -105.640972222222217, 38.570694444444442 ], [ -105.640972222222217, 38.57125 ], [ -105.64125, 38.57125 ], [ -105.64125, 38.571527777777781 ], [ -105.641527777777782, 38.571527777777781 ], [ -105.641527777777782, 38.571805555555557 ], [ -105.64180555555555, 38.571805555555557 ], [ -105.64180555555555, 38.572083333333332 ], [ -105.642083333333332, 38.572083333333332 ], [ -105.642083333333332, 38.572361111111114 ], [ -105.642361111111114, 38.572361111111114 ], [ -105.642361111111114, 38.572916666666664 ], [ -105.642638888888882, 38.572916666666664 ], [ -105.642638888888882, 38.573194444444447 ], [ -105.642916666666665, 38.573194444444447 ], [ -105.642916666666665, 38.573472222222222 ], [ -105.643194444444447, 38.573472222222222 ], [ -105.643194444444447, 38.57375 ], [ -105.643472222222215, 38.57375 ], [ -105.643472222222215, 38.574027777777779 ], [ -105.64375, 38.574027777777779 ], [ -105.64375, 38.574305555555554 ], [ -105.644305555555547, 38.574305555555554 ], [ -105.644305555555547, 38.574583333333337 ], [ -105.64458333333333, 38.574583333333337 ], [ -105.64458333333333, 38.574861111111112 ], [ -105.644861111111112, 38.574861111111112 ], [ -105.644861111111112, 38.575138888888887 ], [ -105.645416666666662, 38.575138888888887 ], [ -105.645416666666662, 38.576527777777777 ], [ -105.645694444444445, 38.576527777777777 ], [ -105.645694444444445, 38.577916666666667 ], [ -105.645416666666662, 38.577916666666667 ], [ -105.645416666666662, 38.578194444444442 ], [ -105.64513888888888, 38.578194444444442 ], [ -105.64513888888888, 38.579027777777782 ], [ -105.644861111111112, 38.579027777777782 ], [ -105.644861111111112, 38.579861111111114 ], [ -105.64513888888888, 38.579861111111114 ], [ -105.64513888888888, 38.580138888888889 ], [ -105.645416666666662, 38.580138888888889 ], [ -105.645416666666662, 38.580416666666665 ], [ -105.645694444444445, 38.580416666666665 ], [ -105.645694444444445, 38.58125 ], [ -105.645972222222213, 38.58125 ], [ -105.645972222222213, 38.581805555555555 ], [ -105.64625, 38.581805555555555 ], [ -105.64625, 38.582083333333337 ], [ -105.646527777777777, 38.582083333333337 ], [ -105.646527777777777, 38.582638888888887 ], [ -105.646805555555559, 38.582638888888887 ], [ -105.646805555555559, 38.582916666666669 ], [ -105.647083333333327, 38.582916666666669 ], [ -105.647083333333327, 38.583194444444445 ], [ -105.64736111111111, 38.583194444444445 ], [ -105.64736111111111, 38.58347222222222 ], [ -105.647638888888892, 38.58347222222222 ], [ -105.647638888888892, 38.58375 ], [ -105.64791666666666, 38.58375 ], [ -105.64791666666666, 38.584027777777777 ], [ -105.648194444444442, 38.584027777777777 ], [ -105.648194444444442, 38.584583333333335 ], [ -105.64875, 38.584583333333335 ], [ -105.64875, 38.58486111111111 ], [ -105.649305555555557, 38.58486111111111 ], [ -105.649305555555557, 38.585138888888892 ], [ -105.649861111111107, 38.585138888888892 ], [ -105.649861111111107, 38.585416666666667 ], [ -105.65013888888889, 38.585416666666667 ], [ -105.65013888888889, 38.585694444444442 ], [ -105.65069444444444, 38.585694444444442 ], [ -105.65069444444444, 38.585972222222225 ], [ -105.651805555555555, 38.585972222222225 ], [ -105.651805555555555, 38.58625 ], [ -105.652361111111105, 38.58625 ], [ -105.652361111111105, 38.586527777777775 ], [ -105.652638888888887, 38.586527777777775 ], [ -105.652638888888887, 38.586805555555557 ], [ -105.65291666666667, 38.586805555555557 ], [ -105.65291666666667, 38.587083333333332 ], [ -105.653194444444438, 38.587083333333332 ], [ -105.653194444444438, 38.587361111111115 ], [ -105.65375, 38.587361111111115 ], [ -105.65375, 38.58763888888889 ], [ -105.654305555555553, 38.58763888888889 ], [ -105.654305555555553, 38.587916666666665 ], [ -105.654861111111103, 38.587916666666665 ], [ -105.654861111111103, 38.588194444444447 ], [ -105.655416666666667, 38.588194444444447 ], [ -105.655416666666667, 38.588472222222222 ], [ -105.655972222222218, 38.588472222222222 ], [ -105.655972222222218, 38.58875 ], [ -105.656527777777768, 38.58875 ], [ -105.656527777777768, 38.58902777777778 ], [ -105.65680555555555, 38.58902777777778 ], [ -105.65680555555555, 38.589583333333337 ], [ -105.657083333333333, 38.589583333333337 ], [ -105.657083333333333, 38.589861111111112 ], [ -105.657361111111115, 38.589861111111112 ], [ -105.657361111111115, 38.590138888888887 ], [ -105.657638888888883, 38.590138888888887 ], [ -105.657638888888883, 38.59041666666667 ], [ -105.657916666666665, 38.59041666666667 ], [ -105.657916666666665, 38.59097222222222 ], [ -105.658194444444447, 38.59097222222222 ], [ -105.658194444444447, 38.592083333333335 ], [ -105.658472222222215, 38.592083333333335 ], [ -105.658472222222215, 38.592638888888892 ], [ -105.65875, 38.592638888888892 ], [ -105.65875, 38.594027777777775 ], [ -105.65902777777778, 38.594027777777775 ], [ -105.65902777777778, 38.594861111111115 ], [ -105.659305555555548, 38.594861111111115 ], [ -105.659305555555548, 38.59513888888889 ], [ -105.65958333333333, 38.59513888888889 ], [ -105.65958333333333, 38.595416666666665 ], [ -105.659305555555548, 38.595416666666665 ], [ -105.659305555555548, 38.595694444444447 ], [ -105.65902777777778, 38.595694444444447 ], [ -105.65902777777778, 38.59625 ], [ -105.65875, 38.59625 ], [ -105.65875, 38.59652777777778 ], [ -105.658472222222215, 38.59652777777778 ], [ -105.658472222222215, 38.597361111111113 ], [ -105.658194444444447, 38.597361111111113 ], [ -105.658194444444447, 38.598194444444445 ], [ -105.657916666666665, 38.598194444444445 ], [ -105.657916666666665, 38.599305555555553 ], [ -105.658194444444447, 38.599305555555553 ], [ -105.658194444444447, 38.599027777777778 ], [ -105.658472222222215, 38.599027777777778 ], [ -105.658472222222215, 38.59875 ], [ -105.65875, 38.59875 ], [ -105.65875, 38.59847222222222 ], [ -105.65902777777778, 38.59847222222222 ], [ -105.65902777777778, 38.598194444444445 ], [ -105.65958333333333, 38.598194444444445 ], [ -105.65958333333333, 38.59791666666667 ], [ -105.659861111111113, 38.59791666666667 ], [ -105.659861111111113, 38.597638888888888 ], [ -105.663472222222225, 38.597638888888888 ], [ -105.663472222222225, 38.597361111111113 ], [ -105.664027777777775, 38.597361111111113 ], [ -105.664027777777775, 38.597083333333337 ], [ -105.664305555555558, 38.597083333333337 ], [ -105.664305555555558, 38.597361111111113 ], [ -105.66513888888889, 38.597361111111113 ], [ -105.66513888888889, 38.597083333333337 ], [ -105.665694444444441, 38.597083333333337 ], [ -105.665694444444441, 38.596805555555555 ], [ -105.666805555555555, 38.596805555555555 ], [ -105.666805555555555, 38.59652777777778 ], [ -105.667083333333323, 38.59652777777778 ], [ -105.667083333333323, 38.59625 ], [ -105.668194444444438, 38.59625 ], [ -105.668194444444438, 38.595972222222223 ], [ -105.669027777777771, 38.595972222222223 ], [ -105.669027777777771, 38.595694444444447 ], [ -105.669583333333335, 38.595694444444447 ], [ -105.669583333333335, 38.595416666666665 ], [ -105.670138888888886, 38.595416666666665 ], [ -105.670138888888886, 38.595694444444447 ], [ -105.670416666666668, 38.595694444444447 ], [ -105.670416666666668, 38.595972222222223 ], [ -105.67125, 38.595972222222223 ], [ -105.67125, 38.59625 ], [ -105.672083333333333, 38.59625 ], [ -105.672083333333333, 38.59652777777778 ], [ -105.673472222222216, 38.59652777777778 ], [ -105.673472222222216, 38.596805555555555 ], [ -105.674305555555549, 38.596805555555555 ], [ -105.674305555555549, 38.597083333333337 ], [ -105.675972222222214, 38.597083333333337 ], [ -105.675972222222214, 38.597361111111113 ], [ -105.67625, 38.597361111111113 ], [ -105.67625, 38.59791666666667 ], [ -105.676527777777778, 38.59791666666667 ], [ -105.676527777777778, 38.598194444444445 ], [ -105.676805555555546, 38.598194444444445 ], [ -105.676805555555546, 38.59875 ], [ -105.677361111111111, 38.59875 ], [ -105.677361111111111, 38.599027777777778 ], [ -105.677916666666661, 38.599027777777778 ], [ -105.677916666666661, 38.599305555555553 ], [ -105.679027777777776, 38.599305555555553 ], [ -105.679027777777776, 38.599583333333335 ], [ -105.679305555555558, 38.599583333333335 ], [ -105.679305555555558, 38.59986111111111 ], [ -105.679861111111109, 38.59986111111111 ], [ -105.679861111111109, 38.600138888888893 ], [ -105.680138888888891, 38.600138888888893 ], [ -105.680138888888891, 38.600416666666668 ], [ -105.680416666666659, 38.600416666666668 ], [ -105.680416666666659, 38.600694444444443 ], [ -105.680694444444441, 38.600694444444443 ], [ -105.680694444444441, 38.60125 ], [ -105.682083333333324, 38.60125 ], [ -105.682083333333324, 38.601527777777775 ], [ -105.682916666666671, 38.601527777777775 ], [ -105.682916666666671, 38.601805555555558 ], [ -105.683472222222221, 38.601805555555558 ], [ -105.683472222222221, 38.602083333333333 ], [ -105.68375, 38.602083333333333 ], [ -105.68375, 38.602361111111115 ], [ -105.687361111111102, 38.602361111111115 ], [ -105.687361111111102, 38.60263888888889 ], [ -105.688194444444449, 38.60263888888889 ], [ -105.688194444444449, 38.602916666666665 ], [ -105.68875, 38.602916666666665 ], [ -105.68875, 38.603194444444448 ], [ -105.690138888888882, 38.603194444444448 ], [ -105.690138888888882, 38.603472222222223 ], [ -105.691527777777779, 38.603472222222223 ], [ -105.691527777777779, 38.603194444444448 ], [ -105.692083333333329, 38.603194444444448 ], [ -105.692083333333329, 38.602916666666665 ], [ -105.693194444444444, 38.602916666666665 ], [ -105.693194444444444, 38.60263888888889 ], [ -105.69375, 38.60263888888889 ], [ -105.69375, 38.602361111111115 ], [ -105.695138888888891, 38.602361111111115 ], [ -105.695138888888891, 38.602083333333333 ], [ -105.695416666666659, 38.602083333333333 ], [ -105.695416666666659, 38.60263888888889 ], [ -105.695694444444442, 38.60263888888889 ], [ -105.695694444444442, 38.603194444444448 ], [ -105.695972222222224, 38.603194444444448 ], [ -105.695972222222224, 38.60375 ], [ -105.69625, 38.60375 ], [ -105.69625, 38.60402777777778 ], [ -105.696527777777774, 38.60402777777778 ], [ -105.696527777777774, 38.604861111111113 ], [ -105.696805555555557, 38.604861111111113 ], [ -105.696805555555557, 38.605138888888888 ], [ -105.697083333333325, 38.605138888888888 ], [ -105.697083333333325, 38.60541666666667 ], [ -105.697916666666657, 38.60541666666667 ], [ -105.697916666666657, 38.605694444444445 ], [ -105.698194444444439, 38.605694444444445 ], [ -105.698194444444439, 38.605972222222221 ], [ -105.698472222222222, 38.605972222222221 ], [ -105.698472222222222, 38.60625 ], [ -105.69875, 38.60625 ], [ -105.69875, 38.606527777777778 ], [ -105.699305555555554, 38.606527777777778 ], [ -105.699305555555554, 38.607361111111111 ], [ -105.699861111111105, 38.607361111111111 ], [ -105.699861111111105, 38.607638888888893 ], [ -105.700138888888887, 38.607638888888893 ], [ -105.700138888888887, 38.607916666666668 ], [ -105.700972222222219, 38.607916666666668 ], [ -105.700972222222219, 38.608194444444443 ], [ -105.701805555555552, 38.608194444444443 ], [ -105.701805555555552, 38.608472222222225 ], [ -105.702083333333334, 38.608472222222225 ], [ -105.702083333333334, 38.60875 ], [ -105.705694444444447, 38.60875 ] ] ] } },
{ "type": "Feature", "properties": { "pour_lon": -105.61041666666667, "pour_lat": 38.411527777777778, "orig_lon": -105.6097, "orig_lat": 38.4125, "name": "block_-2649904", "block_id": -2649904, "area_deg2": 0.11286003086419756 }, "geometry": { "type": "Polygon", "coordinates": [ [ [ -105.899861111111107, 38.719861111111115 ], [ -105.899861111111107, 38.71958333333334 ], [ -105.900138888888875, 38.71958333333334 ], [ -105.900138888888875, 38.719305555555557 ], [ -105.90069444444444, 38.719305555555557 ], [ -105.90069444444444, 38.71958333333334 ], [ -105.900972222222208, 38.71958333333334 ], [ -105.900972222222208, 38.719305555555557 ], [ -105.901527777777773, 38.719305555555557 ], [ -105.901527777777773, 38.719027777777782 ], [ -105.901805555555555, 38.719027777777782 ], [ -105.901805555555555, 38.71875 ], [ -105.902083333333323, 38.71875 ], [ -105.902083333333323, 38.718472222222225 ], [ -105.902638888888887, 38.718472222222225 ], [ -105.902638888888887, 38.71875 ], [ -105.903194444444438, 38.71875 ], [ -105.903194444444438, 38.718472222222225 ], [ -105.904583333333321, 38.718472222222225 ], [ -105.904583333333321, 38.71819444444445 ], [ -105.904861111111103, 38.71819444444445 ], [ -105.904861111111103, 38.717916666666667 ], [ -105.905138888888885, 38.717916666666667 ], [ -105.905138888888885, 38.717638888888892 ], [ -105.905416666666653, 38.717638888888892 ], [ -105.905416666666653, 38.717361111111117 ], [ -105.90625, 38.717361111111117 ], [ -105.90625, 38.717083333333335 ], [ -105.906527777777768, 38.717083333333335 ], [ -105.906527777777768, 38.716527777777785 ], [ -105.907638888888883, 38.716527777777785 ], [ -105.907638888888883, 38.71680555555556 ], [ -105.909027777777766, 38.71680555555556 ], [ -105.909027777777766, 38.716527777777785 ], [ -105.910416666666663, 38.716527777777785 ], [ -105.910416666666663, 38.71680555555556 ], [ -105.910694444444431, 38.71680555555556 ], [ -105.910694444444431, 38.717083333333335 ], [ -105.910972222222213, 38.717083333333335 ], [ -105.910972222222213, 38.717361111111117 ], [ -105.911527777777764, 38.717361111111117 ], [ -105.911527777777764, 38.717638888888892 ], [ -105.91236111111111, 38.717638888888892 ], [ -105.91236111111111, 38.717916666666667 ], [ -105.912916666666661, 38.717916666666667 ], [ -105.912916666666661, 38.71819444444445 ], [ -105.91375, 38.71819444444445 ], [ -105.91375, 38.717916666666667 ], [ -105.914583333333326, 38.717916666666667 ], [ -105.914583333333326, 38.71819444444445 ], [ -105.915416666666658, 38.71819444444445 ], [ -105.915416666666658, 38.718472222222225 ], [ -105.916527777777773, 38.718472222222225 ], [ -105.916527777777773, 38.71875 ], [ -105.917361111111106, 38.71875 ], [ -105.917361111111106, 38.719027777777782 ], [ -105.918194444444438, 38.719027777777782 ], [ -105.918194444444438, 38.71875 ], [ -105.919027777777771, 38.71875 ], [ -105.919027777777771, 38.718472222222225 ], [ -105.919305555555553, 38.718472222222225 ], [ -105.919305555555553, 38.71819444444445 ], [ -105.919583333333321, 38.71819444444445 ], [ -105.919583333333321, 38.717916666666667 ], [ -105.919861111111103, 38.717916666666667 ], [ -105.919861111111103, 38.715694444444445 ], [ -105.919583333333321, 38.715694444444445 ], [ -105.919583333333321, 38.71402777777778 ], [ -105.919861111111103, 38.71402777777778 ], [ -105.919861111111103, 38.703194444444449 ], [ -105.919583333333321, 38.703194444444449 ], [ -105.919583333333321, 38.701527777777784 ], [ -105.919861111111103, 38.701527777777784 ], [ -105.919861111111103, 38.700138888888894 ], [ -105.919583333333321, 38.700138888888894 ], [ -105.919583333333321, 38.699861111111112 ], [ -105.919027777777771, 38.699861111111112 ], [ -105.919027777777771, 38.699305555555561 ], [ -105.91875, 38.699305555555561 ], [ -105.91875, 38.699027777777779 ], [ -105.919027777777771, 38.699027777777779 ], [ -105.919027777777771, 38.69875 ], [ -105.919305555555553, 38.69875 ], [ -105.919305555555553, 38.698194444444447 ], [ -105.919861111111103, 38.698194444444447 ], [ -105.919861111111103, 38.693194444444451 ], [ -105.919583333333321, 38.693194444444451 ], [ -105.919583333333321, 38.692916666666669 ], [ -105.919027777777771, 38.692916666666669 ], [ -105.919027777777771, 38.692638888888894 ], [ -105.919583333333321, 38.692638888888894 ], [ -105.919583333333321, 38.692361111111111 ], [ -105.919861111111103, 38.692361111111111 ], [ -105.919861111111103, 38.685416666666669 ], [ -105.919305555555553, 38.685416666666669 ], [ -105.919305555555553, 38.684583333333336 ], [ -105.919861111111103, 38.684583333333336 ], [ -105.919861111111103, 38.684305555555561 ], [ -105.919583333333321, 38.684305555555561 ], [ -105.919583333333321, 38.683472222222228 ], [ -105.919305555555553, 38.683472222222228 ], [ -105.919305555555553, 38.681805555555556 ], [ -105.919027777777771, 38.681805555555556 ], [ -105.919027777777771, 38.680972222222223 ], [ -105.919305555555553, 38.680972222222223 ], [ -105.919305555555553, 38.679861111111116 ], [ -105.919027777777771, 38.679861111111116 ], [ -105.919027777777771, 38.679583333333341 ], [ -105.91875, 38.679583333333341 ], [ -105.91875, 38.679305555555558 ], [ -105.919027777777771, 38.679305555555558 ], [ -105.919027777777771, 38.679027777777783 ], [ -105.919305555555553, 38.679027777777783 ], [ -105.919305555555553, 38.677638888888893 ], [ -105.919027777777771, 38.677638888888893 ], [ -105.919027777777771, 38.677083333333336 ], [ -105.919305555555553, 38.677083333333336 ], [ -105.919305555555553, 38.676805555555561 ], [ -105.919583333333321, 38.676805555555561 ], [ -105.919583333333321, 38.67625 ], [ -105.919861111111103, 38.67625 ], [ -105.919861111111103, 38.659861111111113 ], [ -105.919027777777771, 38.659861111111113 ], [ -105.919027777777771, 38.659583333333337 ], [ -105.918472222222221, 38.659583333333337 ], [ -105.918472222222221, 38.659861111111113 ], [ -105.917638888888888, 38.659861111111113 ], [ -105.917638888888888, 38.660138888888895 ], [ -105.91625, 38.660138888888895 ], [ -105.91625, 38.66041666666667 ], [ -105.915694444444441, 38.66041666666667 ], [ -105.915694444444441, 38.660138888888895 ], [ -105.915972222222209, 38.660138888888895 ], [ -105.915972222222209, 38.659305555555562 ], [ -105.915694444444441, 38.659305555555562 ], [ -105.915694444444441, 38.65875 ], [ -105.915416666666658, 38.65875 ], [ -105.915416666666658, 38.657916666666672 ], [ -105.915138888888876, 38.657916666666672 ], [ -105.915138888888876, 38.65763888888889 ], [ -105.914861111111108, 38.65763888888889 ], [ -105.914861111111108, 38.657361111111115 ], [ -105.914583333333326, 38.657361111111115 ], [ -105.914583333333326, 38.65708333333334 ], [ -105.914305555555543, 38.65708333333334 ], [ -105.914305555555543, 38.656805555555557 ], [ -105.914027777777775, 38.656805555555557 ], [ -105.914027777777775, 38.656527777777782 ], [ -105.91375, 38.656527777777782 ], [ -105.91375, 38.65625 ], [ -105.913472222222211, 38.65625 ], [ -105.913472222222211, 38.655972222222225 ], [ -105.913194444444443, 38.655972222222225 ], [ -105.913194444444443, 38.655138888888892 ], [ -105.913472222222211, 38.655138888888892 ], [ -105.913472222222211, 38.654861111111117 ], [ -105.912638888888878, 38.654861111111117 ], [ -105.912638888888878, 38.654583333333335 ], [ -105.911805555555546, 38.654583333333335 ], [ -105.911805555555546, 38.65430555555556 ], [ -105.90958333333333, 38.65430555555556 ], [ -105.90958333333333, 38.654027777777785 ], [ -105.909305555555548, 38.654027777777785 ], [ -105.909305555555548, 38.653472222222227 ], [ -105.907916666666665, 38.653472222222227 ], [ -105.907916666666665, 38.653194444444445 ], [ -105.907361111111101, 38.653194444444445 ], [ -105.907361111111101, 38.652638888888895 ], [ -105.907638888888883, 38.652638888888895 ], [ -105.907638888888883, 38.652361111111112 ], [ -105.907361111111101, 38.652361111111112 ], [ -105.907361111111101, 38.651805555555562 ], [ -105.907638888888883, 38.651805555555562 ], [ -105.907638888888883, 38.65152777777778 ], [ -105.907916666666665, 38.65152777777778 ], [ -105.907916666666665, 38.65125 ], [ -105.908194444444433, 38.65125 ], [ -105.908194444444433, 38.650694444444447 ], [ -105.908472222222215, 38.650694444444447 ], [ -105.908472222222215, 38.65013888888889 ], [ -105.909305555555548, 38.65013888888889 ], [ -105.909305555555548, 38.649583333333339 ], [ -105.90958333333333, 38.649583333333339 ], [ -105.90958333333333, 38.649305555555557 ], [ -105.910138888888881, 38.649305555555557 ], [ -105.910138888888881, 38.649027777777782 ], [ -105.910694444444431, 38.649027777777782 ], [ -105.910694444444431, 38.648194444444449 ], [ -105.910972222222213, 38.648194444444449 ], [ -105.910972222222213, 38.647638888888892 ], [ -105.91125, 38.647638888888892 ], [ -105.91125, 38.647083333333335 ], [ -105.911527777777764, 38.647083333333335 ], [ -105.911527777777764, 38.646805555555559 ], [ -105.911805555555546, 38.646805555555559 ], [ -105.911805555555546, 38.646527777777784 ], [ -105.91236111111111, 38.646527777777784 ], [ -105.91236111111111, 38.64625 ], [ -105.912638888888878, 38.64625 ], [ -105.912638888888878, 38.645972222222227 ], [ -105.913194444444443, 38.645972222222227 ], [ -105.913194444444443, 38.645694444444452 ], [ -105.912916666666661, 38.645694444444452 ], [ -105.912916666666661, 38.645416666666669 ], [ -105.912638888888878, 38.645416666666669 ], [ -105.912638888888878, 38.645138888888894 ], [ -105.91236111111111, 38.645138888888894 ], [ -105.91236111111111, 38.644583333333337 ], [ -105.912083333333328, 38.644583333333337 ], [ -105.912083333333328, 38.644305555555562 ], [ -105.911805555555546, 38.644305555555562 ], [ -105.911805555555546, 38.64375 ], [ -105.91125, 38.64375 ], [ -105.91125, 38.643194444444447 ], [ -105.910972222222213, 38.643194444444447 ], [ -105.910972222222213, 38.641805555555557 ], [ -105.910694444444431, 38.641805555555557 ], [ -105.910694444444431, 38.640138888888892 ], [ -105.910972222222213, 38.640138888888892 ], [ -105.910972222222213, 38.639861111111117 ], [ -105.91125, 38.639861111111117 ], [ -105.91125, 38.639583333333334 ], [ -105.911527777777764, 38.639583333333334 ], [ -105.911527777777764, 38.639027777777784 ], [ -105.911805555555546, 38.639027777777784 ], [ -105.911805555555546, 38.63875 ], [ -105.91236111111111, 38.63875 ], [ -105.91236111111111, 38.638472222222227 ], [ -105.912916666666661, 38.638472222222227 ], [ -105.912916666666661, 38.638194444444451 ], [ -105.913194444444443, 38.638194444444451 ], [ -105.913194444444443, 38.637916666666669 ], [ -105.914027777777775, 38.637916666666669 ], [ -105.914027777777775, 38.637638888888894 ], [ -105.914305555555543, 38.637638888888894 ], [ -105.914305555555543, 38.637361111111112 ], [ -105.914583333333326, 38.637361111111112 ], [ -105.914583333333326, 38.636805555555561 ], [ -105.914861111111108, 38.636805555555561 ], [ -105.914861111111108, 38.636527777777779 ], [ -105.915138888888876, 38.636527777777779 ], [ -105.915138888888876, 38.635972222222229 ], [ -105.915694444444441, 38.635972222222229 ], [ -105.915694444444441, 38.635694444444447 ], [ -105.915972222222209, 38.635694444444447 ], [ -105.915972222222209, 38.635416666666671 ], [ -105.916527777777773, 38.635416666666671 ], [ -105.916527777777773, 38.634861111111114 ], [ -105.916805555555541, 38.634861111111114 ], [ -105.916805555555541, 38.634583333333339 ], [ -105.917083333333323, 38.634583333333339 ], [ -105.917083333333323, 38.634305555555557 ], [ -105.917361111111106, 38.634305555555557 ], [ -105.917361111111106, 38.634027777777781 ], [ -105.917638888888888, 38.634027777777781 ], [ -105.917638888888888, 38.633472222222224 ], [ -105.917361111111106, 38.633472222222224 ], [ -105.917361111111106, 38.632361111111116 ], [ -105.917083333333323, 38.632361111111116 ], [ -105.917083333333323, 38.631527777777784 ], [ -105.916805555555541, 38.631527777777784 ], [ -105.916805555555541, 38.630972222222226 ], [ -105.91625, 38.630972222222226 ], [ -105.91625, 38.630694444444451 ], [ -105.915972222222209, 38.630694444444451 ], [ -105.915972222222209, 38.630416666666669 ], [ -105.915694444444441, 38.630416666666669 ], [ -105.915694444444441, 38.630138888888894 ], [ -105.914583333333326, 38.630138888888894 ], [ -105.914583333333326, 38.629861111111111 ], [ -105.914027777777775, 38.629861111111111 ], [ -105.914027777777775, 38.629583333333336 ], [ -105.912916666666661, 38.629583333333336 ], [ -105.912916666666661, 38.629305555555561 ], [ -105.91236111111111, 38.629305555555561 ], [ -105.91236111111111, 38.629027777777779 ], [ -105.911805555555546, 38.629027777777779 ], [ -105.911805555555546, 38.62875 ], [ -105.91125, 38.62875 ], [ -105.91125, 38.628472222222229 ], [ -105.910972222222213, 38.628472222222229 ], [ -105.910972222222213, 38.628194444444446 ], [ -105.910416666666663, 38.628194444444446 ], [ -105.910416666666663, 38.627916666666671 ], [ -105.910138888888881, 38.627916666666671 ], [ -105.910138888888881, 38.627638888888896 ], [ -105.90958333333333, 38.627638888888896 ], [ -105.90958333333333, 38.627361111111114 ], [ -105.906527777777768, 38.627361111111114 ], [ -105.906527777777768, 38.627083333333339 ], [ -105.905972222222218, 38.627083333333339 ], [ -105.905972222222218, 38.626805555555556 ], [ -105.905694444444435, 38.626805555555556 ], [ -105.905694444444435, 38.626527777777781 ], [ -105.905138888888885, 38.626527777777781 ], [ -105.905138888888885, 38.62625 ], [ -105.904861111111103, 38.62625 ], [ -105.904861111111103, 38.625694444444449 ], [ -105.904583333333321, 38.625694444444449 ], [ -105.904583333333321, 38.625416666666673 ], [ -105.904305555555553, 38.625416666666673 ], [ -105.904305555555553, 38.625138888888891 ], [ -105.90347222222222, 38.625138888888891 ], [ -105.90347222222222, 38.624861111111116 ], [ -105.902361111111105, 38.624861111111116 ], [ -105.902361111111105, 38.625138888888891 ], [ -105.900972222222208, 38.625138888888891 ], [ -105.900972222222208, 38.624861111111116 ], [ -105.900416666666658, 38.624861111111116 ], [ -105.900416666666658, 38.624583333333334 ], [ -105.900138888888875, 38.624583333333334 ], [ -105.900138888888875, 38.624305555555559 ], [ -105.899861111111107, 38.624305555555559 ], [ -105.899861111111107, 38.622361111111118 ], [ -105.899583333333325, 38.622361111111118 ], [ -105.899583333333325, 38.622083333333336 ], [ -105.899027777777775, 38.622083333333336 ], [ -105.899027777777775, 38.622361111111118 ], [ -105.898194444444442, 38.622361111111118 ], [ -105.898194444444442, 38.622638888888893 ], [ -105.89791666666666, 38.622638888888893 ], [ -105.89791666666666, 38.622916666666669 ], [ -105.895416666666662, 38.622916666666669 ], [ -105.895416666666662, 38.623194444444451 ], [ -105.894861111111098, 38.623194444444451 ], [ -105.894861111111098, 38.623472222222226 ], [ -105.89458333333333, 38.623472222222226 ], [ -105.89458333333333, 38.62375 ], [ -105.894305555555547, 38.62375 ], [ -105.894305555555547, 38.624027777777783 ], [ -105.894027777777765, 38.624027777777783 ], [ -105.894027777777765, 38.62375 ], [ -105.893472222222215, 38.62375 ], [ -105.893472222222215, 38.623194444444451 ], [ -105.892638888888882, 38.623194444444451 ], [ -105.892638888888882, 38.622916666666669 ], [ -105.89125, 38.622916666666669 ], [ -105.89125, 38.622638888888893 ], [ -105.890416666666653, 38.622638888888893 ], [ -105.890416666666653, 38.622916666666669 ], [ -105.88958333333332, 38.622916666666669 ], [ -105.88958333333332, 38.622638888888893 ], [ -105.889305555555552, 38.622638888888893 ], [ -105.889305555555552, 38.622361111111118 ], [ -105.88902777777777, 38.622361111111118 ], [ -105.88902777777777, 38.622083333333336 ], [ -105.88875, 38.622083333333336 ], [ -105.88875, 38.621805555555561 ], [ -105.888472222222219, 38.621805555555561 ], [ -105.888472222222219, 38.621527777777779 ], [ -105.888194444444437, 38.621527777777779 ], [ -105.888194444444437, 38.62125 ], [ -105.887916666666655, 38.62125 ], [ -105.887916666666655, 38.620972222222228 ], [ -105.887638888888887, 38.620972222222228 ], [ -105.887638888888887, 38.620694444444446 ], [ -105.887361111111105, 38.620694444444446 ], [ -105.887361111111105, 38.620416666666671 ], [ -105.887083333333322, 38.620416666666671 ], [ -105.887083333333322, 38.620138888888896 ], [ -105.885138888888875, 38.620138888888896 ], [ -105.885138888888875, 38.619861111111113 ], [ -105.884861111111107, 38.619861111111113 ], [ -105.884861111111107, 38.619583333333338 ], [ -105.885138888888875, 38.619583333333338 ], [ -105.885138888888875, 38.618472222222223 ], [ -105.885416666666657, 38.618472222222223 ], [ -105.885416666666657, 38.617916666666673 ], [ -105.885694444444439, 38.617916666666673 ], [ -105.885694444444439, 38.615972222222226 ], [ -105.885416666666657, 38.615972222222226 ], [ -105.885416666666657, 38.615138888888893 ], [ -105.885138888888875, 38.615138888888893 ], [ -105.885138888888875, 38.614305555555561 ], [ -105.884861111111107, 38.614305555555561 ], [ -105.884861111111107, 38.614027777777778 ], [ -105.884583333333325, 38.614027777777778 ], [ -105.884583333333325, 38.613472222222228 ], [ -105.884305555555542, 38.613472222222228 ], [ -105.884305555555542, 38.613194444444446 ], [ -105.884027777777774, 38.613194444444446 ], [ -105.884027777777774, 38.612916666666671 ], [ -105.88375, 38.612916666666671 ], [ -105.88375, 38.612638888888895 ], [ -105.883194444444442, 38.612638888888895 ], [ -105.883194444444442, 38.612361111111113 ], [ -105.882638888888877, 38.612361111111113 ], [ -105.882638888888877, 38.610138888888891 ], [ -105.882361111111109, 38.610138888888891 ], [ -105.882361111111109, 38.609861111111115 ], [ -105.882083333333327, 38.609861111111115 ], [ -105.882083333333327, 38.60958333333334 ], [ -105.881805555555545, 38.60958333333334 ], [ -105.881805555555545, 38.609305555555558 ], [ -105.881527777777777, 38.609305555555558 ], [ -105.881527777777777, 38.609027777777783 ], [ -105.88125, 38.609027777777783 ], [ -105.88125, 38.60875 ], [ -105.880972222222212, 38.60875 ], [ -105.880972222222212, 38.608472222222225 ], [ -105.88069444444443, 38.608472222222225 ], [ -105.88069444444443, 38.60819444444445 ], [ -105.880416666666662, 38.60819444444445 ], [ -105.880416666666662, 38.607916666666668 ], [ -105.880138888888879, 38.607916666666668 ], [ -105.880138888888879, 38.607638888888893 ], [ -105.879027777777765, 38.607638888888893 ], [ -105.879027777777765, 38.607361111111118 ], [ -105.878472222222214, 38.607361111111118 ], [ -105.878472222222214, 38.605972222222228 ], [ -105.878194444444432, 38.605972222222228 ], [ -105.878194444444432, 38.60541666666667 ], [ -105.878472222222214, 38.60541666666667 ], [ -105.878472222222214, 38.602916666666673 ], [ -105.878194444444432, 38.602916666666673 ], [ -105.878194444444432, 38.602361111111115 ], [ -105.877916666666664, 38.602361111111115 ], [ -105.877916666666664, 38.601805555555558 ], [ -105.877361111111099, 38.601805555555558 ], [ -105.877361111111099, 38.601527777777783 ], [ -105.877083333333331, 38.601527777777783 ], [ -105.877083333333331, 38.600972222222225 ], [ -105.877361111111099, 38.600972222222225 ], [ -105.877361111111099, 38.60069444444445 ], [ -105.877638888888882, 38.60069444444445 ], [ -105.877638888888882, 38.600416666666668 ], [ -105.878194444444432, 38.600416666666668 ], [ -105.878194444444432, 38.599861111111117 ], [ -105.878472222222214, 38.599861111111117 ], [ -105.878472222222214, 38.599027777777785 ], [ -105.87875, 38.599027777777785 ], [ -105.87875, 38.59875 ], [ -105.878472222222214, 38.59875 ], [ -105.878472222222214, 38.598472222222227 ], [ -105.879027777777765, 38.598472222222227 ], [ -105.879027777777765, 38.598194444444445 ], [ -105.879305555555547, 38.598194444444445 ], [ -105.879305555555547, 38.59791666666667 ], [ -105.879583333333329, 38.59791666666667 ], [ -105.879583333333329, 38.597638888888895 ], [ -105.879861111111097, 38.597638888888895 ], [ -105.879861111111097, 38.597361111111113 ], [ -105.879583333333329, 38.597361111111113 ], [ -105.879583333333329, 38.59513888888889 ], [ -105.879861111111097, 38.59513888888889 ], [ -105.879861111111097, 38.594861111111115 ], [ -105.879583333333329, 38.594861111111115 ], [ -105.879583333333329, 38.594305555555557 ], [ -105.880972222222212, 38.594305555555557 ], [ -105.880972222222212, 38.594027777777782 ], [ -105.881527777777777, 38.594027777777782 ], [ -105.881527777777777, 38.59375 ], [ -105.882638888888877, 38.59375 ], [ -105.882638888888877, 38.593472222222225 ], [ -105.882916666666659, 38.593472222222225 ], [ -105.882916666666659, 38.59319444444445 ], [ -105.883194444444442, 38.59319444444445 ], [ -105.883194444444442, 38.592916666666667 ], [ -105.88347222222221, 38.592916666666667 ], [ -105.88347222222221, 38.592638888888892 ], [ -105.88375, 38.592638888888892 ], [ -105.88375, 38.592083333333335 ], [ -105.884027777777774, 38.592083333333335 ], [ -105.884027777777774, 38.59180555555556 ], [ -105.884305555555542, 38.59180555555556 ], [ -105.884305555555542, 38.591527777777785 ], [ -105.884861111111107, 38.591527777777785 ], [ -105.884861111111107, 38.59041666666667 ], [ -105.885416666666657, 38.59041666666667 ], [ -105.885416666666657, 38.590138888888895 ], [ -105.885972222222208, 38.590138888888895 ], [ -105.885972222222208, 38.589305555555562 ], [ -105.88625, 38.589305555555562 ], [ -105.88625, 38.58902777777778 ], [ -105.886805555555554, 38.58902777777778 ], [ -105.886805555555554, 38.58875 ], [ -105.887083333333322, 38.58875 ], [ -105.887083333333322, 38.588472222222229 ], [ -105.887361111111105, 38.588472222222229 ], [ -105.887361111111105, 38.588194444444447 ], [ -105.88902777777777, 38.588194444444447 ], [ -105.88902777777777, 38.587916666666672 ], [ -105.88958333333332, 38.587916666666672 ], [ -105.88958333333332, 38.58625 ], [ -105.889861111111102, 38.58625 ], [ -105.889861111111102, 38.585694444444449 ], [ -105.890138888888885, 38.585694444444449 ], [ -105.890138888888885, 38.585416666666667 ], [ -105.890416666666653, 38.585416666666667 ], [ -105.890416666666653, 38.584861111111117 ], [ -105.890694444444435, 38.584861111111117 ], [ -105.890694444444435, 38.584583333333335 ], [ -105.890972222222217, 38.584583333333335 ], [ -105.890972222222217, 38.584027777777784 ], [ -105.890694444444435, 38.584027777777784 ], [ -105.890694444444435, 38.582916666666669 ], [ -105.890416666666653, 38.582916666666669 ], [ -105.890416666666653, 38.582638888888894 ], [ -105.890138888888885, 38.582638888888894 ], [ -105.890138888888885, 38.580416666666672 ], [ -105.890416666666653, 38.580416666666672 ], [ -105.890416666666653, 38.580138888888889 ], [ -105.890694444444435, 38.580138888888889 ], [ -105.890694444444435, 38.579583333333339 ], [ -105.890972222222217, 38.579583333333339 ], [ -105.890972222222217, 38.578194444444449 ], [ -105.890694444444435, 38.578194444444449 ], [ -105.890694444444435, 38.577638888888892 ], [ -105.890416666666653, 38.577638888888892 ], [ -105.890416666666653, 38.577361111111117 ], [ -105.890694444444435, 38.577361111111117 ], [ -105.890694444444435, 38.576527777777784 ], [ -105.890972222222217, 38.576527777777784 ], [ -105.890972222222217, 38.575138888888894 ], [ -105.89125, 38.575138888888894 ], [ -105.89125, 38.574861111111112 ], [ -105.891527777777767, 38.574861111111112 ], [ -105.891527777777767, 38.574305555555561 ], [ -105.89180555555555, 38.574305555555561 ], [ -105.89180555555555, 38.574027777777779 ], [ -105.892083333333332, 38.574027777777779 ], [ -105.892083333333332, 38.573472222222229 ], [ -105.8923611111111, 38.573472222222229 ], [ -105.8923611111111, 38.573194444444447 ], [ -105.89125, 38.573194444444447 ], [ -105.89125, 38.572916666666671 ], [ -105.890416666666653, 38.572916666666671 ], [ -105.890416666666653, 38.572638888888889 ], [ -105.889861111111102, 38.572638888888889 ], [ -105.889861111111102, 38.572361111111114 ], [ -105.889305555555552, 38.572361111111114 ], [ -105.889305555555552, 38.572083333333339 ], [ -105.88875, 38.572083333333339 ], [ -105.88875, 38.571805555555557 ], [ -105.888472222222219, 38.571805555555557 ], [ -105.888472222222219, 38.571527777777781 ], [ -105.888194444444437, 38.571527777777781 ], [ -105.888194444444437, 38.57125 ], [ -105.887916666666655, 38.57125 ], [ -105.887916666666655, 38.570972222222224 ], [ -105.887638888888887, 38.570972222222224 ], [ -105.887638888888887, 38.570694444444449 ], [ -105.887361111111105, 38.570694444444449 ], [ -105.887361111111105, 38.570416666666674 ], [ -105.886527777777772, 38.570416666666674 ], [ -105.886527777777772, 38.570138888888891 ], [ -105.88625, 38.570138888888891 ], [ -105.88625, 38.569861111111116 ], [ -105.885972222222208, 38.569861111111116 ], [ -105.885972222222208, 38.569583333333334 ], [ -105.885694444444439, 38.569583333333334 ], [ -105.885694444444439, 38.569305555555559 ], [ -105.885416666666657, 38.569305555555559 ], [ -105.885416666666657, 38.56875 ], [ -105.885694444444439, 38.56875 ], [ -105.885694444444439, 38.568472222222226 ], [ -105.885416666666657, 38.568472222222226 ], [ -105.885416666666657, 38.567361111111111 ], [ -105.885138888888875, 38.567361111111111 ], [ -105.885138888888875, 38.566805555555561 ], [ -105.884861111111107, 38.566805555555561 ], [ -105.884861111111107, 38.56625 ], [ -105.884583333333325, 38.56625 ], [ -105.884583333333325, 38.565138888888896 ], [ -105.884305555555542, 38.565138888888896 ], [ -105.884305555555542, 38.564861111111114 ], [ -105.884583333333325, 38.564861111111114 ], [ -105.884583333333325, 38.563472222222224 ], [ -105.884861111111107, 38.563472222222224 ], [ -105.884861111111107, 38.561805555555559 ], [ -105.885416666666657, 38.561805555555559 ], [ -105.885416666666657, 38.561527777777783 ], [ -105.887361111111105, 38.561527777777783 ], [ -105.887361111111105, 38.56125 ], [ -105.888472222222219, 38.56125 ], [ -105.888472222222219, 38.561527777777783 ], [ -105.88902777777777, 38.561527777777783 ], [ -105.88902777777777, 38.56125 ], [ -105.890138888888885, 38.56125 ], [ -105.890138888888885, 38.560972222222226 ], [ -105.89125, 38.560972222222226 ], [ -105.89125, 38.560694444444451 ], [ -105.891527777777767, 38.560694444444451 ], [ -105.891527777777767, 38.560416666666669 ], [ -105.892083333333332, 38.560416666666669 ], [ -105.892083333333332, 38.560138888888893 ], [ -105.8923611111111, 38.560138888888893 ], [ -105.8923611111111, 38.559861111111118 ], [ -105.892638888888882, 38.559861111111118 ], [ -105.892638888888882, 38.559305555555561 ], [ -105.892916666666665, 38.559305555555561 ], [ -105.892916666666665, 38.559027777777779 ], [ -105.893194444444433, 38.559027777777779 ], [ -105.893194444444433, 38.558472222222228 ], [ -105.893472222222215, 38.558472222222228 ], [ -105.893472222222215, 38.557916666666671 ], [ -105.893194444444433, 38.557916666666671 ], [ -105.893194444444433, 38.556805555555556 ], [ -105.892916666666665, 38.556805555555556 ], [ -105.892916666666665, 38.55625 ], [ -105.892638888888882, 38.55625 ], [ -105.892638888888882, 38.555694444444448 ], [ -105.8923611111111, 38.555694444444448 ], [ -105.8923611111111, 38.554305555555558 ], [ -105.892083333333332, 38.554305555555558 ], [ -105.892083333333332, 38.552638888888893 ], [ -105.8923611111111, 38.552638888888893 ], [ -105.8923611111111, 38.552083333333336 ], [ -105.892638888888882, 38.552083333333336 ], [ -105.892638888888882, 38.551805555555561 ], [ -105.892916666666665, 38.551805555555561 ], [ -105.892916666666665, 38.551527777777778 ], [ -105.893194444444433, 38.551527777777778 ], [ -105.893194444444433, 38.55125 ], [ -105.893472222222215, 38.55125 ], [ -105.893472222222215, 38.550972222222228 ], [ -105.89375, 38.550972222222228 ], [ -105.89375, 38.550694444444446 ], [ -105.895416666666662, 38.550694444444446 ], [ -105.895416666666662, 38.550972222222228 ], [ -105.896527777777777, 38.550972222222228 ], [ -105.896527777777777, 38.55125 ], [ -105.896805555555545, 38.55125 ], [ -105.896805555555545, 38.550972222222228 ], [ -105.89736111111111, 38.550972222222228 ], [ -105.89736111111111, 38.550694444444446 ], [ -105.89847222222221, 38.550694444444446 ], [ -105.89847222222221, 38.550416666666671 ], [ -105.89875, 38.550416666666671 ], [ -105.89875, 38.550138888888895 ], [ -105.899583333333325, 38.550138888888895 ], [ -105.899583333333325, 38.549861111111113 ], [ -105.900416666666658, 38.549861111111113 ], [ -105.900416666666658, 38.549583333333338 ], [ -105.900972222222208, 38.549583333333338 ], [ -105.900972222222208, 38.549305555555563 ], [ -105.901805555555555, 38.549305555555563 ], [ -105.901805555555555, 38.549027777777781 ], [ -105.902916666666655, 38.549027777777781 ], [ -105.902916666666655, 38.54875 ], [ -105.90375, 38.54875 ], [ -105.90375, 38.548472222222223 ], [ -105.90402777777777, 38.548472222222223 ], [ -105.90402777777777, 38.548194444444448 ], [ -105.904305555555553, 38.548194444444448 ], [ -105.904305555555553, 38.547916666666673 ], [ -105.904583333333321, 38.547916666666673 ], [ -105.904583333333321, 38.547638888888891 ], [ -105.904861111111103, 38.547638888888891 ], [ -105.904861111111103, 38.547361111111115 ], [ -105.905138888888885, 38.547361111111115 ], [ -105.905138888888885, 38.54708333333334 ], [ -105.905416666666653, 38.54708333333334 ], [ -105.905416666666653, 38.546527777777783 ], [ -105.905694444444435, 38.546527777777783 ], [ -105.905694444444435, 38.545972222222225 ], [ -105.905972222222218, 38.545972222222225 ], [ -105.905972222222218, 38.54569444444445 ], [ -105.906527777777768, 38.54569444444445 ], [ -105.906527777777768, 38.545416666666668 ], [ -105.907083333333333, 38.545416666666668 ], [ -105.907083333333333, 38.545138888888893 ], [ -105.907638888888883, 38.545138888888893 ], [ -105.907638888888883, 38.544861111111118 ], [ -105.907916666666665, 38.544861111111118 ], [ -105.907916666666665, 38.54430555555556 ], [ -105.908194444444433, 38.54430555555556 ], [ -105.908194444444433, 38.54375 ], [ -105.908472222222215, 38.54375 ], [ -105.908472222222215, 38.54291666666667 ], [ -105.908194444444433, 38.54291666666667 ], [ -105.908194444444433, 38.542083333333338 ], [ -105.907916666666665, 38.542083333333338 ], [ -105.907916666666665, 38.54125 ], [ -105.908472222222215, 38.54125 ], [ -105.908472222222215, 38.540972222222223 ], [ -105.90875, 38.540972222222223 ], [ -105.90875, 38.540694444444448 ], [ -105.90958333333333, 38.540694444444448 ], [ -105.90958333333333, 38.540416666666673 ], [ -105.910694444444431, 38.540416666666673 ], [ -105.910694444444431, 38.54013888888889 ], [ -105.910972222222213, 38.54013888888889 ], [ -105.910972222222213, 38.539861111111115 ], [ -105.91125, 38.539861111111115 ], [ -105.91125, 38.53958333333334 ], [ -105.911527777777764, 38.53958333333334 ], [ -105.911527777777764, 38.539305555555558 ], [ -105.911805555555546, 38.539305555555558 ], [ -105.911805555555546, 38.539027777777783 ], [ -105.912083333333328, 38.539027777777783 ], [ -105.912083333333328, 38.53875 ], [ -105.91236111111111, 38.53875 ], [ -105.91236111111111, 38.538472222222225 ], [ -105.912638888888878, 38.538472222222225 ], [ -105.912638888888878, 38.53819444444445 ], [ -105.913194444444443, 38.53819444444445 ], [ -105.913194444444443, 38.537638888888893 ], [ -105.913472222222211, 38.537638888888893 ], [ -105.913472222222211, 38.53625 ], [ -105.91375, 38.53625 ], [ -105.91375, 38.53541666666667 ], [ -105.914027777777775, 38.53541666666667 ], [ -105.914027777777775, 38.535138888888895 ], [ -105.914305555555543, 38.535138888888895 ], [ -105.914305555555543, 38.534861111111113 ], [ -105.914583333333326, 38.534861111111113 ], [ -105.914583333333326, 38.53402777777778 ], [ -105.914861111111108, 38.53402777777778 ], [ -105.914861111111108, 38.533472222222223 ], [ -105.915138888888876, 38.533472222222223 ], [ -105.915138888888876, 38.533194444444447 ], [ -105.915416666666658, 38.533194444444447 ], [ -105.915416666666658, 38.532916666666672 ], [ -105.915972222222209, 38.532916666666672 ], [ -105.915972222222209, 38.53263888888889 ], [ -105.916805555555541, 38.53263888888889 ], [ -105.916805555555541, 38.532361111111115 ], [ -105.917638888888888, 38.532361111111115 ], [ -105.917638888888888, 38.53208333333334 ], [ -105.917916666666656, 38.53208333333334 ], [ -105.917916666666656, 38.531805555555557 ], [ -105.918194444444438, 38.531805555555557 ], [ -105.918194444444438, 38.53069444444445 ], [ -105.918472222222221, 38.53069444444445 ], [ -105.918472222222221, 38.52930555555556 ], [ -105.918194444444438, 38.52930555555556 ], [ -105.918194444444438, 38.52875 ], [ -105.918472222222221, 38.52875 ], [ -105.918472222222221, 38.527083333333337 ], [ -105.918194444444438, 38.527083333333337 ], [ -105.918194444444438, 38.526805555555562 ], [ -105.917916666666656, 38.526805555555562 ], [ -105.917916666666656, 38.52652777777778 ], [ -105.918194444444438, 38.52652777777778 ], [ -105.918194444444438, 38.52625 ], [ -105.918472222222221, 38.52625 ], [ -105.918472222222221, 38.525972222222229 ], [ -105.91875, 38.525972222222229 ], [ -105.91875, 38.525694444444447 ], [ -105.919027777777771, 38.525694444444447 ], [ -105.919027777777771, 38.525416666666672 ], [ -105.919305555555553, 38.525416666666672 ], [ -105.919305555555553, 38.52513888888889 ], [ -105.919583333333321, 38.52513888888889 ], [ -105.919583333333321, 38.524861111111115 ], [ -105.919861111111103, 38.524861111111115 ], [ -105.919861111111103, 38.509861111111114 ], [ -105.919583333333321, 38.509861111111114 ], [ -105.919583333333321, 38.509027777777781 ], [ -105.919305555555553, 38.509027777777781 ], [ -105.919305555555553, 38.50875 ], [ -105.919027777777771, 38.50875 ], [ -105.919027777777771, 38.507361111111116 ], [ -105.91875, 38.507361111111116 ], [ -105.91875, 38.506805555555559 ], [ -105.918194444444438, 38.506805555555559 ], [ -105.918194444444438, 38.506527777777784 ], [ -105.917638888888888, 38.506527777777784 ], [ -105.917638888888888, 38.50625 ], [ -105.917361111111106, 38.50625 ], [ -105.917361111111106, 38.505972222222226 ], [ -105.917083333333323, 38.505972222222226 ], [ -105.917083333333323, 38.505694444444451 ], [ -105.916805555555541, 38.505694444444451 ], [ -105.916805555555541, 38.505416666666669 ], [ -105.916527777777773, 38.505416666666669 ], [ -105.916527777777773, 38.504583333333336 ], [ -105.91625, 38.504583333333336 ], [ -105.91625, 38.504305555555561 ], [ -105.915972222222209, 38.504305555555561 ], [ -105.915972222222209, 38.502638888888896 ], [ -105.91625, 38.502638888888896 ], [ -105.91625, 38.502361111111114 ], [ -105.915972222222209, 38.502361111111114 ], [ -105.915972222222209, 38.501527777777781 ], [ -105.915694444444441, 38.501527777777781 ], [ -105.915694444444441, 38.500138888888891 ], [ -105.915416666666658, 38.500138888888891 ], [ -105.915416666666658, 38.499583333333334 ], [ -105.915138888888876, 38.499583333333334 ], [ -105.915138888888876, 38.499305555555559 ], [ -105.914861111111108, 38.499305555555559 ], [ -105.914861111111108, 38.499027777777783 ], [ -105.914583333333326, 38.499027777777783 ], [ -105.914583333333326, 38.49875 ], [ -105.915694444444441, 38.49875 ], [ -105.915694444444441, 38.498472222222226 ], [ -105.915972222222209, 38.498472222222226 ], [ -105.915972222222209, 38.498194444444451 ], [ -105.91625, 38.498194444444451 ], [ -105.91625, 38.497083333333336 ], [ -105.916527777777773, 38.497083333333336 ], [ -105.916527777777773, 38.496805555555561 ], [ -105.916805555555541, 38.496805555555561 ], [ -105.916805555555541, 38.496527777777779 ], [ -105.917083333333323, 38.496527777777779 ], [ -105.917083333333323, 38.49625 ], [ -105.91875, 38.49625 ], [ -105.91875, 38.495972222222228 ], [ -105.919027777777771, 38.495972222222228 ], [ -105.919027777777771, 38.495694444444446 ], [ -105.919861111111103, 38.495694444444446 ], [ -105.919861111111103, 38.479861111111113 ], [ -105.919583333333321, 38.479861111111113 ], [ -105.919583333333321, 38.479583333333338 ], [ -105.919305555555553, 38.479583333333338 ], [ -105.919305555555553, 38.47708333333334 ], [ -105.919583333333321, 38.47708333333334 ], [ -105.919583333333321, 38.476805555555558 ], [ -105.919861111111103, 38.476805555555558 ], [ -105.919861111111103, 38.46625 ], [ -105.919583333333321, 38.46625 ], [ -105.919583333333321, 38.465972222222227 ], [ -105.919305555555553, 38.465972222222227 ], [ -105.919305555555553, 38.46541666666667 ], [ -105.919583333333321, 38.46541666666667 ], [ -105.919583333333321, 38.465138888888895 ], [ -105.919861111111103, 38.465138888888895 ], [ -105.919861111111103, 38.444583333333334 ], [ -105.919583333333321, 38.444583333333334 ], [ -105.919583333333321, 38.444305555555559 ], [ -105.919305555555553, 38.444305555555559 ], [ -105.919305555555553, 38.444027777777784 ], [ -105.919027777777771, 38.444027777777784 ], [ -105.919027777777771, 38.44375 ], [ -105.91875, 38.44375 ], [ -105.91875, 38.443472222222226 ], [ -105.918472222222221, 38.443472222222226 ], [ -105.918472222222221, 38.442916666666669 ], [ -105.918194444444438, 38.442916666666669 ], [ -105.918194444444438, 38.442638888888894 ], [ -105.917916666666656, 38.442638888888894 ], [ -105.917916666666656, 38.442361111111111 ], [ -105.917638888888888, 38.442361111111111 ], [ -105.917638888888888, 38.442083333333336 ], [ -105.916805555555541, 38.442083333333336 ], [ -105.916805555555541, 38.441805555555561 ], [ -105.915972222222209, 38.441805555555561 ], [ -105.915972222222209, 38.441527777777779 ], [ -105.915694444444441, 38.441527777777779 ], [ -105.915694444444441, 38.44125 ], [ -105.912916666666661, 38.44125 ], [ -105.912916666666661, 38.440694444444446 ], [ -105.913194444444443, 38.440694444444446 ], [ -105.913194444444443, 38.440416666666671 ], [ -105.913472222222211, 38.440416666666671 ], [ -105.913472222222211, 38.440138888888896 ], [ -105.91375, 38.440138888888896 ], [ -105.91375, 38.439305555555556 ], [ -105.914027777777775, 38.439305555555556 ], [ -105.914027777777775, 38.439027777777781 ], [ -105.914583333333326, 38.439027777777781 ], [ -105.914583333333326, 38.43875 ], [ -105.914861111111108, 38.43875 ], [ -105.914861111111108, 38.438472222222224 ], [ -105.915138888888876, 38.438472222222224 ], [ -105.915138888888876, 38.437916666666673 ], [ -105.915416666666658, 38.437916666666673 ], [ -105.915416666666658, 38.437638888888891 ], [ -105.915694444444441, 38.437638888888891 ], [ -105.915694444444441, 38.437361111111116 ], [ -105.916805555555541, 38.437361111111116 ], [ -105.916805555555541, 38.437083333333334 ], [ -105.917361111111106, 38.437083333333334 ], [ -105.917361111111106, 38.436805555555559 ], [ -105.917638888888888, 38.436805555555559 ], [ -105.917638888888888, 38.436527777777783 ], [ -105.919583333333321, 38.436527777777783 ], [ -105.919583333333321, 38.436805555555559 ], [ -105.919861111111103, 38.436805555555559 ], [ -105.919861111111103, 38.433472222222228 ], [ -105.919583333333321, 38.433472222222228 ], [ -105.919583333333321, 38.430694444444448 ], [ -105.919861111111103, 38.430694444444448 ], [ -105.919861111111103, 38.41791666666667 ], [ -105.919583333333321, 38.41791666666667 ], [ -105.919583333333321, 38.417638888888895 ], [ -105.919305555555553, 38.417638888888895 ], [ -105.919305555555553, 38.417361111111113 ], [ -105.919027777777771, 38.417361111111113 ], [ -105.919027777777771, 38.416805555555563 ], [ -105.919305555555553, 38.416805555555563 ], [ -105.919305555555553, 38.41652777777778 ], [ -105.919583333333321, 38.41652777777778 ], [ -105.919583333333321, 38.41625 ], [ -105.919861111111103, 38.41625 ], [ -105.919861111111103, 38.394583333333337 ], [ -105.919583333333321, 38.394583333333337 ], [ -105.919583333333321, 38.393472222222229 ], [ -105.919861111111103, 38.393472222222229 ], [ -105.919861111111103, 38.387083333333337 ], [ -105.919583333333321, 38.387083333333337 ], [ -105.919583333333321, 38.386527777777779 ], [ -105.919305555555553, 38.386527777777779 ], [ -105.919305555555553, 38.38625 ], [ -105.919027777777771, 38.38625 ], [ -105.919027777777771, 38.385972222222229 ], [ -105.91875, 38.385972222222229 ], [ -105.91875, 38.385694444444447 ], [ -105.918472222222221, 38.385694444444447 ], [ -105.918472222222221, 38.385416666666671 ], [ -105.918194444444438, 38.385416666666671 ], [ -105.918194444444438, 38.385138888888889 ], [ -105.917916666666656, 38.385138888888889 ], [ -105.917916666666656, 38.384861111111114 ], [ -105.917638888888888, 38.384861111111114 ], [ -105.917638888888888, 38.384305555555557 ], [ -105.917361111111106, 38.384305555555557 ], [ -105.917361111111106, 38.384027777777781 ], [ -105.917638888888888, 38.384027777777781 ], [ -105.917638888888888, 38.382361111111116 ], [ -105.917916666666656, 38.382361111111116 ], [ -105.917916666666656, 38.381527777777784 ], [ -105.917638888888888, 38.381527777777784 ], [ -105.917638888888888, 38.379583333333336 ], [ -105.917361111111106, 38.379583333333336 ], [ -105.917361111111106, 38.37875 ], [ -105.917083333333323, 38.37875 ], [ -105.917083333333323, 38.377916666666671 ], [ -105.916805555555541, 38.377916666666671 ], [ -105.916805555555541, 38.377361111111114 ], [ -105.916527777777773, 38.377361111111114 ], [ -105.916527777777773, 38.377083333333339 ], [ -105.91625, 38.377083333333339 ], [ -105.91625, 38.376805555555556 ], [ -105.915694444444441, 38.376805555555556 ], [ -105.915694444444441, 38.376527777777781 ], [ -105.915416666666658, 38.376527777777781 ], [ -105.915416666666658, 38.375972222222224 ], [ -105.915138888888876, 38.375972222222224 ], [ -105.915138888888876, 38.375138888888891 ], [ -105.914861111111108, 38.375138888888891 ], [ -105.914861111111108, 38.374027777777783 ], [ -105.915138888888876, 38.374027777777783 ], [ -105.915138888888876, 38.373472222222226 ], [ -105.915416666666658, 38.373472222222226 ], [ -105.915416666666658, 38.372916666666669 ], [ -105.915694444444441, 38.372916666666669 ], [ -105.915694444444441, 38.372083333333336 ], [ -105.915972222222209, 38.372083333333336 ], [ -105.915972222222209, 38.371805555555561 ], [ -105.91625, 38.371805555555561 ], [ -105.91625, 38.371527777777779 ], [ -105.916527777777773, 38.371527777777779 ], [ -105.916527777777773, 38.370972222222228 ], [ -105.916805555555541, 38.370972222222228 ], [ -105.916805555555541, 38.370694444444446 ], [ -105.917083333333323, 38.370694444444446 ], [ -105.917083333333323, 38.370416666666671 ], [ -105.917361111111106, 38.370416666666671 ], [ -105.917361111111106, 38.370138888888896 ], [ -105.917638888888888, 38.370138888888896 ], [ -105.917638888888888, 38.369861111111113 ], [ -105.917916666666656, 38.369861111111113 ], [ -105.917916666666656, 38.369583333333338 ], [ -105.918194444444438, 38.369583333333338 ], [ -105.918194444444438, 38.369305555555556 ], [ -105.91875, 38.369305555555556 ], [ -105.91875, 38.369027777777781 ], [ -105.919305555555553, 38.369027777777781 ], [ -105.919305555555553, 38.36875 ], [ -105.919583333333321, 38.36875 ], [ -105.919583333333321, 38.368472222222223 ], [ -105.919861111111103, 38.368472222222223 ], [ -105.919861111111103, 38.366527777777783 ], [ -105.919583333333321, 38.366527777777783 ], [ -105.919583333333321, 38.365972222222226 ], [ -105.919305555555553, 38.365972222222226 ], [ -105.919305555555553, 38.365416666666668 ], [ -105.919027777777771, 38.365416666666668 ], [ -105.919027777777771, 38.364861111111118 ], [ -105.91875, 38.364861111111118 ], [ -105.91875, 38.364305555555561 ], [ -105.918472222222221, 38.364305555555561 ], [ -105.918472222222221, 38.36375 ], [ -105.918194444444438, 38.36375 ], [ -105.918194444444438, 38.363472222222228 ], [ -105.917916666666656, 38.363472222222228 ], [ -105.917916666666656, 38.363194444444446 ], [ -105.917638888888888, 38.363194444444446 ], [ -105.917638888888888, 38.362916666666671 ], [ -105.916805555555541, 38.362916666666671 ], [ -105.916805555555541, 38.362638888888895 ], [ -105.915416666666658, 38.362638888888895 ], [ -105.915416666666658, 38.362361111111113 ], [ -105.914305555555543, 38.362361111111113 ], [ -105.914305555555543, 38.362083333333338 ], [ -105.913472222222211, 38.362083333333338 ], [ -105.913472222222211, 38.361805555555563 ], [ -105.912916666666661, 38.361805555555563 ], [ -105.912916666666661, 38.361527777777781 ], [ -105.91236111111111, 38.361527777777781 ], [ -105.91236111111111, 38.360972222222223 ], [ -105.912083333333328, 38.360972222222223 ], [ -105.912083333333328, 38.360694444444448 ], [ -105.911805555555546, 38.360694444444448 ], [ -105.911805555555546, 38.360138888888891 ], [ -105.911527777777764, 38.360138888888891 ], [ -105.911527777777764, 38.35958333333334 ], [ -105.91125, 38.35958333333334 ], [ -105.91125, 38.359305555555558 ], [ -105.910972222222213, 38.359305555555558 ], [ -105.910972222222213, 38.35875 ], [ -105.910694444444431, 38.35875 ], [ -105.910694444444431, 38.357638888888893 ], [ -105.910416666666663, 38.357638888888893 ], [ -105.910416666666663, 38.356527777777778 ], [ -105.910138888888881, 38.356527777777778 ], [ -105.910138888888881, 38.355972222222228 ], [ -105.909861111111098, 38.355972222222228 ], [ -105.909861111111098, 38.35541666666667 ], [ -105.90958333333333, 38.35541666666667 ], [ -105.90958333333333, 38.355138888888895 ], [ -105.909027777777766, 38.355138888888895 ], [ -105.909027777777766, 38.354861111111113 ], [ -105.90875, 38.354861111111113 ], [ -105.90875, 38.354583333333338 ], [ -105.908472222222215, 38.354583333333338 ], [ -105.908472222222215, 38.354305555555563 ], [ -105.907916666666665, 38.354305555555563 ], [ -105.907916666666665, 38.35402777777778 ], [ -105.907638888888883, 38.35402777777778 ], [ -105.907638888888883, 38.35375 ], [ -105.907083333333333, 38.35375 ], [ -105.907083333333333, 38.353472222222223 ], [ -105.90625, 38.353472222222223 ], [ -105.90625, 38.353194444444448 ], [ -105.905138888888885, 38.353194444444448 ], [ -105.905138888888885, 38.352916666666673 ], [ -105.904305555555553, 38.352916666666673 ], [ -105.904305555555553, 38.35263888888889 ], [ -105.902638888888887, 38.35263888888889 ], [ -105.902638888888887, 38.352361111111115 ], [ -105.901805555555555, 38.352361111111115 ], [ -105.901805555555555, 38.351805555555558 ], [ -105.901527777777773, 38.351805555555558 ], [ -105.901527777777773, 38.351527777777783 ], [ -105.90125, 38.351527777777783 ], [ -105.90125, 38.35125 ], [ -105.90069444444444, 38.35125 ], [ -105.90069444444444, 38.350972222222225 ], [ -105.900138888888875, 38.350972222222225 ], [ -105.900138888888875, 38.35069444444445 ], [ -105.899027777777775, 38.35069444444445 ], [ -105.899027777777775, 38.350416666666668 ], [ -105.898194444444442, 38.350416666666668 ], [ -105.898194444444442, 38.350138888888893 ], [ -105.89791666666666, 38.350138888888893 ], [ -105.89791666666666, 38.349861111111117 ], [ -105.897638888888878, 38.349861111111117 ], [ -105.897638888888878, 38.349583333333335 ], [ -105.89736111111111, 38.349583333333335 ], [ -105.89736111111111, 38.34930555555556 ], [ -105.897083333333327, 38.34930555555556 ], [ -105.897083333333327, 38.349027777777785 ], [ -105.896805555555545, 38.349027777777785 ], [ -105.896805555555545, 38.34875 ], [ -105.896527777777777, 38.34875 ], [ -105.896527777777777, 38.348472222222227 ], [ -105.89625, 38.348472222222227 ], [ -105.89625, 38.348194444444445 ], [ -105.895972222222213, 38.348194444444445 ], [ -105.895972222222213, 38.34791666666667 ], [ -105.89569444444443, 38.34791666666667 ], [ -105.89569444444443, 38.347638888888895 ], [ -105.895416666666662, 38.347638888888895 ], [ -105.895416666666662, 38.347361111111113 ], [ -105.89513888888888, 38.347361111111113 ], [ -105.89513888888888, 38.347083333333337 ], [ -105.894861111111098, 38.347083333333337 ], [ -105.894861111111098, 38.346805555555562 ], [ -105.894305555555547, 38.346805555555562 ], [ -105.894305555555547, 38.34652777777778 ], [ -105.89375, 38.34652777777778 ], [ -105.89375, 38.34625 ], [ -105.893472222222215, 38.34625 ], [ -105.893472222222215, 38.34513888888889 ], [ -105.893194444444433, 38.34513888888889 ], [ -105.893194444444433, 38.344027777777782 ], [ -105.892916666666665, 38.344027777777782 ], [ -105.892916666666665, 38.343472222222225 ], [ -105.892638888888882, 38.343472222222225 ], [ -105.892638888888882, 38.342916666666667 ], [ -105.8923611111111, 38.342916666666667 ], [ -105.8923611111111, 38.342638888888892 ], [ -105.892083333333332, 38.342638888888892 ], [ -105.892083333333332, 38.342361111111117 ], [ -105.891527777777767, 38.342361111111117 ], [ -105.891527777777767, 38.342083333333335 ], [ -105.89125, 38.342083333333335 ], [ -105.89125, 38.34180555555556 ], [ -105.890972222222217, 38.34180555555556 ], [ -105.890972222222217, 38.341527777777785 ], [ -105.88958333333332, 38.341527777777785 ], [ -105.88958333333332, 38.34125 ], [ -105.889305555555552, 38.34125 ], [ -105.889305555555552, 38.340972222222227 ], [ -105.88875, 38.340972222222227 ], [ -105.88875, 38.340138888888895 ], [ -105.888472222222219, 38.340138888888895 ], [ -105.888472222222219, 38.33902777777778 ], [ -105.888194444444437, 38.33902777777778 ], [ -105.888194444444437, 38.338472222222229 ], [ -105.888472222222219, 38.338472222222229 ], [ -105.888472222222219, 38.337916666666672 ], [ -105.88875, 38.337916666666672 ], [ -105.88875, 38.334305555555559 ], [ -105.888472222222219, 38.334305555555559 ], [ -105.888472222222219, 38.33375 ], [ -105.888194444444437, 38.33375 ], [ -105.888194444444437, 38.333472222222227 ], [ -105.887916666666655, 38.333472222222227 ], [ -105.887916666666655, 38.333194444444452 ], [ -105.887638888888887, 38.333194444444452 ], [ -105.887638888888887, 38.332916666666669 ], [ -105.887361111111105, 38.332916666666669 ], [ -105.887361111111105, 38.332638888888894 ], [ -105.887083333333322, 38.332638888888894 ], [ -105.887083333333322, 38.332361111111112 ], [ -105.886805555555554, 38.332361111111112 ], [ -105.886805555555554, 38.332083333333337 ], [ -105.887083333333322, 38.332083333333337 ], [ -105.887083333333322, 38.331805555555562 ], [ -105.886805555555554, 38.331805555555562 ], [ -105.886805555555554, 38.331527777777779 ], [ -105.886527777777772, 38.331527777777779 ], [ -105.886527777777772, 38.33125 ], [ -105.88625, 38.33125 ], [ -105.88625, 38.330972222222229 ], [ -105.885972222222208, 38.330972222222229 ], [ -105.885972222222208, 38.330416666666672 ], [ -105.885694444444439, 38.330416666666672 ], [ -105.885694444444439, 38.329861111111114 ], [ -105.885416666666657, 38.329861111111114 ], [ -105.885416666666657, 38.329305555555557 ], [ -105.885138888888875, 38.329305555555557 ], [ -105.885138888888875, 38.32875 ], [ -105.884583333333325, 38.32875 ], [ -105.884583333333325, 38.328472222222224 ], [ -105.884027777777774, 38.328472222222224 ], [ -105.884027777777774, 38.328194444444449 ], [ -105.88347222222221, 38.328194444444449 ], [ -105.88347222222221, 38.327916666666667 ], [ -105.883194444444442, 38.327916666666667 ], [ -105.883194444444442, 38.327638888888892 ], [ -105.882361111111109, 38.327638888888892 ], [ -105.882361111111109, 38.327361111111117 ], [ -105.882083333333327, 38.327361111111117 ], [ -105.882083333333327, 38.32625 ], [ -105.881805555555545, 38.32625 ], [ -105.881805555555545, 38.325416666666669 ], [ -105.881527777777777, 38.325416666666669 ], [ -105.881527777777777, 38.324861111111112 ], [ -105.88125, 38.324861111111112 ], [ -105.88125, 38.324305555555561 ], [ -105.880972222222212, 38.324305555555561 ], [ -105.880972222222212, 38.324027777777779 ], [ -105.88069444444443, 38.324027777777779 ], [ -105.88069444444443, 38.32375 ], [ -105.880416666666662, 38.32375 ], [ -105.880416666666662, 38.322916666666671 ], [ -105.880138888888879, 38.322916666666671 ], [ -105.880138888888879, 38.322361111111114 ], [ -105.880416666666662, 38.322361111111114 ], [ -105.880416666666662, 38.322083333333339 ], [ -105.880138888888879, 38.322083333333339 ], [ -105.880138888888879, 38.321527777777781 ], [ -105.879861111111097, 38.321527777777781 ], [ -105.879861111111097, 38.320972222222224 ], [ -105.879583333333329, 38.320972222222224 ], [ -105.879583333333329, 38.320694444444449 ], [ -105.879305555555547, 38.320694444444449 ], [ -105.879305555555547, 38.320416666666674 ], [ -105.87875, 38.320416666666674 ], [ -105.87875, 38.320138888888891 ], [ -105.878472222222214, 38.320138888888891 ], [ -105.878472222222214, 38.319583333333334 ], [ -105.878194444444432, 38.319583333333334 ], [ -105.878194444444432, 38.319305555555559 ], [ -105.877638888888882, 38.319305555555559 ], [ -105.877638888888882, 38.319027777777784 ], [ -105.876805555555549, 38.319027777777784 ], [ -105.876805555555549, 38.316527777777779 ], [ -105.876527777777767, 38.316527777777779 ], [ -105.876527777777767, 38.31625 ], [ -105.87625, 38.31625 ], [ -105.87625, 38.315972222222229 ], [ -105.875694444444434, 38.315972222222229 ], [ -105.875694444444434, 38.315694444444446 ], [ -105.875416666666652, 38.315694444444446 ], [ -105.875416666666652, 38.315416666666671 ], [ -105.87458333333332, 38.315416666666671 ], [ -105.87458333333332, 38.315138888888896 ], [ -105.874027777777769, 38.315138888888896 ], [ -105.874027777777769, 38.314027777777781 ], [ -105.87375, 38.314027777777781 ], [ -105.87375, 38.31375 ], [ -105.873472222222219, 38.31375 ], [ -105.873472222222219, 38.313472222222224 ], [ -105.873194444444437, 38.313472222222224 ], [ -105.873194444444437, 38.313194444444449 ], [ -105.872916666666654, 38.313194444444449 ], [ -105.872916666666654, 38.312638888888891 ], [ -105.872638888888886, 38.312638888888891 ], [ -105.872638888888886, 38.312083333333334 ], [ -105.872361111111104, 38.312083333333334 ], [ -105.872361111111104, 38.311527777777783 ], [ -105.872083333333322, 38.311527777777783 ], [ -105.872083333333322, 38.310694444444451 ], [ -105.871805555555554, 38.310694444444451 ], [ -105.871805555555554, 38.310416666666669 ], [ -105.87125, 38.310416666666669 ], [ -105.87125, 38.310138888888893 ], [ -105.870972222222221, 38.310138888888893 ], [ -105.870972222222221, 38.309861111111118 ], [ -105.870694444444439, 38.309861111111118 ], [ -105.870694444444439, 38.309583333333336 ], [ -105.869861111111106, 38.309583333333336 ], [ -105.869861111111106, 38.309305555555561 ], [ -105.869305555555542, 38.309305555555561 ], [ -105.869305555555542, 38.309027777777779 ], [ -105.869027777777774, 38.309027777777779 ], [ -105.869027777777774, 38.30875 ], [ -105.86875, 38.30875 ], [ -105.86875, 38.307916666666671 ], [ -105.868472222222209, 38.307916666666671 ], [ -105.868472222222209, 38.307361111111113 ], [ -105.868194444444441, 38.307361111111113 ], [ -105.868194444444441, 38.306805555555556 ], [ -105.867916666666659, 38.306805555555556 ], [ -105.867916666666659, 38.306527777777781 ], [ -105.867638888888877, 38.306527777777781 ], [ -105.867638888888877, 38.30625 ], [ -105.867361111111109, 38.30625 ], [ -105.867361111111109, 38.305972222222223 ], [ -105.867083333333326, 38.305972222222223 ], [ -105.867083333333326, 38.305694444444448 ], [ -105.866527777777776, 38.305694444444448 ], [ -105.866527777777776, 38.305416666666673 ], [ -105.86625, 38.305416666666673 ], [ -105.86625, 38.305138888888891 ], [ -105.865694444444443, 38.305138888888891 ], [ -105.865694444444443, 38.304861111111116 ], [ -105.865416666666661, 38.304861111111116 ], [ -105.865416666666661, 38.304583333333341 ], [ -105.864583333333329, 38.304583333333341 ], [ -105.864583333333329, 38.304305555555558 ], [ -105.86375, 38.304305555555558 ], [ -105.86375, 38.304027777777783 ], [ -105.863194444444431, 38.304027777777783 ], [ -105.863194444444431, 38.30375 ], [ -105.862638888888881, 38.30375 ], [ -105.862638888888881, 38.303472222222226 ], [ -105.861805555555549, 38.303472222222226 ], [ -105.861805555555549, 38.303194444444451 ], [ -105.861527777777766, 38.303194444444451 ], [ -105.861527777777766, 38.302916666666668 ], [ -105.86125, 38.302916666666668 ], [ -105.86125, 38.302638888888893 ], [ -105.860972222222216, 38.302638888888893 ], [ -105.860972222222216, 38.302361111111118 ], [ -105.860694444444434, 38.302361111111118 ], [ -105.860694444444434, 38.301805555555561 ], [ -105.860416666666666, 38.301805555555561 ], [ -105.860416666666666, 38.30125 ], [ -105.860138888888883, 38.30125 ], [ -105.860138888888883, 38.300972222222228 ], [ -105.859861111111101, 38.300972222222228 ], [ -105.859861111111101, 38.300694444444446 ], [ -105.859583333333319, 38.300694444444446 ], [ -105.859583333333319, 38.300416666666671 ], [ -105.859305555555551, 38.300416666666671 ], [ -105.859305555555551, 38.300138888888895 ], [ -105.859027777777769, 38.300138888888895 ], [ -105.859027777777769, 38.299861111111113 ], [ -105.85875, 38.299861111111113 ], [ -105.85875, 38.299305555555563 ], [ -105.858472222222218, 38.299305555555563 ], [ -105.858472222222218, 38.29875 ], [ -105.857916666666654, 38.29875 ], [ -105.857916666666654, 38.298472222222223 ], [ -105.857361111111103, 38.298472222222223 ], [ -105.857361111111103, 38.298194444444448 ], [ -105.855972222222221, 38.298194444444448 ], [ -105.855972222222221, 38.297916666666673 ], [ -105.855694444444438, 38.297916666666673 ], [ -105.855694444444438, 38.297638888888891 ], [ -105.855138888888888, 38.297638888888891 ], [ -105.855138888888888, 38.297361111111115 ], [ -105.854861111111106, 38.297361111111115 ], [ -105.854861111111106, 38.29708333333334 ], [ -105.853472222222209, 38.29708333333334 ], [ -105.853472222222209, 38.296805555555558 ], [ -105.852916666666658, 38.296805555555558 ], [ -105.852916666666658, 38.29625 ], [ -105.852361111111108, 38.29625 ], [ -105.852361111111108, 38.29569444444445 ], [ -105.852083333333326, 38.29569444444445 ], [ -105.852083333333326, 38.295416666666668 ], [ -105.85125, 38.295416666666668 ], [ -105.85125, 38.295138888888893 ], [ -105.850694444444443, 38.295138888888893 ], [ -105.850694444444443, 38.294861111111118 ], [ -105.850416666666661, 38.294861111111118 ], [ -105.850416666666661, 38.29430555555556 ], [ -105.850138888888878, 38.29430555555556 ], [ -105.850138888888878, 38.293472222222228 ], [ -105.84986111111111, 38.293472222222228 ], [ -105.84986111111111, 38.292361111111113 ], [ -105.849583333333328, 38.292361111111113 ], [ -105.849583333333328, 38.292083333333338 ], [ -105.849305555555546, 38.292083333333338 ], [ -105.849305555555546, 38.291805555555563 ], [ -105.849027777777764, 38.291805555555563 ], [ -105.849027777777764, 38.29152777777778 ], [ -105.84875, 38.29152777777778 ], [ -105.84875, 38.29125 ], [ -105.848472222222213, 38.29125 ], [ -105.848472222222213, 38.290972222222223 ], [ -105.848194444444431, 38.290972222222223 ], [ -105.848194444444431, 38.290694444444448 ], [ -105.847916666666663, 38.290694444444448 ], [ -105.847916666666663, 38.290416666666673 ], [ -105.847638888888881, 38.290416666666673 ], [ -105.847638888888881, 38.29013888888889 ], [ -105.847361111111098, 38.29013888888889 ], [ -105.847361111111098, 38.289861111111115 ], [ -105.846805555555548, 38.289861111111115 ], [ -105.846805555555548, 38.29013888888889 ], [ -105.846527777777766, 38.29013888888889 ], [ -105.846527777777766, 38.290416666666673 ], [ -105.84625, 38.290416666666673 ], [ -105.84625, 38.290694444444448 ], [ -105.845972222222215, 38.290694444444448 ], [ -105.845972222222215, 38.29125 ], [ -105.845138888888883, 38.29125 ], [ -105.845138888888883, 38.29152777777778 ], [ -105.844583333333333, 38.29152777777778 ], [ -105.844583333333333, 38.291805555555563 ], [ -105.84430555555555, 38.291805555555563 ], [ -105.84430555555555, 38.292083333333338 ], [ -105.844027777777768, 38.292083333333338 ], [ -105.844027777777768, 38.292361111111113 ], [ -105.84375, 38.292361111111113 ], [ -105.84375, 38.292638888888895 ], [ -105.843472222222218, 38.292638888888895 ], [ -105.843472222222218, 38.29291666666667 ], [ -105.843194444444435, 38.29291666666667 ], [ -105.843194444444435, 38.293194444444445 ], [ -105.842638888888885, 38.293194444444445 ], [ -105.842638888888885, 38.29291666666667 ], [ -105.841805555555553, 38.29291666666667 ], [ -105.841805555555553, 38.292638888888895 ], [ -105.84125, 38.292638888888895 ], [ -105.84125, 38.292361111111113 ], [ -105.840694444444438, 38.292361111111113 ], [ -105.840694444444438, 38.292083333333338 ], [ -105.840138888888887, 38.292083333333338 ], [ -105.840138888888887, 38.29152777777778 ], [ -105.839861111111105, 38.29152777777778 ], [ -105.839861111111105, 38.29125 ], [ -105.839583333333323, 38.29125 ], [ -105.839583333333323, 38.290972222222223 ], [ -105.839305555555555, 38.290972222222223 ], [ -105.839305555555555, 38.290694444444448 ], [ -105.839027777777773, 38.290694444444448 ], [ -105.839027777777773, 38.29013888888889 ], [ -105.83875, 38.29013888888889 ], [ -105.83875, 38.289861111111115 ], [ -105.838472222222208, 38.289861111111115 ], [ -105.838472222222208, 38.28958333333334 ], [ -105.83819444444444, 38.28958333333334 ], [ -105.83819444444444, 38.289027777777783 ], [ -105.837638888888875, 38.289027777777783 ], [ -105.837638888888875, 38.28875 ], [ -105.837361111111107, 38.28875 ], [ -105.837361111111107, 38.288472222222225 ], [ -105.837083333333325, 38.288472222222225 ], [ -105.837083333333325, 38.28819444444445 ], [ -105.836527777777775, 38.28819444444445 ], [ -105.836527777777775, 38.287916666666668 ], [ -105.835694444444442, 38.287916666666668 ], [ -105.835694444444442, 38.287638888888893 ], [ -105.834583333333327, 38.287638888888893 ], [ -105.834583333333327, 38.287361111111117 ], [ -105.834027777777777, 38.287361111111117 ], [ -105.834027777777777, 38.287083333333335 ], [ -105.83319444444443, 38.287083333333335 ], [ -105.83319444444443, 38.28680555555556 ], [ -105.83263888888888, 38.28680555555556 ], [ -105.83263888888888, 38.286527777777785 ], [ -105.83208333333333, 38.286527777777785 ], [ -105.83208333333333, 38.28625 ], [ -105.831805555555547, 38.28625 ], [ -105.831805555555547, 38.285972222222227 ], [ -105.831527777777765, 38.285972222222227 ], [ -105.831527777777765, 38.285694444444445 ], [ -105.83125, 38.285694444444445 ], [ -105.83125, 38.285138888888895 ], [ -105.830972222222215, 38.285138888888895 ], [ -105.830972222222215, 38.284861111111113 ], [ -105.830694444444433, 38.284861111111113 ], [ -105.830694444444433, 38.284305555555562 ], [ -105.830416666666665, 38.284305555555562 ], [ -105.830416666666665, 38.28402777777778 ], [ -105.830138888888882, 38.28402777777778 ], [ -105.830138888888882, 38.283472222222223 ], [ -105.8298611111111, 38.283472222222223 ], [ -105.8298611111111, 38.283194444444447 ], [ -105.829583333333332, 38.283194444444447 ], [ -105.829583333333332, 38.28263888888889 ], [ -105.82930555555555, 38.28263888888889 ], [ -105.82930555555555, 38.28208333333334 ], [ -105.829027777777767, 38.28208333333334 ], [ -105.829027777777767, 38.28125 ], [ -105.82875, 38.28125 ], [ -105.82875, 38.280416666666667 ], [ -105.828472222222217, 38.280416666666667 ], [ -105.828472222222217, 38.280138888888892 ], [ -105.828194444444435, 38.280138888888892 ], [ -105.828194444444435, 38.279583333333335 ], [ -105.827916666666653, 38.279583333333335 ], [ -105.827916666666653, 38.27930555555556 ], [ -105.827638888888885, 38.27930555555556 ], [ -105.827638888888885, 38.27875 ], [ -105.827361111111102, 38.27875 ], [ -105.827361111111102, 38.278472222222227 ], [ -105.826805555555552, 38.278472222222227 ], [ -105.826805555555552, 38.278194444444445 ], [ -105.825972222222219, 38.278194444444445 ], [ -105.825972222222219, 38.27791666666667 ], [ -105.825138888888887, 38.27791666666667 ], [ -105.825138888888887, 38.277638888888895 ], [ -105.824583333333322, 38.277638888888895 ], [ -105.824583333333322, 38.277361111111112 ], [ -105.824027777777772, 38.277361111111112 ], [ -105.824027777777772, 38.277083333333337 ], [ -105.82375, 38.277083333333337 ], [ -105.82375, 38.276805555555562 ], [ -105.822916666666657, 38.276805555555562 ], [ -105.822916666666657, 38.27652777777778 ], [ -105.822361111111107, 38.27652777777778 ], [ -105.822361111111107, 38.27625 ], [ -105.822083333333325, 38.27625 ], [ -105.822083333333325, 38.275972222222229 ], [ -105.821805555555542, 38.275972222222229 ], [ -105.821805555555542, 38.275694444444447 ], [ -105.821527777777774, 38.275694444444447 ], [ -105.821527777777774, 38.275416666666672 ], [ -105.82125, 38.275416666666672 ], [ -105.82125, 38.27513888888889 ], [ -105.82097222222221, 38.27513888888889 ], [ -105.82097222222221, 38.274583333333339 ], [ -105.820694444444442, 38.274583333333339 ], [ -105.820694444444442, 38.274305555555557 ], [ -105.820416666666659, 38.274305555555557 ], [ -105.820416666666659, 38.274027777777782 ], [ -105.820138888888877, 38.274027777777782 ], [ -105.820138888888877, 38.27375 ], [ -105.819861111111109, 38.27375 ], [ -105.819861111111109, 38.273472222222225 ], [ -105.819305555555545, 38.273472222222225 ], [ -105.819305555555545, 38.27375 ], [ -105.817083333333329, 38.27375 ], [ -105.817083333333329, 38.273472222222225 ], [ -105.815694444444432, 38.273472222222225 ], [ -105.815694444444432, 38.273194444444449 ], [ -105.815138888888882, 38.273194444444449 ], [ -105.815138888888882, 38.272916666666667 ], [ -105.81375, 38.272916666666667 ], [ -105.81375, 38.273194444444449 ], [ -105.811527777777769, 38.273194444444449 ], [ -105.811527777777769, 38.272916666666667 ], [ -105.810972222222219, 38.272916666666667 ], [ -105.810972222222219, 38.272638888888892 ], [ -105.810694444444437, 38.272638888888892 ], [ -105.810694444444437, 38.272361111111117 ], [ -105.810138888888886, 38.272361111111117 ], [ -105.810138888888886, 38.272083333333335 ], [ -105.809305555555554, 38.272083333333335 ], [ -105.809305555555554, 38.271805555555559 ], [ -105.808472222222221, 38.271805555555559 ], [ -105.808472222222221, 38.271527777777784 ], [ -105.807916666666657, 38.271527777777784 ], [ -105.807916666666657, 38.27125 ], [ -105.807361111111106, 38.27125 ], [ -105.807361111111106, 38.270972222222227 ], [ -105.80625, 38.270972222222227 ], [ -105.80625, 38.270694444444452 ], [ -105.804027777777776, 38.270694444444452 ], [ -105.804027777777776, 38.270416666666669 ], [ -105.803194444444443, 38.270416666666669 ], [ -105.803194444444443, 38.270138888888894 ], [ -105.802361111111097, 38.270138888888894 ], [ -105.802361111111097, 38.269861111111112 ], [ -105.799861111111099, 38.269861111111112 ], [ -105.799861111111099, 38.269583333333337 ], [ -105.799583333333331, 38.269583333333337 ], [ -105.799583333333331, 38.26875 ], [ -105.799305555555549, 38.26875 ], [ -105.799305555555549, 38.268472222222229 ], [ -105.799027777777766, 38.268472222222229 ], [ -105.799027777777766, 38.268194444444447 ], [ -105.79875, 38.268194444444447 ], [ -105.79875, 38.267638888888889 ], [ -105.798472222222216, 38.267638888888889 ], [ -105.798472222222216, 38.267361111111114 ], [ -105.798194444444434, 38.267361111111114 ], [ -105.798194444444434, 38.266805555555557 ], [ -105.797916666666666, 38.266805555555557 ], [ -105.797916666666666, 38.266527777777782 ], [ -105.797361111111101, 38.266527777777782 ], [ -105.797361111111101, 38.26625 ], [ -105.797083333333319, 38.26625 ], [ -105.797083333333319, 38.265138888888892 ], [ -105.796805555555551, 38.265138888888892 ], [ -105.796805555555551, 38.261805555555561 ], [ -105.796527777777769, 38.261805555555561 ], [ -105.796527777777769, 38.261527777777779 ], [ -105.79625, 38.261527777777779 ], [ -105.79625, 38.260694444444447 ], [ -105.795972222222218, 38.260694444444447 ], [ -105.795972222222218, 38.260416666666671 ], [ -105.795694444444436, 38.260416666666671 ], [ -105.795694444444436, 38.259861111111114 ], [ -105.795416666666654, 38.259861111111114 ], [ -105.795416666666654, 38.259583333333339 ], [ -105.795138888888886, 38.259583333333339 ], [ -105.795138888888886, 38.259027777777781 ], [ -105.794861111111103, 38.259027777777781 ], [ -105.794861111111103, 38.258472222222224 ], [ -105.794583333333321, 38.258472222222224 ], [ -105.794583333333321, 38.258194444444449 ], [ -105.794305555555553, 38.258194444444449 ], [ -105.794305555555553, 38.257638888888891 ], [ -105.794027777777771, 38.257638888888891 ], [ -105.794027777777771, 38.256805555555559 ], [ -105.79375, 38.256805555555559 ], [ -105.79375, 38.256527777777784 ], [ -105.793472222222221, 38.256527777777784 ], [ -105.793472222222221, 38.25625 ], [ -105.793194444444438, 38.25625 ], [ -105.793194444444438, 38.255972222222226 ], [ -105.792916666666656, 38.255972222222226 ], [ -105.792916666666656, 38.255416666666669 ], [ -105.792638888888888, 38.255416666666669 ], [ -105.792638888888888, 38.254861111111111 ], [ -105.792361111111106, 38.254861111111111 ], [ -105.792361111111106, 38.254583333333336 ], [ -105.792083333333323, 38.254583333333336 ], [ -105.792083333333323, 38.254305555555561 ], [ -105.791805555555541, 38.254305555555561 ], [ -105.791805555555541, 38.254027777777779 ], [ -105.791527777777773, 38.254027777777779 ], [ -105.791527777777773, 38.25375 ], [ -105.79125, 38.25375 ], [ -105.79125, 38.253472222222229 ], [ -105.790972222222209, 38.253472222222229 ], [ -105.790972222222209, 38.253194444444446 ], [ -105.790694444444441, 38.253194444444446 ], [ -105.790694444444441, 38.252916666666671 ], [ -105.790416666666658, 38.252916666666671 ], [ -105.790416666666658, 38.252638888888896 ], [ -105.790138888888876, 38.252638888888896 ], [ -105.790138888888876, 38.252361111111114 ], [ -105.789861111111108, 38.252361111111114 ], [ -105.789861111111108, 38.252083333333339 ], [ -105.789583333333326, 38.252083333333339 ], [ -105.789583333333326, 38.251805555555556 ], [ -105.789305555555543, 38.251805555555556 ], [ -105.789305555555543, 38.251527777777781 ], [ -105.789583333333326, 38.251527777777781 ], [ -105.789583333333326, 38.249027777777783 ], [ -105.789305555555543, 38.249027777777783 ], [ -105.789305555555543, 38.247638888888893 ], [ -105.789027777777775, 38.247638888888893 ], [ -105.789027777777775, 38.24625 ], [ -105.789305555555543, 38.24625 ], [ -105.789305555555543, 38.245138888888896 ], [ -105.789583333333326, 38.245138888888896 ], [ -105.789583333333326, 38.244583333333338 ], [ -105.789861111111108, 38.244583333333338 ], [ -105.789861111111108, 38.244305555555556 ], [ -105.789583333333326, 38.244305555555556 ], [ -105.789583333333326, 38.244027777777781 ], [ -105.789305555555543, 38.244027777777781 ], [ -105.789305555555543, 38.24375 ], [ -105.789027777777775, 38.24375 ], [ -105.789027777777775, 38.243472222222223 ], [ -105.78875, 38.243472222222223 ], [ -105.78875, 38.243194444444448 ], [ -105.788472222222211, 38.243194444444448 ], [ -105.788472222222211, 38.242916666666673 ], [ -105.788194444444443, 38.242916666666673 ], [ -105.788194444444443, 38.242361111111116 ], [ -105.787916666666661, 38.242361111111116 ], [ -105.787916666666661, 38.242083333333341 ], [ -105.787083333333328, 38.242083333333341 ], [ -105.787083333333328, 38.241805555555558 ], [ -105.786527777777764, 38.241805555555558 ], [ -105.786527777777764, 38.241527777777783 ], [ -105.78625, 38.241527777777783 ], [ -105.78625, 38.24125 ], [ -105.785972222222213, 38.24125 ], [ -105.785972222222213, 38.240972222222226 ], [ -105.785416666666663, 38.240972222222226 ], [ -105.785416666666663, 38.240694444444451 ], [ -105.785138888888881, 38.240694444444451 ], [ -105.785138888888881, 38.240416666666668 ], [ -105.78458333333333, 38.240416666666668 ], [ -105.78458333333333, 38.240138888888893 ], [ -105.784027777777766, 38.240138888888893 ], [ -105.784027777777766, 38.239861111111118 ], [ -105.783472222222215, 38.239861111111118 ], [ -105.783472222222215, 38.239583333333336 ], [ -105.782361111111101, 38.239583333333336 ], [ -105.782361111111101, 38.239305555555561 ], [ -105.780694444444435, 38.239305555555561 ], [ -105.780694444444435, 38.239027777777778 ], [ -105.780416666666653, 38.239027777777778 ], [ -105.780416666666653, 38.23875 ], [ -105.780138888888885, 38.23875 ], [ -105.780138888888885, 38.238472222222228 ], [ -105.779583333333321, 38.238472222222228 ], [ -105.779583333333321, 38.238194444444446 ], [ -105.77902777777777, 38.238194444444446 ], [ -105.77902777777777, 38.237916666666671 ], [ -105.77847222222222, 38.237916666666671 ], [ -105.77847222222222, 38.237638888888895 ], [ -105.778194444444438, 38.237638888888895 ], [ -105.778194444444438, 38.237361111111113 ], [ -105.777638888888887, 38.237361111111113 ], [ -105.777638888888887, 38.237083333333338 ], [ -105.777361111111105, 38.237083333333338 ], [ -105.777361111111105, 38.236805555555563 ], [ -105.777083333333323, 38.236805555555563 ], [ -105.777083333333323, 38.236527777777781 ], [ -105.776527777777773, 38.236527777777781 ], [ -105.776527777777773, 38.23625 ], [ -105.775972222222208, 38.23625 ], [ -105.775972222222208, 38.235972222222223 ], [ -105.774861111111107, 38.235972222222223 ], [ -105.774861111111107, 38.235694444444448 ], [ -105.774305555555543, 38.235694444444448 ], [ -105.774305555555543, 38.235416666666673 ], [ -105.773194444444442, 38.235416666666673 ], [ -105.773194444444442, 38.235138888888891 ], [ -105.770972222222213, 38.235138888888891 ], [ -105.770972222222213, 38.234861111111115 ], [ -105.77069444444443, 38.234861111111115 ], [ -105.77069444444443, 38.23458333333334 ], [ -105.76958333333333, 38.23458333333334 ], [ -105.76958333333333, 38.234305555555558 ], [ -105.768472222222215, 38.234305555555558 ], [ -105.768472222222215, 38.234027777777783 ], [ -105.768194444444433, 38.234027777777783 ], [ -105.768194444444433, 38.233472222222225 ], [ -105.767916666666665, 38.233472222222225 ], [ -105.767916666666665, 38.23319444444445 ], [ -105.767638888888882, 38.23319444444445 ], [ -105.767638888888882, 38.232361111111118 ], [ -105.7673611111111, 38.232361111111118 ], [ -105.7673611111111, 38.232083333333335 ], [ -105.767083333333332, 38.232083333333335 ], [ -105.767083333333332, 38.23180555555556 ], [ -105.766527777777767, 38.23180555555556 ], [ -105.766527777777767, 38.231527777777778 ], [ -105.76625, 38.231527777777778 ], [ -105.76625, 38.23125 ], [ -105.765694444444435, 38.23125 ], [ -105.765694444444435, 38.230972222222228 ], [ -105.765138888888885, 38.230972222222228 ], [ -105.765138888888885, 38.230694444444445 ], [ -105.76458333333332, 38.230694444444445 ], [ -105.76458333333332, 38.23041666666667 ], [ -105.76375, 38.23041666666667 ], [ -105.76375, 38.230138888888895 ], [ -105.763194444444437, 38.230138888888895 ], [ -105.763194444444437, 38.229861111111113 ], [ -105.762361111111105, 38.229861111111113 ], [ -105.762361111111105, 38.229583333333338 ], [ -105.761805555555554, 38.229583333333338 ], [ -105.761805555555554, 38.229305555555563 ], [ -105.760694444444439, 38.229305555555563 ], [ -105.760694444444439, 38.22902777777778 ], [ -105.759861111111107, 38.22902777777778 ], [ -105.759861111111107, 38.22875 ], [ -105.759583333333325, 38.22875 ], [ -105.759583333333325, 38.228194444444448 ], [ -105.759305555555542, 38.228194444444448 ], [ -105.759305555555542, 38.22763888888889 ], [ -105.759027777777774, 38.22763888888889 ], [ -105.759027777777774, 38.227361111111115 ], [ -105.75875, 38.227361111111115 ], [ -105.75875, 38.22708333333334 ], [ -105.75847222222221, 38.22708333333334 ], [ -105.75847222222221, 38.226805555555558 ], [ -105.758194444444442, 38.226805555555558 ], [ -105.758194444444442, 38.226527777777783 ], [ -105.757916666666659, 38.226527777777783 ], [ -105.757916666666659, 38.22625 ], [ -105.757638888888877, 38.22625 ], [ -105.757638888888877, 38.225972222222225 ], [ -105.757361111111109, 38.225972222222225 ], [ -105.757361111111109, 38.22569444444445 ], [ -105.757083333333327, 38.22569444444445 ], [ -105.757083333333327, 38.225138888888893 ], [ -105.756805555555545, 38.225138888888893 ], [ -105.756805555555545, 38.224861111111117 ], [ -105.756527777777777, 38.224861111111117 ], [ -105.756527777777777, 38.22430555555556 ], [ -105.75625, 38.22430555555556 ], [ -105.75625, 38.224027777777785 ], [ -105.755972222222212, 38.224027777777785 ], [ -105.755972222222212, 38.224583333333335 ], [ -105.75569444444443, 38.224583333333335 ], [ -105.75569444444443, 38.224861111111117 ], [ -105.755416666666662, 38.224861111111117 ], [ -105.755416666666662, 38.225138888888893 ], [ -105.754861111111097, 38.225138888888893 ], [ -105.754861111111097, 38.225416666666668 ], [ -105.754305555555547, 38.225416666666668 ], [ -105.754305555555547, 38.22569444444445 ], [ -105.75375, 38.22569444444445 ], [ -105.75375, 38.225972222222225 ], [ -105.753194444444432, 38.225972222222225 ], [ -105.753194444444432, 38.22625 ], [ -105.752916666666664, 38.22625 ], [ -105.752916666666664, 38.226527777777783 ], [ -105.752083333333331, 38.226527777777783 ], [ -105.752083333333331, 38.226805555555558 ], [ -105.751805555555549, 38.226805555555558 ], [ -105.751805555555549, 38.22708333333334 ], [ -105.751527777777767, 38.22708333333334 ], [ -105.751527777777767, 38.227361111111115 ], [ -105.750972222222217, 38.227361111111115 ], [ -105.750972222222217, 38.22763888888889 ], [ -105.750416666666652, 38.22763888888889 ], [ -105.750416666666652, 38.227916666666673 ], [ -105.750138888888884, 38.227916666666673 ], [ -105.750138888888884, 38.228194444444448 ], [ -105.74958333333332, 38.228194444444448 ], [ -105.74958333333332, 38.228472222222223 ], [ -105.749027777777769, 38.228472222222223 ], [ -105.749027777777769, 38.22875 ], [ -105.74875, 38.22875 ], [ -105.74875, 38.22902777777778 ], [ -105.748472222222219, 38.22902777777778 ], [ -105.748472222222219, 38.229305555555563 ], [ -105.747916666666654, 38.229305555555563 ], [ -105.747916666666654, 38.229583333333338 ], [ -105.747638888888886, 38.229583333333338 ], [ -105.747638888888886, 38.229861111111113 ], [ -105.747361111111104, 38.229861111111113 ], [ -105.747361111111104, 38.230138888888895 ], [ -105.747083333333322, 38.230138888888895 ], [ -105.747083333333322, 38.23041666666667 ], [ -105.746527777777771, 38.23041666666667 ], [ -105.746527777777771, 38.230694444444445 ], [ -105.74625, 38.230694444444445 ], [ -105.74625, 38.230972222222228 ], [ -105.745972222222221, 38.230972222222228 ], [ -105.745972222222221, 38.231527777777778 ], [ -105.745694444444439, 38.231527777777778 ], [ -105.745694444444439, 38.23180555555556 ], [ -105.745416666666657, 38.23180555555556 ], [ -105.745416666666657, 38.232361111111118 ], [ -105.745138888888874, 38.232361111111118 ], [ -105.745138888888874, 38.232916666666668 ], [ -105.744861111111106, 38.232916666666668 ], [ -105.744861111111106, 38.234027777777783 ], [ -105.744583333333324, 38.234027777777783 ], [ -105.744583333333324, 38.234305555555558 ], [ -105.744305555555542, 38.234305555555558 ], [ -105.744305555555542, 38.23625 ], [ -105.744583333333324, 38.23625 ], [ -105.744583333333324, 38.237361111111113 ], [ -105.744305555555542, 38.237361111111113 ], [ -105.744305555555542, 38.237638888888895 ], [ -105.744027777777774, 38.237638888888895 ], [ -105.744027777777774, 38.237916666666671 ], [ -105.743472222222209, 38.237916666666671 ], [ -105.743472222222209, 38.238194444444446 ], [ -105.743194444444441, 38.238194444444446 ], [ -105.743194444444441, 38.238472222222228 ], [ -105.742916666666659, 38.238472222222228 ], [ -105.742916666666659, 38.239027777777778 ], [ -105.742638888888877, 38.239027777777778 ], [ -105.742638888888877, 38.239305555555561 ], [ -105.742361111111109, 38.239305555555561 ], [ -105.742361111111109, 38.239583333333336 ], [ -105.742083333333326, 38.239583333333336 ], [ -105.742083333333326, 38.239861111111118 ], [ -105.741805555555544, 38.239861111111118 ], [ -105.741805555555544, 38.240138888888893 ], [ -105.74125, 38.240138888888893 ], [ -105.74125, 38.240416666666668 ], [ -105.740972222222211, 38.240416666666668 ], [ -105.740972222222211, 38.240694444444451 ], [ -105.740694444444443, 38.240694444444451 ], [ -105.740694444444443, 38.240972222222226 ], [ -105.740138888888879, 38.240972222222226 ], [ -105.740138888888879, 38.24125 ], [ -105.739861111111097, 38.24125 ], [ -105.739861111111097, 38.242361111111116 ], [ -105.739583333333329, 38.242361111111116 ], [ -105.739583333333329, 38.243472222222223 ], [ -105.739305555555546, 38.243472222222223 ], [ -105.739305555555546, 38.245972222222228 ], [ -105.739027777777764, 38.245972222222228 ], [ -105.739027777777764, 38.24625 ], [ -105.73875, 38.24625 ], [ -105.73875, 38.247083333333336 ], [ -105.738472222222214, 38.247083333333336 ], [ -105.738472222222214, 38.247361111111118 ], [ -105.738194444444431, 38.247361111111118 ], [ -105.738194444444431, 38.250138888888891 ], [ -105.737361111111099, 38.250138888888891 ], [ -105.737361111111099, 38.250416666666673 ], [ -105.737083333333331, 38.250416666666673 ], [ -105.737083333333331, 38.250694444444449 ], [ -105.736805555555549, 38.250694444444449 ], [ -105.736805555555549, 38.250972222222224 ], [ -105.736527777777766, 38.250972222222224 ], [ -105.736527777777766, 38.25125 ], [ -105.73625, 38.25125 ], [ -105.73625, 38.251527777777781 ], [ -105.735972222222216, 38.251527777777781 ], [ -105.735972222222216, 38.251805555555556 ], [ -105.735694444444434, 38.251805555555556 ], [ -105.735694444444434, 38.252083333333339 ], [ -105.735416666666666, 38.252083333333339 ], [ -105.735416666666666, 38.252361111111114 ], [ -105.735138888888883, 38.252361111111114 ], [ -105.735138888888883, 38.252638888888896 ], [ -105.73375, 38.252638888888896 ], [ -105.73375, 38.252916666666671 ], [ -105.733194444444436, 38.252916666666671 ], [ -105.733194444444436, 38.253194444444446 ], [ -105.730694444444438, 38.253194444444446 ], [ -105.730694444444438, 38.253472222222229 ], [ -105.730416666666656, 38.253472222222229 ], [ -105.730416666666656, 38.25375 ], [ -105.730138888888888, 38.25375 ], [ -105.730138888888888, 38.254027777777779 ], [ -105.729583333333323, 38.254027777777779 ], [ -105.729583333333323, 38.254305555555561 ], [ -105.729027777777773, 38.254305555555561 ], [ -105.729027777777773, 38.254583333333336 ], [ -105.72875, 38.254583333333336 ], [ -105.72875, 38.254861111111111 ], [ -105.728472222222209, 38.254861111111111 ], [ -105.728472222222209, 38.255138888888894 ], [ -105.728194444444441, 38.255138888888894 ], [ -105.728194444444441, 38.255694444444451 ], [ -105.727916666666658, 38.255694444444451 ], [ -105.727916666666658, 38.255972222222226 ], [ -105.727638888888876, 38.255972222222226 ], [ -105.727638888888876, 38.256805555555559 ], [ -105.727361111111108, 38.256805555555559 ], [ -105.727361111111108, 38.257083333333334 ], [ -105.727083333333326, 38.257083333333334 ], [ -105.727083333333326, 38.257361111111116 ], [ -105.726805555555543, 38.257361111111116 ], [ -105.726805555555543, 38.257638888888891 ], [ -105.726527777777775, 38.257638888888891 ], [ -105.726527777777775, 38.257916666666674 ], [ -105.72625, 38.257916666666674 ], [ -105.72625, 38.258194444444449 ], [ -105.725972222222211, 38.258194444444449 ], [ -105.725972222222211, 38.258472222222224 ], [ -105.72486111111111, 38.258472222222224 ], [ -105.72486111111111, 38.25875 ], [ -105.724583333333328, 38.25875 ], [ -105.724583333333328, 38.259027777777781 ], [ -105.724305555555546, 38.259027777777781 ], [ -105.724305555555546, 38.25875 ], [ -105.72208333333333, 38.25875 ], [ -105.72208333333333, 38.259027777777781 ], [ -105.719861111111101, 38.259027777777781 ], [ -105.719861111111101, 38.259305555555557 ], [ -105.719027777777768, 38.259305555555557 ], [ -105.719027777777768, 38.259583333333339 ], [ -105.718472222222218, 38.259583333333339 ], [ -105.718472222222218, 38.259861111111114 ], [ -105.717638888888885, 38.259861111111114 ], [ -105.717638888888885, 38.260138888888889 ], [ -105.716805555555553, 38.260138888888889 ], [ -105.716805555555553, 38.260416666666671 ], [ -105.71597222222222, 38.260416666666671 ], [ -105.71597222222222, 38.260694444444447 ], [ -105.712083333333325, 38.260694444444447 ], [ -105.712083333333325, 38.260972222222229 ], [ -105.711527777777775, 38.260972222222229 ], [ -105.711527777777775, 38.26125 ], [ -105.71097222222221, 38.26125 ], [ -105.71097222222221, 38.261527777777779 ], [ -105.710694444444442, 38.261527777777779 ], [ -105.710694444444442, 38.261805555555561 ], [ -105.71041666666666, 38.261805555555561 ], [ -105.71041666666666, 38.262083333333337 ], [ -105.710138888888878, 38.262083333333337 ], [ -105.710138888888878, 38.262361111111112 ], [ -105.708472222222213, 38.262361111111112 ], [ -105.708472222222213, 38.262638888888894 ], [ -105.707916666666662, 38.262638888888894 ], [ -105.707916666666662, 38.262916666666669 ], [ -105.706805555555547, 38.262916666666669 ], [ -105.706805555555547, 38.263194444444451 ], [ -105.705972222222215, 38.263194444444451 ], [ -105.705972222222215, 38.263472222222227 ], [ -105.705138888888882, 38.263472222222227 ], [ -105.705138888888882, 38.26375 ], [ -105.70430555555555, 38.26375 ], [ -105.70430555555555, 38.264027777777784 ], [ -105.703194444444435, 38.264027777777784 ], [ -105.703194444444435, 38.264305555555559 ], [ -105.696805555555542, 38.264305555555559 ], [ -105.696805555555542, 38.264583333333334 ], [ -105.696527777777774, 38.264583333333334 ], [ -105.696527777777774, 38.264861111111117 ], [ -105.69597222222221, 38.264861111111117 ], [ -105.69597222222221, 38.265138888888892 ], [ -105.695416666666659, 38.265138888888892 ], [ -105.695416666666659, 38.265416666666667 ], [ -105.694583333333327, 38.265416666666667 ], [ -105.694583333333327, 38.265138888888892 ], [ -105.69319444444443, 38.265138888888892 ], [ -105.69319444444443, 38.264861111111117 ], [ -105.690694444444432, 38.264861111111117 ], [ -105.690694444444432, 38.264583333333334 ], [ -105.687361111111102, 38.264583333333334 ], [ -105.687361111111102, 38.264861111111117 ], [ -105.68625, 38.264861111111117 ], [ -105.68625, 38.265138888888892 ], [ -105.685694444444437, 38.265138888888892 ], [ -105.685694444444437, 38.265416666666667 ], [ -105.684305555555554, 38.265416666666667 ], [ -105.684305555555554, 38.265694444444449 ], [ -105.683472222222221, 38.265694444444449 ], [ -105.683472222222221, 38.265416666666667 ], [ -105.680694444444441, 38.265416666666667 ], [ -105.680694444444441, 38.265694444444449 ], [ -105.679861111111109, 38.265694444444449 ], [ -105.679861111111109, 38.265972222222224 ], [ -105.679583333333326, 38.265972222222224 ], [ -105.679583333333326, 38.26625 ], [ -105.67875, 38.26625 ], [ -105.67875, 38.266527777777782 ], [ -105.678472222222211, 38.266527777777782 ], [ -105.678472222222211, 38.266805555555557 ], [ -105.678194444444443, 38.266805555555557 ], [ -105.678194444444443, 38.267083333333339 ], [ -105.677916666666661, 38.267083333333339 ], [ -105.677916666666661, 38.267361111111114 ], [ -105.677638888888879, 38.267361111111114 ], [ -105.677638888888879, 38.267638888888889 ], [ -105.677361111111097, 38.267638888888889 ], [ -105.677361111111097, 38.267916666666672 ], [ -105.677083333333329, 38.267916666666672 ], [ -105.677083333333329, 38.268194444444447 ], [ -105.676805555555546, 38.268194444444447 ], [ -105.676805555555546, 38.268472222222229 ], [ -105.676527777777764, 38.268472222222229 ], [ -105.676527777777764, 38.26875 ], [ -105.67625, 38.26875 ], [ -105.67625, 38.269027777777779 ], [ -105.675972222222214, 38.269027777777779 ], [ -105.675972222222214, 38.269305555555562 ], [ -105.675694444444431, 38.269305555555562 ], [ -105.675694444444431, 38.269583333333337 ], [ -105.675416666666663, 38.269583333333337 ], [ -105.675416666666663, 38.269861111111112 ], [ -105.675138888888881, 38.269861111111112 ], [ -105.675138888888881, 38.270138888888894 ], [ -105.674861111111099, 38.270138888888894 ], [ -105.674861111111099, 38.270416666666669 ], [ -105.674583333333331, 38.270416666666669 ], [ -105.674583333333331, 38.270694444444452 ], [ -105.674305555555549, 38.270694444444452 ], [ -105.674305555555549, 38.270972222222227 ], [ -105.674027777777766, 38.270972222222227 ], [ -105.674027777777766, 38.27125 ], [ -105.67375, 38.27125 ], [ -105.67375, 38.271527777777784 ], [ -105.673472222222216, 38.271527777777784 ], [ -105.673472222222216, 38.271805555555559 ], [ -105.673194444444434, 38.271805555555559 ], [ -105.673194444444434, 38.272083333333335 ], [ -105.672916666666666, 38.272083333333335 ], [ -105.672916666666666, 38.272361111111117 ], [ -105.672638888888883, 38.272361111111117 ], [ -105.672638888888883, 38.272638888888892 ], [ -105.672361111111101, 38.272638888888892 ], [ -105.672361111111101, 38.272916666666667 ], [ -105.672083333333319, 38.272916666666667 ], [ -105.672083333333319, 38.273194444444449 ], [ -105.671805555555551, 38.273194444444449 ], [ -105.671805555555551, 38.273472222222225 ], [ -105.671527777777769, 38.273472222222225 ], [ -105.671527777777769, 38.27375 ], [ -105.67125, 38.27375 ], [ -105.67125, 38.274027777777782 ], [ -105.670972222222218, 38.274027777777782 ], [ -105.670972222222218, 38.274305555555557 ], [ -105.670694444444436, 38.274305555555557 ], [ -105.670694444444436, 38.274583333333339 ], [ -105.670416666666654, 38.274583333333339 ], [ -105.670416666666654, 38.274861111111115 ], [ -105.670138888888886, 38.274861111111115 ], [ -105.670138888888886, 38.27513888888889 ], [ -105.669861111111103, 38.27513888888889 ], [ -105.669861111111103, 38.275416666666672 ], [ -105.669583333333321, 38.275416666666672 ], [ -105.669583333333321, 38.275694444444447 ], [ -105.669305555555553, 38.275694444444447 ], [ -105.669305555555553, 38.275972222222229 ], [ -105.669027777777771, 38.275972222222229 ], [ -105.669027777777771, 38.27625 ], [ -105.66875, 38.27625 ], [ -105.66875, 38.277361111111112 ], [ -105.668472222222221, 38.277361111111112 ], [ -105.668472222222221, 38.277638888888895 ], [ -105.668194444444438, 38.277638888888895 ], [ -105.668194444444438, 38.27791666666667 ], [ -105.667916666666656, 38.27791666666667 ], [ -105.667916666666656, 38.278472222222227 ], [ -105.667638888888888, 38.278472222222227 ], [ -105.667638888888888, 38.27875 ], [ -105.667361111111106, 38.27875 ], [ -105.667361111111106, 38.279027777777785 ], [ -105.667083333333323, 38.279027777777785 ], [ -105.667083333333323, 38.27930555555556 ], [ -105.666805555555541, 38.27930555555556 ], [ -105.666805555555541, 38.279583333333335 ], [ -105.666527777777773, 38.279583333333335 ], [ -105.666527777777773, 38.279861111111117 ], [ -105.66625, 38.279861111111117 ], [ -105.66625, 38.280138888888892 ], [ -105.665972222222209, 38.280138888888892 ], [ -105.665972222222209, 38.280416666666667 ], [ -105.665694444444441, 38.280416666666667 ], [ -105.665694444444441, 38.28069444444445 ], [ -105.665416666666658, 38.28069444444445 ], [ -105.665416666666658, 38.280972222222225 ], [ -105.665138888888876, 38.280972222222225 ], [ -105.665138888888876, 38.28125 ], [ -105.664861111111108, 38.28125 ], [ -105.664861111111108, 38.281527777777782 ], [ -105.664583333333326, 38.281527777777782 ], [ -105.664583333333326, 38.281805555555557 ], [ -105.664305555555543, 38.281805555555557 ], [ -105.664305555555543, 38.28208333333334 ], [ -105.664027777777775, 38.28208333333334 ], [ -105.664027777777775, 38.28263888888889 ], [ -105.66375, 38.28263888888889 ], [ -105.66375, 38.283194444444447 ], [ -105.663472222222211, 38.283194444444447 ], [ -105.663472222222211, 38.283472222222223 ], [ -105.663194444444443, 38.283472222222223 ], [ -105.663194444444443, 38.28375 ], [ -105.662916666666661, 38.28375 ], [ -105.662916666666661, 38.28402777777778 ], [ -105.662638888888878, 38.28402777777778 ], [ -105.662638888888878, 38.284583333333337 ], [ -105.66236111111111, 38.284583333333337 ], [ -105.66236111111111, 38.284861111111113 ], [ -105.662083333333328, 38.284861111111113 ], [ -105.662083333333328, 38.285138888888895 ], [ -105.661805555555546, 38.285138888888895 ], [ -105.661805555555546, 38.285972222222227 ], [ -105.661527777777764, 38.285972222222227 ], [ -105.661527777777764, 38.28625 ], [ -105.66125, 38.28625 ], [ -105.66125, 38.286527777777785 ], [ -105.660972222222213, 38.286527777777785 ], [ -105.660972222222213, 38.28680555555556 ], [ -105.660694444444431, 38.28680555555556 ], [ -105.660694444444431, 38.287083333333335 ], [ -105.660416666666663, 38.287083333333335 ], [ -105.660416666666663, 38.287361111111117 ], [ -105.660138888888881, 38.287361111111117 ], [ -105.660138888888881, 38.287638888888893 ], [ -105.659861111111098, 38.287638888888893 ], [ -105.659861111111098, 38.287916666666668 ], [ -105.65958333333333, 38.287916666666668 ], [ -105.65958333333333, 38.28819444444445 ], [ -105.659305555555548, 38.28819444444445 ], [ -105.659305555555548, 38.288472222222225 ], [ -105.659027777777766, 38.288472222222225 ], [ -105.659027777777766, 38.289027777777783 ], [ -105.65875, 38.289027777777783 ], [ -105.65875, 38.289305555555558 ], [ -105.658472222222215, 38.289305555555558 ], [ -105.658472222222215, 38.28958333333334 ], [ -105.658194444444433, 38.28958333333334 ], [ -105.658194444444433, 38.290416666666673 ], [ -105.657916666666665, 38.290416666666673 ], [ -105.657916666666665, 38.29125 ], [ -105.657638888888883, 38.29125 ], [ -105.657638888888883, 38.29152777777778 ], [ -105.657361111111101, 38.29152777777778 ], [ -105.657361111111101, 38.291805555555563 ], [ -105.657083333333333, 38.291805555555563 ], [ -105.657083333333333, 38.292083333333338 ], [ -105.65680555555555, 38.292083333333338 ], [ -105.65680555555555, 38.292361111111113 ], [ -105.656527777777768, 38.292361111111113 ], [ -105.656527777777768, 38.292638888888895 ], [ -105.65625, 38.292638888888895 ], [ -105.65625, 38.29291666666667 ], [ -105.655972222222218, 38.29291666666667 ], [ -105.655972222222218, 38.293194444444445 ], [ -105.655694444444435, 38.293194444444445 ], [ -105.655694444444435, 38.293472222222228 ], [ -105.655416666666653, 38.293472222222228 ], [ -105.655416666666653, 38.29375 ], [ -105.655138888888885, 38.29375 ], [ -105.655138888888885, 38.294027777777778 ], [ -105.654861111111103, 38.294027777777778 ], [ -105.654861111111103, 38.29430555555556 ], [ -105.654583333333321, 38.29430555555556 ], [ -105.654583333333321, 38.294583333333335 ], [ -105.654305555555553, 38.294583333333335 ], [ -105.654305555555553, 38.294861111111118 ], [ -105.65402777777777, 38.294861111111118 ], [ -105.65402777777777, 38.295972222222225 ], [ -105.65375, 38.295972222222225 ], [ -105.65375, 38.296527777777783 ], [ -105.652083333333323, 38.296527777777783 ], [ -105.652083333333323, 38.296805555555558 ], [ -105.649861111111107, 38.296805555555558 ], [ -105.649861111111107, 38.29708333333334 ], [ -105.64875, 38.29708333333334 ], [ -105.64875, 38.297361111111115 ], [ -105.64847222222221, 38.297361111111115 ], [ -105.64847222222221, 38.297638888888891 ], [ -105.64791666666666, 38.297638888888891 ], [ -105.64791666666666, 38.297916666666673 ], [ -105.64736111111111, 38.297916666666673 ], [ -105.64736111111111, 38.298194444444448 ], [ -105.647083333333327, 38.298194444444448 ], [ -105.647083333333327, 38.298472222222223 ], [ -105.646527777777777, 38.298472222222223 ], [ -105.646527777777777, 38.29875 ], [ -105.645972222222213, 38.29875 ], [ -105.645972222222213, 38.299027777777781 ], [ -105.64569444444443, 38.299027777777781 ], [ -105.64569444444443, 38.299305555555563 ], [ -105.64513888888888, 38.299305555555563 ], [ -105.64513888888888, 38.299583333333338 ], [ -105.64458333333333, 38.299583333333338 ], [ -105.64458333333333, 38.299861111111113 ], [ -105.644305555555547, 38.299861111111113 ], [ -105.644305555555547, 38.300138888888895 ], [ -105.644027777777765, 38.300138888888895 ], [ -105.644027777777765, 38.300416666666671 ], [ -105.64375, 38.300416666666671 ], [ -105.64375, 38.300694444444446 ], [ -105.643472222222215, 38.300694444444446 ], [ -105.643472222222215, 38.300972222222228 ], [ -105.643194444444433, 38.300972222222228 ], [ -105.643194444444433, 38.30125 ], [ -105.642916666666665, 38.30125 ], [ -105.642916666666665, 38.301527777777778 ], [ -105.642638888888882, 38.301527777777778 ], [ -105.642638888888882, 38.301805555555561 ], [ -105.642083333333332, 38.301805555555561 ], [ -105.642083333333332, 38.302083333333336 ], [ -105.641527777777767, 38.302083333333336 ], [ -105.641527777777767, 38.302361111111118 ], [ -105.64125, 38.302361111111118 ], [ -105.64125, 38.302638888888893 ], [ -105.640694444444435, 38.302638888888893 ], [ -105.640694444444435, 38.302916666666668 ], [ -105.640138888888885, 38.302916666666668 ], [ -105.640138888888885, 38.303194444444451 ], [ -105.639861111111102, 38.303194444444451 ], [ -105.639861111111102, 38.303472222222226 ], [ -105.63958333333332, 38.303472222222226 ], [ -105.63958333333332, 38.30375 ], [ -105.63902777777777, 38.30375 ], [ -105.63902777777777, 38.304027777777783 ], [ -105.637638888888887, 38.304027777777783 ], [ -105.637638888888887, 38.304305555555558 ], [ -105.636805555555554, 38.304305555555558 ], [ -105.636805555555554, 38.304583333333341 ], [ -105.63625, 38.304583333333341 ], [ -105.63625, 38.305138888888891 ], [ -105.635972222222208, 38.305138888888891 ], [ -105.635972222222208, 38.305694444444448 ], [ -105.635694444444439, 38.305694444444448 ], [ -105.635694444444439, 38.30625 ], [ -105.635416666666657, 38.30625 ], [ -105.635416666666657, 38.306527777777781 ], [ -105.634583333333325, 38.306527777777781 ], [ -105.634583333333325, 38.30625 ], [ -105.633194444444442, 38.30625 ], [ -105.633194444444442, 38.306805555555556 ], [ -105.632916666666659, 38.306805555555556 ], [ -105.632916666666659, 38.307638888888896 ], [ -105.633194444444442, 38.307638888888896 ], [ -105.633194444444442, 38.308194444444446 ], [ -105.632916666666659, 38.308194444444446 ], [ -105.632916666666659, 38.308472222222228 ], [ -105.633194444444442, 38.308472222222228 ], [ -105.633194444444442, 38.309027777777779 ], [ -105.632916666666659, 38.309027777777779 ], [ -105.632916666666659, 38.309305555555561 ], [ -105.632638888888877, 38.309305555555561 ], [ -105.632638888888877, 38.309583333333336 ], [ -105.632361111111109, 38.309583333333336 ], [ -105.632361111111109, 38.309861111111118 ], [ -105.632083333333327, 38.309861111111118 ], [ -105.632083333333327, 38.310694444444451 ], [ -105.631805555555545, 38.310694444444451 ], [ -105.631805555555545, 38.310972222222226 ], [ -105.631527777777777, 38.310972222222226 ], [ -105.631527777777777, 38.311805555555559 ], [ -105.63125, 38.311805555555559 ], [ -105.63125, 38.312361111111116 ], [ -105.630972222222212, 38.312361111111116 ], [ -105.630972222222212, 38.313194444444449 ], [ -105.629861111111097, 38.313194444444449 ], [ -105.629861111111097, 38.313472222222224 ], [ -105.629305555555547, 38.313472222222224 ], [ -105.629305555555547, 38.31375 ], [ -105.62875, 38.31375 ], [ -105.62875, 38.314027777777781 ], [ -105.628194444444432, 38.314027777777781 ], [ -105.628194444444432, 38.314305555555556 ], [ -105.627916666666664, 38.314305555555556 ], [ -105.627916666666664, 38.314583333333339 ], [ -105.627638888888882, 38.314583333333339 ], [ -105.627638888888882, 38.314861111111114 ], [ -105.627361111111099, 38.314861111111114 ], [ -105.627361111111099, 38.315138888888896 ], [ -105.627083333333331, 38.315138888888896 ], [ -105.627083333333331, 38.315416666666671 ], [ -105.626527777777767, 38.315416666666671 ], [ -105.626527777777767, 38.315694444444446 ], [ -105.62625, 38.315694444444446 ], [ -105.62625, 38.315972222222229 ], [ -105.625972222222217, 38.315972222222229 ], [ -105.625972222222217, 38.31625 ], [ -105.625694444444434, 38.31625 ], [ -105.625694444444434, 38.316527777777779 ], [ -105.625138888888884, 38.316527777777779 ], [ -105.625138888888884, 38.316805555555561 ], [ -105.624861111111102, 38.316805555555561 ], [ -105.624861111111102, 38.317083333333336 ], [ -105.624305555555551, 38.317083333333336 ], [ -105.624305555555551, 38.317638888888894 ], [ -105.624027777777769, 38.317638888888894 ], [ -105.624027777777769, 38.317916666666669 ], [ -105.62375, 38.317916666666669 ], [ -105.62375, 38.318194444444451 ], [ -105.623472222222219, 38.318194444444451 ], [ -105.623472222222219, 38.318472222222226 ], [ -105.623194444444437, 38.318472222222226 ], [ -105.623194444444437, 38.319027777777784 ], [ -105.622638888888886, 38.319027777777784 ], [ -105.622638888888886, 38.319305555555559 ], [ -105.621805555555554, 38.319305555555559 ], [ -105.621805555555554, 38.319861111111116 ], [ -105.621527777777771, 38.319861111111116 ], [ -105.621527777777771, 38.320694444444449 ], [ -105.62125, 38.320694444444449 ], [ -105.62125, 38.322361111111114 ], [ -105.620972222222221, 38.322361111111114 ], [ -105.620972222222221, 38.322638888888889 ], [ -105.620694444444439, 38.322638888888889 ], [ -105.620694444444439, 38.322916666666671 ], [ -105.619583333333324, 38.322916666666671 ], [ -105.619583333333324, 38.323194444444447 ], [ -105.618472222222209, 38.323194444444447 ], [ -105.618472222222209, 38.323472222222229 ], [ -105.618194444444441, 38.323472222222229 ], [ -105.618194444444441, 38.32375 ], [ -105.617638888888877, 38.32375 ], [ -105.617638888888877, 38.324027777777779 ], [ -105.617361111111109, 38.324027777777779 ], [ -105.617361111111109, 38.324583333333337 ], [ -105.617083333333326, 38.324583333333337 ], [ -105.617083333333326, 38.324861111111112 ], [ -105.616805555555544, 38.324861111111112 ], [ -105.616805555555544, 38.325138888888894 ], [ -105.617083333333326, 38.325138888888894 ], [ -105.617083333333326, 38.325416666666669 ], [ -105.617361111111109, 38.325416666666669 ], [ -105.617361111111109, 38.325694444444451 ], [ -105.617638888888877, 38.325694444444451 ], [ -105.617638888888877, 38.32625 ], [ -105.617916666666659, 38.32625 ], [ -105.617916666666659, 38.326527777777784 ], [ -105.618472222222209, 38.326527777777784 ], [ -105.618472222222209, 38.326805555555559 ], [ -105.61875, 38.326805555555559 ], [ -105.61875, 38.327083333333334 ], [ -105.619583333333324, 38.327083333333334 ], [ -105.619583333333324, 38.327638888888892 ], [ -105.619305555555542, 38.327638888888892 ], [ -105.619305555555542, 38.328194444444449 ], [ -105.619027777777774, 38.328194444444449 ], [ -105.619027777777774, 38.32875 ], [ -105.619305555555542, 38.32875 ], [ -105.619305555555542, 38.329027777777782 ], [ -105.619583333333324, 38.329027777777782 ], [ -105.619583333333324, 38.329583333333339 ], [ -105.619305555555542, 38.329583333333339 ], [ -105.619305555555542, 38.329861111111114 ], [ -105.619583333333324, 38.329861111111114 ], [ -105.619583333333324, 38.330138888888889 ], [ -105.619861111111106, 38.330138888888889 ], [ -105.619861111111106, 38.330416666666672 ], [ -105.620138888888874, 38.330416666666672 ], [ -105.620138888888874, 38.330694444444447 ], [ -105.620416666666657, 38.330694444444447 ], [ -105.620416666666657, 38.331527777777779 ], [ -105.619861111111106, 38.331527777777779 ], [ -105.619861111111106, 38.332083333333337 ], [ -105.619583333333324, 38.332083333333337 ], [ -105.619583333333324, 38.332638888888894 ], [ -105.619305555555542, 38.332638888888894 ], [ -105.619305555555542, 38.332916666666669 ], [ -105.619027777777774, 38.332916666666669 ], [ -105.619027777777774, 38.333194444444452 ], [ -105.61875, 38.333194444444452 ], [ -105.61875, 38.33375 ], [ -105.618194444444441, 38.33375 ], [ -105.618194444444441, 38.334027777777784 ], [ -105.617638888888877, 38.334027777777784 ], [ -105.617638888888877, 38.334305555555559 ], [ -105.617361111111109, 38.334305555555559 ], [ -105.617361111111109, 38.334583333333335 ], [ -105.617083333333326, 38.334583333333335 ], [ -105.617083333333326, 38.334305555555559 ], [ -105.616805555555544, 38.334305555555559 ], [ -105.616805555555544, 38.334583333333335 ], [ -105.616527777777776, 38.334583333333335 ], [ -105.616527777777776, 38.334305555555559 ], [ -105.615694444444443, 38.334305555555559 ], [ -105.615694444444443, 38.335138888888892 ], [ -105.615416666666661, 38.335138888888892 ], [ -105.615416666666661, 38.335416666666667 ], [ -105.615694444444443, 38.335416666666667 ], [ -105.615694444444443, 38.335972222222225 ], [ -105.615972222222211, 38.335972222222225 ], [ -105.615972222222211, 38.33625 ], [ -105.615694444444443, 38.33625 ], [ -105.615694444444443, 38.336527777777782 ], [ -105.614861111111097, 38.336527777777782 ], [ -105.614861111111097, 38.336805555555557 ], [ -105.615138888888879, 38.336805555555557 ], [ -105.615138888888879, 38.337916666666672 ], [ -105.615416666666661, 38.337916666666672 ], [ -105.615416666666661, 38.338472222222229 ], [ -105.615694444444443, 38.338472222222229 ], [ -105.615694444444443, 38.33875 ], [ -105.615416666666661, 38.33875 ], [ -105.615416666666661, 38.33902777777778 ], [ -105.614861111111097, 38.33902777777778 ], [ -105.614861111111097, 38.339861111111112 ], [ -105.615138888888879, 38.339861111111112 ], [ -105.615138888888879, 38.340138888888895 ], [ -105.614861111111097, 38.340138888888895 ], [ -105.614861111111097, 38.34041666666667 ], [ -105.614583333333329, 38.34041666666667 ], [ -105.614583333333329, 38.34125 ], [ -105.614305555555546, 38.34125 ], [ -105.614305555555546, 38.34180555555556 ], [ -105.614027777777764, 38.34180555555556 ], [ -105.614027777777764, 38.342916666666667 ], [ -105.61375, 38.342916666666667 ], [ -105.61375, 38.34319444444445 ], [ -105.612916666666663, 38.34319444444445 ], [ -105.612916666666663, 38.343472222222225 ], [ -105.612638888888881, 38.343472222222225 ], [ -105.612638888888881, 38.34458333333334 ], [ -105.612916666666663, 38.34458333333334 ], [ -105.612916666666663, 38.344861111111115 ], [ -105.613194444444431, 38.344861111111115 ], [ -105.613194444444431, 38.34513888888889 ], [ -105.613472222222214, 38.34513888888889 ], [ -105.613472222222214, 38.34625 ], [ -105.61375, 38.34625 ], [ -105.61375, 38.34652777777778 ], [ -105.613472222222214, 38.34652777777778 ], [ -105.613472222222214, 38.347083333333337 ], [ -105.613194444444431, 38.347083333333337 ], [ -105.613194444444431, 38.347361111111113 ], [ -105.612916666666663, 38.347361111111113 ], [ -105.612916666666663, 38.34791666666667 ], [ -105.612638888888881, 38.34791666666667 ], [ -105.612638888888881, 38.348472222222227 ], [ -105.612361111111099, 38.348472222222227 ], [ -105.612361111111099, 38.34875 ], [ -105.611805555555549, 38.34875 ], [ -105.611805555555549, 38.349583333333335 ], [ -105.611527777777766, 38.349583333333335 ], [ -105.611527777777766, 38.350972222222225 ], [ -105.61125, 38.350972222222225 ], [ -105.61125, 38.351805555555558 ], [ -105.611527777777766, 38.351805555555558 ], [ -105.611527777777766, 38.352361111111115 ], [ -105.611805555555549, 38.352361111111115 ], [ -105.611805555555549, 38.353194444444448 ], [ -105.61125, 38.353194444444448 ], [ -105.61125, 38.353472222222223 ], [ -105.610972222222216, 38.353472222222223 ], [ -105.610972222222216, 38.35375 ], [ -105.610694444444434, 38.35375 ], [ -105.610694444444434, 38.35402777777778 ], [ -105.610138888888883, 38.35402777777778 ], [ -105.610138888888883, 38.355972222222228 ], [ -105.610416666666666, 38.355972222222228 ], [ -105.610416666666666, 38.356527777777778 ], [ -105.610138888888883, 38.356527777777778 ], [ -105.610138888888883, 38.35680555555556 ], [ -105.609305555555551, 38.35680555555556 ], [ -105.609305555555551, 38.357083333333335 ], [ -105.60875, 38.357083333333335 ], [ -105.60875, 38.357361111111118 ], [ -105.608472222222218, 38.357361111111118 ], [ -105.608472222222218, 38.357638888888893 ], [ -105.60875, 38.357638888888893 ], [ -105.60875, 38.35819444444445 ], [ -105.609027777777769, 38.35819444444445 ], [ -105.609027777777769, 38.35875 ], [ -105.609305555555551, 38.35875 ], [ -105.609305555555551, 38.35958333333334 ], [ -105.609583333333319, 38.35958333333334 ], [ -105.609583333333319, 38.359861111111115 ], [ -105.609861111111101, 38.359861111111115 ], [ -105.609861111111101, 38.36125 ], [ -105.610138888888883, 38.36125 ], [ -105.610138888888883, 38.361527777777781 ], [ -105.610416666666666, 38.361527777777781 ], [ -105.610416666666666, 38.361805555555563 ], [ -105.610972222222216, 38.361805555555563 ], [ -105.610972222222216, 38.362083333333338 ], [ -105.611527777777766, 38.362083333333338 ], [ -105.611527777777766, 38.362361111111113 ], [ -105.611805555555549, 38.362361111111113 ], [ -105.611805555555549, 38.362916666666671 ], [ -105.612083333333331, 38.362916666666671 ], [ -105.612083333333331, 38.363194444444446 ], [ -105.611805555555549, 38.363194444444446 ], [ -105.611805555555549, 38.364027777777778 ], [ -105.612083333333331, 38.364027777777778 ], [ -105.612083333333331, 38.364305555555561 ], [ -105.612361111111099, 38.364305555555561 ], [ -105.612361111111099, 38.364583333333336 ], [ -105.612083333333331, 38.364583333333336 ], [ -105.612083333333331, 38.365694444444451 ], [ -105.610972222222216, 38.365694444444451 ], [ -105.610972222222216, 38.365972222222226 ], [ -105.610694444444434, 38.365972222222226 ], [ -105.610694444444434, 38.36625 ], [ -105.610416666666666, 38.36625 ], [ -105.610416666666666, 38.366527777777783 ], [ -105.610138888888883, 38.366527777777783 ], [ -105.610138888888883, 38.367916666666673 ], [ -105.610416666666666, 38.367916666666673 ], [ -105.610416666666666, 38.368194444444448 ], [ -105.610694444444434, 38.368194444444448 ], [ -105.610694444444434, 38.369305555555556 ], [ -105.610416666666666, 38.369305555555556 ], [ -105.610416666666666, 38.369583333333338 ], [ -105.610138888888883, 38.369583333333338 ], [ -105.610138888888883, 38.369861111111113 ], [ -105.609861111111101, 38.369861111111113 ], [ -105.609861111111101, 38.370138888888896 ], [ -105.609583333333319, 38.370138888888896 ], [ -105.609583333333319, 38.370416666666671 ], [ -105.609305555555551, 38.370416666666671 ], [ -105.609305555555551, 38.371527777777779 ], [ -105.609027777777769, 38.371527777777779 ], [ -105.609027777777769, 38.372083333333336 ], [ -105.609305555555551, 38.372083333333336 ], [ -105.609305555555551, 38.372361111111118 ], [ -105.609583333333319, 38.372361111111118 ], [ -105.609583333333319, 38.37375 ], [ -105.609861111111101, 38.37375 ], [ -105.609861111111101, 38.374305555555559 ], [ -105.610138888888883, 38.374305555555559 ], [ -105.610138888888883, 38.374583333333334 ], [ -105.610694444444434, 38.374583333333334 ], [ -105.610694444444434, 38.374861111111116 ], [ -105.610972222222216, 38.374861111111116 ], [ -105.610972222222216, 38.375972222222224 ], [ -105.610694444444434, 38.375972222222224 ], [ -105.610694444444434, 38.376527777777781 ], [ -105.610416666666666, 38.376527777777781 ], [ -105.610416666666666, 38.376805555555556 ], [ -105.609861111111101, 38.376805555555556 ], [ -105.609861111111101, 38.377083333333339 ], [ -105.60875, 38.377083333333339 ], [ -105.60875, 38.377361111111114 ], [ -105.608194444444436, 38.377361111111114 ], [ -105.608194444444436, 38.378194444444446 ], [ -105.607916666666654, 38.378194444444446 ], [ -105.607916666666654, 38.37875 ], [ -105.607638888888886, 38.37875 ], [ -105.607638888888886, 38.379305555555561 ], [ -105.607083333333321, 38.379305555555561 ], [ -105.607083333333321, 38.379583333333336 ], [ -105.606805555555553, 38.379583333333336 ], [ -105.606805555555553, 38.379861111111111 ], [ -105.60625, 38.379861111111111 ], [ -105.60625, 38.380138888888894 ], [ -105.605972222222221, 38.380138888888894 ], [ -105.605972222222221, 38.380416666666669 ], [ -105.605416666666656, 38.380416666666669 ], [ -105.605416666666656, 38.380694444444451 ], [ -105.605138888888888, 38.380694444444451 ], [ -105.605138888888888, 38.380972222222226 ], [ -105.604583333333323, 38.380972222222226 ], [ -105.604583333333323, 38.38125 ], [ -105.602916666666658, 38.38125 ], [ -105.602916666666658, 38.381527777777784 ], [ -105.602638888888876, 38.381527777777784 ], [ -105.602638888888876, 38.382083333333334 ], [ -105.602361111111108, 38.382083333333334 ], [ -105.602361111111108, 38.382916666666674 ], [ -105.602083333333326, 38.382916666666674 ], [ -105.602083333333326, 38.383194444444449 ], [ -105.601805555555543, 38.383194444444449 ], [ -105.601805555555543, 38.384027777777781 ], [ -105.601527777777775, 38.384027777777781 ], [ -105.601527777777775, 38.384305555555557 ], [ -105.60125, 38.384305555555557 ], [ -105.60125, 38.385694444444447 ], [ -105.600972222222211, 38.385694444444447 ], [ -105.600972222222211, 38.385972222222229 ], [ -105.600694444444443, 38.385972222222229 ], [ -105.600694444444443, 38.38625 ], [ -105.600138888888878, 38.38625 ], [ -105.600138888888878, 38.386527777777779 ], [ -105.59986111111111, 38.386527777777779 ], [ -105.59986111111111, 38.386805555555561 ], [ -105.599583333333328, 38.386805555555561 ], [ -105.599583333333328, 38.387083333333337 ], [ -105.599305555555546, 38.387083333333337 ], [ -105.599305555555546, 38.387361111111112 ], [ -105.599027777777764, 38.387361111111112 ], [ -105.599027777777764, 38.387638888888894 ], [ -105.59875, 38.387638888888894 ], [ -105.59875, 38.387916666666669 ], [ -105.598472222222213, 38.387916666666669 ], [ -105.598472222222213, 38.388194444444451 ], [ -105.597916666666663, 38.388194444444451 ], [ -105.597916666666663, 38.38875 ], [ -105.597638888888881, 38.38875 ], [ -105.597638888888881, 38.389305555555559 ], [ -105.597361111111098, 38.389305555555559 ], [ -105.597361111111098, 38.389861111111117 ], [ -105.59708333333333, 38.389861111111117 ], [ -105.59708333333333, 38.390138888888892 ], [ -105.596805555555548, 38.390138888888892 ], [ -105.596805555555548, 38.39125 ], [ -105.596527777777766, 38.39125 ], [ -105.596527777777766, 38.391527777777782 ], [ -105.596805555555548, 38.391527777777782 ], [ -105.596805555555548, 38.391805555555557 ], [ -105.597361111111098, 38.391805555555557 ], [ -105.597361111111098, 38.392361111111114 ], [ -105.597638888888881, 38.392361111111114 ], [ -105.597638888888881, 38.393194444444447 ], [ -105.597916666666663, 38.393194444444447 ], [ -105.597916666666663, 38.394305555555562 ], [ -105.597638888888881, 38.394305555555562 ], [ -105.597638888888881, 38.395138888888894 ], [ -105.597361111111098, 38.395138888888894 ], [ -105.597361111111098, 38.396527777777784 ], [ -105.597638888888881, 38.396527777777784 ], [ -105.597638888888881, 38.396805555555559 ], [ -105.597916666666663, 38.396805555555559 ], [ -105.597916666666663, 38.397083333333335 ], [ -105.598194444444431, 38.397083333333335 ], [ -105.598194444444431, 38.397638888888892 ], [ -105.597916666666663, 38.397638888888892 ], [ -105.597916666666663, 38.399027777777782 ], [ -105.597638888888881, 38.399027777777782 ], [ -105.597638888888881, 38.399583333333339 ], [ -105.597916666666663, 38.399583333333339 ], [ -105.597916666666663, 38.400694444444447 ], [ -105.597638888888881, 38.400694444444447 ], [ -105.597638888888881, 38.400972222222229 ], [ -105.597361111111098, 38.400972222222229 ], [ -105.597361111111098, 38.40125 ], [ -105.59708333333333, 38.40125 ], [ -105.59708333333333, 38.402083333333337 ], [ -105.597361111111098, 38.402083333333337 ], [ -105.597361111111098, 38.402361111111112 ], [ -105.597638888888881, 38.402361111111112 ], [ -105.597638888888881, 38.40291666666667 ], [ -105.597916666666663, 38.40291666666667 ], [ -105.597916666666663, 38.403472222222227 ], [ -105.597638888888881, 38.403472222222227 ], [ -105.597638888888881, 38.404027777777785 ], [ -105.597361111111098, 38.404027777777785 ], [ -105.597361111111098, 38.40430555555556 ], [ -105.597638888888881, 38.40430555555556 ], [ -105.597638888888881, 38.404583333333335 ], [ -105.598194444444431, 38.404583333333335 ], [ -105.598194444444431, 38.404861111111117 ], [ -105.59875, 38.404861111111117 ], [ -105.59875, 38.405138888888892 ], [ -105.599027777777764, 38.405138888888892 ], [ -105.599027777777764, 38.405416666666667 ], [ -105.59986111111111, 38.405416666666667 ], [ -105.59986111111111, 38.405138888888892 ], [ -105.601527777777775, 38.405138888888892 ], [ -105.601527777777775, 38.405416666666667 ], [ -105.602361111111108, 38.405416666666667 ], [ -105.602361111111108, 38.405138888888892 ], [ -105.602638888888876, 38.405138888888892 ], [ -105.602638888888876, 38.405416666666667 ], [ -105.60375, 38.405416666666667 ], [ -105.60375, 38.40569444444445 ], [ -105.604583333333323, 38.40569444444445 ], [ -105.604583333333323, 38.405972222222225 ], [ -105.605138888888888, 38.405972222222225 ], [ -105.605138888888888, 38.40625 ], [ -105.60625, 38.40625 ], [ -105.60625, 38.406527777777782 ], [ -105.607083333333321, 38.406527777777782 ], [ -105.607083333333321, 38.406805555555557 ], [ -105.609027777777769, 38.406805555555557 ], [ -105.609027777777769, 38.40708333333334 ], [ -105.609583333333319, 38.40708333333334 ], [ -105.609583333333319, 38.407361111111115 ], [ -105.609861111111101, 38.407361111111115 ], [ -105.609861111111101, 38.407916666666672 ], [ -105.610138888888883, 38.407916666666672 ], [ -105.610138888888883, 38.40875 ], [ -105.609861111111101, 38.40875 ], [ -105.609861111111101, 38.409305555555562 ], [ -105.610138888888883, 38.409305555555562 ], [ -105.610138888888883, 38.410138888888895 ], [ -105.610416666666666, 38.410138888888895 ], [ -105.610416666666666, 38.41041666666667 ], [ -105.610694444444434, 38.41041666666667 ], [ -105.610694444444434, 38.41125 ], [ -105.610138888888883, 38.41125 ], [ -105.610138888888883, 38.412638888888893 ], [ -105.61125, 38.412638888888893 ], [ -105.61125, 38.412916666666668 ], [ -105.61375, 38.412916666666668 ], [ -105.61375, 38.41319444444445 ], [ -105.614861111111097, 38.41319444444445 ], [ -105.614861111111097, 38.413472222222225 ], [ -105.615972222222211, 38.413472222222225 ], [ -105.615972222222211, 38.41375 ], [ -105.616527777777776, 38.41375 ], [ -105.616527777777776, 38.413472222222225 ], [ -105.617083333333326, 38.413472222222225 ], [ -105.617083333333326, 38.41319444444445 ], [ -105.618472222222209, 38.41319444444445 ], [ -105.618472222222209, 38.413472222222225 ], [ -105.619583333333324, 38.413472222222225 ], [ -105.619583333333324, 38.41319444444445 ], [ -105.62125, 38.41319444444445 ], [ -105.62125, 38.412916666666668 ], [ -105.621527777777771, 38.412916666666668 ], [ -105.621527777777771, 38.412638888888893 ], [ -105.622083333333322, 38.412638888888893 ], [ -105.622083333333322, 38.412361111111117 ], [ -105.623194444444437, 38.412361111111117 ], [ -105.623194444444437, 38.412083333333335 ], [ -105.62375, 38.412083333333335 ], [ -105.62375, 38.41180555555556 ], [ -105.624027777777769, 38.41180555555556 ], [ -105.624027777777769, 38.412083333333335 ], [ -105.624305555555551, 38.412083333333335 ], [ -105.624305555555551, 38.412361111111117 ], [ -105.624027777777769, 38.412361111111117 ], [ -105.624027777777769, 38.412638888888893 ], [ -105.624305555555551, 38.412638888888893 ], [ -105.624305555555551, 38.41319444444445 ], [ -105.625416666666652, 38.41319444444445 ], [ -105.625416666666652, 38.413472222222225 ], [ -105.625694444444434, 38.413472222222225 ], [ -105.625694444444434, 38.41375 ], [ -105.626527777777767, 38.41375 ], [ -105.626527777777767, 38.414027777777783 ], [ -105.627083333333331, 38.414027777777783 ], [ -105.627083333333331, 38.414305555555558 ], [ -105.627361111111099, 38.414305555555558 ], [ -105.627361111111099, 38.41458333333334 ], [ -105.628194444444432, 38.41458333333334 ], [ -105.628194444444432, 38.415972222222223 ], [ -105.628472222222214, 38.415972222222223 ], [ -105.628472222222214, 38.417361111111113 ], [ -105.62875, 38.417361111111113 ], [ -105.62875, 38.41791666666667 ], [ -105.629027777777765, 38.41791666666667 ], [ -105.629027777777765, 38.418194444444445 ], [ -105.629305555555547, 38.418194444444445 ], [ -105.629305555555547, 38.418472222222228 ], [ -105.630972222222212, 38.418472222222228 ], [ -105.630972222222212, 38.41875 ], [ -105.63125, 38.41875 ], [ -105.63125, 38.41930555555556 ], [ -105.631527777777777, 38.41930555555556 ], [ -105.631527777777777, 38.419583333333335 ], [ -105.632083333333327, 38.419583333333335 ], [ -105.632083333333327, 38.420138888888893 ], [ -105.631805555555545, 38.420138888888893 ], [ -105.631805555555545, 38.42069444444445 ], [ -105.631527777777777, 38.42069444444445 ], [ -105.631527777777777, 38.422361111111115 ], [ -105.63125, 38.422361111111115 ], [ -105.63125, 38.422638888888891 ], [ -105.631527777777777, 38.422638888888891 ], [ -105.631527777777777, 38.422916666666673 ], [ -105.631805555555545, 38.422916666666673 ], [ -105.631805555555545, 38.423194444444448 ], [ -105.632083333333327, 38.423194444444448 ], [ -105.632083333333327, 38.42375 ], [ -105.632361111111109, 38.42375 ], [ -105.632361111111109, 38.424027777777781 ], [ -105.632916666666659, 38.424027777777781 ], [ -105.632916666666659, 38.424583333333338 ], [ -105.632638888888877, 38.424583333333338 ], [ -105.632638888888877, 38.425972222222228 ], [ -105.632083333333327, 38.425972222222228 ], [ -105.632083333333327, 38.426527777777778 ], [ -105.631805555555545, 38.426527777777778 ], [ -105.631805555555545, 38.426805555555561 ], [ -105.631527777777777, 38.426805555555561 ], [ -105.631527777777777, 38.426527777777778 ], [ -105.630972222222212, 38.426527777777778 ], [ -105.630972222222212, 38.42625 ], [ -105.63069444444443, 38.42625 ], [ -105.63069444444443, 38.425972222222228 ], [ -105.630138888888879, 38.425972222222228 ], [ -105.630138888888879, 38.427916666666668 ], [ -105.630416666666662, 38.427916666666668 ], [ -105.630416666666662, 38.428194444444451 ], [ -105.630138888888879, 38.428194444444451 ], [ -105.630138888888879, 38.428472222222226 ], [ -105.630416666666662, 38.428472222222226 ], [ -105.630416666666662, 38.429305555555558 ], [ -105.63069444444443, 38.429305555555558 ], [ -105.63069444444443, 38.429583333333341 ], [ -105.630972222222212, 38.429583333333341 ], [ -105.630972222222212, 38.430138888888891 ], [ -105.63125, 38.430138888888891 ], [ -105.63125, 38.430416666666673 ], [ -105.631527777777777, 38.430416666666673 ], [ -105.631527777777777, 38.430694444444448 ], [ -105.632083333333327, 38.430694444444448 ], [ -105.632083333333327, 38.43125 ], [ -105.631805555555545, 38.43125 ], [ -105.631805555555545, 38.431527777777781 ], [ -105.631527777777777, 38.431527777777781 ], [ -105.631527777777777, 38.431805555555556 ], [ -105.63125, 38.431805555555556 ], [ -105.63125, 38.432083333333338 ], [ -105.630972222222212, 38.432083333333338 ], [ -105.630972222222212, 38.434027777777779 ], [ -105.63069444444443, 38.434027777777779 ], [ -105.63069444444443, 38.434305555555561 ], [ -105.630416666666662, 38.434305555555561 ], [ -105.630416666666662, 38.434583333333336 ], [ -105.630138888888879, 38.434583333333336 ], [ -105.630138888888879, 38.435416666666669 ], [ -105.630416666666662, 38.435416666666669 ], [ -105.630416666666662, 38.435694444444451 ], [ -105.63069444444443, 38.435694444444451 ], [ -105.63069444444443, 38.43625 ], [ -105.630972222222212, 38.43625 ], [ -105.630972222222212, 38.436527777777783 ], [ -105.631527777777777, 38.436527777777783 ], [ -105.631527777777777, 38.436805555555559 ], [ -105.631805555555545, 38.436805555555559 ], [ -105.631805555555545, 38.437361111111116 ], [ -105.632083333333327, 38.437361111111116 ], [ -105.632083333333327, 38.437638888888891 ], [ -105.632361111111109, 38.437638888888891 ], [ -105.632361111111109, 38.437916666666673 ], [ -105.632638888888877, 38.437916666666673 ], [ -105.632638888888877, 38.439027777777781 ], [ -105.633194444444442, 38.439027777777781 ], [ -105.633194444444442, 38.439305555555556 ], [ -105.634305555555542, 38.439305555555556 ], [ -105.634305555555542, 38.439583333333339 ], [ -105.634861111111107, 38.439583333333339 ], [ -105.634861111111107, 38.439861111111114 ], [ -105.635416666666657, 38.439861111111114 ], [ -105.635416666666657, 38.440138888888896 ], [ -105.635694444444439, 38.440138888888896 ], [ -105.635694444444439, 38.440694444444446 ], [ -105.635416666666657, 38.440694444444446 ], [ -105.635416666666657, 38.44125 ], [ -105.635138888888875, 38.44125 ], [ -105.635138888888875, 38.442083333333336 ], [ -105.634861111111107, 38.442083333333336 ], [ -105.634861111111107, 38.442361111111111 ], [ -105.634583333333325, 38.442361111111111 ], [ -105.634583333333325, 38.442916666666669 ], [ -105.634305555555542, 38.442916666666669 ], [ -105.634305555555542, 38.443194444444451 ], [ -105.634027777777774, 38.443194444444451 ], [ -105.634027777777774, 38.443472222222226 ], [ -105.63375, 38.443472222222226 ], [ -105.63375, 38.44375 ], [ -105.63347222222221, 38.44375 ], [ -105.63347222222221, 38.444027777777784 ], [ -105.633194444444442, 38.444027777777784 ], [ -105.633194444444442, 38.444305555555559 ], [ -105.632916666666659, 38.444305555555559 ], [ -105.632916666666659, 38.444583333333334 ], [ -105.632638888888877, 38.444583333333334 ], [ -105.632638888888877, 38.444861111111116 ], [ -105.632083333333327, 38.444861111111116 ], [ -105.632083333333327, 38.445138888888891 ], [ -105.63125, 38.445138888888891 ], [ -105.63125, 38.445416666666674 ], [ -105.630972222222212, 38.445416666666674 ], [ -105.630972222222212, 38.445694444444449 ], [ -105.63069444444443, 38.445694444444449 ], [ -105.63069444444443, 38.445972222222224 ], [ -105.630416666666662, 38.445972222222224 ], [ -105.630416666666662, 38.44625 ], [ -105.630138888888879, 38.44625 ], [ -105.630138888888879, 38.446805555555557 ], [ -105.629861111111097, 38.446805555555557 ], [ -105.629861111111097, 38.447083333333339 ], [ -105.629583333333329, 38.447083333333339 ], [ -105.629583333333329, 38.447361111111114 ], [ -105.629305555555547, 38.447361111111114 ], [ -105.629305555555547, 38.447638888888889 ], [ -105.629027777777765, 38.447638888888889 ], [ -105.629027777777765, 38.447916666666671 ], [ -105.629583333333329, 38.447916666666671 ], [ -105.629583333333329, 38.449305555555561 ], [ -105.629861111111097, 38.449305555555561 ], [ -105.629861111111097, 38.449583333333337 ], [ -105.630138888888879, 38.449583333333337 ], [ -105.630138888888879, 38.449861111111112 ], [ -105.629861111111097, 38.449861111111112 ], [ -105.629861111111097, 38.452083333333334 ], [ -105.629583333333329, 38.452083333333334 ], [ -105.629583333333329, 38.452361111111117 ], [ -105.629305555555547, 38.452361111111117 ], [ -105.629305555555547, 38.454027777777782 ], [ -105.629027777777765, 38.454027777777782 ], [ -105.629027777777765, 38.454305555555557 ], [ -105.628472222222214, 38.454305555555557 ], [ -105.628472222222214, 38.454583333333339 ], [ -105.627916666666664, 38.454583333333339 ], [ -105.627916666666664, 38.454861111111114 ], [ -105.627361111111099, 38.454861111111114 ], [ -105.627361111111099, 38.455138888888889 ], [ -105.626805555555549, 38.455138888888889 ], [ -105.626805555555549, 38.45625 ], [ -105.627083333333331, 38.45625 ], [ -105.627083333333331, 38.457361111111112 ], [ -105.627638888888882, 38.457361111111112 ], [ -105.627638888888882, 38.457638888888894 ], [ -105.627916666666664, 38.457638888888894 ], [ -105.627916666666664, 38.457916666666669 ], [ -105.628194444444432, 38.457916666666669 ], [ -105.628194444444432, 38.458472222222227 ], [ -105.628472222222214, 38.458472222222227 ], [ -105.628472222222214, 38.459583333333335 ], [ -105.628194444444432, 38.459583333333335 ], [ -105.628194444444432, 38.460138888888892 ], [ -105.628472222222214, 38.460138888888892 ], [ -105.628472222222214, 38.460416666666667 ], [ -105.62875, 38.460416666666667 ], [ -105.62875, 38.460694444444449 ], [ -105.629027777777765, 38.460694444444449 ], [ -105.629027777777765, 38.460972222222225 ], [ -105.629305555555547, 38.460972222222225 ], [ -105.629305555555547, 38.46125 ], [ -105.629583333333329, 38.46125 ], [ -105.629583333333329, 38.461527777777782 ], [ -105.629861111111097, 38.461527777777782 ], [ -105.629861111111097, 38.461805555555557 ], [ -105.630138888888879, 38.461805555555557 ], [ -105.630138888888879, 38.462083333333339 ], [ -105.630416666666662, 38.462083333333339 ], [ -105.630416666666662, 38.462361111111115 ], [ -105.63069444444443, 38.462361111111115 ], [ -105.63069444444443, 38.46263888888889 ], [ -105.630972222222212, 38.46263888888889 ], [ -105.630972222222212, 38.462916666666672 ], [ -105.631527777777777, 38.462916666666672 ], [ -105.631527777777777, 38.463194444444447 ], [ -105.631805555555545, 38.463194444444447 ], [ -105.631805555555545, 38.46375 ], [ -105.631527777777777, 38.46375 ], [ -105.631527777777777, 38.464861111111112 ], [ -105.631805555555545, 38.464861111111112 ], [ -105.631805555555545, 38.46541666666667 ], [ -105.632083333333327, 38.46541666666667 ], [ -105.632083333333327, 38.465694444444445 ], [ -105.632361111111109, 38.465694444444445 ], [ -105.632361111111109, 38.46680555555556 ], [ -105.632083333333327, 38.46680555555556 ], [ -105.632083333333327, 38.467916666666667 ], [ -105.631805555555545, 38.467916666666667 ], [ -105.631805555555545, 38.468472222222225 ], [ -105.631527777777777, 38.468472222222225 ], [ -105.631527777777777, 38.46875 ], [ -105.63125, 38.46875 ], [ -105.63125, 38.469027777777782 ], [ -105.630972222222212, 38.469027777777782 ], [ -105.630972222222212, 38.469305555555557 ], [ -105.630416666666662, 38.469305555555557 ], [ -105.630416666666662, 38.46958333333334 ], [ -105.629861111111097, 38.46958333333334 ], [ -105.629861111111097, 38.469861111111115 ], [ -105.629305555555547, 38.469861111111115 ], [ -105.629305555555547, 38.47013888888889 ], [ -105.62875, 38.47013888888889 ], [ -105.62875, 38.470694444444447 ], [ -105.628472222222214, 38.470694444444447 ], [ -105.628472222222214, 38.474027777777785 ], [ -105.62875, 38.474027777777785 ], [ -105.62875, 38.47430555555556 ], [ -105.629027777777765, 38.47430555555556 ], [ -105.629027777777765, 38.47569444444445 ], [ -105.629305555555547, 38.47569444444445 ], [ -105.629305555555547, 38.47625 ], [ -105.629583333333329, 38.47625 ], [ -105.629583333333329, 38.476527777777783 ], [ -105.629861111111097, 38.476527777777783 ], [ -105.629861111111097, 38.476805555555558 ], [ -105.630138888888879, 38.476805555555558 ], [ -105.630138888888879, 38.47708333333334 ], [ -105.630416666666662, 38.47708333333334 ], [ -105.630416666666662, 38.477361111111115 ], [ -105.63069444444443, 38.477361111111115 ], [ -105.63069444444443, 38.47763888888889 ], [ -105.630972222222212, 38.47763888888889 ], [ -105.630972222222212, 38.478194444444448 ], [ -105.63125, 38.478194444444448 ], [ -105.63125, 38.478472222222223 ], [ -105.631527777777777, 38.478472222222223 ], [ -105.631527777777777, 38.47875 ], [ -105.631805555555545, 38.47875 ], [ -105.631805555555545, 38.47902777777778 ], [ -105.632083333333327, 38.47902777777778 ], [ -105.632083333333327, 38.479305555555563 ], [ -105.632361111111109, 38.479305555555563 ], [ -105.632361111111109, 38.479583333333338 ], [ -105.633194444444442, 38.479583333333338 ], [ -105.633194444444442, 38.479861111111113 ], [ -105.63375, 38.479861111111113 ], [ -105.63375, 38.480138888888895 ], [ -105.634027777777774, 38.480138888888895 ], [ -105.634027777777774, 38.48041666666667 ], [ -105.634305555555542, 38.48041666666667 ], [ -105.634305555555542, 38.480972222222228 ], [ -105.634861111111107, 38.480972222222228 ], [ -105.634861111111107, 38.48125 ], [ -105.635416666666657, 38.48125 ], [ -105.635416666666657, 38.481527777777778 ], [ -105.635694444444439, 38.481527777777778 ], [ -105.635694444444439, 38.483472222222225 ], [ -105.636527777777772, 38.483472222222225 ], [ -105.636527777777772, 38.48375 ], [ -105.636805555555554, 38.48375 ], [ -105.636805555555554, 38.484861111111115 ], [ -105.636527777777772, 38.484861111111115 ], [ -105.636527777777772, 38.485138888888891 ], [ -105.63625, 38.485138888888891 ], [ -105.63625, 38.485416666666673 ], [ -105.635972222222208, 38.485416666666673 ], [ -105.635972222222208, 38.485694444444448 ], [ -105.635694444444439, 38.485694444444448 ], [ -105.635694444444439, 38.48625 ], [ -105.635416666666657, 38.48625 ], [ -105.635416666666657, 38.486805555555563 ], [ -105.635694444444439, 38.486805555555563 ], [ -105.635694444444439, 38.487083333333338 ], [ -105.635416666666657, 38.487083333333338 ], [ -105.635416666666657, 38.488194444444446 ], [ -105.635694444444439, 38.488194444444446 ], [ -105.635694444444439, 38.489027777777778 ], [ -105.635972222222208, 38.489027777777778 ], [ -105.635972222222208, 38.489583333333336 ], [ -105.63625, 38.489583333333336 ], [ -105.63625, 38.490138888888893 ], [ -105.635972222222208, 38.490138888888893 ], [ -105.635972222222208, 38.490972222222226 ], [ -105.63625, 38.490972222222226 ], [ -105.63625, 38.49125 ], [ -105.636527777777772, 38.49125 ], [ -105.636527777777772, 38.491527777777783 ], [ -105.637083333333322, 38.491527777777783 ], [ -105.637083333333322, 38.491805555555558 ], [ -105.637361111111105, 38.491805555555558 ], [ -105.637361111111105, 38.493472222222223 ], [ -105.638194444444437, 38.493472222222223 ], [ -105.638194444444437, 38.49375 ], [ -105.63902777777777, 38.49375 ], [ -105.63902777777777, 38.494027777777781 ], [ -105.63958333333332, 38.494027777777781 ], [ -105.63958333333332, 38.49375 ], [ -105.639861111111102, 38.49375 ], [ -105.639861111111102, 38.494027777777781 ], [ -105.640694444444435, 38.494027777777781 ], [ -105.640694444444435, 38.494305555555556 ], [ -105.64125, 38.494305555555556 ], [ -105.64125, 38.494583333333338 ], [ -105.641527777777767, 38.494583333333338 ], [ -105.641527777777767, 38.494861111111113 ], [ -105.642083333333332, 38.494861111111113 ], [ -105.642083333333332, 38.495138888888896 ], [ -105.642638888888882, 38.495138888888896 ], [ -105.642638888888882, 38.495416666666671 ], [ -105.642916666666665, 38.495416666666671 ], [ -105.642916666666665, 38.495694444444446 ], [ -105.643194444444433, 38.495694444444446 ], [ -105.643194444444433, 38.495972222222228 ], [ -105.643472222222215, 38.495972222222228 ], [ -105.643472222222215, 38.49625 ], [ -105.64375, 38.49625 ], [ -105.64375, 38.496805555555561 ], [ -105.644027777777765, 38.496805555555561 ], [ -105.644027777777765, 38.497083333333336 ], [ -105.644305555555547, 38.497083333333336 ], [ -105.644305555555547, 38.497361111111118 ], [ -105.644861111111098, 38.497361111111118 ], [ -105.644861111111098, 38.497916666666669 ], [ -105.64513888888888, 38.497916666666669 ], [ -105.64513888888888, 38.498194444444451 ], [ -105.645416666666662, 38.498194444444451 ], [ -105.645416666666662, 38.498472222222226 ], [ -105.645972222222213, 38.498472222222226 ], [ -105.645972222222213, 38.499027777777783 ], [ -105.64625, 38.499027777777783 ], [ -105.64625, 38.499305555555559 ], [ -105.646527777777777, 38.499305555555559 ], [ -105.646527777777777, 38.499583333333334 ], [ -105.646805555555545, 38.499583333333334 ], [ -105.646805555555545, 38.499861111111116 ], [ -105.647083333333327, 38.499861111111116 ], [ -105.647083333333327, 38.500138888888891 ], [ -105.64736111111111, 38.500138888888891 ], [ -105.64736111111111, 38.500972222222224 ], [ -105.647638888888878, 38.500972222222224 ], [ -105.647638888888878, 38.50125 ], [ -105.64791666666666, 38.50125 ], [ -105.64791666666666, 38.501805555555556 ], [ -105.648194444444442, 38.501805555555556 ], [ -105.648194444444442, 38.502361111111114 ], [ -105.64847222222221, 38.502361111111114 ], [ -105.64847222222221, 38.502916666666671 ], [ -105.64875, 38.502916666666671 ], [ -105.64875, 38.50375 ], [ -105.64847222222221, 38.50375 ], [ -105.64847222222221, 38.504583333333336 ], [ -105.64875, 38.504583333333336 ], [ -105.64875, 38.504861111111111 ], [ -105.649027777777775, 38.504861111111111 ], [ -105.649027777777775, 38.505138888888894 ], [ -105.649305555555543, 38.505138888888894 ], [ -105.649305555555543, 38.505416666666669 ], [ -105.649583333333325, 38.505416666666669 ], [ -105.649583333333325, 38.505694444444451 ], [ -105.649861111111107, 38.505694444444451 ], [ -105.649861111111107, 38.505972222222226 ], [ -105.650138888888875, 38.505972222222226 ], [ -105.650138888888875, 38.506527777777784 ], [ -105.650416666666658, 38.506527777777784 ], [ -105.650416666666658, 38.507361111111116 ], [ -105.65069444444444, 38.507361111111116 ], [ -105.65069444444444, 38.507916666666674 ], [ -105.650972222222208, 38.507916666666674 ], [ -105.650972222222208, 38.509027777777781 ], [ -105.65069444444444, 38.509027777777781 ], [ -105.65069444444444, 38.509583333333339 ], [ -105.650416666666658, 38.509583333333339 ], [ -105.650416666666658, 38.509305555555557 ], [ -105.649861111111107, 38.509305555555557 ], [ -105.649861111111107, 38.509861111111114 ], [ -105.650138888888875, 38.509861111111114 ], [ -105.650138888888875, 38.510694444444447 ], [ -105.649861111111107, 38.510694444444447 ], [ -105.649861111111107, 38.510972222222229 ], [ -105.649583333333325, 38.510972222222229 ], [ -105.649583333333325, 38.51125 ], [ -105.649305555555543, 38.51125 ], [ -105.649305555555543, 38.511527777777779 ], [ -105.64875, 38.511527777777779 ], [ -105.64875, 38.511805555555561 ], [ -105.64847222222221, 38.511805555555561 ], [ -105.64847222222221, 38.512083333333337 ], [ -105.648194444444442, 38.512083333333337 ], [ -105.648194444444442, 38.513472222222227 ], [ -105.64791666666666, 38.513472222222227 ], [ -105.64791666666666, 38.51375 ], [ -105.647638888888878, 38.51375 ], [ -105.647638888888878, 38.514861111111117 ], [ -105.64736111111111, 38.514861111111117 ], [ -105.64736111111111, 38.515138888888892 ], [ -105.647083333333327, 38.515138888888892 ], [ -105.647083333333327, 38.515416666666667 ], [ -105.646805555555545, 38.515416666666667 ], [ -105.646805555555545, 38.515694444444449 ], [ -105.646527777777777, 38.515694444444449 ], [ -105.646527777777777, 38.515972222222224 ], [ -105.64625, 38.515972222222224 ], [ -105.64625, 38.516527777777782 ], [ -105.646527777777777, 38.516527777777782 ], [ -105.646527777777777, 38.516805555555557 ], [ -105.646805555555545, 38.516805555555557 ], [ -105.646805555555545, 38.517083333333339 ], [ -105.647083333333327, 38.517083333333339 ], [ -105.647083333333327, 38.517361111111114 ], [ -105.646805555555545, 38.517361111111114 ], [ -105.646805555555545, 38.518194444444447 ], [ -105.647083333333327, 38.518194444444447 ], [ -105.647083333333327, 38.518472222222229 ], [ -105.64736111111111, 38.518472222222229 ], [ -105.64736111111111, 38.519027777777779 ], [ -105.647638888888878, 38.519027777777779 ], [ -105.647638888888878, 38.519305555555562 ], [ -105.64791666666666, 38.519305555555562 ], [ -105.64791666666666, 38.519583333333337 ], [ -105.64847222222221, 38.519583333333337 ], [ -105.64847222222221, 38.519861111111112 ], [ -105.64875, 38.519861111111112 ], [ -105.64875, 38.520138888888894 ], [ -105.649027777777775, 38.520138888888894 ], [ -105.649027777777775, 38.520416666666669 ], [ -105.649305555555543, 38.520416666666669 ], [ -105.649305555555543, 38.520694444444452 ], [ -105.649583333333325, 38.520694444444452 ], [ -105.649583333333325, 38.520972222222227 ], [ -105.649861111111107, 38.520972222222227 ], [ -105.649861111111107, 38.52125 ], [ -105.650138888888875, 38.52125 ], [ -105.650138888888875, 38.521527777777784 ], [ -105.650416666666658, 38.521527777777784 ], [ -105.650416666666658, 38.522361111111117 ], [ -105.65069444444444, 38.522361111111117 ], [ -105.65069444444444, 38.524583333333339 ], [ -105.651527777777773, 38.524583333333339 ], [ -105.651527777777773, 38.524861111111115 ], [ -105.65125, 38.524861111111115 ], [ -105.65125, 38.52513888888889 ], [ -105.650972222222208, 38.52513888888889 ], [ -105.650972222222208, 38.525416666666672 ], [ -105.65069444444444, 38.525416666666672 ], [ -105.65069444444444, 38.530138888888892 ], [ -105.650416666666658, 38.530138888888892 ], [ -105.650416666666658, 38.53069444444445 ], [ -105.650972222222208, 38.53069444444445 ], [ -105.650972222222208, 38.530972222222225 ], [ -105.65125, 38.530972222222225 ], [ -105.65125, 38.53125 ], [ -105.651805555555555, 38.53125 ], [ -105.651805555555555, 38.531527777777782 ], [ -105.652083333333323, 38.531527777777782 ], [ -105.652083333333323, 38.531805555555557 ], [ -105.652361111111105, 38.531805555555557 ], [ -105.652361111111105, 38.53208333333334 ], [ -105.652638888888887, 38.53208333333334 ], [ -105.652638888888887, 38.532361111111115 ], [ -105.652916666666655, 38.532361111111115 ], [ -105.652916666666655, 38.53263888888889 ], [ -105.653194444444438, 38.53263888888889 ], [ -105.653194444444438, 38.532916666666672 ], [ -105.65375, 38.532916666666672 ], [ -105.65375, 38.533194444444447 ], [ -105.654305555555553, 38.533194444444447 ], [ -105.654305555555553, 38.533472222222223 ], [ -105.654583333333321, 38.533472222222223 ], [ -105.654583333333321, 38.53375 ], [ -105.654861111111103, 38.53375 ], [ -105.654861111111103, 38.53402777777778 ], [ -105.655416666666653, 38.53402777777778 ], [ -105.655416666666653, 38.534305555555562 ], [ -105.655138888888885, 38.534305555555562 ], [ -105.655138888888885, 38.534861111111113 ], [ -105.654861111111103, 38.534861111111113 ], [ -105.654861111111103, 38.53541666666667 ], [ -105.654583333333321, 38.53541666666667 ], [ -105.654583333333321, 38.535694444444445 ], [ -105.654305555555553, 38.535694444444445 ], [ -105.654305555555553, 38.535972222222227 ], [ -105.65402777777777, 38.535972222222227 ], [ -105.65402777777777, 38.53625 ], [ -105.65375, 38.53625 ], [ -105.65375, 38.53680555555556 ], [ -105.65347222222222, 38.53680555555556 ], [ -105.65347222222222, 38.537083333333335 ], [ -105.653194444444438, 38.537083333333335 ], [ -105.653194444444438, 38.537361111111117 ], [ -105.652916666666655, 38.537361111111117 ], [ -105.652916666666655, 38.537638888888893 ], [ -105.652638888888887, 38.537638888888893 ], [ -105.652638888888887, 38.53819444444445 ], [ -105.652361111111105, 38.53819444444445 ], [ -105.652361111111105, 38.53875 ], [ -105.652083333333323, 38.53875 ], [ -105.652083333333323, 38.539305555555558 ], [ -105.649583333333325, 38.539305555555558 ], [ -105.649583333333325, 38.53958333333334 ], [ -105.64791666666666, 38.53958333333334 ], [ -105.64791666666666, 38.539861111111115 ], [ -105.64569444444443, 38.539861111111115 ], [ -105.64569444444443, 38.54013888888889 ], [ -105.645416666666662, 38.54013888888889 ], [ -105.645416666666662, 38.540416666666673 ], [ -105.64513888888888, 38.540416666666673 ], [ -105.64513888888888, 38.540694444444448 ], [ -105.644861111111098, 38.540694444444448 ], [ -105.644861111111098, 38.540972222222223 ], [ -105.64458333333333, 38.540972222222223 ], [ -105.64458333333333, 38.54125 ], [ -105.644305555555547, 38.54125 ], [ -105.644305555555547, 38.54152777777778 ], [ -105.644027777777765, 38.54152777777778 ], [ -105.644027777777765, 38.541805555555563 ], [ -105.64375, 38.541805555555563 ], [ -105.64375, 38.542083333333338 ], [ -105.643472222222215, 38.542083333333338 ], [ -105.643472222222215, 38.542361111111113 ], [ -105.642916666666665, 38.542361111111113 ], [ -105.642916666666665, 38.542638888888895 ], [ -105.642638888888882, 38.542638888888895 ], [ -105.642638888888882, 38.54291666666667 ], [ -105.6423611111111, 38.54291666666667 ], [ -105.6423611111111, 38.543194444444445 ], [ -105.642083333333332, 38.543194444444445 ], [ -105.642083333333332, 38.543472222222228 ], [ -105.64180555555555, 38.543472222222228 ], [ -105.64180555555555, 38.54375 ], [ -105.641527777777767, 38.54375 ], [ -105.641527777777767, 38.544027777777778 ], [ -105.640694444444435, 38.544027777777778 ], [ -105.640694444444435, 38.54430555555556 ], [ -105.640416666666653, 38.54430555555556 ], [ -105.640416666666653, 38.544583333333335 ], [ -105.640138888888885, 38.544583333333335 ], [ -105.640138888888885, 38.544861111111118 ], [ -105.639861111111102, 38.544861111111118 ], [ -105.639861111111102, 38.545138888888893 ], [ -105.63958333333332, 38.545138888888893 ], [ -105.63958333333332, 38.545972222222225 ], [ -105.63902777777777, 38.545972222222225 ], [ -105.63902777777777, 38.546527777777783 ], [ -105.63875, 38.546527777777783 ], [ -105.63875, 38.546805555555558 ], [ -105.638472222222219, 38.546805555555558 ], [ -105.638472222222219, 38.547361111111115 ], [ -105.638194444444437, 38.547361111111115 ], [ -105.638194444444437, 38.548194444444448 ], [ -105.637916666666655, 38.548194444444448 ], [ -105.637916666666655, 38.548472222222223 ], [ -105.637638888888887, 38.548472222222223 ], [ -105.637638888888887, 38.549861111111113 ], [ -105.637916666666655, 38.549861111111113 ], [ -105.637916666666655, 38.550138888888895 ], [ -105.638194444444437, 38.550138888888895 ], [ -105.638194444444437, 38.550694444444446 ], [ -105.638472222222219, 38.550694444444446 ], [ -105.638472222222219, 38.55125 ], [ -105.63875, 38.55125 ], [ -105.63875, 38.551527777777778 ], [ -105.63902777777777, 38.551527777777778 ], [ -105.63902777777777, 38.551805555555561 ], [ -105.639305555555552, 38.551805555555561 ], [ -105.639305555555552, 38.553472222222226 ], [ -105.63958333333332, 38.553472222222226 ], [ -105.63958333333332, 38.554027777777783 ], [ -105.639305555555552, 38.554027777777783 ], [ -105.639305555555552, 38.554861111111116 ], [ -105.63902777777777, 38.554861111111116 ], [ -105.63902777777777, 38.55625 ], [ -105.639305555555552, 38.55625 ], [ -105.639305555555552, 38.556527777777781 ], [ -105.639861111111102, 38.556527777777781 ], [ -105.639861111111102, 38.556805555555556 ], [ -105.640694444444435, 38.556805555555556 ], [ -105.640694444444435, 38.557083333333338 ], [ -105.640972222222217, 38.557083333333338 ], [ -105.640972222222217, 38.557361111111113 ], [ -105.64125, 38.557361111111113 ], [ -105.64125, 38.557916666666671 ], [ -105.64180555555555, 38.557916666666671 ], [ -105.64180555555555, 38.558472222222228 ], [ -105.642083333333332, 38.558472222222228 ], [ -105.642083333333332, 38.559861111111118 ], [ -105.64180555555555, 38.559861111111118 ], [ -105.64180555555555, 38.567916666666669 ], [ -105.641527777777767, 38.567916666666669 ], [ -105.641527777777767, 38.568194444444451 ], [ -105.64125, 38.568194444444451 ], [ -105.64125, 38.56875 ], [ -105.640972222222217, 38.56875 ], [ -105.640972222222217, 38.569305555555559 ], [ -105.640694444444435, 38.569305555555559 ], [ -105.640694444444435, 38.569583333333334 ], [ -105.640416666666653, 38.569583333333334 ], [ -105.640416666666653, 38.570138888888891 ], [ -105.640694444444435, 38.570138888888891 ], [ -105.640694444444435, 38.570694444444449 ], [ -105.640972222222217, 38.570694444444449 ], [ -105.640972222222217, 38.57125 ], [ -105.64125, 38.57125 ], [ -105.64125, 38.571527777777781 ], [ -105.641527777777767, 38.571527777777781 ], [ -105.641527777777767, 38.571805555555557 ], [ -105.64180555555555, 38.571805555555557 ], [ -105.64180555555555, 38.572083333333339 ], [ -105.642083333333332, 38.572083333333339 ], [ -105.642083333333332, 38.572361111111114 ], [ -105.6423611111111, 38.572361111111114 ], [ -105.6423611111111, 38.572916666666671 ], [ -105.642638888888882, 38.572916666666671 ], [ -105.642638888888882, 38.573194444444447 ], [ -105.642916666666665, 38.573194444444447 ], [ -105.642916666666665, 38.573472222222229 ], [ -105.643194444444433, 38.573472222222229 ], [ -105.643194444444433, 38.57375 ], [ -105.643472222222215, 38.57375 ], [ -105.643472222222215, 38.574027777777779 ], [ -105.64375, 38.574027777777779 ], [ -105.64375, 38.574305555555561 ], [ -105.644305555555547, 38.574305555555561 ], [ -105.644305555555547, 38.574583333333337 ], [ -105.64458333333333, 38.574583333333337 ], [ -105.64458333333333, 38.574861111111112 ], [ -105.644861111111098, 38.574861111111112 ], [ -105.644861111111098, 38.575138888888894 ], [ -105.645416666666662, 38.575138888888894 ], [ -105.645416666666662, 38.576527777777784 ], [ -105.64569444444443, 38.576527777777784 ], [ -105.64569444444443, 38.577916666666667 ], [ -105.645416666666662, 38.577916666666667 ], [ -105.645416666666662, 38.578194444444449 ], [ -105.64513888888888, 38.578194444444449 ], [ -105.64513888888888, 38.579027777777782 ], [ -105.644861111111098, 38.579027777777782 ], [ -105.644861111111098, 38.579861111111114 ], [ -105.64513888888888, 38.579861111111114 ], [ -105.64513888888888, 38.580138888888889 ], [ -105.645416666666662, 38.580138888888889 ], [ -105.645416666666662, 38.580416666666672 ], [ -105.64569444444443, 38.580416666666672 ], [ -105.64569444444443, 38.58125 ], [ -105.645972222222213, 38.58125 ], [ -105.645972222222213, 38.581805555555562 ], [ -105.64625, 38.581805555555562 ], [ -105.64625, 38.582083333333337 ], [ -105.646527777777777, 38.582083333333337 ], [ -105.646527777777777, 38.582638888888894 ], [ -105.646805555555545, 38.582638888888894 ], [ -105.646805555555545, 38.582916666666669 ], [ -105.647083333333327, 38.582916666666669 ], [ -105.647083333333327, 38.583194444444452 ], [ -105.64736111111111, 38.583194444444452 ], [ -105.64736111111111, 38.583472222222227 ], [ -105.647638888888878, 38.583472222222227 ], [ -105.647638888888878, 38.58375 ], [ -105.64791666666666, 38.58375 ], [ -105.64791666666666, 38.584027777777784 ], [ -105.648194444444442, 38.584027777777784 ], [ -105.648194444444442, 38.584583333333335 ], [ -105.64875, 38.584583333333335 ], [ -105.64875, 38.584861111111117 ], [ -105.649305555555543, 38.584861111111117 ], [ -105.649305555555543, 38.585138888888892 ], [ -105.649861111111107, 38.585138888888892 ], [ -105.649861111111107, 38.585416666666667 ], [ -105.650138888888875, 38.585416666666667 ], [ -105.650138888888875, 38.585694444444449 ], [ -105.65069444444444, 38.585694444444449 ], [ -105.65069444444444, 38.585972222222225 ], [ -105.651805555555555, 38.585972222222225 ], [ -105.651805555555555, 38.58625 ], [ -105.652361111111105, 38.58625 ], [ -105.652361111111105, 38.586527777777782 ], [ -105.652638888888887, 38.586527777777782 ], [ -105.652638888888887, 38.586805555555557 ], [ -105.652916666666655, 38.586805555555557 ], [ -105.652916666666655, 38.587083333333339 ], [ -105.653194444444438, 38.587083333333339 ], [ -105.653194444444438, 38.587361111111115 ], [ -105.65375, 38.587361111111115 ], [ -105.65375, 38.58763888888889 ], [ -105.654305555555553, 38.58763888888889 ], [ -105.654305555555553, 38.587916666666672 ], [ -105.654861111111103, 38.587916666666672 ], [ -105.654861111111103, 38.588194444444447 ], [ -105.655416666666653, 38.588194444444447 ], [ -105.655416666666653, 38.588472222222229 ], [ -105.655972222222218, 38.588472222222229 ], [ -105.655972222222218, 38.58875 ], [ -105.656527777777768, 38.58875 ], [ -105.656527777777768, 38.58902777777778 ], [ -105.65680555555555, 38.58902777777778 ], [ -105.65680555555555, 38.589583333333337 ], [ -105.657083333333333, 38.589583333333337 ], [ -105.657083333333333, 38.589861111111112 ], [ -105.657361111111101, 38.589861111111112 ], [ -105.657361111111101, 38.590138888888895 ], [ -105.657638888888883, 38.590138888888895 ], [ -105.657638888888883, 38.59041666666667 ], [ -105.657916666666665, 38.59041666666667 ], [ -105.657916666666665, 38.590972222222227 ], [ -105.658194444444433, 38.590972222222227 ], [ -105.658194444444433, 38.592083333333335 ], [ -105.658472222222215, 38.592083333333335 ], [ -105.658472222222215, 38.592638888888892 ], [ -105.65875, 38.592638888888892 ], [ -105.65875, 38.594027777777782 ], [ -105.659027777777766, 38.594027777777782 ], [ -105.659027777777766, 38.594861111111115 ], [ -105.659305555555548, 38.594861111111115 ], [ -105.659305555555548, 38.59513888888889 ], [ -105.65958333333333, 38.59513888888889 ], [ -105.65958333333333, 38.595416666666672 ], [ -105.659305555555548, 38.595416666666672 ], [ -105.659305555555548, 38.595694444444447 ], [ -105.659027777777766, 38.595694444444447 ], [ -105.659027777777766, 38.59625 ], [ -105.65875, 38.59625 ], [ -105.65875, 38.59652777777778 ], [ -105.658472222222215, 38.59652777777778 ], [ -105.658472222222215, 38.597361111111113 ], [ -105.658194444444433, 38.597361111111113 ], [ -105.658194444444433, 38.598194444444445 ], [ -105.657916666666665, 38.598194444444445 ], [ -105.657916666666665, 38.59930555555556 ], [ -105.658194444444433, 38.59930555555556 ], [ -105.658194444444433, 38.599027777777785 ], [ -105.658472222222215, 38.599027777777785 ], [ -105.658472222222215, 38.59875 ], [ -105.65875, 38.59875 ], [ -105.65875, 38.598472222222227 ], [ -105.659027777777766, 38.598472222222227 ], [ -105.659027777777766, 38.598194444444445 ], [ -105.65958333333333, 38.598194444444445 ], [ -105.65958333333333, 38.59791666666667 ], [ -105.659861111111098, 38.59791666666667 ], [ -105.659861111111098, 38.597638888888895 ], [ -105.663472222222211, 38.597638888888895 ], [ -105.663472222222211, 38.597361111111113 ], [ -105.664027777777775, 38.597361111111113 ], [ -105.664027777777775, 38.597083333333337 ], [ -105.664305555555543, 38.597083333333337 ], [ -105.664305555555543, 38.597361111111113 ], [ -105.665138888888876, 38.597361111111113 ], [ -105.665138888888876, 38.597083333333337 ], [ -105.665694444444441, 38.597083333333337 ], [ -105.665694444444441, 38.596805555555562 ], [ -105.666805555555541, 38.596805555555562 ], [ -105.666805555555541, 38.59652777777778 ], [ -105.667083333333323, 38.59652777777778 ], [ -105.667083333333323, 38.59625 ], [ -105.668194444444438, 38.59625 ], [ -105.668194444444438, 38.595972222222223 ], [ -105.669027777777771, 38.595972222222223 ], [ -105.669027777777771, 38.595694444444447 ], [ -105.669583333333321, 38.595694444444447 ], [ -105.669583333333321, 38.595416666666672 ], [ -105.670138888888886, 38.595416666666672 ], [ -105.670138888888886, 38.595694444444447 ], [ -105.670416666666654, 38.595694444444447 ], [ -105.670416666666654, 38.595972222222223 ], [ -105.67125, 38.595972222222223 ], [ -105.67125, 38.59625 ], [ -105.672083333333319, 38.59625 ], [ -105.672083333333319, 38.59652777777778 ], [ -105.673472222222216, 38.59652777777778 ], [ -105.673472222222216, 38.596805555555562 ], [ -105.674305555555549, 38.596805555555562 ], [ -105.674305555555549, 38.597083333333337 ], [ -105.675972222222214, 38.597083333333337 ], [ -105.675972222222214, 38.597361111111113 ], [ -105.67625, 38.597361111111113 ], [ -105.67625, 38.59791666666667 ], [ -105.676527777777764, 38.59791666666667 ], [ -105.676527777777764, 38.598194444444445 ], [ -105.676805555555546, 38.598194444444445 ], [ -105.676805555555546, 38.59875 ], [ -105.677361111111097, 38.59875 ], [ -105.677361111111097, 38.599027777777785 ], [ -105.677916666666661, 38.599027777777785 ], [ -105.677916666666661, 38.59930555555556 ], [ -105.679027777777776, 38.59930555555556 ], [ -105.679027777777776, 38.599583333333335 ], [ -105.679305555555544, 38.599583333333335 ], [ -105.679305555555544, 38.599861111111117 ], [ -105.679861111111109, 38.599861111111117 ], [ -105.679861111111109, 38.600138888888893 ], [ -105.680138888888877, 38.600138888888893 ], [ -105.680138888888877, 38.600416666666668 ], [ -105.680416666666659, 38.600416666666668 ], [ -105.680416666666659, 38.60069444444445 ], [ -105.680694444444441, 38.60069444444445 ], [ -105.680694444444441, 38.60125 ], [ -105.682083333333324, 38.60125 ], [ -105.682083333333324, 38.601527777777783 ], [ -105.682916666666657, 38.601527777777783 ], [ -105.682916666666657, 38.601805555555558 ], [ -105.683472222222221, 38.601805555555558 ], [ -105.683472222222221, 38.60208333333334 ], [ -105.68375, 38.60208333333334 ], [ -105.68375, 38.602361111111115 ], [ -105.687361111111102, 38.602361111111115 ], [ -105.687361111111102, 38.60263888888889 ], [ -105.688194444444434, 38.60263888888889 ], [ -105.688194444444434, 38.602916666666673 ], [ -105.68875, 38.602916666666673 ], [ -105.68875, 38.603194444444448 ], [ -105.690138888888882, 38.603194444444448 ], [ -105.690138888888882, 38.603472222222223 ], [ -105.691527777777765, 38.603472222222223 ], [ -105.691527777777765, 38.603194444444448 ], [ -105.692083333333329, 38.603194444444448 ], [ -105.692083333333329, 38.602916666666673 ], [ -105.69319444444443, 38.602916666666673 ], [ -105.69319444444443, 38.60263888888889 ], [ -105.69375, 38.60263888888889 ], [ -105.69375, 38.602361111111115 ], [ -105.695138888888877, 38.602361111111115 ], [ -105.695138888888877, 38.60208333333334 ], [ -105.695416666666659, 38.60208333333334 ], [ -105.695416666666659, 38.60263888888889 ], [ -105.695694444444442, 38.60263888888889 ], [ -105.695694444444442, 38.603194444444448 ], [ -105.69597222222221, 38.603194444444448 ], [ -105.69597222222221, 38.60375 ], [ -105.69625, 38.60375 ], [ -105.69625, 38.60402777777778 ], [ -105.696527777777774, 38.60402777777778 ], [ -105.696527777777774, 38.604861111111113 ], [ -105.696805555555542, 38.604861111111113 ], [ -105.696805555555542, 38.605138888888895 ], [ -105.697083333333325, 38.605138888888895 ], [ -105.697083333333325, 38.60541666666667 ], [ -105.697916666666657, 38.60541666666667 ], [ -105.697916666666657, 38.605694444444445 ], [ -105.698194444444439, 38.605694444444445 ], [ -105.698194444444439, 38.605972222222228 ], [ -105.698472222222208, 38.605972222222228 ], [ -105.698472222222208, 38.60625 ], [ -105.69875, 38.60625 ], [ -105.69875, 38.606527777777778 ], [ -105.699305555555554, 38.606527777777778 ], [ -105.699305555555554, 38.607361111111118 ], [ -105.699861111111105, 38.607361111111118 ], [ -105.699861111111105, 38.607638888888893 ], [ -105.700138888888887, 38.607638888888893 ], [ -105.700138888888887, 38.607916666666668 ], [ -105.700972222222219, 38.607916666666668 ], [ -105.700972222222219, 38.60819444444445 ], [ -105.701805555555552, 38.60819444444445 ], [ -105.701805555555552, 38.608472222222225 ], [ -105.70208333333332, 38.608472222222225 ], [ -105.70208333333332, 38.60875 ], [ -105.705972222222215, 38.60875 ], [ -105.705972222222215, 38.608472222222225 ], [ -105.707916666666662, 38.608472222222225 ], [ -105.707916666666662, 38.60875 ], [ -105.70819444444443, 38.60875 ], [ -105.70819444444443, 38.609027777777783 ], [ -105.708472222222213, 38.609027777777783 ], [ -105.708472222222213, 38.609305555555558 ], [ -105.70875, 38.609305555555558 ], [ -105.70875, 38.60958333333334 ], [ -105.709027777777777, 38.60958333333334 ], [ -105.709027777777777, 38.609861111111115 ], [ -105.709305555555545, 38.609861111111115 ], [ -105.709305555555545, 38.610694444444448 ], [ -105.709583333333327, 38.610694444444448 ], [ -105.709583333333327, 38.611527777777781 ], [ -105.70986111111111, 38.611527777777781 ], [ -105.70986111111111, 38.611805555555563 ], [ -105.710138888888878, 38.611805555555563 ], [ -105.710138888888878, 38.612083333333338 ], [ -105.71041666666666, 38.612083333333338 ], [ -105.71041666666666, 38.612361111111113 ], [ -105.710694444444442, 38.612361111111113 ], [ -105.710694444444442, 38.612638888888895 ], [ -105.71097222222221, 38.612638888888895 ], [ -105.71097222222221, 38.612916666666671 ], [ -105.71125, 38.612916666666671 ], [ -105.71125, 38.613194444444446 ], [ -105.711527777777775, 38.613194444444446 ], [ -105.711527777777775, 38.613472222222228 ], [ -105.711805555555543, 38.613472222222228 ], [ -105.711805555555543, 38.61375 ], [ -105.712083333333325, 38.61375 ], [ -105.712083333333325, 38.614027777777778 ], [ -105.712361111111107, 38.614027777777778 ], [ -105.712361111111107, 38.614305555555561 ], [ -105.712638888888875, 38.614305555555561 ], [ -105.712638888888875, 38.614583333333336 ], [ -105.71319444444444, 38.614583333333336 ], [ -105.71319444444444, 38.614861111111118 ], [ -105.713472222222208, 38.614861111111118 ], [ -105.713472222222208, 38.615138888888893 ], [ -105.714027777777773, 38.615138888888893 ], [ -105.714027777777773, 38.615416666666668 ], [ -105.714583333333323, 38.615416666666668 ], [ -105.714583333333323, 38.615694444444451 ], [ -105.715138888888887, 38.615694444444451 ], [ -105.715138888888887, 38.615972222222226 ], [ -105.715416666666655, 38.615972222222226 ], [ -105.715416666666655, 38.61625 ], [ -105.71597222222222, 38.61625 ], [ -105.71597222222222, 38.616527777777783 ], [ -105.716805555555553, 38.616527777777783 ], [ -105.716805555555553, 38.616805555555558 ], [ -105.717638888888885, 38.616805555555558 ], [ -105.717638888888885, 38.617083333333341 ], [ -105.718194444444435, 38.617083333333341 ], [ -105.718194444444435, 38.617361111111116 ], [ -105.71875, 38.617361111111116 ], [ -105.71875, 38.617638888888891 ], [ -105.72125, 38.617638888888891 ], [ -105.72125, 38.617916666666673 ], [ -105.721527777777766, 38.617916666666673 ], [ -105.721527777777766, 38.618194444444448 ], [ -105.721805555555548, 38.618194444444448 ], [ -105.721805555555548, 38.618472222222223 ], [ -105.72208333333333, 38.618472222222223 ], [ -105.72208333333333, 38.61875 ], [ -105.722361111111098, 38.61875 ], [ -105.722361111111098, 38.619027777777781 ], [ -105.722638888888881, 38.619027777777781 ], [ -105.722638888888881, 38.619305555555556 ], [ -105.722916666666663, 38.619305555555556 ], [ -105.722916666666663, 38.619583333333338 ], [ -105.723194444444431, 38.619583333333338 ], [ -105.723194444444431, 38.619861111111113 ], [ -105.723472222222213, 38.619861111111113 ], [ -105.723472222222213, 38.620138888888896 ], [ -105.72375, 38.620138888888896 ], [ -105.72375, 38.620416666666671 ], [ -105.725416666666661, 38.620416666666671 ], [ -105.725416666666661, 38.620694444444446 ], [ -105.725694444444443, 38.620694444444446 ], [ -105.725694444444443, 38.620972222222228 ], [ -105.725972222222211, 38.620972222222228 ], [ -105.725972222222211, 38.62125 ], [ -105.72625, 38.62125 ], [ -105.72625, 38.621527777777779 ], [ -105.726527777777775, 38.621527777777779 ], [ -105.726527777777775, 38.621805555555561 ], [ -105.726805555555543, 38.621805555555561 ], [ -105.726805555555543, 38.622083333333336 ], [ -105.727083333333326, 38.622083333333336 ], [ -105.727083333333326, 38.622361111111118 ], [ -105.727361111111108, 38.622361111111118 ], [ -105.727361111111108, 38.622638888888893 ], [ -105.727638888888876, 38.622638888888893 ], [ -105.727638888888876, 38.623194444444451 ], [ -105.727916666666658, 38.623194444444451 ], [ -105.727916666666658, 38.62375 ], [ -105.728194444444441, 38.62375 ], [ -105.728194444444441, 38.624027777777783 ], [ -105.728472222222209, 38.624027777777783 ], [ -105.728472222222209, 38.624305555555559 ], [ -105.72875, 38.624305555555559 ], [ -105.72875, 38.624861111111116 ], [ -105.728472222222209, 38.624861111111116 ], [ -105.728472222222209, 38.625416666666673 ], [ -105.72875, 38.625416666666673 ], [ -105.72875, 38.625694444444449 ], [ -105.729027777777773, 38.625694444444449 ], [ -105.729027777777773, 38.625972222222224 ], [ -105.729305555555541, 38.625972222222224 ], [ -105.729305555555541, 38.626527777777781 ], [ -105.729583333333323, 38.626527777777781 ], [ -105.729583333333323, 38.628194444444446 ], [ -105.729305555555541, 38.628194444444446 ], [ -105.729305555555541, 38.628472222222229 ], [ -105.729027777777773, 38.628472222222229 ], [ -105.729027777777773, 38.62875 ], [ -105.72875, 38.62875 ], [ -105.72875, 38.629027777777779 ], [ -105.728472222222209, 38.629027777777779 ], [ -105.728472222222209, 38.629861111111111 ], [ -105.72875, 38.629861111111111 ], [ -105.72875, 38.632638888888891 ], [ -105.728472222222209, 38.632638888888891 ], [ -105.728472222222209, 38.635416666666671 ], [ -105.72875, 38.635416666666671 ], [ -105.72875, 38.635694444444447 ], [ -105.729027777777773, 38.635694444444447 ], [ -105.729027777777773, 38.635972222222229 ], [ -105.729305555555541, 38.635972222222229 ], [ -105.729305555555541, 38.63625 ], [ -105.729583333333323, 38.63625 ], [ -105.729583333333323, 38.637361111111112 ], [ -105.729861111111106, 38.637361111111112 ], [ -105.729861111111106, 38.637916666666669 ], [ -105.730138888888888, 38.637916666666669 ], [ -105.730138888888888, 38.638194444444451 ], [ -105.730416666666656, 38.638194444444451 ], [ -105.730416666666656, 38.638472222222227 ], [ -105.730972222222221, 38.638472222222227 ], [ -105.730972222222221, 38.639027777777784 ], [ -105.730694444444438, 38.639027777777784 ], [ -105.730694444444438, 38.639305555555559 ], [ -105.730416666666656, 38.639305555555559 ], [ -105.730416666666656, 38.639583333333334 ], [ -105.729583333333323, 38.639583333333334 ], [ -105.729583333333323, 38.640138888888892 ], [ -105.729305555555541, 38.640138888888892 ], [ -105.729305555555541, 38.640416666666667 ], [ -105.72875, 38.640416666666667 ], [ -105.72875, 38.640694444444449 ], [ -105.728194444444441, 38.640694444444449 ], [ -105.728194444444441, 38.640972222222224 ], [ -105.727916666666658, 38.640972222222224 ], [ -105.727916666666658, 38.641527777777782 ], [ -105.728194444444441, 38.641527777777782 ], [ -105.728194444444441, 38.641805555555557 ], [ -105.72875, 38.641805555555557 ], [ -105.72875, 38.642083333333339 ], [ -105.729305555555541, 38.642083333333339 ], [ -105.729305555555541, 38.642361111111114 ], [ -105.729583333333323, 38.642361111111114 ], [ -105.729583333333323, 38.642638888888889 ], [ -105.729861111111106, 38.642638888888889 ], [ -105.729861111111106, 38.642916666666672 ], [ -105.730138888888888, 38.642916666666672 ], [ -105.730138888888888, 38.643194444444447 ], [ -105.730416666666656, 38.643194444444447 ], [ -105.730416666666656, 38.643472222222229 ], [ -105.730694444444438, 38.643472222222229 ], [ -105.730694444444438, 38.64375 ], [ -105.73125, 38.64375 ], [ -105.73125, 38.644027777777779 ], [ -105.731527777777771, 38.644027777777779 ], [ -105.731527777777771, 38.644583333333337 ], [ -105.732083333333321, 38.644583333333337 ], [ -105.732083333333321, 38.644861111111112 ], [ -105.732638888888886, 38.644861111111112 ], [ -105.732638888888886, 38.645138888888894 ], [ -105.733194444444436, 38.645138888888894 ], [ -105.733194444444436, 38.645416666666669 ], [ -105.73375, 38.645416666666669 ], [ -105.73375, 38.645694444444452 ], [ -105.734027777777769, 38.645694444444452 ], [ -105.734027777777769, 38.64625 ], [ -105.734305555555551, 38.64625 ], [ -105.734305555555551, 38.647083333333335 ], [ -105.734583333333319, 38.647083333333335 ], [ -105.734583333333319, 38.647638888888892 ], [ -105.734861111111101, 38.647638888888892 ], [ -105.734861111111101, 38.648472222222225 ], [ -105.735416666666666, 38.648472222222225 ], [ -105.735416666666666, 38.64875 ], [ -105.735694444444434, 38.64875 ], [ -105.735694444444434, 38.649027777777782 ], [ -105.735972222222216, 38.649027777777782 ], [ -105.735972222222216, 38.65125 ], [ -105.73625, 38.65125 ], [ -105.73625, 38.652361111111112 ], [ -105.736527777777766, 38.652361111111112 ], [ -105.736527777777766, 38.652638888888895 ], [ -105.736805555555549, 38.652638888888895 ], [ -105.736805555555549, 38.653194444444445 ], [ -105.736527777777766, 38.653194444444445 ], [ -105.736527777777766, 38.653472222222227 ], [ -105.73625, 38.653472222222227 ], [ -105.73625, 38.65375 ], [ -105.735972222222216, 38.65375 ], [ -105.735972222222216, 38.65430555555556 ], [ -105.735694444444434, 38.65430555555556 ], [ -105.735694444444434, 38.654583333333335 ], [ -105.735416666666666, 38.654583333333335 ], [ -105.735416666666666, 38.655138888888892 ], [ -105.735138888888883, 38.655138888888892 ], [ -105.735138888888883, 38.65569444444445 ], [ -105.734861111111101, 38.65569444444445 ], [ -105.734861111111101, 38.65625 ], [ -105.734583333333319, 38.65625 ], [ -105.734583333333319, 38.656527777777782 ], [ -105.734305555555551, 38.656527777777782 ], [ -105.734305555555551, 38.657361111111115 ], [ -105.734027777777769, 38.657361111111115 ], [ -105.734027777777769, 38.658194444444447 ], [ -105.73375, 38.658194444444447 ], [ -105.73375, 38.659305555555562 ], [ -105.733472222222218, 38.659305555555562 ], [ -105.733472222222218, 38.660138888888895 ], [ -105.733194444444436, 38.660138888888895 ], [ -105.733194444444436, 38.66041666666667 ], [ -105.732916666666654, 38.66041666666667 ], [ -105.732916666666654, 38.660694444444445 ], [ -105.732361111111103, 38.660694444444445 ], [ -105.732361111111103, 38.660972222222227 ], [ -105.732083333333321, 38.660972222222227 ], [ -105.732083333333321, 38.66125 ], [ -105.731527777777771, 38.66125 ], [ -105.731527777777771, 38.661527777777785 ], [ -105.73125, 38.661527777777785 ], [ -105.73125, 38.66180555555556 ], [ -105.730694444444438, 38.66180555555556 ], [ -105.730694444444438, 38.662083333333335 ], [ -105.729583333333323, 38.662083333333335 ], [ -105.729583333333323, 38.662361111111117 ], [ -105.729027777777773, 38.662361111111117 ], [ -105.729027777777773, 38.664027777777783 ], [ -105.72875, 38.664027777777783 ], [ -105.72875, 38.66458333333334 ], [ -105.728472222222209, 38.66458333333334 ], [ -105.728472222222209, 38.66513888888889 ], [ -105.728194444444441, 38.66513888888889 ], [ -105.728194444444441, 38.665416666666673 ], [ -105.727916666666658, 38.665416666666673 ], [ -105.727916666666658, 38.665694444444448 ], [ -105.727638888888876, 38.665694444444448 ], [ -105.727638888888876, 38.665972222222223 ], [ -105.724583333333328, 38.665972222222223 ], [ -105.724583333333328, 38.66625 ], [ -105.724305555555546, 38.66625 ], [ -105.724305555555546, 38.66652777777778 ], [ -105.723194444444431, 38.66652777777778 ], [ -105.723194444444431, 38.666805555555563 ], [ -105.722361111111098, 38.666805555555563 ], [ -105.722361111111098, 38.667083333333338 ], [ -105.72208333333333, 38.667083333333338 ], [ -105.72208333333333, 38.667361111111113 ], [ -105.721527777777766, 38.667361111111113 ], [ -105.721527777777766, 38.667638888888895 ], [ -105.720972222222215, 38.667638888888895 ], [ -105.720972222222215, 38.66791666666667 ], [ -105.72125, 38.66791666666667 ], [ -105.72125, 38.669027777777778 ], [ -105.721527777777766, 38.669027777777778 ], [ -105.721527777777766, 38.66930555555556 ], [ -105.721805555555548, 38.66930555555556 ], [ -105.721805555555548, 38.669583333333335 ], [ -105.72208333333333, 38.669583333333335 ], [ -105.72208333333333, 38.669861111111118 ], [ -105.722361111111098, 38.669861111111118 ], [ -105.722361111111098, 38.672638888888891 ], [ -105.721527777777766, 38.672638888888891 ], [ -105.721527777777766, 38.672916666666673 ], [ -105.72125, 38.672916666666673 ], [ -105.72125, 38.673194444444448 ], [ -105.720972222222215, 38.673194444444448 ], [ -105.720972222222215, 38.673472222222223 ], [ -105.720694444444433, 38.673472222222223 ], [ -105.720694444444433, 38.67375 ], [ -105.720138888888883, 38.67375 ], [ -105.720138888888883, 38.674027777777781 ], [ -105.719861111111101, 38.674027777777781 ], [ -105.719861111111101, 38.674305555555563 ], [ -105.720138888888883, 38.674305555555563 ], [ -105.720138888888883, 38.674583333333338 ], [ -105.720416666666665, 38.674583333333338 ], [ -105.720416666666665, 38.674861111111113 ], [ -105.720694444444433, 38.674861111111113 ], [ -105.720694444444433, 38.675138888888895 ], [ -105.720972222222215, 38.675138888888895 ], [ -105.720972222222215, 38.675416666666671 ], [ -105.72125, 38.675416666666671 ], [ -105.72125, 38.675694444444446 ], [ -105.721527777777766, 38.675694444444446 ], [ -105.721527777777766, 38.675972222222228 ], [ -105.721805555555548, 38.675972222222228 ], [ -105.721805555555548, 38.67625 ], [ -105.72208333333333, 38.67625 ], [ -105.72208333333333, 38.676527777777778 ], [ -105.722361111111098, 38.676527777777778 ], [ -105.722361111111098, 38.676805555555561 ], [ -105.722638888888881, 38.676805555555561 ], [ -105.722638888888881, 38.678194444444451 ], [ -105.722916666666663, 38.678194444444451 ], [ -105.722916666666663, 38.679027777777783 ], [ -105.722638888888881, 38.679027777777783 ], [ -105.722638888888881, 38.679305555555558 ], [ -105.72208333333333, 38.679305555555558 ], [ -105.72208333333333, 38.680416666666673 ], [ -105.72125, 38.680416666666673 ], [ -105.72125, 38.680694444444448 ], [ -105.720416666666665, 38.680694444444448 ], [ -105.720416666666665, 38.680972222222223 ], [ -105.719861111111101, 38.680972222222223 ], [ -105.719861111111101, 38.681527777777781 ], [ -105.720138888888883, 38.681527777777781 ], [ -105.720138888888883, 38.682361111111113 ], [ -105.720416666666665, 38.682361111111113 ], [ -105.720416666666665, 38.682638888888896 ], [ -105.720694444444433, 38.682638888888896 ], [ -105.720694444444433, 38.682916666666671 ], [ -105.720972222222215, 38.682916666666671 ], [ -105.720972222222215, 38.683194444444446 ], [ -105.720694444444433, 38.683194444444446 ], [ -105.720694444444433, 38.683472222222228 ], [ -105.719583333333333, 38.683472222222228 ], [ -105.719583333333333, 38.684583333333336 ], [ -105.71930555555555, 38.684583333333336 ], [ -105.71930555555555, 38.684861111111118 ], [ -105.719583333333333, 38.684861111111118 ], [ -105.719583333333333, 38.68625 ], [ -105.71930555555555, 38.68625 ], [ -105.71930555555555, 38.686527777777783 ], [ -105.719027777777768, 38.686527777777783 ], [ -105.719027777777768, 38.686805555555559 ], [ -105.71875, 38.686805555555559 ], [ -105.71875, 38.687083333333334 ], [ -105.718472222222218, 38.687083333333334 ], [ -105.718472222222218, 38.687361111111116 ], [ -105.717916666666653, 38.687361111111116 ], [ -105.717916666666653, 38.687638888888891 ], [ -105.717083333333321, 38.687638888888891 ], [ -105.717083333333321, 38.687916666666673 ], [ -105.71652777777777, 38.687916666666673 ], [ -105.71652777777777, 38.688194444444449 ], [ -105.71625, 38.688194444444449 ], [ -105.71625, 38.688472222222224 ], [ -105.71597222222222, 38.688472222222224 ], [ -105.71597222222222, 38.689027777777781 ], [ -105.715694444444438, 38.689027777777781 ], [ -105.715694444444438, 38.689305555555556 ], [ -105.715416666666655, 38.689305555555556 ], [ -105.715416666666655, 38.689861111111114 ], [ -105.715138888888887, 38.689861111111114 ], [ -105.715138888888887, 38.690694444444446 ], [ -105.714861111111105, 38.690694444444446 ], [ -105.714861111111105, 38.690972222222229 ], [ -105.714583333333323, 38.690972222222229 ], [ -105.714583333333323, 38.69125 ], [ -105.714305555555555, 38.69125 ], [ -105.714305555555555, 38.691527777777779 ], [ -105.714027777777773, 38.691527777777779 ], [ -105.714027777777773, 38.691805555555561 ], [ -105.713472222222208, 38.691805555555561 ], [ -105.713472222222208, 38.692083333333336 ], [ -105.71319444444444, 38.692083333333336 ], [ -105.71319444444444, 38.692361111111111 ], [ -105.712916666666658, 38.692361111111111 ], [ -105.712916666666658, 38.692638888888894 ], [ -105.712638888888875, 38.692638888888894 ], [ -105.712638888888875, 38.692916666666669 ], [ -105.712361111111107, 38.692916666666669 ], [ -105.712361111111107, 38.693194444444451 ], [ -105.712083333333325, 38.693194444444451 ], [ -105.712083333333325, 38.694027777777784 ], [ -105.711805555555543, 38.694027777777784 ], [ -105.711805555555543, 38.695694444444449 ], [ -105.711527777777775, 38.695694444444449 ], [ -105.711527777777775, 38.700972222222227 ], [ -105.71125, 38.700972222222227 ], [ -105.71125, 38.70125 ], [ -105.71097222222221, 38.70125 ], [ -105.71097222222221, 38.701527777777784 ], [ -105.710694444444442, 38.701527777777784 ], [ -105.710694444444442, 38.701805555555559 ], [ -105.71041666666666, 38.701805555555559 ], [ -105.71041666666666, 38.702083333333334 ], [ -105.70986111111111, 38.702083333333334 ], [ -105.70986111111111, 38.702361111111117 ], [ -105.70875, 38.702361111111117 ], [ -105.70875, 38.702638888888892 ], [ -105.708472222222213, 38.702638888888892 ], [ -105.708472222222213, 38.704027777777782 ], [ -105.70819444444443, 38.704027777777782 ], [ -105.70819444444443, 38.704305555555557 ], [ -105.70708333333333, 38.704305555555557 ], [ -105.70708333333333, 38.704583333333339 ], [ -105.706527777777765, 38.704583333333339 ], [ -105.706527777777765, 38.705694444444447 ], [ -105.70625, 38.705694444444447 ], [ -105.70625, 38.705972222222229 ], [ -105.705972222222215, 38.705972222222229 ], [ -105.705972222222215, 38.711527777777782 ], [ -105.705694444444433, 38.711527777777782 ], [ -105.705694444444433, 38.711805555555557 ], [ -105.705416666666665, 38.711805555555557 ], [ -105.705416666666665, 38.712083333333339 ], [ -105.705138888888882, 38.712083333333339 ], [ -105.705138888888882, 38.712361111111115 ], [ -105.7048611111111, 38.712361111111115 ], [ -105.7048611111111, 38.71263888888889 ], [ -105.70708333333333, 38.71263888888889 ], [ -105.70708333333333, 38.712361111111115 ], [ -105.707916666666662, 38.712361111111115 ], [ -105.707916666666662, 38.710972222222225 ], [ -105.70819444444443, 38.710972222222225 ], [ -105.70819444444443, 38.710694444444449 ], [ -105.708472222222213, 38.710694444444449 ], [ -105.708472222222213, 38.710416666666667 ], [ -105.70875, 38.710416666666667 ], [ -105.70875, 38.710138888888892 ], [ -105.709027777777777, 38.710138888888892 ], [ -105.709027777777777, 38.709861111111117 ], [ -105.709305555555545, 38.709861111111117 ], [ -105.709305555555545, 38.709583333333335 ], [ -105.709583333333327, 38.709583333333335 ], [ -105.709583333333327, 38.709305555555559 ], [ -105.70986111111111, 38.709305555555559 ], [ -105.70986111111111, 38.709583333333335 ], [ -105.710138888888878, 38.709583333333335 ], [ -105.710138888888878, 38.709305555555559 ], [ -105.71097222222221, 38.709305555555559 ], [ -105.71097222222221, 38.709027777777784 ], [ -105.71125, 38.709027777777784 ], [ -105.71125, 38.70875 ], [ -105.711527777777775, 38.70875 ], [ -105.711527777777775, 38.708472222222227 ], [ -105.712083333333325, 38.708472222222227 ], [ -105.712083333333325, 38.708194444444452 ], [ -105.712916666666658, 38.708194444444452 ], [ -105.712916666666658, 38.707916666666669 ], [ -105.71319444444444, 38.707916666666669 ], [ -105.71319444444444, 38.707638888888894 ], [ -105.715416666666655, 38.707638888888894 ], [ -105.715416666666655, 38.707361111111112 ], [ -105.717083333333321, 38.707361111111112 ], [ -105.717083333333321, 38.707083333333337 ], [ -105.717638888888885, 38.707083333333337 ], [ -105.717638888888885, 38.707361111111112 ], [ -105.717916666666653, 38.707361111111112 ], [ -105.717916666666653, 38.707083333333337 ], [ -105.71930555555555, 38.707083333333337 ], [ -105.71930555555555, 38.706805555555562 ], [ -105.720694444444433, 38.706805555555562 ], [ -105.720694444444433, 38.706527777777779 ], [ -105.72125, 38.706527777777779 ], [ -105.72125, 38.706805555555562 ], [ -105.721527777777766, 38.706805555555562 ], [ -105.721527777777766, 38.707083333333337 ], [ -105.72208333333333, 38.707083333333337 ], [ -105.72208333333333, 38.707361111111112 ], [ -105.722361111111098, 38.707361111111112 ], [ -105.722361111111098, 38.707638888888894 ], [ -105.722916666666663, 38.707638888888894 ], [ -105.722916666666663, 38.707916666666669 ], [ -105.723472222222213, 38.707916666666669 ], [ -105.723472222222213, 38.708194444444452 ], [ -105.72375, 38.708194444444452 ], [ -105.72375, 38.708472222222227 ], [ -105.724305555555546, 38.708472222222227 ], [ -105.724305555555546, 38.70875 ], [ -105.724583333333328, 38.70875 ], [ -105.724583333333328, 38.709027777777784 ], [ -105.72486111111111, 38.709027777777784 ], [ -105.72486111111111, 38.709583333333335 ], [ -105.725138888888878, 38.709583333333335 ], [ -105.725138888888878, 38.709861111111117 ], [ -105.725694444444443, 38.709861111111117 ], [ -105.725694444444443, 38.710416666666667 ], [ -105.725972222222211, 38.710416666666667 ], [ -105.725972222222211, 38.710694444444449 ], [ -105.72625, 38.710694444444449 ], [ -105.72625, 38.71125 ], [ -105.726527777777775, 38.71125 ], [ -105.726527777777775, 38.711527777777782 ], [ -105.726805555555543, 38.711527777777782 ], [ -105.726805555555543, 38.711805555555557 ], [ -105.727361111111108, 38.711805555555557 ], [ -105.727361111111108, 38.712083333333339 ], [ -105.727638888888876, 38.712083333333339 ], [ -105.727638888888876, 38.712361111111115 ], [ -105.727916666666658, 38.712361111111115 ], [ -105.727916666666658, 38.71263888888889 ], [ -105.728194444444441, 38.71263888888889 ], [ -105.728194444444441, 38.71375 ], [ -105.728472222222209, 38.71375 ], [ -105.728472222222209, 38.714305555555562 ], [ -105.72875, 38.714305555555562 ], [ -105.72875, 38.715138888888895 ], [ -105.729027777777773, 38.715138888888895 ], [ -105.729027777777773, 38.715694444444445 ], [ -105.729305555555541, 38.715694444444445 ], [ -105.729305555555541, 38.715972222222227 ], [ -105.729583333333323, 38.715972222222227 ], [ -105.729583333333323, 38.71625 ], [ -105.729861111111106, 38.71625 ], [ -105.729861111111106, 38.716527777777785 ], [ -105.730138888888888, 38.716527777777785 ], [ -105.730138888888888, 38.71680555555556 ], [ -105.730416666666656, 38.71680555555556 ], [ -105.730416666666656, 38.717083333333335 ], [ -105.730694444444438, 38.717083333333335 ], [ -105.730694444444438, 38.717638888888892 ], [ -105.730972222222221, 38.717638888888892 ], [ -105.730972222222221, 38.717916666666667 ], [ -105.731805555555553, 38.717916666666667 ], [ -105.731805555555553, 38.71819444444445 ], [ -105.732638888888886, 38.71819444444445 ], [ -105.732638888888886, 38.718472222222225 ], [ -105.733472222222218, 38.718472222222225 ], [ -105.733472222222218, 38.71875 ], [ -105.734027777777769, 38.71875 ], [ -105.734027777777769, 38.719027777777782 ], [ -105.734861111111101, 38.719027777777782 ], [ -105.734861111111101, 38.719305555555557 ], [ -105.735694444444434, 38.719305555555557 ], [ -105.735694444444434, 38.719027777777782 ], [ -105.737083333333331, 38.719027777777782 ], [ -105.737083333333331, 38.71875 ], [ -105.740972222222211, 38.71875 ], [ -105.740972222222211, 38.719027777777782 ], [ -105.741805555555544, 38.719027777777782 ], [ -105.741805555555544, 38.719305555555557 ], [ -105.742083333333326, 38.719305555555557 ], [ -105.742083333333326, 38.71958333333334 ], [ -105.742638888888877, 38.71958333333334 ], [ -105.742638888888877, 38.719861111111115 ], [ -105.750694444444434, 38.719861111111115 ], [ -105.750694444444434, 38.71958333333334 ], [ -105.75125, 38.71958333333334 ], [ -105.75125, 38.719305555555557 ], [ -105.751527777777767, 38.719305555555557 ], [ -105.751527777777767, 38.719027777777782 ], [ -105.752361111111099, 38.719027777777782 ], [ -105.752361111111099, 38.71875 ], [ -105.753194444444432, 38.71875 ], [ -105.753194444444432, 38.718472222222225 ], [ -105.754583333333329, 38.718472222222225 ], [ -105.754583333333329, 38.71819444444445 ], [ -105.75625, 38.71819444444445 ], [ -105.75625, 38.717916666666667 ], [ -105.757638888888877, 38.717916666666667 ], [ -105.757638888888877, 38.717638888888892 ], [ -105.758194444444442, 38.717638888888892 ], [ -105.758194444444442, 38.717361111111117 ], [ -105.759305555555542, 38.717361111111117 ], [ -105.759305555555542, 38.717083333333335 ], [ -105.760694444444439, 38.717083333333335 ], [ -105.760694444444439, 38.71680555555556 ], [ -105.761805555555554, 38.71680555555556 ], [ -105.761805555555554, 38.716527777777785 ], [ -105.762916666666655, 38.716527777777785 ], [ -105.762916666666655, 38.71625 ], [ -105.76402777777777, 38.71625 ], [ -105.76402777777777, 38.715972222222227 ], [ -105.765138888888885, 38.715972222222227 ], [ -105.765138888888885, 38.715694444444445 ], [ -105.766527777777767, 38.715694444444445 ], [ -105.766527777777767, 38.71541666666667 ], [ -105.772638888888878, 38.71541666666667 ], [ -105.772638888888878, 38.715138888888895 ], [ -105.776805555555555, 38.715138888888895 ], [ -105.776805555555555, 38.714861111111112 ], [ -105.779305555555553, 38.714861111111112 ], [ -105.779305555555553, 38.714583333333337 ], [ -105.781527777777768, 38.714583333333337 ], [ -105.781527777777768, 38.714305555555562 ], [ -105.782083333333333, 38.714305555555562 ], [ -105.782083333333333, 38.714583333333337 ], [ -105.784027777777766, 38.714583333333337 ], [ -105.784027777777766, 38.714861111111112 ], [ -105.785138888888881, 38.714861111111112 ], [ -105.785138888888881, 38.715138888888895 ], [ -105.78625, 38.715138888888895 ], [ -105.78625, 38.71541666666667 ], [ -105.786805555555546, 38.71541666666667 ], [ -105.786805555555546, 38.715694444444445 ], [ -105.78736111111111, 38.715694444444445 ], [ -105.78736111111111, 38.715972222222227 ], [ -105.787916666666661, 38.715972222222227 ], [ -105.787916666666661, 38.71625 ], [ -105.789861111111108, 38.71625 ], [ -105.789861111111108, 38.716527777777785 ], [ -105.790138888888876, 38.716527777777785 ], [ -105.790138888888876, 38.71680555555556 ], [ -105.790972222222209, 38.71680555555556 ], [ -105.790972222222209, 38.717083333333335 ], [ -105.79125, 38.717083333333335 ], [ -105.79125, 38.717361111111117 ], [ -105.791527777777773, 38.717361111111117 ], [ -105.791527777777773, 38.717638888888892 ], [ -105.791805555555541, 38.717638888888892 ], [ -105.791805555555541, 38.717916666666667 ], [ -105.794027777777771, 38.717916666666667 ], [ -105.794027777777771, 38.71819444444445 ], [ -105.794583333333321, 38.71819444444445 ], [ -105.794583333333321, 38.718472222222225 ], [ -105.795694444444436, 38.718472222222225 ], [ -105.795694444444436, 38.71875 ], [ -105.798472222222216, 38.71875 ], [ -105.798472222222216, 38.718472222222225 ], [ -105.79875, 38.718472222222225 ], [ -105.79875, 38.71875 ], [ -105.800416666666663, 38.71875 ], [ -105.800416666666663, 38.719027777777782 ], [ -105.80125, 38.719027777777782 ], [ -105.80125, 38.719305555555557 ], [ -105.801527777777764, 38.719305555555557 ], [ -105.801527777777764, 38.719861111111115 ], [ -105.811805555555551, 38.719861111111115 ], [ -105.811805555555551, 38.71958333333334 ], [ -105.812638888888884, 38.71958333333334 ], [ -105.812638888888884, 38.719305555555557 ], [ -105.813472222222217, 38.719305555555557 ], [ -105.813472222222217, 38.719027777777782 ], [ -105.814861111111099, 38.719027777777782 ], [ -105.814861111111099, 38.71875 ], [ -105.816805555555547, 38.71875 ], [ -105.816805555555547, 38.718472222222225 ], [ -105.817638888888879, 38.718472222222225 ], [ -105.817638888888879, 38.71819444444445 ], [ -105.819027777777777, 38.71819444444445 ], [ -105.819027777777777, 38.717916666666667 ], [ -105.82125, 38.717916666666667 ], [ -105.82125, 38.717638888888892 ], [ -105.822361111111107, 38.717638888888892 ], [ -105.822361111111107, 38.717361111111117 ], [ -105.822916666666657, 38.717361111111117 ], [ -105.822916666666657, 38.717638888888892 ], [ -105.823194444444439, 38.717638888888892 ], [ -105.823194444444439, 38.717916666666667 ], [ -105.823472222222208, 38.717916666666667 ], [ -105.823472222222208, 38.71819444444445 ], [ -105.82375, 38.71819444444445 ], [ -105.82375, 38.718472222222225 ], [ -105.824027777777772, 38.718472222222225 ], [ -105.824027777777772, 38.71875 ], [ -105.825416666666655, 38.71875 ], [ -105.825416666666655, 38.719027777777782 ], [ -105.825694444444437, 38.719027777777782 ], [ -105.825694444444437, 38.719305555555557 ], [ -105.825972222222219, 38.719305555555557 ], [ -105.825972222222219, 38.71958333333334 ], [ -105.82625, 38.71958333333334 ], [ -105.82625, 38.719861111111115 ], [ -105.840416666666655, 38.719861111111115 ], [ -105.840416666666655, 38.719305555555557 ], [ -105.840694444444438, 38.719305555555557 ], [ -105.840694444444438, 38.719027777777782 ], [ -105.84097222222222, 38.719027777777782 ], [ -105.84097222222222, 38.719305555555557 ], [ -105.84152777777777, 38.719305555555557 ], [ -105.84152777777777, 38.71958333333334 ], [ -105.842083333333321, 38.71958333333334 ], [ -105.842083333333321, 38.719861111111115 ], [ -105.847638888888881, 38.719861111111115 ], [ -105.847638888888881, 38.71958333333334 ], [ -105.847916666666663, 38.71958333333334 ], [ -105.847916666666663, 38.719861111111115 ], [ -105.861527777777766, 38.719861111111115 ], [ -105.861527777777766, 38.71958333333334 ], [ -105.862083333333331, 38.71958333333334 ], [ -105.862083333333331, 38.719861111111115 ], [ -105.867638888888877, 38.719861111111115 ], [ -105.867638888888877, 38.71958333333334 ], [ -105.867916666666659, 38.71958333333334 ], [ -105.867916666666659, 38.719861111111115 ], [ -105.874027777777769, 38.719861111111115 ], [ -105.874027777777769, 38.719305555555557 ], [ -105.874305555555551, 38.719305555555557 ], [ -105.874305555555551, 38.71875 ], [ -105.87458333333332, 38.71875 ], [ -105.87458333333332, 38.719027777777782 ], [ -105.875138888888884, 38.719027777777782 ], [ -105.875138888888884, 38.719305555555557 ], [ -105.875694444444434, 38.719305555555557 ], [ -105.875694444444434, 38.71958333333334 ], [ -105.877083333333331, 38.71958333333334 ], [ -105.877083333333331, 38.719861111111115 ], [ -105.89625, 38.719861111111115 ], [ -105.89625, 38.71958333333334 ], [ -105.897638888888878, 38.71958333333334 ], [ -105.897638888888878, 38.719861111111115 ], [ -105.899861111111107, 38.719861111111115 ] ] ] } },
{ "type": "Feature", "properties": { "pour_lon": -105.20541666666666, "pour_lat": 38.372916666666669, "orig_lon": -105.2047, "orig_lat": 38.3731, "name": "block_-2639905", "block_id": -2639905, "area_deg2": 0.0028756944444444672 }, "geometry": { "type": "Polygon", "coordinates": [ [ [ -105.205416666666665, 38.372916666666669 ], [ -105.205416666666665, 38.372638888888893 ], [ -105.205694444444433, 38.372638888888893 ], [ -105.205694444444433, 38.372361111111111 ], [ -105.205972222222215, 38.372361111111111 ], [ -105.205972222222215, 38.372083333333336 ], [ -105.20625, 38.372083333333336 ], [ -105.20625, 38.371805555555561 ], [ -105.206527777777765, 38.371805555555561 ], [ -105.206527777777765, 38.371527777777779 ], [ -105.20763888888888, 38.371527777777779 ], [ -105.20763888888888, 38.37125 ], [ -105.208194444444445, 38.37125 ], [ -105.208194444444445, 38.370972222222221 ], [ -105.209027777777777, 38.370972222222221 ], [ -105.209027777777777, 38.370694444444446 ], [ -105.209583333333327, 38.370694444444446 ], [ -105.209583333333327, 38.370416666666671 ], [ -105.20986111111111, 38.370416666666671 ], [ -105.20986111111111, 38.369861111111113 ], [ -105.210694444444442, 38.369861111111113 ], [ -105.210694444444442, 38.369583333333338 ], [ -105.21097222222221, 38.369583333333338 ], [ -105.21097222222221, 38.369305555555556 ], [ -105.211527777777775, 38.369305555555556 ], [ -105.211527777777775, 38.369027777777781 ], [ -105.211805555555543, 38.369027777777781 ], [ -105.211805555555543, 38.36875 ], [ -105.21319444444444, 38.36875 ], [ -105.21319444444444, 38.369027777777781 ], [ -105.214305555555555, 38.369027777777781 ], [ -105.214305555555555, 38.36875 ], [ -105.215416666666655, 38.36875 ], [ -105.215416666666655, 38.368472222222223 ], [ -105.21597222222222, 38.368472222222223 ], [ -105.21597222222222, 38.368194444444448 ], [ -105.217083333333321, 38.368194444444448 ], [ -105.217083333333321, 38.367916666666666 ], [ -105.219027777777768, 38.367916666666666 ], [ -105.219027777777768, 38.367638888888891 ], [ -105.221805555555548, 38.367638888888891 ], [ -105.221805555555548, 38.367361111111116 ], [ -105.22208333333333, 38.367361111111116 ], [ -105.22208333333333, 38.367638888888891 ], [ -105.222361111111098, 38.367638888888891 ], [ -105.222361111111098, 38.367361111111116 ], [ -105.223472222222213, 38.367361111111116 ], [ -105.223472222222213, 38.367083333333333 ], [ -105.22375, 38.367083333333333 ], [ -105.22375, 38.366805555555558 ], [ -105.224027777777778, 38.366805555555558 ], [ -105.224027777777778, 38.366527777777783 ], [ -105.225416666666661, 38.366527777777783 ], [ -105.225416666666661, 38.366805555555558 ], [ -105.225972222222211, 38.366805555555558 ], [ -105.225972222222211, 38.366527777777783 ], [ -105.22625, 38.366527777777783 ], [ -105.22625, 38.36625 ], [ -105.226805555555543, 38.36625 ], [ -105.226805555555543, 38.365972222222226 ], [ -105.230138888888888, 38.365972222222226 ], [ -105.230138888888888, 38.36625 ], [ -105.23125, 38.36625 ], [ -105.23125, 38.365972222222226 ], [ -105.232916666666654, 38.365972222222226 ], [ -105.232916666666654, 38.365694444444443 ], [ -105.233472222222218, 38.365694444444443 ], [ -105.233472222222218, 38.365416666666668 ], [ -105.23375, 38.365416666666668 ], [ -105.23375, 38.365138888888893 ], [ -105.234583333333333, 38.365138888888893 ], [ -105.234583333333333, 38.364861111111111 ], [ -105.234861111111101, 38.364861111111111 ], [ -105.234861111111101, 38.364583333333336 ], [ -105.235138888888883, 38.364583333333336 ], [ -105.235138888888883, 38.363472222222221 ], [ -105.235416666666666, 38.363472222222221 ], [ -105.235416666666666, 38.363194444444446 ], [ -105.235694444444434, 38.363194444444446 ], [ -105.235694444444434, 38.362916666666671 ], [ -105.236805555555549, 38.362916666666671 ], [ -105.236805555555549, 38.362638888888888 ], [ -105.238472222222214, 38.362638888888888 ], [ -105.238472222222214, 38.362083333333338 ], [ -105.23875, 38.362083333333338 ], [ -105.23875, 38.361805555555556 ], [ -105.242638888888877, 38.361805555555556 ], [ -105.242638888888877, 38.362083333333338 ], [ -105.247083333333322, 38.362083333333338 ], [ -105.247083333333322, 38.361805555555556 ], [ -105.248194444444437, 38.361805555555556 ], [ -105.248194444444437, 38.361527777777781 ], [ -105.248472222222219, 38.361527777777781 ], [ -105.248472222222219, 38.361805555555556 ], [ -105.250972222222217, 38.361805555555556 ], [ -105.250972222222217, 38.361527777777781 ], [ -105.251527777777767, 38.361527777777781 ], [ -105.251527777777767, 38.36125 ], [ -105.252638888888882, 38.36125 ], [ -105.252638888888882, 38.360972222222223 ], [ -105.253194444444432, 38.360972222222223 ], [ -105.253194444444432, 38.360694444444448 ], [ -105.25375, 38.360694444444448 ], [ -105.25375, 38.360416666666666 ], [ -105.254583333333329, 38.360416666666666 ], [ -105.254583333333329, 38.360138888888891 ], [ -105.254861111111111, 38.360138888888891 ], [ -105.254861111111111, 38.359861111111115 ], [ -105.255138888888879, 38.359861111111115 ], [ -105.255138888888879, 38.359583333333333 ], [ -105.255694444444444, 38.359583333333333 ], [ -105.255694444444444, 38.359305555555558 ], [ -105.256527777777777, 38.359305555555558 ], [ -105.256527777777777, 38.359027777777783 ], [ -105.257638888888877, 38.359027777777783 ], [ -105.257638888888877, 38.359305555555558 ], [ -105.259861111111107, 38.359305555555558 ], [ -105.259861111111107, 38.359583333333333 ], [ -105.260416666666657, 38.359583333333333 ], [ -105.260416666666657, 38.359861111111115 ], [ -105.260972222222222, 38.359861111111115 ], [ -105.260972222222222, 38.360138888888891 ], [ -105.261527777777772, 38.360138888888891 ], [ -105.261527777777772, 38.360416666666666 ], [ -105.262361111111105, 38.360416666666666 ], [ -105.262361111111105, 38.360138888888891 ], [ -105.262916666666655, 38.360138888888891 ], [ -105.262916666666655, 38.359861111111115 ], [ -105.264861111111102, 38.359861111111115 ], [ -105.264861111111102, 38.359583333333333 ], [ -105.265694444444435, 38.359583333333333 ], [ -105.265694444444435, 38.359305555555558 ], [ -105.26625, 38.359305555555558 ], [ -105.26625, 38.359861111111115 ], [ -105.267083333333332, 38.359861111111115 ], [ -105.267083333333332, 38.360138888888891 ], [ -105.267916666666665, 38.360138888888891 ], [ -105.267916666666665, 38.360416666666666 ], [ -105.268194444444433, 38.360416666666666 ], [ -105.268194444444433, 38.360138888888891 ], [ -105.26875, 38.360138888888891 ], [ -105.26875, 38.360416666666666 ], [ -105.270972222222213, 38.360416666666666 ], [ -105.270972222222213, 38.360138888888891 ], [ -105.271527777777777, 38.360138888888891 ], [ -105.271527777777777, 38.359861111111115 ], [ -105.272083333333327, 38.359861111111115 ], [ -105.272083333333327, 38.360138888888891 ], [ -105.273194444444442, 38.360138888888891 ], [ -105.273194444444442, 38.359861111111115 ], [ -105.27375, 38.359861111111115 ], [ -105.27375, 38.360138888888891 ], [ -105.274583333333325, 38.360138888888891 ], [ -105.274583333333325, 38.359861111111115 ], [ -105.276527777777773, 38.359861111111115 ], [ -105.276527777777773, 38.359583333333333 ], [ -105.276805555555555, 38.359583333333333 ], [ -105.276805555555555, 38.359861111111115 ], [ -105.277083333333323, 38.359861111111115 ], [ -105.277083333333323, 38.360138888888891 ], [ -105.277638888888887, 38.360138888888891 ], [ -105.277638888888887, 38.360416666666666 ], [ -105.278194444444438, 38.360416666666666 ], [ -105.278194444444438, 38.360138888888891 ], [ -105.280416666666653, 38.360138888888891 ], [ -105.280416666666653, 38.360416666666666 ], [ -105.282361111111101, 38.360416666666666 ], [ -105.282361111111101, 38.360694444444448 ], [ -105.28625, 38.360694444444448 ], [ -105.28625, 38.360972222222223 ], [ -105.28736111111111, 38.360972222222223 ], [ -105.28736111111111, 38.360694444444448 ], [ -105.287638888888878, 38.360694444444448 ], [ -105.287638888888878, 38.360972222222223 ], [ -105.288194444444443, 38.360972222222223 ], [ -105.288194444444443, 38.36125 ], [ -105.28875, 38.36125 ], [ -105.28875, 38.361527777777781 ], [ -105.289027777777775, 38.361527777777781 ], [ -105.289027777777775, 38.362083333333338 ], [ -105.289305555555543, 38.362083333333338 ], [ -105.289305555555543, 38.362638888888888 ], [ -105.291805555555555, 38.362638888888888 ], [ -105.291805555555555, 38.362916666666671 ], [ -105.292083333333323, 38.362916666666671 ], [ -105.292083333333323, 38.363194444444446 ], [ -105.292361111111106, 38.363194444444446 ], [ -105.292361111111106, 38.363472222222221 ], [ -105.294305555555553, 38.363472222222221 ], [ -105.294305555555553, 38.363194444444446 ], [ -105.295138888888886, 38.363194444444446 ], [ -105.295138888888886, 38.363472222222221 ], [ -105.295694444444436, 38.363472222222221 ], [ -105.295694444444436, 38.36375 ], [ -105.295972222222218, 38.36375 ], [ -105.295972222222218, 38.364027777777778 ], [ -105.297361111111101, 38.364027777777778 ], [ -105.297361111111101, 38.364305555555561 ], [ -105.297916666666666, 38.364305555555561 ], [ -105.297916666666666, 38.364583333333336 ], [ -105.298194444444434, 38.364583333333336 ], [ -105.298194444444434, 38.364861111111111 ], [ -105.298472222222216, 38.364861111111111 ], [ -105.298472222222216, 38.365138888888893 ], [ -105.299027777777766, 38.365138888888893 ], [ -105.299027777777766, 38.365416666666668 ], [ -105.299861111111099, 38.365416666666668 ], [ -105.299861111111099, 38.364583333333336 ], [ -105.300138888888881, 38.364583333333336 ], [ -105.300138888888881, 38.364305555555561 ], [ -105.300416666666663, 38.364305555555561 ], [ -105.300416666666663, 38.364027777777778 ], [ -105.300694444444431, 38.364027777777778 ], [ -105.300694444444431, 38.36375 ], [ -105.30125, 38.36375 ], [ -105.30125, 38.363472222222221 ], [ -105.301527777777778, 38.363472222222221 ], [ -105.301527777777778, 38.363194444444446 ], [ -105.302083333333329, 38.363194444444446 ], [ -105.302083333333329, 38.362916666666671 ], [ -105.302361111111111, 38.362916666666671 ], [ -105.302361111111111, 38.362638888888888 ], [ -105.302638888888879, 38.362638888888888 ], [ -105.302638888888879, 38.362361111111113 ], [ -105.305416666666659, 38.362361111111113 ], [ -105.305416666666659, 38.362083333333338 ], [ -105.305694444444441, 38.362083333333338 ], [ -105.305694444444441, 38.361527777777781 ], [ -105.305972222222209, 38.361527777777781 ], [ -105.305972222222209, 38.36125 ], [ -105.30625, 38.36125 ], [ -105.30625, 38.360972222222223 ], [ -105.306527777777774, 38.360972222222223 ], [ -105.306527777777774, 38.360694444444448 ], [ -105.307916666666657, 38.360694444444448 ], [ -105.307916666666657, 38.360972222222223 ], [ -105.309027777777771, 38.360972222222223 ], [ -105.309027777777771, 38.36125 ], [ -105.31125, 38.36125 ], [ -105.31125, 38.361527777777781 ], [ -105.312083333333334, 38.361527777777781 ], [ -105.312083333333334, 38.361805555555556 ], [ -105.312916666666666, 38.361805555555556 ], [ -105.312916666666666, 38.362083333333338 ], [ -105.313194444444434, 38.362083333333338 ], [ -105.313194444444434, 38.362361111111113 ], [ -105.313472222222217, 38.362361111111113 ], [ -105.313472222222217, 38.362638888888888 ], [ -105.314305555555549, 38.362638888888888 ], [ -105.314305555555549, 38.362361111111113 ], [ -105.314027777777767, 38.362361111111113 ], [ -105.314027777777767, 38.362083333333338 ], [ -105.31375, 38.362083333333338 ], [ -105.31375, 38.361527777777781 ], [ -105.313472222222217, 38.361527777777781 ], [ -105.313472222222217, 38.360138888888891 ], [ -105.313194444444434, 38.360138888888891 ], [ -105.313194444444434, 38.359861111111115 ], [ -105.312916666666666, 38.359861111111115 ], [ -105.312916666666666, 38.359583333333333 ], [ -105.312638888888884, 38.359583333333333 ], [ -105.312638888888884, 38.357916666666668 ], [ -105.312361111111102, 38.357916666666668 ], [ -105.312361111111102, 38.357638888888893 ], [ -105.312083333333334, 38.357638888888893 ], [ -105.312083333333334, 38.357361111111111 ], [ -105.311805555555551, 38.357361111111111 ], [ -105.311805555555551, 38.357083333333335 ], [ -105.310694444444437, 38.357083333333335 ], [ -105.310694444444437, 38.35680555555556 ], [ -105.310138888888886, 38.35680555555556 ], [ -105.310138888888886, 38.356527777777778 ], [ -105.309861111111104, 38.356527777777778 ], [ -105.309861111111104, 38.355972222222221 ], [ -105.309583333333322, 38.355972222222221 ], [ -105.309583333333322, 38.355694444444445 ], [ -105.309305555555554, 38.355694444444445 ], [ -105.309305555555554, 38.35541666666667 ], [ -105.309027777777771, 38.35541666666667 ], [ -105.309027777777771, 38.355138888888888 ], [ -105.30875, 38.355138888888888 ], [ -105.30875, 38.354583333333338 ], [ -105.308472222222221, 38.354583333333338 ], [ -105.308472222222221, 38.35402777777778 ], [ -105.308194444444439, 38.35402777777778 ], [ -105.308194444444439, 38.353472222222223 ], [ -105.307916666666657, 38.353472222222223 ], [ -105.307916666666657, 38.351805555555558 ], [ -105.307638888888889, 38.351805555555558 ], [ -105.307638888888889, 38.35125 ], [ -105.307361111111106, 38.35125 ], [ -105.307361111111106, 38.350972222222225 ], [ -105.307083333333324, 38.350972222222225 ], [ -105.307083333333324, 38.350416666666668 ], [ -105.307361111111106, 38.350416666666668 ], [ -105.307361111111106, 38.34930555555556 ], [ -105.307638888888889, 38.34930555555556 ], [ -105.307638888888889, 38.34875 ], [ -105.307916666666657, 38.34875 ], [ -105.307916666666657, 38.348472222222227 ], [ -105.308194444444439, 38.348472222222227 ], [ -105.308194444444439, 38.347638888888888 ], [ -105.308472222222221, 38.347638888888888 ], [ -105.308472222222221, 38.347361111111113 ], [ -105.308194444444439, 38.347361111111113 ], [ -105.308194444444439, 38.34513888888889 ], [ -105.308472222222221, 38.34513888888889 ], [ -105.308472222222221, 38.344583333333333 ], [ -105.30875, 38.344583333333333 ], [ -105.30875, 38.344027777777782 ], [ -105.309027777777771, 38.344027777777782 ], [ -105.309027777777771, 38.34375 ], [ -105.309305555555554, 38.34375 ], [ -105.309305555555554, 38.341527777777777 ], [ -105.309583333333322, 38.341527777777777 ], [ -105.309583333333322, 38.34125 ], [ -105.309305555555554, 38.34125 ], [ -105.309305555555554, 38.340972222222227 ], [ -105.309027777777771, 38.340972222222227 ], [ -105.309027777777771, 38.34041666666667 ], [ -105.30875, 38.34041666666667 ], [ -105.30875, 38.340138888888887 ], [ -105.308472222222221, 38.340138888888887 ], [ -105.308472222222221, 38.339861111111112 ], [ -105.308194444444439, 38.339861111111112 ], [ -105.308194444444439, 38.339583333333337 ], [ -105.307916666666657, 38.339583333333337 ], [ -105.307916666666657, 38.337083333333332 ], [ -105.307638888888889, 38.337083333333332 ], [ -105.307638888888889, 38.336805555555557 ], [ -105.307361111111106, 38.336805555555557 ], [ -105.307361111111106, 38.336527777777782 ], [ -105.307083333333324, 38.336527777777782 ], [ -105.307083333333324, 38.33625 ], [ -105.308472222222221, 38.33625 ], [ -105.308472222222221, 38.335972222222225 ], [ -105.309027777777771, 38.335972222222225 ], [ -105.309027777777771, 38.335138888888892 ], [ -105.309305555555554, 38.335138888888892 ], [ -105.309305555555554, 38.33486111111111 ], [ -105.309583333333322, 38.33486111111111 ], [ -105.309583333333322, 38.334305555555559 ], [ -105.309861111111104, 38.334305555555559 ], [ -105.309861111111104, 38.33375 ], [ -105.310138888888886, 38.33375 ], [ -105.310138888888886, 38.332638888888894 ], [ -105.309861111111104, 38.332638888888894 ], [ -105.309861111111104, 38.329861111111114 ], [ -105.309583333333322, 38.329861111111114 ], [ -105.309583333333322, 38.329027777777782 ], [ -105.309305555555554, 38.329027777777782 ], [ -105.309305555555554, 38.327638888888892 ], [ -105.309027777777771, 38.327638888888892 ], [ -105.309027777777771, 38.327083333333334 ], [ -105.309305555555554, 38.327083333333334 ], [ -105.309305555555554, 38.32625 ], [ -105.309583333333322, 38.32625 ], [ -105.309583333333322, 38.325416666666669 ], [ -105.309861111111104, 38.325416666666669 ], [ -105.309861111111104, 38.325138888888894 ], [ -105.309583333333322, 38.325138888888894 ], [ -105.309583333333322, 38.324583333333337 ], [ -105.309305555555554, 38.324583333333337 ], [ -105.309305555555554, 38.323194444444447 ], [ -105.308472222222221, 38.323194444444447 ], [ -105.308472222222221, 38.323472222222222 ], [ -105.307083333333324, 38.323472222222222 ], [ -105.307083333333324, 38.32375 ], [ -105.30625, 38.32375 ], [ -105.30625, 38.324027777777779 ], [ -105.305972222222209, 38.324027777777779 ], [ -105.305972222222209, 38.32375 ], [ -105.305138888888877, 38.32375 ], [ -105.305138888888877, 38.322083333333332 ], [ -105.304861111111109, 38.322083333333332 ], [ -105.304861111111109, 38.321805555555557 ], [ -105.304305555555544, 38.321805555555557 ], [ -105.304305555555544, 38.321527777777781 ], [ -105.303194444444443, 38.321527777777781 ], [ -105.303194444444443, 38.321805555555557 ], [ -105.302083333333329, 38.321805555555557 ], [ -105.302083333333329, 38.322083333333332 ], [ -105.300972222222214, 38.322083333333332 ], [ -105.300972222222214, 38.322916666666671 ], [ -105.300694444444431, 38.322916666666671 ], [ -105.300694444444431, 38.323194444444447 ], [ -105.300416666666663, 38.323194444444447 ], [ -105.300416666666663, 38.323472222222222 ], [ -105.299861111111099, 38.323472222222222 ], [ -105.299861111111099, 38.32375 ], [ -105.299583333333331, 38.32375 ], [ -105.299583333333331, 38.324027777777779 ], [ -105.298194444444434, 38.324027777777779 ], [ -105.298194444444434, 38.324305555555554 ], [ -105.297638888888883, 38.324305555555554 ], [ -105.297638888888883, 38.324583333333337 ], [ -105.297361111111101, 38.324583333333337 ], [ -105.297361111111101, 38.325694444444444 ], [ -105.297083333333333, 38.325694444444444 ], [ -105.297083333333333, 38.325972222222227 ], [ -105.296805555555551, 38.325972222222227 ], [ -105.296805555555551, 38.32625 ], [ -105.296527777777769, 38.32625 ], [ -105.296527777777769, 38.327638888888892 ], [ -105.29625, 38.327638888888892 ], [ -105.29625, 38.327916666666667 ], [ -105.295972222222218, 38.327916666666667 ], [ -105.295972222222218, 38.328194444444449 ], [ -105.295694444444436, 38.328194444444449 ], [ -105.295694444444436, 38.32875 ], [ -105.295416666666654, 38.32875 ], [ -105.295416666666654, 38.329027777777782 ], [ -105.294861111111103, 38.329027777777782 ], [ -105.294861111111103, 38.329305555555557 ], [ -105.294583333333321, 38.329305555555557 ], [ -105.294583333333321, 38.330138888888889 ], [ -105.294027777777771, 38.330138888888889 ], [ -105.294027777777771, 38.330416666666672 ], [ -105.292638888888888, 38.330416666666672 ], [ -105.292638888888888, 38.330694444444447 ], [ -105.292361111111106, 38.330694444444447 ], [ -105.292361111111106, 38.330972222222222 ], [ -105.292083333333323, 38.330972222222222 ], [ -105.292083333333323, 38.33125 ], [ -105.291805555555555, 38.33125 ], [ -105.291805555555555, 38.331527777777779 ], [ -105.290694444444441, 38.331527777777779 ], [ -105.290694444444441, 38.33125 ], [ -105.290416666666658, 38.33125 ], [ -105.290416666666658, 38.330972222222222 ], [ -105.289861111111108, 38.330972222222222 ], [ -105.289861111111108, 38.33125 ], [ -105.289027777777775, 38.33125 ], [ -105.289027777777775, 38.332916666666669 ], [ -105.28875, 38.332916666666669 ], [ -105.28875, 38.334027777777777 ], [ -105.288194444444443, 38.334027777777777 ], [ -105.288194444444443, 38.334305555555559 ], [ -105.286527777777778, 38.334305555555559 ], [ -105.286527777777778, 38.334583333333335 ], [ -105.28625, 38.334583333333335 ], [ -105.28625, 38.33486111111111 ], [ -105.285972222222213, 38.33486111111111 ], [ -105.285972222222213, 38.335138888888892 ], [ -105.285694444444445, 38.335138888888892 ], [ -105.285694444444445, 38.335416666666667 ], [ -105.285138888888881, 38.335416666666667 ], [ -105.285138888888881, 38.335694444444449 ], [ -105.284305555555548, 38.335694444444449 ], [ -105.284305555555548, 38.335972222222225 ], [ -105.284027777777766, 38.335972222222225 ], [ -105.284027777777766, 38.33625 ], [ -105.283472222222215, 38.33625 ], [ -105.283472222222215, 38.335972222222225 ], [ -105.282916666666665, 38.335972222222225 ], [ -105.282916666666665, 38.335694444444449 ], [ -105.282361111111101, 38.335694444444449 ], [ -105.282361111111101, 38.335972222222225 ], [ -105.28125, 38.335972222222225 ], [ -105.28125, 38.335694444444449 ], [ -105.280416666666653, 38.335694444444449 ], [ -105.280416666666653, 38.335972222222225 ], [ -105.280138888888885, 38.335972222222225 ], [ -105.280138888888885, 38.336527777777782 ], [ -105.279861111111103, 38.336527777777782 ], [ -105.279861111111103, 38.337361111111115 ], [ -105.279583333333321, 38.337361111111115 ], [ -105.279583333333321, 38.33763888888889 ], [ -105.27902777777777, 38.33763888888889 ], [ -105.27902777777777, 38.337916666666672 ], [ -105.27875, 38.337916666666672 ], [ -105.27875, 38.338194444444447 ], [ -105.27847222222222, 38.338194444444447 ], [ -105.27847222222222, 38.338472222222222 ], [ -105.277361111111105, 38.338472222222222 ], [ -105.277361111111105, 38.33875 ], [ -105.276805555555555, 38.33875 ], [ -105.276805555555555, 38.33902777777778 ], [ -105.276527777777773, 38.33902777777778 ], [ -105.276527777777773, 38.340138888888887 ], [ -105.27625, 38.340138888888887 ], [ -105.27625, 38.340972222222227 ], [ -105.274305555555543, 38.340972222222227 ], [ -105.274305555555543, 38.340694444444445 ], [ -105.27347222222221, 38.340694444444445 ], [ -105.27347222222221, 38.34041666666667 ], [ -105.273194444444442, 38.34041666666667 ], [ -105.273194444444442, 38.340138888888887 ], [ -105.27291666666666, 38.340138888888887 ], [ -105.27291666666666, 38.339861111111112 ], [ -105.272638888888878, 38.339861111111112 ], [ -105.272638888888878, 38.339583333333337 ], [ -105.271805555555545, 38.339583333333337 ], [ -105.271805555555545, 38.339305555555555 ], [ -105.271527777777777, 38.339305555555555 ], [ -105.271527777777777, 38.33902777777778 ], [ -105.27125, 38.33902777777778 ], [ -105.27125, 38.33875 ], [ -105.270972222222213, 38.33875 ], [ -105.270972222222213, 38.338472222222222 ], [ -105.27013888888888, 38.338472222222222 ], [ -105.27013888888888, 38.338194444444447 ], [ -105.269305555555547, 38.338194444444447 ], [ -105.269305555555547, 38.338472222222222 ], [ -105.269027777777765, 38.338472222222222 ], [ -105.269027777777765, 38.33875 ], [ -105.26875, 38.33875 ], [ -105.26875, 38.339861111111112 ], [ -105.268194444444433, 38.339861111111112 ], [ -105.268194444444433, 38.340138888888887 ], [ -105.2673611111111, 38.340138888888887 ], [ -105.2673611111111, 38.34041666666667 ], [ -105.266527777777767, 38.34041666666667 ], [ -105.266527777777767, 38.340694444444445 ], [ -105.26625, 38.340694444444445 ], [ -105.26625, 38.340972222222227 ], [ -105.265972222222217, 38.340972222222227 ], [ -105.265972222222217, 38.34125 ], [ -105.265694444444435, 38.34125 ], [ -105.265694444444435, 38.341527777777777 ], [ -105.265138888888885, 38.341527777777777 ], [ -105.265138888888885, 38.34180555555556 ], [ -105.26375, 38.34180555555556 ], [ -105.26375, 38.341527777777777 ], [ -105.263472222222219, 38.341527777777777 ], [ -105.263472222222219, 38.34125 ], [ -105.261805555555554, 38.34125 ], [ -105.261805555555554, 38.34041666666667 ], [ -105.26125, 38.34041666666667 ], [ -105.26125, 38.340138888888887 ], [ -105.259861111111107, 38.340138888888887 ], [ -105.259861111111107, 38.339583333333337 ], [ -105.259583333333325, 38.339583333333337 ], [ -105.259583333333325, 38.339305555555555 ], [ -105.259305555555542, 38.339305555555555 ], [ -105.259305555555542, 38.33875 ], [ -105.259027777777774, 38.33875 ], [ -105.259027777777774, 38.338472222222222 ], [ -105.25875, 38.338472222222222 ], [ -105.25875, 38.338194444444447 ], [ -105.255972222222212, 38.338194444444447 ], [ -105.255972222222212, 38.337916666666672 ], [ -105.255694444444444, 38.337916666666672 ], [ -105.255694444444444, 38.33763888888889 ], [ -105.255416666666662, 38.33763888888889 ], [ -105.255416666666662, 38.337361111111115 ], [ -105.255138888888879, 38.337361111111115 ], [ -105.255138888888879, 38.337083333333332 ], [ -105.254861111111111, 38.337083333333332 ], [ -105.254861111111111, 38.335972222222225 ], [ -105.255138888888879, 38.335972222222225 ], [ -105.255138888888879, 38.335694444444449 ], [ -105.254861111111111, 38.335694444444449 ], [ -105.254861111111111, 38.335416666666667 ], [ -105.254583333333329, 38.335416666666667 ], [ -105.254583333333329, 38.335138888888892 ], [ -105.254305555555547, 38.335138888888892 ], [ -105.254305555555547, 38.33486111111111 ], [ -105.254027777777765, 38.33486111111111 ], [ -105.254027777777765, 38.334583333333335 ], [ -105.252638888888882, 38.334583333333335 ], [ -105.252638888888882, 38.334305555555559 ], [ -105.251805555555549, 38.334305555555559 ], [ -105.251805555555549, 38.334027777777777 ], [ -105.250138888888884, 38.334027777777777 ], [ -105.250138888888884, 38.334305555555559 ], [ -105.249583333333334, 38.334305555555559 ], [ -105.249583333333334, 38.334583333333335 ], [ -105.24875, 38.334583333333335 ], [ -105.24875, 38.334305555555559 ], [ -105.248472222222219, 38.334305555555559 ], [ -105.248472222222219, 38.334027777777777 ], [ -105.247916666666654, 38.334027777777777 ], [ -105.247916666666654, 38.33375 ], [ -105.247361111111104, 38.33375 ], [ -105.247361111111104, 38.333472222222227 ], [ -105.246805555555554, 38.333472222222227 ], [ -105.246805555555554, 38.333194444444445 ], [ -105.246527777777771, 38.333194444444445 ], [ -105.246527777777771, 38.332916666666669 ], [ -105.24625, 38.332916666666669 ], [ -105.24625, 38.332638888888894 ], [ -105.245416666666657, 38.332638888888894 ], [ -105.245416666666657, 38.332361111111112 ], [ -105.244861111111106, 38.332361111111112 ], [ -105.244861111111106, 38.332083333333337 ], [ -105.244027777777774, 38.332083333333337 ], [ -105.244027777777774, 38.331805555555555 ], [ -105.243472222222209, 38.331805555555555 ], [ -105.243472222222209, 38.332083333333337 ], [ -105.243194444444441, 38.332083333333337 ], [ -105.243194444444441, 38.332361111111112 ], [ -105.240972222222211, 38.332361111111112 ], [ -105.240972222222211, 38.333194444444445 ], [ -105.240694444444443, 38.333194444444445 ], [ -105.240694444444443, 38.33375 ], [ -105.240416666666661, 38.33375 ], [ -105.240416666666661, 38.334305555555559 ], [ -105.240138888888879, 38.334305555555559 ], [ -105.240138888888879, 38.334583333333335 ], [ -105.239861111111111, 38.334583333333335 ], [ -105.239861111111111, 38.33486111111111 ], [ -105.239583333333329, 38.33486111111111 ], [ -105.239583333333329, 38.335694444444449 ], [ -105.239305555555546, 38.335694444444449 ], [ -105.239305555555546, 38.335972222222225 ], [ -105.239027777777778, 38.335972222222225 ], [ -105.239027777777778, 38.33625 ], [ -105.23875, 38.33625 ], [ -105.23875, 38.336527777777782 ], [ -105.238472222222214, 38.336527777777782 ], [ -105.238472222222214, 38.336805555555557 ], [ -105.238194444444431, 38.336805555555557 ], [ -105.238194444444431, 38.337083333333332 ], [ -105.237916666666663, 38.337083333333332 ], [ -105.237916666666663, 38.337361111111115 ], [ -105.237638888888881, 38.337361111111115 ], [ -105.237638888888881, 38.33763888888889 ], [ -105.237916666666663, 38.33763888888889 ], [ -105.237916666666663, 38.337916666666672 ], [ -105.238194444444431, 38.337916666666672 ], [ -105.238194444444431, 38.338472222222222 ], [ -105.238472222222214, 38.338472222222222 ], [ -105.238472222222214, 38.339583333333337 ], [ -105.238194444444431, 38.339583333333337 ], [ -105.238194444444431, 38.339861111111112 ], [ -105.236527777777766, 38.339861111111112 ], [ -105.236527777777766, 38.340138888888887 ], [ -105.235138888888883, 38.340138888888887 ], [ -105.235138888888883, 38.339861111111112 ], [ -105.234583333333333, 38.339861111111112 ], [ -105.234583333333333, 38.339583333333337 ], [ -105.234305555555551, 38.339583333333337 ], [ -105.234305555555551, 38.339861111111112 ], [ -105.234027777777769, 38.339861111111112 ], [ -105.234027777777769, 38.340138888888887 ], [ -105.233472222222218, 38.340138888888887 ], [ -105.233472222222218, 38.34041666666667 ], [ -105.229861111111106, 38.34041666666667 ], [ -105.229861111111106, 38.340694444444445 ], [ -105.229583333333323, 38.340694444444445 ], [ -105.229583333333323, 38.34041666666667 ], [ -105.229027777777773, 38.34041666666667 ], [ -105.229027777777773, 38.340138888888887 ], [ -105.228472222222223, 38.340138888888887 ], [ -105.228472222222223, 38.339861111111112 ], [ -105.227916666666658, 38.339861111111112 ], [ -105.227916666666658, 38.339583333333337 ], [ -105.227361111111108, 38.339583333333337 ], [ -105.227361111111108, 38.339305555555555 ], [ -105.224305555555546, 38.339305555555555 ], [ -105.224305555555546, 38.33902777777778 ], [ -105.222638888888881, 38.33902777777778 ], [ -105.222638888888881, 38.33875 ], [ -105.220694444444433, 38.33875 ], [ -105.220694444444433, 38.33902777777778 ], [ -105.219583333333333, 38.33902777777778 ], [ -105.219583333333333, 38.33875 ], [ -105.218472222222218, 38.33875 ], [ -105.218472222222218, 38.339305555555555 ], [ -105.218194444444435, 38.339305555555555 ], [ -105.218194444444435, 38.339583333333337 ], [ -105.21597222222222, 38.339583333333337 ], [ -105.21597222222222, 38.339861111111112 ], [ -105.215694444444438, 38.339861111111112 ], [ -105.215694444444438, 38.340138888888887 ], [ -105.215416666666655, 38.340138888888887 ], [ -105.215416666666655, 38.34041666666667 ], [ -105.215138888888887, 38.34041666666667 ], [ -105.215138888888887, 38.340972222222227 ], [ -105.214861111111105, 38.340972222222227 ], [ -105.214861111111105, 38.34125 ], [ -105.214583333333323, 38.34125 ], [ -105.214583333333323, 38.341527777777777 ], [ -105.214305555555555, 38.341527777777777 ], [ -105.214305555555555, 38.344305555555557 ], [ -105.214027777777773, 38.344305555555557 ], [ -105.214027777777773, 38.344583333333333 ], [ -105.213472222222222, 38.344583333333333 ], [ -105.213472222222222, 38.344861111111115 ], [ -105.21319444444444, 38.344861111111115 ], [ -105.21319444444444, 38.34513888888889 ], [ -105.212916666666658, 38.34513888888889 ], [ -105.212916666666658, 38.345416666666665 ], [ -105.212638888888875, 38.345416666666665 ], [ -105.212638888888875, 38.345694444444447 ], [ -105.212361111111107, 38.345694444444447 ], [ -105.212361111111107, 38.345972222222223 ], [ -105.212083333333325, 38.345972222222223 ], [ -105.212083333333325, 38.34625 ], [ -105.211805555555543, 38.34625 ], [ -105.211805555555543, 38.34652777777778 ], [ -105.211527777777775, 38.34652777777778 ], [ -105.211527777777775, 38.346805555555555 ], [ -105.21125, 38.346805555555555 ], [ -105.21125, 38.347083333333337 ], [ -105.21097222222221, 38.347083333333337 ], [ -105.21097222222221, 38.347361111111113 ], [ -105.210694444444442, 38.347361111111113 ], [ -105.210694444444442, 38.347638888888888 ], [ -105.210138888888878, 38.347638888888888 ], [ -105.210138888888878, 38.34986111111111 ], [ -105.20875, 38.34986111111111 ], [ -105.20875, 38.350416666666668 ], [ -105.208194444444445, 38.350416666666668 ], [ -105.208194444444445, 38.350694444444443 ], [ -105.20763888888888, 38.350694444444443 ], [ -105.20763888888888, 38.350972222222225 ], [ -105.207361111111098, 38.350972222222225 ], [ -105.207361111111098, 38.35125 ], [ -105.20708333333333, 38.35125 ], [ -105.20708333333333, 38.352083333333333 ], [ -105.206805555555547, 38.352083333333333 ], [ -105.206805555555547, 38.352361111111115 ], [ -105.206527777777765, 38.352361111111115 ], [ -105.206527777777765, 38.35263888888889 ], [ -105.20625, 38.35263888888889 ], [ -105.20625, 38.353194444444448 ], [ -105.205972222222215, 38.353194444444448 ], [ -105.205972222222215, 38.353472222222223 ], [ -105.205694444444433, 38.353472222222223 ], [ -105.205694444444433, 38.35402777777778 ], [ -105.205416666666665, 38.35402777777778 ], [ -105.205416666666665, 38.354305555555555 ], [ -105.2048611111111, 38.354305555555555 ], [ -105.2048611111111, 38.35402777777778 ], [ -105.204583333333332, 38.35402777777778 ], [ -105.204583333333332, 38.35375 ], [ -105.203194444444435, 38.35375 ], [ -105.203194444444435, 38.35402777777778 ], [ -105.202916666666667, 38.35402777777778 ], [ -105.202916666666667, 38.354305555555555 ], [ -105.202638888888885, 38.354305555555555 ], [ -105.202638888888885, 38.354583333333338 ], [ -105.20208333333332, 38.354583333333338 ], [ -105.20208333333332, 38.354861111111113 ], [ -105.201805555555552, 38.354861111111113 ], [ -105.201805555555552, 38.355138888888888 ], [ -105.20152777777777, 38.355138888888888 ], [ -105.20152777777777, 38.35541666666667 ], [ -105.20125, 38.35541666666667 ], [ -105.20125, 38.355694444444445 ], [ -105.200972222222219, 38.355694444444445 ], [ -105.200972222222219, 38.355972222222221 ], [ -105.200694444444437, 38.355972222222221 ], [ -105.200694444444437, 38.355694444444445 ], [ -105.198194444444439, 38.355694444444445 ], [ -105.198194444444439, 38.35680555555556 ], [ -105.197916666666657, 38.35680555555556 ], [ -105.197916666666657, 38.357916666666668 ], [ -105.198194444444439, 38.357916666666668 ], [ -105.198194444444439, 38.358194444444443 ], [ -105.197916666666657, 38.358194444444443 ], [ -105.197916666666657, 38.359027777777783 ], [ -105.198194444444439, 38.359027777777783 ], [ -105.198194444444439, 38.360416666666666 ], [ -105.198472222222222, 38.360416666666666 ], [ -105.198472222222222, 38.36125 ], [ -105.19875, 38.36125 ], [ -105.19875, 38.361527777777781 ], [ -105.199027777777772, 38.361527777777781 ], [ -105.199027777777772, 38.362083333333338 ], [ -105.199305555555554, 38.362083333333338 ], [ -105.199305555555554, 38.363194444444446 ], [ -105.199027777777772, 38.363194444444446 ], [ -105.199027777777772, 38.363472222222221 ], [ -105.199305555555554, 38.363472222222221 ], [ -105.199305555555554, 38.36375 ], [ -105.199583333333322, 38.36375 ], [ -105.199583333333322, 38.364027777777778 ], [ -105.199861111111105, 38.364027777777778 ], [ -105.199861111111105, 38.364305555555561 ], [ -105.200416666666655, 38.364305555555561 ], [ -105.200416666666655, 38.364861111111111 ], [ -105.200694444444437, 38.364861111111111 ], [ -105.200694444444437, 38.365138888888893 ], [ -105.200972222222219, 38.365138888888893 ], [ -105.200972222222219, 38.365694444444443 ], [ -105.20125, 38.365694444444443 ], [ -105.20125, 38.366527777777783 ], [ -105.20152777777777, 38.366527777777783 ], [ -105.20152777777777, 38.367083333333333 ], [ -105.201805555555552, 38.367083333333333 ], [ -105.201805555555552, 38.367638888888891 ], [ -105.20208333333332, 38.367638888888891 ], [ -105.20208333333332, 38.368194444444448 ], [ -105.202361111111102, 38.368194444444448 ], [ -105.202361111111102, 38.36875 ], [ -105.202638888888885, 38.36875 ], [ -105.202638888888885, 38.369305555555556 ], [ -105.202916666666667, 38.369305555555556 ], [ -105.202916666666667, 38.369861111111113 ], [ -105.203194444444435, 38.369861111111113 ], [ -105.203194444444435, 38.370694444444446 ], [ -105.203472222222217, 38.370694444444446 ], [ -105.203472222222217, 38.370972222222221 ], [ -105.20375, 38.370972222222221 ], [ -105.20375, 38.372083333333336 ], [ -105.204027777777767, 38.372083333333336 ], [ -105.204027777777767, 38.372638888888893 ], [ -105.20430555555555, 38.372638888888893 ], [ -105.20430555555555, 38.372916666666669 ], [ -105.205416666666665, 38.372916666666669 ] ] ] } },
{ "type": "Feature", "properties": { "pour_lon": -105.25430555555555, "pour_lat": 38.438472222222224, "orig_lon": -105.2539, "orig_lat": 38.4383, "name": "block_-2639904", "block_id": -2639904, "area_deg2": 0.0032656635802468591 }, "geometry": { "type": "Polygon", "coordinates": [ [ [ -105.305694444444441, 38.524583333333332 ], [ -105.305694444444441, 38.524305555555557 ], [ -105.305972222222223, 38.524305555555557 ], [ -105.305972222222223, 38.524027777777775 ], [ -105.30625, 38.524027777777775 ], [ -105.30625, 38.52375 ], [ -105.306527777777788, 38.52375 ], [ -105.306527777777788, 38.523472222222225 ], [ -105.306805555555556, 38.523472222222225 ], [ -105.306805555555556, 38.523194444444442 ], [ -105.307083333333338, 38.523194444444442 ], [ -105.307083333333338, 38.522916666666667 ], [ -105.307361111111121, 38.522916666666667 ], [ -105.307361111111121, 38.522638888888885 ], [ -105.307638888888889, 38.522638888888885 ], [ -105.307638888888889, 38.522083333333335 ], [ -105.307916666666671, 38.522083333333335 ], [ -105.307916666666671, 38.521805555555552 ], [ -105.308194444444453, 38.521805555555552 ], [ -105.308194444444453, 38.52097222222222 ], [ -105.309305555555554, 38.52097222222222 ], [ -105.309305555555554, 38.52125 ], [ -105.310138888888886, 38.52125 ], [ -105.310138888888886, 38.52097222222222 ], [ -105.311805555555566, 38.52097222222222 ], [ -105.311805555555566, 38.520694444444445 ], [ -105.312361111111116, 38.520694444444445 ], [ -105.312361111111116, 38.520416666666662 ], [ -105.312638888888898, 38.520416666666662 ], [ -105.312638888888898, 38.519861111111112 ], [ -105.312916666666666, 38.519861111111112 ], [ -105.312916666666666, 38.51958333333333 ], [ -105.313194444444449, 38.51958333333333 ], [ -105.313194444444449, 38.518472222222222 ], [ -105.313472222222231, 38.518472222222222 ], [ -105.313472222222231, 38.518194444444447 ], [ -105.31375, 38.518194444444447 ], [ -105.31375, 38.517361111111107 ], [ -105.314027777777781, 38.517361111111107 ], [ -105.314027777777781, 38.517083333333332 ], [ -105.31375, 38.517083333333332 ], [ -105.31375, 38.516805555555557 ], [ -105.312916666666666, 38.516805555555557 ], [ -105.312916666666666, 38.516527777777775 ], [ -105.312083333333334, 38.516527777777775 ], [ -105.312083333333334, 38.51625 ], [ -105.310694444444451, 38.51625 ], [ -105.310694444444451, 38.515972222222224 ], [ -105.309583333333336, 38.515972222222224 ], [ -105.309583333333336, 38.515694444444442 ], [ -105.309305555555554, 38.515694444444442 ], [ -105.309305555555554, 38.515416666666667 ], [ -105.307638888888889, 38.515416666666667 ], [ -105.307638888888889, 38.515138888888885 ], [ -105.307361111111121, 38.515138888888885 ], [ -105.307361111111121, 38.514583333333334 ], [ -105.30625, 38.514583333333334 ], [ -105.30625, 38.514305555555552 ], [ -105.304861111111109, 38.514305555555552 ], [ -105.304861111111109, 38.514027777777777 ], [ -105.303472222222226, 38.514027777777777 ], [ -105.303472222222226, 38.51375 ], [ -105.303194444444443, 38.51375 ], [ -105.303194444444443, 38.513472222222219 ], [ -105.302916666666675, 38.513472222222219 ], [ -105.302916666666675, 38.513194444444444 ], [ -105.302361111111111, 38.513194444444444 ], [ -105.302361111111111, 38.512916666666669 ], [ -105.301527777777778, 38.512916666666669 ], [ -105.301527777777778, 38.512638888888887 ], [ -105.300972222222228, 38.512638888888887 ], [ -105.300972222222228, 38.512361111111112 ], [ -105.300694444444446, 38.512361111111112 ], [ -105.300694444444446, 38.512083333333329 ], [ -105.300416666666663, 38.512083333333329 ], [ -105.300416666666663, 38.511527777777779 ], [ -105.300694444444446, 38.511527777777779 ], [ -105.300694444444446, 38.51125 ], [ -105.300972222222228, 38.51125 ], [ -105.300972222222228, 38.510972222222222 ], [ -105.30125, 38.510972222222222 ], [ -105.30125, 38.510694444444447 ], [ -105.301527777777778, 38.510694444444447 ], [ -105.301527777777778, 38.510416666666664 ], [ -105.301805555555561, 38.510416666666664 ], [ -105.301805555555561, 38.510138888888889 ], [ -105.302083333333343, 38.510138888888889 ], [ -105.302083333333343, 38.509861111111107 ], [ -105.302361111111111, 38.509861111111107 ], [ -105.302361111111111, 38.509583333333332 ], [ -105.302638888888893, 38.509583333333332 ], [ -105.302638888888893, 38.509305555555557 ], [ -105.302916666666675, 38.509305555555557 ], [ -105.302916666666675, 38.509027777777774 ], [ -105.303194444444443, 38.509027777777774 ], [ -105.303194444444443, 38.50875 ], [ -105.303472222222226, 38.50875 ], [ -105.303472222222226, 38.502916666666664 ], [ -105.303194444444443, 38.502916666666664 ], [ -105.303194444444443, 38.502638888888889 ], [ -105.302916666666675, 38.502638888888889 ], [ -105.302916666666675, 38.501805555555556 ], [ -105.305138888888891, 38.501805555555556 ], [ -105.305138888888891, 38.502083333333331 ], [ -105.30625, 38.502083333333331 ], [ -105.30625, 38.501805555555556 ], [ -105.306527777777788, 38.501805555555556 ], [ -105.306527777777788, 38.500694444444441 ], [ -105.306805555555556, 38.500694444444441 ], [ -105.306805555555556, 38.499305555555551 ], [ -105.306527777777788, 38.499305555555551 ], [ -105.306527777777788, 38.496805555555554 ], [ -105.306805555555556, 38.496805555555554 ], [ -105.306805555555556, 38.495138888888889 ], [ -105.305972222222223, 38.495138888888889 ], [ -105.305972222222223, 38.494861111111113 ], [ -105.305138888888891, 38.494861111111113 ], [ -105.305138888888891, 38.494305555555556 ], [ -105.305416666666673, 38.494305555555556 ], [ -105.305416666666673, 38.494027777777774 ], [ -105.305694444444441, 38.494027777777774 ], [ -105.305694444444441, 38.490416666666668 ], [ -105.30625, 38.490416666666668 ], [ -105.30625, 38.490138888888886 ], [ -105.306805555555556, 38.490138888888886 ], [ -105.306805555555556, 38.489861111111111 ], [ -105.307083333333338, 38.489861111111111 ], [ -105.307083333333338, 38.489583333333336 ], [ -105.307361111111121, 38.489583333333336 ], [ -105.307361111111121, 38.489027777777778 ], [ -105.307638888888889, 38.489027777777778 ], [ -105.307638888888889, 38.488472222222221 ], [ -105.306805555555556, 38.488472222222221 ], [ -105.306805555555556, 38.488194444444446 ], [ -105.305694444444441, 38.488194444444446 ], [ -105.305694444444441, 38.487916666666663 ], [ -105.305416666666673, 38.487916666666663 ], [ -105.305416666666673, 38.487638888888888 ], [ -105.304583333333341, 38.487638888888888 ], [ -105.304583333333341, 38.487361111111113 ], [ -105.304305555555558, 38.487361111111113 ], [ -105.304305555555558, 38.485138888888891 ], [ -105.304583333333341, 38.485138888888891 ], [ -105.304583333333341, 38.484583333333333 ], [ -105.304305555555558, 38.484583333333333 ], [ -105.304305555555558, 38.484305555555558 ], [ -105.304027777777776, 38.484305555555558 ], [ -105.304027777777776, 38.482638888888886 ], [ -105.303194444444443, 38.482638888888886 ], [ -105.303194444444443, 38.482361111111111 ], [ -105.302638888888893, 38.482361111111111 ], [ -105.302638888888893, 38.482083333333335 ], [ -105.302361111111111, 38.482083333333335 ], [ -105.302361111111111, 38.481805555555553 ], [ -105.302083333333343, 38.481805555555553 ], [ -105.302083333333343, 38.481527777777778 ], [ -105.30125, 38.481527777777778 ], [ -105.30125, 38.48125 ], [ -105.300972222222228, 38.48125 ], [ -105.300972222222228, 38.480972222222221 ], [ -105.300416666666663, 38.480972222222221 ], [ -105.300416666666663, 38.48125 ], [ -105.299583333333331, 38.48125 ], [ -105.299583333333331, 38.481527777777778 ], [ -105.29847222222223, 38.481527777777778 ], [ -105.29847222222223, 38.48125 ], [ -105.296527777777783, 38.48125 ], [ -105.296527777777783, 38.480972222222221 ], [ -105.29625, 38.480972222222221 ], [ -105.29625, 38.480694444444445 ], [ -105.295416666666668, 38.480694444444445 ], [ -105.295416666666668, 38.47875 ], [ -105.29569444444445, 38.47875 ], [ -105.29569444444445, 38.477083333333333 ], [ -105.295972222222233, 38.477083333333333 ], [ -105.295972222222233, 38.476805555555558 ], [ -105.295416666666668, 38.476805555555558 ], [ -105.295416666666668, 38.476527777777775 ], [ -105.294027777777785, 38.476527777777775 ], [ -105.294027777777785, 38.47625 ], [ -105.29375, 38.47625 ], [ -105.29375, 38.475694444444443 ], [ -105.293472222222221, 38.475694444444443 ], [ -105.293472222222221, 38.475416666666668 ], [ -105.292638888888888, 38.475416666666668 ], [ -105.292638888888888, 38.475138888888885 ], [ -105.29236111111112, 38.475138888888885 ], [ -105.29236111111112, 38.47486111111111 ], [ -105.292083333333338, 38.47486111111111 ], [ -105.292083333333338, 38.474305555555553 ], [ -105.291805555555555, 38.474305555555553 ], [ -105.291805555555555, 38.472638888888888 ], [ -105.292083333333338, 38.472638888888888 ], [ -105.292083333333338, 38.472361111111113 ], [ -105.29236111111112, 38.472361111111113 ], [ -105.29236111111112, 38.47208333333333 ], [ -105.292638888888888, 38.47208333333333 ], [ -105.292638888888888, 38.469305555555557 ], [ -105.291805555555555, 38.469305555555557 ], [ -105.291805555555555, 38.469027777777775 ], [ -105.291527777777787, 38.469027777777775 ], [ -105.291527777777787, 38.468472222222218 ], [ -105.29125, 38.468472222222218 ], [ -105.29125, 38.468194444444443 ], [ -105.290972222222223, 38.468194444444443 ], [ -105.290972222222223, 38.467083333333335 ], [ -105.290416666666673, 38.467083333333335 ], [ -105.290416666666673, 38.466805555555553 ], [ -105.290694444444455, 38.466805555555553 ], [ -105.290694444444455, 38.466527777777777 ], [ -105.290972222222223, 38.466527777777777 ], [ -105.290972222222223, 38.46625 ], [ -105.29125, 38.46625 ], [ -105.29125, 38.46597222222222 ], [ -105.291527777777787, 38.46597222222222 ], [ -105.291527777777787, 38.465416666666663 ], [ -105.291805555555555, 38.465416666666663 ], [ -105.291805555555555, 38.46458333333333 ], [ -105.292083333333338, 38.46458333333333 ], [ -105.292083333333338, 38.464305555555555 ], [ -105.29236111111112, 38.464305555555555 ], [ -105.29236111111112, 38.46402777777778 ], [ -105.292638888888888, 38.46402777777778 ], [ -105.292638888888888, 38.46375 ], [ -105.293194444444453, 38.46375 ], [ -105.293194444444453, 38.463472222222222 ], [ -105.29375, 38.463472222222222 ], [ -105.29375, 38.46319444444444 ], [ -105.294027777777785, 38.46319444444444 ], [ -105.294027777777785, 38.462916666666665 ], [ -105.294305555555553, 38.462916666666665 ], [ -105.294305555555553, 38.46263888888889 ], [ -105.294583333333335, 38.46263888888889 ], [ -105.294583333333335, 38.46125 ], [ -105.294305555555553, 38.46125 ], [ -105.294305555555553, 38.460694444444442 ], [ -105.29375, 38.460694444444442 ], [ -105.29375, 38.460416666666667 ], [ -105.293472222222221, 38.460416666666667 ], [ -105.293472222222221, 38.45986111111111 ], [ -105.293194444444453, 38.45986111111111 ], [ -105.293194444444453, 38.459305555555552 ], [ -105.29291666666667, 38.459305555555552 ], [ -105.29291666666667, 38.457916666666662 ], [ -105.292638888888888, 38.457916666666662 ], [ -105.292638888888888, 38.457361111111112 ], [ -105.29236111111112, 38.457361111111112 ], [ -105.29236111111112, 38.45708333333333 ], [ -105.292083333333338, 38.45708333333333 ], [ -105.292083333333338, 38.456805555555555 ], [ -105.29236111111112, 38.456805555555555 ], [ -105.29236111111112, 38.45625 ], [ -105.292638888888888, 38.45625 ], [ -105.292638888888888, 38.455694444444447 ], [ -105.29236111111112, 38.455694444444447 ], [ -105.29236111111112, 38.455416666666665 ], [ -105.291527777777787, 38.455416666666665 ], [ -105.291527777777787, 38.455138888888889 ], [ -105.290694444444455, 38.455138888888889 ], [ -105.290694444444455, 38.454861111111107 ], [ -105.290416666666673, 38.454861111111107 ], [ -105.290416666666673, 38.454583333333332 ], [ -105.29013888888889, 38.454583333333332 ], [ -105.29013888888889, 38.454305555555557 ], [ -105.289027777777775, 38.454305555555557 ], [ -105.289027777777775, 38.454027777777775 ], [ -105.28680555555556, 38.454027777777775 ], [ -105.28680555555556, 38.45375 ], [ -105.286527777777778, 38.45375 ], [ -105.286527777777778, 38.454027777777775 ], [ -105.28625, 38.454027777777775 ], [ -105.28625, 38.45375 ], [ -105.285972222222227, 38.45375 ], [ -105.285972222222227, 38.453472222222224 ], [ -105.285694444444445, 38.453472222222224 ], [ -105.285694444444445, 38.453194444444442 ], [ -105.285416666666677, 38.453194444444442 ], [ -105.285416666666677, 38.452638888888885 ], [ -105.285138888888895, 38.452638888888885 ], [ -105.285138888888895, 38.452361111111109 ], [ -105.284861111111113, 38.452361111111109 ], [ -105.284861111111113, 38.452083333333334 ], [ -105.284305555555562, 38.452083333333334 ], [ -105.284305555555562, 38.451805555555552 ], [ -105.28402777777778, 38.451805555555552 ], [ -105.28402777777778, 38.451527777777777 ], [ -105.28347222222223, 38.451527777777777 ], [ -105.28347222222223, 38.449583333333329 ], [ -105.28375, 38.449583333333329 ], [ -105.28375, 38.449027777777779 ], [ -105.282916666666665, 38.449027777777779 ], [ -105.282916666666665, 38.44875 ], [ -105.281527777777782, 38.44875 ], [ -105.281527777777782, 38.448472222222222 ], [ -105.280138888888885, 38.448472222222222 ], [ -105.280138888888885, 38.448194444444447 ], [ -105.279583333333335, 38.448194444444447 ], [ -105.279583333333335, 38.447916666666664 ], [ -105.279027777777785, 38.447916666666664 ], [ -105.279027777777785, 38.447638888888889 ], [ -105.27875, 38.447638888888889 ], [ -105.27875, 38.447361111111107 ], [ -105.276805555555555, 38.447361111111107 ], [ -105.276805555555555, 38.447083333333332 ], [ -105.276527777777787, 38.447083333333332 ], [ -105.276527777777787, 38.446805555555557 ], [ -105.27625, 38.446805555555557 ], [ -105.27625, 38.44625 ], [ -105.275972222222222, 38.44625 ], [ -105.275972222222222, 38.445972222222224 ], [ -105.275416666666672, 38.445972222222224 ], [ -105.275416666666672, 38.445694444444442 ], [ -105.274861111111107, 38.445694444444442 ], [ -105.274861111111107, 38.445416666666667 ], [ -105.274305555555557, 38.445416666666667 ], [ -105.274305555555557, 38.445138888888884 ], [ -105.274027777777775, 38.445138888888884 ], [ -105.274027777777775, 38.444861111111109 ], [ -105.27375, 38.444861111111109 ], [ -105.27375, 38.444583333333334 ], [ -105.273194444444442, 38.444583333333334 ], [ -105.273194444444442, 38.444305555555552 ], [ -105.27236111111111, 38.444305555555552 ], [ -105.27236111111111, 38.444027777777777 ], [ -105.27125, 38.444027777777777 ], [ -105.27125, 38.44375 ], [ -105.270972222222227, 38.44375 ], [ -105.270972222222227, 38.443472222222219 ], [ -105.270694444444445, 38.443472222222219 ], [ -105.270694444444445, 38.443194444444444 ], [ -105.270138888888894, 38.443194444444444 ], [ -105.270138888888894, 38.442916666666669 ], [ -105.269305555555562, 38.442916666666669 ], [ -105.269305555555562, 38.442638888888887 ], [ -105.26875, 38.442638888888887 ], [ -105.26875, 38.442916666666669 ], [ -105.268194444444447, 38.442916666666669 ], [ -105.268194444444447, 38.443194444444444 ], [ -105.266805555555564, 38.443194444444444 ], [ -105.266805555555564, 38.442916666666669 ], [ -105.26625, 38.442916666666669 ], [ -105.26625, 38.442638888888887 ], [ -105.265416666666667, 38.442638888888887 ], [ -105.265416666666667, 38.442361111111111 ], [ -105.265138888888899, 38.442361111111111 ], [ -105.265138888888899, 38.442083333333329 ], [ -105.264583333333334, 38.442083333333329 ], [ -105.264583333333334, 38.441805555555554 ], [ -105.264305555555552, 38.441805555555554 ], [ -105.264305555555552, 38.441527777777779 ], [ -105.26375, 38.441527777777779 ], [ -105.26375, 38.44125 ], [ -105.263472222222219, 38.44125 ], [ -105.263472222222219, 38.440972222222221 ], [ -105.262916666666669, 38.440972222222221 ], [ -105.262916666666669, 38.440694444444446 ], [ -105.261805555555554, 38.440694444444446 ], [ -105.261805555555554, 38.440416666666664 ], [ -105.26125, 38.440416666666664 ], [ -105.26125, 38.440138888888889 ], [ -105.260138888888889, 38.440138888888889 ], [ -105.260138888888889, 38.439861111111107 ], [ -105.259305555555557, 38.439861111111107 ], [ -105.259305555555557, 38.439583333333331 ], [ -105.259027777777774, 38.439583333333331 ], [ -105.259027777777774, 38.439861111111107 ], [ -105.257638888888891, 38.439861111111107 ], [ -105.257638888888891, 38.439583333333331 ], [ -105.257083333333341, 38.439583333333331 ], [ -105.257083333333341, 38.439305555555556 ], [ -105.256805555555559, 38.439305555555556 ], [ -105.256805555555559, 38.439027777777774 ], [ -105.256527777777777, 38.439027777777774 ], [ -105.256527777777777, 38.43875 ], [ -105.25625, 38.43875 ], [ -105.25625, 38.438472222222224 ], [ -105.255694444444444, 38.438472222222224 ], [ -105.255694444444444, 38.43875 ], [ -105.254861111111111, 38.43875 ], [ -105.254861111111111, 38.438472222222224 ], [ -105.254305555555561, 38.438472222222224 ], [ -105.254305555555561, 38.438194444444441 ], [ -105.254027777777779, 38.438194444444441 ], [ -105.254027777777779, 38.437916666666666 ], [ -105.25375, 38.437916666666666 ], [ -105.25375, 38.438194444444441 ], [ -105.251527777777781, 38.438194444444441 ], [ -105.251527777777781, 38.439861111111107 ], [ -105.25125, 38.439861111111107 ], [ -105.25125, 38.440694444444446 ], [ -105.250972222222231, 38.440694444444446 ], [ -105.250972222222231, 38.442361111111111 ], [ -105.250694444444449, 38.442361111111111 ], [ -105.250694444444449, 38.442916666666669 ], [ -105.250416666666666, 38.442916666666669 ], [ -105.250416666666666, 38.44375 ], [ -105.250138888888898, 38.44375 ], [ -105.250138888888898, 38.444305555555552 ], [ -105.249861111111116, 38.444305555555552 ], [ -105.249861111111116, 38.445138888888884 ], [ -105.249583333333334, 38.445138888888884 ], [ -105.249583333333334, 38.445972222222224 ], [ -105.249305555555566, 38.445972222222224 ], [ -105.249305555555566, 38.447083333333332 ], [ -105.249027777777783, 38.447083333333332 ], [ -105.249027777777783, 38.44875 ], [ -105.249305555555566, 38.44875 ], [ -105.249305555555566, 38.451805555555552 ], [ -105.249583333333334, 38.451805555555552 ], [ -105.249583333333334, 38.454861111111107 ], [ -105.249861111111116, 38.454861111111107 ], [ -105.249861111111116, 38.455972222222222 ], [ -105.250138888888898, 38.455972222222222 ], [ -105.250138888888898, 38.456805555555555 ], [ -105.250416666666666, 38.456805555555555 ], [ -105.250416666666666, 38.458194444444445 ], [ -105.250694444444449, 38.458194444444445 ], [ -105.250694444444449, 38.459027777777777 ], [ -105.250972222222231, 38.459027777777777 ], [ -105.250972222222231, 38.460416666666667 ], [ -105.25125, 38.460416666666667 ], [ -105.25125, 38.461527777777775 ], [ -105.251527777777781, 38.461527777777775 ], [ -105.251527777777781, 38.462361111111107 ], [ -105.251805555555563, 38.462361111111107 ], [ -105.251805555555563, 38.462916666666665 ], [ -105.252083333333331, 38.462916666666665 ], [ -105.252083333333331, 38.46375 ], [ -105.252361111111114, 38.46375 ], [ -105.252361111111114, 38.465416666666663 ], [ -105.252638888888896, 38.465416666666663 ], [ -105.252638888888896, 38.466527777777777 ], [ -105.252916666666664, 38.466527777777777 ], [ -105.252916666666664, 38.46736111111111 ], [ -105.253194444444446, 38.46736111111111 ], [ -105.253194444444446, 38.468194444444443 ], [ -105.253472222222229, 38.468194444444443 ], [ -105.253472222222229, 38.469027777777775 ], [ -105.25375, 38.469027777777775 ], [ -105.25375, 38.469861111111108 ], [ -105.254027777777779, 38.469861111111108 ], [ -105.254027777777779, 38.470972222222223 ], [ -105.254305555555561, 38.470972222222223 ], [ -105.254305555555561, 38.474027777777778 ], [ -105.254583333333343, 38.474027777777778 ], [ -105.254583333333343, 38.475416666666668 ], [ -105.254861111111111, 38.475416666666668 ], [ -105.254861111111111, 38.47625 ], [ -105.255138888888894, 38.47625 ], [ -105.255138888888894, 38.47763888888889 ], [ -105.255416666666676, 38.47763888888889 ], [ -105.255416666666676, 38.480694444444445 ], [ -105.255138888888894, 38.480694444444445 ], [ -105.255138888888894, 38.480972222222221 ], [ -105.255416666666676, 38.480972222222221 ], [ -105.255416666666676, 38.481527777777778 ], [ -105.255138888888894, 38.481527777777778 ], [ -105.255138888888894, 38.489583333333336 ], [ -105.254861111111111, 38.489583333333336 ], [ -105.254861111111111, 38.490694444444443 ], [ -105.254583333333343, 38.490694444444443 ], [ -105.254583333333343, 38.49125 ], [ -105.254305555555561, 38.49125 ], [ -105.254305555555561, 38.491527777777776 ], [ -105.254027777777779, 38.491527777777776 ], [ -105.254027777777779, 38.492083333333333 ], [ -105.25375, 38.492083333333333 ], [ -105.25375, 38.492361111111109 ], [ -105.253472222222229, 38.492361111111109 ], [ -105.253472222222229, 38.493472222222223 ], [ -105.253194444444446, 38.493472222222223 ], [ -105.253194444444446, 38.494305555555556 ], [ -105.252916666666664, 38.494305555555556 ], [ -105.252916666666664, 38.495138888888889 ], [ -105.252638888888896, 38.495138888888889 ], [ -105.252638888888896, 38.497361111111111 ], [ -105.252916666666664, 38.497361111111111 ], [ -105.252916666666664, 38.497916666666669 ], [ -105.253194444444446, 38.497916666666669 ], [ -105.253194444444446, 38.499027777777776 ], [ -105.252916666666664, 38.499027777777776 ], [ -105.252916666666664, 38.500694444444441 ], [ -105.252638888888896, 38.500694444444441 ], [ -105.252638888888896, 38.502361111111107 ], [ -105.252361111111114, 38.502361111111107 ], [ -105.252361111111114, 38.504027777777779 ], [ -105.252083333333331, 38.504027777777779 ], [ -105.252083333333331, 38.504305555555554 ], [ -105.252361111111114, 38.504305555555554 ], [ -105.252361111111114, 38.505416666666669 ], [ -105.252638888888896, 38.505416666666669 ], [ -105.252638888888896, 38.50625 ], [ -105.252916666666664, 38.50625 ], [ -105.252916666666664, 38.507083333333334 ], [ -105.253194444444446, 38.507083333333334 ], [ -105.253194444444446, 38.507638888888884 ], [ -105.253472222222229, 38.507638888888884 ], [ -105.253472222222229, 38.508472222222224 ], [ -105.25375, 38.508472222222224 ], [ -105.25375, 38.509027777777774 ], [ -105.254027777777779, 38.509027777777774 ], [ -105.254027777777779, 38.509861111111107 ], [ -105.254305555555561, 38.509861111111107 ], [ -105.254305555555561, 38.510694444444447 ], [ -105.254583333333343, 38.510694444444447 ], [ -105.254583333333343, 38.510972222222222 ], [ -105.255416666666676, 38.510972222222222 ], [ -105.255416666666676, 38.51125 ], [ -105.255694444444444, 38.51125 ], [ -105.255694444444444, 38.511527777777779 ], [ -105.255972222222226, 38.511527777777779 ], [ -105.255972222222226, 38.511805555555554 ], [ -105.25625, 38.511805555555554 ], [ -105.25625, 38.512083333333329 ], [ -105.256527777777777, 38.512083333333329 ], [ -105.256527777777777, 38.512361111111112 ], [ -105.257083333333341, 38.512361111111112 ], [ -105.257083333333341, 38.512638888888887 ], [ -105.257361111111109, 38.512638888888887 ], [ -105.257361111111109, 38.512916666666669 ], [ -105.257638888888891, 38.512916666666669 ], [ -105.257638888888891, 38.513194444444444 ], [ -105.257916666666674, 38.513194444444444 ], [ -105.257916666666674, 38.513472222222219 ], [ -105.258194444444442, 38.513472222222219 ], [ -105.258194444444442, 38.514027777777777 ], [ -105.258472222222224, 38.514027777777777 ], [ -105.258472222222224, 38.514305555555552 ], [ -105.25875, 38.514305555555552 ], [ -105.25875, 38.514027777777777 ], [ -105.259305555555557, 38.514027777777777 ], [ -105.259305555555557, 38.51375 ], [ -105.259583333333339, 38.51375 ], [ -105.259583333333339, 38.513472222222219 ], [ -105.259861111111121, 38.513472222222219 ], [ -105.259861111111121, 38.513194444444444 ], [ -105.260416666666671, 38.513194444444444 ], [ -105.260416666666671, 38.512916666666669 ], [ -105.260694444444454, 38.512916666666669 ], [ -105.260694444444454, 38.512638888888887 ], [ -105.260972222222222, 38.512638888888887 ], [ -105.260972222222222, 38.512916666666669 ], [ -105.26125, 38.512916666666669 ], [ -105.26125, 38.512638888888887 ], [ -105.261805555555554, 38.512638888888887 ], [ -105.261805555555554, 38.512361111111112 ], [ -105.264861111111117, 38.512361111111112 ], [ -105.264861111111117, 38.512083333333329 ], [ -105.268194444444447, 38.512083333333329 ], [ -105.268194444444447, 38.512361111111112 ], [ -105.272083333333342, 38.512361111111112 ], [ -105.272083333333342, 38.512638888888887 ], [ -105.27513888888889, 38.512638888888887 ], [ -105.27513888888889, 38.512083333333329 ], [ -105.275416666666672, 38.512083333333329 ], [ -105.275416666666672, 38.511805555555554 ], [ -105.277361111111119, 38.511805555555554 ], [ -105.277361111111119, 38.511527777777779 ], [ -105.277638888888887, 38.511527777777779 ], [ -105.277638888888887, 38.51125 ], [ -105.280138888888885, 38.51125 ], [ -105.280138888888885, 38.511527777777779 ], [ -105.280416666666667, 38.511527777777779 ], [ -105.280416666666667, 38.512083333333329 ], [ -105.280972222222232, 38.512083333333329 ], [ -105.280972222222232, 38.512361111111112 ], [ -105.28125, 38.512361111111112 ], [ -105.28125, 38.512638888888887 ], [ -105.281805555555565, 38.512638888888887 ], [ -105.281805555555565, 38.512916666666669 ], [ -105.282083333333333, 38.512916666666669 ], [ -105.282083333333333, 38.513194444444444 ], [ -105.282638888888897, 38.513194444444444 ], [ -105.282638888888897, 38.513472222222219 ], [ -105.283194444444447, 38.513472222222219 ], [ -105.283194444444447, 38.51375 ], [ -105.28375, 38.51375 ], [ -105.28375, 38.514027777777777 ], [ -105.28402777777778, 38.514027777777777 ], [ -105.28402777777778, 38.514305555555552 ], [ -105.28458333333333, 38.514305555555552 ], [ -105.28458333333333, 38.514583333333334 ], [ -105.284861111111113, 38.514583333333334 ], [ -105.284861111111113, 38.514861111111109 ], [ -105.285416666666677, 38.514861111111109 ], [ -105.285416666666677, 38.515138888888885 ], [ -105.285694444444445, 38.515138888888885 ], [ -105.285694444444445, 38.515416666666667 ], [ -105.285972222222227, 38.515416666666667 ], [ -105.285972222222227, 38.515694444444442 ], [ -105.28625, 38.515694444444442 ], [ -105.28625, 38.515972222222224 ], [ -105.28680555555556, 38.515972222222224 ], [ -105.28680555555556, 38.51625 ], [ -105.287083333333342, 38.51625 ], [ -105.287083333333342, 38.516527777777775 ], [ -105.287638888888893, 38.516527777777775 ], [ -105.287638888888893, 38.516805555555557 ], [ -105.287916666666675, 38.516805555555557 ], [ -105.287916666666675, 38.517083333333332 ], [ -105.288194444444443, 38.517083333333332 ], [ -105.288194444444443, 38.517361111111107 ], [ -105.288472222222225, 38.517361111111107 ], [ -105.288472222222225, 38.517916666666665 ], [ -105.28875, 38.517916666666665 ], [ -105.28875, 38.518194444444447 ], [ -105.289027777777775, 38.518194444444447 ], [ -105.289027777777775, 38.517916666666665 ], [ -105.290416666666673, 38.517916666666665 ], [ -105.290416666666673, 38.518194444444447 ], [ -105.291805555555555, 38.518194444444447 ], [ -105.291805555555555, 38.518472222222222 ], [ -105.292638888888888, 38.518472222222222 ], [ -105.292638888888888, 38.51875 ], [ -105.293194444444453, 38.51875 ], [ -105.293194444444453, 38.519027777777779 ], [ -105.293472222222221, 38.519027777777779 ], [ -105.293472222222221, 38.519305555555555 ], [ -105.29375, 38.519305555555555 ], [ -105.29375, 38.51958333333333 ], [ -105.294027777777785, 38.51958333333333 ], [ -105.294027777777785, 38.519861111111112 ], [ -105.294305555555553, 38.519861111111112 ], [ -105.294305555555553, 38.520138888888887 ], [ -105.294583333333335, 38.520138888888887 ], [ -105.294583333333335, 38.520416666666662 ], [ -105.294861111111118, 38.520416666666662 ], [ -105.294861111111118, 38.520694444444445 ], [ -105.295138888888886, 38.520694444444445 ], [ -105.295138888888886, 38.52097222222222 ], [ -105.295416666666668, 38.52097222222222 ], [ -105.295416666666668, 38.52125 ], [ -105.29569444444445, 38.52125 ], [ -105.29569444444445, 38.521527777777777 ], [ -105.296527777777783, 38.521527777777777 ], [ -105.296527777777783, 38.521805555555552 ], [ -105.297083333333333, 38.521805555555552 ], [ -105.297083333333333, 38.522083333333335 ], [ -105.297638888888898, 38.522083333333335 ], [ -105.297638888888898, 38.52236111111111 ], [ -105.298194444444448, 38.52236111111111 ], [ -105.298194444444448, 38.522638888888885 ], [ -105.29847222222223, 38.522638888888885 ], [ -105.29847222222223, 38.522916666666667 ], [ -105.29875, 38.522916666666667 ], [ -105.29875, 38.523194444444442 ], [ -105.299305555555563, 38.523194444444442 ], [ -105.299305555555563, 38.523472222222225 ], [ -105.300416666666663, 38.523472222222225 ], [ -105.300416666666663, 38.52375 ], [ -105.301805555555561, 38.52375 ], [ -105.301805555555561, 38.524027777777775 ], [ -105.302083333333343, 38.524027777777775 ], [ -105.302083333333343, 38.524305555555557 ], [ -105.302361111111111, 38.524305555555557 ], [ -105.302361111111111, 38.524583333333332 ], [ -105.30375, 38.524583333333332 ], [ -105.30375, 38.524305555555557 ], [ -105.305416666666673, 38.524305555555557 ], [ -105.305416666666673, 38.524583333333332 ], [ -105.305694444444441, 38.524583333333332 ] ] ] } },
{ "type": "Feature", "properties": { "pour_lon": -105.13541666666666, "pour_lat": 38.395416666666669, "orig_lon": -105.1353, "orig_lat": 38.3953, "name": "block_-2629905", "block_id": -2629905, "area_deg2": 0.01917685185185191 }, "geometry": { "type": "Polygon", "coordinates": [ [ [ -105.150138888888875, 38.39875 ], [ -105.150138888888875, 38.398472222222225 ], [ -105.15069444444444, 38.398472222222225 ], [ -105.15069444444444, 38.398194444444442 ], [ -105.151527777777773, 38.398194444444442 ], [ -105.151527777777773, 38.397916666666667 ], [ -105.152638888888887, 38.397916666666667 ], [ -105.152638888888887, 38.397638888888892 ], [ -105.15402777777777, 38.397638888888892 ], [ -105.15402777777777, 38.397916666666667 ], [ -105.156527777777768, 38.397916666666667 ], [ -105.156527777777768, 38.397638888888892 ], [ -105.15680555555555, 38.397638888888892 ], [ -105.15680555555555, 38.397916666666667 ], [ -105.157361111111101, 38.397916666666667 ], [ -105.157361111111101, 38.397638888888892 ], [ -105.158194444444433, 38.397638888888892 ], [ -105.158194444444433, 38.39736111111111 ], [ -105.158472222222215, 38.39736111111111 ], [ -105.158472222222215, 38.396805555555552 ], [ -105.159305555555548, 38.396805555555552 ], [ -105.159305555555548, 38.396527777777777 ], [ -105.15958333333333, 38.396527777777777 ], [ -105.15958333333333, 38.39597222222222 ], [ -105.159861111111098, 38.39597222222222 ], [ -105.159861111111098, 38.395694444444445 ], [ -105.160972222222213, 38.395694444444445 ], [ -105.160972222222213, 38.39597222222222 ], [ -105.161527777777778, 38.39597222222222 ], [ -105.161527777777778, 38.39625 ], [ -105.16236111111111, 38.39625 ], [ -105.16236111111111, 38.396527777777777 ], [ -105.162916666666661, 38.396527777777777 ], [ -105.162916666666661, 38.396805555555552 ], [ -105.16375, 38.396805555555552 ], [ -105.16375, 38.396527777777777 ], [ -105.164305555555543, 38.396527777777777 ], [ -105.164305555555543, 38.39625 ], [ -105.164583333333326, 38.39625 ], [ -105.164583333333326, 38.39597222222222 ], [ -105.164861111111108, 38.39597222222222 ], [ -105.164861111111108, 38.395694444444445 ], [ -105.165694444444441, 38.395694444444445 ], [ -105.165694444444441, 38.395416666666669 ], [ -105.165972222222209, 38.395416666666669 ], [ -105.165972222222209, 38.395138888888887 ], [ -105.16625, 38.395138888888887 ], [ -105.16625, 38.394861111111112 ], [ -105.166527777777773, 38.394861111111112 ], [ -105.166527777777773, 38.39458333333333 ], [ -105.166805555555555, 38.39458333333333 ], [ -105.166805555555555, 38.394305555555555 ], [ -105.167083333333323, 38.394305555555555 ], [ -105.167083333333323, 38.394027777777779 ], [ -105.167361111111106, 38.394027777777779 ], [ -105.167361111111106, 38.39375 ], [ -105.167638888888888, 38.39375 ], [ -105.167638888888888, 38.393472222222222 ], [ -105.167916666666656, 38.393472222222222 ], [ -105.167916666666656, 38.393194444444447 ], [ -105.16875, 38.393194444444447 ], [ -105.16875, 38.392916666666665 ], [ -105.169027777777771, 38.392916666666665 ], [ -105.169027777777771, 38.392083333333332 ], [ -105.169305555555553, 38.392083333333332 ], [ -105.169305555555553, 38.391805555555557 ], [ -105.169583333333321, 38.391805555555557 ], [ -105.169583333333321, 38.390694444444442 ], [ -105.169861111111103, 38.390694444444442 ], [ -105.169861111111103, 38.389861111111109 ], [ -105.170138888888886, 38.389861111111109 ], [ -105.170138888888886, 38.389027777777777 ], [ -105.170416666666654, 38.389027777777777 ], [ -105.170416666666654, 38.38875 ], [ -105.170694444444436, 38.38875 ], [ -105.170694444444436, 38.388472222222219 ], [ -105.170972222222218, 38.388472222222219 ], [ -105.170972222222218, 38.388194444444444 ], [ -105.171527777777769, 38.388194444444444 ], [ -105.171527777777769, 38.387916666666669 ], [ -105.171805555555551, 38.387916666666669 ], [ -105.171805555555551, 38.387638888888887 ], [ -105.172083333333333, 38.387638888888887 ], [ -105.172083333333333, 38.387361111111112 ], [ -105.172361111111101, 38.387361111111112 ], [ -105.172361111111101, 38.387083333333337 ], [ -105.173472222222216, 38.387083333333337 ], [ -105.173472222222216, 38.386805555555554 ], [ -105.174027777777766, 38.386805555555554 ], [ -105.174027777777766, 38.386527777777779 ], [ -105.174583333333331, 38.386527777777779 ], [ -105.174583333333331, 38.38625 ], [ -105.175138888888881, 38.38625 ], [ -105.175138888888881, 38.385694444444447 ], [ -105.175416666666663, 38.385694444444447 ], [ -105.175416666666663, 38.384583333333332 ], [ -105.175694444444431, 38.384583333333332 ], [ -105.175694444444431, 38.38375 ], [ -105.175972222222214, 38.38375 ], [ -105.175972222222214, 38.382916666666667 ], [ -105.175694444444431, 38.382916666666667 ], [ -105.175694444444431, 38.382361111111109 ], [ -105.175416666666663, 38.382361111111109 ], [ -105.175416666666663, 38.381805555555552 ], [ -105.175138888888881, 38.381805555555552 ], [ -105.175138888888881, 38.38125 ], [ -105.174861111111099, 38.38125 ], [ -105.174861111111099, 38.380694444444444 ], [ -105.174583333333331, 38.380694444444444 ], [ -105.174583333333331, 38.380416666666669 ], [ -105.174861111111099, 38.380416666666669 ], [ -105.174861111111099, 38.377083333333331 ], [ -105.175138888888881, 38.377083333333331 ], [ -105.175138888888881, 38.376805555555556 ], [ -105.175416666666663, 38.376805555555556 ], [ -105.175416666666663, 38.376527777777774 ], [ -105.175972222222214, 38.376527777777774 ], [ -105.175972222222214, 38.37625 ], [ -105.176527777777764, 38.37625 ], [ -105.176527777777764, 38.375972222222224 ], [ -105.176805555555546, 38.375972222222224 ], [ -105.176805555555546, 38.375694444444441 ], [ -105.177083333333329, 38.375694444444441 ], [ -105.177083333333329, 38.375416666666666 ], [ -105.177916666666661, 38.375416666666666 ], [ -105.177916666666661, 38.375138888888891 ], [ -105.178194444444443, 38.375138888888891 ], [ -105.178194444444443, 38.374583333333334 ], [ -105.178472222222211, 38.374583333333334 ], [ -105.178472222222211, 38.373472222222219 ], [ -105.17875, 38.373472222222219 ], [ -105.17875, 38.373194444444444 ], [ -105.179027777777776, 38.373194444444444 ], [ -105.179027777777776, 38.372916666666669 ], [ -105.179583333333326, 38.372916666666669 ], [ -105.179583333333326, 38.372638888888886 ], [ -105.179861111111109, 38.372638888888886 ], [ -105.179861111111109, 38.372361111111111 ], [ -105.180416666666659, 38.372361111111111 ], [ -105.180416666666659, 38.372083333333336 ], [ -105.180972222222209, 38.372083333333336 ], [ -105.180972222222209, 38.371805555555554 ], [ -105.18125, 38.371805555555554 ], [ -105.18125, 38.371527777777779 ], [ -105.182638888888889, 38.371527777777779 ], [ -105.182638888888889, 38.370972222222221 ], [ -105.182916666666657, 38.370972222222221 ], [ -105.182916666666657, 38.370416666666664 ], [ -105.183472222222221, 38.370416666666664 ], [ -105.183472222222221, 38.370138888888889 ], [ -105.18375, 38.370138888888889 ], [ -105.18375, 38.369861111111113 ], [ -105.184583333333322, 38.369861111111113 ], [ -105.184583333333322, 38.369583333333331 ], [ -105.185416666666654, 38.369583333333331 ], [ -105.185416666666654, 38.369305555555556 ], [ -105.185694444444437, 38.369305555555556 ], [ -105.185694444444437, 38.36875 ], [ -105.187638888888884, 38.36875 ], [ -105.187638888888884, 38.369027777777781 ], [ -105.189027777777767, 38.369027777777781 ], [ -105.189027777777767, 38.36875 ], [ -105.189305555555549, 38.36875 ], [ -105.189305555555549, 38.368472222222223 ], [ -105.189583333333331, 38.368472222222223 ], [ -105.189583333333331, 38.367916666666666 ], [ -105.189861111111099, 38.367916666666666 ], [ -105.189861111111099, 38.367638888888891 ], [ -105.190694444444432, 38.367638888888891 ], [ -105.190694444444432, 38.367361111111109 ], [ -105.190972222222214, 38.367361111111109 ], [ -105.190972222222214, 38.367083333333333 ], [ -105.19125, 38.367083333333333 ], [ -105.19125, 38.366805555555558 ], [ -105.191527777777765, 38.366805555555558 ], [ -105.191527777777765, 38.36625 ], [ -105.191805555555547, 38.36625 ], [ -105.191805555555547, 38.365972222222219 ], [ -105.192361111111111, 38.365972222222219 ], [ -105.192361111111111, 38.365416666666668 ], [ -105.192638888888879, 38.365416666666668 ], [ -105.192638888888879, 38.365138888888886 ], [ -105.192916666666662, 38.365138888888886 ], [ -105.192916666666662, 38.364861111111111 ], [ -105.193194444444444, 38.364861111111111 ], [ -105.193194444444444, 38.364583333333336 ], [ -105.193472222222212, 38.364583333333336 ], [ -105.193472222222212, 38.364305555555553 ], [ -105.195694444444442, 38.364305555555553 ], [ -105.195694444444442, 38.364027777777778 ], [ -105.19597222222221, 38.364027777777778 ], [ -105.19597222222221, 38.36375 ], [ -105.196527777777774, 38.36375 ], [ -105.196527777777774, 38.363472222222221 ], [ -105.197361111111107, 38.363472222222221 ], [ -105.197361111111107, 38.363194444444446 ], [ -105.198194444444439, 38.363194444444446 ], [ -105.198194444444439, 38.363472222222221 ], [ -105.199027777777772, 38.363472222222221 ], [ -105.199027777777772, 38.363194444444446 ], [ -105.199305555555554, 38.363194444444446 ], [ -105.199305555555554, 38.362083333333331 ], [ -105.199027777777772, 38.362083333333331 ], [ -105.199027777777772, 38.361527777777781 ], [ -105.19875, 38.361527777777781 ], [ -105.19875, 38.36125 ], [ -105.198472222222222, 38.36125 ], [ -105.198472222222222, 38.360416666666666 ], [ -105.198194444444439, 38.360416666666666 ], [ -105.198194444444439, 38.359027777777776 ], [ -105.197916666666657, 38.359027777777776 ], [ -105.197916666666657, 38.358194444444443 ], [ -105.198194444444439, 38.358194444444443 ], [ -105.198194444444439, 38.357916666666668 ], [ -105.197916666666657, 38.357916666666668 ], [ -105.197916666666657, 38.356805555555553 ], [ -105.198194444444439, 38.356805555555553 ], [ -105.198194444444439, 38.355694444444445 ], [ -105.200694444444437, 38.355694444444445 ], [ -105.200694444444437, 38.355972222222221 ], [ -105.200972222222219, 38.355972222222221 ], [ -105.200972222222219, 38.355694444444445 ], [ -105.20125, 38.355694444444445 ], [ -105.20125, 38.355416666666663 ], [ -105.20152777777777, 38.355416666666663 ], [ -105.20152777777777, 38.355138888888888 ], [ -105.201805555555552, 38.355138888888888 ], [ -105.201805555555552, 38.354861111111113 ], [ -105.20208333333332, 38.354861111111113 ], [ -105.20208333333332, 38.354583333333331 ], [ -105.202638888888885, 38.354583333333331 ], [ -105.202638888888885, 38.354305555555555 ], [ -105.202916666666667, 38.354305555555555 ], [ -105.202916666666667, 38.35402777777778 ], [ -105.203194444444435, 38.35402777777778 ], [ -105.203194444444435, 38.35375 ], [ -105.204583333333332, 38.35375 ], [ -105.204583333333332, 38.35402777777778 ], [ -105.2048611111111, 38.35402777777778 ], [ -105.2048611111111, 38.354305555555555 ], [ -105.205416666666665, 38.354305555555555 ], [ -105.205416666666665, 38.35402777777778 ], [ -105.205694444444433, 38.35402777777778 ], [ -105.205694444444433, 38.353472222222223 ], [ -105.205972222222215, 38.353472222222223 ], [ -105.205972222222215, 38.353194444444448 ], [ -105.20625, 38.353194444444448 ], [ -105.20625, 38.35263888888889 ], [ -105.206527777777765, 38.35263888888889 ], [ -105.206527777777765, 38.352361111111108 ], [ -105.206805555555547, 38.352361111111108 ], [ -105.206805555555547, 38.352083333333333 ], [ -105.20708333333333, 38.352083333333333 ], [ -105.20708333333333, 38.35125 ], [ -105.207361111111098, 38.35125 ], [ -105.207361111111098, 38.350972222222225 ], [ -105.20763888888888, 38.350972222222225 ], [ -105.20763888888888, 38.350694444444443 ], [ -105.208194444444445, 38.350694444444443 ], [ -105.208194444444445, 38.350416666666668 ], [ -105.20875, 38.350416666666668 ], [ -105.20875, 38.34986111111111 ], [ -105.210138888888878, 38.34986111111111 ], [ -105.210138888888878, 38.347638888888888 ], [ -105.210694444444442, 38.347638888888888 ], [ -105.210694444444442, 38.347361111111113 ], [ -105.21097222222221, 38.347361111111113 ], [ -105.21097222222221, 38.34708333333333 ], [ -105.21125, 38.34708333333333 ], [ -105.21125, 38.346805555555555 ], [ -105.211527777777775, 38.346805555555555 ], [ -105.211527777777775, 38.34652777777778 ], [ -105.211805555555543, 38.34652777777778 ], [ -105.211805555555543, 38.34625 ], [ -105.212083333333325, 38.34625 ], [ -105.212083333333325, 38.345972222222223 ], [ -105.212361111111107, 38.345972222222223 ], [ -105.212361111111107, 38.345694444444447 ], [ -105.212638888888875, 38.345694444444447 ], [ -105.212638888888875, 38.345416666666665 ], [ -105.212916666666658, 38.345416666666665 ], [ -105.212916666666658, 38.34513888888889 ], [ -105.21319444444444, 38.34513888888889 ], [ -105.21319444444444, 38.344861111111108 ], [ -105.213472222222222, 38.344861111111108 ], [ -105.213472222222222, 38.344583333333333 ], [ -105.214027777777773, 38.344583333333333 ], [ -105.214027777777773, 38.344305555555557 ], [ -105.214305555555555, 38.344305555555557 ], [ -105.214305555555555, 38.341527777777777 ], [ -105.214583333333323, 38.341527777777777 ], [ -105.214583333333323, 38.34125 ], [ -105.214861111111105, 38.34125 ], [ -105.214861111111105, 38.34097222222222 ], [ -105.215138888888887, 38.34097222222222 ], [ -105.215138888888887, 38.34041666666667 ], [ -105.215416666666655, 38.34041666666667 ], [ -105.215416666666655, 38.340138888888887 ], [ -105.215694444444438, 38.340138888888887 ], [ -105.215694444444438, 38.339861111111112 ], [ -105.21597222222222, 38.339861111111112 ], [ -105.21597222222222, 38.33958333333333 ], [ -105.218194444444435, 38.33958333333333 ], [ -105.218194444444435, 38.339305555555555 ], [ -105.218472222222218, 38.339305555555555 ], [ -105.218472222222218, 38.33875 ], [ -105.219583333333333, 38.33875 ], [ -105.219583333333333, 38.33902777777778 ], [ -105.220694444444433, 38.33902777777778 ], [ -105.220694444444433, 38.33875 ], [ -105.222638888888881, 38.33875 ], [ -105.222638888888881, 38.33902777777778 ], [ -105.224305555555546, 38.33902777777778 ], [ -105.224305555555546, 38.339305555555555 ], [ -105.227361111111108, 38.339305555555555 ], [ -105.227361111111108, 38.33958333333333 ], [ -105.227916666666658, 38.33958333333333 ], [ -105.227916666666658, 38.339861111111112 ], [ -105.228472222222209, 38.339861111111112 ], [ -105.228472222222209, 38.340138888888887 ], [ -105.229027777777773, 38.340138888888887 ], [ -105.229027777777773, 38.34041666666667 ], [ -105.229583333333323, 38.34041666666667 ], [ -105.229583333333323, 38.340694444444445 ], [ -105.229861111111106, 38.340694444444445 ], [ -105.229861111111106, 38.34041666666667 ], [ -105.233472222222218, 38.34041666666667 ], [ -105.233472222222218, 38.340138888888887 ], [ -105.234027777777769, 38.340138888888887 ], [ -105.234027777777769, 38.339861111111112 ], [ -105.234305555555551, 38.339861111111112 ], [ -105.234305555555551, 38.33958333333333 ], [ -105.234583333333333, 38.33958333333333 ], [ -105.234583333333333, 38.339861111111112 ], [ -105.235138888888883, 38.339861111111112 ], [ -105.235138888888883, 38.340138888888887 ], [ -105.236527777777766, 38.340138888888887 ], [ -105.236527777777766, 38.339861111111112 ], [ -105.238194444444431, 38.339861111111112 ], [ -105.238194444444431, 38.33958333333333 ], [ -105.238472222222214, 38.33958333333333 ], [ -105.238472222222214, 38.338472222222222 ], [ -105.238194444444431, 38.338472222222222 ], [ -105.238194444444431, 38.337916666666665 ], [ -105.237916666666663, 38.337916666666665 ], [ -105.237916666666663, 38.33763888888889 ], [ -105.237638888888881, 38.33763888888889 ], [ -105.237638888888881, 38.337361111111107 ], [ -105.237916666666663, 38.337361111111107 ], [ -105.237916666666663, 38.337083333333332 ], [ -105.238194444444431, 38.337083333333332 ], [ -105.238194444444431, 38.336805555555557 ], [ -105.238472222222214, 38.336805555555557 ], [ -105.238472222222214, 38.336527777777775 ], [ -105.23875, 38.336527777777775 ], [ -105.23875, 38.33625 ], [ -105.239027777777764, 38.33625 ], [ -105.239027777777764, 38.335972222222225 ], [ -105.239305555555546, 38.335972222222225 ], [ -105.239305555555546, 38.335694444444442 ], [ -105.239583333333329, 38.335694444444442 ], [ -105.239583333333329, 38.33486111111111 ], [ -105.239861111111111, 38.33486111111111 ], [ -105.239861111111111, 38.334583333333335 ], [ -105.240138888888879, 38.334583333333335 ], [ -105.240138888888879, 38.334305555555552 ], [ -105.240416666666661, 38.334305555555552 ], [ -105.240416666666661, 38.33375 ], [ -105.240694444444443, 38.33375 ], [ -105.240694444444443, 38.333194444444445 ], [ -105.240972222222211, 38.333194444444445 ], [ -105.240972222222211, 38.332361111111112 ], [ -105.243194444444441, 38.332361111111112 ], [ -105.243194444444441, 38.33208333333333 ], [ -105.243472222222209, 38.33208333333333 ], [ -105.243472222222209, 38.331805555555555 ], [ -105.244027777777774, 38.331805555555555 ], [ -105.244027777777774, 38.33208333333333 ], [ -105.244861111111106, 38.33208333333333 ], [ -105.244861111111106, 38.332361111111112 ], [ -105.245416666666657, 38.332361111111112 ], [ -105.245416666666657, 38.332638888888887 ], [ -105.24625, 38.332638888888887 ], [ -105.24625, 38.332916666666669 ], [ -105.246527777777771, 38.332916666666669 ], [ -105.246527777777771, 38.333194444444445 ], [ -105.246805555555554, 38.333194444444445 ], [ -105.246805555555554, 38.33347222222222 ], [ -105.247361111111104, 38.33347222222222 ], [ -105.247361111111104, 38.33375 ], [ -105.247916666666654, 38.33375 ], [ -105.247916666666654, 38.334027777777777 ], [ -105.248472222222219, 38.334027777777777 ], [ -105.248472222222219, 38.334305555555552 ], [ -105.24875, 38.334305555555552 ], [ -105.24875, 38.334583333333335 ], [ -105.249583333333334, 38.334583333333335 ], [ -105.249583333333334, 38.334305555555552 ], [ -105.250138888888884, 38.334305555555552 ], [ -105.250138888888884, 38.334027777777777 ], [ -105.251805555555549, 38.334027777777777 ], [ -105.251805555555549, 38.334305555555552 ], [ -105.252638888888882, 38.334305555555552 ], [ -105.252638888888882, 38.334583333333335 ], [ -105.254027777777765, 38.334583333333335 ], [ -105.254027777777765, 38.33486111111111 ], [ -105.254305555555547, 38.33486111111111 ], [ -105.254305555555547, 38.335138888888892 ], [ -105.254583333333329, 38.335138888888892 ], [ -105.254583333333329, 38.335416666666667 ], [ -105.254861111111111, 38.335416666666667 ], [ -105.254861111111111, 38.335694444444442 ], [ -105.255138888888879, 38.335694444444442 ], [ -105.255138888888879, 38.335972222222225 ], [ -105.254861111111111, 38.335972222222225 ], [ -105.254861111111111, 38.337083333333332 ], [ -105.255138888888879, 38.337083333333332 ], [ -105.255138888888879, 38.337361111111107 ], [ -105.255416666666662, 38.337361111111107 ], [ -105.255416666666662, 38.33763888888889 ], [ -105.255694444444444, 38.33763888888889 ], [ -105.255694444444444, 38.337916666666665 ], [ -105.255972222222212, 38.337916666666665 ], [ -105.255972222222212, 38.338194444444447 ], [ -105.25875, 38.338194444444447 ], [ -105.25875, 38.338472222222222 ], [ -105.259027777777774, 38.338472222222222 ], [ -105.259027777777774, 38.33875 ], [ -105.259305555555542, 38.33875 ], [ -105.259305555555542, 38.339305555555555 ], [ -105.259583333333325, 38.339305555555555 ], [ -105.259583333333325, 38.33958333333333 ], [ -105.259861111111107, 38.33958333333333 ], [ -105.259861111111107, 38.340138888888887 ], [ -105.26125, 38.340138888888887 ], [ -105.26125, 38.34041666666667 ], [ -105.261805555555554, 38.34041666666667 ], [ -105.261805555555554, 38.34125 ], [ -105.263472222222219, 38.34125 ], [ -105.263472222222219, 38.341527777777777 ], [ -105.26375, 38.341527777777777 ], [ -105.26375, 38.341805555555553 ], [ -105.265138888888885, 38.341805555555553 ], [ -105.265138888888885, 38.341527777777777 ], [ -105.265694444444435, 38.341527777777777 ], [ -105.265694444444435, 38.34125 ], [ -105.265972222222217, 38.34125 ], [ -105.265972222222217, 38.34097222222222 ], [ -105.26625, 38.34097222222222 ], [ -105.26625, 38.340694444444445 ], [ -105.266527777777767, 38.340694444444445 ], [ -105.266527777777767, 38.34041666666667 ], [ -105.2673611111111, 38.34041666666667 ], [ -105.2673611111111, 38.340138888888887 ], [ -105.268194444444433, 38.340138888888887 ], [ -105.268194444444433, 38.339861111111112 ], [ -105.26875, 38.339861111111112 ], [ -105.26875, 38.33875 ], [ -105.269027777777765, 38.33875 ], [ -105.269027777777765, 38.338472222222222 ], [ -105.269305555555547, 38.338472222222222 ], [ -105.269305555555547, 38.338194444444447 ], [ -105.27013888888888, 38.338194444444447 ], [ -105.27013888888888, 38.338472222222222 ], [ -105.270972222222213, 38.338472222222222 ], [ -105.270972222222213, 38.33875 ], [ -105.27125, 38.33875 ], [ -105.27125, 38.33902777777778 ], [ -105.271527777777777, 38.33902777777778 ], [ -105.271527777777777, 38.339305555555555 ], [ -105.271805555555545, 38.339305555555555 ], [ -105.271805555555545, 38.33958333333333 ], [ -105.272638888888878, 38.33958333333333 ], [ -105.272638888888878, 38.339861111111112 ], [ -105.27291666666666, 38.339861111111112 ], [ -105.27291666666666, 38.340138888888887 ], [ -105.273194444444442, 38.340138888888887 ], [ -105.273194444444442, 38.34041666666667 ], [ -105.27347222222221, 38.34041666666667 ], [ -105.27347222222221, 38.340694444444445 ], [ -105.274305555555543, 38.340694444444445 ], [ -105.274305555555543, 38.34097222222222 ], [ -105.27625, 38.34097222222222 ], [ -105.27625, 38.340138888888887 ], [ -105.276527777777773, 38.340138888888887 ], [ -105.276527777777773, 38.33902777777778 ], [ -105.276805555555555, 38.33902777777778 ], [ -105.276805555555555, 38.33875 ], [ -105.277361111111105, 38.33875 ], [ -105.277361111111105, 38.338472222222222 ], [ -105.27847222222222, 38.338472222222222 ], [ -105.27847222222222, 38.338194444444447 ], [ -105.27875, 38.338194444444447 ], [ -105.27875, 38.337916666666665 ], [ -105.27902777777777, 38.337916666666665 ], [ -105.27902777777777, 38.33763888888889 ], [ -105.279583333333321, 38.33763888888889 ], [ -105.279583333333321, 38.337361111111107 ], [ -105.279861111111103, 38.337361111111107 ], [ -105.279861111111103, 38.336527777777775 ], [ -105.280138888888885, 38.336527777777775 ], [ -105.280138888888885, 38.335972222222225 ], [ -105.280416666666653, 38.335972222222225 ], [ -105.280416666666653, 38.335694444444442 ], [ -105.28125, 38.335694444444442 ], [ -105.28125, 38.335972222222225 ], [ -105.282361111111101, 38.335972222222225 ], [ -105.282361111111101, 38.335694444444442 ], [ -105.282916666666665, 38.335694444444442 ], [ -105.282916666666665, 38.335972222222225 ], [ -105.283472222222215, 38.335972222222225 ], [ -105.283472222222215, 38.33625 ], [ -105.284027777777766, 38.33625 ], [ -105.284027777777766, 38.335972222222225 ], [ -105.284305555555548, 38.335972222222225 ], [ -105.284305555555548, 38.335694444444442 ], [ -105.285138888888881, 38.335694444444442 ], [ -105.285138888888881, 38.335416666666667 ], [ -105.285694444444431, 38.335416666666667 ], [ -105.285694444444431, 38.335138888888892 ], [ -105.285972222222213, 38.335138888888892 ], [ -105.285972222222213, 38.33486111111111 ], [ -105.28625, 38.33486111111111 ], [ -105.28625, 38.334583333333335 ], [ -105.286527777777778, 38.334583333333335 ], [ -105.286527777777778, 38.334305555555552 ], [ -105.288194444444443, 38.334305555555552 ], [ -105.288194444444443, 38.334027777777777 ], [ -105.28875, 38.334027777777777 ], [ -105.28875, 38.332916666666669 ], [ -105.289027777777775, 38.332916666666669 ], [ -105.289027777777775, 38.33125 ], [ -105.289861111111108, 38.33125 ], [ -105.289861111111108, 38.330972222222222 ], [ -105.290416666666658, 38.330972222222222 ], [ -105.290416666666658, 38.33125 ], [ -105.290694444444441, 38.33125 ], [ -105.290694444444441, 38.331527777777779 ], [ -105.291805555555555, 38.331527777777779 ], [ -105.291805555555555, 38.33125 ], [ -105.292083333333323, 38.33125 ], [ -105.292083333333323, 38.330972222222222 ], [ -105.292361111111106, 38.330972222222222 ], [ -105.292361111111106, 38.330694444444447 ], [ -105.292638888888888, 38.330694444444447 ], [ -105.292638888888888, 38.330416666666665 ], [ -105.294027777777771, 38.330416666666665 ], [ -105.294027777777771, 38.330138888888889 ], [ -105.294583333333321, 38.330138888888889 ], [ -105.294583333333321, 38.329305555555557 ], [ -105.294861111111103, 38.329305555555557 ], [ -105.294861111111103, 38.329027777777775 ], [ -105.295416666666654, 38.329027777777775 ], [ -105.295416666666654, 38.32875 ], [ -105.295694444444436, 38.32875 ], [ -105.295694444444436, 38.328194444444442 ], [ -105.295972222222218, 38.328194444444442 ], [ -105.295972222222218, 38.327916666666667 ], [ -105.29625, 38.327916666666667 ], [ -105.29625, 38.327638888888892 ], [ -105.296527777777769, 38.327638888888892 ], [ -105.296527777777769, 38.32625 ], [ -105.296805555555551, 38.32625 ], [ -105.296805555555551, 38.325972222222219 ], [ -105.297083333333333, 38.325972222222219 ], [ -105.297083333333333, 38.325694444444444 ], [ -105.297361111111101, 38.325694444444444 ], [ -105.297361111111101, 38.324583333333337 ], [ -105.297638888888883, 38.324583333333337 ], [ -105.297638888888883, 38.324305555555554 ], [ -105.298194444444434, 38.324305555555554 ], [ -105.298194444444434, 38.324027777777779 ], [ -105.299583333333331, 38.324027777777779 ], [ -105.299583333333331, 38.32375 ], [ -105.299861111111099, 38.32375 ], [ -105.299861111111099, 38.323472222222222 ], [ -105.300416666666663, 38.323472222222222 ], [ -105.300416666666663, 38.323194444444447 ], [ -105.300694444444431, 38.323194444444447 ], [ -105.300694444444431, 38.322916666666664 ], [ -105.300972222222214, 38.322916666666664 ], [ -105.300972222222214, 38.322083333333332 ], [ -105.300694444444431, 38.322083333333332 ], [ -105.300694444444431, 38.321805555555557 ], [ -105.300138888888881, 38.321805555555557 ], [ -105.300138888888881, 38.321527777777774 ], [ -105.299861111111099, 38.321527777777774 ], [ -105.299861111111099, 38.32125 ], [ -105.299027777777766, 38.32125 ], [ -105.299027777777766, 38.320972222222224 ], [ -105.298472222222216, 38.320972222222224 ], [ -105.298472222222216, 38.320694444444442 ], [ -105.297916666666666, 38.320694444444442 ], [ -105.297916666666666, 38.320416666666667 ], [ -105.297361111111101, 38.320416666666667 ], [ -105.297361111111101, 38.320138888888891 ], [ -105.296805555555551, 38.320138888888891 ], [ -105.296805555555551, 38.320416666666667 ], [ -105.295972222222218, 38.320416666666667 ], [ -105.295972222222218, 38.320694444444442 ], [ -105.295416666666654, 38.320694444444442 ], [ -105.295416666666654, 38.320972222222224 ], [ -105.294583333333321, 38.320972222222224 ], [ -105.294583333333321, 38.320694444444442 ], [ -105.294305555555553, 38.320694444444442 ], [ -105.294305555555553, 38.319861111111109 ], [ -105.293472222222221, 38.319861111111109 ], [ -105.293472222222221, 38.320138888888891 ], [ -105.292916666666656, 38.320138888888891 ], [ -105.292916666666656, 38.320416666666667 ], [ -105.292361111111106, 38.320416666666667 ], [ -105.292361111111106, 38.320694444444442 ], [ -105.291805555555555, 38.320694444444442 ], [ -105.291805555555555, 38.320972222222224 ], [ -105.29125, 38.320972222222224 ], [ -105.29125, 38.32125 ], [ -105.290416666666658, 38.32125 ], [ -105.290416666666658, 38.320972222222224 ], [ -105.290138888888876, 38.320972222222224 ], [ -105.290138888888876, 38.320694444444442 ], [ -105.289583333333326, 38.320694444444442 ], [ -105.289583333333326, 38.320416666666667 ], [ -105.289305555555543, 38.320416666666667 ], [ -105.289305555555543, 38.319861111111109 ], [ -105.28875, 38.319861111111109 ], [ -105.28875, 38.319583333333334 ], [ -105.288472222222211, 38.319583333333334 ], [ -105.288472222222211, 38.31875 ], [ -105.287638888888878, 38.31875 ], [ -105.287638888888878, 38.318194444444444 ], [ -105.287083333333328, 38.318194444444444 ], [ -105.287083333333328, 38.318472222222219 ], [ -105.285416666666663, 38.318472222222219 ], [ -105.285416666666663, 38.318194444444444 ], [ -105.285138888888881, 38.318194444444444 ], [ -105.285138888888881, 38.317916666666669 ], [ -105.28458333333333, 38.317916666666669 ], [ -105.28458333333333, 38.317361111111111 ], [ -105.284305555555548, 38.317361111111111 ], [ -105.284305555555548, 38.317083333333336 ], [ -105.28375, 38.317083333333336 ], [ -105.28375, 38.316805555555554 ], [ -105.283472222222215, 38.316805555555554 ], [ -105.283472222222215, 38.31625 ], [ -105.283194444444433, 38.31625 ], [ -105.283194444444433, 38.315972222222221 ], [ -105.282916666666665, 38.315972222222221 ], [ -105.282916666666665, 38.315416666666664 ], [ -105.282638888888883, 38.315416666666664 ], [ -105.282638888888883, 38.314861111111114 ], [ -105.282361111111101, 38.314861111111114 ], [ -105.282361111111101, 38.314027777777774 ], [ -105.282638888888883, 38.314027777777774 ], [ -105.282638888888883, 38.313194444444441 ], [ -105.282916666666665, 38.313194444444441 ], [ -105.282916666666665, 38.312361111111109 ], [ -105.283194444444433, 38.312361111111109 ], [ -105.283194444444433, 38.310972222222219 ], [ -105.282916666666665, 38.310972222222219 ], [ -105.282916666666665, 38.309305555555554 ], [ -105.283194444444433, 38.309305555555554 ], [ -105.283194444444433, 38.309027777777779 ], [ -105.28458333333333, 38.309027777777779 ], [ -105.28458333333333, 38.30875 ], [ -105.28625, 38.30875 ], [ -105.28625, 38.309027777777779 ], [ -105.287916666666661, 38.309027777777779 ], [ -105.287916666666661, 38.309305555555554 ], [ -105.288472222222211, 38.309305555555554 ], [ -105.288472222222211, 38.309583333333336 ], [ -105.29125, 38.309583333333336 ], [ -105.29125, 38.309305555555554 ], [ -105.291527777777773, 38.309305555555554 ], [ -105.291527777777773, 38.309027777777779 ], [ -105.292638888888888, 38.309027777777779 ], [ -105.292638888888888, 38.30875 ], [ -105.293194444444438, 38.30875 ], [ -105.293194444444438, 38.307916666666664 ], [ -105.293472222222221, 38.307916666666664 ], [ -105.293472222222221, 38.307638888888889 ], [ -105.29375, 38.307638888888889 ], [ -105.29375, 38.307361111111113 ], [ -105.294027777777771, 38.307361111111113 ], [ -105.294027777777771, 38.307083333333331 ], [ -105.294305555555553, 38.307083333333331 ], [ -105.294305555555553, 38.306805555555556 ], [ -105.294583333333321, 38.306805555555556 ], [ -105.294583333333321, 38.306527777777781 ], [ -105.294861111111103, 38.306527777777781 ], [ -105.294861111111103, 38.30625 ], [ -105.295138888888886, 38.30625 ], [ -105.295138888888886, 38.305972222222223 ], [ -105.295416666666654, 38.305972222222223 ], [ -105.295416666666654, 38.305138888888891 ], [ -105.295694444444436, 38.305138888888891 ], [ -105.295694444444436, 38.304861111111109 ], [ -105.295972222222218, 38.304861111111109 ], [ -105.295972222222218, 38.304583333333333 ], [ -105.296805555555551, 38.304583333333333 ], [ -105.296805555555551, 38.304305555555558 ], [ -105.297361111111101, 38.304305555555558 ], [ -105.297361111111101, 38.304027777777776 ], [ -105.297916666666666, 38.304027777777776 ], [ -105.297916666666666, 38.30375 ], [ -105.298472222222216, 38.30375 ], [ -105.298472222222216, 38.303472222222219 ], [ -105.299583333333331, 38.303472222222219 ], [ -105.299583333333331, 38.303194444444443 ], [ -105.300138888888881, 38.303194444444443 ], [ -105.300138888888881, 38.302916666666668 ], [ -105.300416666666663, 38.302916666666668 ], [ -105.300416666666663, 38.302638888888886 ], [ -105.300694444444431, 38.302638888888886 ], [ -105.300694444444431, 38.302083333333336 ], [ -105.300972222222214, 38.302083333333336 ], [ -105.300972222222214, 38.301527777777778 ], [ -105.302083333333329, 38.301527777777778 ], [ -105.302083333333329, 38.30125 ], [ -105.303194444444443, 38.30125 ], [ -105.303194444444443, 38.299861111111113 ], [ -105.303472222222211, 38.299861111111113 ], [ -105.303472222222211, 38.298472222222223 ], [ -105.30375, 38.298472222222223 ], [ -105.30375, 38.298194444444441 ], [ -105.304861111111109, 38.298194444444441 ], [ -105.304861111111109, 38.298472222222223 ], [ -105.305694444444441, 38.298472222222223 ], [ -105.305694444444441, 38.29875 ], [ -105.307916666666657, 38.29875 ], [ -105.307916666666657, 38.299027777777781 ], [ -105.308472222222221, 38.299027777777781 ], [ -105.308472222222221, 38.29875 ], [ -105.309027777777771, 38.29875 ], [ -105.309027777777771, 38.298472222222223 ], [ -105.309583333333322, 38.298472222222223 ], [ -105.309583333333322, 38.29875 ], [ -105.310416666666654, 38.29875 ], [ -105.310416666666654, 38.299027777777781 ], [ -105.310694444444437, 38.299027777777781 ], [ -105.310694444444437, 38.29875 ], [ -105.311527777777769, 38.29875 ], [ -105.311527777777769, 38.298472222222223 ], [ -105.311805555555551, 38.298472222222223 ], [ -105.311805555555551, 38.298194444444441 ], [ -105.312638888888884, 38.298194444444441 ], [ -105.312638888888884, 38.297638888888891 ], [ -105.313194444444434, 38.297638888888891 ], [ -105.313194444444434, 38.297361111111108 ], [ -105.313472222222217, 38.297361111111108 ], [ -105.313472222222217, 38.296527777777776 ], [ -105.31375, 38.296527777777776 ], [ -105.31375, 38.29625 ], [ -105.314027777777767, 38.29625 ], [ -105.314027777777767, 38.295138888888886 ], [ -105.314583333333331, 38.295138888888886 ], [ -105.314583333333331, 38.294861111111111 ], [ -105.314861111111099, 38.294861111111111 ], [ -105.314861111111099, 38.294583333333335 ], [ -105.315138888888882, 38.294583333333335 ], [ -105.315138888888882, 38.294305555555553 ], [ -105.315694444444432, 38.294305555555553 ], [ -105.315694444444432, 38.29375 ], [ -105.315972222222214, 38.29375 ], [ -105.315972222222214, 38.293472222222221 ], [ -105.31625, 38.293472222222221 ], [ -105.31625, 38.293194444444445 ], [ -105.317083333333329, 38.293194444444445 ], [ -105.317083333333329, 38.292916666666663 ], [ -105.318194444444444, 38.292916666666663 ], [ -105.318194444444444, 38.292638888888888 ], [ -105.318472222222212, 38.292638888888888 ], [ -105.318472222222212, 38.292361111111113 ], [ -105.319305555555545, 38.292361111111113 ], [ -105.319305555555545, 38.292083333333331 ], [ -105.32097222222221, 38.292083333333331 ], [ -105.32097222222221, 38.291805555555555 ], [ -105.32125, 38.291805555555555 ], [ -105.32125, 38.29152777777778 ], [ -105.321527777777774, 38.29152777777778 ], [ -105.321527777777774, 38.29125 ], [ -105.321805555555542, 38.29125 ], [ -105.321805555555542, 38.290972222222223 ], [ -105.322083333333325, 38.290972222222223 ], [ -105.322083333333325, 38.290694444444448 ], [ -105.322638888888889, 38.290694444444448 ], [ -105.322638888888889, 38.290416666666665 ], [ -105.322916666666657, 38.290416666666665 ], [ -105.322916666666657, 38.289305555555558 ], [ -105.323194444444439, 38.289305555555558 ], [ -105.323194444444439, 38.289027777777775 ], [ -105.323472222222222, 38.289027777777775 ], [ -105.323472222222222, 38.288472222222225 ], [ -105.324027777777772, 38.288472222222225 ], [ -105.324027777777772, 38.287638888888885 ], [ -105.324583333333322, 38.287638888888885 ], [ -105.324583333333322, 38.28736111111111 ], [ -105.324861111111105, 38.28736111111111 ], [ -105.324861111111105, 38.28597222222222 ], [ -105.325416666666655, 38.28597222222222 ], [ -105.325416666666655, 38.285694444444445 ], [ -105.325972222222219, 38.285694444444445 ], [ -105.325972222222219, 38.285416666666663 ], [ -105.32652777777777, 38.285416666666663 ], [ -105.32652777777777, 38.285138888888888 ], [ -105.326805555555552, 38.285138888888888 ], [ -105.326805555555552, 38.284861111111113 ], [ -105.32708333333332, 38.284861111111113 ], [ -105.32708333333332, 38.284305555555555 ], [ -105.327361111111102, 38.284305555555555 ], [ -105.327361111111102, 38.28402777777778 ], [ -105.327916666666667, 38.28402777777778 ], [ -105.327916666666667, 38.28375 ], [ -105.328194444444435, 38.28375 ], [ -105.328194444444435, 38.283472222222223 ], [ -105.328472222222217, 38.283472222222223 ], [ -105.328472222222217, 38.282083333333333 ], [ -105.328194444444435, 38.282083333333333 ], [ -105.328194444444435, 38.281527777777775 ], [ -105.327916666666667, 38.281527777777775 ], [ -105.327916666666667, 38.280972222222225 ], [ -105.328194444444435, 38.280972222222225 ], [ -105.328194444444435, 38.280416666666667 ], [ -105.328472222222217, 38.280416666666667 ], [ -105.328472222222217, 38.280138888888885 ], [ -105.32875, 38.280138888888885 ], [ -105.32875, 38.27986111111111 ], [ -105.329027777777767, 38.27986111111111 ], [ -105.329027777777767, 38.279583333333335 ], [ -105.329583333333332, 38.279583333333335 ], [ -105.329583333333332, 38.279305555555553 ], [ -105.3298611111111, 38.279305555555553 ], [ -105.3298611111111, 38.279027777777777 ], [ -105.330416666666665, 38.279027777777777 ], [ -105.330416666666665, 38.27875 ], [ -105.330694444444433, 38.27875 ], [ -105.330694444444433, 38.27847222222222 ], [ -105.330972222222215, 38.27847222222222 ], [ -105.330972222222215, 38.27791666666667 ], [ -105.33125, 38.27791666666667 ], [ -105.33125, 38.277361111111112 ], [ -105.331527777777765, 38.277361111111112 ], [ -105.331527777777765, 38.27652777777778 ], [ -105.331805555555547, 38.27652777777778 ], [ -105.331805555555547, 38.27625 ], [ -105.33208333333333, 38.27625 ], [ -105.33208333333333, 38.275972222222222 ], [ -105.332916666666662, 38.275972222222222 ], [ -105.332916666666662, 38.275694444444447 ], [ -105.333194444444445, 38.275694444444447 ], [ -105.333194444444445, 38.275416666666665 ], [ -105.333472222222213, 38.275416666666665 ], [ -105.333472222222213, 38.274861111111107 ], [ -105.33375, 38.274861111111107 ], [ -105.33375, 38.274305555555557 ], [ -105.334027777777777, 38.274305555555557 ], [ -105.334027777777777, 38.274027777777775 ], [ -105.334305555555545, 38.274027777777775 ], [ -105.334305555555545, 38.27375 ], [ -105.334583333333327, 38.27375 ], [ -105.334583333333327, 38.273472222222225 ], [ -105.33486111111111, 38.273472222222225 ], [ -105.33486111111111, 38.272916666666667 ], [ -105.335138888888878, 38.272916666666667 ], [ -105.335138888888878, 38.272638888888892 ], [ -105.33541666666666, 38.272638888888892 ], [ -105.33541666666666, 38.272083333333335 ], [ -105.334583333333327, 38.272083333333335 ], [ -105.334583333333327, 38.271805555555552 ], [ -105.334305555555545, 38.271805555555552 ], [ -105.334305555555545, 38.271527777777777 ], [ -105.334027777777777, 38.271527777777777 ], [ -105.334027777777777, 38.27125 ], [ -105.33375, 38.27125 ], [ -105.33375, 38.270416666666669 ], [ -105.333472222222213, 38.270416666666669 ], [ -105.333472222222213, 38.269305555555555 ], [ -105.333194444444445, 38.269305555555555 ], [ -105.333194444444445, 38.269027777777779 ], [ -105.332361111111098, 38.269027777777779 ], [ -105.332361111111098, 38.269305555555555 ], [ -105.331805555555547, 38.269305555555555 ], [ -105.331805555555547, 38.26958333333333 ], [ -105.330694444444433, 38.26958333333333 ], [ -105.330694444444433, 38.269305555555555 ], [ -105.330416666666665, 38.269305555555555 ], [ -105.330416666666665, 38.267361111111114 ], [ -105.330138888888882, 38.267361111111114 ], [ -105.330138888888882, 38.266805555555557 ], [ -105.329583333333332, 38.266805555555557 ], [ -105.329583333333332, 38.266527777777775 ], [ -105.32875, 38.266527777777775 ], [ -105.32875, 38.26625 ], [ -105.328472222222217, 38.26625 ], [ -105.328472222222217, 38.265694444444442 ], [ -105.32875, 38.265694444444442 ], [ -105.32875, 38.265138888888892 ], [ -105.329027777777767, 38.265138888888892 ], [ -105.329027777777767, 38.264861111111109 ], [ -105.328472222222217, 38.264861111111109 ], [ -105.328472222222217, 38.264583333333334 ], [ -105.327916666666667, 38.264583333333334 ], [ -105.327916666666667, 38.263472222222219 ], [ -105.328194444444435, 38.263472222222219 ], [ -105.328194444444435, 38.263194444444444 ], [ -105.328472222222217, 38.263194444444444 ], [ -105.328472222222217, 38.26125 ], [ -105.32875, 38.26125 ], [ -105.32875, 38.260972222222222 ], [ -105.329027777777767, 38.260972222222222 ], [ -105.329027777777767, 38.260694444444447 ], [ -105.32930555555555, 38.260694444444447 ], [ -105.32930555555555, 38.260138888888889 ], [ -105.329583333333332, 38.260138888888889 ], [ -105.329583333333332, 38.259861111111114 ], [ -105.3298611111111, 38.259861111111114 ], [ -105.3298611111111, 38.259583333333332 ], [ -105.32930555555555, 38.259583333333332 ], [ -105.32930555555555, 38.259305555555557 ], [ -105.329027777777767, 38.259305555555557 ], [ -105.329027777777767, 38.259027777777774 ], [ -105.32875, 38.259027777777774 ], [ -105.32875, 38.25875 ], [ -105.327916666666667, 38.25875 ], [ -105.327916666666667, 38.258472222222224 ], [ -105.327361111111102, 38.258472222222224 ], [ -105.327361111111102, 38.256805555555552 ], [ -105.32708333333332, 38.256805555555552 ], [ -105.32708333333332, 38.256527777777777 ], [ -105.326805555555552, 38.256527777777777 ], [ -105.326805555555552, 38.255972222222219 ], [ -105.32652777777777, 38.255972222222219 ], [ -105.32652777777777, 38.255694444444444 ], [ -105.326805555555552, 38.255694444444444 ], [ -105.326805555555552, 38.255138888888887 ], [ -105.327361111111102, 38.255138888888887 ], [ -105.327361111111102, 38.254861111111111 ], [ -105.327638888888885, 38.254861111111111 ], [ -105.327638888888885, 38.253472222222221 ], [ -105.32652777777777, 38.253472222222221 ], [ -105.32652777777777, 38.253194444444446 ], [ -105.32625, 38.253194444444446 ], [ -105.32625, 38.252361111111114 ], [ -105.325972222222219, 38.252361111111114 ], [ -105.325972222222219, 38.251805555555556 ], [ -105.325416666666655, 38.251805555555556 ], [ -105.325416666666655, 38.251527777777774 ], [ -105.325138888888887, 38.251527777777774 ], [ -105.325138888888887, 38.25125 ], [ -105.324861111111105, 38.25125 ], [ -105.324861111111105, 38.250972222222224 ], [ -105.32375, 38.250972222222224 ], [ -105.32375, 38.250694444444441 ], [ -105.323194444444439, 38.250694444444441 ], [ -105.323194444444439, 38.250138888888891 ], [ -105.322638888888889, 38.250138888888891 ], [ -105.322638888888889, 38.249861111111109 ], [ -105.322361111111107, 38.249861111111109 ], [ -105.322361111111107, 38.249583333333334 ], [ -105.322083333333325, 38.249583333333334 ], [ -105.322083333333325, 38.249305555555559 ], [ -105.321805555555542, 38.249305555555559 ], [ -105.321805555555542, 38.24875 ], [ -105.321527777777774, 38.24875 ], [ -105.321527777777774, 38.248194444444444 ], [ -105.32125, 38.248194444444444 ], [ -105.32125, 38.247916666666669 ], [ -105.32097222222221, 38.247916666666669 ], [ -105.32097222222221, 38.247638888888886 ], [ -105.320694444444442, 38.247638888888886 ], [ -105.320694444444442, 38.247083333333336 ], [ -105.321527777777774, 38.247083333333336 ], [ -105.321527777777774, 38.246805555555554 ], [ -105.32125, 38.246805555555554 ], [ -105.32125, 38.24625 ], [ -105.321527777777774, 38.24625 ], [ -105.321527777777774, 38.245694444444446 ], [ -105.321805555555542, 38.245694444444446 ], [ -105.321805555555542, 38.245138888888889 ], [ -105.322083333333325, 38.245138888888889 ], [ -105.322083333333325, 38.244861111111113 ], [ -105.322361111111107, 38.244861111111113 ], [ -105.322361111111107, 38.244027777777781 ], [ -105.322083333333325, 38.244027777777781 ], [ -105.322083333333325, 38.24375 ], [ -105.321805555555542, 38.24375 ], [ -105.321805555555542, 38.243472222222223 ], [ -105.321527777777774, 38.243472222222223 ], [ -105.321527777777774, 38.243194444444441 ], [ -105.32125, 38.243194444444441 ], [ -105.32125, 38.242916666666666 ], [ -105.32097222222221, 38.242916666666666 ], [ -105.32097222222221, 38.242638888888891 ], [ -105.320694444444442, 38.242638888888891 ], [ -105.320694444444442, 38.242361111111109 ], [ -105.320416666666659, 38.242361111111109 ], [ -105.320416666666659, 38.242083333333333 ], [ -105.320138888888877, 38.242083333333333 ], [ -105.320138888888877, 38.241527777777776 ], [ -105.320416666666659, 38.241527777777776 ], [ -105.320416666666659, 38.24125 ], [ -105.320694444444442, 38.24125 ], [ -105.320694444444442, 38.240972222222219 ], [ -105.32097222222221, 38.240972222222219 ], [ -105.32097222222221, 38.240694444444443 ], [ -105.32125, 38.240694444444443 ], [ -105.32125, 38.240416666666668 ], [ -105.321527777777774, 38.240416666666668 ], [ -105.321527777777774, 38.239861111111111 ], [ -105.321805555555542, 38.239861111111111 ], [ -105.321805555555542, 38.239305555555553 ], [ -105.322083333333325, 38.239305555555553 ], [ -105.322083333333325, 38.237361111111113 ], [ -105.321805555555542, 38.237361111111113 ], [ -105.321805555555542, 38.237083333333331 ], [ -105.321527777777774, 38.237083333333331 ], [ -105.321527777777774, 38.236805555555556 ], [ -105.32125, 38.236805555555556 ], [ -105.32125, 38.236527777777781 ], [ -105.32097222222221, 38.236527777777781 ], [ -105.32097222222221, 38.235972222222223 ], [ -105.319305555555545, 38.235972222222223 ], [ -105.319305555555545, 38.235694444444441 ], [ -105.319027777777777, 38.235694444444441 ], [ -105.319027777777777, 38.235416666666666 ], [ -105.31875, 38.235416666666666 ], [ -105.31875, 38.235138888888891 ], [ -105.318472222222212, 38.235138888888891 ], [ -105.318472222222212, 38.234861111111108 ], [ -105.318194444444444, 38.234861111111108 ], [ -105.318194444444444, 38.234027777777776 ], [ -105.317916666666662, 38.234027777777776 ], [ -105.317916666666662, 38.23375 ], [ -105.317638888888879, 38.23375 ], [ -105.317638888888879, 38.233472222222225 ], [ -105.317361111111111, 38.233472222222225 ], [ -105.317361111111111, 38.233194444444443 ], [ -105.317083333333329, 38.233194444444443 ], [ -105.317083333333329, 38.232916666666668 ], [ -105.316805555555547, 38.232916666666668 ], [ -105.316805555555547, 38.232083333333335 ], [ -105.315694444444432, 38.232083333333335 ], [ -105.315694444444432, 38.232361111111111 ], [ -105.314861111111099, 38.232361111111111 ], [ -105.314861111111099, 38.232638888888886 ], [ -105.314583333333331, 38.232638888888886 ], [ -105.314583333333331, 38.232916666666668 ], [ -105.314305555555549, 38.232916666666668 ], [ -105.314305555555549, 38.233194444444443 ], [ -105.313472222222217, 38.233194444444443 ], [ -105.313472222222217, 38.232916666666668 ], [ -105.313194444444434, 38.232916666666668 ], [ -105.313194444444434, 38.232638888888886 ], [ -105.312916666666666, 38.232638888888886 ], [ -105.312916666666666, 38.232361111111111 ], [ -105.312638888888884, 38.232361111111111 ], [ -105.312638888888884, 38.232083333333335 ], [ -105.312361111111102, 38.232083333333335 ], [ -105.312361111111102, 38.231805555555553 ], [ -105.312083333333334, 38.231805555555553 ], [ -105.312083333333334, 38.231527777777778 ], [ -105.311527777777769, 38.231527777777778 ], [ -105.311527777777769, 38.23125 ], [ -105.31125, 38.23125 ], [ -105.31125, 38.230694444444445 ], [ -105.310972222222219, 38.230694444444445 ], [ -105.310972222222219, 38.230416666666663 ], [ -105.310694444444437, 38.230416666666663 ], [ -105.310694444444437, 38.230138888888888 ], [ -105.310416666666654, 38.230138888888888 ], [ -105.310416666666654, 38.229583333333331 ], [ -105.310138888888886, 38.229583333333331 ], [ -105.310138888888886, 38.229305555555555 ], [ -105.310416666666654, 38.229305555555555 ], [ -105.310416666666654, 38.22875 ], [ -105.310694444444437, 38.22875 ], [ -105.310694444444437, 38.228472222222223 ], [ -105.310972222222219, 38.228472222222223 ], [ -105.310972222222219, 38.228194444444448 ], [ -105.31125, 38.228194444444448 ], [ -105.31125, 38.224583333333335 ], [ -105.311805555555551, 38.224583333333335 ], [ -105.311805555555551, 38.224305555555553 ], [ -105.312083333333334, 38.224305555555553 ], [ -105.312083333333334, 38.224027777777778 ], [ -105.312361111111102, 38.224027777777778 ], [ -105.312361111111102, 38.22375 ], [ -105.313194444444434, 38.22375 ], [ -105.313194444444434, 38.22347222222222 ], [ -105.313472222222217, 38.22347222222222 ], [ -105.313472222222217, 38.223194444444445 ], [ -105.314027777777767, 38.223194444444445 ], [ -105.314027777777767, 38.222916666666663 ], [ -105.314583333333331, 38.222916666666663 ], [ -105.314583333333331, 38.222638888888888 ], [ -105.314861111111099, 38.222638888888888 ], [ -105.314861111111099, 38.222361111111113 ], [ -105.315972222222214, 38.222361111111113 ], [ -105.315972222222214, 38.22208333333333 ], [ -105.316527777777765, 38.22208333333333 ], [ -105.316527777777765, 38.221805555555555 ], [ -105.317083333333329, 38.221805555555555 ], [ -105.317083333333329, 38.22152777777778 ], [ -105.317361111111111, 38.22152777777778 ], [ -105.317361111111111, 38.22125 ], [ -105.317916666666662, 38.22125 ], [ -105.317916666666662, 38.220972222222223 ], [ -105.318194444444444, 38.220972222222223 ], [ -105.318194444444444, 38.220694444444447 ], [ -105.318472222222212, 38.220694444444447 ], [ -105.318472222222212, 38.220416666666665 ], [ -105.319027777777777, 38.220416666666665 ], [ -105.319027777777777, 38.22013888888889 ], [ -105.319305555555545, 38.22013888888889 ], [ -105.319305555555545, 38.219583333333333 ], [ -105.319027777777777, 38.219583333333333 ], [ -105.319027777777777, 38.219027777777775 ], [ -105.31875, 38.219027777777775 ], [ -105.31875, 38.21736111111111 ], [ -105.318472222222212, 38.21736111111111 ], [ -105.318472222222212, 38.217083333333335 ], [ -105.318194444444444, 38.217083333333335 ], [ -105.318194444444444, 38.214861111111112 ], [ -105.31875, 38.214861111111112 ], [ -105.31875, 38.214305555555555 ], [ -105.319305555555545, 38.214305555555555 ], [ -105.319305555555545, 38.21402777777778 ], [ -105.319861111111109, 38.21402777777778 ], [ -105.319861111111109, 38.21375 ], [ -105.320416666666659, 38.21375 ], [ -105.320416666666659, 38.213472222222222 ], [ -105.32097222222221, 38.213472222222222 ], [ -105.32097222222221, 38.213194444444447 ], [ -105.32125, 38.213194444444447 ], [ -105.32125, 38.212916666666665 ], [ -105.321805555555542, 38.212916666666665 ], [ -105.321805555555542, 38.21263888888889 ], [ -105.322361111111107, 38.21263888888889 ], [ -105.322361111111107, 38.212361111111107 ], [ -105.322916666666657, 38.212361111111107 ], [ -105.322916666666657, 38.212083333333332 ], [ -105.323194444444439, 38.212083333333332 ], [ -105.323194444444439, 38.211805555555557 ], [ -105.323472222222222, 38.211805555555557 ], [ -105.323472222222222, 38.211527777777775 ], [ -105.32375, 38.211527777777775 ], [ -105.32375, 38.21125 ], [ -105.324027777777772, 38.21125 ], [ -105.324027777777772, 38.210972222222225 ], [ -105.324305555555554, 38.210972222222225 ], [ -105.324305555555554, 38.210694444444442 ], [ -105.324583333333322, 38.210694444444442 ], [ -105.324583333333322, 38.210972222222225 ], [ -105.325416666666655, 38.210972222222225 ], [ -105.325416666666655, 38.210694444444442 ], [ -105.32625, 38.210694444444442 ], [ -105.32625, 38.210416666666667 ], [ -105.32652777777777, 38.210416666666667 ], [ -105.32652777777777, 38.210138888888892 ], [ -105.327638888888885, 38.210138888888892 ], [ -105.327638888888885, 38.20847222222222 ], [ -105.327916666666667, 38.20847222222222 ], [ -105.327916666666667, 38.208194444444445 ], [ -105.328194444444435, 38.208194444444445 ], [ -105.328194444444435, 38.207916666666669 ], [ -105.32875, 38.207916666666669 ], [ -105.32875, 38.207638888888887 ], [ -105.329027777777767, 38.207638888888887 ], [ -105.329027777777767, 38.207361111111112 ], [ -105.32930555555555, 38.207361111111112 ], [ -105.32930555555555, 38.206805555555555 ], [ -105.329027777777767, 38.206805555555555 ], [ -105.329027777777767, 38.205694444444447 ], [ -105.328194444444435, 38.205694444444447 ], [ -105.328194444444435, 38.205416666666665 ], [ -105.327916666666667, 38.205416666666665 ], [ -105.327916666666667, 38.202916666666667 ], [ -105.327638888888885, 38.202916666666667 ], [ -105.327638888888885, 38.202638888888892 ], [ -105.326805555555552, 38.202638888888892 ], [ -105.326805555555552, 38.202361111111109 ], [ -105.325972222222219, 38.202361111111109 ], [ -105.325972222222219, 38.202083333333334 ], [ -105.325694444444437, 38.202083333333334 ], [ -105.325694444444437, 38.201527777777777 ], [ -105.325972222222219, 38.201527777777777 ], [ -105.325972222222219, 38.200694444444444 ], [ -105.32625, 38.200694444444444 ], [ -105.32625, 38.199583333333337 ], [ -105.325972222222219, 38.199583333333337 ], [ -105.325972222222219, 38.199305555555554 ], [ -105.325416666666655, 38.199305555555554 ], [ -105.325416666666655, 38.199027777777779 ], [ -105.325138888888887, 38.199027777777779 ], [ -105.325138888888887, 38.19875 ], [ -105.324861111111105, 38.19875 ], [ -105.324861111111105, 38.198472222222222 ], [ -105.324583333333322, 38.198472222222222 ], [ -105.324583333333322, 38.197083333333332 ], [ -105.324305555555554, 38.197083333333332 ], [ -105.324305555555554, 38.196527777777774 ], [ -105.324027777777772, 38.196527777777774 ], [ -105.324027777777772, 38.19625 ], [ -105.32375, 38.19625 ], [ -105.32375, 38.194027777777777 ], [ -105.323472222222222, 38.194027777777777 ], [ -105.323472222222222, 38.19375 ], [ -105.323194444444439, 38.19375 ], [ -105.323194444444439, 38.193472222222219 ], [ -105.32375, 38.193472222222219 ], [ -105.32375, 38.193194444444444 ], [ -105.324305555555554, 38.193194444444444 ], [ -105.324305555555554, 38.192916666666669 ], [ -105.324861111111105, 38.192916666666669 ], [ -105.324861111111105, 38.192638888888887 ], [ -105.325416666666655, 38.192638888888887 ], [ -105.325416666666655, 38.192361111111111 ], [ -105.32625, 38.192361111111111 ], [ -105.32625, 38.192083333333336 ], [ -105.32652777777777, 38.192083333333336 ], [ -105.32652777777777, 38.191805555555554 ], [ -105.327361111111102, 38.191805555555554 ], [ -105.327361111111102, 38.191527777777779 ], [ -105.327638888888885, 38.191527777777779 ], [ -105.327638888888885, 38.190694444444446 ], [ -105.327916666666667, 38.190694444444446 ], [ -105.327916666666667, 38.190138888888889 ], [ -105.327361111111102, 38.190138888888889 ], [ -105.327361111111102, 38.189861111111114 ], [ -105.32708333333332, 38.189861111111114 ], [ -105.32708333333332, 38.189583333333331 ], [ -105.326805555555552, 38.189583333333331 ], [ -105.326805555555552, 38.189305555555556 ], [ -105.32652777777777, 38.189305555555556 ], [ -105.32652777777777, 38.189027777777774 ], [ -105.32625, 38.189027777777774 ], [ -105.32625, 38.18875 ], [ -105.325416666666655, 38.18875 ], [ -105.325416666666655, 38.188472222222224 ], [ -105.325138888888887, 38.188472222222224 ], [ -105.325138888888887, 38.188194444444441 ], [ -105.323472222222222, 38.188194444444441 ], [ -105.323472222222222, 38.187916666666666 ], [ -105.322638888888889, 38.187916666666666 ], [ -105.322638888888889, 38.187638888888891 ], [ -105.322083333333325, 38.187638888888891 ], [ -105.322083333333325, 38.187361111111109 ], [ -105.320138888888877, 38.187361111111109 ], [ -105.320138888888877, 38.187083333333334 ], [ -105.319861111111109, 38.187083333333334 ], [ -105.319861111111109, 38.186805555555559 ], [ -105.319583333333327, 38.186805555555559 ], [ -105.319583333333327, 38.186527777777776 ], [ -105.319305555555545, 38.186527777777776 ], [ -105.319305555555545, 38.18625 ], [ -105.319027777777777, 38.18625 ], [ -105.319027777777777, 38.185972222222219 ], [ -105.31875, 38.185972222222219 ], [ -105.31875, 38.185694444444444 ], [ -105.318472222222212, 38.185694444444444 ], [ -105.318472222222212, 38.185416666666669 ], [ -105.317638888888879, 38.185416666666669 ], [ -105.317638888888879, 38.185138888888886 ], [ -105.317361111111111, 38.185138888888886 ], [ -105.317361111111111, 38.184861111111111 ], [ -105.31625, 38.184861111111111 ], [ -105.31625, 38.184583333333336 ], [ -105.314861111111099, 38.184583333333336 ], [ -105.314861111111099, 38.184861111111111 ], [ -105.31375, 38.184861111111111 ], [ -105.31375, 38.185138888888886 ], [ -105.312916666666666, 38.185138888888886 ], [ -105.312916666666666, 38.185416666666669 ], [ -105.311805555555551, 38.185416666666669 ], [ -105.311805555555551, 38.185694444444444 ], [ -105.310694444444437, 38.185694444444444 ], [ -105.310694444444437, 38.185972222222219 ], [ -105.309305555555554, 38.185972222222219 ], [ -105.309305555555554, 38.18625 ], [ -105.307916666666657, 38.18625 ], [ -105.307916666666657, 38.186527777777776 ], [ -105.306805555555556, 38.186527777777776 ], [ -105.306805555555556, 38.186805555555559 ], [ -105.306527777777774, 38.186805555555559 ], [ -105.306527777777774, 38.186527777777776 ], [ -105.305416666666659, 38.186527777777776 ], [ -105.305416666666659, 38.184305555555554 ], [ -105.305694444444441, 38.184305555555554 ], [ -105.305694444444441, 38.183472222222221 ], [ -105.305416666666659, 38.183472222222221 ], [ -105.305416666666659, 38.183194444444446 ], [ -105.304861111111109, 38.183194444444446 ], [ -105.304861111111109, 38.182916666666664 ], [ -105.303472222222211, 38.182916666666664 ], [ -105.303472222222211, 38.182638888888889 ], [ -105.302361111111111, 38.182638888888889 ], [ -105.302361111111111, 38.182361111111113 ], [ -105.302083333333329, 38.182361111111113 ], [ -105.302083333333329, 38.182083333333331 ], [ -105.301805555555546, 38.182083333333331 ], [ -105.301805555555546, 38.181805555555556 ], [ -105.301527777777764, 38.181805555555556 ], [ -105.301527777777764, 38.181527777777781 ], [ -105.30125, 38.181527777777781 ], [ -105.30125, 38.18125 ], [ -105.300972222222214, 38.18125 ], [ -105.300972222222214, 38.180972222222223 ], [ -105.300694444444431, 38.180972222222223 ], [ -105.300694444444431, 38.180694444444441 ], [ -105.300416666666663, 38.180694444444441 ], [ -105.300416666666663, 38.180416666666666 ], [ -105.300138888888881, 38.180416666666666 ], [ -105.300138888888881, 38.180138888888891 ], [ -105.299861111111099, 38.180138888888891 ], [ -105.299861111111099, 38.179861111111109 ], [ -105.299583333333331, 38.179861111111109 ], [ -105.299583333333331, 38.179305555555558 ], [ -105.299305555555549, 38.179305555555558 ], [ -105.299305555555549, 38.179027777777776 ], [ -105.299027777777766, 38.179027777777776 ], [ -105.299027777777766, 38.177916666666668 ], [ -105.299305555555549, 38.177916666666668 ], [ -105.299305555555549, 38.177361111111111 ], [ -105.299583333333331, 38.177361111111111 ], [ -105.299583333333331, 38.177083333333336 ], [ -105.299861111111099, 38.177083333333336 ], [ -105.299861111111099, 38.176527777777778 ], [ -105.300138888888881, 38.176527777777778 ], [ -105.300138888888881, 38.17625 ], [ -105.300416666666663, 38.17625 ], [ -105.300416666666663, 38.175972222222221 ], [ -105.300694444444431, 38.175972222222221 ], [ -105.300694444444431, 38.174861111111113 ], [ -105.300972222222214, 38.174861111111113 ], [ -105.300972222222214, 38.174583333333331 ], [ -105.30125, 38.174583333333331 ], [ -105.30125, 38.17375 ], [ -105.301527777777764, 38.17375 ], [ -105.301527777777764, 38.173194444444441 ], [ -105.301805555555546, 38.173194444444441 ], [ -105.301805555555546, 38.172916666666666 ], [ -105.302083333333329, 38.172916666666666 ], [ -105.302083333333329, 38.172638888888891 ], [ -105.304305555555544, 38.172638888888891 ], [ -105.304305555555544, 38.172916666666666 ], [ -105.305416666666659, 38.172916666666666 ], [ -105.305416666666659, 38.173194444444441 ], [ -105.307638888888889, 38.173194444444441 ], [ -105.307638888888889, 38.172916666666666 ], [ -105.307916666666657, 38.172916666666666 ], [ -105.307916666666657, 38.171805555555558 ], [ -105.30875, 38.171805555555558 ], [ -105.30875, 38.171527777777776 ], [ -105.308472222222221, 38.171527777777776 ], [ -105.308472222222221, 38.170972222222225 ], [ -105.307916666666657, 38.170972222222225 ], [ -105.307916666666657, 38.170694444444443 ], [ -105.307361111111106, 38.170694444444443 ], [ -105.307361111111106, 38.170138888888886 ], [ -105.307638888888889, 38.170138888888886 ], [ -105.307638888888889, 38.169583333333335 ], [ -105.307916666666657, 38.169583333333335 ], [ -105.307916666666657, 38.169027777777778 ], [ -105.308472222222221, 38.169027777777778 ], [ -105.308472222222221, 38.16875 ], [ -105.30875, 38.16875 ], [ -105.30875, 38.168472222222221 ], [ -105.309027777777771, 38.168472222222221 ], [ -105.309027777777771, 38.167916666666663 ], [ -105.309305555555554, 38.167916666666663 ], [ -105.309305555555554, 38.167638888888888 ], [ -105.309583333333322, 38.167638888888888 ], [ -105.309583333333322, 38.167361111111113 ], [ -105.310138888888886, 38.167361111111113 ], [ -105.310138888888886, 38.167083333333331 ], [ -105.311805555555551, 38.167083333333331 ], [ -105.311805555555551, 38.166805555555555 ], [ -105.312083333333334, 38.166805555555555 ], [ -105.312083333333334, 38.16652777777778 ], [ -105.312361111111102, 38.16652777777778 ], [ -105.312361111111102, 38.164027777777775 ], [ -105.312638888888884, 38.164027777777775 ], [ -105.312638888888884, 38.163194444444443 ], [ -105.311805555555551, 38.163194444444443 ], [ -105.311805555555551, 38.162916666666668 ], [ -105.311527777777769, 38.162916666666668 ], [ -105.311527777777769, 38.16236111111111 ], [ -105.31125, 38.16236111111111 ], [ -105.31125, 38.162083333333335 ], [ -105.310972222222219, 38.162083333333335 ], [ -105.310972222222219, 38.161805555555553 ], [ -105.310694444444437, 38.161805555555553 ], [ -105.310694444444437, 38.161527777777778 ], [ -105.310138888888886, 38.161527777777778 ], [ -105.310138888888886, 38.16125 ], [ -105.309861111111104, 38.16125 ], [ -105.309861111111104, 38.161527777777778 ], [ -105.309027777777771, 38.161527777777778 ], [ -105.309027777777771, 38.16125 ], [ -105.30875, 38.16125 ], [ -105.30875, 38.16097222222222 ], [ -105.308472222222221, 38.16097222222222 ], [ -105.308472222222221, 38.160694444444445 ], [ -105.308194444444439, 38.160694444444445 ], [ -105.308194444444439, 38.160416666666663 ], [ -105.306805555555556, 38.160416666666663 ], [ -105.306805555555556, 38.160138888888888 ], [ -105.304861111111109, 38.160138888888888 ], [ -105.304861111111109, 38.159861111111113 ], [ -105.304583333333326, 38.159861111111113 ], [ -105.304583333333326, 38.159305555555555 ], [ -105.304305555555544, 38.159305555555555 ], [ -105.304305555555544, 38.15902777777778 ], [ -105.304027777777776, 38.15902777777778 ], [ -105.304027777777776, 38.159305555555555 ], [ -105.303194444444443, 38.159305555555555 ], [ -105.303194444444443, 38.15958333333333 ], [ -105.302083333333329, 38.15958333333333 ], [ -105.302083333333329, 38.159861111111113 ], [ -105.300138888888881, 38.159861111111113 ], [ -105.300138888888881, 38.15902777777778 ], [ -105.299861111111099, 38.15902777777778 ], [ -105.299861111111099, 38.157916666666665 ], [ -105.299583333333331, 38.157916666666665 ], [ -105.299583333333331, 38.15763888888889 ], [ -105.299305555555549, 38.15763888888889 ], [ -105.299305555555549, 38.157083333333333 ], [ -105.299027777777766, 38.157083333333333 ], [ -105.299027777777766, 38.156805555555557 ], [ -105.29875, 38.156805555555557 ], [ -105.29875, 38.15625 ], [ -105.298472222222216, 38.15625 ], [ -105.298472222222216, 38.155972222222225 ], [ -105.298194444444434, 38.155972222222225 ], [ -105.298194444444434, 38.15375 ], [ -105.298472222222216, 38.15375 ], [ -105.298472222222216, 38.15347222222222 ], [ -105.29875, 38.15347222222222 ], [ -105.29875, 38.153194444444445 ], [ -105.299305555555549, 38.153194444444445 ], [ -105.299305555555549, 38.15291666666667 ], [ -105.299861111111099, 38.15291666666667 ], [ -105.299861111111099, 38.152638888888887 ], [ -105.300416666666663, 38.152638888888887 ], [ -105.300416666666663, 38.152361111111112 ], [ -105.300972222222214, 38.152361111111112 ], [ -105.300972222222214, 38.15208333333333 ], [ -105.30125, 38.15208333333333 ], [ -105.30125, 38.151805555555555 ], [ -105.302083333333329, 38.151805555555555 ], [ -105.302083333333329, 38.15152777777778 ], [ -105.303472222222211, 38.15152777777778 ], [ -105.303472222222211, 38.15125 ], [ -105.304305555555544, 38.15125 ], [ -105.304305555555544, 38.150972222222222 ], [ -105.304027777777776, 38.150972222222222 ], [ -105.304027777777776, 38.150694444444447 ], [ -105.30375, 38.150694444444447 ], [ -105.30375, 38.150416666666665 ], [ -105.303472222222211, 38.150416666666665 ], [ -105.303472222222211, 38.15013888888889 ], [ -105.302638888888879, 38.15013888888889 ], [ -105.302638888888879, 38.149861111111107 ], [ -105.302083333333329, 38.149861111111107 ], [ -105.302083333333329, 38.15013888888889 ], [ -105.301527777777764, 38.15013888888889 ], [ -105.301527777777764, 38.149861111111107 ], [ -105.299861111111099, 38.149861111111107 ], [ -105.299861111111099, 38.149583333333332 ], [ -105.29875, 38.149583333333332 ], [ -105.29875, 38.149305555555557 ], [ -105.298472222222216, 38.149305555555557 ], [ -105.298472222222216, 38.149027777777775 ], [ -105.298194444444434, 38.149027777777775 ], [ -105.298194444444434, 38.149305555555557 ], [ -105.297638888888883, 38.149305555555557 ], [ -105.297638888888883, 38.149583333333332 ], [ -105.295972222222218, 38.149583333333332 ], [ -105.295972222222218, 38.149305555555557 ], [ -105.294861111111103, 38.149305555555557 ], [ -105.294861111111103, 38.149027777777775 ], [ -105.294583333333321, 38.149027777777775 ], [ -105.294583333333321, 38.149305555555557 ], [ -105.294305555555553, 38.149305555555557 ], [ -105.294305555555553, 38.149583333333332 ], [ -105.294027777777771, 38.149583333333332 ], [ -105.294027777777771, 38.149305555555557 ], [ -105.29375, 38.149305555555557 ], [ -105.29375, 38.149027777777775 ], [ -105.293472222222221, 38.149027777777775 ], [ -105.293472222222221, 38.14875 ], [ -105.292916666666656, 38.14875 ], [ -105.292916666666656, 38.148472222222225 ], [ -105.290416666666658, 38.148472222222225 ], [ -105.290416666666658, 38.14875 ], [ -105.289305555555543, 38.14875 ], [ -105.289305555555543, 38.149027777777775 ], [ -105.287638888888878, 38.149027777777775 ], [ -105.287638888888878, 38.149305555555557 ], [ -105.28625, 38.149305555555557 ], [ -105.28625, 38.149027777777775 ], [ -105.285972222222213, 38.149027777777775 ], [ -105.285972222222213, 38.14875 ], [ -105.283194444444433, 38.14875 ], [ -105.283194444444433, 38.149027777777775 ], [ -105.282916666666665, 38.149027777777775 ], [ -105.282916666666665, 38.149305555555557 ], [ -105.281527777777768, 38.149305555555557 ], [ -105.281527777777768, 38.149583333333332 ], [ -105.280972222222218, 38.149583333333332 ], [ -105.280972222222218, 38.149861111111107 ], [ -105.280416666666653, 38.149861111111107 ], [ -105.280416666666653, 38.15013888888889 ], [ -105.280138888888885, 38.15013888888889 ], [ -105.280138888888885, 38.150416666666665 ], [ -105.279861111111103, 38.150416666666665 ], [ -105.279861111111103, 38.150694444444447 ], [ -105.279583333333321, 38.150694444444447 ], [ -105.279583333333321, 38.15125 ], [ -105.27902777777777, 38.15125 ], [ -105.27902777777777, 38.15152777777778 ], [ -105.27847222222222, 38.15152777777778 ], [ -105.27847222222222, 38.151805555555555 ], [ -105.27875, 38.151805555555555 ], [ -105.27875, 38.153194444444445 ], [ -105.27847222222222, 38.153194444444445 ], [ -105.27847222222222, 38.15347222222222 ], [ -105.278194444444438, 38.15347222222222 ], [ -105.278194444444438, 38.15375 ], [ -105.277916666666655, 38.15375 ], [ -105.277916666666655, 38.154027777777777 ], [ -105.277361111111105, 38.154027777777777 ], [ -105.277361111111105, 38.154305555555553 ], [ -105.27625, 38.154305555555553 ], [ -105.27625, 38.154583333333335 ], [ -105.275416666666658, 38.154583333333335 ], [ -105.275416666666658, 38.155138888888885 ], [ -105.275138888888875, 38.155138888888885 ], [ -105.275138888888875, 38.155416666666667 ], [ -105.274861111111107, 38.155416666666667 ], [ -105.274861111111107, 38.155694444444443 ], [ -105.274583333333325, 38.155694444444443 ], [ -105.274583333333325, 38.155972222222225 ], [ -105.274305555555543, 38.155972222222225 ], [ -105.274305555555543, 38.158194444444447 ], [ -105.27291666666666, 38.158194444444447 ], [ -105.27291666666666, 38.158472222222223 ], [ -105.27236111111111, 38.158472222222223 ], [ -105.27236111111111, 38.15875 ], [ -105.272083333333327, 38.15875 ], [ -105.272083333333327, 38.15902777777778 ], [ -105.271805555555545, 38.15902777777778 ], [ -105.271805555555545, 38.159305555555555 ], [ -105.270972222222213, 38.159305555555555 ], [ -105.270972222222213, 38.159861111111113 ], [ -105.27125, 38.159861111111113 ], [ -105.27125, 38.160138888888888 ], [ -105.270972222222213, 38.160138888888888 ], [ -105.270972222222213, 38.160416666666663 ], [ -105.270694444444445, 38.160416666666663 ], [ -105.270694444444445, 38.160694444444445 ], [ -105.270416666666662, 38.160694444444445 ], [ -105.270416666666662, 38.16097222222222 ], [ -105.269027777777765, 38.16097222222222 ], [ -105.269027777777765, 38.16125 ], [ -105.268472222222215, 38.16125 ], [ -105.268472222222215, 38.161527777777778 ], [ -105.267638888888882, 38.161527777777778 ], [ -105.267638888888882, 38.16125 ], [ -105.26680555555555, 38.16125 ], [ -105.26680555555555, 38.16097222222222 ], [ -105.26625, 38.16097222222222 ], [ -105.26625, 38.160694444444445 ], [ -105.265972222222217, 38.160694444444445 ], [ -105.265972222222217, 38.16097222222222 ], [ -105.265694444444435, 38.16097222222222 ], [ -105.265694444444435, 38.16125 ], [ -105.26625, 38.16125 ], [ -105.26625, 38.161527777777778 ], [ -105.266527777777767, 38.161527777777778 ], [ -105.266527777777767, 38.161805555555553 ], [ -105.26680555555555, 38.161805555555553 ], [ -105.26680555555555, 38.163472222222225 ], [ -105.267083333333332, 38.163472222222225 ], [ -105.267083333333332, 38.16375 ], [ -105.2673611111111, 38.16375 ], [ -105.2673611111111, 38.164027777777775 ], [ -105.267638888888882, 38.164027777777775 ], [ -105.267638888888882, 38.164583333333333 ], [ -105.267916666666665, 38.164583333333333 ], [ -105.267916666666665, 38.165972222222223 ], [ -105.2673611111111, 38.165972222222223 ], [ -105.2673611111111, 38.16625 ], [ -105.267083333333332, 38.16625 ], [ -105.267083333333332, 38.16652777777778 ], [ -105.26680555555555, 38.16652777777778 ], [ -105.26680555555555, 38.16625 ], [ -105.266527777777767, 38.16625 ], [ -105.266527777777767, 38.165972222222223 ], [ -105.265972222222217, 38.165972222222223 ], [ -105.265972222222217, 38.165694444444448 ], [ -105.265694444444435, 38.165694444444448 ], [ -105.265694444444435, 38.165416666666665 ], [ -105.264861111111102, 38.165416666666665 ], [ -105.264861111111102, 38.16513888888889 ], [ -105.26458333333332, 38.16513888888889 ], [ -105.26458333333332, 38.164861111111108 ], [ -105.26402777777777, 38.164861111111108 ], [ -105.26402777777777, 38.164583333333333 ], [ -105.26375, 38.164583333333333 ], [ -105.26375, 38.164305555555558 ], [ -105.263472222222219, 38.164305555555558 ], [ -105.263472222222219, 38.164027777777775 ], [ -105.261805555555554, 38.164027777777775 ], [ -105.261805555555554, 38.164305555555558 ], [ -105.26125, 38.164305555555558 ], [ -105.26125, 38.164583333333333 ], [ -105.260416666666657, 38.164583333333333 ], [ -105.260416666666657, 38.164861111111108 ], [ -105.259027777777774, 38.164861111111108 ], [ -105.259027777777774, 38.16513888888889 ], [ -105.257638888888877, 38.16513888888889 ], [ -105.257638888888877, 38.165416666666665 ], [ -105.256805555555545, 38.165416666666665 ], [ -105.256805555555545, 38.165694444444448 ], [ -105.25625, 38.165694444444448 ], [ -105.25625, 38.165972222222223 ], [ -105.255694444444444, 38.165972222222223 ], [ -105.255694444444444, 38.16625 ], [ -105.255416666666662, 38.16625 ], [ -105.255416666666662, 38.166805555555555 ], [ -105.255138888888879, 38.166805555555555 ], [ -105.255138888888879, 38.167083333333331 ], [ -105.254861111111111, 38.167083333333331 ], [ -105.254861111111111, 38.168194444444445 ], [ -105.254583333333329, 38.168194444444445 ], [ -105.254583333333329, 38.168472222222221 ], [ -105.254027777777765, 38.168472222222221 ], [ -105.254027777777765, 38.16875 ], [ -105.25375, 38.16875 ], [ -105.25375, 38.168472222222221 ], [ -105.253472222222214, 38.168472222222221 ], [ -105.253472222222214, 38.168194444444445 ], [ -105.253194444444432, 38.168194444444445 ], [ -105.253194444444432, 38.167916666666663 ], [ -105.252916666666664, 38.167916666666663 ], [ -105.252916666666664, 38.167638888888888 ], [ -105.252638888888882, 38.167638888888888 ], [ -105.252638888888882, 38.167361111111113 ], [ -105.252361111111099, 38.167361111111113 ], [ -105.252361111111099, 38.167083333333331 ], [ -105.25125, 38.167083333333331 ], [ -105.25125, 38.166805555555555 ], [ -105.250694444444434, 38.166805555555555 ], [ -105.250694444444434, 38.16652777777778 ], [ -105.250138888888884, 38.16652777777778 ], [ -105.250138888888884, 38.16625 ], [ -105.24875, 38.16625 ], [ -105.24875, 38.165972222222223 ], [ -105.247361111111104, 38.165972222222223 ], [ -105.247361111111104, 38.165694444444448 ], [ -105.245972222222221, 38.165694444444448 ], [ -105.245972222222221, 38.165972222222223 ], [ -105.245694444444439, 38.165972222222223 ], [ -105.245694444444439, 38.16625 ], [ -105.244027777777774, 38.16625 ], [ -105.244027777777774, 38.16652777777778 ], [ -105.24375, 38.16652777777778 ], [ -105.24375, 38.166805555555555 ], [ -105.242361111111109, 38.166805555555555 ], [ -105.242361111111109, 38.16652777777778 ], [ -105.242083333333326, 38.16652777777778 ], [ -105.242083333333326, 38.166805555555555 ], [ -105.240694444444443, 38.166805555555555 ], [ -105.240694444444443, 38.167083333333331 ], [ -105.239861111111111, 38.167083333333331 ], [ -105.239861111111111, 38.167361111111113 ], [ -105.239027777777764, 38.167361111111113 ], [ -105.239027777777764, 38.167638888888888 ], [ -105.23875, 38.167638888888888 ], [ -105.23875, 38.167916666666663 ], [ -105.237638888888881, 38.167916666666663 ], [ -105.237638888888881, 38.168194444444445 ], [ -105.236805555555549, 38.168194444444445 ], [ -105.236805555555549, 38.168472222222221 ], [ -105.235138888888883, 38.168472222222221 ], [ -105.235138888888883, 38.168194444444445 ], [ -105.234583333333333, 38.168194444444445 ], [ -105.234583333333333, 38.167916666666663 ], [ -105.234027777777769, 38.167916666666663 ], [ -105.234027777777769, 38.167638888888888 ], [ -105.233472222222218, 38.167638888888888 ], [ -105.233472222222218, 38.167361111111113 ], [ -105.232916666666654, 38.167361111111113 ], [ -105.232916666666654, 38.167083333333331 ], [ -105.232638888888886, 38.167083333333331 ], [ -105.232638888888886, 38.166805555555555 ], [ -105.232083333333321, 38.166805555555555 ], [ -105.232083333333321, 38.167083333333331 ], [ -105.231805555555553, 38.167083333333331 ], [ -105.231805555555553, 38.167361111111113 ], [ -105.230416666666656, 38.167361111111113 ], [ -105.230416666666656, 38.167638888888888 ], [ -105.229305555555555, 38.167638888888888 ], [ -105.229305555555555, 38.167916666666663 ], [ -105.229027777777773, 38.167916666666663 ], [ -105.229027777777773, 38.169861111111111 ], [ -105.22875, 38.169861111111111 ], [ -105.22875, 38.170138888888886 ], [ -105.229027777777773, 38.170138888888886 ], [ -105.229027777777773, 38.17125 ], [ -105.22875, 38.17125 ], [ -105.22875, 38.171527777777776 ], [ -105.228472222222209, 38.171527777777776 ], [ -105.228472222222209, 38.172083333333333 ], [ -105.228194444444441, 38.172083333333333 ], [ -105.228194444444441, 38.172638888888891 ], [ -105.227916666666658, 38.172638888888891 ], [ -105.227916666666658, 38.172916666666666 ], [ -105.227361111111108, 38.172916666666666 ], [ -105.227361111111108, 38.173194444444441 ], [ -105.22625, 38.173194444444441 ], [ -105.22625, 38.173472222222223 ], [ -105.22486111111111, 38.173472222222223 ], [ -105.22486111111111, 38.173194444444441 ], [ -105.22208333333333, 38.173194444444441 ], [ -105.22208333333333, 38.173472222222223 ], [ -105.22125, 38.173472222222223 ], [ -105.22125, 38.17375 ], [ -105.220972222222215, 38.17375 ], [ -105.220972222222215, 38.174027777777781 ], [ -105.220694444444433, 38.174027777777781 ], [ -105.220694444444433, 38.174305555555556 ], [ -105.219861111111101, 38.174305555555556 ], [ -105.219861111111101, 38.174861111111113 ], [ -105.219583333333333, 38.174861111111113 ], [ -105.219583333333333, 38.175138888888888 ], [ -105.21930555555555, 38.175138888888888 ], [ -105.21930555555555, 38.175416666666663 ], [ -105.219027777777768, 38.175416666666663 ], [ -105.219027777777768, 38.175694444444446 ], [ -105.218194444444435, 38.175694444444446 ], [ -105.218194444444435, 38.175972222222221 ], [ -105.217638888888885, 38.175972222222221 ], [ -105.217638888888885, 38.17625 ], [ -105.217361111111103, 38.17625 ], [ -105.217361111111103, 38.176527777777778 ], [ -105.217083333333321, 38.176527777777778 ], [ -105.217083333333321, 38.176805555555553 ], [ -105.216805555555553, 38.176805555555553 ], [ -105.216805555555553, 38.177083333333336 ], [ -105.217083333333321, 38.177083333333336 ], [ -105.217083333333321, 38.177638888888886 ], [ -105.216805555555553, 38.177638888888886 ], [ -105.216805555555553, 38.178472222222219 ], [ -105.21652777777777, 38.178472222222219 ], [ -105.21652777777777, 38.179027777777776 ], [ -105.21625, 38.179027777777776 ], [ -105.21625, 38.183194444444446 ], [ -105.21597222222222, 38.183194444444446 ], [ -105.21597222222222, 38.183472222222221 ], [ -105.215416666666655, 38.183472222222221 ], [ -105.215416666666655, 38.18375 ], [ -105.214861111111105, 38.18375 ], [ -105.214861111111105, 38.185416666666669 ], [ -105.215138888888887, 38.185416666666669 ], [ -105.215138888888887, 38.185694444444444 ], [ -105.214861111111105, 38.185694444444444 ], [ -105.214861111111105, 38.188194444444441 ], [ -105.215138888888887, 38.188194444444441 ], [ -105.215138888888887, 38.188472222222224 ], [ -105.215416666666655, 38.188472222222224 ], [ -105.215416666666655, 38.18875 ], [ -105.215694444444438, 38.18875 ], [ -105.215694444444438, 38.189305555555556 ], [ -105.21597222222222, 38.189305555555556 ], [ -105.21597222222222, 38.190138888888889 ], [ -105.21625, 38.190138888888889 ], [ -105.21625, 38.190416666666664 ], [ -105.21597222222222, 38.190416666666664 ], [ -105.21597222222222, 38.190694444444446 ], [ -105.215694444444438, 38.190694444444446 ], [ -105.215694444444438, 38.191805555555554 ], [ -105.21597222222222, 38.191805555555554 ], [ -105.21597222222222, 38.193194444444444 ], [ -105.21625, 38.193194444444444 ], [ -105.21625, 38.193472222222219 ], [ -105.21652777777777, 38.193472222222219 ], [ -105.21652777777777, 38.19375 ], [ -105.217083333333321, 38.19375 ], [ -105.217083333333321, 38.194027777777777 ], [ -105.217361111111103, 38.194027777777777 ], [ -105.217361111111103, 38.194861111111109 ], [ -105.217638888888885, 38.194861111111109 ], [ -105.217638888888885, 38.195138888888891 ], [ -105.217361111111103, 38.195138888888891 ], [ -105.217361111111103, 38.19625 ], [ -105.217083333333321, 38.19625 ], [ -105.217083333333321, 38.196527777777774 ], [ -105.217361111111103, 38.196527777777774 ], [ -105.217361111111103, 38.197638888888889 ], [ -105.217638888888885, 38.197638888888889 ], [ -105.217638888888885, 38.197916666666664 ], [ -105.217916666666653, 38.197916666666664 ], [ -105.217916666666653, 38.198472222222222 ], [ -105.217083333333321, 38.198472222222222 ], [ -105.217083333333321, 38.19875 ], [ -105.215694444444438, 38.19875 ], [ -105.215694444444438, 38.198472222222222 ], [ -105.215416666666655, 38.198472222222222 ], [ -105.215416666666655, 38.198194444444447 ], [ -105.21097222222221, 38.198194444444447 ], [ -105.21097222222221, 38.197916666666664 ], [ -105.210694444444442, 38.197916666666664 ], [ -105.210694444444442, 38.197638888888889 ], [ -105.210138888888878, 38.197638888888889 ], [ -105.210138888888878, 38.197361111111114 ], [ -105.209583333333327, 38.197361111111114 ], [ -105.209583333333327, 38.197083333333332 ], [ -105.209305555555545, 38.197083333333332 ], [ -105.209305555555545, 38.196805555555557 ], [ -105.209027777777777, 38.196805555555557 ], [ -105.209027777777777, 38.196527777777774 ], [ -105.208472222222213, 38.196527777777774 ], [ -105.208472222222213, 38.19625 ], [ -105.206527777777765, 38.19625 ], [ -105.206527777777765, 38.196527777777774 ], [ -105.2048611111111, 38.196527777777774 ], [ -105.2048611111111, 38.196805555555557 ], [ -105.202916666666667, 38.196805555555557 ], [ -105.202916666666667, 38.196527777777774 ], [ -105.202638888888885, 38.196527777777774 ], [ -105.202638888888885, 38.19625 ], [ -105.202361111111102, 38.19625 ], [ -105.202361111111102, 38.195972222222224 ], [ -105.20208333333332, 38.195972222222224 ], [ -105.20208333333332, 38.195694444444442 ], [ -105.201805555555552, 38.195694444444442 ], [ -105.201805555555552, 38.195416666666667 ], [ -105.200972222222219, 38.195416666666667 ], [ -105.200972222222219, 38.195138888888891 ], [ -105.199861111111105, 38.195138888888891 ], [ -105.199861111111105, 38.195416666666667 ], [ -105.199583333333322, 38.195416666666667 ], [ -105.199583333333322, 38.195694444444442 ], [ -105.198194444444439, 38.195694444444442 ], [ -105.198194444444439, 38.195972222222224 ], [ -105.197916666666657, 38.195972222222224 ], [ -105.197916666666657, 38.19625 ], [ -105.197638888888889, 38.19625 ], [ -105.197638888888889, 38.198194444444447 ], [ -105.197361111111107, 38.198194444444447 ], [ -105.197361111111107, 38.19875 ], [ -105.197083333333325, 38.19875 ], [ -105.197083333333325, 38.199583333333337 ], [ -105.196805555555542, 38.199583333333337 ], [ -105.196805555555542, 38.200138888888887 ], [ -105.196527777777774, 38.200138888888887 ], [ -105.196527777777774, 38.200416666666669 ], [ -105.19625, 38.200416666666669 ], [ -105.19625, 38.200694444444444 ], [ -105.195138888888877, 38.200694444444444 ], [ -105.195138888888877, 38.200972222222219 ], [ -105.194583333333327, 38.200972222222219 ], [ -105.194583333333327, 38.202083333333334 ], [ -105.192916666666662, 38.202083333333334 ], [ -105.192916666666662, 38.202361111111109 ], [ -105.192638888888879, 38.202361111111109 ], [ -105.192638888888879, 38.202638888888892 ], [ -105.192361111111111, 38.202638888888892 ], [ -105.192361111111111, 38.204305555555557 ], [ -105.192083333333329, 38.204305555555557 ], [ -105.192083333333329, 38.204861111111114 ], [ -105.192361111111111, 38.204861111111114 ], [ -105.192361111111111, 38.206805555555555 ], [ -105.192638888888879, 38.206805555555555 ], [ -105.192638888888879, 38.20708333333333 ], [ -105.192916666666662, 38.20708333333333 ], [ -105.192916666666662, 38.207361111111112 ], [ -105.193194444444444, 38.207361111111112 ], [ -105.193194444444444, 38.207638888888887 ], [ -105.192916666666662, 38.207638888888887 ], [ -105.192916666666662, 38.208194444444445 ], [ -105.192638888888879, 38.208194444444445 ], [ -105.192638888888879, 38.20875 ], [ -105.192916666666662, 38.20875 ], [ -105.192916666666662, 38.209027777777777 ], [ -105.193472222222212, 38.209027777777777 ], [ -105.193472222222212, 38.209305555555552 ], [ -105.19375, 38.209305555555552 ], [ -105.19375, 38.209583333333335 ], [ -105.194027777777777, 38.209583333333335 ], [ -105.194027777777777, 38.20986111111111 ], [ -105.194305555555545, 38.20986111111111 ], [ -105.194305555555545, 38.210138888888892 ], [ -105.194583333333327, 38.210138888888892 ], [ -105.194583333333327, 38.210416666666667 ], [ -105.194861111111109, 38.210416666666667 ], [ -105.194861111111109, 38.210694444444442 ], [ -105.195138888888877, 38.210694444444442 ], [ -105.195138888888877, 38.210972222222225 ], [ -105.195416666666659, 38.210972222222225 ], [ -105.195416666666659, 38.210694444444442 ], [ -105.195694444444442, 38.210694444444442 ], [ -105.195694444444442, 38.210138888888892 ], [ -105.19597222222221, 38.210138888888892 ], [ -105.19597222222221, 38.20986111111111 ], [ -105.19625, 38.20986111111111 ], [ -105.19625, 38.209583333333335 ], [ -105.196805555555542, 38.209583333333335 ], [ -105.196805555555542, 38.209305555555552 ], [ -105.197916666666657, 38.209305555555552 ], [ -105.197916666666657, 38.209583333333335 ], [ -105.199305555555554, 38.209583333333335 ], [ -105.199305555555554, 38.209305555555552 ], [ -105.199583333333322, 38.209305555555552 ], [ -105.199583333333322, 38.209027777777777 ], [ -105.200694444444437, 38.209027777777777 ], [ -105.200694444444437, 38.20847222222222 ], [ -105.20125, 38.20847222222222 ], [ -105.20125, 38.208194444444445 ], [ -105.20152777777777, 38.208194444444445 ], [ -105.20152777777777, 38.207916666666669 ], [ -105.202361111111102, 38.207916666666669 ], [ -105.202361111111102, 38.207638888888887 ], [ -105.203472222222217, 38.207638888888887 ], [ -105.203472222222217, 38.207361111111112 ], [ -105.20375, 38.207361111111112 ], [ -105.20375, 38.207638888888887 ], [ -105.204027777777767, 38.207638888888887 ], [ -105.204027777777767, 38.207916666666669 ], [ -105.20430555555555, 38.207916666666669 ], [ -105.20430555555555, 38.20847222222222 ], [ -105.204583333333332, 38.20847222222222 ], [ -105.204583333333332, 38.20875 ], [ -105.205416666666665, 38.20875 ], [ -105.205416666666665, 38.20847222222222 ], [ -105.205694444444433, 38.20847222222222 ], [ -105.205694444444433, 38.20875 ], [ -105.205972222222215, 38.20875 ], [ -105.205972222222215, 38.209027777777777 ], [ -105.20625, 38.209027777777777 ], [ -105.20625, 38.209305555555552 ], [ -105.206805555555547, 38.209305555555552 ], [ -105.206805555555547, 38.209583333333335 ], [ -105.20708333333333, 38.209583333333335 ], [ -105.20708333333333, 38.20986111111111 ], [ -105.207361111111098, 38.20986111111111 ], [ -105.207361111111098, 38.210138888888892 ], [ -105.20763888888888, 38.210138888888892 ], [ -105.20763888888888, 38.210416666666667 ], [ -105.207916666666662, 38.210416666666667 ], [ -105.207916666666662, 38.210694444444442 ], [ -105.208194444444445, 38.210694444444442 ], [ -105.208194444444445, 38.210972222222225 ], [ -105.208472222222213, 38.210972222222225 ], [ -105.208472222222213, 38.21125 ], [ -105.210138888888878, 38.21125 ], [ -105.210138888888878, 38.211527777777775 ], [ -105.21041666666666, 38.211527777777775 ], [ -105.21041666666666, 38.211805555555557 ], [ -105.210694444444442, 38.211805555555557 ], [ -105.210694444444442, 38.213472222222222 ], [ -105.21097222222221, 38.213472222222222 ], [ -105.21097222222221, 38.21375 ], [ -105.21125, 38.21375 ], [ -105.21125, 38.213472222222222 ], [ -105.211527777777775, 38.213472222222222 ], [ -105.211527777777775, 38.21375 ], [ -105.212361111111107, 38.21375 ], [ -105.212361111111107, 38.214861111111112 ], [ -105.212638888888875, 38.214861111111112 ], [ -105.212638888888875, 38.215138888888887 ], [ -105.215138888888887, 38.215138888888887 ], [ -105.215138888888887, 38.214861111111112 ], [ -105.215416666666655, 38.214861111111112 ], [ -105.215416666666655, 38.21458333333333 ], [ -105.215694444444438, 38.21458333333333 ], [ -105.215694444444438, 38.214305555555555 ], [ -105.21597222222222, 38.214305555555555 ], [ -105.21597222222222, 38.21402777777778 ], [ -105.21625, 38.21402777777778 ], [ -105.21625, 38.21375 ], [ -105.21652777777777, 38.21375 ], [ -105.21652777777777, 38.213472222222222 ], [ -105.217361111111103, 38.213472222222222 ], [ -105.217361111111103, 38.21541666666667 ], [ -105.217638888888885, 38.21541666666667 ], [ -105.217638888888885, 38.215694444444445 ], [ -105.217916666666653, 38.215694444444445 ], [ -105.217916666666653, 38.21625 ], [ -105.218194444444435, 38.21625 ], [ -105.218194444444435, 38.216527777777777 ], [ -105.21875, 38.216527777777777 ], [ -105.21875, 38.216805555555553 ], [ -105.21930555555555, 38.216805555555553 ], [ -105.21930555555555, 38.217083333333335 ], [ -105.220416666666665, 38.217083333333335 ], [ -105.220416666666665, 38.21736111111111 ], [ -105.220972222222215, 38.21736111111111 ], [ -105.220972222222215, 38.217638888888885 ], [ -105.22125, 38.217638888888885 ], [ -105.22125, 38.217916666666667 ], [ -105.221527777777766, 38.217916666666667 ], [ -105.221527777777766, 38.218194444444443 ], [ -105.221805555555548, 38.218194444444443 ], [ -105.221805555555548, 38.219027777777775 ], [ -105.22208333333333, 38.219027777777775 ], [ -105.22208333333333, 38.219583333333333 ], [ -105.222361111111098, 38.219583333333333 ], [ -105.222361111111098, 38.22013888888889 ], [ -105.222638888888881, 38.22013888888889 ], [ -105.222638888888881, 38.220416666666665 ], [ -105.222916666666663, 38.220416666666665 ], [ -105.222916666666663, 38.220694444444447 ], [ -105.223194444444431, 38.220694444444447 ], [ -105.223194444444431, 38.22152777777778 ], [ -105.223472222222213, 38.22152777777778 ], [ -105.223472222222213, 38.221805555555555 ], [ -105.224027777777778, 38.221805555555555 ], [ -105.224027777777778, 38.22152777777778 ], [ -105.224305555555546, 38.22152777777778 ], [ -105.224305555555546, 38.22125 ], [ -105.224583333333328, 38.22125 ], [ -105.224583333333328, 38.220972222222223 ], [ -105.225972222222211, 38.220972222222223 ], [ -105.225972222222211, 38.22125 ], [ -105.22625, 38.22125 ], [ -105.22625, 38.221805555555555 ], [ -105.226527777777775, 38.221805555555555 ], [ -105.226527777777775, 38.22208333333333 ], [ -105.226805555555543, 38.22208333333333 ], [ -105.226805555555543, 38.222361111111113 ], [ -105.227361111111108, 38.222361111111113 ], [ -105.227361111111108, 38.222638888888888 ], [ -105.227916666666658, 38.222638888888888 ], [ -105.227916666666658, 38.222916666666663 ], [ -105.229583333333323, 38.222916666666663 ], [ -105.229583333333323, 38.222638888888888 ], [ -105.229861111111106, 38.222638888888888 ], [ -105.229861111111106, 38.222916666666663 ], [ -105.230138888888888, 38.222916666666663 ], [ -105.230138888888888, 38.223194444444445 ], [ -105.230416666666656, 38.223194444444445 ], [ -105.230416666666656, 38.22375 ], [ -105.230694444444438, 38.22375 ], [ -105.230694444444438, 38.224027777777778 ], [ -105.230972222222221, 38.224027777777778 ], [ -105.230972222222221, 38.225694444444443 ], [ -105.23125, 38.225694444444443 ], [ -105.23125, 38.225972222222225 ], [ -105.231527777777771, 38.225972222222225 ], [ -105.231527777777771, 38.22625 ], [ -105.231805555555553, 38.22625 ], [ -105.231805555555553, 38.226527777777775 ], [ -105.232083333333321, 38.226527777777775 ], [ -105.232083333333321, 38.227083333333333 ], [ -105.232361111111103, 38.227083333333333 ], [ -105.232361111111103, 38.227916666666665 ], [ -105.232083333333321, 38.227916666666665 ], [ -105.232083333333321, 38.22902777777778 ], [ -105.231805555555553, 38.22902777777778 ], [ -105.231805555555553, 38.229305555555555 ], [ -105.232083333333321, 38.229305555555555 ], [ -105.232083333333321, 38.229583333333331 ], [ -105.232638888888886, 38.229583333333331 ], [ -105.232638888888886, 38.230416666666663 ], [ -105.232916666666654, 38.230416666666663 ], [ -105.232916666666654, 38.230972222222221 ], [ -105.233194444444436, 38.230972222222221 ], [ -105.233194444444436, 38.23125 ], [ -105.23375, 38.23125 ], [ -105.23375, 38.231527777777778 ], [ -105.234861111111101, 38.231527777777778 ], [ -105.234861111111101, 38.231805555555553 ], [ -105.235138888888883, 38.231805555555553 ], [ -105.235138888888883, 38.232361111111111 ], [ -105.235416666666666, 38.232361111111111 ], [ -105.235416666666666, 38.232916666666668 ], [ -105.235972222222216, 38.232916666666668 ], [ -105.235972222222216, 38.233194444444443 ], [ -105.23625, 38.233194444444443 ], [ -105.23625, 38.233472222222225 ], [ -105.236527777777766, 38.233472222222225 ], [ -105.236527777777766, 38.234027777777776 ], [ -105.23625, 38.234027777777776 ], [ -105.23625, 38.234305555555558 ], [ -105.235694444444434, 38.234305555555558 ], [ -105.235694444444434, 38.234583333333333 ], [ -105.235416666666666, 38.234583333333333 ], [ -105.235416666666666, 38.234861111111108 ], [ -105.234861111111101, 38.234861111111108 ], [ -105.234861111111101, 38.235416666666666 ], [ -105.234583333333333, 38.235416666666666 ], [ -105.234583333333333, 38.235694444444441 ], [ -105.23375, 38.235694444444441 ], [ -105.23375, 38.235972222222223 ], [ -105.232916666666654, 38.235972222222223 ], [ -105.232916666666654, 38.236527777777781 ], [ -105.232638888888886, 38.236527777777781 ], [ -105.232638888888886, 38.237361111111113 ], [ -105.232361111111103, 38.237361111111113 ], [ -105.232361111111103, 38.237638888888888 ], [ -105.232083333333321, 38.237638888888888 ], [ -105.232083333333321, 38.237916666666663 ], [ -105.231527777777771, 38.237916666666663 ], [ -105.231527777777771, 38.238194444444446 ], [ -105.230972222222221, 38.238194444444446 ], [ -105.230972222222221, 38.239305555555553 ], [ -105.23125, 38.239305555555553 ], [ -105.23125, 38.239583333333336 ], [ -105.231527777777771, 38.239583333333336 ], [ -105.231527777777771, 38.239861111111111 ], [ -105.231805555555553, 38.239861111111111 ], [ -105.231805555555553, 38.240416666666668 ], [ -105.232083333333321, 38.240416666666668 ], [ -105.232083333333321, 38.240694444444443 ], [ -105.232638888888886, 38.240694444444443 ], [ -105.232638888888886, 38.240972222222219 ], [ -105.233194444444436, 38.240972222222219 ], [ -105.233194444444436, 38.24125 ], [ -105.234027777777769, 38.24125 ], [ -105.234027777777769, 38.242361111111109 ], [ -105.234305555555551, 38.242361111111109 ], [ -105.234305555555551, 38.242916666666666 ], [ -105.234583333333333, 38.242916666666666 ], [ -105.234583333333333, 38.24375 ], [ -105.234861111111101, 38.24375 ], [ -105.234861111111101, 38.244027777777781 ], [ -105.235416666666666, 38.244027777777781 ], [ -105.235416666666666, 38.244305555555556 ], [ -105.235972222222216, 38.244305555555556 ], [ -105.235972222222216, 38.245138888888889 ], [ -105.235694444444434, 38.245138888888889 ], [ -105.235694444444434, 38.245416666666664 ], [ -105.235416666666666, 38.245416666666664 ], [ -105.235416666666666, 38.245972222222221 ], [ -105.235972222222216, 38.245972222222221 ], [ -105.235972222222216, 38.24625 ], [ -105.237361111111099, 38.24625 ], [ -105.237361111111099, 38.246527777777779 ], [ -105.237638888888881, 38.246527777777779 ], [ -105.237638888888881, 38.247916666666669 ], [ -105.237916666666663, 38.247916666666669 ], [ -105.237916666666663, 38.24875 ], [ -105.238194444444431, 38.24875 ], [ -105.238194444444431, 38.249583333333334 ], [ -105.237916666666663, 38.249583333333334 ], [ -105.237916666666663, 38.249861111111109 ], [ -105.237638888888881, 38.249861111111109 ], [ -105.237638888888881, 38.250972222222224 ], [ -105.237916666666663, 38.250972222222224 ], [ -105.237916666666663, 38.25125 ], [ -105.238194444444431, 38.25125 ], [ -105.238194444444431, 38.251527777777774 ], [ -105.238472222222214, 38.251527777777774 ], [ -105.238472222222214, 38.251805555555556 ], [ -105.23875, 38.251805555555556 ], [ -105.23875, 38.252083333333331 ], [ -105.239305555555546, 38.252083333333331 ], [ -105.239305555555546, 38.252361111111114 ], [ -105.239583333333329, 38.252361111111114 ], [ -105.239583333333329, 38.252916666666664 ], [ -105.239861111111111, 38.252916666666664 ], [ -105.239861111111111, 38.253194444444446 ], [ -105.240416666666661, 38.253194444444446 ], [ -105.240416666666661, 38.253472222222221 ], [ -105.240694444444443, 38.253472222222221 ], [ -105.240694444444443, 38.25375 ], [ -105.240972222222211, 38.25375 ], [ -105.240972222222211, 38.255694444444444 ], [ -105.241805555555544, 38.255694444444444 ], [ -105.241805555555544, 38.255972222222219 ], [ -105.242916666666659, 38.255972222222219 ], [ -105.242916666666659, 38.25625 ], [ -105.243472222222209, 38.25625 ], [ -105.243472222222209, 38.256805555555552 ], [ -105.24375, 38.256805555555552 ], [ -105.24375, 38.258472222222224 ], [ -105.244027777777774, 38.258472222222224 ], [ -105.244027777777774, 38.25875 ], [ -105.244305555555556, 38.25875 ], [ -105.244305555555556, 38.259027777777774 ], [ -105.244861111111106, 38.259027777777774 ], [ -105.244861111111106, 38.259305555555557 ], [ -105.245416666666657, 38.259305555555557 ], [ -105.245416666666657, 38.259583333333332 ], [ -105.245972222222221, 38.259583333333332 ], [ -105.245972222222221, 38.259861111111114 ], [ -105.24625, 38.259861111111114 ], [ -105.24625, 38.260138888888889 ], [ -105.246527777777771, 38.260138888888889 ], [ -105.246527777777771, 38.260694444444447 ], [ -105.246805555555554, 38.260694444444447 ], [ -105.246805555555554, 38.260972222222222 ], [ -105.248472222222219, 38.260972222222222 ], [ -105.248472222222219, 38.26125 ], [ -105.24875, 38.26125 ], [ -105.24875, 38.261527777777779 ], [ -105.249027777777769, 38.261527777777779 ], [ -105.249027777777769, 38.262638888888887 ], [ -105.249305555555551, 38.262638888888887 ], [ -105.249305555555551, 38.262916666666669 ], [ -105.249583333333334, 38.262916666666669 ], [ -105.249583333333334, 38.263194444444444 ], [ -105.250138888888884, 38.263194444444444 ], [ -105.250138888888884, 38.263472222222219 ], [ -105.250416666666666, 38.263472222222219 ], [ -105.250416666666666, 38.263194444444444 ], [ -105.251805555555549, 38.263194444444444 ], [ -105.251805555555549, 38.263472222222219 ], [ -105.252083333333331, 38.263472222222219 ], [ -105.252083333333331, 38.26375 ], [ -105.252361111111099, 38.26375 ], [ -105.252361111111099, 38.264027777777777 ], [ -105.252638888888882, 38.264027777777777 ], [ -105.252638888888882, 38.264305555555552 ], [ -105.252916666666664, 38.264305555555552 ], [ -105.252916666666664, 38.264583333333334 ], [ -105.253194444444432, 38.264583333333334 ], [ -105.253194444444432, 38.264861111111109 ], [ -105.253472222222214, 38.264861111111109 ], [ -105.253472222222214, 38.264583333333334 ], [ -105.25375, 38.264583333333334 ], [ -105.25375, 38.265416666666667 ], [ -105.254027777777765, 38.265416666666667 ], [ -105.254027777777765, 38.265694444444442 ], [ -105.254305555555547, 38.265694444444442 ], [ -105.254305555555547, 38.265972222222224 ], [ -105.255138888888879, 38.265972222222224 ], [ -105.255138888888879, 38.26625 ], [ -105.255694444444444, 38.26625 ], [ -105.255694444444444, 38.266527777777775 ], [ -105.255972222222212, 38.266527777777775 ], [ -105.255972222222212, 38.266805555555557 ], [ -105.25625, 38.266805555555557 ], [ -105.25625, 38.267083333333332 ], [ -105.256527777777777, 38.267083333333332 ], [ -105.256527777777777, 38.267638888888889 ], [ -105.256805555555545, 38.267638888888889 ], [ -105.256805555555545, 38.267916666666665 ], [ -105.257083333333327, 38.267916666666665 ], [ -105.257083333333327, 38.270416666666669 ], [ -105.256805555555545, 38.270416666666669 ], [ -105.256805555555545, 38.270694444444445 ], [ -105.255138888888879, 38.270694444444445 ], [ -105.255138888888879, 38.27097222222222 ], [ -105.254305555555547, 38.27097222222222 ], [ -105.254305555555547, 38.27125 ], [ -105.254027777777765, 38.27125 ], [ -105.254027777777765, 38.271527777777777 ], [ -105.25375, 38.271527777777777 ], [ -105.25375, 38.271805555555552 ], [ -105.254027777777765, 38.271805555555552 ], [ -105.254027777777765, 38.27375 ], [ -105.254305555555547, 38.27375 ], [ -105.254305555555547, 38.274027777777775 ], [ -105.254583333333329, 38.274027777777775 ], [ -105.254583333333329, 38.274305555555557 ], [ -105.254861111111111, 38.274305555555557 ], [ -105.254861111111111, 38.275694444444447 ], [ -105.255138888888879, 38.275694444444447 ], [ -105.255138888888879, 38.27625 ], [ -105.254861111111111, 38.27625 ], [ -105.254861111111111, 38.27652777777778 ], [ -105.254583333333329, 38.27652777777778 ], [ -105.254583333333329, 38.276805555555555 ], [ -105.254861111111111, 38.276805555555555 ], [ -105.254861111111111, 38.277361111111112 ], [ -105.254583333333329, 38.277361111111112 ], [ -105.254583333333329, 38.27847222222222 ], [ -105.254305555555547, 38.27847222222222 ], [ -105.254305555555547, 38.279027777777777 ], [ -105.254027777777765, 38.279027777777777 ], [ -105.254027777777765, 38.279583333333335 ], [ -105.254305555555547, 38.279583333333335 ], [ -105.254305555555547, 38.281527777777775 ], [ -105.25375, 38.281527777777775 ], [ -105.25375, 38.281805555555557 ], [ -105.253472222222214, 38.281805555555557 ], [ -105.253472222222214, 38.282083333333333 ], [ -105.253194444444432, 38.282083333333333 ], [ -105.253194444444432, 38.282361111111108 ], [ -105.252638888888882, 38.282361111111108 ], [ -105.252638888888882, 38.28263888888889 ], [ -105.252083333333331, 38.28263888888889 ], [ -105.252083333333331, 38.282916666666665 ], [ -105.251805555555549, 38.282916666666665 ], [ -105.251805555555549, 38.283194444444447 ], [ -105.251527777777767, 38.283194444444447 ], [ -105.251527777777767, 38.28402777777778 ], [ -105.250972222222217, 38.28402777777778 ], [ -105.250972222222217, 38.28375 ], [ -105.248194444444437, 38.28375 ], [ -105.248194444444437, 38.283472222222223 ], [ -105.247916666666654, 38.283472222222223 ], [ -105.247916666666654, 38.282916666666665 ], [ -105.247083333333322, 38.282916666666665 ], [ -105.247083333333322, 38.28263888888889 ], [ -105.246805555555554, 38.28263888888889 ], [ -105.246805555555554, 38.282916666666665 ], [ -105.24625, 38.282916666666665 ], [ -105.24625, 38.283194444444447 ], [ -105.245416666666657, 38.283194444444447 ], [ -105.245416666666657, 38.282916666666665 ], [ -105.245138888888889, 38.282916666666665 ], [ -105.245138888888889, 38.28263888888889 ], [ -105.244861111111106, 38.28263888888889 ], [ -105.244861111111106, 38.282361111111108 ], [ -105.244305555555556, 38.282361111111108 ], [ -105.244305555555556, 38.282083333333333 ], [ -105.244027777777774, 38.282083333333333 ], [ -105.244027777777774, 38.281805555555557 ], [ -105.24375, 38.281805555555557 ], [ -105.24375, 38.281527777777775 ], [ -105.242916666666659, 38.281527777777775 ], [ -105.242916666666659, 38.28125 ], [ -105.242361111111109, 38.28125 ], [ -105.242361111111109, 38.280972222222225 ], [ -105.241805555555544, 38.280972222222225 ], [ -105.241805555555544, 38.280694444444443 ], [ -105.24125, 38.280694444444443 ], [ -105.24125, 38.280416666666667 ], [ -105.239305555555546, 38.280416666666667 ], [ -105.239305555555546, 38.280138888888885 ], [ -105.239027777777764, 38.280138888888885 ], [ -105.239027777777764, 38.27986111111111 ], [ -105.238194444444431, 38.27986111111111 ], [ -105.238194444444431, 38.280138888888885 ], [ -105.235972222222216, 38.280138888888885 ], [ -105.235972222222216, 38.281805555555557 ], [ -105.23625, 38.281805555555557 ], [ -105.23625, 38.282083333333333 ], [ -105.235972222222216, 38.282083333333333 ], [ -105.235972222222216, 38.282916666666665 ], [ -105.23625, 38.282916666666665 ], [ -105.23625, 38.28458333333333 ], [ -105.236527777777766, 38.28458333333333 ], [ -105.236527777777766, 38.285694444444445 ], [ -105.23625, 38.285694444444445 ], [ -105.23625, 38.28625 ], [ -105.235972222222216, 38.28625 ], [ -105.235972222222216, 38.287083333333335 ], [ -105.235694444444434, 38.287083333333335 ], [ -105.235694444444434, 38.28736111111111 ], [ -105.235416666666666, 38.28736111111111 ], [ -105.235416666666666, 38.288194444444443 ], [ -105.235138888888883, 38.288194444444443 ], [ -105.235138888888883, 38.289305555555558 ], [ -105.235416666666666, 38.289305555555558 ], [ -105.235416666666666, 38.289583333333333 ], [ -105.235138888888883, 38.289583333333333 ], [ -105.235138888888883, 38.29013888888889 ], [ -105.234861111111101, 38.29013888888889 ], [ -105.234861111111101, 38.290416666666665 ], [ -105.234583333333333, 38.290416666666665 ], [ -105.234583333333333, 38.290694444444448 ], [ -105.234305555555551, 38.290694444444448 ], [ -105.234305555555551, 38.290972222222223 ], [ -105.234027777777769, 38.290972222222223 ], [ -105.234027777777769, 38.29152777777778 ], [ -105.23375, 38.29152777777778 ], [ -105.23375, 38.293472222222221 ], [ -105.233472222222218, 38.293472222222221 ], [ -105.233472222222218, 38.294027777777778 ], [ -105.233194444444436, 38.294027777777778 ], [ -105.233194444444436, 38.294583333333335 ], [ -105.232916666666654, 38.294583333333335 ], [ -105.232916666666654, 38.295694444444443 ], [ -105.232638888888886, 38.295694444444443 ], [ -105.232638888888886, 38.295972222222225 ], [ -105.232361111111103, 38.295972222222225 ], [ -105.232361111111103, 38.29625 ], [ -105.231805555555553, 38.29625 ], [ -105.231805555555553, 38.296527777777776 ], [ -105.229861111111106, 38.296527777777776 ], [ -105.229861111111106, 38.296805555555558 ], [ -105.229027777777773, 38.296805555555558 ], [ -105.229027777777773, 38.297083333333333 ], [ -105.228472222222209, 38.297083333333333 ], [ -105.228472222222209, 38.297361111111108 ], [ -105.227361111111108, 38.297361111111108 ], [ -105.227361111111108, 38.297083333333333 ], [ -105.225972222222211, 38.297083333333333 ], [ -105.225972222222211, 38.296805555555558 ], [ -105.225694444444443, 38.296805555555558 ], [ -105.225694444444443, 38.296527777777776 ], [ -105.225416666666661, 38.296527777777776 ], [ -105.225416666666661, 38.29625 ], [ -105.225138888888878, 38.29625 ], [ -105.225138888888878, 38.295972222222225 ], [ -105.22486111111111, 38.295972222222225 ], [ -105.22486111111111, 38.295694444444443 ], [ -105.224027777777778, 38.295694444444443 ], [ -105.224027777777778, 38.295416666666668 ], [ -105.220694444444433, 38.295416666666668 ], [ -105.220694444444433, 38.295694444444443 ], [ -105.220416666666665, 38.295694444444443 ], [ -105.220416666666665, 38.295972222222225 ], [ -105.220138888888883, 38.295972222222225 ], [ -105.220138888888883, 38.29625 ], [ -105.219027777777768, 38.29625 ], [ -105.219027777777768, 38.296527777777776 ], [ -105.218194444444435, 38.296527777777776 ], [ -105.218194444444435, 38.296805555555558 ], [ -105.216805555555553, 38.296805555555558 ], [ -105.216805555555553, 38.296527777777776 ], [ -105.21625, 38.296527777777776 ], [ -105.21625, 38.296805555555558 ], [ -105.21597222222222, 38.296805555555558 ], [ -105.21597222222222, 38.296527777777776 ], [ -105.215138888888887, 38.296527777777776 ], [ -105.215138888888887, 38.29625 ], [ -105.214861111111105, 38.29625 ], [ -105.214861111111105, 38.295694444444443 ], [ -105.214305555555555, 38.295694444444443 ], [ -105.214305555555555, 38.295416666666668 ], [ -105.213472222222222, 38.295416666666668 ], [ -105.213472222222222, 38.295138888888886 ], [ -105.212361111111107, 38.295138888888886 ], [ -105.212361111111107, 38.295416666666668 ], [ -105.21097222222221, 38.295416666666668 ], [ -105.21097222222221, 38.295694444444443 ], [ -105.210694444444442, 38.295694444444443 ], [ -105.210694444444442, 38.295972222222225 ], [ -105.210138888888878, 38.295972222222225 ], [ -105.210138888888878, 38.29625 ], [ -105.209583333333327, 38.29625 ], [ -105.209583333333327, 38.296527777777776 ], [ -105.209027777777777, 38.296527777777776 ], [ -105.209027777777777, 38.296805555555558 ], [ -105.208472222222213, 38.296805555555558 ], [ -105.208472222222213, 38.296527777777776 ], [ -105.207361111111098, 38.296527777777776 ], [ -105.207361111111098, 38.29625 ], [ -105.205972222222215, 38.29625 ], [ -105.205972222222215, 38.296527777777776 ], [ -105.205416666666665, 38.296527777777776 ], [ -105.205416666666665, 38.296805555555558 ], [ -105.2048611111111, 38.296805555555558 ], [ -105.2048611111111, 38.297361111111108 ], [ -105.204583333333332, 38.297361111111108 ], [ -105.204583333333332, 38.297638888888891 ], [ -105.20430555555555, 38.297638888888891 ], [ -105.20430555555555, 38.297916666666666 ], [ -105.204027777777767, 38.297916666666666 ], [ -105.204027777777767, 38.298194444444441 ], [ -105.203194444444435, 38.298194444444441 ], [ -105.203194444444435, 38.298472222222223 ], [ -105.202916666666667, 38.298472222222223 ], [ -105.202916666666667, 38.29875 ], [ -105.202638888888885, 38.29875 ], [ -105.202638888888885, 38.299027777777781 ], [ -105.202361111111102, 38.299027777777781 ], [ -105.202361111111102, 38.299305555555556 ], [ -105.20208333333332, 38.299305555555556 ], [ -105.20208333333332, 38.299583333333331 ], [ -105.201805555555552, 38.299583333333331 ], [ -105.201805555555552, 38.300138888888888 ], [ -105.20152777777777, 38.300138888888888 ], [ -105.20152777777777, 38.300416666666663 ], [ -105.20125, 38.300416666666663 ], [ -105.20125, 38.300694444444446 ], [ -105.200972222222219, 38.300694444444446 ], [ -105.200972222222219, 38.30125 ], [ -105.200694444444437, 38.30125 ], [ -105.200694444444437, 38.301805555555553 ], [ -105.200416666666655, 38.301805555555553 ], [ -105.200416666666655, 38.302083333333336 ], [ -105.200138888888887, 38.302083333333336 ], [ -105.200138888888887, 38.302361111111111 ], [ -105.199861111111105, 38.302361111111111 ], [ -105.199861111111105, 38.302638888888886 ], [ -105.199583333333322, 38.302638888888886 ], [ -105.199583333333322, 38.304861111111109 ], [ -105.199305555555554, 38.304861111111109 ], [ -105.199305555555554, 38.305138888888891 ], [ -105.197916666666657, 38.305138888888891 ], [ -105.197916666666657, 38.305416666666666 ], [ -105.197361111111107, 38.305416666666666 ], [ -105.197361111111107, 38.305972222222223 ], [ -105.197083333333325, 38.305972222222223 ], [ -105.197083333333325, 38.306527777777781 ], [ -105.196805555555542, 38.306527777777781 ], [ -105.196805555555542, 38.306805555555556 ], [ -105.196527777777774, 38.306805555555556 ], [ -105.196527777777774, 38.307083333333331 ], [ -105.19625, 38.307083333333331 ], [ -105.19625, 38.307361111111113 ], [ -105.19597222222221, 38.307361111111113 ], [ -105.19597222222221, 38.307638888888889 ], [ -105.195694444444442, 38.307638888888889 ], [ -105.195694444444442, 38.307916666666664 ], [ -105.195138888888877, 38.307916666666664 ], [ -105.195138888888877, 38.308472222222221 ], [ -105.194861111111109, 38.308472222222221 ], [ -105.194861111111109, 38.30875 ], [ -105.194583333333327, 38.30875 ], [ -105.194583333333327, 38.309305555555554 ], [ -105.19375, 38.309305555555554 ], [ -105.19375, 38.309583333333336 ], [ -105.193472222222212, 38.309583333333336 ], [ -105.193472222222212, 38.309861111111111 ], [ -105.192638888888879, 38.309861111111111 ], [ -105.192638888888879, 38.310138888888886 ], [ -105.192083333333329, 38.310138888888886 ], [ -105.192083333333329, 38.310416666666669 ], [ -105.191805555555547, 38.310416666666669 ], [ -105.191805555555547, 38.310972222222219 ], [ -105.191527777777765, 38.310972222222219 ], [ -105.191527777777765, 38.312361111111109 ], [ -105.19125, 38.312361111111109 ], [ -105.19125, 38.312916666666666 ], [ -105.190972222222214, 38.312916666666666 ], [ -105.190972222222214, 38.314027777777774 ], [ -105.190694444444432, 38.314027777777774 ], [ -105.190694444444432, 38.314305555555556 ], [ -105.190416666666664, 38.314305555555556 ], [ -105.190416666666664, 38.314583333333331 ], [ -105.190138888888882, 38.314583333333331 ], [ -105.190138888888882, 38.314861111111114 ], [ -105.189583333333331, 38.314861111111114 ], [ -105.189583333333331, 38.315138888888889 ], [ -105.189305555555549, 38.315138888888889 ], [ -105.189305555555549, 38.315416666666664 ], [ -105.189027777777767, 38.315416666666664 ], [ -105.189027777777767, 38.315694444444446 ], [ -105.188194444444434, 38.315694444444446 ], [ -105.188194444444434, 38.315972222222221 ], [ -105.187916666666666, 38.315972222222221 ], [ -105.187916666666666, 38.31625 ], [ -105.187638888888884, 38.31625 ], [ -105.187638888888884, 38.316527777777779 ], [ -105.187361111111102, 38.316527777777779 ], [ -105.187361111111102, 38.316805555555554 ], [ -105.187083333333334, 38.316805555555554 ], [ -105.187083333333334, 38.317083333333336 ], [ -105.186527777777769, 38.317083333333336 ], [ -105.186527777777769, 38.317361111111111 ], [ -105.185694444444437, 38.317361111111111 ], [ -105.185694444444437, 38.317638888888887 ], [ -105.185416666666654, 38.317638888888887 ], [ -105.185416666666654, 38.318194444444444 ], [ -105.185138888888886, 38.318194444444444 ], [ -105.185138888888886, 38.318472222222219 ], [ -105.184861111111104, 38.318472222222219 ], [ -105.184861111111104, 38.31875 ], [ -105.184583333333322, 38.31875 ], [ -105.184583333333322, 38.319027777777777 ], [ -105.184305555555554, 38.319027777777777 ], [ -105.184305555555554, 38.319305555555552 ], [ -105.184027777777771, 38.319305555555552 ], [ -105.184027777777771, 38.319583333333334 ], [ -105.183472222222221, 38.319583333333334 ], [ -105.183472222222221, 38.319861111111109 ], [ -105.183194444444439, 38.319861111111109 ], [ -105.183194444444439, 38.320138888888891 ], [ -105.182083333333324, 38.320138888888891 ], [ -105.182083333333324, 38.320416666666667 ], [ -105.181805555555556, 38.320416666666667 ], [ -105.181805555555556, 38.320972222222224 ], [ -105.181527777777774, 38.320972222222224 ], [ -105.181527777777774, 38.32125 ], [ -105.18125, 38.32125 ], [ -105.18125, 38.321527777777774 ], [ -105.180694444444441, 38.321527777777774 ], [ -105.180694444444441, 38.321805555555557 ], [ -105.180416666666659, 38.321805555555557 ], [ -105.180416666666659, 38.322083333333332 ], [ -105.179861111111109, 38.322083333333332 ], [ -105.179861111111109, 38.322361111111114 ], [ -105.179027777777776, 38.322361111111114 ], [ -105.179027777777776, 38.322638888888889 ], [ -105.17875, 38.322638888888889 ], [ -105.17875, 38.322916666666664 ], [ -105.177916666666661, 38.322916666666664 ], [ -105.177916666666661, 38.323194444444447 ], [ -105.177638888888879, 38.323194444444447 ], [ -105.177638888888879, 38.323472222222222 ], [ -105.177361111111111, 38.323472222222222 ], [ -105.177361111111111, 38.32375 ], [ -105.177083333333329, 38.32375 ], [ -105.177083333333329, 38.324305555555554 ], [ -105.176805555555546, 38.324305555555554 ], [ -105.176805555555546, 38.324583333333337 ], [ -105.176527777777764, 38.324583333333337 ], [ -105.176527777777764, 38.325416666666669 ], [ -105.17625, 38.325416666666669 ], [ -105.17625, 38.32625 ], [ -105.175972222222214, 38.32625 ], [ -105.175972222222214, 38.326527777777777 ], [ -105.175694444444431, 38.326527777777777 ], [ -105.175694444444431, 38.326805555555552 ], [ -105.175138888888881, 38.326805555555552 ], [ -105.175138888888881, 38.327083333333334 ], [ -105.174861111111099, 38.327083333333334 ], [ -105.174861111111099, 38.327638888888892 ], [ -105.174583333333331, 38.327638888888892 ], [ -105.174583333333331, 38.328194444444442 ], [ -105.174305555555549, 38.328194444444442 ], [ -105.174305555555549, 38.328472222222224 ], [ -105.17375, 38.328472222222224 ], [ -105.17375, 38.32875 ], [ -105.173194444444434, 38.32875 ], [ -105.173194444444434, 38.329027777777775 ], [ -105.173472222222216, 38.329027777777775 ], [ -105.173472222222216, 38.330138888888889 ], [ -105.17375, 38.330138888888889 ], [ -105.17375, 38.330416666666665 ], [ -105.173472222222216, 38.330416666666665 ], [ -105.173472222222216, 38.331527777777779 ], [ -105.17375, 38.331527777777779 ], [ -105.17375, 38.333194444444445 ], [ -105.173472222222216, 38.333194444444445 ], [ -105.173472222222216, 38.33375 ], [ -105.173194444444434, 38.33375 ], [ -105.173194444444434, 38.334027777777777 ], [ -105.172916666666666, 38.334027777777777 ], [ -105.172916666666666, 38.334305555555552 ], [ -105.172638888888883, 38.334305555555552 ], [ -105.172638888888883, 38.334583333333335 ], [ -105.172083333333333, 38.334583333333335 ], [ -105.172083333333333, 38.33486111111111 ], [ -105.171527777777769, 38.33486111111111 ], [ -105.171527777777769, 38.335138888888892 ], [ -105.170972222222218, 38.335138888888892 ], [ -105.170972222222218, 38.335416666666667 ], [ -105.170694444444436, 38.335416666666667 ], [ -105.170694444444436, 38.335694444444442 ], [ -105.170416666666654, 38.335694444444442 ], [ -105.170416666666654, 38.336527777777775 ], [ -105.169861111111103, 38.336527777777775 ], [ -105.169861111111103, 38.336805555555557 ], [ -105.169583333333321, 38.336805555555557 ], [ -105.169583333333321, 38.337361111111107 ], [ -105.169305555555553, 38.337361111111107 ], [ -105.169305555555553, 38.33763888888889 ], [ -105.169027777777771, 38.33763888888889 ], [ -105.169027777777771, 38.338194444444447 ], [ -105.16875, 38.338194444444447 ], [ -105.16875, 38.338472222222222 ], [ -105.168472222222221, 38.338472222222222 ], [ -105.168472222222221, 38.33875 ], [ -105.168194444444438, 38.33875 ], [ -105.168194444444438, 38.33902777777778 ], [ -105.167916666666656, 38.33902777777778 ], [ -105.167916666666656, 38.339305555555555 ], [ -105.167638888888888, 38.339305555555555 ], [ -105.167638888888888, 38.340694444444445 ], [ -105.167361111111106, 38.340694444444445 ], [ -105.167361111111106, 38.341805555555553 ], [ -105.167083333333323, 38.341805555555553 ], [ -105.167083333333323, 38.34236111111111 ], [ -105.166805555555555, 38.34236111111111 ], [ -105.166805555555555, 38.342638888888885 ], [ -105.166527777777773, 38.342638888888885 ], [ -105.166527777777773, 38.342916666666667 ], [ -105.16625, 38.342916666666667 ], [ -105.16625, 38.343194444444443 ], [ -105.165972222222209, 38.343194444444443 ], [ -105.165972222222209, 38.34375 ], [ -105.165694444444441, 38.34375 ], [ -105.165694444444441, 38.344027777777775 ], [ -105.165138888888876, 38.344027777777775 ], [ -105.165138888888876, 38.344305555555557 ], [ -105.164861111111108, 38.344305555555557 ], [ -105.164861111111108, 38.344583333333333 ], [ -105.164583333333326, 38.344583333333333 ], [ -105.164583333333326, 38.34513888888889 ], [ -105.164305555555543, 38.34513888888889 ], [ -105.164305555555543, 38.345416666666665 ], [ -105.163472222222211, 38.345416666666665 ], [ -105.163472222222211, 38.345694444444447 ], [ -105.163194444444443, 38.345694444444447 ], [ -105.163194444444443, 38.345972222222223 ], [ -105.162916666666661, 38.345972222222223 ], [ -105.162916666666661, 38.34625 ], [ -105.162638888888878, 38.34625 ], [ -105.162638888888878, 38.34652777777778 ], [ -105.16236111111111, 38.34652777777778 ], [ -105.16236111111111, 38.34708333333333 ], [ -105.162083333333328, 38.34708333333333 ], [ -105.162083333333328, 38.347361111111113 ], [ -105.161805555555546, 38.347361111111113 ], [ -105.161805555555546, 38.347638888888888 ], [ -105.161527777777778, 38.347638888888888 ], [ -105.161527777777778, 38.348194444444445 ], [ -105.16125, 38.348194444444445 ], [ -105.16125, 38.34847222222222 ], [ -105.160972222222213, 38.34847222222222 ], [ -105.160972222222213, 38.34875 ], [ -105.160694444444431, 38.34875 ], [ -105.160694444444431, 38.349027777777778 ], [ -105.160416666666663, 38.349027777777778 ], [ -105.160416666666663, 38.349305555555553 ], [ -105.159861111111098, 38.349305555555553 ], [ -105.159861111111098, 38.349583333333335 ], [ -105.15958333333333, 38.349583333333335 ], [ -105.15958333333333, 38.34986111111111 ], [ -105.159305555555548, 38.34986111111111 ], [ -105.159305555555548, 38.350138888888885 ], [ -105.159027777777766, 38.350138888888885 ], [ -105.159027777777766, 38.350416666666668 ], [ -105.15875, 38.350416666666668 ], [ -105.15875, 38.350972222222225 ], [ -105.158472222222215, 38.350972222222225 ], [ -105.158472222222215, 38.35125 ], [ -105.158194444444433, 38.35125 ], [ -105.158194444444433, 38.352361111111108 ], [ -105.157916666666665, 38.352361111111108 ], [ -105.157916666666665, 38.35263888888889 ], [ -105.157638888888883, 38.35263888888889 ], [ -105.157638888888883, 38.354861111111113 ], [ -105.157361111111101, 38.354861111111113 ], [ -105.157361111111101, 38.35625 ], [ -105.157083333333333, 38.35625 ], [ -105.157083333333333, 38.356805555555553 ], [ -105.15680555555555, 38.356805555555553 ], [ -105.15680555555555, 38.357083333333335 ], [ -105.156527777777768, 38.357083333333335 ], [ -105.156527777777768, 38.35875 ], [ -105.15680555555555, 38.35875 ], [ -105.15680555555555, 38.362361111111113 ], [ -105.157083333333333, 38.362361111111113 ], [ -105.157083333333333, 38.363472222222221 ], [ -105.157361111111101, 38.363472222222221 ], [ -105.157361111111101, 38.364583333333336 ], [ -105.157083333333333, 38.364583333333336 ], [ -105.157083333333333, 38.364861111111111 ], [ -105.15680555555555, 38.364861111111111 ], [ -105.15680555555555, 38.365138888888886 ], [ -105.156527777777768, 38.365138888888886 ], [ -105.156527777777768, 38.365416666666668 ], [ -105.15625, 38.365416666666668 ], [ -105.15625, 38.365694444444443 ], [ -105.155416666666653, 38.365694444444443 ], [ -105.155416666666653, 38.365972222222219 ], [ -105.155138888888885, 38.365972222222219 ], [ -105.155138888888885, 38.36625 ], [ -105.154861111111103, 38.36625 ], [ -105.154861111111103, 38.366527777777776 ], [ -105.154305555555553, 38.366527777777776 ], [ -105.154305555555553, 38.366805555555558 ], [ -105.15402777777777, 38.366805555555558 ], [ -105.15402777777777, 38.367083333333333 ], [ -105.15375, 38.367083333333333 ], [ -105.15375, 38.36875 ], [ -105.15402777777777, 38.36875 ], [ -105.15402777777777, 38.369027777777781 ], [ -105.154305555555553, 38.369027777777781 ], [ -105.154305555555553, 38.369305555555556 ], [ -105.15375, 38.369305555555556 ], [ -105.15375, 38.369583333333331 ], [ -105.152083333333323, 38.369583333333331 ], [ -105.152083333333323, 38.369861111111113 ], [ -105.151527777777773, 38.369861111111113 ], [ -105.151527777777773, 38.370138888888889 ], [ -105.150972222222222, 38.370138888888889 ], [ -105.150972222222222, 38.370416666666664 ], [ -105.150138888888875, 38.370416666666664 ], [ -105.150138888888875, 38.370694444444446 ], [ -105.149861111111107, 38.370694444444446 ], [ -105.149861111111107, 38.370972222222221 ], [ -105.149583333333325, 38.370972222222221 ], [ -105.149583333333325, 38.37125 ], [ -105.149027777777775, 38.37125 ], [ -105.149027777777775, 38.372361111111111 ], [ -105.14875, 38.372361111111111 ], [ -105.14875, 38.372916666666669 ], [ -105.14847222222221, 38.372916666666669 ], [ -105.14847222222221, 38.374305555555559 ], [ -105.148194444444442, 38.374305555555559 ], [ -105.148194444444442, 38.374583333333334 ], [ -105.14791666666666, 38.374583333333334 ], [ -105.14791666666666, 38.374861111111109 ], [ -105.147638888888878, 38.374861111111109 ], [ -105.147638888888878, 38.375138888888891 ], [ -105.14736111111111, 38.375138888888891 ], [ -105.14736111111111, 38.375416666666666 ], [ -105.147083333333327, 38.375416666666666 ], [ -105.147083333333327, 38.37625 ], [ -105.14736111111111, 38.37625 ], [ -105.14736111111111, 38.376527777777774 ], [ -105.147638888888878, 38.376527777777774 ], [ -105.147638888888878, 38.377361111111114 ], [ -105.14736111111111, 38.377361111111114 ], [ -105.14736111111111, 38.377916666666664 ], [ -105.147083333333327, 38.377916666666664 ], [ -105.147083333333327, 38.378472222222221 ], [ -105.146805555555545, 38.378472222222221 ], [ -105.146805555555545, 38.379861111111111 ], [ -105.146527777777777, 38.379861111111111 ], [ -105.146527777777777, 38.380416666666669 ], [ -105.146805555555545, 38.380416666666669 ], [ -105.146805555555545, 38.380972222222219 ], [ -105.147083333333327, 38.380972222222219 ], [ -105.147083333333327, 38.382083333333334 ], [ -105.146805555555545, 38.382083333333334 ], [ -105.146805555555545, 38.382361111111109 ], [ -105.146527777777777, 38.382361111111109 ], [ -105.146527777777777, 38.382638888888891 ], [ -105.14625, 38.382638888888891 ], [ -105.14625, 38.382916666666667 ], [ -105.145694444444445, 38.382916666666667 ], [ -105.145694444444445, 38.383194444444442 ], [ -105.145416666666662, 38.383194444444442 ], [ -105.145416666666662, 38.383472222222224 ], [ -105.145694444444445, 38.383472222222224 ], [ -105.145694444444445, 38.384027777777774 ], [ -105.145416666666662, 38.384027777777774 ], [ -105.145416666666662, 38.384583333333332 ], [ -105.14513888888888, 38.384583333333332 ], [ -105.14513888888888, 38.385694444444447 ], [ -105.144861111111098, 38.385694444444447 ], [ -105.144861111111098, 38.387083333333337 ], [ -105.14458333333333, 38.387083333333337 ], [ -105.14458333333333, 38.387361111111112 ], [ -105.144305555555547, 38.387361111111112 ], [ -105.144305555555547, 38.387638888888887 ], [ -105.144027777777765, 38.387638888888887 ], [ -105.144027777777765, 38.387916666666669 ], [ -105.14375, 38.387916666666669 ], [ -105.14375, 38.388194444444444 ], [ -105.14125, 38.388194444444444 ], [ -105.14125, 38.388472222222219 ], [ -105.140694444444435, 38.388472222222219 ], [ -105.140694444444435, 38.388194444444444 ], [ -105.140138888888885, 38.388194444444444 ], [ -105.140138888888885, 38.388472222222219 ], [ -105.139861111111102, 38.388472222222219 ], [ -105.139861111111102, 38.388194444444444 ], [ -105.138472222222219, 38.388194444444444 ], [ -105.138472222222219, 38.387916666666669 ], [ -105.137638888888887, 38.387916666666669 ], [ -105.137638888888887, 38.387638888888887 ], [ -105.137361111111105, 38.387638888888887 ], [ -105.137361111111105, 38.387361111111112 ], [ -105.136805555555554, 38.387361111111112 ], [ -105.136805555555554, 38.387083333333337 ], [ -105.135972222222222, 38.387083333333337 ], [ -105.135972222222222, 38.387361111111112 ], [ -105.135694444444439, 38.387361111111112 ], [ -105.135694444444439, 38.387638888888887 ], [ -105.134861111111107, 38.387638888888887 ], [ -105.134861111111107, 38.387916666666669 ], [ -105.134583333333325, 38.387916666666669 ], [ -105.134583333333325, 38.388472222222219 ], [ -105.134305555555542, 38.388472222222219 ], [ -105.134305555555542, 38.38875 ], [ -105.134027777777774, 38.38875 ], [ -105.134027777777774, 38.389027777777777 ], [ -105.13375, 38.389027777777777 ], [ -105.13375, 38.389305555555552 ], [ -105.13347222222221, 38.389305555555552 ], [ -105.13347222222221, 38.389583333333334 ], [ -105.133194444444442, 38.389583333333334 ], [ -105.133194444444442, 38.389861111111109 ], [ -105.132916666666659, 38.389861111111109 ], [ -105.132916666666659, 38.390138888888892 ], [ -105.132361111111109, 38.390138888888892 ], [ -105.132361111111109, 38.390416666666667 ], [ -105.132083333333327, 38.390416666666667 ], [ -105.132083333333327, 38.390972222222224 ], [ -105.132361111111109, 38.390972222222224 ], [ -105.132361111111109, 38.391805555555557 ], [ -105.132916666666659, 38.391805555555557 ], [ -105.132916666666659, 38.392361111111114 ], [ -105.13347222222221, 38.392361111111114 ], [ -105.13347222222221, 38.392638888888889 ], [ -105.13375, 38.392638888888889 ], [ -105.13375, 38.392916666666665 ], [ -105.134027777777774, 38.392916666666665 ], [ -105.134027777777774, 38.39375 ], [ -105.13347222222221, 38.39375 ], [ -105.13347222222221, 38.394027777777779 ], [ -105.133194444444442, 38.394027777777779 ], [ -105.133194444444442, 38.394305555555555 ], [ -105.132916666666659, 38.394305555555555 ], [ -105.132916666666659, 38.394861111111112 ], [ -105.133194444444442, 38.394861111111112 ], [ -105.133194444444442, 38.395138888888887 ], [ -105.134305555555542, 38.395138888888887 ], [ -105.134305555555542, 38.394861111111112 ], [ -105.134583333333325, 38.394861111111112 ], [ -105.134583333333325, 38.395138888888887 ], [ -105.134861111111107, 38.395138888888887 ], [ -105.134861111111107, 38.395416666666669 ], [ -105.135694444444439, 38.395416666666669 ], [ -105.135694444444439, 38.395694444444445 ], [ -105.135972222222222, 38.395694444444445 ], [ -105.135972222222222, 38.39597222222222 ], [ -105.136527777777772, 38.39597222222222 ], [ -105.136527777777772, 38.395694444444445 ], [ -105.136805555555554, 38.395694444444445 ], [ -105.136805555555554, 38.39625 ], [ -105.137083333333322, 38.39625 ], [ -105.137083333333322, 38.397083333333335 ], [ -105.136805555555554, 38.397083333333335 ], [ -105.136805555555554, 38.397638888888892 ], [ -105.137361111111105, 38.397638888888892 ], [ -105.137361111111105, 38.397916666666667 ], [ -105.138194444444437, 38.397916666666667 ], [ -105.138194444444437, 38.398194444444442 ], [ -105.140138888888885, 38.398194444444442 ], [ -105.140138888888885, 38.398472222222225 ], [ -105.140416666666667, 38.398472222222225 ], [ -105.140416666666667, 38.398194444444442 ], [ -105.14125, 38.398194444444442 ], [ -105.14125, 38.397916666666667 ], [ -105.141527777777767, 38.397916666666667 ], [ -105.141527777777767, 38.398194444444442 ], [ -105.142083333333332, 38.398194444444442 ], [ -105.142083333333332, 38.398472222222225 ], [ -105.142638888888882, 38.398472222222225 ], [ -105.142638888888882, 38.39875 ], [ -105.144027777777765, 38.39875 ], [ -105.144027777777765, 38.398472222222225 ], [ -105.14513888888888, 38.398472222222225 ], [ -105.14513888888888, 38.39875 ], [ -105.149027777777775, 38.39875 ], [ -105.149027777777775, 38.398472222222225 ], [ -105.149583333333325, 38.398472222222225 ], [ -105.149583333333325, 38.39875 ], [ -105.150138888888875, 38.39875 ] ] ] } },
{ "type": "Feature", "properties": { "pour_lon": -105.19319444444444, "pour_lat": 38.429305555555558, "orig_lon": -105.195, "orig_lat": 38.4267, "name": "block_-2629904", "block_id": -2629904, "area_deg2": 0.35004444444444593 }, "geometry": { "type": "Polygon", "coordinates": [ [ [ -105.899861111111107, 38.719861111111115 ], [ -105.899861111111107, 38.71958333333334 ], [ -105.900138888888875, 38.71958333333334 ], [ -105.900138888888875, 38.719305555555557 ], [ -105.90069444444444, 38.719305555555557 ], [ -105.90069444444444, 38.71958333333334 ], [ -105.900972222222208, 38.71958333333334 ], [ -105.900972222222208, 38.719305555555557 ], [ -105.901527777777773, 38.719305555555557 ], [ -105.901527777777773, 38.719027777777782 ], [ -105.901805555555555, 38.719027777777782 ], [ -105.901805555555555, 38.71875 ], [ -105.902083333333323, 38.71875 ], [ -105.902083333333323, 38.718472222222225 ], [ -105.902638888888887, 38.718472222222225 ], [ -105.902638888888887, 38.71875 ], [ -105.903194444444438, 38.71875 ], [ -105.903194444444438, 38.718472222222225 ], [ -105.904583333333321, 38.718472222222225 ], [ -105.904583333333321, 38.71819444444445 ], [ -105.904861111111103, 38.71819444444445 ], [ -105.904861111111103, 38.717916666666667 ], [ -105.905138888888885, 38.717916666666667 ], [ -105.905138888888885, 38.717638888888892 ], [ -105.905416666666653, 38.717638888888892 ], [ -105.905416666666653, 38.717361111111117 ], [ -105.90625, 38.717361111111117 ], [ -105.90625, 38.717083333333335 ], [ -105.906527777777768, 38.717083333333335 ], [ -105.906527777777768, 38.716527777777785 ], [ -105.907638888888883, 38.716527777777785 ], [ -105.907638888888883, 38.71680555555556 ], [ -105.909027777777766, 38.71680555555556 ], [ -105.909027777777766, 38.716527777777785 ], [ -105.910416666666663, 38.716527777777785 ], [ -105.910416666666663, 38.71680555555556 ], [ -105.910694444444431, 38.71680555555556 ], [ -105.910694444444431, 38.717083333333335 ], [ -105.910972222222213, 38.717083333333335 ], [ -105.910972222222213, 38.717361111111117 ], [ -105.911527777777764, 38.717361111111117 ], [ -105.911527777777764, 38.717638888888892 ], [ -105.91236111111111, 38.717638888888892 ], [ -105.91236111111111, 38.717916666666667 ], [ -105.912916666666661, 38.717916666666667 ], [ -105.912916666666661, 38.71819444444445 ], [ -105.91375, 38.71819444444445 ], [ -105.91375, 38.717916666666667 ], [ -105.914583333333326, 38.717916666666667 ], [ -105.914583333333326, 38.71819444444445 ], [ -105.915416666666658, 38.71819444444445 ], [ -105.915416666666658, 38.718472222222225 ], [ -105.916527777777773, 38.718472222222225 ], [ -105.916527777777773, 38.71875 ], [ -105.917361111111106, 38.71875 ], [ -105.917361111111106, 38.719027777777782 ], [ -105.918194444444438, 38.719027777777782 ], [ -105.918194444444438, 38.71875 ], [ -105.919027777777771, 38.71875 ], [ -105.919027777777771, 38.718472222222225 ], [ -105.919305555555553, 38.718472222222225 ], [ -105.919305555555553, 38.71819444444445 ], [ -105.919583333333321, 38.71819444444445 ], [ -105.919583333333321, 38.717916666666667 ], [ -105.919861111111103, 38.717916666666667 ], [ -105.919861111111103, 38.715694444444445 ], [ -105.919583333333321, 38.715694444444445 ], [ -105.919583333333321, 38.71402777777778 ], [ -105.919861111111103, 38.71402777777778 ], [ -105.919861111111103, 38.703194444444449 ], [ -105.919583333333321, 38.703194444444449 ], [ -105.919583333333321, 38.701527777777784 ], [ -105.919861111111103, 38.701527777777784 ], [ -105.919861111111103, 38.700138888888894 ], [ -105.919583333333321, 38.700138888888894 ], [ -105.919583333333321, 38.699861111111112 ], [ -105.919027777777771, 38.699861111111112 ], [ -105.919027777777771, 38.699305555555561 ], [ -105.91875, 38.699305555555561 ], [ -105.91875, 38.699027777777779 ], [ -105.919027777777771, 38.699027777777779 ], [ -105.919027777777771, 38.69875 ], [ -105.919305555555553, 38.69875 ], [ -105.919305555555553, 38.698194444444447 ], [ -105.919861111111103, 38.698194444444447 ], [ -105.919861111111103, 38.693194444444451 ], [ -105.919583333333321, 38.693194444444451 ], [ -105.919583333333321, 38.692916666666669 ], [ -105.919027777777771, 38.692916666666669 ], [ -105.919027777777771, 38.692638888888894 ], [ -105.919583333333321, 38.692638888888894 ], [ -105.919583333333321, 38.692361111111111 ], [ -105.919861111111103, 38.692361111111111 ], [ -105.919861111111103, 38.685416666666669 ], [ -105.919305555555553, 38.685416666666669 ], [ -105.919305555555553, 38.684583333333336 ], [ -105.919861111111103, 38.684583333333336 ], [ -105.919861111111103, 38.684305555555561 ], [ -105.919583333333321, 38.684305555555561 ], [ -105.919583333333321, 38.683472222222228 ], [ -105.919305555555553, 38.683472222222228 ], [ -105.919305555555553, 38.681805555555556 ], [ -105.919027777777771, 38.681805555555556 ], [ -105.919027777777771, 38.680972222222223 ], [ -105.919305555555553, 38.680972222222223 ], [ -105.919305555555553, 38.679861111111116 ], [ -105.919027777777771, 38.679861111111116 ], [ -105.919027777777771, 38.679583333333341 ], [ -105.91875, 38.679583333333341 ], [ -105.91875, 38.679305555555558 ], [ -105.919027777777771, 38.679305555555558 ], [ -105.919027777777771, 38.679027777777783 ], [ -105.919305555555553, 38.679027777777783 ], [ -105.919305555555553, 38.677638888888893 ], [ -105.919027777777771, 38.677638888888893 ], [ -105.919027777777771, 38.677083333333336 ], [ -105.919305555555553, 38.677083333333336 ], [ -105.919305555555553, 38.676805555555561 ], [ -105.919583333333321, 38.676805555555561 ], [ -105.919583333333321, 38.67625 ], [ -105.919861111111103, 38.67625 ], [ -105.919861111111103, 38.659861111111113 ], [ -105.919027777777771, 38.659861111111113 ], [ -105.919027777777771, 38.659583333333337 ], [ -105.918472222222221, 38.659583333333337 ], [ -105.918472222222221, 38.659861111111113 ], [ -105.917638888888888, 38.659861111111113 ], [ -105.917638888888888, 38.660138888888895 ], [ -105.91625, 38.660138888888895 ], [ -105.91625, 38.66041666666667 ], [ -105.915694444444441, 38.66041666666667 ], [ -105.915694444444441, 38.660138888888895 ], [ -105.915972222222209, 38.660138888888895 ], [ -105.915972222222209, 38.659305555555562 ], [ -105.915694444444441, 38.659305555555562 ], [ -105.915694444444441, 38.65875 ], [ -105.915416666666658, 38.65875 ], [ -105.915416666666658, 38.657916666666672 ], [ -105.915138888888876, 38.657916666666672 ], [ -105.915138888888876, 38.65763888888889 ], [ -105.914861111111108, 38.65763888888889 ], [ -105.914861111111108, 38.657361111111115 ], [ -105.914583333333326, 38.657361111111115 ], [ -105.914583333333326, 38.65708333333334 ], [ -105.914305555555543, 38.65708333333334 ], [ -105.914305555555543, 38.656805555555557 ], [ -105.914027777777775, 38.656805555555557 ], [ -105.914027777777775, 38.656527777777782 ], [ -105.91375, 38.656527777777782 ], [ -105.91375, 38.65625 ], [ -105.913472222222211, 38.65625 ], [ -105.913472222222211, 38.655972222222225 ], [ -105.913194444444443, 38.655972222222225 ], [ -105.913194444444443, 38.655138888888892 ], [ -105.913472222222211, 38.655138888888892 ], [ -105.913472222222211, 38.654861111111117 ], [ -105.912638888888878, 38.654861111111117 ], [ -105.912638888888878, 38.654583333333335 ], [ -105.911805555555546, 38.654583333333335 ], [ -105.911805555555546, 38.65430555555556 ], [ -105.90958333333333, 38.65430555555556 ], [ -105.90958333333333, 38.654027777777785 ], [ -105.909305555555548, 38.654027777777785 ], [ -105.909305555555548, 38.653472222222227 ], [ -105.907916666666665, 38.653472222222227 ], [ -105.907916666666665, 38.653194444444445 ], [ -105.907361111111101, 38.653194444444445 ], [ -105.907361111111101, 38.652638888888895 ], [ -105.907638888888883, 38.652638888888895 ], [ -105.907638888888883, 38.652361111111112 ], [ -105.907361111111101, 38.652361111111112 ], [ -105.907361111111101, 38.651805555555562 ], [ -105.907638888888883, 38.651805555555562 ], [ -105.907638888888883, 38.65152777777778 ], [ -105.907916666666665, 38.65152777777778 ], [ -105.907916666666665, 38.65125 ], [ -105.908194444444433, 38.65125 ], [ -105.908194444444433, 38.650694444444447 ], [ -105.908472222222215, 38.650694444444447 ], [ -105.908472222222215, 38.65013888888889 ], [ -105.909305555555548, 38.65013888888889 ], [ -105.909305555555548, 38.649583333333339 ], [ -105.90958333333333, 38.649583333333339 ], [ -105.90958333333333, 38.649305555555557 ], [ -105.910138888888881, 38.649305555555557 ], [ -105.910138888888881, 38.649027777777782 ], [ -105.910694444444431, 38.649027777777782 ], [ -105.910694444444431, 38.648194444444449 ], [ -105.910972222222213, 38.648194444444449 ], [ -105.910972222222213, 38.647638888888892 ], [ -105.91125, 38.647638888888892 ], [ -105.91125, 38.647083333333335 ], [ -105.911527777777764, 38.647083333333335 ], [ -105.911527777777764, 38.646805555555559 ], [ -105.911805555555546, 38.646805555555559 ], [ -105.911805555555546, 38.646527777777784 ], [ -105.91236111111111, 38.646527777777784 ], [ -105.91236111111111, 38.64625 ], [ -105.912638888888878, 38.64625 ], [ -105.912638888888878, 38.645972222222227 ], [ -105.913194444444443, 38.645972222222227 ], [ -105.913194444444443, 38.645694444444452 ], [ -105.912916666666661, 38.645694444444452 ], [ -105.912916666666661, 38.645416666666669 ], [ -105.912638888888878, 38.645416666666669 ], [ -105.912638888888878, 38.645138888888894 ], [ -105.91236111111111, 38.645138888888894 ], [ -105.91236111111111, 38.644583333333337 ], [ -105.912083333333328, 38.644583333333337 ], [ -105.912083333333328, 38.644305555555562 ], [ -105.911805555555546, 38.644305555555562 ], [ -105.911805555555546, 38.64375 ], [ -105.91125, 38.64375 ], [ -105.91125, 38.643194444444447 ], [ -105.910972222222213, 38.643194444444447 ], [ -105.910972222222213, 38.641805555555557 ], [ -105.910694444444431, 38.641805555555557 ], [ -105.910694444444431, 38.640138888888892 ], [ -105.910972222222213, 38.640138888888892 ], [ -105.910972222222213, 38.639861111111117 ], [ -105.91125, 38.639861111111117 ], [ -105.91125, 38.639583333333334 ], [ -105.911527777777764, 38.639583333333334 ], [ -105.911527777777764, 38.639027777777784 ], [ -105.911805555555546, 38.639027777777784 ], [ -105.911805555555546, 38.63875 ], [ -105.91236111111111, 38.63875 ], [ -105.91236111111111, 38.638472222222227 ], [ -105.912916666666661, 38.638472222222227 ], [ -105.912916666666661, 38.638194444444451 ], [ -105.913194444444443, 38.638194444444451 ], [ -105.913194444444443, 38.637916666666669 ], [ -105.914027777777775, 38.637916666666669 ], [ -105.914027777777775, 38.637638888888894 ], [ -105.914305555555543, 38.637638888888894 ], [ -105.914305555555543, 38.637361111111112 ], [ -105.914583333333326, 38.637361111111112 ], [ -105.914583333333326, 38.636805555555561 ], [ -105.914861111111108, 38.636805555555561 ], [ -105.914861111111108, 38.636527777777779 ], [ -105.915138888888876, 38.636527777777779 ], [ -105.915138888888876, 38.635972222222229 ], [ -105.915694444444441, 38.635972222222229 ], [ -105.915694444444441, 38.635694444444447 ], [ -105.915972222222209, 38.635694444444447 ], [ -105.915972222222209, 38.635416666666671 ], [ -105.916527777777773, 38.635416666666671 ], [ -105.916527777777773, 38.634861111111114 ], [ -105.916805555555541, 38.634861111111114 ], [ -105.916805555555541, 38.634583333333339 ], [ -105.917083333333323, 38.634583333333339 ], [ -105.917083333333323, 38.634305555555557 ], [ -105.917361111111106, 38.634305555555557 ], [ -105.917361111111106, 38.634027777777781 ], [ -105.917638888888888, 38.634027777777781 ], [ -105.917638888888888, 38.633472222222224 ], [ -105.917361111111106, 38.633472222222224 ], [ -105.917361111111106, 38.632361111111116 ], [ -105.917083333333323, 38.632361111111116 ], [ -105.917083333333323, 38.631527777777784 ], [ -105.916805555555541, 38.631527777777784 ], [ -105.916805555555541, 38.630972222222226 ], [ -105.91625, 38.630972222222226 ], [ -105.91625, 38.630694444444451 ], [ -105.915972222222209, 38.630694444444451 ], [ -105.915972222222209, 38.630416666666669 ], [ -105.915694444444441, 38.630416666666669 ], [ -105.915694444444441, 38.630138888888894 ], [ -105.914583333333326, 38.630138888888894 ], [ -105.914583333333326, 38.629861111111111 ], [ -105.914027777777775, 38.629861111111111 ], [ -105.914027777777775, 38.629583333333336 ], [ -105.912916666666661, 38.629583333333336 ], [ -105.912916666666661, 38.629305555555561 ], [ -105.91236111111111, 38.629305555555561 ], [ -105.91236111111111, 38.629027777777779 ], [ -105.911805555555546, 38.629027777777779 ], [ -105.911805555555546, 38.62875 ], [ -105.91125, 38.62875 ], [ -105.91125, 38.628472222222229 ], [ -105.910972222222213, 38.628472222222229 ], [ -105.910972222222213, 38.628194444444446 ], [ -105.910416666666663, 38.628194444444446 ], [ -105.910416666666663, 38.627916666666671 ], [ -105.910138888888881, 38.627916666666671 ], [ -105.910138888888881, 38.627638888888896 ], [ -105.90958333333333, 38.627638888888896 ], [ -105.90958333333333, 38.627361111111114 ], [ -105.906527777777768, 38.627361111111114 ], [ -105.906527777777768, 38.627083333333339 ], [ -105.905972222222218, 38.627083333333339 ], [ -105.905972222222218, 38.626805555555556 ], [ -105.905694444444435, 38.626805555555556 ], [ -105.905694444444435, 38.626527777777781 ], [ -105.905138888888885, 38.626527777777781 ], [ -105.905138888888885, 38.62625 ], [ -105.904861111111103, 38.62625 ], [ -105.904861111111103, 38.625694444444449 ], [ -105.904583333333321, 38.625694444444449 ], [ -105.904583333333321, 38.625416666666673 ], [ -105.904305555555553, 38.625416666666673 ], [ -105.904305555555553, 38.625138888888891 ], [ -105.90347222222222, 38.625138888888891 ], [ -105.90347222222222, 38.624861111111116 ], [ -105.902361111111105, 38.624861111111116 ], [ -105.902361111111105, 38.625138888888891 ], [ -105.900972222222208, 38.625138888888891 ], [ -105.900972222222208, 38.624861111111116 ], [ -105.900416666666658, 38.624861111111116 ], [ -105.900416666666658, 38.624583333333334 ], [ -105.900138888888875, 38.624583333333334 ], [ -105.900138888888875, 38.624305555555559 ], [ -105.899861111111107, 38.624305555555559 ], [ -105.899861111111107, 38.622361111111118 ], [ -105.899583333333325, 38.622361111111118 ], [ -105.899583333333325, 38.622083333333336 ], [ -105.899027777777775, 38.622083333333336 ], [ -105.899027777777775, 38.622361111111118 ], [ -105.898194444444442, 38.622361111111118 ], [ -105.898194444444442, 38.622638888888893 ], [ -105.89791666666666, 38.622638888888893 ], [ -105.89791666666666, 38.622916666666669 ], [ -105.895416666666662, 38.622916666666669 ], [ -105.895416666666662, 38.623194444444451 ], [ -105.894861111111098, 38.623194444444451 ], [ -105.894861111111098, 38.623472222222226 ], [ -105.89458333333333, 38.623472222222226 ], [ -105.89458333333333, 38.62375 ], [ -105.894305555555547, 38.62375 ], [ -105.894305555555547, 38.624027777777783 ], [ -105.894027777777765, 38.624027777777783 ], [ -105.894027777777765, 38.62375 ], [ -105.893472222222215, 38.62375 ], [ -105.893472222222215, 38.623194444444451 ], [ -105.892638888888882, 38.623194444444451 ], [ -105.892638888888882, 38.622916666666669 ], [ -105.89125, 38.622916666666669 ], [ -105.89125, 38.622638888888893 ], [ -105.890416666666653, 38.622638888888893 ], [ -105.890416666666653, 38.622916666666669 ], [ -105.88958333333332, 38.622916666666669 ], [ -105.88958333333332, 38.622638888888893 ], [ -105.889305555555552, 38.622638888888893 ], [ -105.889305555555552, 38.622361111111118 ], [ -105.88902777777777, 38.622361111111118 ], [ -105.88902777777777, 38.622083333333336 ], [ -105.88875, 38.622083333333336 ], [ -105.88875, 38.621805555555561 ], [ -105.888472222222219, 38.621805555555561 ], [ -105.888472222222219, 38.621527777777779 ], [ -105.888194444444437, 38.621527777777779 ], [ -105.888194444444437, 38.62125 ], [ -105.887916666666655, 38.62125 ], [ -105.887916666666655, 38.620972222222228 ], [ -105.887638888888887, 38.620972222222228 ], [ -105.887638888888887, 38.620694444444446 ], [ -105.887361111111105, 38.620694444444446 ], [ -105.887361111111105, 38.620416666666671 ], [ -105.887083333333322, 38.620416666666671 ], [ -105.887083333333322, 38.620138888888896 ], [ -105.885138888888875, 38.620138888888896 ], [ -105.885138888888875, 38.619861111111113 ], [ -105.884861111111107, 38.619861111111113 ], [ -105.884861111111107, 38.619583333333338 ], [ -105.885138888888875, 38.619583333333338 ], [ -105.885138888888875, 38.618472222222223 ], [ -105.885416666666657, 38.618472222222223 ], [ -105.885416666666657, 38.617916666666673 ], [ -105.885694444444439, 38.617916666666673 ], [ -105.885694444444439, 38.615972222222226 ], [ -105.885416666666657, 38.615972222222226 ], [ -105.885416666666657, 38.615138888888893 ], [ -105.885138888888875, 38.615138888888893 ], [ -105.885138888888875, 38.614305555555561 ], [ -105.884861111111107, 38.614305555555561 ], [ -105.884861111111107, 38.614027777777778 ], [ -105.884583333333325, 38.614027777777778 ], [ -105.884583333333325, 38.613472222222228 ], [ -105.884305555555542, 38.613472222222228 ], [ -105.884305555555542, 38.613194444444446 ], [ -105.884027777777774, 38.613194444444446 ], [ -105.884027777777774, 38.612916666666671 ], [ -105.88375, 38.612916666666671 ], [ -105.88375, 38.612638888888895 ], [ -105.883194444444442, 38.612638888888895 ], [ -105.883194444444442, 38.612361111111113 ], [ -105.882638888888877, 38.612361111111113 ], [ -105.882638888888877, 38.610138888888891 ], [ -105.882361111111109, 38.610138888888891 ], [ -105.882361111111109, 38.609861111111115 ], [ -105.882083333333327, 38.609861111111115 ], [ -105.882083333333327, 38.60958333333334 ], [ -105.881805555555545, 38.60958333333334 ], [ -105.881805555555545, 38.609305555555558 ], [ -105.881527777777777, 38.609305555555558 ], [ -105.881527777777777, 38.609027777777783 ], [ -105.88125, 38.609027777777783 ], [ -105.88125, 38.60875 ], [ -105.880972222222212, 38.60875 ], [ -105.880972222222212, 38.608472222222225 ], [ -105.88069444444443, 38.608472222222225 ], [ -105.88069444444443, 38.60819444444445 ], [ -105.880416666666662, 38.60819444444445 ], [ -105.880416666666662, 38.607916666666668 ], [ -105.880138888888879, 38.607916666666668 ], [ -105.880138888888879, 38.607638888888893 ], [ -105.879027777777765, 38.607638888888893 ], [ -105.879027777777765, 38.607361111111118 ], [ -105.878472222222214, 38.607361111111118 ], [ -105.878472222222214, 38.605972222222228 ], [ -105.878194444444432, 38.605972222222228 ], [ -105.878194444444432, 38.60541666666667 ], [ -105.878472222222214, 38.60541666666667 ], [ -105.878472222222214, 38.602916666666673 ], [ -105.878194444444432, 38.602916666666673 ], [ -105.878194444444432, 38.602361111111115 ], [ -105.877916666666664, 38.602361111111115 ], [ -105.877916666666664, 38.601805555555558 ], [ -105.877361111111099, 38.601805555555558 ], [ -105.877361111111099, 38.601527777777783 ], [ -105.877083333333331, 38.601527777777783 ], [ -105.877083333333331, 38.600972222222225 ], [ -105.877361111111099, 38.600972222222225 ], [ -105.877361111111099, 38.60069444444445 ], [ -105.877638888888882, 38.60069444444445 ], [ -105.877638888888882, 38.600416666666668 ], [ -105.878194444444432, 38.600416666666668 ], [ -105.878194444444432, 38.599861111111117 ], [ -105.878472222222214, 38.599861111111117 ], [ -105.878472222222214, 38.599027777777785 ], [ -105.87875, 38.599027777777785 ], [ -105.87875, 38.59875 ], [ -105.878472222222214, 38.59875 ], [ -105.878472222222214, 38.598472222222227 ], [ -105.879027777777765, 38.598472222222227 ], [ -105.879027777777765, 38.598194444444445 ], [ -105.879305555555547, 38.598194444444445 ], [ -105.879305555555547, 38.59791666666667 ], [ -105.879583333333329, 38.59791666666667 ], [ -105.879583333333329, 38.597638888888895 ], [ -105.879861111111097, 38.597638888888895 ], [ -105.879861111111097, 38.597361111111113 ], [ -105.879583333333329, 38.597361111111113 ], [ -105.879583333333329, 38.59513888888889 ], [ -105.879861111111097, 38.59513888888889 ], [ -105.879861111111097, 38.594861111111115 ], [ -105.879583333333329, 38.594861111111115 ], [ -105.879583333333329, 38.594305555555557 ], [ -105.880972222222212, 38.594305555555557 ], [ -105.880972222222212, 38.594027777777782 ], [ -105.881527777777777, 38.594027777777782 ], [ -105.881527777777777, 38.59375 ], [ -105.882638888888877, 38.59375 ], [ -105.882638888888877, 38.593472222222225 ], [ -105.882916666666659, 38.593472222222225 ], [ -105.882916666666659, 38.59319444444445 ], [ -105.883194444444442, 38.59319444444445 ], [ -105.883194444444442, 38.592916666666667 ], [ -105.88347222222221, 38.592916666666667 ], [ -105.88347222222221, 38.592638888888892 ], [ -105.88375, 38.592638888888892 ], [ -105.88375, 38.592083333333335 ], [ -105.884027777777774, 38.592083333333335 ], [ -105.884027777777774, 38.59180555555556 ], [ -105.884305555555542, 38.59180555555556 ], [ -105.884305555555542, 38.591527777777785 ], [ -105.884861111111107, 38.591527777777785 ], [ -105.884861111111107, 38.59041666666667 ], [ -105.885416666666657, 38.59041666666667 ], [ -105.885416666666657, 38.590138888888895 ], [ -105.885972222222208, 38.590138888888895 ], [ -105.885972222222208, 38.589305555555562 ], [ -105.88625, 38.589305555555562 ], [ -105.88625, 38.58902777777778 ], [ -105.886805555555554, 38.58902777777778 ], [ -105.886805555555554, 38.58875 ], [ -105.887083333333322, 38.58875 ], [ -105.887083333333322, 38.588472222222229 ], [ -105.887361111111105, 38.588472222222229 ], [ -105.887361111111105, 38.588194444444447 ], [ -105.88902777777777, 38.588194444444447 ], [ -105.88902777777777, 38.587916666666672 ], [ -105.88958333333332, 38.587916666666672 ], [ -105.88958333333332, 38.58625 ], [ -105.889861111111102, 38.58625 ], [ -105.889861111111102, 38.585694444444449 ], [ -105.890138888888885, 38.585694444444449 ], [ -105.890138888888885, 38.585416666666667 ], [ -105.890416666666653, 38.585416666666667 ], [ -105.890416666666653, 38.584861111111117 ], [ -105.890694444444435, 38.584861111111117 ], [ -105.890694444444435, 38.584583333333335 ], [ -105.890972222222217, 38.584583333333335 ], [ -105.890972222222217, 38.584027777777784 ], [ -105.890694444444435, 38.584027777777784 ], [ -105.890694444444435, 38.582916666666669 ], [ -105.890416666666653, 38.582916666666669 ], [ -105.890416666666653, 38.582638888888894 ], [ -105.890138888888885, 38.582638888888894 ], [ -105.890138888888885, 38.580416666666672 ], [ -105.890416666666653, 38.580416666666672 ], [ -105.890416666666653, 38.580138888888889 ], [ -105.890694444444435, 38.580138888888889 ], [ -105.890694444444435, 38.579583333333339 ], [ -105.890972222222217, 38.579583333333339 ], [ -105.890972222222217, 38.578194444444449 ], [ -105.890694444444435, 38.578194444444449 ], [ -105.890694444444435, 38.577638888888892 ], [ -105.890416666666653, 38.577638888888892 ], [ -105.890416666666653, 38.577361111111117 ], [ -105.890694444444435, 38.577361111111117 ], [ -105.890694444444435, 38.576527777777784 ], [ -105.890972222222217, 38.576527777777784 ], [ -105.890972222222217, 38.575138888888894 ], [ -105.89125, 38.575138888888894 ], [ -105.89125, 38.574861111111112 ], [ -105.891527777777767, 38.574861111111112 ], [ -105.891527777777767, 38.574305555555561 ], [ -105.89180555555555, 38.574305555555561 ], [ -105.89180555555555, 38.574027777777779 ], [ -105.892083333333332, 38.574027777777779 ], [ -105.892083333333332, 38.573472222222229 ], [ -105.8923611111111, 38.573472222222229 ], [ -105.8923611111111, 38.573194444444447 ], [ -105.89125, 38.573194444444447 ], [ -105.89125, 38.572916666666671 ], [ -105.890416666666653, 38.572916666666671 ], [ -105.890416666666653, 38.572638888888889 ], [ -105.889861111111102, 38.572638888888889 ], [ -105.889861111111102, 38.572361111111114 ], [ -105.889305555555552, 38.572361111111114 ], [ -105.889305555555552, 38.572083333333339 ], [ -105.88875, 38.572083333333339 ], [ -105.88875, 38.571805555555557 ], [ -105.888472222222219, 38.571805555555557 ], [ -105.888472222222219, 38.571527777777781 ], [ -105.888194444444437, 38.571527777777781 ], [ -105.888194444444437, 38.57125 ], [ -105.887916666666655, 38.57125 ], [ -105.887916666666655, 38.570972222222224 ], [ -105.887638888888887, 38.570972222222224 ], [ -105.887638888888887, 38.570694444444449 ], [ -105.887361111111105, 38.570694444444449 ], [ -105.887361111111105, 38.570416666666674 ], [ -105.886527777777772, 38.570416666666674 ], [ -105.886527777777772, 38.570138888888891 ], [ -105.88625, 38.570138888888891 ], [ -105.88625, 38.569861111111116 ], [ -105.885972222222208, 38.569861111111116 ], [ -105.885972222222208, 38.569583333333334 ], [ -105.885694444444439, 38.569583333333334 ], [ -105.885694444444439, 38.569305555555559 ], [ -105.885416666666657, 38.569305555555559 ], [ -105.885416666666657, 38.56875 ], [ -105.885694444444439, 38.56875 ], [ -105.885694444444439, 38.568472222222226 ], [ -105.885416666666657, 38.568472222222226 ], [ -105.885416666666657, 38.567361111111111 ], [ -105.885138888888875, 38.567361111111111 ], [ -105.885138888888875, 38.566805555555561 ], [ -105.884861111111107, 38.566805555555561 ], [ -105.884861111111107, 38.56625 ], [ -105.884583333333325, 38.56625 ], [ -105.884583333333325, 38.565138888888896 ], [ -105.884305555555542, 38.565138888888896 ], [ -105.884305555555542, 38.564861111111114 ], [ -105.884583333333325, 38.564861111111114 ], [ -105.884583333333325, 38.563472222222224 ], [ -105.884861111111107, 38.563472222222224 ], [ -105.884861111111107, 38.561805555555559 ], [ -105.885416666666657, 38.561805555555559 ], [ -105.885416666666657, 38.561527777777783 ], [ -105.887361111111105, 38.561527777777783 ], [ -105.887361111111105, 38.56125 ], [ -105.888472222222219, 38.56125 ], [ -105.888472222222219, 38.561527777777783 ], [ -105.88902777777777, 38.561527777777783 ], [ -105.88902777777777, 38.56125 ], [ -105.890138888888885, 38.56125 ], [ -105.890138888888885, 38.560972222222226 ], [ -105.89125, 38.560972222222226 ], [ -105.89125, 38.560694444444451 ], [ -105.891527777777767, 38.560694444444451 ], [ -105.891527777777767, 38.560416666666669 ], [ -105.892083333333332, 38.560416666666669 ], [ -105.892083333333332, 38.560138888888893 ], [ -105.8923611111111, 38.560138888888893 ], [ -105.8923611111111, 38.559861111111118 ], [ -105.892638888888882, 38.559861111111118 ], [ -105.892638888888882, 38.559305555555561 ], [ -105.892916666666665, 38.559305555555561 ], [ -105.892916666666665, 38.559027777777779 ], [ -105.893194444444433, 38.559027777777779 ], [ -105.893194444444433, 38.558472222222228 ], [ -105.893472222222215, 38.558472222222228 ], [ -105.893472222222215, 38.557916666666671 ], [ -105.893194444444433, 38.557916666666671 ], [ -105.893194444444433, 38.556805555555556 ], [ -105.892916666666665, 38.556805555555556 ], [ -105.892916666666665, 38.55625 ], [ -105.892638888888882, 38.55625 ], [ -105.892638888888882, 38.555694444444448 ], [ -105.8923611111111, 38.555694444444448 ], [ -105.8923611111111, 38.554305555555558 ], [ -105.892083333333332, 38.554305555555558 ], [ -105.892083333333332, 38.552638888888893 ], [ -105.8923611111111, 38.552638888888893 ], [ -105.8923611111111, 38.552083333333336 ], [ -105.892638888888882, 38.552083333333336 ], [ -105.892638888888882, 38.551805555555561 ], [ -105.892916666666665, 38.551805555555561 ], [ -105.892916666666665, 38.551527777777778 ], [ -105.893194444444433, 38.551527777777778 ], [ -105.893194444444433, 38.55125 ], [ -105.893472222222215, 38.55125 ], [ -105.893472222222215, 38.550972222222228 ], [ -105.89375, 38.550972222222228 ], [ -105.89375, 38.550694444444446 ], [ -105.895416666666662, 38.550694444444446 ], [ -105.895416666666662, 38.550972222222228 ], [ -105.896527777777777, 38.550972222222228 ], [ -105.896527777777777, 38.55125 ], [ -105.896805555555545, 38.55125 ], [ -105.896805555555545, 38.550972222222228 ], [ -105.89736111111111, 38.550972222222228 ], [ -105.89736111111111, 38.550694444444446 ], [ -105.89847222222221, 38.550694444444446 ], [ -105.89847222222221, 38.550416666666671 ], [ -105.89875, 38.550416666666671 ], [ -105.89875, 38.550138888888895 ], [ -105.899583333333325, 38.550138888888895 ], [ -105.899583333333325, 38.549861111111113 ], [ -105.900416666666658, 38.549861111111113 ], [ -105.900416666666658, 38.549583333333338 ], [ -105.900972222222208, 38.549583333333338 ], [ -105.900972222222208, 38.549305555555563 ], [ -105.901805555555555, 38.549305555555563 ], [ -105.901805555555555, 38.549027777777781 ], [ -105.902916666666655, 38.549027777777781 ], [ -105.902916666666655, 38.54875 ], [ -105.90375, 38.54875 ], [ -105.90375, 38.548472222222223 ], [ -105.90402777777777, 38.548472222222223 ], [ -105.90402777777777, 38.548194444444448 ], [ -105.904305555555553, 38.548194444444448 ], [ -105.904305555555553, 38.547916666666673 ], [ -105.904583333333321, 38.547916666666673 ], [ -105.904583333333321, 38.547638888888891 ], [ -105.904861111111103, 38.547638888888891 ], [ -105.904861111111103, 38.547361111111115 ], [ -105.905138888888885, 38.547361111111115 ], [ -105.905138888888885, 38.54708333333334 ], [ -105.905416666666653, 38.54708333333334 ], [ -105.905416666666653, 38.546527777777783 ], [ -105.905694444444435, 38.546527777777783 ], [ -105.905694444444435, 38.545972222222225 ], [ -105.905972222222218, 38.545972222222225 ], [ -105.905972222222218, 38.54569444444445 ], [ -105.906527777777768, 38.54569444444445 ], [ -105.906527777777768, 38.545416666666668 ], [ -105.907083333333333, 38.545416666666668 ], [ -105.907083333333333, 38.545138888888893 ], [ -105.907638888888883, 38.545138888888893 ], [ -105.907638888888883, 38.544861111111118 ], [ -105.907916666666665, 38.544861111111118 ], [ -105.907916666666665, 38.54430555555556 ], [ -105.908194444444433, 38.54430555555556 ], [ -105.908194444444433, 38.54375 ], [ -105.908472222222215, 38.54375 ], [ -105.908472222222215, 38.54291666666667 ], [ -105.908194444444433, 38.54291666666667 ], [ -105.908194444444433, 38.542083333333338 ], [ -105.907916666666665, 38.542083333333338 ], [ -105.907916666666665, 38.54125 ], [ -105.908472222222215, 38.54125 ], [ -105.908472222222215, 38.540972222222223 ], [ -105.90875, 38.540972222222223 ], [ -105.90875, 38.540694444444448 ], [ -105.90958333333333, 38.540694444444448 ], [ -105.90958333333333, 38.540416666666673 ], [ -105.910694444444431, 38.540416666666673 ], [ -105.910694444444431, 38.54013888888889 ], [ -105.910972222222213, 38.54013888888889 ], [ -105.910972222222213, 38.539861111111115 ], [ -105.91125, 38.539861111111115 ], [ -105.91125, 38.53958333333334 ], [ -105.911527777777764, 38.53958333333334 ], [ -105.911527777777764, 38.539305555555558 ], [ -105.911805555555546, 38.539305555555558 ], [ -105.911805555555546, 38.539027777777783 ], [ -105.912083333333328, 38.539027777777783 ], [ -105.912083333333328, 38.53875 ], [ -105.91236111111111, 38.53875 ], [ -105.91236111111111, 38.538472222222225 ], [ -105.912638888888878, 38.538472222222225 ], [ -105.912638888888878, 38.53819444444445 ], [ -105.913194444444443, 38.53819444444445 ], [ -105.913194444444443, 38.537638888888893 ], [ -105.913472222222211, 38.537638888888893 ], [ -105.913472222222211, 38.53625 ], [ -105.91375, 38.53625 ], [ -105.91375, 38.53541666666667 ], [ -105.914027777777775, 38.53541666666667 ], [ -105.914027777777775, 38.535138888888895 ], [ -105.914305555555543, 38.535138888888895 ], [ -105.914305555555543, 38.534861111111113 ], [ -105.914583333333326, 38.534861111111113 ], [ -105.914583333333326, 38.53402777777778 ], [ -105.914861111111108, 38.53402777777778 ], [ -105.914861111111108, 38.533472222222223 ], [ -105.915138888888876, 38.533472222222223 ], [ -105.915138888888876, 38.533194444444447 ], [ -105.915416666666658, 38.533194444444447 ], [ -105.915416666666658, 38.532916666666672 ], [ -105.915972222222209, 38.532916666666672 ], [ -105.915972222222209, 38.53263888888889 ], [ -105.916805555555541, 38.53263888888889 ], [ -105.916805555555541, 38.532361111111115 ], [ -105.917638888888888, 38.532361111111115 ], [ -105.917638888888888, 38.53208333333334 ], [ -105.917916666666656, 38.53208333333334 ], [ -105.917916666666656, 38.531805555555557 ], [ -105.918194444444438, 38.531805555555557 ], [ -105.918194444444438, 38.53069444444445 ], [ -105.918472222222221, 38.53069444444445 ], [ -105.918472222222221, 38.52930555555556 ], [ -105.918194444444438, 38.52930555555556 ], [ -105.918194444444438, 38.52875 ], [ -105.918472222222221, 38.52875 ], [ -105.918472222222221, 38.527083333333337 ], [ -105.918194444444438, 38.527083333333337 ], [ -105.918194444444438, 38.526805555555562 ], [ -105.917916666666656, 38.526805555555562 ], [ -105.917916666666656, 38.52652777777778 ], [ -105.918194444444438, 38.52652777777778 ], [ -105.918194444444438, 38.52625 ], [ -105.918472222222221, 38.52625 ], [ -105.918472222222221, 38.525972222222229 ], [ -105.91875, 38.525972222222229 ], [ -105.91875, 38.525694444444447 ], [ -105.919027777777771, 38.525694444444447 ], [ -105.919027777777771, 38.525416666666672 ], [ -105.919305555555553, 38.525416666666672 ], [ -105.919305555555553, 38.52513888888889 ], [ -105.919583333333321, 38.52513888888889 ], [ -105.919583333333321, 38.524861111111115 ], [ -105.919861111111103, 38.524861111111115 ], [ -105.919861111111103, 38.509861111111114 ], [ -105.919583333333321, 38.509861111111114 ], [ -105.919583333333321, 38.509027777777781 ], [ -105.919305555555553, 38.509027777777781 ], [ -105.919305555555553, 38.50875 ], [ -105.919027777777771, 38.50875 ], [ -105.919027777777771, 38.507361111111116 ], [ -105.91875, 38.507361111111116 ], [ -105.91875, 38.506805555555559 ], [ -105.918194444444438, 38.506805555555559 ], [ -105.918194444444438, 38.506527777777784 ], [ -105.917638888888888, 38.506527777777784 ], [ -105.917638888888888, 38.50625 ], [ -105.917361111111106, 38.50625 ], [ -105.917361111111106, 38.505972222222226 ], [ -105.917083333333323, 38.505972222222226 ], [ -105.917083333333323, 38.505694444444451 ], [ -105.916805555555541, 38.505694444444451 ], [ -105.916805555555541, 38.505416666666669 ], [ -105.916527777777773, 38.505416666666669 ], [ -105.916527777777773, 38.504583333333336 ], [ -105.91625, 38.504583333333336 ], [ -105.91625, 38.504305555555561 ], [ -105.915972222222209, 38.504305555555561 ], [ -105.915972222222209, 38.502638888888896 ], [ -105.91625, 38.502638888888896 ], [ -105.91625, 38.502361111111114 ], [ -105.915972222222209, 38.502361111111114 ], [ -105.915972222222209, 38.501527777777781 ], [ -105.915694444444441, 38.501527777777781 ], [ -105.915694444444441, 38.500138888888891 ], [ -105.915416666666658, 38.500138888888891 ], [ -105.915416666666658, 38.499583333333334 ], [ -105.915138888888876, 38.499583333333334 ], [ -105.915138888888876, 38.499305555555559 ], [ -105.914861111111108, 38.499305555555559 ], [ -105.914861111111108, 38.499027777777783 ], [ -105.914583333333326, 38.499027777777783 ], [ -105.914583333333326, 38.49875 ], [ -105.915694444444441, 38.49875 ], [ -105.915694444444441, 38.498472222222226 ], [ -105.915972222222209, 38.498472222222226 ], [ -105.915972222222209, 38.498194444444451 ], [ -105.91625, 38.498194444444451 ], [ -105.91625, 38.497083333333336 ], [ -105.916527777777773, 38.497083333333336 ], [ -105.916527777777773, 38.496805555555561 ], [ -105.916805555555541, 38.496805555555561 ], [ -105.916805555555541, 38.496527777777779 ], [ -105.917083333333323, 38.496527777777779 ], [ -105.917083333333323, 38.49625 ], [ -105.91875, 38.49625 ], [ -105.91875, 38.495972222222228 ], [ -105.919027777777771, 38.495972222222228 ], [ -105.919027777777771, 38.495694444444446 ], [ -105.919861111111103, 38.495694444444446 ], [ -105.919861111111103, 38.479861111111113 ], [ -105.919583333333321, 38.479861111111113 ], [ -105.919583333333321, 38.479583333333338 ], [ -105.919305555555553, 38.479583333333338 ], [ -105.919305555555553, 38.47708333333334 ], [ -105.919583333333321, 38.47708333333334 ], [ -105.919583333333321, 38.476805555555558 ], [ -105.919861111111103, 38.476805555555558 ], [ -105.919861111111103, 38.46625 ], [ -105.919583333333321, 38.46625 ], [ -105.919583333333321, 38.465972222222227 ], [ -105.919305555555553, 38.465972222222227 ], [ -105.919305555555553, 38.46541666666667 ], [ -105.919583333333321, 38.46541666666667 ], [ -105.919583333333321, 38.465138888888895 ], [ -105.919861111111103, 38.465138888888895 ], [ -105.919861111111103, 38.444583333333334 ], [ -105.919583333333321, 38.444583333333334 ], [ -105.919583333333321, 38.444305555555559 ], [ -105.919305555555553, 38.444305555555559 ], [ -105.919305555555553, 38.444027777777784 ], [ -105.919027777777771, 38.444027777777784 ], [ -105.919027777777771, 38.44375 ], [ -105.91875, 38.44375 ], [ -105.91875, 38.443472222222226 ], [ -105.918472222222221, 38.443472222222226 ], [ -105.918472222222221, 38.442916666666669 ], [ -105.918194444444438, 38.442916666666669 ], [ -105.918194444444438, 38.442638888888894 ], [ -105.917916666666656, 38.442638888888894 ], [ -105.917916666666656, 38.442361111111111 ], [ -105.917638888888888, 38.442361111111111 ], [ -105.917638888888888, 38.442083333333336 ], [ -105.916805555555541, 38.442083333333336 ], [ -105.916805555555541, 38.441805555555561 ], [ -105.915972222222209, 38.441805555555561 ], [ -105.915972222222209, 38.441527777777779 ], [ -105.915694444444441, 38.441527777777779 ], [ -105.915694444444441, 38.44125 ], [ -105.912916666666661, 38.44125 ], [ -105.912916666666661, 38.440694444444446 ], [ -105.913194444444443, 38.440694444444446 ], [ -105.913194444444443, 38.440416666666671 ], [ -105.913472222222211, 38.440416666666671 ], [ -105.913472222222211, 38.440138888888896 ], [ -105.91375, 38.440138888888896 ], [ -105.91375, 38.439305555555556 ], [ -105.914027777777775, 38.439305555555556 ], [ -105.914027777777775, 38.439027777777781 ], [ -105.914583333333326, 38.439027777777781 ], [ -105.914583333333326, 38.43875 ], [ -105.914861111111108, 38.43875 ], [ -105.914861111111108, 38.438472222222224 ], [ -105.915138888888876, 38.438472222222224 ], [ -105.915138888888876, 38.437916666666673 ], [ -105.915416666666658, 38.437916666666673 ], [ -105.915416666666658, 38.437638888888891 ], [ -105.915694444444441, 38.437638888888891 ], [ -105.915694444444441, 38.437361111111116 ], [ -105.916805555555541, 38.437361111111116 ], [ -105.916805555555541, 38.437083333333334 ], [ -105.917361111111106, 38.437083333333334 ], [ -105.917361111111106, 38.436805555555559 ], [ -105.917638888888888, 38.436805555555559 ], [ -105.917638888888888, 38.436527777777783 ], [ -105.919583333333321, 38.436527777777783 ], [ -105.919583333333321, 38.436805555555559 ], [ -105.919861111111103, 38.436805555555559 ], [ -105.919861111111103, 38.433472222222228 ], [ -105.919583333333321, 38.433472222222228 ], [ -105.919583333333321, 38.430694444444448 ], [ -105.919861111111103, 38.430694444444448 ], [ -105.919861111111103, 38.41791666666667 ], [ -105.919583333333321, 38.41791666666667 ], [ -105.919583333333321, 38.417638888888895 ], [ -105.919305555555553, 38.417638888888895 ], [ -105.919305555555553, 38.417361111111113 ], [ -105.919027777777771, 38.417361111111113 ], [ -105.919027777777771, 38.416805555555563 ], [ -105.919305555555553, 38.416805555555563 ], [ -105.919305555555553, 38.41652777777778 ], [ -105.919583333333321, 38.41652777777778 ], [ -105.919583333333321, 38.41625 ], [ -105.919861111111103, 38.41625 ], [ -105.919861111111103, 38.394583333333337 ], [ -105.919583333333321, 38.394583333333337 ], [ -105.919583333333321, 38.393472222222229 ], [ -105.919861111111103, 38.393472222222229 ], [ -105.919861111111103, 38.387083333333337 ], [ -105.919583333333321, 38.387083333333337 ], [ -105.919583333333321, 38.386527777777779 ], [ -105.919305555555553, 38.386527777777779 ], [ -105.919305555555553, 38.38625 ], [ -105.919027777777771, 38.38625 ], [ -105.919027777777771, 38.385972222222229 ], [ -105.91875, 38.385972222222229 ], [ -105.91875, 38.385694444444447 ], [ -105.918472222222221, 38.385694444444447 ], [ -105.918472222222221, 38.385416666666671 ], [ -105.918194444444438, 38.385416666666671 ], [ -105.918194444444438, 38.385138888888889 ], [ -105.917916666666656, 38.385138888888889 ], [ -105.917916666666656, 38.384861111111114 ], [ -105.917638888888888, 38.384861111111114 ], [ -105.917638888888888, 38.384305555555557 ], [ -105.917361111111106, 38.384305555555557 ], [ -105.917361111111106, 38.384027777777781 ], [ -105.917638888888888, 38.384027777777781 ], [ -105.917638888888888, 38.382361111111116 ], [ -105.917916666666656, 38.382361111111116 ], [ -105.917916666666656, 38.381527777777784 ], [ -105.917638888888888, 38.381527777777784 ], [ -105.917638888888888, 38.379583333333336 ], [ -105.917361111111106, 38.379583333333336 ], [ -105.917361111111106, 38.37875 ], [ -105.917083333333323, 38.37875 ], [ -105.917083333333323, 38.377916666666671 ], [ -105.916805555555541, 38.377916666666671 ], [ -105.916805555555541, 38.377361111111114 ], [ -105.916527777777773, 38.377361111111114 ], [ -105.916527777777773, 38.377083333333339 ], [ -105.91625, 38.377083333333339 ], [ -105.91625, 38.376805555555556 ], [ -105.915694444444441, 38.376805555555556 ], [ -105.915694444444441, 38.376527777777781 ], [ -105.915416666666658, 38.376527777777781 ], [ -105.915416666666658, 38.375972222222224 ], [ -105.915138888888876, 38.375972222222224 ], [ -105.915138888888876, 38.375138888888891 ], [ -105.914861111111108, 38.375138888888891 ], [ -105.914861111111108, 38.374027777777783 ], [ -105.915138888888876, 38.374027777777783 ], [ -105.915138888888876, 38.373472222222226 ], [ -105.915416666666658, 38.373472222222226 ], [ -105.915416666666658, 38.372916666666669 ], [ -105.915694444444441, 38.372916666666669 ], [ -105.915694444444441, 38.372083333333336 ], [ -105.915972222222209, 38.372083333333336 ], [ -105.915972222222209, 38.371805555555561 ], [ -105.91625, 38.371805555555561 ], [ -105.91625, 38.371527777777779 ], [ -105.916527777777773, 38.371527777777779 ], [ -105.916527777777773, 38.370972222222228 ], [ -105.916805555555541, 38.370972222222228 ], [ -105.916805555555541, 38.370694444444446 ], [ -105.917083333333323, 38.370694444444446 ], [ -105.917083333333323, 38.370416666666671 ], [ -105.917361111111106, 38.370416666666671 ], [ -105.917361111111106, 38.370138888888896 ], [ -105.917638888888888, 38.370138888888896 ], [ -105.917638888888888, 38.369861111111113 ], [ -105.917916666666656, 38.369861111111113 ], [ -105.917916666666656, 38.369583333333338 ], [ -105.918194444444438, 38.369583333333338 ], [ -105.918194444444438, 38.369305555555556 ], [ -105.91875, 38.369305555555556 ], [ -105.91875, 38.369027777777781 ], [ -105.919305555555553, 38.369027777777781 ], [ -105.919305555555553, 38.36875 ], [ -105.919583333333321, 38.36875 ], [ -105.919583333333321, 38.368472222222223 ], [ -105.919861111111103, 38.368472222222223 ], [ -105.919861111111103, 38.366527777777783 ], [ -105.919583333333321, 38.366527777777783 ], [ -105.919583333333321, 38.365972222222226 ], [ -105.919305555555553, 38.365972222222226 ], [ -105.919305555555553, 38.365416666666668 ], [ -105.919027777777771, 38.365416666666668 ], [ -105.919027777777771, 38.364861111111118 ], [ -105.91875, 38.364861111111118 ], [ -105.91875, 38.364305555555561 ], [ -105.918472222222221, 38.364305555555561 ], [ -105.918472222222221, 38.36375 ], [ -105.918194444444438, 38.36375 ], [ -105.918194444444438, 38.363472222222228 ], [ -105.917916666666656, 38.363472222222228 ], [ -105.917916666666656, 38.363194444444446 ], [ -105.917638888888888, 38.363194444444446 ], [ -105.917638888888888, 38.362916666666671 ], [ -105.916805555555541, 38.362916666666671 ], [ -105.916805555555541, 38.362638888888895 ], [ -105.915416666666658, 38.362638888888895 ], [ -105.915416666666658, 38.362361111111113 ], [ -105.914305555555543, 38.362361111111113 ], [ -105.914305555555543, 38.362083333333338 ], [ -105.913472222222211, 38.362083333333338 ], [ -105.913472222222211, 38.361805555555563 ], [ -105.912916666666661, 38.361805555555563 ], [ -105.912916666666661, 38.361527777777781 ], [ -105.91236111111111, 38.361527777777781 ], [ -105.91236111111111, 38.360972222222223 ], [ -105.912083333333328, 38.360972222222223 ], [ -105.912083333333328, 38.360694444444448 ], [ -105.911805555555546, 38.360694444444448 ], [ -105.911805555555546, 38.360138888888891 ], [ -105.911527777777764, 38.360138888888891 ], [ -105.911527777777764, 38.35958333333334 ], [ -105.91125, 38.35958333333334 ], [ -105.91125, 38.359305555555558 ], [ -105.910972222222213, 38.359305555555558 ], [ -105.910972222222213, 38.35875 ], [ -105.910694444444431, 38.35875 ], [ -105.910694444444431, 38.357638888888893 ], [ -105.910416666666663, 38.357638888888893 ], [ -105.910416666666663, 38.356527777777778 ], [ -105.910138888888881, 38.356527777777778 ], [ -105.910138888888881, 38.355972222222228 ], [ -105.909861111111098, 38.355972222222228 ], [ -105.909861111111098, 38.35541666666667 ], [ -105.90958333333333, 38.35541666666667 ], [ -105.90958333333333, 38.355138888888895 ], [ -105.909027777777766, 38.355138888888895 ], [ -105.909027777777766, 38.354861111111113 ], [ -105.90875, 38.354861111111113 ], [ -105.90875, 38.354583333333338 ], [ -105.908472222222215, 38.354583333333338 ], [ -105.908472222222215, 38.354305555555563 ], [ -105.907916666666665, 38.354305555555563 ], [ -105.907916666666665, 38.35402777777778 ], [ -105.907638888888883, 38.35402777777778 ], [ -105.907638888888883, 38.35375 ], [ -105.907083333333333, 38.35375 ], [ -105.907083333333333, 38.353472222222223 ], [ -105.90625, 38.353472222222223 ], [ -105.90625, 38.353194444444448 ], [ -105.905138888888885, 38.353194444444448 ], [ -105.905138888888885, 38.352916666666673 ], [ -105.904305555555553, 38.352916666666673 ], [ -105.904305555555553, 38.35263888888889 ], [ -105.902638888888887, 38.35263888888889 ], [ -105.902638888888887, 38.352361111111115 ], [ -105.901805555555555, 38.352361111111115 ], [ -105.901805555555555, 38.351805555555558 ], [ -105.901527777777773, 38.351805555555558 ], [ -105.901527777777773, 38.351527777777783 ], [ -105.90125, 38.351527777777783 ], [ -105.90125, 38.35125 ], [ -105.90069444444444, 38.35125 ], [ -105.90069444444444, 38.350972222222225 ], [ -105.900138888888875, 38.350972222222225 ], [ -105.900138888888875, 38.35069444444445 ], [ -105.899027777777775, 38.35069444444445 ], [ -105.899027777777775, 38.350416666666668 ], [ -105.898194444444442, 38.350416666666668 ], [ -105.898194444444442, 38.350138888888893 ], [ -105.89791666666666, 38.350138888888893 ], [ -105.89791666666666, 38.349861111111117 ], [ -105.897638888888878, 38.349861111111117 ], [ -105.897638888888878, 38.349583333333335 ], [ -105.89736111111111, 38.349583333333335 ], [ -105.89736111111111, 38.34930555555556 ], [ -105.897083333333327, 38.34930555555556 ], [ -105.897083333333327, 38.349027777777785 ], [ -105.896805555555545, 38.349027777777785 ], [ -105.896805555555545, 38.34875 ], [ -105.896527777777777, 38.34875 ], [ -105.896527777777777, 38.348472222222227 ], [ -105.89625, 38.348472222222227 ], [ -105.89625, 38.348194444444445 ], [ -105.895972222222213, 38.348194444444445 ], [ -105.895972222222213, 38.34791666666667 ], [ -105.89569444444443, 38.34791666666667 ], [ -105.89569444444443, 38.347638888888895 ], [ -105.895416666666662, 38.347638888888895 ], [ -105.895416666666662, 38.347361111111113 ], [ -105.89513888888888, 38.347361111111113 ], [ -105.89513888888888, 38.347083333333337 ], [ -105.894861111111098, 38.347083333333337 ], [ -105.894861111111098, 38.346805555555562 ], [ -105.894305555555547, 38.346805555555562 ], [ -105.894305555555547, 38.34652777777778 ], [ -105.89375, 38.34652777777778 ], [ -105.89375, 38.34625 ], [ -105.893472222222215, 38.34625 ], [ -105.893472222222215, 38.34513888888889 ], [ -105.893194444444433, 38.34513888888889 ], [ -105.893194444444433, 38.344027777777782 ], [ -105.892916666666665, 38.344027777777782 ], [ -105.892916666666665, 38.343472222222225 ], [ -105.892638888888882, 38.343472222222225 ], [ -105.892638888888882, 38.342916666666667 ], [ -105.8923611111111, 38.342916666666667 ], [ -105.8923611111111, 38.342638888888892 ], [ -105.892083333333332, 38.342638888888892 ], [ -105.892083333333332, 38.342361111111117 ], [ -105.891527777777767, 38.342361111111117 ], [ -105.891527777777767, 38.342083333333335 ], [ -105.89125, 38.342083333333335 ], [ -105.89125, 38.34180555555556 ], [ -105.890972222222217, 38.34180555555556 ], [ -105.890972222222217, 38.341527777777785 ], [ -105.88958333333332, 38.341527777777785 ], [ -105.88958333333332, 38.34125 ], [ -105.889305555555552, 38.34125 ], [ -105.889305555555552, 38.340972222222227 ], [ -105.88875, 38.340972222222227 ], [ -105.88875, 38.340138888888895 ], [ -105.888472222222219, 38.340138888888895 ], [ -105.888472222222219, 38.33902777777778 ], [ -105.888194444444437, 38.33902777777778 ], [ -105.888194444444437, 38.338472222222229 ], [ -105.888472222222219, 38.338472222222229 ], [ -105.888472222222219, 38.337916666666672 ], [ -105.88875, 38.337916666666672 ], [ -105.88875, 38.334305555555559 ], [ -105.888472222222219, 38.334305555555559 ], [ -105.888472222222219, 38.33375 ], [ -105.888194444444437, 38.33375 ], [ -105.888194444444437, 38.333472222222227 ], [ -105.887916666666655, 38.333472222222227 ], [ -105.887916666666655, 38.333194444444452 ], [ -105.887638888888887, 38.333194444444452 ], [ -105.887638888888887, 38.332916666666669 ], [ -105.887361111111105, 38.332916666666669 ], [ -105.887361111111105, 38.332638888888894 ], [ -105.887083333333322, 38.332638888888894 ], [ -105.887083333333322, 38.332361111111112 ], [ -105.886805555555554, 38.332361111111112 ], [ -105.886805555555554, 38.332083333333337 ], [ -105.887083333333322, 38.332083333333337 ], [ -105.887083333333322, 38.331805555555562 ], [ -105.886805555555554, 38.331805555555562 ], [ -105.886805555555554, 38.331527777777779 ], [ -105.886527777777772, 38.331527777777779 ], [ -105.886527777777772, 38.33125 ], [ -105.88625, 38.33125 ], [ -105.88625, 38.330972222222229 ], [ -105.885972222222208, 38.330972222222229 ], [ -105.885972222222208, 38.330416666666672 ], [ -105.885694444444439, 38.330416666666672 ], [ -105.885694444444439, 38.329861111111114 ], [ -105.885416666666657, 38.329861111111114 ], [ -105.885416666666657, 38.329305555555557 ], [ -105.885138888888875, 38.329305555555557 ], [ -105.885138888888875, 38.32875 ], [ -105.884583333333325, 38.32875 ], [ -105.884583333333325, 38.328472222222224 ], [ -105.884027777777774, 38.328472222222224 ], [ -105.884027777777774, 38.328194444444449 ], [ -105.88347222222221, 38.328194444444449 ], [ -105.88347222222221, 38.327916666666667 ], [ -105.883194444444442, 38.327916666666667 ], [ -105.883194444444442, 38.327638888888892 ], [ -105.882361111111109, 38.327638888888892 ], [ -105.882361111111109, 38.327361111111117 ], [ -105.882083333333327, 38.327361111111117 ], [ -105.882083333333327, 38.32625 ], [ -105.881805555555545, 38.32625 ], [ -105.881805555555545, 38.325416666666669 ], [ -105.881527777777777, 38.325416666666669 ], [ -105.881527777777777, 38.324861111111112 ], [ -105.88125, 38.324861111111112 ], [ -105.88125, 38.324305555555561 ], [ -105.880972222222212, 38.324305555555561 ], [ -105.880972222222212, 38.324027777777779 ], [ -105.88069444444443, 38.324027777777779 ], [ -105.88069444444443, 38.32375 ], [ -105.880416666666662, 38.32375 ], [ -105.880416666666662, 38.322916666666671 ], [ -105.880138888888879, 38.322916666666671 ], [ -105.880138888888879, 38.322361111111114 ], [ -105.880416666666662, 38.322361111111114 ], [ -105.880416666666662, 38.322083333333339 ], [ -105.880138888888879, 38.322083333333339 ], [ -105.880138888888879, 38.321527777777781 ], [ -105.879861111111097, 38.321527777777781 ], [ -105.879861111111097, 38.320972222222224 ], [ -105.879583333333329, 38.320972222222224 ], [ -105.879583333333329, 38.320694444444449 ], [ -105.879305555555547, 38.320694444444449 ], [ -105.879305555555547, 38.320416666666674 ], [ -105.87875, 38.320416666666674 ], [ -105.87875, 38.320138888888891 ], [ -105.878472222222214, 38.320138888888891 ], [ -105.878472222222214, 38.319583333333334 ], [ -105.878194444444432, 38.319583333333334 ], [ -105.878194444444432, 38.319305555555559 ], [ -105.877638888888882, 38.319305555555559 ], [ -105.877638888888882, 38.319027777777784 ], [ -105.876805555555549, 38.319027777777784 ], [ -105.876805555555549, 38.316527777777779 ], [ -105.876527777777767, 38.316527777777779 ], [ -105.876527777777767, 38.31625 ], [ -105.87625, 38.31625 ], [ -105.87625, 38.315972222222229 ], [ -105.875694444444434, 38.315972222222229 ], [ -105.875694444444434, 38.315694444444446 ], [ -105.875416666666652, 38.315694444444446 ], [ -105.875416666666652, 38.315416666666671 ], [ -105.87458333333332, 38.315416666666671 ], [ -105.87458333333332, 38.315138888888896 ], [ -105.874027777777769, 38.315138888888896 ], [ -105.874027777777769, 38.314027777777781 ], [ -105.87375, 38.314027777777781 ], [ -105.87375, 38.31375 ], [ -105.873472222222219, 38.31375 ], [ -105.873472222222219, 38.313472222222224 ], [ -105.873194444444437, 38.313472222222224 ], [ -105.873194444444437, 38.313194444444449 ], [ -105.872916666666654, 38.313194444444449 ], [ -105.872916666666654, 38.312638888888891 ], [ -105.872638888888886, 38.312638888888891 ], [ -105.872638888888886, 38.312083333333334 ], [ -105.872361111111104, 38.312083333333334 ], [ -105.872361111111104, 38.311527777777783 ], [ -105.872083333333322, 38.311527777777783 ], [ -105.872083333333322, 38.310694444444451 ], [ -105.871805555555554, 38.310694444444451 ], [ -105.871805555555554, 38.310416666666669 ], [ -105.87125, 38.310416666666669 ], [ -105.87125, 38.310138888888893 ], [ -105.870972222222221, 38.310138888888893 ], [ -105.870972222222221, 38.309861111111118 ], [ -105.870694444444439, 38.309861111111118 ], [ -105.870694444444439, 38.309583333333336 ], [ -105.869861111111106, 38.309583333333336 ], [ -105.869861111111106, 38.309305555555561 ], [ -105.869305555555542, 38.309305555555561 ], [ -105.869305555555542, 38.309027777777779 ], [ -105.869027777777774, 38.309027777777779 ], [ -105.869027777777774, 38.30875 ], [ -105.86875, 38.30875 ], [ -105.86875, 38.307916666666671 ], [ -105.868472222222209, 38.307916666666671 ], [ -105.868472222222209, 38.307361111111113 ], [ -105.868194444444441, 38.307361111111113 ], [ -105.868194444444441, 38.306805555555556 ], [ -105.867916666666659, 38.306805555555556 ], [ -105.867916666666659, 38.306527777777781 ], [ -105.867638888888877, 38.306527777777781 ], [ -105.867638888888877, 38.30625 ], [ -105.867361111111109, 38.30625 ], [ -105.867361111111109, 38.305972222222223 ], [ -105.867083333333326, 38.305972222222223 ], [ -105.867083333333326, 38.305694444444448 ], [ -105.866527777777776, 38.305694444444448 ], [ -105.866527777777776, 38.305416666666673 ], [ -105.86625, 38.305416666666673 ], [ -105.86625, 38.305138888888891 ], [ -105.865694444444443, 38.305138888888891 ], [ -105.865694444444443, 38.304861111111116 ], [ -105.865416666666661, 38.304861111111116 ], [ -105.865416666666661, 38.304583333333341 ], [ -105.864583333333329, 38.304583333333341 ], [ -105.864583333333329, 38.304305555555558 ], [ -105.86375, 38.304305555555558 ], [ -105.86375, 38.304027777777783 ], [ -105.863194444444431, 38.304027777777783 ], [ -105.863194444444431, 38.30375 ], [ -105.862638888888881, 38.30375 ], [ -105.862638888888881, 38.303472222222226 ], [ -105.861805555555549, 38.303472222222226 ], [ -105.861805555555549, 38.303194444444451 ], [ -105.861527777777766, 38.303194444444451 ], [ -105.861527777777766, 38.302916666666668 ], [ -105.86125, 38.302916666666668 ], [ -105.86125, 38.302638888888893 ], [ -105.860972222222216, 38.302638888888893 ], [ -105.860972222222216, 38.302361111111118 ], [ -105.860694444444434, 38.302361111111118 ], [ -105.860694444444434, 38.301805555555561 ], [ -105.860416666666666, 38.301805555555561 ], [ -105.860416666666666, 38.30125 ], [ -105.860138888888883, 38.30125 ], [ -105.860138888888883, 38.300972222222228 ], [ -105.859861111111101, 38.300972222222228 ], [ -105.859861111111101, 38.300694444444446 ], [ -105.859583333333319, 38.300694444444446 ], [ -105.859583333333319, 38.300416666666671 ], [ -105.859305555555551, 38.300416666666671 ], [ -105.859305555555551, 38.300138888888895 ], [ -105.859027777777769, 38.300138888888895 ], [ -105.859027777777769, 38.299861111111113 ], [ -105.85875, 38.299861111111113 ], [ -105.85875, 38.299305555555563 ], [ -105.858472222222218, 38.299305555555563 ], [ -105.858472222222218, 38.29875 ], [ -105.857916666666654, 38.29875 ], [ -105.857916666666654, 38.298472222222223 ], [ -105.857361111111103, 38.298472222222223 ], [ -105.857361111111103, 38.298194444444448 ], [ -105.855972222222221, 38.298194444444448 ], [ -105.855972222222221, 38.297916666666673 ], [ -105.855694444444438, 38.297916666666673 ], [ -105.855694444444438, 38.297638888888891 ], [ -105.855138888888888, 38.297638888888891 ], [ -105.855138888888888, 38.297361111111115 ], [ -105.854861111111106, 38.297361111111115 ], [ -105.854861111111106, 38.29708333333334 ], [ -105.853472222222209, 38.29708333333334 ], [ -105.853472222222209, 38.296805555555558 ], [ -105.852916666666658, 38.296805555555558 ], [ -105.852916666666658, 38.29625 ], [ -105.852361111111108, 38.29625 ], [ -105.852361111111108, 38.29569444444445 ], [ -105.852083333333326, 38.29569444444445 ], [ -105.852083333333326, 38.295416666666668 ], [ -105.85125, 38.295416666666668 ], [ -105.85125, 38.295138888888893 ], [ -105.850694444444443, 38.295138888888893 ], [ -105.850694444444443, 38.294861111111118 ], [ -105.850416666666661, 38.294861111111118 ], [ -105.850416666666661, 38.29430555555556 ], [ -105.850138888888878, 38.29430555555556 ], [ -105.850138888888878, 38.293472222222228 ], [ -105.84986111111111, 38.293472222222228 ], [ -105.84986111111111, 38.292361111111113 ], [ -105.849583333333328, 38.292361111111113 ], [ -105.849583333333328, 38.292083333333338 ], [ -105.849305555555546, 38.292083333333338 ], [ -105.849305555555546, 38.291805555555563 ], [ -105.849027777777764, 38.291805555555563 ], [ -105.849027777777764, 38.29152777777778 ], [ -105.84875, 38.29152777777778 ], [ -105.84875, 38.29125 ], [ -105.848472222222213, 38.29125 ], [ -105.848472222222213, 38.290972222222223 ], [ -105.848194444444431, 38.290972222222223 ], [ -105.848194444444431, 38.290694444444448 ], [ -105.847916666666663, 38.290694444444448 ], [ -105.847916666666663, 38.290416666666673 ], [ -105.847638888888881, 38.290416666666673 ], [ -105.847638888888881, 38.29013888888889 ], [ -105.847361111111098, 38.29013888888889 ], [ -105.847361111111098, 38.289861111111115 ], [ -105.846805555555548, 38.289861111111115 ], [ -105.846805555555548, 38.29013888888889 ], [ -105.846527777777766, 38.29013888888889 ], [ -105.846527777777766, 38.290416666666673 ], [ -105.84625, 38.290416666666673 ], [ -105.84625, 38.290694444444448 ], [ -105.845972222222215, 38.290694444444448 ], [ -105.845972222222215, 38.29125 ], [ -105.845138888888883, 38.29125 ], [ -105.845138888888883, 38.29152777777778 ], [ -105.844583333333333, 38.29152777777778 ], [ -105.844583333333333, 38.291805555555563 ], [ -105.84430555555555, 38.291805555555563 ], [ -105.84430555555555, 38.292083333333338 ], [ -105.844027777777768, 38.292083333333338 ], [ -105.844027777777768, 38.292361111111113 ], [ -105.84375, 38.292361111111113 ], [ -105.84375, 38.292638888888895 ], [ -105.843472222222218, 38.292638888888895 ], [ -105.843472222222218, 38.29291666666667 ], [ -105.843194444444435, 38.29291666666667 ], [ -105.843194444444435, 38.293194444444445 ], [ -105.842638888888885, 38.293194444444445 ], [ -105.842638888888885, 38.29291666666667 ], [ -105.841805555555553, 38.29291666666667 ], [ -105.841805555555553, 38.292638888888895 ], [ -105.84125, 38.292638888888895 ], [ -105.84125, 38.292361111111113 ], [ -105.840694444444438, 38.292361111111113 ], [ -105.840694444444438, 38.292083333333338 ], [ -105.840138888888887, 38.292083333333338 ], [ -105.840138888888887, 38.29152777777778 ], [ -105.839861111111105, 38.29152777777778 ], [ -105.839861111111105, 38.29125 ], [ -105.839583333333323, 38.29125 ], [ -105.839583333333323, 38.290972222222223 ], [ -105.839305555555555, 38.290972222222223 ], [ -105.839305555555555, 38.290694444444448 ], [ -105.839027777777773, 38.290694444444448 ], [ -105.839027777777773, 38.29013888888889 ], [ -105.83875, 38.29013888888889 ], [ -105.83875, 38.289861111111115 ], [ -105.838472222222208, 38.289861111111115 ], [ -105.838472222222208, 38.28958333333334 ], [ -105.83819444444444, 38.28958333333334 ], [ -105.83819444444444, 38.289027777777783 ], [ -105.837638888888875, 38.289027777777783 ], [ -105.837638888888875, 38.28875 ], [ -105.837361111111107, 38.28875 ], [ -105.837361111111107, 38.288472222222225 ], [ -105.837083333333325, 38.288472222222225 ], [ -105.837083333333325, 38.28819444444445 ], [ -105.836527777777775, 38.28819444444445 ], [ -105.836527777777775, 38.287916666666668 ], [ -105.835694444444442, 38.287916666666668 ], [ -105.835694444444442, 38.287638888888893 ], [ -105.834583333333327, 38.287638888888893 ], [ -105.834583333333327, 38.287361111111117 ], [ -105.834027777777777, 38.287361111111117 ], [ -105.834027777777777, 38.287083333333335 ], [ -105.83319444444443, 38.287083333333335 ], [ -105.83319444444443, 38.28680555555556 ], [ -105.83263888888888, 38.28680555555556 ], [ -105.83263888888888, 38.286527777777785 ], [ -105.83208333333333, 38.286527777777785 ], [ -105.83208333333333, 38.28625 ], [ -105.831805555555547, 38.28625 ], [ -105.831805555555547, 38.285972222222227 ], [ -105.831527777777765, 38.285972222222227 ], [ -105.831527777777765, 38.285694444444445 ], [ -105.83125, 38.285694444444445 ], [ -105.83125, 38.285138888888895 ], [ -105.830972222222215, 38.285138888888895 ], [ -105.830972222222215, 38.284861111111113 ], [ -105.830694444444433, 38.284861111111113 ], [ -105.830694444444433, 38.284305555555562 ], [ -105.830416666666665, 38.284305555555562 ], [ -105.830416666666665, 38.28402777777778 ], [ -105.830138888888882, 38.28402777777778 ], [ -105.830138888888882, 38.283472222222223 ], [ -105.8298611111111, 38.283472222222223 ], [ -105.8298611111111, 38.283194444444447 ], [ -105.829583333333332, 38.283194444444447 ], [ -105.829583333333332, 38.28263888888889 ], [ -105.82930555555555, 38.28263888888889 ], [ -105.82930555555555, 38.28208333333334 ], [ -105.829027777777767, 38.28208333333334 ], [ -105.829027777777767, 38.28125 ], [ -105.82875, 38.28125 ], [ -105.82875, 38.280416666666667 ], [ -105.828472222222217, 38.280416666666667 ], [ -105.828472222222217, 38.280138888888892 ], [ -105.828194444444435, 38.280138888888892 ], [ -105.828194444444435, 38.279583333333335 ], [ -105.827916666666653, 38.279583333333335 ], [ -105.827916666666653, 38.27930555555556 ], [ -105.827638888888885, 38.27930555555556 ], [ -105.827638888888885, 38.27875 ], [ -105.827361111111102, 38.27875 ], [ -105.827361111111102, 38.278472222222227 ], [ -105.826805555555552, 38.278472222222227 ], [ -105.826805555555552, 38.278194444444445 ], [ -105.825972222222219, 38.278194444444445 ], [ -105.825972222222219, 38.27791666666667 ], [ -105.825138888888887, 38.27791666666667 ], [ -105.825138888888887, 38.277638888888895 ], [ -105.824583333333322, 38.277638888888895 ], [ -105.824583333333322, 38.277361111111112 ], [ -105.824027777777772, 38.277361111111112 ], [ -105.824027777777772, 38.277083333333337 ], [ -105.82375, 38.277083333333337 ], [ -105.82375, 38.276805555555562 ], [ -105.822916666666657, 38.276805555555562 ], [ -105.822916666666657, 38.27652777777778 ], [ -105.822361111111107, 38.27652777777778 ], [ -105.822361111111107, 38.27625 ], [ -105.822083333333325, 38.27625 ], [ -105.822083333333325, 38.275972222222229 ], [ -105.821805555555542, 38.275972222222229 ], [ -105.821805555555542, 38.275694444444447 ], [ -105.821527777777774, 38.275694444444447 ], [ -105.821527777777774, 38.275416666666672 ], [ -105.82125, 38.275416666666672 ], [ -105.82125, 38.27513888888889 ], [ -105.82097222222221, 38.27513888888889 ], [ -105.82097222222221, 38.274583333333339 ], [ -105.820694444444442, 38.274583333333339 ], [ -105.820694444444442, 38.274305555555557 ], [ -105.820416666666659, 38.274305555555557 ], [ -105.820416666666659, 38.274027777777782 ], [ -105.820138888888877, 38.274027777777782 ], [ -105.820138888888877, 38.27375 ], [ -105.819861111111109, 38.27375 ], [ -105.819861111111109, 38.273472222222225 ], [ -105.819305555555545, 38.273472222222225 ], [ -105.819305555555545, 38.27375 ], [ -105.817083333333329, 38.27375 ], [ -105.817083333333329, 38.273472222222225 ], [ -105.815694444444432, 38.273472222222225 ], [ -105.815694444444432, 38.273194444444449 ], [ -105.815138888888882, 38.273194444444449 ], [ -105.815138888888882, 38.272916666666667 ], [ -105.81375, 38.272916666666667 ], [ -105.81375, 38.273194444444449 ], [ -105.811527777777769, 38.273194444444449 ], [ -105.811527777777769, 38.272916666666667 ], [ -105.810972222222219, 38.272916666666667 ], [ -105.810972222222219, 38.272638888888892 ], [ -105.810694444444437, 38.272638888888892 ], [ -105.810694444444437, 38.272361111111117 ], [ -105.810138888888886, 38.272361111111117 ], [ -105.810138888888886, 38.272083333333335 ], [ -105.809305555555554, 38.272083333333335 ], [ -105.809305555555554, 38.271805555555559 ], [ -105.808472222222221, 38.271805555555559 ], [ -105.808472222222221, 38.271527777777784 ], [ -105.807916666666657, 38.271527777777784 ], [ -105.807916666666657, 38.27125 ], [ -105.807361111111106, 38.27125 ], [ -105.807361111111106, 38.270972222222227 ], [ -105.80625, 38.270972222222227 ], [ -105.80625, 38.270694444444452 ], [ -105.804027777777776, 38.270694444444452 ], [ -105.804027777777776, 38.270416666666669 ], [ -105.803194444444443, 38.270416666666669 ], [ -105.803194444444443, 38.270138888888894 ], [ -105.802361111111097, 38.270138888888894 ], [ -105.802361111111097, 38.269861111111112 ], [ -105.799861111111099, 38.269861111111112 ], [ -105.799861111111099, 38.269583333333337 ], [ -105.799583333333331, 38.269583333333337 ], [ -105.799583333333331, 38.26875 ], [ -105.799305555555549, 38.26875 ], [ -105.799305555555549, 38.268472222222229 ], [ -105.799027777777766, 38.268472222222229 ], [ -105.799027777777766, 38.268194444444447 ], [ -105.79875, 38.268194444444447 ], [ -105.79875, 38.267638888888889 ], [ -105.798472222222216, 38.267638888888889 ], [ -105.798472222222216, 38.267361111111114 ], [ -105.798194444444434, 38.267361111111114 ], [ -105.798194444444434, 38.266805555555557 ], [ -105.797916666666666, 38.266805555555557 ], [ -105.797916666666666, 38.266527777777782 ], [ -105.797361111111101, 38.266527777777782 ], [ -105.797361111111101, 38.26625 ], [ -105.797083333333319, 38.26625 ], [ -105.797083333333319, 38.265138888888892 ], [ -105.796805555555551, 38.265138888888892 ], [ -105.796805555555551, 38.261805555555561 ], [ -105.796527777777769, 38.261805555555561 ], [ -105.796527777777769, 38.261527777777779 ], [ -105.79625, 38.261527777777779 ], [ -105.79625, 38.260694444444447 ], [ -105.795972222222218, 38.260694444444447 ], [ -105.795972222222218, 38.260416666666671 ], [ -105.795694444444436, 38.260416666666671 ], [ -105.795694444444436, 38.259861111111114 ], [ -105.795416666666654, 38.259861111111114 ], [ -105.795416666666654, 38.259583333333339 ], [ -105.795138888888886, 38.259583333333339 ], [ -105.795138888888886, 38.259027777777781 ], [ -105.794861111111103, 38.259027777777781 ], [ -105.794861111111103, 38.258472222222224 ], [ -105.794583333333321, 38.258472222222224 ], [ -105.794583333333321, 38.258194444444449 ], [ -105.794305555555553, 38.258194444444449 ], [ -105.794305555555553, 38.257638888888891 ], [ -105.794027777777771, 38.257638888888891 ], [ -105.794027777777771, 38.256805555555559 ], [ -105.79375, 38.256805555555559 ], [ -105.79375, 38.256527777777784 ], [ -105.793472222222221, 38.256527777777784 ], [ -105.793472222222221, 38.25625 ], [ -105.793194444444438, 38.25625 ], [ -105.793194444444438, 38.255972222222226 ], [ -105.792916666666656, 38.255972222222226 ], [ -105.792916666666656, 38.255416666666669 ], [ -105.792638888888888, 38.255416666666669 ], [ -105.792638888888888, 38.254861111111111 ], [ -105.792361111111106, 38.254861111111111 ], [ -105.792361111111106, 38.254583333333336 ], [ -105.792083333333323, 38.254583333333336 ], [ -105.792083333333323, 38.254305555555561 ], [ -105.791805555555541, 38.254305555555561 ], [ -105.791805555555541, 38.254027777777779 ], [ -105.791527777777773, 38.254027777777779 ], [ -105.791527777777773, 38.25375 ], [ -105.79125, 38.25375 ], [ -105.79125, 38.253472222222229 ], [ -105.790972222222209, 38.253472222222229 ], [ -105.790972222222209, 38.253194444444446 ], [ -105.790694444444441, 38.253194444444446 ], [ -105.790694444444441, 38.252916666666671 ], [ -105.790416666666658, 38.252916666666671 ], [ -105.790416666666658, 38.252638888888896 ], [ -105.790138888888876, 38.252638888888896 ], [ -105.790138888888876, 38.252361111111114 ], [ -105.789861111111108, 38.252361111111114 ], [ -105.789861111111108, 38.252083333333339 ], [ -105.789583333333326, 38.252083333333339 ], [ -105.789583333333326, 38.251805555555556 ], [ -105.789305555555543, 38.251805555555556 ], [ -105.789305555555543, 38.251527777777781 ], [ -105.789583333333326, 38.251527777777781 ], [ -105.789583333333326, 38.249027777777783 ], [ -105.789305555555543, 38.249027777777783 ], [ -105.789305555555543, 38.247638888888893 ], [ -105.789027777777775, 38.247638888888893 ], [ -105.789027777777775, 38.24625 ], [ -105.789305555555543, 38.24625 ], [ -105.789305555555543, 38.245138888888896 ], [ -105.789583333333326, 38.245138888888896 ], [ -105.789583333333326, 38.244583333333338 ], [ -105.789861111111108, 38.244583333333338 ], [ -105.789861111111108, 38.244305555555556 ], [ -105.789583333333326, 38.244305555555556 ], [ -105.789583333333326, 38.244027777777781 ], [ -105.789305555555543, 38.244027777777781 ], [ -105.789305555555543, 38.24375 ], [ -105.789027777777775, 38.24375 ], [ -105.789027777777775, 38.243472222222223 ], [ -105.78875, 38.243472222222223 ], [ -105.78875, 38.243194444444448 ], [ -105.788472222222211, 38.243194444444448 ], [ -105.788472222222211, 38.242916666666673 ], [ -105.788194444444443, 38.242916666666673 ], [ -105.788194444444443, 38.242361111111116 ], [ -105.787916666666661, 38.242361111111116 ], [ -105.787916666666661, 38.242083333333341 ], [ -105.787083333333328, 38.242083333333341 ], [ -105.787083333333328, 38.241805555555558 ], [ -105.786527777777764, 38.241805555555558 ], [ -105.786527777777764, 38.241527777777783 ], [ -105.78625, 38.241527777777783 ], [ -105.78625, 38.24125 ], [ -105.785972222222213, 38.24125 ], [ -105.785972222222213, 38.240972222222226 ], [ -105.785416666666663, 38.240972222222226 ], [ -105.785416666666663, 38.240694444444451 ], [ -105.785138888888881, 38.240694444444451 ], [ -105.785138888888881, 38.240416666666668 ], [ -105.78458333333333, 38.240416666666668 ], [ -105.78458333333333, 38.240138888888893 ], [ -105.784027777777766, 38.240138888888893 ], [ -105.784027777777766, 38.239861111111118 ], [ -105.783472222222215, 38.239861111111118 ], [ -105.783472222222215, 38.239583333333336 ], [ -105.782361111111101, 38.239583333333336 ], [ -105.782361111111101, 38.239305555555561 ], [ -105.780694444444435, 38.239305555555561 ], [ -105.780694444444435, 38.239027777777778 ], [ -105.780416666666653, 38.239027777777778 ], [ -105.780416666666653, 38.23875 ], [ -105.780138888888885, 38.23875 ], [ -105.780138888888885, 38.238472222222228 ], [ -105.779583333333321, 38.238472222222228 ], [ -105.779583333333321, 38.238194444444446 ], [ -105.77902777777777, 38.238194444444446 ], [ -105.77902777777777, 38.237916666666671 ], [ -105.77847222222222, 38.237916666666671 ], [ -105.77847222222222, 38.237638888888895 ], [ -105.778194444444438, 38.237638888888895 ], [ -105.778194444444438, 38.237361111111113 ], [ -105.777638888888887, 38.237361111111113 ], [ -105.777638888888887, 38.237083333333338 ], [ -105.777361111111105, 38.237083333333338 ], [ -105.777361111111105, 38.236805555555563 ], [ -105.777083333333323, 38.236805555555563 ], [ -105.777083333333323, 38.236527777777781 ], [ -105.776527777777773, 38.236527777777781 ], [ -105.776527777777773, 38.23625 ], [ -105.775972222222208, 38.23625 ], [ -105.775972222222208, 38.235972222222223 ], [ -105.774861111111107, 38.235972222222223 ], [ -105.774861111111107, 38.235694444444448 ], [ -105.774305555555543, 38.235694444444448 ], [ -105.774305555555543, 38.235416666666673 ], [ -105.773194444444442, 38.235416666666673 ], [ -105.773194444444442, 38.235138888888891 ], [ -105.770972222222213, 38.235138888888891 ], [ -105.770972222222213, 38.234861111111115 ], [ -105.77069444444443, 38.234861111111115 ], [ -105.77069444444443, 38.23458333333334 ], [ -105.76958333333333, 38.23458333333334 ], [ -105.76958333333333, 38.234305555555558 ], [ -105.768472222222215, 38.234305555555558 ], [ -105.768472222222215, 38.234027777777783 ], [ -105.768194444444433, 38.234027777777783 ], [ -105.768194444444433, 38.233472222222225 ], [ -105.767916666666665, 38.233472222222225 ], [ -105.767916666666665, 38.23319444444445 ], [ -105.767638888888882, 38.23319444444445 ], [ -105.767638888888882, 38.232361111111118 ], [ -105.7673611111111, 38.232361111111118 ], [ -105.7673611111111, 38.232083333333335 ], [ -105.767083333333332, 38.232083333333335 ], [ -105.767083333333332, 38.23180555555556 ], [ -105.766527777777767, 38.23180555555556 ], [ -105.766527777777767, 38.231527777777778 ], [ -105.76625, 38.231527777777778 ], [ -105.76625, 38.23125 ], [ -105.765694444444435, 38.23125 ], [ -105.765694444444435, 38.230972222222228 ], [ -105.765138888888885, 38.230972222222228 ], [ -105.765138888888885, 38.230694444444445 ], [ -105.76458333333332, 38.230694444444445 ], [ -105.76458333333332, 38.23041666666667 ], [ -105.76375, 38.23041666666667 ], [ -105.76375, 38.230138888888895 ], [ -105.763194444444437, 38.230138888888895 ], [ -105.763194444444437, 38.229861111111113 ], [ -105.762361111111105, 38.229861111111113 ], [ -105.762361111111105, 38.229583333333338 ], [ -105.761805555555554, 38.229583333333338 ], [ -105.761805555555554, 38.229305555555563 ], [ -105.760694444444439, 38.229305555555563 ], [ -105.760694444444439, 38.22902777777778 ], [ -105.759861111111107, 38.22902777777778 ], [ -105.759861111111107, 38.22875 ], [ -105.759583333333325, 38.22875 ], [ -105.759583333333325, 38.228194444444448 ], [ -105.759305555555542, 38.228194444444448 ], [ -105.759305555555542, 38.22763888888889 ], [ -105.759027777777774, 38.22763888888889 ], [ -105.759027777777774, 38.227361111111115 ], [ -105.75875, 38.227361111111115 ], [ -105.75875, 38.22708333333334 ], [ -105.75847222222221, 38.22708333333334 ], [ -105.75847222222221, 38.226805555555558 ], [ -105.758194444444442, 38.226805555555558 ], [ -105.758194444444442, 38.226527777777783 ], [ -105.757916666666659, 38.226527777777783 ], [ -105.757916666666659, 38.22625 ], [ -105.757638888888877, 38.22625 ], [ -105.757638888888877, 38.225972222222225 ], [ -105.757361111111109, 38.225972222222225 ], [ -105.757361111111109, 38.22569444444445 ], [ -105.757083333333327, 38.22569444444445 ], [ -105.757083333333327, 38.225138888888893 ], [ -105.756805555555545, 38.225138888888893 ], [ -105.756805555555545, 38.224861111111117 ], [ -105.756527777777777, 38.224861111111117 ], [ -105.756527777777777, 38.22430555555556 ], [ -105.75625, 38.22430555555556 ], [ -105.75625, 38.224027777777785 ], [ -105.755972222222212, 38.224027777777785 ], [ -105.755972222222212, 38.22125 ], [ -105.75625, 38.22125 ], [ -105.75625, 38.219305555555557 ], [ -105.756527777777777, 38.219305555555557 ], [ -105.756527777777777, 38.219027777777782 ], [ -105.75625, 38.219027777777782 ], [ -105.75625, 38.21875 ], [ -105.755972222222212, 38.21875 ], [ -105.755972222222212, 38.218472222222225 ], [ -105.75569444444443, 38.218472222222225 ], [ -105.75569444444443, 38.21819444444445 ], [ -105.755138888888879, 38.21819444444445 ], [ -105.755138888888879, 38.217916666666667 ], [ -105.754861111111097, 38.217916666666667 ], [ -105.754861111111097, 38.217638888888892 ], [ -105.754305555555547, 38.217638888888892 ], [ -105.754305555555547, 38.217361111111117 ], [ -105.754027777777765, 38.217361111111117 ], [ -105.754027777777765, 38.217083333333335 ], [ -105.75375, 38.217083333333335 ], [ -105.75375, 38.21680555555556 ], [ -105.753194444444432, 38.21680555555556 ], [ -105.753194444444432, 38.216527777777785 ], [ -105.752916666666664, 38.216527777777785 ], [ -105.752916666666664, 38.21625 ], [ -105.752638888888882, 38.21625 ], [ -105.752638888888882, 38.215694444444445 ], [ -105.752361111111099, 38.215694444444445 ], [ -105.752361111111099, 38.21541666666667 ], [ -105.751805555555549, 38.21541666666667 ], [ -105.751805555555549, 38.215138888888895 ], [ -105.751527777777767, 38.215138888888895 ], [ -105.751527777777767, 38.214861111111112 ], [ -105.750972222222217, 38.214861111111112 ], [ -105.750972222222217, 38.214583333333337 ], [ -105.750416666666652, 38.214583333333337 ], [ -105.750416666666652, 38.214305555555562 ], [ -105.74958333333332, 38.214305555555562 ], [ -105.74958333333332, 38.21402777777778 ], [ -105.747083333333322, 38.21402777777778 ], [ -105.747083333333322, 38.214305555555562 ], [ -105.744861111111106, 38.214305555555562 ], [ -105.744861111111106, 38.21402777777778 ], [ -105.744583333333324, 38.21402777777778 ], [ -105.744583333333324, 38.21375 ], [ -105.744305555555542, 38.21375 ], [ -105.744305555555542, 38.213472222222229 ], [ -105.744027777777774, 38.213472222222229 ], [ -105.744027777777774, 38.213194444444447 ], [ -105.74375, 38.213194444444447 ], [ -105.74375, 38.212916666666672 ], [ -105.743472222222209, 38.212916666666672 ], [ -105.743472222222209, 38.21263888888889 ], [ -105.743194444444441, 38.21263888888889 ], [ -105.743194444444441, 38.212361111111115 ], [ -105.742638888888877, 38.212361111111115 ], [ -105.742638888888877, 38.212083333333339 ], [ -105.742361111111109, 38.212083333333339 ], [ -105.742361111111109, 38.211805555555557 ], [ -105.742083333333326, 38.211805555555557 ], [ -105.742083333333326, 38.211527777777782 ], [ -105.741805555555544, 38.211527777777782 ], [ -105.741805555555544, 38.210972222222225 ], [ -105.741527777777776, 38.210972222222225 ], [ -105.741527777777776, 38.210694444444449 ], [ -105.74125, 38.210694444444449 ], [ -105.74125, 38.210416666666667 ], [ -105.740972222222211, 38.210416666666667 ], [ -105.740972222222211, 38.210138888888892 ], [ -105.740138888888879, 38.210138888888892 ], [ -105.740138888888879, 38.209861111111117 ], [ -105.737638888888881, 38.209861111111117 ], [ -105.737638888888881, 38.209583333333335 ], [ -105.736527777777766, 38.209583333333335 ], [ -105.736527777777766, 38.209305555555559 ], [ -105.73625, 38.209305555555559 ], [ -105.73625, 38.209027777777784 ], [ -105.735972222222216, 38.209027777777784 ], [ -105.735972222222216, 38.207916666666669 ], [ -105.735694444444434, 38.207916666666669 ], [ -105.735694444444434, 38.207083333333337 ], [ -105.735416666666666, 38.207083333333337 ], [ -105.735416666666666, 38.206527777777779 ], [ -105.735138888888883, 38.206527777777779 ], [ -105.735138888888883, 38.205972222222229 ], [ -105.734861111111101, 38.205972222222229 ], [ -105.734861111111101, 38.205694444444447 ], [ -105.734583333333319, 38.205694444444447 ], [ -105.734583333333319, 38.205416666666672 ], [ -105.734305555555551, 38.205416666666672 ], [ -105.734305555555551, 38.204583333333339 ], [ -105.734027777777769, 38.204583333333339 ], [ -105.734027777777769, 38.204027777777782 ], [ -105.73375, 38.204027777777782 ], [ -105.73375, 38.202916666666667 ], [ -105.733472222222218, 38.202916666666667 ], [ -105.733472222222218, 38.201805555555559 ], [ -105.733194444444436, 38.201805555555559 ], [ -105.733194444444436, 38.20125 ], [ -105.732916666666654, 38.20125 ], [ -105.732916666666654, 38.200972222222227 ], [ -105.732638888888886, 38.200972222222227 ], [ -105.732638888888886, 38.200694444444451 ], [ -105.732361111111103, 38.200694444444451 ], [ -105.732361111111103, 38.200972222222227 ], [ -105.730972222222221, 38.200972222222227 ], [ -105.730972222222221, 38.200694444444451 ], [ -105.730138888888888, 38.200694444444451 ], [ -105.730138888888888, 38.200416666666669 ], [ -105.729305555555541, 38.200416666666669 ], [ -105.729305555555541, 38.200138888888894 ], [ -105.728472222222209, 38.200138888888894 ], [ -105.728472222222209, 38.199861111111112 ], [ -105.726805555555543, 38.199861111111112 ], [ -105.726805555555543, 38.199583333333337 ], [ -105.726527777777775, 38.199583333333337 ], [ -105.726527777777775, 38.19875 ], [ -105.72625, 38.19875 ], [ -105.72625, 38.198472222222229 ], [ -105.725694444444443, 38.198472222222229 ], [ -105.725694444444443, 38.198194444444447 ], [ -105.725416666666661, 38.198194444444447 ], [ -105.725416666666661, 38.197916666666671 ], [ -105.725138888888878, 38.197916666666671 ], [ -105.725138888888878, 38.197361111111114 ], [ -105.72486111111111, 38.197361111111114 ], [ -105.72486111111111, 38.197083333333339 ], [ -105.724583333333328, 38.197083333333339 ], [ -105.724583333333328, 38.196805555555557 ], [ -105.724305555555546, 38.196805555555557 ], [ -105.724305555555546, 38.196527777777781 ], [ -105.724027777777764, 38.196527777777781 ], [ -105.724027777777764, 38.195972222222224 ], [ -105.72375, 38.195972222222224 ], [ -105.72375, 38.195416666666674 ], [ -105.723472222222213, 38.195416666666674 ], [ -105.723472222222213, 38.195138888888891 ], [ -105.723194444444431, 38.195138888888891 ], [ -105.723194444444431, 38.194583333333334 ], [ -105.722916666666663, 38.194583333333334 ], [ -105.722916666666663, 38.194305555555559 ], [ -105.722638888888881, 38.194305555555559 ], [ -105.722638888888881, 38.19375 ], [ -105.722361111111098, 38.19375 ], [ -105.722361111111098, 38.193194444444451 ], [ -105.72208333333333, 38.193194444444451 ], [ -105.72208333333333, 38.192638888888894 ], [ -105.721805555555548, 38.192638888888894 ], [ -105.721805555555548, 38.192083333333336 ], [ -105.721527777777766, 38.192083333333336 ], [ -105.721527777777766, 38.191527777777779 ], [ -105.72125, 38.191527777777779 ], [ -105.72125, 38.19125 ], [ -105.720972222222215, 38.19125 ], [ -105.720972222222215, 38.190972222222229 ], [ -105.720694444444433, 38.190972222222229 ], [ -105.720694444444433, 38.190694444444446 ], [ -105.720138888888883, 38.190694444444446 ], [ -105.720138888888883, 38.190416666666671 ], [ -105.719861111111101, 38.190416666666671 ], [ -105.719861111111101, 38.190138888888896 ], [ -105.71930555555555, 38.190138888888896 ], [ -105.71930555555555, 38.189861111111114 ], [ -105.719027777777768, 38.189861111111114 ], [ -105.719027777777768, 38.189583333333339 ], [ -105.718472222222218, 38.189583333333339 ], [ -105.718472222222218, 38.189305555555556 ], [ -105.718194444444435, 38.189305555555556 ], [ -105.718194444444435, 38.189027777777781 ], [ -105.717916666666653, 38.189027777777781 ], [ -105.717916666666653, 38.18875 ], [ -105.717638888888885, 38.18875 ], [ -105.717638888888885, 38.188194444444449 ], [ -105.717361111111103, 38.188194444444449 ], [ -105.717361111111103, 38.187916666666673 ], [ -105.717083333333321, 38.187916666666673 ], [ -105.717083333333321, 38.187083333333334 ], [ -105.716805555555553, 38.187083333333334 ], [ -105.716805555555553, 38.18625 ], [ -105.71652777777777, 38.18625 ], [ -105.71652777777777, 38.185694444444451 ], [ -105.71625, 38.185694444444451 ], [ -105.71625, 38.185416666666669 ], [ -105.71597222222222, 38.185416666666669 ], [ -105.71597222222222, 38.185138888888893 ], [ -105.715694444444438, 38.185138888888893 ], [ -105.715694444444438, 38.184861111111118 ], [ -105.715138888888887, 38.184861111111118 ], [ -105.715138888888887, 38.184583333333336 ], [ -105.714861111111105, 38.184583333333336 ], [ -105.714861111111105, 38.184305555555561 ], [ -105.714305555555555, 38.184305555555561 ], [ -105.714305555555555, 38.184027777777779 ], [ -105.71375, 38.184027777777779 ], [ -105.71375, 38.18375 ], [ -105.713472222222208, 38.18375 ], [ -105.713472222222208, 38.183472222222228 ], [ -105.712638888888875, 38.183472222222228 ], [ -105.712638888888875, 38.183194444444446 ], [ -105.711527777777775, 38.183194444444446 ], [ -105.711527777777775, 38.182916666666671 ], [ -105.710694444444442, 38.182916666666671 ], [ -105.710694444444442, 38.182638888888896 ], [ -105.70986111111111, 38.182638888888896 ], [ -105.70986111111111, 38.182361111111113 ], [ -105.709027777777777, 38.182361111111113 ], [ -105.709027777777777, 38.182083333333338 ], [ -105.708472222222213, 38.182083333333338 ], [ -105.708472222222213, 38.18125 ], [ -105.70819444444443, 38.18125 ], [ -105.70819444444443, 38.180416666666673 ], [ -105.707916666666662, 38.180416666666673 ], [ -105.707916666666662, 38.179861111111116 ], [ -105.70763888888888, 38.179861111111116 ], [ -105.70763888888888, 38.179583333333341 ], [ -105.707361111111098, 38.179583333333341 ], [ -105.707361111111098, 38.179027777777783 ], [ -105.70708333333333, 38.179027777777783 ], [ -105.70708333333333, 38.178472222222226 ], [ -105.706805555555547, 38.178472222222226 ], [ -105.706805555555547, 38.178194444444451 ], [ -105.706527777777765, 38.178194444444451 ], [ -105.706527777777765, 38.177916666666668 ], [ -105.70625, 38.177916666666668 ], [ -105.70625, 38.177638888888893 ], [ -105.705972222222215, 38.177638888888893 ], [ -105.705972222222215, 38.177361111111118 ], [ -105.705694444444433, 38.177361111111118 ], [ -105.705694444444433, 38.176805555555561 ], [ -105.705416666666665, 38.176805555555561 ], [ -105.705416666666665, 38.176527777777778 ], [ -105.705138888888882, 38.176527777777778 ], [ -105.705138888888882, 38.17625 ], [ -105.7048611111111, 38.17625 ], [ -105.7048611111111, 38.175972222222228 ], [ -105.704583333333332, 38.175972222222228 ], [ -105.704583333333332, 38.175694444444446 ], [ -105.704027777777767, 38.175694444444446 ], [ -105.704027777777767, 38.175416666666671 ], [ -105.70375, 38.175416666666671 ], [ -105.70375, 38.175138888888895 ], [ -105.703472222222217, 38.175138888888895 ], [ -105.703472222222217, 38.174861111111113 ], [ -105.702916666666653, 38.174861111111113 ], [ -105.702916666666653, 38.174583333333338 ], [ -105.702361111111102, 38.174583333333338 ], [ -105.702361111111102, 38.174305555555563 ], [ -105.70208333333332, 38.174305555555563 ], [ -105.70208333333332, 38.174027777777781 ], [ -105.701805555555552, 38.174027777777781 ], [ -105.701805555555552, 38.173472222222223 ], [ -105.70152777777777, 38.173472222222223 ], [ -105.70152777777777, 38.173194444444448 ], [ -105.70125, 38.173194444444448 ], [ -105.70125, 38.171527777777783 ], [ -105.700972222222219, 38.171527777777783 ], [ -105.700972222222219, 38.169861111111118 ], [ -105.700694444444437, 38.169861111111118 ], [ -105.700694444444437, 38.16930555555556 ], [ -105.700416666666655, 38.16930555555556 ], [ -105.700416666666655, 38.169027777777778 ], [ -105.699861111111105, 38.169027777777778 ], [ -105.699861111111105, 38.16875 ], [ -105.699583333333322, 38.16875 ], [ -105.699583333333322, 38.168194444444445 ], [ -105.699305555555554, 38.168194444444445 ], [ -105.699305555555554, 38.16791666666667 ], [ -105.699027777777772, 38.16791666666667 ], [ -105.699027777777772, 38.167638888888895 ], [ -105.698472222222208, 38.167638888888895 ], [ -105.698472222222208, 38.167361111111113 ], [ -105.697916666666657, 38.167361111111113 ], [ -105.697916666666657, 38.167083333333338 ], [ -105.697083333333325, 38.167083333333338 ], [ -105.697083333333325, 38.166805555555563 ], [ -105.69625, 38.166805555555563 ], [ -105.69625, 38.16652777777778 ], [ -105.695416666666659, 38.16652777777778 ], [ -105.695416666666659, 38.16625 ], [ -105.694861111111109, 38.16625 ], [ -105.694861111111109, 38.165972222222223 ], [ -105.692916666666662, 38.165972222222223 ], [ -105.692916666666662, 38.165694444444448 ], [ -105.692638888888879, 38.165694444444448 ], [ -105.692638888888879, 38.165972222222223 ], [ -105.691805555555547, 38.165972222222223 ], [ -105.691805555555547, 38.16625 ], [ -105.69125, 38.16625 ], [ -105.69125, 38.16652777777778 ], [ -105.690694444444432, 38.16652777777778 ], [ -105.690694444444432, 38.166805555555563 ], [ -105.68708333333332, 38.166805555555563 ], [ -105.68708333333332, 38.167083333333338 ], [ -105.686805555555551, 38.167083333333338 ], [ -105.686805555555551, 38.165972222222223 ], [ -105.686527777777769, 38.165972222222223 ], [ -105.686527777777769, 38.165694444444448 ], [ -105.68625, 38.165694444444448 ], [ -105.68625, 38.165416666666673 ], [ -105.685972222222219, 38.165416666666673 ], [ -105.685972222222219, 38.16513888888889 ], [ -105.685694444444437, 38.16513888888889 ], [ -105.685694444444437, 38.164861111111115 ], [ -105.685416666666654, 38.164861111111115 ], [ -105.685416666666654, 38.16458333333334 ], [ -105.685138888888886, 38.16458333333334 ], [ -105.685138888888886, 38.164305555555558 ], [ -105.684861111111104, 38.164305555555558 ], [ -105.684861111111104, 38.164027777777783 ], [ -105.684583333333322, 38.164027777777783 ], [ -105.684583333333322, 38.16375 ], [ -105.684305555555554, 38.16375 ], [ -105.684305555555554, 38.163472222222225 ], [ -105.684027777777771, 38.163472222222225 ], [ -105.684027777777771, 38.16319444444445 ], [ -105.683472222222221, 38.16319444444445 ], [ -105.683472222222221, 38.162916666666668 ], [ -105.683194444444439, 38.162916666666668 ], [ -105.683194444444439, 38.162638888888893 ], [ -105.682916666666657, 38.162638888888893 ], [ -105.682916666666657, 38.162361111111117 ], [ -105.682638888888874, 38.162361111111117 ], [ -105.682638888888874, 38.16180555555556 ], [ -105.682083333333324, 38.16180555555556 ], [ -105.682083333333324, 38.16125 ], [ -105.681805555555542, 38.16125 ], [ -105.681805555555542, 38.160972222222227 ], [ -105.681527777777774, 38.160972222222227 ], [ -105.681527777777774, 38.160694444444445 ], [ -105.680972222222209, 38.160694444444445 ], [ -105.680972222222209, 38.16041666666667 ], [ -105.680138888888877, 38.16041666666667 ], [ -105.680138888888877, 38.160138888888895 ], [ -105.679027777777776, 38.160138888888895 ], [ -105.679027777777776, 38.159861111111113 ], [ -105.678194444444443, 38.159861111111113 ], [ -105.678194444444443, 38.159583333333337 ], [ -105.676805555555546, 38.159583333333337 ], [ -105.676805555555546, 38.159305555555562 ], [ -105.674583333333331, 38.159305555555562 ], [ -105.674583333333331, 38.15902777777778 ], [ -105.673194444444434, 38.15902777777778 ], [ -105.673194444444434, 38.15763888888889 ], [ -105.672916666666666, 38.15763888888889 ], [ -105.672916666666666, 38.156527777777782 ], [ -105.672638888888883, 38.156527777777782 ], [ -105.672638888888883, 38.15625 ], [ -105.672361111111101, 38.15625 ], [ -105.672361111111101, 38.15569444444445 ], [ -105.672083333333319, 38.15569444444445 ], [ -105.672083333333319, 38.154583333333335 ], [ -105.671805555555551, 38.154583333333335 ], [ -105.671805555555551, 38.154027777777785 ], [ -105.671527777777769, 38.154027777777785 ], [ -105.671527777777769, 38.15375 ], [ -105.670972222222218, 38.15375 ], [ -105.670972222222218, 38.153472222222227 ], [ -105.670694444444436, 38.153472222222227 ], [ -105.670694444444436, 38.153194444444445 ], [ -105.670138888888886, 38.153194444444445 ], [ -105.670138888888886, 38.15291666666667 ], [ -105.670416666666654, 38.15291666666667 ], [ -105.670416666666654, 38.152361111111112 ], [ -105.670694444444436, 38.152361111111112 ], [ -105.670694444444436, 38.151805555555562 ], [ -105.670972222222218, 38.151805555555562 ], [ -105.670972222222218, 38.15125 ], [ -105.67125, 38.15125 ], [ -105.67125, 38.150972222222229 ], [ -105.671527777777769, 38.150972222222229 ], [ -105.671527777777769, 38.15013888888889 ], [ -105.671805555555551, 38.15013888888889 ], [ -105.671805555555551, 38.149861111111115 ], [ -105.672083333333319, 38.149861111111115 ], [ -105.672083333333319, 38.149583333333339 ], [ -105.672361111111101, 38.149583333333339 ], [ -105.672361111111101, 38.149305555555557 ], [ -105.672916666666666, 38.149305555555557 ], [ -105.672916666666666, 38.148194444444449 ], [ -105.673194444444434, 38.148194444444449 ], [ -105.673194444444434, 38.147916666666667 ], [ -105.67375, 38.147916666666667 ], [ -105.67375, 38.147638888888892 ], [ -105.674305555555549, 38.147638888888892 ], [ -105.674305555555549, 38.147361111111117 ], [ -105.674861111111099, 38.147361111111117 ], [ -105.674861111111099, 38.147083333333335 ], [ -105.675416666666663, 38.147083333333335 ], [ -105.675416666666663, 38.146805555555559 ], [ -105.675972222222214, 38.146805555555559 ], [ -105.675972222222214, 38.146527777777784 ], [ -105.67625, 38.146527777777784 ], [ -105.67625, 38.145694444444452 ], [ -105.675972222222214, 38.145694444444452 ], [ -105.675972222222214, 38.144861111111112 ], [ -105.675694444444431, 38.144861111111112 ], [ -105.675694444444431, 38.144583333333337 ], [ -105.675416666666663, 38.144583333333337 ], [ -105.675416666666663, 38.144027777777779 ], [ -105.675138888888881, 38.144027777777779 ], [ -105.675138888888881, 38.142916666666672 ], [ -105.674861111111099, 38.142916666666672 ], [ -105.674861111111099, 38.142083333333339 ], [ -105.674583333333331, 38.142083333333339 ], [ -105.674583333333331, 38.141527777777782 ], [ -105.674305555555549, 38.141527777777782 ], [ -105.674305555555549, 38.140972222222224 ], [ -105.67375, 38.140972222222224 ], [ -105.67375, 38.140694444444449 ], [ -105.673194444444434, 38.140694444444449 ], [ -105.673194444444434, 38.140416666666667 ], [ -105.672638888888883, 38.140416666666667 ], [ -105.672638888888883, 38.139861111111117 ], [ -105.672916666666666, 38.139861111111117 ], [ -105.672916666666666, 38.139305555555559 ], [ -105.673194444444434, 38.139305555555559 ], [ -105.673194444444434, 38.138194444444451 ], [ -105.673472222222216, 38.138194444444451 ], [ -105.673472222222216, 38.137361111111112 ], [ -105.673194444444434, 38.137361111111112 ], [ -105.673194444444434, 38.13625 ], [ -105.672916666666666, 38.13625 ], [ -105.672916666666666, 38.135416666666671 ], [ -105.672638888888883, 38.135416666666671 ], [ -105.672638888888883, 38.135138888888889 ], [ -105.672361111111101, 38.135138888888889 ], [ -105.672361111111101, 38.134861111111114 ], [ -105.672083333333319, 38.134861111111114 ], [ -105.672083333333319, 38.134305555555557 ], [ -105.671805555555551, 38.134305555555557 ], [ -105.671805555555551, 38.13375 ], [ -105.671527777777769, 38.13375 ], [ -105.671527777777769, 38.133194444444449 ], [ -105.67125, 38.133194444444449 ], [ -105.67125, 38.132361111111116 ], [ -105.670972222222218, 38.132361111111116 ], [ -105.670972222222218, 38.131805555555559 ], [ -105.670694444444436, 38.131805555555559 ], [ -105.670694444444436, 38.131527777777784 ], [ -105.670416666666654, 38.131527777777784 ], [ -105.670416666666654, 38.130972222222226 ], [ -105.669861111111103, 38.130972222222226 ], [ -105.669861111111103, 38.130694444444451 ], [ -105.669583333333321, 38.130694444444451 ], [ -105.669583333333321, 38.130416666666669 ], [ -105.669861111111103, 38.130416666666669 ], [ -105.669861111111103, 38.128472222222229 ], [ -105.669583333333321, 38.128472222222229 ], [ -105.669583333333321, 38.128194444444446 ], [ -105.669305555555553, 38.128194444444446 ], [ -105.669305555555553, 38.127916666666671 ], [ -105.66875, 38.127916666666671 ], [ -105.66875, 38.127638888888896 ], [ -105.668472222222221, 38.127638888888896 ], [ -105.668472222222221, 38.127361111111114 ], [ -105.668194444444438, 38.127361111111114 ], [ -105.668194444444438, 38.127083333333339 ], [ -105.667638888888888, 38.127083333333339 ], [ -105.667638888888888, 38.126805555555556 ], [ -105.667361111111106, 38.126805555555556 ], [ -105.667361111111106, 38.126527777777781 ], [ -105.667083333333323, 38.126527777777781 ], [ -105.667083333333323, 38.12625 ], [ -105.666805555555541, 38.12625 ], [ -105.666805555555541, 38.125972222222224 ], [ -105.66625, 38.125972222222224 ], [ -105.66625, 38.125416666666673 ], [ -105.665972222222209, 38.125416666666673 ], [ -105.665972222222209, 38.125138888888891 ], [ -105.665694444444441, 38.125138888888891 ], [ -105.665694444444441, 38.124861111111116 ], [ -105.665416666666658, 38.124861111111116 ], [ -105.665416666666658, 38.124583333333334 ], [ -105.665138888888876, 38.124583333333334 ], [ -105.665138888888876, 38.124027777777783 ], [ -105.664861111111108, 38.124027777777783 ], [ -105.664861111111108, 38.12375 ], [ -105.664583333333326, 38.12375 ], [ -105.664583333333326, 38.123472222222226 ], [ -105.664305555555543, 38.123472222222226 ], [ -105.664305555555543, 38.122916666666669 ], [ -105.664027777777775, 38.122916666666669 ], [ -105.664027777777775, 38.122638888888893 ], [ -105.66375, 38.122638888888893 ], [ -105.66375, 38.122361111111118 ], [ -105.663472222222211, 38.122361111111118 ], [ -105.663472222222211, 38.120694444444446 ], [ -105.663194444444443, 38.120694444444446 ], [ -105.663194444444443, 38.119861111111113 ], [ -105.662916666666661, 38.119861111111113 ], [ -105.662916666666661, 38.119305555555556 ], [ -105.662638888888878, 38.119305555555556 ], [ -105.662638888888878, 38.119027777777781 ], [ -105.66236111111111, 38.119027777777781 ], [ -105.66236111111111, 38.11875 ], [ -105.661805555555546, 38.11875 ], [ -105.661805555555546, 38.118472222222223 ], [ -105.66125, 38.118472222222223 ], [ -105.66125, 38.118194444444448 ], [ -105.660416666666663, 38.118194444444448 ], [ -105.660416666666663, 38.117916666666673 ], [ -105.659305555555548, 38.117916666666673 ], [ -105.659305555555548, 38.117638888888891 ], [ -105.658194444444433, 38.117638888888891 ], [ -105.658194444444433, 38.117361111111116 ], [ -105.657638888888883, 38.117361111111116 ], [ -105.657638888888883, 38.116805555555558 ], [ -105.657916666666665, 38.116805555555558 ], [ -105.657916666666665, 38.11625 ], [ -105.658194444444433, 38.11625 ], [ -105.658194444444433, 38.115694444444451 ], [ -105.658472222222215, 38.115694444444451 ], [ -105.658472222222215, 38.115138888888893 ], [ -105.65875, 38.115138888888893 ], [ -105.65875, 38.114861111111118 ], [ -105.659027777777766, 38.114861111111118 ], [ -105.659027777777766, 38.114583333333336 ], [ -105.659305555555548, 38.114583333333336 ], [ -105.659305555555548, 38.114027777777778 ], [ -105.65958333333333, 38.114027777777778 ], [ -105.65958333333333, 38.11375 ], [ -105.659861111111098, 38.11375 ], [ -105.659861111111098, 38.112361111111113 ], [ -105.660138888888881, 38.112361111111113 ], [ -105.660138888888881, 38.112083333333338 ], [ -105.660416666666663, 38.112083333333338 ], [ -105.660416666666663, 38.111805555555563 ], [ -105.660694444444431, 38.111805555555563 ], [ -105.660694444444431, 38.111527777777781 ], [ -105.66125, 38.111527777777781 ], [ -105.66125, 38.10958333333334 ], [ -105.661527777777764, 38.10958333333334 ], [ -105.661527777777764, 38.10875 ], [ -105.661805555555546, 38.10875 ], [ -105.661805555555546, 38.107916666666668 ], [ -105.662083333333328, 38.107916666666668 ], [ -105.662083333333328, 38.107083333333335 ], [ -105.66236111111111, 38.107083333333335 ], [ -105.66236111111111, 38.105972222222228 ], [ -105.662083333333328, 38.105972222222228 ], [ -105.662083333333328, 38.105694444444445 ], [ -105.661805555555546, 38.105694444444445 ], [ -105.661805555555546, 38.105138888888895 ], [ -105.662083333333328, 38.105138888888895 ], [ -105.662083333333328, 38.104305555555563 ], [ -105.66236111111111, 38.104305555555563 ], [ -105.66236111111111, 38.10402777777778 ], [ -105.662083333333328, 38.10402777777778 ], [ -105.662083333333328, 38.10375 ], [ -105.661805555555546, 38.10375 ], [ -105.661805555555546, 38.103194444444448 ], [ -105.661527777777764, 38.103194444444448 ], [ -105.661527777777764, 38.100972222222225 ], [ -105.66125, 38.100972222222225 ], [ -105.66125, 38.100416666666668 ], [ -105.660972222222213, 38.100416666666668 ], [ -105.660972222222213, 38.099861111111117 ], [ -105.660694444444431, 38.099861111111117 ], [ -105.660694444444431, 38.09930555555556 ], [ -105.660416666666663, 38.09930555555556 ], [ -105.660416666666663, 38.099027777777785 ], [ -105.660138888888881, 38.099027777777785 ], [ -105.660138888888881, 38.09875 ], [ -105.659861111111098, 38.09875 ], [ -105.659861111111098, 38.098472222222227 ], [ -105.65958333333333, 38.098472222222227 ], [ -105.65958333333333, 38.09791666666667 ], [ -105.659305555555548, 38.09791666666667 ], [ -105.659305555555548, 38.097638888888895 ], [ -105.659027777777766, 38.097638888888895 ], [ -105.659027777777766, 38.097361111111113 ], [ -105.65875, 38.097361111111113 ], [ -105.65875, 38.097083333333337 ], [ -105.658472222222215, 38.097083333333337 ], [ -105.658472222222215, 38.096805555555562 ], [ -105.657916666666665, 38.096805555555562 ], [ -105.657916666666665, 38.09652777777778 ], [ -105.657361111111101, 38.09652777777778 ], [ -105.657361111111101, 38.09625 ], [ -105.65680555555555, 38.09625 ], [ -105.65680555555555, 38.095972222222223 ], [ -105.65625, 38.095972222222223 ], [ -105.65625, 38.095694444444447 ], [ -105.655416666666653, 38.095694444444447 ], [ -105.655416666666653, 38.094305555555557 ], [ -105.655138888888885, 38.094305555555557 ], [ -105.655138888888885, 38.09125 ], [ -105.654861111111103, 38.09125 ], [ -105.654861111111103, 38.091527777777785 ], [ -105.654583333333321, 38.091527777777785 ], [ -105.654583333333321, 38.09125 ], [ -105.65402777777777, 38.09125 ], [ -105.65402777777777, 38.090972222222227 ], [ -105.65375, 38.090972222222227 ], [ -105.65375, 38.090694444444445 ], [ -105.653194444444438, 38.090694444444445 ], [ -105.653194444444438, 38.09041666666667 ], [ -105.652916666666655, 38.09041666666667 ], [ -105.652916666666655, 38.090138888888895 ], [ -105.652638888888887, 38.090138888888895 ], [ -105.652638888888887, 38.089861111111112 ], [ -105.652361111111105, 38.089861111111112 ], [ -105.652361111111105, 38.089583333333337 ], [ -105.652083333333323, 38.089583333333337 ], [ -105.652083333333323, 38.089305555555562 ], [ -105.651805555555555, 38.089305555555562 ], [ -105.651805555555555, 38.08875 ], [ -105.651527777777773, 38.08875 ], [ -105.651527777777773, 38.088472222222229 ], [ -105.650972222222208, 38.088472222222229 ], [ -105.650972222222208, 38.088194444444447 ], [ -105.65069444444444, 38.088194444444447 ], [ -105.65069444444444, 38.087916666666672 ], [ -105.650416666666658, 38.087916666666672 ], [ -105.650416666666658, 38.08763888888889 ], [ -105.650138888888875, 38.08763888888889 ], [ -105.650138888888875, 38.087083333333339 ], [ -105.649861111111107, 38.087083333333339 ], [ -105.649861111111107, 38.086805555555557 ], [ -105.649305555555543, 38.086805555555557 ], [ -105.649305555555543, 38.086527777777782 ], [ -105.64847222222221, 38.086527777777782 ], [ -105.64847222222221, 38.08625 ], [ -105.64791666666666, 38.08625 ], [ -105.64791666666666, 38.085972222222225 ], [ -105.647638888888878, 38.085972222222225 ], [ -105.647638888888878, 38.085694444444449 ], [ -105.647083333333327, 38.085694444444449 ], [ -105.647083333333327, 38.085416666666667 ], [ -105.646805555555545, 38.085416666666667 ], [ -105.646805555555545, 38.085138888888892 ], [ -105.646527777777777, 38.085138888888892 ], [ -105.646527777777777, 38.084861111111117 ], [ -105.64625, 38.084861111111117 ], [ -105.64625, 38.084305555555559 ], [ -105.645972222222213, 38.084305555555559 ], [ -105.645972222222213, 38.084027777777784 ], [ -105.64569444444443, 38.084027777777784 ], [ -105.64569444444443, 38.08375 ], [ -105.645416666666662, 38.08375 ], [ -105.645416666666662, 38.082916666666669 ], [ -105.64513888888888, 38.082916666666669 ], [ -105.64513888888888, 38.082361111111112 ], [ -105.644861111111098, 38.082361111111112 ], [ -105.644861111111098, 38.081805555555562 ], [ -105.644305555555547, 38.081805555555562 ], [ -105.644305555555547, 38.081527777777779 ], [ -105.644027777777765, 38.081527777777779 ], [ -105.644027777777765, 38.08125 ], [ -105.64375, 38.08125 ], [ -105.64375, 38.080972222222229 ], [ -105.643472222222215, 38.080972222222229 ], [ -105.643472222222215, 38.080694444444447 ], [ -105.643194444444433, 38.080694444444447 ], [ -105.643194444444433, 38.080416666666672 ], [ -105.642916666666665, 38.080416666666672 ], [ -105.642916666666665, 38.080138888888889 ], [ -105.642638888888882, 38.080138888888889 ], [ -105.642638888888882, 38.079861111111114 ], [ -105.6423611111111, 38.079861111111114 ], [ -105.6423611111111, 38.079583333333339 ], [ -105.64180555555555, 38.079583333333339 ], [ -105.64180555555555, 38.079305555555557 ], [ -105.641527777777767, 38.079305555555557 ], [ -105.641527777777767, 38.079027777777782 ], [ -105.640972222222217, 38.079027777777782 ], [ -105.640972222222217, 38.07875 ], [ -105.63958333333332, 38.07875 ], [ -105.63958333333332, 38.078472222222224 ], [ -105.639305555555552, 38.078472222222224 ], [ -105.639305555555552, 38.078194444444449 ], [ -105.63902777777777, 38.078194444444449 ], [ -105.63902777777777, 38.077916666666667 ], [ -105.63875, 38.077916666666667 ], [ -105.63875, 38.077638888888892 ], [ -105.638472222222219, 38.077638888888892 ], [ -105.638472222222219, 38.077361111111117 ], [ -105.638194444444437, 38.077361111111117 ], [ -105.638194444444437, 38.077083333333334 ], [ -105.637916666666655, 38.077083333333334 ], [ -105.637916666666655, 38.076805555555559 ], [ -105.637638888888887, 38.076805555555559 ], [ -105.637638888888887, 38.076527777777784 ], [ -105.637361111111105, 38.076527777777784 ], [ -105.637361111111105, 38.07625 ], [ -105.637083333333322, 38.07625 ], [ -105.637083333333322, 38.075972222222227 ], [ -105.636805555555554, 38.075972222222227 ], [ -105.636805555555554, 38.075694444444451 ], [ -105.636527777777772, 38.075694444444451 ], [ -105.636527777777772, 38.074861111111112 ], [ -105.636805555555554, 38.074861111111112 ], [ -105.636805555555554, 38.074027777777779 ], [ -105.637083333333322, 38.074027777777779 ], [ -105.637083333333322, 38.072916666666671 ], [ -105.637361111111105, 38.072916666666671 ], [ -105.637361111111105, 38.072638888888889 ], [ -105.637083333333322, 38.072638888888889 ], [ -105.637083333333322, 38.072083333333339 ], [ -105.636805555555554, 38.072083333333339 ], [ -105.636805555555554, 38.071805555555557 ], [ -105.636527777777772, 38.071805555555557 ], [ -105.636527777777772, 38.071527777777781 ], [ -105.63625, 38.071527777777781 ], [ -105.63625, 38.07125 ], [ -105.635694444444439, 38.07125 ], [ -105.635694444444439, 38.070972222222224 ], [ -105.635416666666657, 38.070972222222224 ], [ -105.635416666666657, 38.070694444444449 ], [ -105.635138888888875, 38.070694444444449 ], [ -105.635138888888875, 38.070416666666674 ], [ -105.634861111111107, 38.070416666666674 ], [ -105.634861111111107, 38.070138888888891 ], [ -105.634583333333325, 38.070138888888891 ], [ -105.634583333333325, 38.069861111111116 ], [ -105.634305555555542, 38.069861111111116 ], [ -105.634305555555542, 38.069583333333334 ], [ -105.634027777777774, 38.069583333333334 ], [ -105.634027777777774, 38.069305555555559 ], [ -105.63347222222221, 38.069305555555559 ], [ -105.63347222222221, 38.069027777777784 ], [ -105.633194444444442, 38.069027777777784 ], [ -105.633194444444442, 38.06875 ], [ -105.632638888888877, 38.06875 ], [ -105.632638888888877, 38.068472222222226 ], [ -105.632083333333327, 38.068472222222226 ], [ -105.632083333333327, 38.068194444444451 ], [ -105.63125, 38.068194444444451 ], [ -105.63125, 38.067916666666669 ], [ -105.629583333333329, 38.067916666666669 ], [ -105.629583333333329, 38.067638888888894 ], [ -105.62875, 38.067638888888894 ], [ -105.62875, 38.067361111111111 ], [ -105.627361111111099, 38.067361111111111 ], [ -105.627361111111099, 38.067083333333336 ], [ -105.627083333333331, 38.067083333333336 ], [ -105.627083333333331, 38.064305555555556 ], [ -105.626805555555549, 38.064305555555556 ], [ -105.626805555555549, 38.064027777777781 ], [ -105.626527777777767, 38.064027777777781 ], [ -105.626527777777767, 38.063472222222224 ], [ -105.62625, 38.063472222222224 ], [ -105.62625, 38.062361111111116 ], [ -105.625972222222217, 38.062361111111116 ], [ -105.625972222222217, 38.060972222222226 ], [ -105.62625, 38.060972222222226 ], [ -105.62625, 38.060416666666669 ], [ -105.626527777777767, 38.060416666666669 ], [ -105.626527777777767, 38.059861111111118 ], [ -105.626805555555549, 38.059861111111118 ], [ -105.626805555555549, 38.059305555555561 ], [ -105.627083333333331, 38.059305555555561 ], [ -105.627083333333331, 38.059027777777779 ], [ -105.627361111111099, 38.059027777777779 ], [ -105.627361111111099, 38.05875 ], [ -105.627638888888882, 38.05875 ], [ -105.627638888888882, 38.058194444444446 ], [ -105.627916666666664, 38.058194444444446 ], [ -105.627916666666664, 38.057916666666671 ], [ -105.628194444444432, 38.057916666666671 ], [ -105.628194444444432, 38.057361111111113 ], [ -105.627916666666664, 38.057361111111113 ], [ -105.627916666666664, 38.057083333333338 ], [ -105.627638888888882, 38.057083333333338 ], [ -105.627638888888882, 38.056805555555556 ], [ -105.627083333333331, 38.056805555555556 ], [ -105.627083333333331, 38.056527777777781 ], [ -105.626805555555549, 38.056527777777781 ], [ -105.626805555555549, 38.05625 ], [ -105.62625, 38.05625 ], [ -105.62625, 38.055972222222223 ], [ -105.625416666666652, 38.055972222222223 ], [ -105.625416666666652, 38.055694444444448 ], [ -105.624861111111102, 38.055694444444448 ], [ -105.624861111111102, 38.055416666666673 ], [ -105.624027777777769, 38.055416666666673 ], [ -105.624027777777769, 38.055138888888891 ], [ -105.623194444444437, 38.055138888888891 ], [ -105.623194444444437, 38.054861111111116 ], [ -105.622638888888886, 38.054861111111116 ], [ -105.622638888888886, 38.054583333333341 ], [ -105.622083333333322, 38.054583333333341 ], [ -105.622083333333322, 38.054305555555558 ], [ -105.62125, 38.054305555555558 ], [ -105.62125, 38.054027777777783 ], [ -105.620416666666657, 38.054027777777783 ], [ -105.620416666666657, 38.05375 ], [ -105.619861111111106, 38.05375 ], [ -105.619861111111106, 38.053472222222226 ], [ -105.619027777777774, 38.053472222222226 ], [ -105.619027777777774, 38.053194444444451 ], [ -105.617916666666659, 38.053194444444451 ], [ -105.617916666666659, 38.052083333333336 ], [ -105.617638888888877, 38.052083333333336 ], [ -105.617638888888877, 38.049027777777781 ], [ -105.617916666666659, 38.049027777777781 ], [ -105.617916666666659, 38.04708333333334 ], [ -105.617638888888877, 38.04708333333334 ], [ -105.617638888888877, 38.04625 ], [ -105.617361111111109, 38.04625 ], [ -105.617361111111109, 38.04569444444445 ], [ -105.616805555555544, 38.04569444444445 ], [ -105.616805555555544, 38.045416666666668 ], [ -105.616527777777776, 38.045416666666668 ], [ -105.616527777777776, 38.045138888888893 ], [ -105.61625, 38.045138888888893 ], [ -105.61625, 38.044861111111118 ], [ -105.615972222222211, 38.044861111111118 ], [ -105.615972222222211, 38.044583333333335 ], [ -105.615694444444443, 38.044583333333335 ], [ -105.615694444444443, 38.044027777777778 ], [ -105.615416666666661, 38.044027777777778 ], [ -105.615416666666661, 38.04375 ], [ -105.615138888888879, 38.04375 ], [ -105.615138888888879, 38.043472222222228 ], [ -105.614861111111097, 38.043472222222228 ], [ -105.614861111111097, 38.042638888888895 ], [ -105.614583333333329, 38.042638888888895 ], [ -105.614583333333329, 38.040416666666673 ], [ -105.614305555555546, 38.040416666666673 ], [ -105.614305555555546, 38.03958333333334 ], [ -105.614027777777764, 38.03958333333334 ], [ -105.614027777777764, 38.039305555555558 ], [ -105.61375, 38.039305555555558 ], [ -105.61375, 38.03875 ], [ -105.613472222222214, 38.03875 ], [ -105.613472222222214, 38.03819444444445 ], [ -105.613194444444431, 38.03819444444445 ], [ -105.613194444444431, 38.037916666666668 ], [ -105.612916666666663, 38.037916666666668 ], [ -105.612916666666663, 38.037638888888893 ], [ -105.612638888888881, 38.037638888888893 ], [ -105.612638888888881, 38.037361111111117 ], [ -105.612361111111099, 38.037361111111117 ], [ -105.612361111111099, 38.037083333333335 ], [ -105.612083333333331, 38.037083333333335 ], [ -105.612083333333331, 38.03680555555556 ], [ -105.611527777777766, 38.03680555555556 ], [ -105.611527777777766, 38.036527777777785 ], [ -105.610972222222216, 38.036527777777785 ], [ -105.610972222222216, 38.03625 ], [ -105.610694444444434, 38.03625 ], [ -105.610694444444434, 38.035972222222227 ], [ -105.610416666666666, 38.035972222222227 ], [ -105.610416666666666, 38.035694444444445 ], [ -105.609583333333319, 38.035694444444445 ], [ -105.609583333333319, 38.03541666666667 ], [ -105.609305555555551, 38.03541666666667 ], [ -105.609305555555551, 38.035138888888895 ], [ -105.609027777777769, 38.035138888888895 ], [ -105.609027777777769, 38.034305555555562 ], [ -105.60875, 38.034305555555562 ], [ -105.60875, 38.033194444444447 ], [ -105.609027777777769, 38.033194444444447 ], [ -105.609027777777769, 38.03263888888889 ], [ -105.60875, 38.03263888888889 ], [ -105.60875, 38.032361111111115 ], [ -105.608194444444436, 38.032361111111115 ], [ -105.608194444444436, 38.03263888888889 ], [ -105.607916666666654, 38.03263888888889 ], [ -105.607916666666654, 38.032361111111115 ], [ -105.607638888888886, 38.032361111111115 ], [ -105.607638888888886, 38.03208333333334 ], [ -105.607361111111103, 38.03208333333334 ], [ -105.607361111111103, 38.031805555555557 ], [ -105.606805555555553, 38.031805555555557 ], [ -105.606805555555553, 38.031527777777782 ], [ -105.604583333333323, 38.031527777777782 ], [ -105.604583333333323, 38.03125 ], [ -105.604305555555541, 38.03125 ], [ -105.604305555555541, 38.030972222222225 ], [ -105.603472222222209, 38.030972222222225 ], [ -105.603472222222209, 38.03069444444445 ], [ -105.603194444444441, 38.03069444444445 ], [ -105.603194444444441, 38.030972222222225 ], [ -105.602083333333326, 38.030972222222225 ], [ -105.602083333333326, 38.03125 ], [ -105.600972222222211, 38.03125 ], [ -105.600972222222211, 38.031527777777782 ], [ -105.600416666666661, 38.031527777777782 ], [ -105.600416666666661, 38.031805555555557 ], [ -105.59986111111111, 38.031805555555557 ], [ -105.59986111111111, 38.03208333333334 ], [ -105.599027777777764, 38.03208333333334 ], [ -105.599027777777764, 38.032361111111115 ], [ -105.598472222222213, 38.032361111111115 ], [ -105.598472222222213, 38.03263888888889 ], [ -105.597916666666663, 38.03263888888889 ], [ -105.597916666666663, 38.032916666666672 ], [ -105.59708333333333, 38.032916666666672 ], [ -105.59708333333333, 38.033194444444447 ], [ -105.596527777777766, 38.033194444444447 ], [ -105.596527777777766, 38.033472222222223 ], [ -105.595694444444433, 38.033472222222223 ], [ -105.595694444444433, 38.033194444444447 ], [ -105.595416666666665, 38.033194444444447 ], [ -105.595416666666665, 38.033472222222223 ], [ -105.595138888888883, 38.033472222222223 ], [ -105.595138888888883, 38.033194444444447 ], [ -105.594861111111101, 38.033194444444447 ], [ -105.594861111111101, 38.033472222222223 ], [ -105.592916666666653, 38.033472222222223 ], [ -105.592916666666653, 38.03375 ], [ -105.59125, 38.03375 ], [ -105.59125, 38.03402777777778 ], [ -105.590694444444438, 38.03402777777778 ], [ -105.590694444444438, 38.034305555555562 ], [ -105.590416666666655, 38.034305555555562 ], [ -105.590416666666655, 38.034583333333337 ], [ -105.589861111111105, 38.034583333333337 ], [ -105.589861111111105, 38.034861111111113 ], [ -105.589583333333323, 38.034861111111113 ], [ -105.589583333333323, 38.035138888888895 ], [ -105.589027777777773, 38.035138888888895 ], [ -105.589027777777773, 38.03541666666667 ], [ -105.58875, 38.03541666666667 ], [ -105.58875, 38.035694444444445 ], [ -105.588472222222208, 38.035694444444445 ], [ -105.588472222222208, 38.035972222222227 ], [ -105.58819444444444, 38.035972222222227 ], [ -105.58819444444444, 38.03625 ], [ -105.587916666666658, 38.03625 ], [ -105.587916666666658, 38.036527777777785 ], [ -105.587638888888875, 38.036527777777785 ], [ -105.587638888888875, 38.037083333333335 ], [ -105.587361111111107, 38.037083333333335 ], [ -105.587361111111107, 38.037361111111117 ], [ -105.587083333333325, 38.037361111111117 ], [ -105.587083333333325, 38.037638888888893 ], [ -105.586805555555543, 38.037638888888893 ], [ -105.586805555555543, 38.037916666666668 ], [ -105.58625, 38.037916666666668 ], [ -105.58625, 38.037638888888893 ], [ -105.58597222222221, 38.037638888888893 ], [ -105.58597222222221, 38.037361111111117 ], [ -105.585694444444442, 38.037361111111117 ], [ -105.585694444444442, 38.037083333333335 ], [ -105.58541666666666, 38.037083333333335 ], [ -105.58541666666666, 38.03680555555556 ], [ -105.585138888888878, 38.03680555555556 ], [ -105.585138888888878, 38.036527777777785 ], [ -105.58486111111111, 38.036527777777785 ], [ -105.58486111111111, 38.03625 ], [ -105.584583333333327, 38.03625 ], [ -105.584583333333327, 38.035972222222227 ], [ -105.584305555555545, 38.035972222222227 ], [ -105.584305555555545, 38.035694444444445 ], [ -105.584027777777777, 38.035694444444445 ], [ -105.584027777777777, 38.03541666666667 ], [ -105.58375, 38.03541666666667 ], [ -105.58375, 38.035138888888895 ], [ -105.583472222222213, 38.035138888888895 ], [ -105.583472222222213, 38.034861111111113 ], [ -105.58319444444443, 38.034861111111113 ], [ -105.58319444444443, 38.034305555555562 ], [ -105.582916666666662, 38.034305555555562 ], [ -105.582916666666662, 38.033472222222223 ], [ -105.58263888888888, 38.033472222222223 ], [ -105.58263888888888, 38.033194444444447 ], [ -105.582361111111098, 38.033194444444447 ], [ -105.582361111111098, 38.03263888888889 ], [ -105.58208333333333, 38.03263888888889 ], [ -105.58208333333333, 38.032361111111115 ], [ -105.581527777777765, 38.032361111111115 ], [ -105.581527777777765, 38.031805555555557 ], [ -105.58125, 38.031805555555557 ], [ -105.58125, 38.030416666666667 ], [ -105.57125, 38.030416666666667 ], [ -105.57125, 38.03069444444445 ], [ -105.57097222222221, 38.03069444444445 ], [ -105.57097222222221, 38.030972222222225 ], [ -105.570694444444442, 38.030972222222225 ], [ -105.570694444444442, 38.03125 ], [ -105.570416666666659, 38.03125 ], [ -105.570416666666659, 38.031527777777782 ], [ -105.570138888888877, 38.031527777777782 ], [ -105.570138888888877, 38.031805555555557 ], [ -105.569583333333327, 38.031805555555557 ], [ -105.569583333333327, 38.03208333333334 ], [ -105.569305555555545, 38.03208333333334 ], [ -105.569305555555545, 38.032361111111115 ], [ -105.569027777777777, 38.032361111111115 ], [ -105.569027777777777, 38.03263888888889 ], [ -105.56875, 38.03263888888889 ], [ -105.56875, 38.032916666666672 ], [ -105.56819444444443, 38.032916666666672 ], [ -105.56819444444443, 38.033194444444447 ], [ -105.567916666666662, 38.033194444444447 ], [ -105.567916666666662, 38.033472222222223 ], [ -105.567638888888879, 38.033472222222223 ], [ -105.567638888888879, 38.03375 ], [ -105.567083333333329, 38.03375 ], [ -105.567083333333329, 38.03402777777778 ], [ -105.566527777777765, 38.03402777777778 ], [ -105.566527777777765, 38.034305555555562 ], [ -105.56625, 38.034305555555562 ], [ -105.56625, 38.034583333333337 ], [ -105.565694444444432, 38.034583333333337 ], [ -105.565694444444432, 38.034861111111113 ], [ -105.565416666666664, 38.034861111111113 ], [ -105.565416666666664, 38.035138888888895 ], [ -105.565138888888882, 38.035138888888895 ], [ -105.565138888888882, 38.03541666666667 ], [ -105.564583333333331, 38.03541666666667 ], [ -105.564583333333331, 38.035138888888895 ], [ -105.563194444444434, 38.035138888888895 ], [ -105.563194444444434, 38.034861111111113 ], [ -105.562916666666652, 38.034861111111113 ], [ -105.562916666666652, 38.034583333333337 ], [ -105.562638888888884, 38.034583333333337 ], [ -105.562638888888884, 38.034305555555562 ], [ -105.562361111111102, 38.034305555555562 ], [ -105.562361111111102, 38.03402777777778 ], [ -105.56208333333332, 38.03402777777778 ], [ -105.56208333333332, 38.03375 ], [ -105.561805555555551, 38.03375 ], [ -105.561805555555551, 38.033472222222223 ], [ -105.561527777777769, 38.033472222222223 ], [ -105.561527777777769, 38.033194444444447 ], [ -105.56125, 38.033194444444447 ], [ -105.56125, 38.032916666666672 ], [ -105.560972222222219, 38.032916666666672 ], [ -105.560972222222219, 38.03263888888889 ], [ -105.560694444444437, 38.03263888888889 ], [ -105.560694444444437, 38.032361111111115 ], [ -105.560416666666654, 38.032361111111115 ], [ -105.560416666666654, 38.03208333333334 ], [ -105.560138888888886, 38.03208333333334 ], [ -105.560138888888886, 38.031805555555557 ], [ -105.559861111111104, 38.031805555555557 ], [ -105.559861111111104, 38.031527777777782 ], [ -105.559583333333322, 38.031527777777782 ], [ -105.559583333333322, 38.03125 ], [ -105.559305555555554, 38.03125 ], [ -105.559305555555554, 38.030972222222225 ], [ -105.559027777777771, 38.030972222222225 ], [ -105.559027777777771, 38.03069444444445 ], [ -105.55875, 38.03069444444445 ], [ -105.55875, 38.030416666666667 ], [ -105.537916666666661, 38.030416666666667 ], [ -105.537916666666661, 38.03069444444445 ], [ -105.536805555555546, 38.03069444444445 ], [ -105.536805555555546, 38.030972222222225 ], [ -105.53625, 38.030972222222225 ], [ -105.53625, 38.03125 ], [ -105.535972222222213, 38.03125 ], [ -105.535972222222213, 38.030972222222225 ], [ -105.535694444444431, 38.030972222222225 ], [ -105.535694444444431, 38.03069444444445 ], [ -105.535416666666663, 38.03069444444445 ], [ -105.535416666666663, 38.030416666666667 ], [ -105.50847222222221, 38.030416666666667 ], [ -105.50847222222221, 38.03069444444445 ], [ -105.508194444444442, 38.03069444444445 ], [ -105.508194444444442, 38.030972222222225 ], [ -105.507638888888877, 38.030972222222225 ], [ -105.507638888888877, 38.03125 ], [ -105.506805555555545, 38.03125 ], [ -105.506805555555545, 38.030972222222225 ], [ -105.506527777777777, 38.030972222222225 ], [ -105.506527777777777, 38.03069444444445 ], [ -105.50569444444443, 38.03069444444445 ], [ -105.50569444444443, 38.030416666666667 ], [ -105.418194444444438, 38.030416666666667 ], [ -105.418194444444438, 38.03069444444445 ], [ -105.417916666666656, 38.03069444444445 ], [ -105.417916666666656, 38.030972222222225 ], [ -105.417361111111106, 38.030972222222225 ], [ -105.417361111111106, 38.03069444444445 ], [ -105.417083333333323, 38.03069444444445 ], [ -105.417083333333323, 38.030416666666667 ], [ -105.40125, 38.030416666666667 ], [ -105.40125, 38.03069444444445 ], [ -105.400972222222208, 38.03069444444445 ], [ -105.400972222222208, 38.030972222222225 ], [ -105.400416666666658, 38.030972222222225 ], [ -105.400416666666658, 38.03125 ], [ -105.399583333333325, 38.03125 ], [ -105.399583333333325, 38.031527777777782 ], [ -105.39791666666666, 38.031527777777782 ], [ -105.39791666666666, 38.031805555555557 ], [ -105.397638888888878, 38.031805555555557 ], [ -105.397638888888878, 38.03263888888889 ], [ -105.39736111111111, 38.03263888888889 ], [ -105.39736111111111, 38.032916666666672 ], [ -105.39569444444443, 38.032916666666672 ], [ -105.39569444444443, 38.03263888888889 ], [ -105.395416666666662, 38.03263888888889 ], [ -105.395416666666662, 38.032916666666672 ], [ -105.39513888888888, 38.032916666666672 ], [ -105.39513888888888, 38.03402777777778 ], [ -105.394305555555547, 38.03402777777778 ], [ -105.394305555555547, 38.034305555555562 ], [ -105.393194444444433, 38.034305555555562 ], [ -105.393194444444433, 38.034583333333337 ], [ -105.390972222222217, 38.034583333333337 ], [ -105.390972222222217, 38.034305555555562 ], [ -105.390416666666653, 38.034305555555562 ], [ -105.390416666666653, 38.03402777777778 ], [ -105.389305555555552, 38.03402777777778 ], [ -105.389305555555552, 38.034305555555562 ], [ -105.387638888888887, 38.034305555555562 ], [ -105.387638888888887, 38.03402777777778 ], [ -105.387361111111105, 38.03402777777778 ], [ -105.387361111111105, 38.034305555555562 ], [ -105.387083333333322, 38.034305555555562 ], [ -105.387083333333322, 38.034583333333337 ], [ -105.386805555555554, 38.034583333333337 ], [ -105.386805555555554, 38.034861111111113 ], [ -105.386527777777772, 38.034861111111113 ], [ -105.386527777777772, 38.035138888888895 ], [ -105.38625, 38.035138888888895 ], [ -105.38625, 38.03541666666667 ], [ -105.385972222222208, 38.03541666666667 ], [ -105.385972222222208, 38.035694444444445 ], [ -105.385416666666657, 38.035694444444445 ], [ -105.385416666666657, 38.035972222222227 ], [ -105.385138888888875, 38.035972222222227 ], [ -105.385138888888875, 38.03625 ], [ -105.384861111111107, 38.03625 ], [ -105.384861111111107, 38.036527777777785 ], [ -105.384305555555542, 38.036527777777785 ], [ -105.384305555555542, 38.03680555555556 ], [ -105.38375, 38.03680555555556 ], [ -105.38375, 38.037083333333335 ], [ -105.38347222222221, 38.037083333333335 ], [ -105.38347222222221, 38.037361111111117 ], [ -105.383194444444442, 38.037361111111117 ], [ -105.383194444444442, 38.037638888888893 ], [ -105.382638888888877, 38.037638888888893 ], [ -105.382638888888877, 38.037916666666668 ], [ -105.382361111111109, 38.037916666666668 ], [ -105.382361111111109, 38.03819444444445 ], [ -105.382083333333327, 38.03819444444445 ], [ -105.382083333333327, 38.038472222222225 ], [ -105.381805555555545, 38.038472222222225 ], [ -105.381805555555545, 38.03875 ], [ -105.381527777777777, 38.03875 ], [ -105.381527777777777, 38.039027777777783 ], [ -105.380972222222212, 38.039027777777783 ], [ -105.380972222222212, 38.03875 ], [ -105.380138888888879, 38.03875 ], [ -105.380138888888879, 38.038472222222225 ], [ -105.379305555555547, 38.038472222222225 ], [ -105.379305555555547, 38.03819444444445 ], [ -105.379027777777765, 38.03819444444445 ], [ -105.379027777777765, 38.037916666666668 ], [ -105.378472222222214, 38.037916666666668 ], [ -105.378472222222214, 38.037638888888893 ], [ -105.377916666666664, 38.037638888888893 ], [ -105.377916666666664, 38.037361111111117 ], [ -105.377638888888882, 38.037361111111117 ], [ -105.377638888888882, 38.037083333333335 ], [ -105.37458333333332, 38.037083333333335 ], [ -105.37458333333332, 38.037361111111117 ], [ -105.374305555555551, 38.037361111111117 ], [ -105.374305555555551, 38.037638888888893 ], [ -105.374027777777769, 38.037638888888893 ], [ -105.374027777777769, 38.037916666666668 ], [ -105.37375, 38.037916666666668 ], [ -105.37375, 38.03819444444445 ], [ -105.373472222222219, 38.03819444444445 ], [ -105.373472222222219, 38.038472222222225 ], [ -105.373194444444437, 38.038472222222225 ], [ -105.373194444444437, 38.03875 ], [ -105.372916666666654, 38.03875 ], [ -105.372916666666654, 38.039027777777783 ], [ -105.372361111111104, 38.039027777777783 ], [ -105.372361111111104, 38.039305555555558 ], [ -105.370972222222221, 38.039305555555558 ], [ -105.370972222222221, 38.03958333333334 ], [ -105.369861111111106, 38.03958333333334 ], [ -105.369861111111106, 38.039861111111115 ], [ -105.369583333333324, 38.039861111111115 ], [ -105.369583333333324, 38.04013888888889 ], [ -105.369305555555542, 38.04013888888889 ], [ -105.369305555555542, 38.040416666666673 ], [ -105.368472222222209, 38.040416666666673 ], [ -105.368472222222209, 38.040694444444448 ], [ -105.367638888888877, 38.040694444444448 ], [ -105.367638888888877, 38.040416666666673 ], [ -105.367083333333326, 38.040416666666673 ], [ -105.367083333333326, 38.040694444444448 ], [ -105.366527777777776, 38.040694444444448 ], [ -105.366527777777776, 38.040972222222223 ], [ -105.365416666666661, 38.040972222222223 ], [ -105.365416666666661, 38.04125 ], [ -105.365138888888879, 38.04125 ], [ -105.365138888888879, 38.041805555555563 ], [ -105.364861111111097, 38.041805555555563 ], [ -105.364861111111097, 38.042638888888895 ], [ -105.364583333333329, 38.042638888888895 ], [ -105.364583333333329, 38.04291666666667 ], [ -105.364305555555546, 38.04291666666667 ], [ -105.364305555555546, 38.043194444444445 ], [ -105.364027777777764, 38.043194444444445 ], [ -105.364027777777764, 38.043472222222228 ], [ -105.36375, 38.043472222222228 ], [ -105.36375, 38.04375 ], [ -105.362916666666663, 38.04375 ], [ -105.362916666666663, 38.044027777777778 ], [ -105.362361111111099, 38.044027777777778 ], [ -105.362361111111099, 38.04430555555556 ], [ -105.36125, 38.04430555555556 ], [ -105.36125, 38.044583333333335 ], [ -105.360694444444434, 38.044583333333335 ], [ -105.360694444444434, 38.04430555555556 ], [ -105.360416666666666, 38.04430555555556 ], [ -105.360416666666666, 38.044583333333335 ], [ -105.359861111111101, 38.044583333333335 ], [ -105.359861111111101, 38.044861111111118 ], [ -105.359305555555551, 38.044861111111118 ], [ -105.359305555555551, 38.045138888888893 ], [ -105.358472222222218, 38.045138888888893 ], [ -105.358472222222218, 38.044583333333335 ], [ -105.357638888888886, 38.044583333333335 ], [ -105.357638888888886, 38.044861111111118 ], [ -105.35625, 38.044861111111118 ], [ -105.35625, 38.045138888888893 ], [ -105.355694444444438, 38.045138888888893 ], [ -105.355694444444438, 38.04569444444445 ], [ -105.355416666666656, 38.04569444444445 ], [ -105.355416666666656, 38.045972222222225 ], [ -105.355138888888888, 38.045972222222225 ], [ -105.355138888888888, 38.04625 ], [ -105.354861111111106, 38.04625 ], [ -105.354861111111106, 38.047361111111115 ], [ -105.354305555555541, 38.047361111111115 ], [ -105.354305555555541, 38.047638888888891 ], [ -105.353194444444441, 38.047638888888891 ], [ -105.353194444444441, 38.047916666666673 ], [ -105.352361111111108, 38.047916666666673 ], [ -105.352361111111108, 38.048194444444448 ], [ -105.351805555555543, 38.048194444444448 ], [ -105.351805555555543, 38.048472222222223 ], [ -105.350972222222211, 38.048472222222223 ], [ -105.350972222222211, 38.049027777777781 ], [ -105.350694444444443, 38.049027777777781 ], [ -105.350694444444443, 38.049305555555563 ], [ -105.350416666666661, 38.049305555555563 ], [ -105.350416666666661, 38.050416666666671 ], [ -105.350138888888878, 38.050416666666671 ], [ -105.350138888888878, 38.052638888888893 ], [ -105.34986111111111, 38.052638888888893 ], [ -105.34986111111111, 38.052916666666668 ], [ -105.349027777777764, 38.052916666666668 ], [ -105.349027777777764, 38.053194444444451 ], [ -105.34875, 38.053194444444451 ], [ -105.34875, 38.053472222222226 ], [ -105.348194444444431, 38.053472222222226 ], [ -105.348194444444431, 38.05375 ], [ -105.347361111111098, 38.05375 ], [ -105.347361111111098, 38.054027777777783 ], [ -105.346527777777766, 38.054027777777783 ], [ -105.346527777777766, 38.054305555555558 ], [ -105.345972222222215, 38.054305555555558 ], [ -105.345972222222215, 38.054583333333341 ], [ -105.345694444444433, 38.054583333333341 ], [ -105.345694444444433, 38.054861111111116 ], [ -105.344583333333333, 38.054861111111116 ], [ -105.344583333333333, 38.055138888888891 ], [ -105.342638888888885, 38.055138888888891 ], [ -105.342638888888885, 38.054861111111116 ], [ -105.341805555555553, 38.054861111111116 ], [ -105.341805555555553, 38.054305555555558 ], [ -105.34152777777777, 38.054305555555558 ], [ -105.34152777777777, 38.05375 ], [ -105.341805555555553, 38.05375 ], [ -105.341805555555553, 38.053472222222226 ], [ -105.342083333333321, 38.053472222222226 ], [ -105.342083333333321, 38.052916666666668 ], [ -105.34152777777777, 38.052916666666668 ], [ -105.34152777777777, 38.052638888888893 ], [ -105.340416666666655, 38.052638888888893 ], [ -105.340416666666655, 38.052361111111118 ], [ -105.339861111111105, 38.052361111111118 ], [ -105.339861111111105, 38.052638888888893 ], [ -105.339583333333323, 38.052638888888893 ], [ -105.339583333333323, 38.052916666666668 ], [ -105.339027777777773, 38.052916666666668 ], [ -105.339027777777773, 38.053194444444451 ], [ -105.338472222222208, 38.053194444444451 ], [ -105.338472222222208, 38.053472222222226 ], [ -105.337638888888875, 38.053472222222226 ], [ -105.337638888888875, 38.05375 ], [ -105.336805555555543, 38.05375 ], [ -105.336805555555543, 38.053472222222226 ], [ -105.33625, 38.053472222222226 ], [ -105.33625, 38.053194444444451 ], [ -105.335694444444442, 38.053194444444451 ], [ -105.335694444444442, 38.052916666666668 ], [ -105.33541666666666, 38.052916666666668 ], [ -105.33541666666666, 38.052638888888893 ], [ -105.33486111111111, 38.052638888888893 ], [ -105.33486111111111, 38.051805555555561 ], [ -105.334583333333327, 38.051805555555561 ], [ -105.334583333333327, 38.05125 ], [ -105.333472222222213, 38.05125 ], [ -105.333472222222213, 38.050972222222228 ], [ -105.33319444444443, 38.050972222222228 ], [ -105.33319444444443, 38.050694444444446 ], [ -105.332916666666662, 38.050694444444446 ], [ -105.332916666666662, 38.050416666666671 ], [ -105.332361111111098, 38.050416666666671 ], [ -105.332361111111098, 38.050694444444446 ], [ -105.33208333333333, 38.050694444444446 ], [ -105.33208333333333, 38.050972222222228 ], [ -105.331805555555547, 38.050972222222228 ], [ -105.331805555555547, 38.05125 ], [ -105.330972222222215, 38.05125 ], [ -105.330972222222215, 38.051527777777778 ], [ -105.330416666666665, 38.051527777777778 ], [ -105.330416666666665, 38.051805555555561 ], [ -105.3298611111111, 38.051805555555561 ], [ -105.3298611111111, 38.052083333333336 ], [ -105.329583333333332, 38.052083333333336 ], [ -105.329583333333332, 38.052361111111118 ], [ -105.328472222222217, 38.052361111111118 ], [ -105.328472222222217, 38.052638888888893 ], [ -105.327916666666653, 38.052638888888893 ], [ -105.327916666666653, 38.052916666666668 ], [ -105.327361111111102, 38.052916666666668 ], [ -105.327361111111102, 38.053194444444451 ], [ -105.32708333333332, 38.053194444444451 ], [ -105.32708333333332, 38.053472222222226 ], [ -105.32625, 38.053472222222226 ], [ -105.32625, 38.05375 ], [ -105.325694444444437, 38.05375 ], [ -105.325694444444437, 38.054027777777783 ], [ -105.325138888888887, 38.054027777777783 ], [ -105.325138888888887, 38.054305555555558 ], [ -105.324583333333322, 38.054305555555558 ], [ -105.324583333333322, 38.054583333333341 ], [ -105.324027777777772, 38.054583333333341 ], [ -105.324027777777772, 38.054861111111116 ], [ -105.32375, 38.054861111111116 ], [ -105.32375, 38.055138888888891 ], [ -105.322638888888875, 38.055138888888891 ], [ -105.322638888888875, 38.055416666666673 ], [ -105.322361111111107, 38.055416666666673 ], [ -105.322361111111107, 38.055694444444448 ], [ -105.321805555555542, 38.055694444444448 ], [ -105.321805555555542, 38.055972222222223 ], [ -105.319305555555545, 38.055972222222223 ], [ -105.319305555555545, 38.05625 ], [ -105.317916666666662, 38.05625 ], [ -105.317916666666662, 38.056527777777781 ], [ -105.317083333333329, 38.056527777777781 ], [ -105.317083333333329, 38.05625 ], [ -105.314583333333331, 38.05625 ], [ -105.314583333333331, 38.055972222222223 ], [ -105.313194444444434, 38.055972222222223 ], [ -105.313194444444434, 38.055694444444448 ], [ -105.312638888888884, 38.055694444444448 ], [ -105.312638888888884, 38.055972222222223 ], [ -105.31125, 38.055972222222223 ], [ -105.31125, 38.05625 ], [ -105.310138888888886, 38.05625 ], [ -105.310138888888886, 38.056527777777781 ], [ -105.309583333333322, 38.056527777777781 ], [ -105.309583333333322, 38.056805555555556 ], [ -105.30875, 38.056805555555556 ], [ -105.30875, 38.057083333333338 ], [ -105.307916666666657, 38.057083333333338 ], [ -105.307916666666657, 38.057638888888896 ], [ -105.307638888888874, 38.057638888888896 ], [ -105.307638888888874, 38.057916666666671 ], [ -105.307361111111106, 38.057916666666671 ], [ -105.307361111111106, 38.05875 ], [ -105.306805555555542, 38.05875 ], [ -105.306805555555542, 38.059027777777779 ], [ -105.305694444444441, 38.059027777777779 ], [ -105.305694444444441, 38.059305555555561 ], [ -105.305416666666659, 38.059305555555561 ], [ -105.305416666666659, 38.059583333333336 ], [ -105.304861111111109, 38.059583333333336 ], [ -105.304861111111109, 38.060138888888893 ], [ -105.304583333333326, 38.060138888888893 ], [ -105.304583333333326, 38.060416666666669 ], [ -105.30375, 38.060416666666669 ], [ -105.30375, 38.060138888888893 ], [ -105.302638888888879, 38.060138888888893 ], [ -105.302638888888879, 38.060694444444451 ], [ -105.302361111111097, 38.060694444444451 ], [ -105.302361111111097, 38.06125 ], [ -105.302083333333329, 38.06125 ], [ -105.302083333333329, 38.061527777777783 ], [ -105.301805555555546, 38.061527777777783 ], [ -105.301805555555546, 38.061805555555559 ], [ -105.301527777777764, 38.061805555555559 ], [ -105.301527777777764, 38.062361111111116 ], [ -105.300694444444431, 38.062361111111116 ], [ -105.300694444444431, 38.062638888888891 ], [ -105.299861111111099, 38.062638888888891 ], [ -105.299861111111099, 38.064583333333339 ], [ -105.299583333333331, 38.064583333333339 ], [ -105.299583333333331, 38.064861111111114 ], [ -105.299305555555549, 38.064861111111114 ], [ -105.299305555555549, 38.065694444444446 ], [ -105.299027777777766, 38.065694444444446 ], [ -105.299027777777766, 38.065972222222229 ], [ -105.29875, 38.065972222222229 ], [ -105.29875, 38.06625 ], [ -105.298472222222216, 38.06625 ], [ -105.298472222222216, 38.066527777777779 ], [ -105.298194444444434, 38.066527777777779 ], [ -105.298194444444434, 38.066805555555561 ], [ -105.297916666666666, 38.066805555555561 ], [ -105.297916666666666, 38.067361111111111 ], [ -105.297638888888883, 38.067361111111111 ], [ -105.297638888888883, 38.067638888888894 ], [ -105.297361111111101, 38.067638888888894 ], [ -105.297361111111101, 38.068472222222226 ], [ -105.297083333333319, 38.068472222222226 ], [ -105.297083333333319, 38.069305555555559 ], [ -105.296527777777769, 38.069305555555559 ], [ -105.296527777777769, 38.069583333333334 ], [ -105.29625, 38.069583333333334 ], [ -105.29625, 38.070138888888891 ], [ -105.295972222222218, 38.070138888888891 ], [ -105.295972222222218, 38.070416666666674 ], [ -105.295694444444436, 38.070416666666674 ], [ -105.295694444444436, 38.070694444444449 ], [ -105.295416666666654, 38.070694444444449 ], [ -105.295416666666654, 38.07125 ], [ -105.295138888888886, 38.07125 ], [ -105.295138888888886, 38.071805555555557 ], [ -105.291805555555541, 38.071805555555557 ], [ -105.291805555555541, 38.072083333333339 ], [ -105.291527777777773, 38.072083333333339 ], [ -105.291527777777773, 38.072361111111114 ], [ -105.29125, 38.072361111111114 ], [ -105.29125, 38.072638888888889 ], [ -105.290972222222209, 38.072638888888889 ], [ -105.290972222222209, 38.072916666666671 ], [ -105.290694444444441, 38.072916666666671 ], [ -105.290694444444441, 38.073472222222229 ], [ -105.290416666666658, 38.073472222222229 ], [ -105.290416666666658, 38.07375 ], [ -105.290138888888876, 38.07375 ], [ -105.290138888888876, 38.074027777777779 ], [ -105.289861111111108, 38.074027777777779 ], [ -105.289861111111108, 38.074305555555561 ], [ -105.289583333333326, 38.074305555555561 ], [ -105.289583333333326, 38.074861111111112 ], [ -105.289305555555543, 38.074861111111112 ], [ -105.289305555555543, 38.07625 ], [ -105.289583333333326, 38.07625 ], [ -105.289583333333326, 38.076527777777784 ], [ -105.289861111111108, 38.076527777777784 ], [ -105.289861111111108, 38.076805555555559 ], [ -105.290138888888876, 38.076805555555559 ], [ -105.290138888888876, 38.077361111111117 ], [ -105.289861111111108, 38.077361111111117 ], [ -105.289861111111108, 38.077638888888892 ], [ -105.289583333333326, 38.077638888888892 ], [ -105.289583333333326, 38.078194444444449 ], [ -105.289305555555543, 38.078194444444449 ], [ -105.289305555555543, 38.079305555555557 ], [ -105.289027777777775, 38.079305555555557 ], [ -105.289027777777775, 38.080694444444447 ], [ -105.28875, 38.080694444444447 ], [ -105.28875, 38.08125 ], [ -105.288472222222211, 38.08125 ], [ -105.288472222222211, 38.081527777777779 ], [ -105.288194444444443, 38.081527777777779 ], [ -105.288194444444443, 38.082083333333337 ], [ -105.287916666666661, 38.082083333333337 ], [ -105.287916666666661, 38.082916666666669 ], [ -105.287638888888878, 38.082916666666669 ], [ -105.287638888888878, 38.083194444444452 ], [ -105.28736111111111, 38.083194444444452 ], [ -105.28736111111111, 38.083472222222227 ], [ -105.286805555555546, 38.083472222222227 ], [ -105.286805555555546, 38.08375 ], [ -105.286527777777764, 38.08375 ], [ -105.286527777777764, 38.084027777777784 ], [ -105.28625, 38.084027777777784 ], [ -105.28625, 38.084305555555559 ], [ -105.285694444444431, 38.084305555555559 ], [ -105.285694444444431, 38.084583333333335 ], [ -105.285416666666663, 38.084583333333335 ], [ -105.285416666666663, 38.084861111111117 ], [ -105.285138888888881, 38.084861111111117 ], [ -105.285138888888881, 38.085138888888892 ], [ -105.284861111111098, 38.085138888888892 ], [ -105.284861111111098, 38.085416666666667 ], [ -105.28458333333333, 38.085416666666667 ], [ -105.28458333333333, 38.085694444444449 ], [ -105.284305555555548, 38.085694444444449 ], [ -105.284305555555548, 38.085972222222225 ], [ -105.284027777777766, 38.085972222222225 ], [ -105.284027777777766, 38.08625 ], [ -105.284305555555548, 38.08625 ], [ -105.284305555555548, 38.087083333333339 ], [ -105.28458333333333, 38.087083333333339 ], [ -105.28458333333333, 38.08763888888889 ], [ -105.284861111111098, 38.08763888888889 ], [ -105.284861111111098, 38.087916666666672 ], [ -105.285138888888881, 38.087916666666672 ], [ -105.285138888888881, 38.088194444444447 ], [ -105.285416666666663, 38.088194444444447 ], [ -105.285416666666663, 38.088472222222229 ], [ -105.285694444444431, 38.088472222222229 ], [ -105.285694444444431, 38.090138888888895 ], [ -105.285416666666663, 38.090138888888895 ], [ -105.285416666666663, 38.090694444444445 ], [ -105.285138888888881, 38.090694444444445 ], [ -105.285138888888881, 38.09125 ], [ -105.284861111111098, 38.09125 ], [ -105.284861111111098, 38.092361111111117 ], [ -105.285138888888881, 38.092361111111117 ], [ -105.285138888888881, 38.092638888888892 ], [ -105.285416666666663, 38.092638888888892 ], [ -105.285416666666663, 38.092916666666667 ], [ -105.285694444444431, 38.092916666666667 ], [ -105.285694444444431, 38.09319444444445 ], [ -105.285972222222213, 38.09319444444445 ], [ -105.285972222222213, 38.09513888888889 ], [ -105.28625, 38.09513888888889 ], [ -105.28625, 38.095972222222223 ], [ -105.285972222222213, 38.095972222222223 ], [ -105.285972222222213, 38.09625 ], [ -105.285416666666663, 38.09625 ], [ -105.285416666666663, 38.09652777777778 ], [ -105.284861111111098, 38.09652777777778 ], [ -105.284861111111098, 38.096805555555562 ], [ -105.28458333333333, 38.096805555555562 ], [ -105.28458333333333, 38.099027777777785 ], [ -105.284861111111098, 38.099027777777785 ], [ -105.284861111111098, 38.10069444444445 ], [ -105.285138888888881, 38.10069444444445 ], [ -105.285138888888881, 38.100972222222225 ], [ -105.285416666666663, 38.100972222222225 ], [ -105.285416666666663, 38.10125 ], [ -105.285694444444431, 38.10125 ], [ -105.285694444444431, 38.101527777777783 ], [ -105.285972222222213, 38.101527777777783 ], [ -105.285972222222213, 38.102361111111115 ], [ -105.28625, 38.102361111111115 ], [ -105.28625, 38.10263888888889 ], [ -105.286527777777764, 38.10263888888889 ], [ -105.286527777777764, 38.102916666666673 ], [ -105.286805555555546, 38.102916666666673 ], [ -105.286805555555546, 38.103472222222223 ], [ -105.287083333333328, 38.103472222222223 ], [ -105.287083333333328, 38.10402777777778 ], [ -105.28736111111111, 38.10402777777778 ], [ -105.28736111111111, 38.104305555555563 ], [ -105.287638888888878, 38.104305555555563 ], [ -105.287638888888878, 38.10541666666667 ], [ -105.287916666666661, 38.10541666666667 ], [ -105.287916666666661, 38.105694444444445 ], [ -105.288194444444443, 38.105694444444445 ], [ -105.288194444444443, 38.105972222222228 ], [ -105.289027777777775, 38.105972222222228 ], [ -105.289027777777775, 38.10625 ], [ -105.289305555555543, 38.10625 ], [ -105.289305555555543, 38.106527777777778 ], [ -105.289583333333326, 38.106527777777778 ], [ -105.289583333333326, 38.10680555555556 ], [ -105.290138888888876, 38.10680555555556 ], [ -105.290138888888876, 38.107083333333335 ], [ -105.290416666666658, 38.107083333333335 ], [ -105.290416666666658, 38.107361111111118 ], [ -105.290694444444441, 38.107361111111118 ], [ -105.290694444444441, 38.107083333333335 ], [ -105.292361111111106, 38.107083333333335 ], [ -105.292361111111106, 38.107361111111118 ], [ -105.292083333333323, 38.107361111111118 ], [ -105.292083333333323, 38.107638888888893 ], [ -105.291805555555541, 38.107638888888893 ], [ -105.291805555555541, 38.109027777777783 ], [ -105.292083333333323, 38.109027777777783 ], [ -105.292083333333323, 38.110416666666673 ], [ -105.291527777777773, 38.110416666666673 ], [ -105.291527777777773, 38.110138888888891 ], [ -105.290138888888876, 38.110138888888891 ], [ -105.290138888888876, 38.110416666666673 ], [ -105.289027777777775, 38.110416666666673 ], [ -105.289027777777775, 38.110694444444448 ], [ -105.28875, 38.110694444444448 ], [ -105.28875, 38.110972222222223 ], [ -105.288472222222211, 38.110972222222223 ], [ -105.288472222222211, 38.11125 ], [ -105.288194444444443, 38.11125 ], [ -105.288194444444443, 38.111527777777781 ], [ -105.287916666666661, 38.111527777777781 ], [ -105.287916666666661, 38.112083333333338 ], [ -105.287638888888878, 38.112083333333338 ], [ -105.287638888888878, 38.112361111111113 ], [ -105.28736111111111, 38.112361111111113 ], [ -105.28736111111111, 38.112638888888895 ], [ -105.287083333333328, 38.112638888888895 ], [ -105.287083333333328, 38.112916666666671 ], [ -105.286527777777764, 38.112916666666671 ], [ -105.286527777777764, 38.113194444444446 ], [ -105.28625, 38.113194444444446 ], [ -105.28625, 38.11375 ], [ -105.286527777777764, 38.11375 ], [ -105.286527777777764, 38.114305555555561 ], [ -105.28625, 38.114305555555561 ], [ -105.28625, 38.114861111111118 ], [ -105.285972222222213, 38.114861111111118 ], [ -105.285972222222213, 38.115138888888893 ], [ -105.285694444444431, 38.115138888888893 ], [ -105.285694444444431, 38.115694444444451 ], [ -105.285416666666663, 38.115694444444451 ], [ -105.285416666666663, 38.115972222222226 ], [ -105.285138888888881, 38.115972222222226 ], [ -105.285138888888881, 38.11625 ], [ -105.284861111111098, 38.11625 ], [ -105.284861111111098, 38.116527777777783 ], [ -105.28458333333333, 38.116527777777783 ], [ -105.28458333333333, 38.117083333333341 ], [ -105.284861111111098, 38.117083333333341 ], [ -105.284861111111098, 38.117638888888891 ], [ -105.285138888888881, 38.117638888888891 ], [ -105.285138888888881, 38.117916666666673 ], [ -105.285694444444431, 38.117916666666673 ], [ -105.285694444444431, 38.118472222222223 ], [ -105.286527777777764, 38.118472222222223 ], [ -105.286527777777764, 38.11875 ], [ -105.287083333333328, 38.11875 ], [ -105.287083333333328, 38.119027777777781 ], [ -105.287916666666661, 38.119027777777781 ], [ -105.287916666666661, 38.119305555555556 ], [ -105.289583333333326, 38.119305555555556 ], [ -105.289583333333326, 38.119583333333338 ], [ -105.290972222222209, 38.119583333333338 ], [ -105.290972222222209, 38.119861111111113 ], [ -105.29125, 38.119861111111113 ], [ -105.29125, 38.119583333333338 ], [ -105.291527777777773, 38.119583333333338 ], [ -105.291527777777773, 38.119305555555556 ], [ -105.291805555555541, 38.119305555555556 ], [ -105.291805555555541, 38.119027777777781 ], [ -105.292083333333323, 38.119027777777781 ], [ -105.292083333333323, 38.118472222222223 ], [ -105.292361111111106, 38.118472222222223 ], [ -105.292361111111106, 38.117916666666673 ], [ -105.292638888888888, 38.117916666666673 ], [ -105.292638888888888, 38.117638888888891 ], [ -105.292916666666656, 38.117638888888891 ], [ -105.292916666666656, 38.117361111111116 ], [ -105.293194444444438, 38.117361111111116 ], [ -105.293194444444438, 38.117638888888891 ], [ -105.29375, 38.117638888888891 ], [ -105.29375, 38.117916666666673 ], [ -105.294861111111103, 38.117916666666673 ], [ -105.294861111111103, 38.117638888888891 ], [ -105.295138888888886, 38.117638888888891 ], [ -105.295138888888886, 38.117916666666673 ], [ -105.295694444444436, 38.117916666666673 ], [ -105.295694444444436, 38.118194444444448 ], [ -105.29625, 38.118194444444448 ], [ -105.29625, 38.118472222222223 ], [ -105.297361111111101, 38.118472222222223 ], [ -105.297361111111101, 38.11875 ], [ -105.297916666666666, 38.11875 ], [ -105.297916666666666, 38.118472222222223 ], [ -105.298472222222216, 38.118472222222223 ], [ -105.298472222222216, 38.118194444444448 ], [ -105.299305555555549, 38.118194444444448 ], [ -105.299305555555549, 38.117916666666673 ], [ -105.300138888888881, 38.117916666666673 ], [ -105.300138888888881, 38.118194444444448 ], [ -105.300694444444431, 38.118194444444448 ], [ -105.300694444444431, 38.117916666666673 ], [ -105.30125, 38.117916666666673 ], [ -105.30125, 38.117638888888891 ], [ -105.301805555555546, 38.117638888888891 ], [ -105.301805555555546, 38.117361111111116 ], [ -105.302083333333329, 38.117361111111116 ], [ -105.302083333333329, 38.117083333333341 ], [ -105.302361111111097, 38.117083333333341 ], [ -105.302361111111097, 38.116805555555558 ], [ -105.302638888888879, 38.116805555555558 ], [ -105.302638888888879, 38.116527777777783 ], [ -105.303194444444443, 38.116527777777783 ], [ -105.303194444444443, 38.11625 ], [ -105.303472222222211, 38.11625 ], [ -105.303472222222211, 38.115972222222226 ], [ -105.30375, 38.115972222222226 ], [ -105.30375, 38.115694444444451 ], [ -105.304027777777776, 38.115694444444451 ], [ -105.304027777777776, 38.115972222222226 ], [ -105.30625, 38.115972222222226 ], [ -105.30625, 38.115694444444451 ], [ -105.306527777777774, 38.115694444444451 ], [ -105.306527777777774, 38.115972222222226 ], [ -105.307361111111106, 38.115972222222226 ], [ -105.307361111111106, 38.115694444444451 ], [ -105.308194444444439, 38.115694444444451 ], [ -105.308194444444439, 38.115972222222226 ], [ -105.30875, 38.115972222222226 ], [ -105.30875, 38.11625 ], [ -105.309027777777771, 38.11625 ], [ -105.309027777777771, 38.117083333333341 ], [ -105.30875, 38.117083333333341 ], [ -105.30875, 38.118194444444448 ], [ -105.308472222222221, 38.118194444444448 ], [ -105.308472222222221, 38.11875 ], [ -105.30875, 38.11875 ], [ -105.30875, 38.119861111111113 ], [ -105.309027777777771, 38.119861111111113 ], [ -105.309027777777771, 38.120416666666671 ], [ -105.30875, 38.120416666666671 ], [ -105.30875, 38.12125 ], [ -105.308472222222221, 38.12125 ], [ -105.308472222222221, 38.121805555555561 ], [ -105.308194444444439, 38.121805555555561 ], [ -105.308194444444439, 38.122361111111118 ], [ -105.307916666666657, 38.122361111111118 ], [ -105.307916666666657, 38.122638888888893 ], [ -105.307638888888874, 38.122638888888893 ], [ -105.307638888888874, 38.122916666666669 ], [ -105.307361111111106, 38.122916666666669 ], [ -105.307361111111106, 38.123472222222226 ], [ -105.307083333333324, 38.123472222222226 ], [ -105.307083333333324, 38.124305555555559 ], [ -105.307361111111106, 38.124305555555559 ], [ -105.307361111111106, 38.125694444444449 ], [ -105.307083333333324, 38.125694444444449 ], [ -105.307083333333324, 38.126805555555556 ], [ -105.307361111111106, 38.126805555555556 ], [ -105.307361111111106, 38.12875 ], [ -105.307083333333324, 38.12875 ], [ -105.307083333333324, 38.129027777777779 ], [ -105.306805555555542, 38.129027777777779 ], [ -105.306805555555542, 38.129305555555561 ], [ -105.30625, 38.129305555555561 ], [ -105.30625, 38.129861111111111 ], [ -105.305972222222209, 38.129861111111111 ], [ -105.305972222222209, 38.130416666666669 ], [ -105.30625, 38.130416666666669 ], [ -105.30625, 38.130694444444451 ], [ -105.306527777777774, 38.130694444444451 ], [ -105.306527777777774, 38.130972222222226 ], [ -105.306805555555542, 38.130972222222226 ], [ -105.306805555555542, 38.13125 ], [ -105.307361111111106, 38.13125 ], [ -105.307361111111106, 38.131527777777784 ], [ -105.309305555555554, 38.131527777777784 ], [ -105.309305555555554, 38.131805555555559 ], [ -105.310138888888886, 38.131805555555559 ], [ -105.310138888888886, 38.131527777777784 ], [ -105.31125, 38.131527777777784 ], [ -105.31125, 38.13125 ], [ -105.311527777777769, 38.13125 ], [ -105.311527777777769, 38.130972222222226 ], [ -105.31208333333332, 38.130972222222226 ], [ -105.31208333333332, 38.130694444444451 ], [ -105.312361111111102, 38.130694444444451 ], [ -105.312361111111102, 38.130416666666669 ], [ -105.312638888888884, 38.130416666666669 ], [ -105.312638888888884, 38.130138888888894 ], [ -105.313472222222217, 38.130138888888894 ], [ -105.313472222222217, 38.129861111111111 ], [ -105.31375, 38.129861111111111 ], [ -105.31375, 38.130138888888894 ], [ -105.315972222222214, 38.130138888888894 ], [ -105.315972222222214, 38.129861111111111 ], [ -105.316527777777765, 38.129861111111111 ], [ -105.316527777777765, 38.129583333333336 ], [ -105.31819444444443, 38.129583333333336 ], [ -105.31819444444443, 38.129861111111111 ], [ -105.320416666666659, 38.129861111111111 ], [ -105.320416666666659, 38.130972222222226 ], [ -105.319861111111109, 38.130972222222226 ], [ -105.319861111111109, 38.13125 ], [ -105.319583333333327, 38.13125 ], [ -105.319583333333327, 38.132361111111116 ], [ -105.320138888888877, 38.132361111111116 ], [ -105.320138888888877, 38.132638888888891 ], [ -105.320694444444442, 38.132638888888891 ], [ -105.320694444444442, 38.132916666666674 ], [ -105.32125, 38.132916666666674 ], [ -105.32125, 38.133194444444449 ], [ -105.321527777777774, 38.133194444444449 ], [ -105.321527777777774, 38.133472222222224 ], [ -105.321805555555542, 38.133472222222224 ], [ -105.321805555555542, 38.13375 ], [ -105.322083333333325, 38.13375 ], [ -105.322083333333325, 38.134027777777781 ], [ -105.322361111111107, 38.134027777777781 ], [ -105.322361111111107, 38.134583333333339 ], [ -105.322638888888875, 38.134583333333339 ], [ -105.322638888888875, 38.134861111111114 ], [ -105.322916666666657, 38.134861111111114 ], [ -105.322916666666657, 38.135694444444447 ], [ -105.322638888888875, 38.135694444444447 ], [ -105.322638888888875, 38.135972222222229 ], [ -105.322361111111107, 38.135972222222229 ], [ -105.322361111111107, 38.137361111111112 ], [ -105.322083333333325, 38.137361111111112 ], [ -105.322083333333325, 38.137916666666669 ], [ -105.321805555555542, 38.137916666666669 ], [ -105.321805555555542, 38.138194444444451 ], [ -105.32125, 38.138194444444451 ], [ -105.32125, 38.138472222222227 ], [ -105.32097222222221, 38.138472222222227 ], [ -105.32097222222221, 38.139027777777784 ], [ -105.319305555555545, 38.139027777777784 ], [ -105.319305555555545, 38.139305555555559 ], [ -105.31875, 38.139305555555559 ], [ -105.31875, 38.139583333333334 ], [ -105.318472222222212, 38.139583333333334 ], [ -105.318472222222212, 38.139861111111117 ], [ -105.31819444444443, 38.139861111111117 ], [ -105.31819444444443, 38.140138888888892 ], [ -105.317916666666662, 38.140138888888892 ], [ -105.317916666666662, 38.140694444444449 ], [ -105.317638888888879, 38.140694444444449 ], [ -105.317638888888879, 38.140972222222224 ], [ -105.317361111111097, 38.140972222222224 ], [ -105.317361111111097, 38.14125 ], [ -105.317083333333329, 38.14125 ], [ -105.317083333333329, 38.141527777777782 ], [ -105.316805555555547, 38.141527777777782 ], [ -105.316805555555547, 38.141805555555557 ], [ -105.31625, 38.141805555555557 ], [ -105.31625, 38.142083333333339 ], [ -105.315694444444432, 38.142083333333339 ], [ -105.315694444444432, 38.142638888888889 ], [ -105.315138888888882, 38.142638888888889 ], [ -105.315138888888882, 38.142916666666672 ], [ -105.314861111111099, 38.142916666666672 ], [ -105.314861111111099, 38.143194444444447 ], [ -105.314027777777767, 38.143194444444447 ], [ -105.314027777777767, 38.143472222222229 ], [ -105.31375, 38.143472222222229 ], [ -105.31375, 38.14375 ], [ -105.313472222222217, 38.14375 ], [ -105.313472222222217, 38.144027777777779 ], [ -105.313194444444434, 38.144027777777779 ], [ -105.313194444444434, 38.144305555555562 ], [ -105.312916666666652, 38.144305555555562 ], [ -105.312916666666652, 38.144583333333337 ], [ -105.312638888888884, 38.144583333333337 ], [ -105.312638888888884, 38.145138888888894 ], [ -105.312361111111102, 38.145138888888894 ], [ -105.312361111111102, 38.145416666666669 ], [ -105.311527777777769, 38.145416666666669 ], [ -105.311527777777769, 38.145694444444452 ], [ -105.309861111111104, 38.145694444444452 ], [ -105.309861111111104, 38.145416666666669 ], [ -105.309305555555554, 38.145416666666669 ], [ -105.309305555555554, 38.145694444444452 ], [ -105.30875, 38.145694444444452 ], [ -105.30875, 38.145416666666669 ], [ -105.308472222222221, 38.145416666666669 ], [ -105.308472222222221, 38.145694444444452 ], [ -105.308194444444439, 38.145694444444452 ], [ -105.308194444444439, 38.145972222222227 ], [ -105.307916666666657, 38.145972222222227 ], [ -105.307916666666657, 38.14625 ], [ -105.307638888888874, 38.14625 ], [ -105.307638888888874, 38.147361111111117 ], [ -105.307361111111106, 38.147361111111117 ], [ -105.307361111111106, 38.147638888888892 ], [ -105.307083333333324, 38.147638888888892 ], [ -105.307083333333324, 38.147916666666667 ], [ -105.306805555555542, 38.147916666666667 ], [ -105.306805555555542, 38.148194444444449 ], [ -105.306527777777774, 38.148194444444449 ], [ -105.306527777777774, 38.148472222222225 ], [ -105.30625, 38.148472222222225 ], [ -105.30625, 38.14875 ], [ -105.305694444444441, 38.14875 ], [ -105.305694444444441, 38.149027777777782 ], [ -105.305416666666659, 38.149027777777782 ], [ -105.305416666666659, 38.149305555555557 ], [ -105.305138888888877, 38.149305555555557 ], [ -105.305138888888877, 38.149583333333339 ], [ -105.304583333333326, 38.149583333333339 ], [ -105.304583333333326, 38.149861111111115 ], [ -105.304305555555544, 38.149861111111115 ], [ -105.304305555555544, 38.15125 ], [ -105.303472222222211, 38.15125 ], [ -105.303472222222211, 38.15152777777778 ], [ -105.302083333333329, 38.15152777777778 ], [ -105.302083333333329, 38.151805555555562 ], [ -105.30125, 38.151805555555562 ], [ -105.30125, 38.152083333333337 ], [ -105.300972222222214, 38.152083333333337 ], [ -105.300972222222214, 38.152361111111112 ], [ -105.300416666666663, 38.152361111111112 ], [ -105.300416666666663, 38.152638888888895 ], [ -105.299861111111099, 38.152638888888895 ], [ -105.299861111111099, 38.15291666666667 ], [ -105.299305555555549, 38.15291666666667 ], [ -105.299305555555549, 38.153194444444445 ], [ -105.29875, 38.153194444444445 ], [ -105.29875, 38.153472222222227 ], [ -105.298472222222216, 38.153472222222227 ], [ -105.298472222222216, 38.15375 ], [ -105.298194444444434, 38.15375 ], [ -105.298194444444434, 38.155972222222225 ], [ -105.298472222222216, 38.155972222222225 ], [ -105.298472222222216, 38.15625 ], [ -105.29875, 38.15625 ], [ -105.29875, 38.156805555555557 ], [ -105.299027777777766, 38.156805555555557 ], [ -105.299027777777766, 38.15708333333334 ], [ -105.299305555555549, 38.15708333333334 ], [ -105.299305555555549, 38.15763888888889 ], [ -105.299583333333331, 38.15763888888889 ], [ -105.299583333333331, 38.157916666666672 ], [ -105.299861111111099, 38.157916666666672 ], [ -105.299861111111099, 38.15902777777778 ], [ -105.300138888888881, 38.15902777777778 ], [ -105.300138888888881, 38.159861111111113 ], [ -105.302083333333329, 38.159861111111113 ], [ -105.302083333333329, 38.159583333333337 ], [ -105.303194444444443, 38.159583333333337 ], [ -105.303194444444443, 38.159305555555562 ], [ -105.304027777777776, 38.159305555555562 ], [ -105.304027777777776, 38.15902777777778 ], [ -105.304305555555544, 38.15902777777778 ], [ -105.304305555555544, 38.159305555555562 ], [ -105.304583333333326, 38.159305555555562 ], [ -105.304583333333326, 38.159861111111113 ], [ -105.304861111111109, 38.159861111111113 ], [ -105.304861111111109, 38.160138888888895 ], [ -105.306805555555542, 38.160138888888895 ], [ -105.306805555555542, 38.16041666666667 ], [ -105.308194444444439, 38.16041666666667 ], [ -105.308194444444439, 38.160694444444445 ], [ -105.308472222222221, 38.160694444444445 ], [ -105.308472222222221, 38.160972222222227 ], [ -105.30875, 38.160972222222227 ], [ -105.30875, 38.16125 ], [ -105.309027777777771, 38.16125 ], [ -105.309027777777771, 38.161527777777785 ], [ -105.309861111111104, 38.161527777777785 ], [ -105.309861111111104, 38.16125 ], [ -105.310138888888886, 38.16125 ], [ -105.310138888888886, 38.161527777777785 ], [ -105.310694444444437, 38.161527777777785 ], [ -105.310694444444437, 38.16180555555556 ], [ -105.310972222222219, 38.16180555555556 ], [ -105.310972222222219, 38.162083333333335 ], [ -105.31125, 38.162083333333335 ], [ -105.31125, 38.162361111111117 ], [ -105.311527777777769, 38.162361111111117 ], [ -105.311527777777769, 38.162916666666668 ], [ -105.311805555555551, 38.162916666666668 ], [ -105.311805555555551, 38.16319444444445 ], [ -105.312638888888884, 38.16319444444445 ], [ -105.312638888888884, 38.164027777777783 ], [ -105.312361111111102, 38.164027777777783 ], [ -105.312361111111102, 38.16652777777778 ], [ -105.31208333333332, 38.16652777777778 ], [ -105.31208333333332, 38.166805555555563 ], [ -105.311805555555551, 38.166805555555563 ], [ -105.311805555555551, 38.167083333333338 ], [ -105.310138888888886, 38.167083333333338 ], [ -105.310138888888886, 38.167361111111113 ], [ -105.309583333333322, 38.167361111111113 ], [ -105.309583333333322, 38.167638888888895 ], [ -105.309305555555554, 38.167638888888895 ], [ -105.309305555555554, 38.16791666666667 ], [ -105.309027777777771, 38.16791666666667 ], [ -105.309027777777771, 38.168472222222228 ], [ -105.30875, 38.168472222222228 ], [ -105.30875, 38.16875 ], [ -105.308472222222221, 38.16875 ], [ -105.308472222222221, 38.169027777777778 ], [ -105.307916666666657, 38.169027777777778 ], [ -105.307916666666657, 38.169583333333335 ], [ -105.307638888888874, 38.169583333333335 ], [ -105.307638888888874, 38.170138888888893 ], [ -105.307361111111106, 38.170138888888893 ], [ -105.307361111111106, 38.17069444444445 ], [ -105.307916666666657, 38.17069444444445 ], [ -105.307916666666657, 38.170972222222225 ], [ -105.308472222222221, 38.170972222222225 ], [ -105.308472222222221, 38.171527777777783 ], [ -105.30875, 38.171527777777783 ], [ -105.30875, 38.171805555555558 ], [ -105.307916666666657, 38.171805555555558 ], [ -105.307916666666657, 38.172916666666673 ], [ -105.307638888888874, 38.172916666666673 ], [ -105.307638888888874, 38.173194444444448 ], [ -105.305416666666659, 38.173194444444448 ], [ -105.305416666666659, 38.172916666666673 ], [ -105.304305555555544, 38.172916666666673 ], [ -105.304305555555544, 38.172638888888891 ], [ -105.302083333333329, 38.172638888888891 ], [ -105.302083333333329, 38.172916666666673 ], [ -105.301805555555546, 38.172916666666673 ], [ -105.301805555555546, 38.173194444444448 ], [ -105.301527777777764, 38.173194444444448 ], [ -105.301527777777764, 38.17375 ], [ -105.30125, 38.17375 ], [ -105.30125, 38.174583333333338 ], [ -105.300972222222214, 38.174583333333338 ], [ -105.300972222222214, 38.174861111111113 ], [ -105.300694444444431, 38.174861111111113 ], [ -105.300694444444431, 38.175972222222228 ], [ -105.300416666666663, 38.175972222222228 ], [ -105.300416666666663, 38.17625 ], [ -105.300138888888881, 38.17625 ], [ -105.300138888888881, 38.176527777777778 ], [ -105.299861111111099, 38.176527777777778 ], [ -105.299861111111099, 38.177083333333336 ], [ -105.299583333333331, 38.177083333333336 ], [ -105.299583333333331, 38.177361111111118 ], [ -105.299305555555549, 38.177361111111118 ], [ -105.299305555555549, 38.177916666666668 ], [ -105.299027777777766, 38.177916666666668 ], [ -105.299027777777766, 38.179027777777783 ], [ -105.299305555555549, 38.179027777777783 ], [ -105.299305555555549, 38.179305555555558 ], [ -105.299583333333331, 38.179305555555558 ], [ -105.299583333333331, 38.179861111111116 ], [ -105.299861111111099, 38.179861111111116 ], [ -105.299861111111099, 38.180138888888891 ], [ -105.300138888888881, 38.180138888888891 ], [ -105.300138888888881, 38.180416666666673 ], [ -105.300416666666663, 38.180416666666673 ], [ -105.300416666666663, 38.180694444444448 ], [ -105.300694444444431, 38.180694444444448 ], [ -105.300694444444431, 38.180972222222223 ], [ -105.300972222222214, 38.180972222222223 ], [ -105.300972222222214, 38.18125 ], [ -105.30125, 38.18125 ], [ -105.30125, 38.181527777777781 ], [ -105.301527777777764, 38.181527777777781 ], [ -105.301527777777764, 38.181805555555556 ], [ -105.301805555555546, 38.181805555555556 ], [ -105.301805555555546, 38.182083333333338 ], [ -105.302083333333329, 38.182083333333338 ], [ -105.302083333333329, 38.182361111111113 ], [ -105.302361111111097, 38.182361111111113 ], [ -105.302361111111097, 38.182638888888896 ], [ -105.303472222222211, 38.182638888888896 ], [ -105.303472222222211, 38.182916666666671 ], [ -105.304861111111109, 38.182916666666671 ], [ -105.304861111111109, 38.183194444444446 ], [ -105.305416666666659, 38.183194444444446 ], [ -105.305416666666659, 38.183472222222228 ], [ -105.305694444444441, 38.183472222222228 ], [ -105.305694444444441, 38.184305555555561 ], [ -105.305416666666659, 38.184305555555561 ], [ -105.305416666666659, 38.186527777777783 ], [ -105.306527777777774, 38.186527777777783 ], [ -105.306527777777774, 38.186805555555559 ], [ -105.306805555555542, 38.186805555555559 ], [ -105.306805555555542, 38.186527777777783 ], [ -105.307916666666657, 38.186527777777783 ], [ -105.307916666666657, 38.18625 ], [ -105.309305555555554, 38.18625 ], [ -105.309305555555554, 38.185972222222226 ], [ -105.310694444444437, 38.185972222222226 ], [ -105.310694444444437, 38.185694444444451 ], [ -105.311805555555551, 38.185694444444451 ], [ -105.311805555555551, 38.185416666666669 ], [ -105.312916666666652, 38.185416666666669 ], [ -105.312916666666652, 38.185138888888893 ], [ -105.31375, 38.185138888888893 ], [ -105.31375, 38.184861111111118 ], [ -105.314861111111099, 38.184861111111118 ], [ -105.314861111111099, 38.184583333333336 ], [ -105.31625, 38.184583333333336 ], [ -105.31625, 38.184861111111118 ], [ -105.317361111111097, 38.184861111111118 ], [ -105.317361111111097, 38.185138888888893 ], [ -105.317638888888879, 38.185138888888893 ], [ -105.317638888888879, 38.185416666666669 ], [ -105.318472222222212, 38.185416666666669 ], [ -105.318472222222212, 38.185694444444451 ], [ -105.31875, 38.185694444444451 ], [ -105.31875, 38.185972222222226 ], [ -105.319027777777777, 38.185972222222226 ], [ -105.319027777777777, 38.18625 ], [ -105.319305555555545, 38.18625 ], [ -105.319305555555545, 38.186527777777783 ], [ -105.319583333333327, 38.186527777777783 ], [ -105.319583333333327, 38.186805555555559 ], [ -105.319861111111109, 38.186805555555559 ], [ -105.319861111111109, 38.187083333333334 ], [ -105.320138888888877, 38.187083333333334 ], [ -105.320138888888877, 38.187361111111116 ], [ -105.322083333333325, 38.187361111111116 ], [ -105.322083333333325, 38.187638888888891 ], [ -105.322638888888875, 38.187638888888891 ], [ -105.322638888888875, 38.187916666666673 ], [ -105.323472222222208, 38.187916666666673 ], [ -105.323472222222208, 38.188194444444449 ], [ -105.325138888888887, 38.188194444444449 ], [ -105.325138888888887, 38.188472222222224 ], [ -105.325416666666655, 38.188472222222224 ], [ -105.325416666666655, 38.18875 ], [ -105.32625, 38.18875 ], [ -105.32625, 38.189027777777781 ], [ -105.32652777777777, 38.189027777777781 ], [ -105.32652777777777, 38.189305555555556 ], [ -105.326805555555552, 38.189305555555556 ], [ -105.326805555555552, 38.189583333333339 ], [ -105.32708333333332, 38.189583333333339 ], [ -105.32708333333332, 38.189861111111114 ], [ -105.327361111111102, 38.189861111111114 ], [ -105.327361111111102, 38.190138888888896 ], [ -105.327916666666653, 38.190138888888896 ], [ -105.327916666666653, 38.190694444444446 ], [ -105.327638888888885, 38.190694444444446 ], [ -105.327638888888885, 38.191527777777779 ], [ -105.327361111111102, 38.191527777777779 ], [ -105.327361111111102, 38.191805555555561 ], [ -105.32652777777777, 38.191805555555561 ], [ -105.32652777777777, 38.192083333333336 ], [ -105.32625, 38.192083333333336 ], [ -105.32625, 38.192361111111111 ], [ -105.325416666666655, 38.192361111111111 ], [ -105.325416666666655, 38.192638888888894 ], [ -105.324861111111105, 38.192638888888894 ], [ -105.324861111111105, 38.192916666666669 ], [ -105.324305555555554, 38.192916666666669 ], [ -105.324305555555554, 38.193194444444451 ], [ -105.32375, 38.193194444444451 ], [ -105.32375, 38.193472222222226 ], [ -105.323194444444439, 38.193472222222226 ], [ -105.323194444444439, 38.19375 ], [ -105.323472222222208, 38.19375 ], [ -105.323472222222208, 38.194027777777784 ], [ -105.32375, 38.194027777777784 ], [ -105.32375, 38.19625 ], [ -105.324027777777772, 38.19625 ], [ -105.324027777777772, 38.196527777777781 ], [ -105.324305555555554, 38.196527777777781 ], [ -105.324305555555554, 38.197083333333339 ], [ -105.324583333333322, 38.197083333333339 ], [ -105.324583333333322, 38.198472222222229 ], [ -105.324861111111105, 38.198472222222229 ], [ -105.324861111111105, 38.19875 ], [ -105.325138888888887, 38.19875 ], [ -105.325138888888887, 38.199027777777779 ], [ -105.325416666666655, 38.199027777777779 ], [ -105.325416666666655, 38.199305555555561 ], [ -105.325972222222219, 38.199305555555561 ], [ -105.325972222222219, 38.199583333333337 ], [ -105.32625, 38.199583333333337 ], [ -105.32625, 38.200694444444451 ], [ -105.325972222222219, 38.200694444444451 ], [ -105.325972222222219, 38.201527777777784 ], [ -105.325694444444437, 38.201527777777784 ], [ -105.325694444444437, 38.202083333333334 ], [ -105.325972222222219, 38.202083333333334 ], [ -105.325972222222219, 38.202361111111117 ], [ -105.326805555555552, 38.202361111111117 ], [ -105.326805555555552, 38.202638888888892 ], [ -105.327638888888885, 38.202638888888892 ], [ -105.327638888888885, 38.202916666666667 ], [ -105.327916666666653, 38.202916666666667 ], [ -105.327916666666653, 38.205416666666672 ], [ -105.328194444444435, 38.205416666666672 ], [ -105.328194444444435, 38.205694444444447 ], [ -105.329027777777767, 38.205694444444447 ], [ -105.329027777777767, 38.206805555555562 ], [ -105.32930555555555, 38.206805555555562 ], [ -105.32930555555555, 38.207361111111112 ], [ -105.329027777777767, 38.207361111111112 ], [ -105.329027777777767, 38.207638888888894 ], [ -105.32875, 38.207638888888894 ], [ -105.32875, 38.207916666666669 ], [ -105.328194444444435, 38.207916666666669 ], [ -105.328194444444435, 38.208194444444452 ], [ -105.327916666666653, 38.208194444444452 ], [ -105.327916666666653, 38.208472222222227 ], [ -105.327638888888885, 38.208472222222227 ], [ -105.327638888888885, 38.210138888888892 ], [ -105.32652777777777, 38.210138888888892 ], [ -105.32652777777777, 38.210416666666667 ], [ -105.32625, 38.210416666666667 ], [ -105.32625, 38.210694444444449 ], [ -105.325416666666655, 38.210694444444449 ], [ -105.325416666666655, 38.210972222222225 ], [ -105.324583333333322, 38.210972222222225 ], [ -105.324583333333322, 38.210694444444449 ], [ -105.324305555555554, 38.210694444444449 ], [ -105.324305555555554, 38.210972222222225 ], [ -105.324027777777772, 38.210972222222225 ], [ -105.324027777777772, 38.21125 ], [ -105.32375, 38.21125 ], [ -105.32375, 38.211527777777782 ], [ -105.323472222222208, 38.211527777777782 ], [ -105.323472222222208, 38.211805555555557 ], [ -105.323194444444439, 38.211805555555557 ], [ -105.323194444444439, 38.212083333333339 ], [ -105.322916666666657, 38.212083333333339 ], [ -105.322916666666657, 38.212361111111115 ], [ -105.322361111111107, 38.212361111111115 ], [ -105.322361111111107, 38.21263888888889 ], [ -105.321805555555542, 38.21263888888889 ], [ -105.321805555555542, 38.212916666666672 ], [ -105.32125, 38.212916666666672 ], [ -105.32125, 38.213194444444447 ], [ -105.32097222222221, 38.213194444444447 ], [ -105.32097222222221, 38.213472222222229 ], [ -105.320416666666659, 38.213472222222229 ], [ -105.320416666666659, 38.21375 ], [ -105.319861111111109, 38.21375 ], [ -105.319861111111109, 38.21402777777778 ], [ -105.319305555555545, 38.21402777777778 ], [ -105.319305555555545, 38.214305555555562 ], [ -105.31875, 38.214305555555562 ], [ -105.31875, 38.214861111111112 ], [ -105.31819444444443, 38.214861111111112 ], [ -105.31819444444443, 38.217083333333335 ], [ -105.318472222222212, 38.217083333333335 ], [ -105.318472222222212, 38.217361111111117 ], [ -105.31875, 38.217361111111117 ], [ -105.31875, 38.219027777777782 ], [ -105.319027777777777, 38.219027777777782 ], [ -105.319027777777777, 38.21958333333334 ], [ -105.319305555555545, 38.21958333333334 ], [ -105.319305555555545, 38.22013888888889 ], [ -105.319027777777777, 38.22013888888889 ], [ -105.319027777777777, 38.220416666666672 ], [ -105.318472222222212, 38.220416666666672 ], [ -105.318472222222212, 38.220694444444447 ], [ -105.31819444444443, 38.220694444444447 ], [ -105.31819444444443, 38.220972222222223 ], [ -105.317916666666662, 38.220972222222223 ], [ -105.317916666666662, 38.22125 ], [ -105.317361111111097, 38.22125 ], [ -105.317361111111097, 38.22152777777778 ], [ -105.317083333333329, 38.22152777777778 ], [ -105.317083333333329, 38.221805555555562 ], [ -105.316527777777765, 38.221805555555562 ], [ -105.316527777777765, 38.222083333333337 ], [ -105.315972222222214, 38.222083333333337 ], [ -105.315972222222214, 38.222361111111113 ], [ -105.314861111111099, 38.222361111111113 ], [ -105.314861111111099, 38.222638888888895 ], [ -105.314583333333331, 38.222638888888895 ], [ -105.314583333333331, 38.22291666666667 ], [ -105.314027777777767, 38.22291666666667 ], [ -105.314027777777767, 38.223194444444445 ], [ -105.313472222222217, 38.223194444444445 ], [ -105.313472222222217, 38.223472222222227 ], [ -105.313194444444434, 38.223472222222227 ], [ -105.313194444444434, 38.22375 ], [ -105.312361111111102, 38.22375 ], [ -105.312361111111102, 38.224027777777785 ], [ -105.31208333333332, 38.224027777777785 ], [ -105.31208333333332, 38.22430555555556 ], [ -105.311805555555551, 38.22430555555556 ], [ -105.311805555555551, 38.224583333333335 ], [ -105.31125, 38.224583333333335 ], [ -105.31125, 38.228194444444448 ], [ -105.310972222222219, 38.228194444444448 ], [ -105.310972222222219, 38.228472222222223 ], [ -105.310694444444437, 38.228472222222223 ], [ -105.310694444444437, 38.22875 ], [ -105.310416666666654, 38.22875 ], [ -105.310416666666654, 38.229305555555563 ], [ -105.310138888888886, 38.229305555555563 ], [ -105.310138888888886, 38.229583333333338 ], [ -105.310416666666654, 38.229583333333338 ], [ -105.310416666666654, 38.230138888888895 ], [ -105.310694444444437, 38.230138888888895 ], [ -105.310694444444437, 38.23041666666667 ], [ -105.310972222222219, 38.23041666666667 ], [ -105.310972222222219, 38.230694444444445 ], [ -105.31125, 38.230694444444445 ], [ -105.31125, 38.23125 ], [ -105.311527777777769, 38.23125 ], [ -105.311527777777769, 38.231527777777778 ], [ -105.31208333333332, 38.231527777777778 ], [ -105.31208333333332, 38.23180555555556 ], [ -105.312361111111102, 38.23180555555556 ], [ -105.312361111111102, 38.232083333333335 ], [ -105.312638888888884, 38.232083333333335 ], [ -105.312638888888884, 38.232361111111118 ], [ -105.312916666666652, 38.232361111111118 ], [ -105.312916666666652, 38.232638888888893 ], [ -105.313194444444434, 38.232638888888893 ], [ -105.313194444444434, 38.232916666666668 ], [ -105.313472222222217, 38.232916666666668 ], [ -105.313472222222217, 38.23319444444445 ], [ -105.314305555555549, 38.23319444444445 ], [ -105.314305555555549, 38.232916666666668 ], [ -105.314583333333331, 38.232916666666668 ], [ -105.314583333333331, 38.232638888888893 ], [ -105.314861111111099, 38.232638888888893 ], [ -105.314861111111099, 38.232361111111118 ], [ -105.315694444444432, 38.232361111111118 ], [ -105.315694444444432, 38.232083333333335 ], [ -105.316805555555547, 38.232083333333335 ], [ -105.316805555555547, 38.232916666666668 ], [ -105.317083333333329, 38.232916666666668 ], [ -105.317083333333329, 38.23319444444445 ], [ -105.317361111111097, 38.23319444444445 ], [ -105.317361111111097, 38.233472222222225 ], [ -105.317638888888879, 38.233472222222225 ], [ -105.317638888888879, 38.23375 ], [ -105.317916666666662, 38.23375 ], [ -105.317916666666662, 38.234027777777783 ], [ -105.31819444444443, 38.234027777777783 ], [ -105.31819444444443, 38.234861111111115 ], [ -105.318472222222212, 38.234861111111115 ], [ -105.318472222222212, 38.235138888888891 ], [ -105.31875, 38.235138888888891 ], [ -105.31875, 38.235416666666673 ], [ -105.319027777777777, 38.235416666666673 ], [ -105.319027777777777, 38.235694444444448 ], [ -105.319305555555545, 38.235694444444448 ], [ -105.319305555555545, 38.235972222222223 ], [ -105.32097222222221, 38.235972222222223 ], [ -105.32097222222221, 38.236527777777781 ], [ -105.32125, 38.236527777777781 ], [ -105.32125, 38.236805555555563 ], [ -105.321527777777774, 38.236805555555563 ], [ -105.321527777777774, 38.237083333333338 ], [ -105.321805555555542, 38.237083333333338 ], [ -105.321805555555542, 38.237361111111113 ], [ -105.322083333333325, 38.237361111111113 ], [ -105.322083333333325, 38.239305555555561 ], [ -105.321805555555542, 38.239305555555561 ], [ -105.321805555555542, 38.239861111111118 ], [ -105.321527777777774, 38.239861111111118 ], [ -105.321527777777774, 38.240416666666668 ], [ -105.32125, 38.240416666666668 ], [ -105.32125, 38.240694444444451 ], [ -105.32097222222221, 38.240694444444451 ], [ -105.32097222222221, 38.240972222222226 ], [ -105.320694444444442, 38.240972222222226 ], [ -105.320694444444442, 38.24125 ], [ -105.320416666666659, 38.24125 ], [ -105.320416666666659, 38.241527777777783 ], [ -105.320138888888877, 38.241527777777783 ], [ -105.320138888888877, 38.242083333333341 ], [ -105.320416666666659, 38.242083333333341 ], [ -105.320416666666659, 38.242361111111116 ], [ -105.320694444444442, 38.242361111111116 ], [ -105.320694444444442, 38.242638888888891 ], [ -105.32097222222221, 38.242638888888891 ], [ -105.32097222222221, 38.242916666666673 ], [ -105.32125, 38.242916666666673 ], [ -105.32125, 38.243194444444448 ], [ -105.321527777777774, 38.243194444444448 ], [ -105.321527777777774, 38.243472222222223 ], [ -105.321805555555542, 38.243472222222223 ], [ -105.321805555555542, 38.24375 ], [ -105.322083333333325, 38.24375 ], [ -105.322083333333325, 38.244027777777781 ], [ -105.322361111111107, 38.244027777777781 ], [ -105.322361111111107, 38.244861111111113 ], [ -105.322083333333325, 38.244861111111113 ], [ -105.322083333333325, 38.245138888888896 ], [ -105.321805555555542, 38.245138888888896 ], [ -105.321805555555542, 38.245694444444446 ], [ -105.321527777777774, 38.245694444444446 ], [ -105.321527777777774, 38.24625 ], [ -105.32125, 38.24625 ], [ -105.32125, 38.246805555555561 ], [ -105.321527777777774, 38.246805555555561 ], [ -105.321527777777774, 38.247083333333336 ], [ -105.320694444444442, 38.247083333333336 ], [ -105.320694444444442, 38.247638888888893 ], [ -105.32097222222221, 38.247638888888893 ], [ -105.32097222222221, 38.247916666666669 ], [ -105.32125, 38.247916666666669 ], [ -105.32125, 38.248194444444451 ], [ -105.321527777777774, 38.248194444444451 ], [ -105.321527777777774, 38.24875 ], [ -105.321805555555542, 38.24875 ], [ -105.321805555555542, 38.249305555555559 ], [ -105.322083333333325, 38.249305555555559 ], [ -105.322083333333325, 38.249583333333334 ], [ -105.322361111111107, 38.249583333333334 ], [ -105.322361111111107, 38.249861111111116 ], [ -105.322638888888875, 38.249861111111116 ], [ -105.322638888888875, 38.250138888888891 ], [ -105.323194444444439, 38.250138888888891 ], [ -105.323194444444439, 38.250694444444449 ], [ -105.32375, 38.250694444444449 ], [ -105.32375, 38.250972222222224 ], [ -105.324861111111105, 38.250972222222224 ], [ -105.324861111111105, 38.25125 ], [ -105.325138888888887, 38.25125 ], [ -105.325138888888887, 38.251527777777781 ], [ -105.325416666666655, 38.251527777777781 ], [ -105.325416666666655, 38.251805555555556 ], [ -105.325972222222219, 38.251805555555556 ], [ -105.325972222222219, 38.252361111111114 ], [ -105.32625, 38.252361111111114 ], [ -105.32625, 38.253194444444446 ], [ -105.32652777777777, 38.253194444444446 ], [ -105.32652777777777, 38.253472222222229 ], [ -105.327638888888885, 38.253472222222229 ], [ -105.327638888888885, 38.254861111111111 ], [ -105.327361111111102, 38.254861111111111 ], [ -105.327361111111102, 38.255138888888894 ], [ -105.326805555555552, 38.255138888888894 ], [ -105.326805555555552, 38.255694444444451 ], [ -105.32652777777777, 38.255694444444451 ], [ -105.32652777777777, 38.255972222222226 ], [ -105.326805555555552, 38.255972222222226 ], [ -105.326805555555552, 38.256527777777784 ], [ -105.32708333333332, 38.256527777777784 ], [ -105.32708333333332, 38.256805555555559 ], [ -105.327361111111102, 38.256805555555559 ], [ -105.327361111111102, 38.258472222222224 ], [ -105.327916666666653, 38.258472222222224 ], [ -105.327916666666653, 38.25875 ], [ -105.32875, 38.25875 ], [ -105.32875, 38.259027777777781 ], [ -105.329027777777767, 38.259027777777781 ], [ -105.329027777777767, 38.259305555555557 ], [ -105.32930555555555, 38.259305555555557 ], [ -105.32930555555555, 38.259583333333339 ], [ -105.3298611111111, 38.259583333333339 ], [ -105.3298611111111, 38.259861111111114 ], [ -105.329583333333332, 38.259861111111114 ], [ -105.329583333333332, 38.260138888888889 ], [ -105.32930555555555, 38.260138888888889 ], [ -105.32930555555555, 38.260694444444447 ], [ -105.329027777777767, 38.260694444444447 ], [ -105.329027777777767, 38.260972222222229 ], [ -105.32875, 38.260972222222229 ], [ -105.32875, 38.26125 ], [ -105.328472222222217, 38.26125 ], [ -105.328472222222217, 38.263194444444451 ], [ -105.328194444444435, 38.263194444444451 ], [ -105.328194444444435, 38.263472222222227 ], [ -105.327916666666653, 38.263472222222227 ], [ -105.327916666666653, 38.264583333333334 ], [ -105.328472222222217, 38.264583333333334 ], [ -105.328472222222217, 38.264861111111117 ], [ -105.329027777777767, 38.264861111111117 ], [ -105.329027777777767, 38.265138888888892 ], [ -105.32875, 38.265138888888892 ], [ -105.32875, 38.265694444444449 ], [ -105.328472222222217, 38.265694444444449 ], [ -105.328472222222217, 38.26625 ], [ -105.32875, 38.26625 ], [ -105.32875, 38.266527777777782 ], [ -105.329583333333332, 38.266527777777782 ], [ -105.329583333333332, 38.266805555555557 ], [ -105.330138888888882, 38.266805555555557 ], [ -105.330138888888882, 38.267361111111114 ], [ -105.330416666666665, 38.267361111111114 ], [ -105.330416666666665, 38.269305555555562 ], [ -105.330694444444433, 38.269305555555562 ], [ -105.330694444444433, 38.269583333333337 ], [ -105.331805555555547, 38.269583333333337 ], [ -105.331805555555547, 38.269305555555562 ], [ -105.332361111111098, 38.269305555555562 ], [ -105.332361111111098, 38.269027777777779 ], [ -105.33319444444443, 38.269027777777779 ], [ -105.33319444444443, 38.269305555555562 ], [ -105.333472222222213, 38.269305555555562 ], [ -105.333472222222213, 38.270416666666669 ], [ -105.33375, 38.270416666666669 ], [ -105.33375, 38.27125 ], [ -105.334027777777777, 38.27125 ], [ -105.334027777777777, 38.271527777777784 ], [ -105.334305555555545, 38.271527777777784 ], [ -105.334305555555545, 38.271805555555559 ], [ -105.334583333333327, 38.271805555555559 ], [ -105.334583333333327, 38.272083333333335 ], [ -105.33541666666666, 38.272083333333335 ], [ -105.33541666666666, 38.272638888888892 ], [ -105.335138888888878, 38.272638888888892 ], [ -105.335138888888878, 38.272916666666667 ], [ -105.33486111111111, 38.272916666666667 ], [ -105.33486111111111, 38.273472222222225 ], [ -105.334583333333327, 38.273472222222225 ], [ -105.334583333333327, 38.27375 ], [ -105.334305555555545, 38.27375 ], [ -105.334305555555545, 38.274027777777782 ], [ -105.334027777777777, 38.274027777777782 ], [ -105.334027777777777, 38.274305555555557 ], [ -105.33375, 38.274305555555557 ], [ -105.33375, 38.274861111111115 ], [ -105.333472222222213, 38.274861111111115 ], [ -105.333472222222213, 38.275416666666672 ], [ -105.33319444444443, 38.275416666666672 ], [ -105.33319444444443, 38.275694444444447 ], [ -105.332916666666662, 38.275694444444447 ], [ -105.332916666666662, 38.275972222222229 ], [ -105.33208333333333, 38.275972222222229 ], [ -105.33208333333333, 38.27625 ], [ -105.331805555555547, 38.27625 ], [ -105.331805555555547, 38.27652777777778 ], [ -105.331527777777765, 38.27652777777778 ], [ -105.331527777777765, 38.277361111111112 ], [ -105.33125, 38.277361111111112 ], [ -105.33125, 38.27791666666667 ], [ -105.330972222222215, 38.27791666666667 ], [ -105.330972222222215, 38.278472222222227 ], [ -105.330694444444433, 38.278472222222227 ], [ -105.330694444444433, 38.27875 ], [ -105.330416666666665, 38.27875 ], [ -105.330416666666665, 38.279027777777785 ], [ -105.3298611111111, 38.279027777777785 ], [ -105.3298611111111, 38.27930555555556 ], [ -105.329583333333332, 38.27930555555556 ], [ -105.329583333333332, 38.279583333333335 ], [ -105.329027777777767, 38.279583333333335 ], [ -105.329027777777767, 38.279861111111117 ], [ -105.32875, 38.279861111111117 ], [ -105.32875, 38.280138888888892 ], [ -105.328472222222217, 38.280138888888892 ], [ -105.328472222222217, 38.280416666666667 ], [ -105.328194444444435, 38.280416666666667 ], [ -105.328194444444435, 38.280972222222225 ], [ -105.327916666666653, 38.280972222222225 ], [ -105.327916666666653, 38.281527777777782 ], [ -105.328194444444435, 38.281527777777782 ], [ -105.328194444444435, 38.28208333333334 ], [ -105.328472222222217, 38.28208333333334 ], [ -105.328472222222217, 38.283472222222223 ], [ -105.328194444444435, 38.283472222222223 ], [ -105.328194444444435, 38.28375 ], [ -105.327916666666653, 38.28375 ], [ -105.327916666666653, 38.28402777777778 ], [ -105.327361111111102, 38.28402777777778 ], [ -105.327361111111102, 38.284305555555562 ], [ -105.32708333333332, 38.284305555555562 ], [ -105.32708333333332, 38.284861111111113 ], [ -105.326805555555552, 38.284861111111113 ], [ -105.326805555555552, 38.285138888888895 ], [ -105.32652777777777, 38.285138888888895 ], [ -105.32652777777777, 38.28541666666667 ], [ -105.325972222222219, 38.28541666666667 ], [ -105.325972222222219, 38.285694444444445 ], [ -105.325416666666655, 38.285694444444445 ], [ -105.325416666666655, 38.285972222222227 ], [ -105.324861111111105, 38.285972222222227 ], [ -105.324861111111105, 38.287361111111117 ], [ -105.324583333333322, 38.287361111111117 ], [ -105.324583333333322, 38.287638888888893 ], [ -105.324027777777772, 38.287638888888893 ], [ -105.324027777777772, 38.288472222222225 ], [ -105.323472222222208, 38.288472222222225 ], [ -105.323472222222208, 38.289027777777783 ], [ -105.323194444444439, 38.289027777777783 ], [ -105.323194444444439, 38.289305555555558 ], [ -105.322916666666657, 38.289305555555558 ], [ -105.322916666666657, 38.290416666666673 ], [ -105.322638888888875, 38.290416666666673 ], [ -105.322638888888875, 38.290694444444448 ], [ -105.322083333333325, 38.290694444444448 ], [ -105.322083333333325, 38.290972222222223 ], [ -105.321805555555542, 38.290972222222223 ], [ -105.321805555555542, 38.29125 ], [ -105.321527777777774, 38.29125 ], [ -105.321527777777774, 38.29152777777778 ], [ -105.32125, 38.29152777777778 ], [ -105.32125, 38.291805555555563 ], [ -105.32097222222221, 38.291805555555563 ], [ -105.32097222222221, 38.292083333333338 ], [ -105.319305555555545, 38.292083333333338 ], [ -105.319305555555545, 38.292361111111113 ], [ -105.318472222222212, 38.292361111111113 ], [ -105.318472222222212, 38.292638888888895 ], [ -105.31819444444443, 38.292638888888895 ], [ -105.31819444444443, 38.29291666666667 ], [ -105.317083333333329, 38.29291666666667 ], [ -105.317083333333329, 38.293194444444445 ], [ -105.31625, 38.293194444444445 ], [ -105.31625, 38.293472222222228 ], [ -105.315972222222214, 38.293472222222228 ], [ -105.315972222222214, 38.29375 ], [ -105.315694444444432, 38.29375 ], [ -105.315694444444432, 38.29430555555556 ], [ -105.315138888888882, 38.29430555555556 ], [ -105.315138888888882, 38.294583333333335 ], [ -105.314861111111099, 38.294583333333335 ], [ -105.314861111111099, 38.294861111111118 ], [ -105.314583333333331, 38.294861111111118 ], [ -105.314583333333331, 38.295138888888893 ], [ -105.314027777777767, 38.295138888888893 ], [ -105.314027777777767, 38.29625 ], [ -105.31375, 38.29625 ], [ -105.31375, 38.296527777777783 ], [ -105.313472222222217, 38.296527777777783 ], [ -105.313472222222217, 38.297361111111115 ], [ -105.313194444444434, 38.297361111111115 ], [ -105.313194444444434, 38.297638888888891 ], [ -105.312638888888884, 38.297638888888891 ], [ -105.312638888888884, 38.298194444444448 ], [ -105.311805555555551, 38.298194444444448 ], [ -105.311805555555551, 38.298472222222223 ], [ -105.311527777777769, 38.298472222222223 ], [ -105.311527777777769, 38.29875 ], [ -105.310694444444437, 38.29875 ], [ -105.310694444444437, 38.299027777777781 ], [ -105.310416666666654, 38.299027777777781 ], [ -105.310416666666654, 38.29875 ], [ -105.309583333333322, 38.29875 ], [ -105.309583333333322, 38.298472222222223 ], [ -105.309027777777771, 38.298472222222223 ], [ -105.309027777777771, 38.29875 ], [ -105.308472222222221, 38.29875 ], [ -105.308472222222221, 38.299027777777781 ], [ -105.307916666666657, 38.299027777777781 ], [ -105.307916666666657, 38.29875 ], [ -105.305694444444441, 38.29875 ], [ -105.305694444444441, 38.298472222222223 ], [ -105.304861111111109, 38.298472222222223 ], [ -105.304861111111109, 38.298194444444448 ], [ -105.30375, 38.298194444444448 ], [ -105.30375, 38.298472222222223 ], [ -105.303472222222211, 38.298472222222223 ], [ -105.303472222222211, 38.299861111111113 ], [ -105.303194444444443, 38.299861111111113 ], [ -105.303194444444443, 38.30125 ], [ -105.302083333333329, 38.30125 ], [ -105.302083333333329, 38.301527777777778 ], [ -105.300972222222214, 38.301527777777778 ], [ -105.300972222222214, 38.302083333333336 ], [ -105.300694444444431, 38.302083333333336 ], [ -105.300694444444431, 38.302638888888893 ], [ -105.300416666666663, 38.302638888888893 ], [ -105.300416666666663, 38.302916666666668 ], [ -105.300138888888881, 38.302916666666668 ], [ -105.300138888888881, 38.303194444444451 ], [ -105.299583333333331, 38.303194444444451 ], [ -105.299583333333331, 38.303472222222226 ], [ -105.298472222222216, 38.303472222222226 ], [ -105.298472222222216, 38.30375 ], [ -105.297916666666666, 38.30375 ], [ -105.297916666666666, 38.304027777777783 ], [ -105.297361111111101, 38.304027777777783 ], [ -105.297361111111101, 38.304305555555558 ], [ -105.296805555555551, 38.304305555555558 ], [ -105.296805555555551, 38.304583333333341 ], [ -105.295972222222218, 38.304583333333341 ], [ -105.295972222222218, 38.304861111111116 ], [ -105.295694444444436, 38.304861111111116 ], [ -105.295694444444436, 38.305138888888891 ], [ -105.295416666666654, 38.305138888888891 ], [ -105.295416666666654, 38.305972222222223 ], [ -105.295138888888886, 38.305972222222223 ], [ -105.295138888888886, 38.30625 ], [ -105.294861111111103, 38.30625 ], [ -105.294861111111103, 38.306527777777781 ], [ -105.294583333333321, 38.306527777777781 ], [ -105.294583333333321, 38.306805555555556 ], [ -105.294305555555553, 38.306805555555556 ], [ -105.294305555555553, 38.307083333333338 ], [ -105.294027777777771, 38.307083333333338 ], [ -105.294027777777771, 38.307361111111113 ], [ -105.29375, 38.307361111111113 ], [ -105.29375, 38.307638888888896 ], [ -105.293472222222221, 38.307638888888896 ], [ -105.293472222222221, 38.307916666666671 ], [ -105.293194444444438, 38.307916666666671 ], [ -105.293194444444438, 38.30875 ], [ -105.292638888888888, 38.30875 ], [ -105.292638888888888, 38.309027777777779 ], [ -105.291527777777773, 38.309027777777779 ], [ -105.291527777777773, 38.309305555555561 ], [ -105.29125, 38.309305555555561 ], [ -105.29125, 38.309583333333336 ], [ -105.288472222222211, 38.309583333333336 ], [ -105.288472222222211, 38.309305555555561 ], [ -105.287916666666661, 38.309305555555561 ], [ -105.287916666666661, 38.309027777777779 ], [ -105.28625, 38.309027777777779 ], [ -105.28625, 38.30875 ], [ -105.28458333333333, 38.30875 ], [ -105.28458333333333, 38.309027777777779 ], [ -105.283194444444433, 38.309027777777779 ], [ -105.283194444444433, 38.309305555555561 ], [ -105.282916666666665, 38.309305555555561 ], [ -105.282916666666665, 38.310972222222226 ], [ -105.283194444444433, 38.310972222222226 ], [ -105.283194444444433, 38.312361111111116 ], [ -105.282916666666665, 38.312361111111116 ], [ -105.282916666666665, 38.313194444444449 ], [ -105.282638888888883, 38.313194444444449 ], [ -105.282638888888883, 38.314027777777781 ], [ -105.282361111111101, 38.314027777777781 ], [ -105.282361111111101, 38.314861111111114 ], [ -105.282638888888883, 38.314861111111114 ], [ -105.282638888888883, 38.315416666666671 ], [ -105.282916666666665, 38.315416666666671 ], [ -105.282916666666665, 38.315972222222229 ], [ -105.283194444444433, 38.315972222222229 ], [ -105.283194444444433, 38.31625 ], [ -105.283472222222215, 38.31625 ], [ -105.283472222222215, 38.316805555555561 ], [ -105.28375, 38.316805555555561 ], [ -105.28375, 38.317083333333336 ], [ -105.284305555555548, 38.317083333333336 ], [ -105.284305555555548, 38.317361111111111 ], [ -105.28458333333333, 38.317361111111111 ], [ -105.28458333333333, 38.317916666666669 ], [ -105.285138888888881, 38.317916666666669 ], [ -105.285138888888881, 38.318194444444451 ], [ -105.285416666666663, 38.318194444444451 ], [ -105.285416666666663, 38.318472222222226 ], [ -105.287083333333328, 38.318472222222226 ], [ -105.287083333333328, 38.318194444444451 ], [ -105.287638888888878, 38.318194444444451 ], [ -105.287638888888878, 38.31875 ], [ -105.288472222222211, 38.31875 ], [ -105.288472222222211, 38.319583333333334 ], [ -105.28875, 38.319583333333334 ], [ -105.28875, 38.319861111111116 ], [ -105.289305555555543, 38.319861111111116 ], [ -105.289305555555543, 38.320416666666674 ], [ -105.289583333333326, 38.320416666666674 ], [ -105.289583333333326, 38.320694444444449 ], [ -105.290138888888876, 38.320694444444449 ], [ -105.290138888888876, 38.320972222222224 ], [ -105.290416666666658, 38.320972222222224 ], [ -105.290416666666658, 38.32125 ], [ -105.29125, 38.32125 ], [ -105.29125, 38.320972222222224 ], [ -105.291805555555541, 38.320972222222224 ], [ -105.291805555555541, 38.320694444444449 ], [ -105.292361111111106, 38.320694444444449 ], [ -105.292361111111106, 38.320416666666674 ], [ -105.292916666666656, 38.320416666666674 ], [ -105.292916666666656, 38.320138888888891 ], [ -105.293472222222221, 38.320138888888891 ], [ -105.293472222222221, 38.319861111111116 ], [ -105.294305555555553, 38.319861111111116 ], [ -105.294305555555553, 38.320694444444449 ], [ -105.294583333333321, 38.320694444444449 ], [ -105.294583333333321, 38.320972222222224 ], [ -105.295416666666654, 38.320972222222224 ], [ -105.295416666666654, 38.320694444444449 ], [ -105.295972222222218, 38.320694444444449 ], [ -105.295972222222218, 38.320416666666674 ], [ -105.296805555555551, 38.320416666666674 ], [ -105.296805555555551, 38.320138888888891 ], [ -105.297361111111101, 38.320138888888891 ], [ -105.297361111111101, 38.320416666666674 ], [ -105.297916666666666, 38.320416666666674 ], [ -105.297916666666666, 38.320694444444449 ], [ -105.298472222222216, 38.320694444444449 ], [ -105.298472222222216, 38.320972222222224 ], [ -105.299027777777766, 38.320972222222224 ], [ -105.299027777777766, 38.32125 ], [ -105.299861111111099, 38.32125 ], [ -105.299861111111099, 38.321527777777781 ], [ -105.300138888888881, 38.321527777777781 ], [ -105.300138888888881, 38.321805555555557 ], [ -105.300694444444431, 38.321805555555557 ], [ -105.300694444444431, 38.322083333333339 ], [ -105.302083333333329, 38.322083333333339 ], [ -105.302083333333329, 38.321805555555557 ], [ -105.303194444444443, 38.321805555555557 ], [ -105.303194444444443, 38.321527777777781 ], [ -105.304305555555544, 38.321527777777781 ], [ -105.304305555555544, 38.321805555555557 ], [ -105.304861111111109, 38.321805555555557 ], [ -105.304861111111109, 38.322083333333339 ], [ -105.305138888888877, 38.322083333333339 ], [ -105.305138888888877, 38.32375 ], [ -105.305972222222209, 38.32375 ], [ -105.305972222222209, 38.324027777777779 ], [ -105.30625, 38.324027777777779 ], [ -105.30625, 38.32375 ], [ -105.307083333333324, 38.32375 ], [ -105.307083333333324, 38.323472222222229 ], [ -105.308472222222221, 38.323472222222229 ], [ -105.308472222222221, 38.323194444444447 ], [ -105.309305555555554, 38.323194444444447 ], [ -105.309305555555554, 38.324583333333337 ], [ -105.309583333333322, 38.324583333333337 ], [ -105.309583333333322, 38.325138888888894 ], [ -105.309861111111104, 38.325138888888894 ], [ -105.309861111111104, 38.325416666666669 ], [ -105.309583333333322, 38.325416666666669 ], [ -105.309583333333322, 38.32625 ], [ -105.309305555555554, 38.32625 ], [ -105.309305555555554, 38.327083333333334 ], [ -105.309027777777771, 38.327083333333334 ], [ -105.309027777777771, 38.327638888888892 ], [ -105.309305555555554, 38.327638888888892 ], [ -105.309305555555554, 38.329027777777782 ], [ -105.309583333333322, 38.329027777777782 ], [ -105.309583333333322, 38.329861111111114 ], [ -105.309861111111104, 38.329861111111114 ], [ -105.309861111111104, 38.332638888888894 ], [ -105.310138888888886, 38.332638888888894 ], [ -105.310138888888886, 38.33375 ], [ -105.309861111111104, 38.33375 ], [ -105.309861111111104, 38.334305555555559 ], [ -105.309583333333322, 38.334305555555559 ], [ -105.309583333333322, 38.334861111111117 ], [ -105.309305555555554, 38.334861111111117 ], [ -105.309305555555554, 38.335138888888892 ], [ -105.309027777777771, 38.335138888888892 ], [ -105.309027777777771, 38.335972222222225 ], [ -105.308472222222221, 38.335972222222225 ], [ -105.308472222222221, 38.33625 ], [ -105.307083333333324, 38.33625 ], [ -105.307083333333324, 38.336527777777782 ], [ -105.307361111111106, 38.336527777777782 ], [ -105.307361111111106, 38.336805555555557 ], [ -105.307638888888874, 38.336805555555557 ], [ -105.307638888888874, 38.337083333333339 ], [ -105.307916666666657, 38.337083333333339 ], [ -105.307916666666657, 38.339583333333337 ], [ -105.308194444444439, 38.339583333333337 ], [ -105.308194444444439, 38.339861111111112 ], [ -105.308472222222221, 38.339861111111112 ], [ -105.308472222222221, 38.340138888888895 ], [ -105.30875, 38.340138888888895 ], [ -105.30875, 38.34041666666667 ], [ -105.309027777777771, 38.34041666666667 ], [ -105.309027777777771, 38.340972222222227 ], [ -105.309305555555554, 38.340972222222227 ], [ -105.309305555555554, 38.34125 ], [ -105.309583333333322, 38.34125 ], [ -105.309583333333322, 38.341527777777785 ], [ -105.309305555555554, 38.341527777777785 ], [ -105.309305555555554, 38.34375 ], [ -105.309027777777771, 38.34375 ], [ -105.309027777777771, 38.344027777777782 ], [ -105.30875, 38.344027777777782 ], [ -105.30875, 38.34458333333334 ], [ -105.308472222222221, 38.34458333333334 ], [ -105.308472222222221, 38.34513888888889 ], [ -105.308194444444439, 38.34513888888889 ], [ -105.308194444444439, 38.347361111111113 ], [ -105.308472222222221, 38.347361111111113 ], [ -105.308472222222221, 38.347638888888895 ], [ -105.308194444444439, 38.347638888888895 ], [ -105.308194444444439, 38.348472222222227 ], [ -105.307916666666657, 38.348472222222227 ], [ -105.307916666666657, 38.34875 ], [ -105.307638888888874, 38.34875 ], [ -105.307638888888874, 38.34930555555556 ], [ -105.307361111111106, 38.34930555555556 ], [ -105.307361111111106, 38.350416666666668 ], [ -105.307083333333324, 38.350416666666668 ], [ -105.307083333333324, 38.350972222222225 ], [ -105.307361111111106, 38.350972222222225 ], [ -105.307361111111106, 38.35125 ], [ -105.307638888888874, 38.35125 ], [ -105.307638888888874, 38.351805555555558 ], [ -105.307916666666657, 38.351805555555558 ], [ -105.307916666666657, 38.353472222222223 ], [ -105.308194444444439, 38.353472222222223 ], [ -105.308194444444439, 38.35402777777778 ], [ -105.308472222222221, 38.35402777777778 ], [ -105.308472222222221, 38.354583333333338 ], [ -105.30875, 38.354583333333338 ], [ -105.30875, 38.355138888888895 ], [ -105.309027777777771, 38.355138888888895 ], [ -105.309027777777771, 38.35541666666667 ], [ -105.309305555555554, 38.35541666666667 ], [ -105.309305555555554, 38.355694444444445 ], [ -105.309583333333322, 38.355694444444445 ], [ -105.309583333333322, 38.355972222222228 ], [ -105.309861111111104, 38.355972222222228 ], [ -105.309861111111104, 38.356527777777778 ], [ -105.310138888888886, 38.356527777777778 ], [ -105.310138888888886, 38.35680555555556 ], [ -105.310694444444437, 38.35680555555556 ], [ -105.310694444444437, 38.357083333333335 ], [ -105.311805555555551, 38.357083333333335 ], [ -105.311805555555551, 38.357361111111118 ], [ -105.31208333333332, 38.357361111111118 ], [ -105.31208333333332, 38.357638888888893 ], [ -105.312361111111102, 38.357638888888893 ], [ -105.312361111111102, 38.357916666666668 ], [ -105.312638888888884, 38.357916666666668 ], [ -105.312638888888884, 38.35958333333334 ], [ -105.312916666666652, 38.35958333333334 ], [ -105.312916666666652, 38.359861111111115 ], [ -105.313194444444434, 38.359861111111115 ], [ -105.313194444444434, 38.360138888888891 ], [ -105.313472222222217, 38.360138888888891 ], [ -105.313472222222217, 38.361527777777781 ], [ -105.31375, 38.361527777777781 ], [ -105.31375, 38.362083333333338 ], [ -105.314027777777767, 38.362083333333338 ], [ -105.314027777777767, 38.362361111111113 ], [ -105.314305555555549, 38.362361111111113 ], [ -105.314305555555549, 38.362638888888895 ], [ -105.313472222222217, 38.362638888888895 ], [ -105.313472222222217, 38.362361111111113 ], [ -105.313194444444434, 38.362361111111113 ], [ -105.313194444444434, 38.362083333333338 ], [ -105.312916666666652, 38.362083333333338 ], [ -105.312916666666652, 38.361805555555563 ], [ -105.31208333333332, 38.361805555555563 ], [ -105.31208333333332, 38.361527777777781 ], [ -105.31125, 38.361527777777781 ], [ -105.31125, 38.36125 ], [ -105.309027777777771, 38.36125 ], [ -105.309027777777771, 38.360972222222223 ], [ -105.307916666666657, 38.360972222222223 ], [ -105.307916666666657, 38.360694444444448 ], [ -105.306527777777774, 38.360694444444448 ], [ -105.306527777777774, 38.360972222222223 ], [ -105.30625, 38.360972222222223 ], [ -105.30625, 38.36125 ], [ -105.305972222222209, 38.36125 ], [ -105.305972222222209, 38.361527777777781 ], [ -105.305694444444441, 38.361527777777781 ], [ -105.305694444444441, 38.362083333333338 ], [ -105.305416666666659, 38.362083333333338 ], [ -105.305416666666659, 38.362361111111113 ], [ -105.302638888888879, 38.362361111111113 ], [ -105.302638888888879, 38.362638888888895 ], [ -105.302361111111097, 38.362638888888895 ], [ -105.302361111111097, 38.362916666666671 ], [ -105.302083333333329, 38.362916666666671 ], [ -105.302083333333329, 38.363194444444446 ], [ -105.301527777777764, 38.363194444444446 ], [ -105.301527777777764, 38.363472222222228 ], [ -105.30125, 38.363472222222228 ], [ -105.30125, 38.36375 ], [ -105.300694444444431, 38.36375 ], [ -105.300694444444431, 38.364027777777778 ], [ -105.300416666666663, 38.364027777777778 ], [ -105.300416666666663, 38.364305555555561 ], [ -105.300138888888881, 38.364305555555561 ], [ -105.300138888888881, 38.364583333333336 ], [ -105.299861111111099, 38.364583333333336 ], [ -105.299861111111099, 38.365416666666668 ], [ -105.299583333333331, 38.365416666666668 ], [ -105.299583333333331, 38.365694444444451 ], [ -105.299861111111099, 38.365694444444451 ], [ -105.299861111111099, 38.365972222222226 ], [ -105.300138888888881, 38.365972222222226 ], [ -105.300138888888881, 38.36625 ], [ -105.300416666666663, 38.36625 ], [ -105.300416666666663, 38.367083333333341 ], [ -105.300138888888881, 38.367083333333341 ], [ -105.300138888888881, 38.368472222222223 ], [ -105.299861111111099, 38.368472222222223 ], [ -105.299861111111099, 38.36875 ], [ -105.300138888888881, 38.36875 ], [ -105.300138888888881, 38.372083333333336 ], [ -105.299861111111099, 38.372083333333336 ], [ -105.299861111111099, 38.372638888888893 ], [ -105.299583333333331, 38.372638888888893 ], [ -105.299583333333331, 38.37375 ], [ -105.299861111111099, 38.37375 ], [ -105.299861111111099, 38.374305555555559 ], [ -105.299583333333331, 38.374305555555559 ], [ -105.299583333333331, 38.374861111111116 ], [ -105.299305555555549, 38.374861111111116 ], [ -105.299305555555549, 38.375138888888891 ], [ -105.29875, 38.375138888888891 ], [ -105.29875, 38.375694444444449 ], [ -105.297916666666666, 38.375694444444449 ], [ -105.297916666666666, 38.375972222222224 ], [ -105.295694444444436, 38.375972222222224 ], [ -105.295694444444436, 38.37625 ], [ -105.294861111111103, 38.37625 ], [ -105.294861111111103, 38.376527777777781 ], [ -105.294305555555553, 38.376527777777781 ], [ -105.294305555555553, 38.376805555555556 ], [ -105.294027777777771, 38.376805555555556 ], [ -105.294027777777771, 38.377083333333339 ], [ -105.29375, 38.377083333333339 ], [ -105.29375, 38.377361111111114 ], [ -105.293472222222221, 38.377361111111114 ], [ -105.293472222222221, 38.377638888888896 ], [ -105.292916666666656, 38.377638888888896 ], [ -105.292916666666656, 38.377916666666671 ], [ -105.292083333333323, 38.377916666666671 ], [ -105.292083333333323, 38.378194444444446 ], [ -105.29125, 38.378194444444446 ], [ -105.29125, 38.378472222222229 ], [ -105.290694444444441, 38.378472222222229 ], [ -105.290694444444441, 38.378194444444446 ], [ -105.290416666666658, 38.378194444444446 ], [ -105.290416666666658, 38.378472222222229 ], [ -105.289305555555543, 38.378472222222229 ], [ -105.289305555555543, 38.37875 ], [ -105.288472222222211, 38.37875 ], [ -105.288472222222211, 38.378472222222229 ], [ -105.287638888888878, 38.378472222222229 ], [ -105.287638888888878, 38.378194444444446 ], [ -105.284861111111098, 38.378194444444446 ], [ -105.284861111111098, 38.377916666666671 ], [ -105.28375, 38.377916666666671 ], [ -105.28375, 38.377638888888896 ], [ -105.283194444444433, 38.377638888888896 ], [ -105.283194444444433, 38.377361111111114 ], [ -105.28180555555555, 38.377361111111114 ], [ -105.28180555555555, 38.377083333333339 ], [ -105.280694444444435, 38.377083333333339 ], [ -105.280694444444435, 38.377361111111114 ], [ -105.280416666666653, 38.377361111111114 ], [ -105.280416666666653, 38.377638888888896 ], [ -105.279305555555553, 38.377638888888896 ], [ -105.279305555555553, 38.377916666666671 ], [ -105.27875, 38.377916666666671 ], [ -105.27875, 38.377638888888896 ], [ -105.277916666666655, 38.377638888888896 ], [ -105.277916666666655, 38.377916666666671 ], [ -105.277361111111105, 38.377916666666671 ], [ -105.277361111111105, 38.378194444444446 ], [ -105.276527777777773, 38.378194444444446 ], [ -105.276527777777773, 38.378472222222229 ], [ -105.275972222222208, 38.378472222222229 ], [ -105.275972222222208, 38.37875 ], [ -105.275416666666658, 38.37875 ], [ -105.275416666666658, 38.379027777777779 ], [ -105.275138888888875, 38.379027777777779 ], [ -105.275138888888875, 38.379305555555561 ], [ -105.274861111111107, 38.379305555555561 ], [ -105.274861111111107, 38.379583333333336 ], [ -105.274583333333325, 38.379583333333336 ], [ -105.274583333333325, 38.379861111111111 ], [ -105.274305555555543, 38.379861111111111 ], [ -105.274305555555543, 38.380138888888894 ], [ -105.274027777777775, 38.380138888888894 ], [ -105.274027777777775, 38.380416666666669 ], [ -105.27375, 38.380416666666669 ], [ -105.27375, 38.380694444444451 ], [ -105.27347222222221, 38.380694444444451 ], [ -105.27347222222221, 38.380972222222226 ], [ -105.273194444444442, 38.380972222222226 ], [ -105.273194444444442, 38.380694444444451 ], [ -105.270972222222213, 38.380694444444451 ], [ -105.270972222222213, 38.380416666666669 ], [ -105.27069444444443, 38.380416666666669 ], [ -105.27069444444443, 38.380694444444451 ], [ -105.270416666666662, 38.380694444444451 ], [ -105.270416666666662, 38.380972222222226 ], [ -105.27013888888888, 38.380972222222226 ], [ -105.27013888888888, 38.38125 ], [ -105.267083333333332, 38.38125 ], [ -105.267083333333332, 38.381527777777784 ], [ -105.26625, 38.381527777777784 ], [ -105.26625, 38.381805555555559 ], [ -105.265972222222217, 38.381805555555559 ], [ -105.265972222222217, 38.382361111111116 ], [ -105.265138888888885, 38.382361111111116 ], [ -105.265138888888885, 38.382638888888891 ], [ -105.26402777777777, 38.382638888888891 ], [ -105.26402777777777, 38.382916666666674 ], [ -105.263472222222219, 38.382916666666674 ], [ -105.263472222222219, 38.383194444444449 ], [ -105.262916666666655, 38.383194444444449 ], [ -105.262916666666655, 38.383472222222224 ], [ -105.262361111111105, 38.383472222222224 ], [ -105.262361111111105, 38.38375 ], [ -105.262083333333322, 38.38375 ], [ -105.262083333333322, 38.384027777777781 ], [ -105.261805555555554, 38.384027777777781 ], [ -105.261805555555554, 38.384305555555557 ], [ -105.260694444444439, 38.384305555555557 ], [ -105.260694444444439, 38.384583333333339 ], [ -105.260416666666657, 38.384583333333339 ], [ -105.260416666666657, 38.384861111111114 ], [ -105.259861111111107, 38.384861111111114 ], [ -105.259861111111107, 38.385416666666671 ], [ -105.259583333333325, 38.385416666666671 ], [ -105.259583333333325, 38.385694444444447 ], [ -105.259305555555542, 38.385694444444447 ], [ -105.259305555555542, 38.385972222222229 ], [ -105.25875, 38.385972222222229 ], [ -105.25875, 38.38625 ], [ -105.257916666666659, 38.38625 ], [ -105.257916666666659, 38.386527777777779 ], [ -105.257083333333327, 38.386527777777779 ], [ -105.257083333333327, 38.386805555555561 ], [ -105.256527777777777, 38.386805555555561 ], [ -105.256527777777777, 38.387083333333337 ], [ -105.255416666666662, 38.387083333333337 ], [ -105.255416666666662, 38.387361111111112 ], [ -105.255138888888879, 38.387361111111112 ], [ -105.255138888888879, 38.387638888888894 ], [ -105.254861111111097, 38.387638888888894 ], [ -105.254861111111097, 38.388472222222227 ], [ -105.254583333333329, 38.388472222222227 ], [ -105.254583333333329, 38.38875 ], [ -105.254305555555547, 38.38875 ], [ -105.254305555555547, 38.389027777777784 ], [ -105.254027777777765, 38.389027777777784 ], [ -105.254027777777765, 38.389305555555559 ], [ -105.253472222222214, 38.389305555555559 ], [ -105.253472222222214, 38.389583333333334 ], [ -105.252916666666664, 38.389583333333334 ], [ -105.252916666666664, 38.389861111111117 ], [ -105.252638888888882, 38.389861111111117 ], [ -105.252638888888882, 38.390138888888892 ], [ -105.252083333333331, 38.390138888888892 ], [ -105.252083333333331, 38.390416666666667 ], [ -105.251805555555549, 38.390416666666667 ], [ -105.251805555555549, 38.390694444444449 ], [ -105.251527777777767, 38.390694444444449 ], [ -105.251527777777767, 38.390972222222224 ], [ -105.25125, 38.390972222222224 ], [ -105.25125, 38.39125 ], [ -105.250972222222217, 38.39125 ], [ -105.250972222222217, 38.391527777777782 ], [ -105.250694444444434, 38.391527777777782 ], [ -105.250694444444434, 38.391805555555557 ], [ -105.250416666666652, 38.391805555555557 ], [ -105.250416666666652, 38.392361111111114 ], [ -105.249861111111102, 38.392361111111114 ], [ -105.249861111111102, 38.392638888888889 ], [ -105.24958333333332, 38.392638888888889 ], [ -105.24958333333332, 38.392916666666672 ], [ -105.249305555555551, 38.392916666666672 ], [ -105.249305555555551, 38.393194444444447 ], [ -105.249027777777769, 38.393194444444447 ], [ -105.249027777777769, 38.393472222222229 ], [ -105.24875, 38.393472222222229 ], [ -105.24875, 38.39375 ], [ -105.248194444444437, 38.39375 ], [ -105.248194444444437, 38.394027777777779 ], [ -105.246527777777771, 38.394027777777779 ], [ -105.246527777777771, 38.394305555555562 ], [ -105.24625, 38.394305555555562 ], [ -105.24625, 38.394583333333337 ], [ -105.245694444444439, 38.394583333333337 ], [ -105.245694444444439, 38.394861111111112 ], [ -105.245138888888874, 38.394861111111112 ], [ -105.245138888888874, 38.395138888888894 ], [ -105.244861111111106, 38.395138888888894 ], [ -105.244861111111106, 38.395416666666669 ], [ -105.244305555555542, 38.395416666666669 ], [ -105.244305555555542, 38.395138888888894 ], [ -105.244027777777774, 38.395138888888894 ], [ -105.244027777777774, 38.394861111111112 ], [ -105.24375, 38.394861111111112 ], [ -105.24375, 38.394583333333337 ], [ -105.242916666666659, 38.394583333333337 ], [ -105.242916666666659, 38.394305555555562 ], [ -105.241805555555544, 38.394305555555562 ], [ -105.241805555555544, 38.394583333333337 ], [ -105.241527777777776, 38.394583333333337 ], [ -105.241527777777776, 38.394861111111112 ], [ -105.240694444444443, 38.394861111111112 ], [ -105.240694444444443, 38.395416666666669 ], [ -105.240416666666661, 38.395416666666669 ], [ -105.240416666666661, 38.395694444444452 ], [ -105.240138888888879, 38.395694444444452 ], [ -105.240138888888879, 38.397361111111117 ], [ -105.240416666666661, 38.397361111111117 ], [ -105.240416666666661, 38.398194444444449 ], [ -105.240138888888879, 38.398194444444449 ], [ -105.240138888888879, 38.398472222222225 ], [ -105.239861111111097, 38.398472222222225 ], [ -105.239861111111097, 38.399027777777782 ], [ -105.239583333333329, 38.399027777777782 ], [ -105.239583333333329, 38.399583333333339 ], [ -105.239027777777764, 38.399583333333339 ], [ -105.239027777777764, 38.399861111111115 ], [ -105.239305555555546, 38.399861111111115 ], [ -105.239305555555546, 38.400416666666672 ], [ -105.239583333333329, 38.400416666666672 ], [ -105.239583333333329, 38.400972222222229 ], [ -105.238472222222214, 38.400972222222229 ], [ -105.238472222222214, 38.40152777777778 ], [ -105.238194444444431, 38.40152777777778 ], [ -105.238194444444431, 38.401805555555562 ], [ -105.237083333333331, 38.401805555555562 ], [ -105.237083333333331, 38.402083333333337 ], [ -105.236527777777766, 38.402083333333337 ], [ -105.236527777777766, 38.401805555555562 ], [ -105.235416666666666, 38.401805555555562 ], [ -105.235416666666666, 38.402361111111112 ], [ -105.235138888888883, 38.402361111111112 ], [ -105.235138888888883, 38.402638888888895 ], [ -105.234861111111101, 38.402638888888895 ], [ -105.234861111111101, 38.403194444444445 ], [ -105.234583333333319, 38.403194444444445 ], [ -105.234583333333319, 38.40375 ], [ -105.234027777777769, 38.40375 ], [ -105.234027777777769, 38.404861111111117 ], [ -105.23375, 38.404861111111117 ], [ -105.23375, 38.40569444444445 ], [ -105.234027777777769, 38.40569444444445 ], [ -105.234027777777769, 38.405972222222225 ], [ -105.23375, 38.405972222222225 ], [ -105.23375, 38.406527777777782 ], [ -105.233472222222218, 38.406527777777782 ], [ -105.233472222222218, 38.40625 ], [ -105.232083333333321, 38.40625 ], [ -105.232083333333321, 38.40569444444445 ], [ -105.231805555555553, 38.40569444444445 ], [ -105.231805555555553, 38.405972222222225 ], [ -105.23125, 38.405972222222225 ], [ -105.23125, 38.40625 ], [ -105.230972222222221, 38.40625 ], [ -105.230972222222221, 38.406527777777782 ], [ -105.230694444444438, 38.406527777777782 ], [ -105.230694444444438, 38.406805555555557 ], [ -105.230416666666656, 38.406805555555557 ], [ -105.230416666666656, 38.407361111111115 ], [ -105.230138888888888, 38.407361111111115 ], [ -105.230138888888888, 38.40763888888889 ], [ -105.229861111111106, 38.40763888888889 ], [ -105.229861111111106, 38.408194444444447 ], [ -105.229583333333323, 38.408194444444447 ], [ -105.229583333333323, 38.40875 ], [ -105.22875, 38.40875 ], [ -105.22875, 38.40902777777778 ], [ -105.228472222222209, 38.40902777777778 ], [ -105.228472222222209, 38.409583333333337 ], [ -105.228194444444441, 38.409583333333337 ], [ -105.228194444444441, 38.412638888888893 ], [ -105.228472222222209, 38.412638888888893 ], [ -105.228472222222209, 38.412916666666668 ], [ -105.228194444444441, 38.412916666666668 ], [ -105.228194444444441, 38.41319444444445 ], [ -105.227916666666658, 38.41319444444445 ], [ -105.227916666666658, 38.413472222222225 ], [ -105.227638888888876, 38.413472222222225 ], [ -105.227638888888876, 38.41375 ], [ -105.227083333333326, 38.41375 ], [ -105.227083333333326, 38.414027777777783 ], [ -105.226527777777775, 38.414027777777783 ], [ -105.226527777777775, 38.414305555555558 ], [ -105.22625, 38.414305555555558 ], [ -105.22625, 38.414027777777783 ], [ -105.225694444444443, 38.414027777777783 ], [ -105.225694444444443, 38.414305555555558 ], [ -105.225416666666661, 38.414305555555558 ], [ -105.225416666666661, 38.41458333333334 ], [ -105.225138888888878, 38.41458333333334 ], [ -105.225138888888878, 38.414861111111115 ], [ -105.224305555555546, 38.414861111111115 ], [ -105.224305555555546, 38.41513888888889 ], [ -105.224027777777764, 38.41513888888889 ], [ -105.224027777777764, 38.415972222222223 ], [ -105.22375, 38.415972222222223 ], [ -105.22375, 38.41625 ], [ -105.223472222222213, 38.41625 ], [ -105.223472222222213, 38.41652777777778 ], [ -105.223194444444431, 38.41652777777778 ], [ -105.223194444444431, 38.416805555555563 ], [ -105.222916666666663, 38.416805555555563 ], [ -105.222916666666663, 38.418472222222228 ], [ -105.222638888888881, 38.418472222222228 ], [ -105.222638888888881, 38.419027777777778 ], [ -105.221805555555548, 38.419027777777778 ], [ -105.221805555555548, 38.41930555555556 ], [ -105.221527777777766, 38.41930555555556 ], [ -105.221527777777766, 38.419583333333335 ], [ -105.22125, 38.419583333333335 ], [ -105.22125, 38.420138888888893 ], [ -105.220694444444433, 38.420138888888893 ], [ -105.220694444444433, 38.420416666666668 ], [ -105.220416666666665, 38.420416666666668 ], [ -105.220416666666665, 38.42069444444445 ], [ -105.21875, 38.42069444444445 ], [ -105.21875, 38.420416666666668 ], [ -105.218194444444435, 38.420416666666668 ], [ -105.218194444444435, 38.420972222222225 ], [ -105.217916666666653, 38.420972222222225 ], [ -105.217916666666653, 38.42125 ], [ -105.217638888888885, 38.42125 ], [ -105.217638888888885, 38.421527777777783 ], [ -105.217361111111103, 38.421527777777783 ], [ -105.217361111111103, 38.422361111111115 ], [ -105.217083333333321, 38.422361111111115 ], [ -105.217083333333321, 38.42208333333334 ], [ -105.216805555555553, 38.42208333333334 ], [ -105.216805555555553, 38.422361111111115 ], [ -105.21652777777777, 38.422361111111115 ], [ -105.21652777777777, 38.42375 ], [ -105.216805555555553, 38.42375 ], [ -105.216805555555553, 38.424027777777781 ], [ -105.21625, 38.424027777777781 ], [ -105.21625, 38.424305555555563 ], [ -105.215416666666655, 38.424305555555563 ], [ -105.215416666666655, 38.424583333333338 ], [ -105.214583333333323, 38.424583333333338 ], [ -105.214583333333323, 38.424305555555563 ], [ -105.212361111111107, 38.424305555555563 ], [ -105.212361111111107, 38.424583333333338 ], [ -105.21125, 38.424583333333338 ], [ -105.21125, 38.424305555555563 ], [ -105.210694444444442, 38.424305555555563 ], [ -105.210694444444442, 38.424583333333338 ], [ -105.210138888888878, 38.424583333333338 ], [ -105.210138888888878, 38.424861111111113 ], [ -105.20986111111111, 38.424861111111113 ], [ -105.20986111111111, 38.425138888888895 ], [ -105.209305555555545, 38.425138888888895 ], [ -105.209305555555545, 38.425972222222228 ], [ -105.209027777777777, 38.425972222222228 ], [ -105.209027777777777, 38.426527777777778 ], [ -105.20875, 38.426527777777778 ], [ -105.20875, 38.426805555555561 ], [ -105.208472222222213, 38.426805555555561 ], [ -105.208472222222213, 38.427083333333336 ], [ -105.20819444444443, 38.427083333333336 ], [ -105.20819444444443, 38.426527777777778 ], [ -105.206805555555547, 38.426527777777778 ], [ -105.206805555555547, 38.427361111111118 ], [ -105.206527777777765, 38.427361111111118 ], [ -105.206527777777765, 38.428194444444451 ], [ -105.20625, 38.428194444444451 ], [ -105.20625, 38.428472222222226 ], [ -105.2048611111111, 38.428472222222226 ], [ -105.2048611111111, 38.42875 ], [ -105.20375, 38.42875 ], [ -105.20375, 38.428472222222226 ], [ -105.202916666666653, 38.428472222222226 ], [ -105.202916666666653, 38.42875 ], [ -105.202638888888885, 38.42875 ], [ -105.202638888888885, 38.428194444444451 ], [ -105.201805555555552, 38.428194444444451 ], [ -105.201805555555552, 38.427916666666668 ], [ -105.20152777777777, 38.427916666666668 ], [ -105.20152777777777, 38.428194444444451 ], [ -105.200972222222219, 38.428194444444451 ], [ -105.200972222222219, 38.428472222222226 ], [ -105.200138888888887, 38.428472222222226 ], [ -105.200138888888887, 38.42875 ], [ -105.19875, 38.42875 ], [ -105.19875, 38.429305555555558 ], [ -105.198472222222208, 38.429305555555558 ], [ -105.198472222222208, 38.429583333333341 ], [ -105.198194444444439, 38.429583333333341 ], [ -105.198194444444439, 38.429861111111116 ], [ -105.198472222222208, 38.429861111111116 ], [ -105.198472222222208, 38.430416666666673 ], [ -105.197916666666657, 38.430416666666673 ], [ -105.197916666666657, 38.430694444444448 ], [ -105.197361111111107, 38.430694444444448 ], [ -105.197361111111107, 38.430416666666673 ], [ -105.197083333333325, 38.430416666666673 ], [ -105.197083333333325, 38.430138888888891 ], [ -105.196527777777774, 38.430138888888891 ], [ -105.196527777777774, 38.429861111111116 ], [ -105.195694444444442, 38.429861111111116 ], [ -105.195694444444442, 38.429583333333341 ], [ -105.195416666666659, 38.429583333333341 ], [ -105.195416666666659, 38.429305555555558 ], [ -105.194583333333327, 38.429305555555558 ], [ -105.194583333333327, 38.429027777777783 ], [ -105.194027777777777, 38.429027777777783 ], [ -105.194027777777777, 38.42875 ], [ -105.19375, 38.42875 ], [ -105.19375, 38.428472222222226 ], [ -105.193472222222212, 38.428472222222226 ], [ -105.193472222222212, 38.42875 ], [ -105.19319444444443, 38.42875 ], [ -105.19319444444443, 38.429027777777783 ], [ -105.192916666666662, 38.429027777777783 ], [ -105.192916666666662, 38.429583333333341 ], [ -105.192361111111097, 38.429583333333341 ], [ -105.192361111111097, 38.430138888888891 ], [ -105.192083333333329, 38.430138888888891 ], [ -105.192083333333329, 38.43125 ], [ -105.192361111111097, 38.43125 ], [ -105.192361111111097, 38.431527777777781 ], [ -105.192083333333329, 38.431527777777781 ], [ -105.192083333333329, 38.432916666666671 ], [ -105.192361111111097, 38.432916666666671 ], [ -105.192361111111097, 38.432638888888896 ], [ -105.19375, 38.432638888888896 ], [ -105.19375, 38.433194444444446 ], [ -105.194583333333327, 38.433194444444446 ], [ -105.194583333333327, 38.434027777777779 ], [ -105.194305555555545, 38.434027777777779 ], [ -105.194305555555545, 38.434583333333336 ], [ -105.194027777777777, 38.434583333333336 ], [ -105.194027777777777, 38.434861111111118 ], [ -105.19375, 38.434861111111118 ], [ -105.19375, 38.435138888888893 ], [ -105.193472222222212, 38.435138888888893 ], [ -105.193472222222212, 38.435416666666669 ], [ -105.19319444444443, 38.435416666666669 ], [ -105.19319444444443, 38.435694444444451 ], [ -105.192916666666662, 38.435694444444451 ], [ -105.192916666666662, 38.437083333333334 ], [ -105.19319444444443, 38.437083333333334 ], [ -105.19319444444443, 38.437361111111116 ], [ -105.192916666666662, 38.437361111111116 ], [ -105.192916666666662, 38.437916666666673 ], [ -105.192638888888879, 38.437916666666673 ], [ -105.192638888888879, 38.43875 ], [ -105.192361111111097, 38.43875 ], [ -105.192361111111097, 38.439861111111114 ], [ -105.192083333333329, 38.439861111111114 ], [ -105.192083333333329, 38.440416666666671 ], [ -105.192638888888879, 38.440416666666671 ], [ -105.192638888888879, 38.440972222222229 ], [ -105.192361111111097, 38.440972222222229 ], [ -105.192361111111097, 38.442638888888894 ], [ -105.192083333333329, 38.442638888888894 ], [ -105.192083333333329, 38.444027777777784 ], [ -105.191805555555547, 38.444027777777784 ], [ -105.191805555555547, 38.444305555555559 ], [ -105.190972222222214, 38.444305555555559 ], [ -105.190972222222214, 38.445138888888891 ], [ -105.19125, 38.445138888888891 ], [ -105.19125, 38.445416666666674 ], [ -105.192361111111097, 38.445416666666674 ], [ -105.192361111111097, 38.445972222222224 ], [ -105.192638888888879, 38.445972222222224 ], [ -105.192638888888879, 38.446527777777781 ], [ -105.192361111111097, 38.446527777777781 ], [ -105.192361111111097, 38.447638888888889 ], [ -105.192083333333329, 38.447638888888889 ], [ -105.192083333333329, 38.447916666666671 ], [ -105.191805555555547, 38.447916666666671 ], [ -105.191805555555547, 38.448472222222229 ], [ -105.191527777777765, 38.448472222222229 ], [ -105.191527777777765, 38.449027777777779 ], [ -105.191805555555547, 38.449027777777779 ], [ -105.191805555555547, 38.449583333333337 ], [ -105.192638888888879, 38.449583333333337 ], [ -105.192638888888879, 38.449861111111112 ], [ -105.19319444444443, 38.449861111111112 ], [ -105.19319444444443, 38.450972222222227 ], [ -105.192916666666662, 38.450972222222227 ], [ -105.192916666666662, 38.451527777777784 ], [ -105.19319444444443, 38.451527777777784 ], [ -105.19319444444443, 38.452638888888892 ], [ -105.192916666666662, 38.452638888888892 ], [ -105.192916666666662, 38.452916666666667 ], [ -105.191805555555547, 38.452916666666667 ], [ -105.191805555555547, 38.453194444444449 ], [ -105.190972222222214, 38.453194444444449 ], [ -105.190972222222214, 38.453472222222224 ], [ -105.190694444444432, 38.453472222222224 ], [ -105.190694444444432, 38.45375 ], [ -105.190138888888882, 38.45375 ], [ -105.190138888888882, 38.453472222222224 ], [ -105.189305555555549, 38.453472222222224 ], [ -105.189305555555549, 38.45375 ], [ -105.189027777777767, 38.45375 ], [ -105.189027777777767, 38.454583333333339 ], [ -105.189583333333331, 38.454583333333339 ], [ -105.189583333333331, 38.454861111111114 ], [ -105.189861111111099, 38.454861111111114 ], [ -105.189861111111099, 38.455138888888889 ], [ -105.190416666666664, 38.455138888888889 ], [ -105.190416666666664, 38.455416666666672 ], [ -105.190694444444432, 38.455416666666672 ], [ -105.190694444444432, 38.45625 ], [ -105.190972222222214, 38.45625 ], [ -105.190972222222214, 38.456527777777779 ], [ -105.19125, 38.456527777777779 ], [ -105.19125, 38.457638888888894 ], [ -105.19319444444443, 38.457638888888894 ], [ -105.19319444444443, 38.458472222222227 ], [ -105.193472222222212, 38.458472222222227 ], [ -105.193472222222212, 38.459027777777784 ], [ -105.19375, 38.459027777777784 ], [ -105.19375, 38.459583333333335 ], [ -105.19319444444443, 38.459583333333335 ], [ -105.19319444444443, 38.460138888888892 ], [ -105.192916666666662, 38.460138888888892 ], [ -105.192916666666662, 38.460416666666667 ], [ -105.192361111111097, 38.460416666666667 ], [ -105.192361111111097, 38.462083333333339 ], [ -105.192638888888879, 38.462083333333339 ], [ -105.192638888888879, 38.462916666666672 ], [ -105.192361111111097, 38.462916666666672 ], [ -105.192361111111097, 38.46375 ], [ -105.192638888888879, 38.46375 ], [ -105.192638888888879, 38.46402777777778 ], [ -105.192916666666662, 38.46402777777778 ], [ -105.192916666666662, 38.464583333333337 ], [ -105.19319444444443, 38.464583333333337 ], [ -105.19319444444443, 38.46541666666667 ], [ -105.193472222222212, 38.46541666666667 ], [ -105.193472222222212, 38.465694444444445 ], [ -105.19375, 38.465694444444445 ], [ -105.19375, 38.46625 ], [ -105.194027777777777, 38.46625 ], [ -105.194027777777777, 38.46680555555556 ], [ -105.194305555555545, 38.46680555555556 ], [ -105.194305555555545, 38.467361111111117 ], [ -105.194583333333327, 38.467361111111117 ], [ -105.194583333333327, 38.46819444444445 ], [ -105.194861111111109, 38.46819444444445 ], [ -105.194861111111109, 38.468472222222225 ], [ -105.195416666666659, 38.468472222222225 ], [ -105.195416666666659, 38.469027777777782 ], [ -105.195694444444442, 38.469027777777782 ], [ -105.195694444444442, 38.46958333333334 ], [ -105.19597222222221, 38.46958333333334 ], [ -105.19597222222221, 38.47013888888889 ], [ -105.19625, 38.47013888888889 ], [ -105.19625, 38.470416666666672 ], [ -105.196527777777774, 38.470416666666672 ], [ -105.196527777777774, 38.470972222222223 ], [ -105.196805555555542, 38.470972222222223 ], [ -105.196805555555542, 38.47152777777778 ], [ -105.197083333333325, 38.47152777777778 ], [ -105.197083333333325, 38.471805555555562 ], [ -105.197361111111107, 38.471805555555562 ], [ -105.197361111111107, 38.472083333333337 ], [ -105.197638888888875, 38.472083333333337 ], [ -105.197638888888875, 38.472361111111113 ], [ -105.197916666666657, 38.472361111111113 ], [ -105.197916666666657, 38.47291666666667 ], [ -105.198194444444439, 38.47291666666667 ], [ -105.198194444444439, 38.473472222222227 ], [ -105.198472222222208, 38.473472222222227 ], [ -105.198472222222208, 38.475416666666668 ], [ -105.199305555555554, 38.475416666666668 ], [ -105.199305555555554, 38.47569444444445 ], [ -105.199861111111105, 38.47569444444445 ], [ -105.199861111111105, 38.47625 ], [ -105.200138888888887, 38.47625 ], [ -105.200138888888887, 38.476527777777783 ], [ -105.200416666666655, 38.476527777777783 ], [ -105.200416666666655, 38.47708333333334 ], [ -105.200972222222219, 38.47708333333334 ], [ -105.200972222222219, 38.477361111111115 ], [ -105.20125, 38.477361111111115 ], [ -105.20125, 38.47763888888889 ], [ -105.20152777777777, 38.47763888888889 ], [ -105.20152777777777, 38.477361111111115 ], [ -105.203194444444435, 38.477361111111115 ], [ -105.203194444444435, 38.47763888888889 ], [ -105.20375, 38.47763888888889 ], [ -105.20375, 38.478194444444448 ], [ -105.204027777777767, 38.478194444444448 ], [ -105.204027777777767, 38.479583333333338 ], [ -105.20375, 38.479583333333338 ], [ -105.20375, 38.479861111111113 ], [ -105.204027777777767, 38.479861111111113 ], [ -105.204027777777767, 38.48125 ], [ -105.20375, 38.48125 ], [ -105.20375, 38.481527777777778 ], [ -105.203472222222217, 38.481527777777778 ], [ -105.203472222222217, 38.482638888888893 ], [ -105.20375, 38.482638888888893 ], [ -105.20375, 38.482361111111118 ], [ -105.206527777777765, 38.482361111111118 ], [ -105.206527777777765, 38.482638888888893 ], [ -105.207361111111098, 38.482638888888893 ], [ -105.207361111111098, 38.482916666666668 ], [ -105.20819444444443, 38.482916666666668 ], [ -105.20819444444443, 38.48319444444445 ], [ -105.209583333333327, 38.48319444444445 ], [ -105.209583333333327, 38.48375 ], [ -105.210138888888878, 38.48375 ], [ -105.210138888888878, 38.484027777777783 ], [ -105.210694444444442, 38.484027777777783 ], [ -105.210694444444442, 38.484305555555558 ], [ -105.211527777777775, 38.484305555555558 ], [ -105.211527777777775, 38.48458333333334 ], [ -105.211805555555543, 38.48458333333334 ], [ -105.211805555555543, 38.484861111111115 ], [ -105.212361111111107, 38.484861111111115 ], [ -105.212361111111107, 38.485138888888891 ], [ -105.212916666666658, 38.485138888888891 ], [ -105.212916666666658, 38.485416666666673 ], [ -105.213472222222208, 38.485416666666673 ], [ -105.213472222222208, 38.485694444444448 ], [ -105.214027777777773, 38.485694444444448 ], [ -105.214027777777773, 38.48625 ], [ -105.214305555555555, 38.48625 ], [ -105.214305555555555, 38.486527777777781 ], [ -105.214583333333323, 38.486527777777781 ], [ -105.214583333333323, 38.486805555555563 ], [ -105.214861111111105, 38.486805555555563 ], [ -105.214861111111105, 38.487361111111113 ], [ -105.215138888888887, 38.487361111111113 ], [ -105.215138888888887, 38.487916666666671 ], [ -105.215416666666655, 38.487916666666671 ], [ -105.215416666666655, 38.488194444444446 ], [ -105.21597222222222, 38.488194444444446 ], [ -105.21597222222222, 38.488472222222228 ], [ -105.21652777777777, 38.488472222222228 ], [ -105.21652777777777, 38.48875 ], [ -105.217361111111103, 38.48875 ], [ -105.217361111111103, 38.489027777777778 ], [ -105.217638888888885, 38.489027777777778 ], [ -105.217638888888885, 38.489305555555561 ], [ -105.218194444444435, 38.489305555555561 ], [ -105.218194444444435, 38.489583333333336 ], [ -105.218472222222218, 38.489583333333336 ], [ -105.218472222222218, 38.489861111111118 ], [ -105.219027777777768, 38.489861111111118 ], [ -105.219027777777768, 38.490138888888893 ], [ -105.21930555555555, 38.490138888888893 ], [ -105.21930555555555, 38.490416666666668 ], [ -105.219583333333333, 38.490416666666668 ], [ -105.219583333333333, 38.490694444444451 ], [ -105.219861111111101, 38.490694444444451 ], [ -105.219861111111101, 38.49125 ], [ -105.220138888888883, 38.49125 ], [ -105.220138888888883, 38.491805555555558 ], [ -105.220416666666665, 38.491805555555558 ], [ -105.220416666666665, 38.492083333333341 ], [ -105.220694444444433, 38.492083333333341 ], [ -105.220694444444433, 38.492361111111116 ], [ -105.221805555555548, 38.492361111111116 ], [ -105.221805555555548, 38.492083333333341 ], [ -105.225138888888878, 38.492083333333341 ], [ -105.225138888888878, 38.492361111111116 ], [ -105.22625, 38.492361111111116 ], [ -105.22625, 38.492638888888891 ], [ -105.226527777777775, 38.492638888888891 ], [ -105.226527777777775, 38.492916666666673 ], [ -105.226805555555543, 38.492916666666673 ], [ -105.226805555555543, 38.493194444444448 ], [ -105.227083333333326, 38.493194444444448 ], [ -105.227083333333326, 38.494027777777781 ], [ -105.227361111111108, 38.494027777777781 ], [ -105.227361111111108, 38.494305555555556 ], [ -105.228194444444441, 38.494305555555556 ], [ -105.228194444444441, 38.494583333333338 ], [ -105.228472222222209, 38.494583333333338 ], [ -105.228472222222209, 38.494305555555556 ], [ -105.229305555555541, 38.494305555555556 ], [ -105.229305555555541, 38.494583333333338 ], [ -105.229583333333323, 38.494583333333338 ], [ -105.229583333333323, 38.495416666666671 ], [ -105.229861111111106, 38.495416666666671 ], [ -105.229861111111106, 38.495972222222228 ], [ -105.230138888888888, 38.495972222222228 ], [ -105.230138888888888, 38.496527777777779 ], [ -105.230416666666656, 38.496527777777779 ], [ -105.230416666666656, 38.496805555555561 ], [ -105.230138888888888, 38.496805555555561 ], [ -105.230138888888888, 38.497361111111118 ], [ -105.230416666666656, 38.497361111111118 ], [ -105.230416666666656, 38.497638888888893 ], [ -105.230694444444438, 38.497638888888893 ], [ -105.230694444444438, 38.498194444444451 ], [ -105.230972222222221, 38.498194444444451 ], [ -105.230972222222221, 38.49875 ], [ -105.23125, 38.49875 ], [ -105.23125, 38.499027777777783 ], [ -105.231805555555553, 38.499027777777783 ], [ -105.231805555555553, 38.500416666666673 ], [ -105.232083333333321, 38.500416666666673 ], [ -105.232083333333321, 38.502361111111114 ], [ -105.234305555555551, 38.502361111111114 ], [ -105.234305555555551, 38.502638888888896 ], [ -105.23625, 38.502638888888896 ], [ -105.23625, 38.502361111111114 ], [ -105.237361111111099, 38.502361111111114 ], [ -105.237361111111099, 38.502638888888896 ], [ -105.237916666666663, 38.502638888888896 ], [ -105.237916666666663, 38.502916666666671 ], [ -105.23875, 38.502916666666671 ], [ -105.23875, 38.502638888888896 ], [ -105.239305555555546, 38.502638888888896 ], [ -105.239305555555546, 38.502916666666671 ], [ -105.239583333333329, 38.502916666666671 ], [ -105.239583333333329, 38.503194444444446 ], [ -105.239861111111097, 38.503194444444446 ], [ -105.239861111111097, 38.503472222222229 ], [ -105.240138888888879, 38.503472222222229 ], [ -105.240138888888879, 38.504027777777779 ], [ -105.240416666666661, 38.504027777777779 ], [ -105.240416666666661, 38.504583333333336 ], [ -105.240694444444443, 38.504583333333336 ], [ -105.240694444444443, 38.505138888888894 ], [ -105.240972222222211, 38.505138888888894 ], [ -105.240972222222211, 38.505416666666669 ], [ -105.24125, 38.505416666666669 ], [ -105.24125, 38.505972222222226 ], [ -105.241527777777776, 38.505972222222226 ], [ -105.241527777777776, 38.50625 ], [ -105.241805555555544, 38.50625 ], [ -105.241805555555544, 38.506527777777784 ], [ -105.242361111111109, 38.506527777777784 ], [ -105.242361111111109, 38.506805555555559 ], [ -105.242638888888877, 38.506805555555559 ], [ -105.242638888888877, 38.507361111111116 ], [ -105.242916666666659, 38.507361111111116 ], [ -105.242916666666659, 38.507638888888891 ], [ -105.242638888888877, 38.507638888888891 ], [ -105.242638888888877, 38.507916666666674 ], [ -105.242361111111109, 38.507916666666674 ], [ -105.242361111111109, 38.508472222222224 ], [ -105.242638888888877, 38.508472222222224 ], [ -105.242638888888877, 38.50875 ], [ -105.242916666666659, 38.50875 ], [ -105.242916666666659, 38.509027777777781 ], [ -105.243194444444441, 38.509027777777781 ], [ -105.243194444444441, 38.509305555555557 ], [ -105.24375, 38.509305555555557 ], [ -105.24375, 38.509861111111114 ], [ -105.244305555555542, 38.509861111111114 ], [ -105.244305555555542, 38.510138888888889 ], [ -105.245416666666657, 38.510138888888889 ], [ -105.245416666666657, 38.510416666666671 ], [ -105.245694444444439, 38.510416666666671 ], [ -105.245694444444439, 38.510694444444447 ], [ -105.245972222222221, 38.510694444444447 ], [ -105.245972222222221, 38.512083333333337 ], [ -105.24625, 38.512083333333337 ], [ -105.24625, 38.512361111111112 ], [ -105.246527777777771, 38.512361111111112 ], [ -105.246527777777771, 38.512638888888894 ], [ -105.246805555555554, 38.512638888888894 ], [ -105.246805555555554, 38.512916666666669 ], [ -105.247361111111104, 38.512916666666669 ], [ -105.247361111111104, 38.513194444444451 ], [ -105.248194444444437, 38.513194444444451 ], [ -105.248194444444437, 38.513472222222227 ], [ -105.250138888888884, 38.513472222222227 ], [ -105.250138888888884, 38.513194444444451 ], [ -105.252361111111099, 38.513194444444451 ], [ -105.252361111111099, 38.512916666666669 ], [ -105.252916666666664, 38.512916666666669 ], [ -105.252916666666664, 38.512638888888894 ], [ -105.25375, 38.512638888888894 ], [ -105.25375, 38.512361111111112 ], [ -105.254027777777765, 38.512361111111112 ], [ -105.254027777777765, 38.512083333333337 ], [ -105.254305555555547, 38.512083333333337 ], [ -105.254305555555547, 38.511805555555561 ], [ -105.254861111111097, 38.511805555555561 ], [ -105.254861111111097, 38.511527777777779 ], [ -105.255138888888879, 38.511527777777779 ], [ -105.255138888888879, 38.510972222222229 ], [ -105.255416666666662, 38.510972222222229 ], [ -105.255416666666662, 38.51125 ], [ -105.25569444444443, 38.51125 ], [ -105.25569444444443, 38.511527777777779 ], [ -105.255972222222212, 38.511527777777779 ], [ -105.255972222222212, 38.511805555555561 ], [ -105.25625, 38.511805555555561 ], [ -105.25625, 38.512083333333337 ], [ -105.256527777777777, 38.512083333333337 ], [ -105.256527777777777, 38.512361111111112 ], [ -105.257083333333327, 38.512361111111112 ], [ -105.257083333333327, 38.512638888888894 ], [ -105.257361111111109, 38.512638888888894 ], [ -105.257361111111109, 38.512916666666669 ], [ -105.257638888888877, 38.512916666666669 ], [ -105.257638888888877, 38.513194444444451 ], [ -105.257916666666659, 38.513194444444451 ], [ -105.257916666666659, 38.513472222222227 ], [ -105.258194444444442, 38.513472222222227 ], [ -105.258194444444442, 38.514027777777784 ], [ -105.25847222222221, 38.514027777777784 ], [ -105.25847222222221, 38.514305555555559 ], [ -105.25875, 38.514305555555559 ], [ -105.25875, 38.514027777777784 ], [ -105.259305555555542, 38.514027777777784 ], [ -105.259305555555542, 38.51375 ], [ -105.259583333333325, 38.51375 ], [ -105.259583333333325, 38.513472222222227 ], [ -105.259861111111107, 38.513472222222227 ], [ -105.259861111111107, 38.513194444444451 ], [ -105.260416666666657, 38.513194444444451 ], [ -105.260416666666657, 38.512916666666669 ], [ -105.260694444444439, 38.512916666666669 ], [ -105.260694444444439, 38.512638888888894 ], [ -105.260972222222208, 38.512638888888894 ], [ -105.260972222222208, 38.512916666666669 ], [ -105.26125, 38.512916666666669 ], [ -105.26125, 38.512638888888894 ], [ -105.261805555555554, 38.512638888888894 ], [ -105.261805555555554, 38.512361111111112 ], [ -105.264861111111102, 38.512361111111112 ], [ -105.264861111111102, 38.512083333333337 ], [ -105.268194444444433, 38.512083333333337 ], [ -105.268194444444433, 38.512361111111112 ], [ -105.272083333333327, 38.512361111111112 ], [ -105.272083333333327, 38.512638888888894 ], [ -105.275138888888875, 38.512638888888894 ], [ -105.275138888888875, 38.512083333333337 ], [ -105.275416666666658, 38.512083333333337 ], [ -105.275416666666658, 38.511805555555561 ], [ -105.277361111111105, 38.511805555555561 ], [ -105.277361111111105, 38.511527777777779 ], [ -105.277638888888887, 38.511527777777779 ], [ -105.277638888888887, 38.51125 ], [ -105.280138888888885, 38.51125 ], [ -105.280138888888885, 38.511527777777779 ], [ -105.280416666666653, 38.511527777777779 ], [ -105.280416666666653, 38.512083333333337 ], [ -105.280972222222218, 38.512083333333337 ], [ -105.280972222222218, 38.512361111111112 ], [ -105.28125, 38.512361111111112 ], [ -105.28125, 38.512638888888894 ], [ -105.28180555555555, 38.512638888888894 ], [ -105.28180555555555, 38.512916666666669 ], [ -105.282083333333333, 38.512916666666669 ], [ -105.282083333333333, 38.513194444444451 ], [ -105.282638888888883, 38.513194444444451 ], [ -105.282638888888883, 38.513472222222227 ], [ -105.283194444444433, 38.513472222222227 ], [ -105.283194444444433, 38.51375 ], [ -105.28375, 38.51375 ], [ -105.28375, 38.514027777777784 ], [ -105.284027777777766, 38.514027777777784 ], [ -105.284027777777766, 38.514305555555559 ], [ -105.28458333333333, 38.514305555555559 ], [ -105.28458333333333, 38.514583333333334 ], [ -105.284861111111098, 38.514583333333334 ], [ -105.284861111111098, 38.514861111111117 ], [ -105.285416666666663, 38.514861111111117 ], [ -105.285416666666663, 38.515138888888892 ], [ -105.285694444444431, 38.515138888888892 ], [ -105.285694444444431, 38.515416666666667 ], [ -105.285972222222213, 38.515416666666667 ], [ -105.285972222222213, 38.515694444444449 ], [ -105.28625, 38.515694444444449 ], [ -105.28625, 38.515972222222224 ], [ -105.286805555555546, 38.515972222222224 ], [ -105.286805555555546, 38.51625 ], [ -105.287083333333328, 38.51625 ], [ -105.287083333333328, 38.516527777777782 ], [ -105.287638888888878, 38.516527777777782 ], [ -105.287638888888878, 38.516805555555557 ], [ -105.287916666666661, 38.516805555555557 ], [ -105.287916666666661, 38.517083333333339 ], [ -105.288194444444443, 38.517083333333339 ], [ -105.288194444444443, 38.517361111111114 ], [ -105.288472222222211, 38.517361111111114 ], [ -105.288472222222211, 38.517916666666672 ], [ -105.28875, 38.517916666666672 ], [ -105.28875, 38.518194444444447 ], [ -105.289027777777775, 38.518194444444447 ], [ -105.289027777777775, 38.517916666666672 ], [ -105.290416666666658, 38.517916666666672 ], [ -105.290416666666658, 38.518194444444447 ], [ -105.291805555555541, 38.518194444444447 ], [ -105.291805555555541, 38.518472222222229 ], [ -105.292638888888888, 38.518472222222229 ], [ -105.292638888888888, 38.51875 ], [ -105.293194444444438, 38.51875 ], [ -105.293194444444438, 38.519027777777779 ], [ -105.293472222222221, 38.519027777777779 ], [ -105.293472222222221, 38.519305555555562 ], [ -105.29375, 38.519305555555562 ], [ -105.29375, 38.519583333333337 ], [ -105.294027777777771, 38.519583333333337 ], [ -105.294027777777771, 38.519861111111112 ], [ -105.294305555555553, 38.519861111111112 ], [ -105.294305555555553, 38.520138888888894 ], [ -105.294583333333321, 38.520138888888894 ], [ -105.294583333333321, 38.520416666666669 ], [ -105.294861111111103, 38.520416666666669 ], [ -105.294861111111103, 38.520694444444452 ], [ -105.295138888888886, 38.520694444444452 ], [ -105.295138888888886, 38.520972222222227 ], [ -105.295416666666654, 38.520972222222227 ], [ -105.295416666666654, 38.52125 ], [ -105.295694444444436, 38.52125 ], [ -105.295694444444436, 38.521527777777784 ], [ -105.296527777777769, 38.521527777777784 ], [ -105.296527777777769, 38.521805555555559 ], [ -105.297083333333319, 38.521805555555559 ], [ -105.297083333333319, 38.522083333333335 ], [ -105.297638888888883, 38.522083333333335 ], [ -105.297638888888883, 38.522361111111117 ], [ -105.298194444444434, 38.522361111111117 ], [ -105.298194444444434, 38.522638888888892 ], [ -105.298472222222216, 38.522638888888892 ], [ -105.298472222222216, 38.522916666666667 ], [ -105.29875, 38.522916666666667 ], [ -105.29875, 38.523194444444449 ], [ -105.299305555555549, 38.523194444444449 ], [ -105.299305555555549, 38.523472222222225 ], [ -105.300416666666663, 38.523472222222225 ], [ -105.300416666666663, 38.52375 ], [ -105.301805555555546, 38.52375 ], [ -105.301805555555546, 38.524027777777782 ], [ -105.302083333333329, 38.524027777777782 ], [ -105.302083333333329, 38.524305555555557 ], [ -105.302361111111097, 38.524305555555557 ], [ -105.302361111111097, 38.524583333333339 ], [ -105.30375, 38.524583333333339 ], [ -105.30375, 38.524305555555557 ], [ -105.305416666666659, 38.524305555555557 ], [ -105.305416666666659, 38.524583333333339 ], [ -105.305694444444441, 38.524583333333339 ], [ -105.305694444444441, 38.52513888888889 ], [ -105.305972222222209, 38.52513888888889 ], [ -105.305972222222209, 38.525416666666672 ], [ -105.307361111111106, 38.525416666666672 ], [ -105.307361111111106, 38.52513888888889 ], [ -105.307916666666657, 38.52513888888889 ], [ -105.307916666666657, 38.525416666666672 ], [ -105.309305555555554, 38.525416666666672 ], [ -105.309305555555554, 38.525694444444447 ], [ -105.309583333333322, 38.525694444444447 ], [ -105.309583333333322, 38.525972222222229 ], [ -105.310138888888886, 38.525972222222229 ], [ -105.310138888888886, 38.52625 ], [ -105.31125, 38.52625 ], [ -105.31125, 38.525972222222229 ], [ -105.311527777777769, 38.525972222222229 ], [ -105.311527777777769, 38.52625 ], [ -105.311805555555551, 38.52625 ], [ -105.311805555555551, 38.52652777777778 ], [ -105.31208333333332, 38.52652777777778 ], [ -105.31208333333332, 38.527083333333337 ], [ -105.312361111111102, 38.527083333333337 ], [ -105.312361111111102, 38.527361111111112 ], [ -105.312638888888884, 38.527361111111112 ], [ -105.312638888888884, 38.52791666666667 ], [ -105.312916666666652, 38.52791666666667 ], [ -105.312916666666652, 38.528194444444445 ], [ -105.313472222222217, 38.528194444444445 ], [ -105.313472222222217, 38.528472222222227 ], [ -105.31375, 38.528472222222227 ], [ -105.31375, 38.52875 ], [ -105.314583333333331, 38.52875 ], [ -105.314583333333331, 38.529027777777785 ], [ -105.315138888888882, 38.529027777777785 ], [ -105.315138888888882, 38.52930555555556 ], [ -105.315416666666664, 38.52930555555556 ], [ -105.315416666666664, 38.529583333333335 ], [ -105.315694444444432, 38.529583333333335 ], [ -105.315694444444432, 38.529861111111117 ], [ -105.315972222222214, 38.529861111111117 ], [ -105.315972222222214, 38.53069444444445 ], [ -105.31625, 38.53069444444445 ], [ -105.31625, 38.530972222222225 ], [ -105.318472222222212, 38.530972222222225 ], [ -105.318472222222212, 38.53069444444445 ], [ -105.31875, 38.53069444444445 ], [ -105.31875, 38.530416666666667 ], [ -105.319027777777777, 38.530416666666667 ], [ -105.319027777777777, 38.530138888888892 ], [ -105.319861111111109, 38.530138888888892 ], [ -105.319861111111109, 38.530416666666667 ], [ -105.32097222222221, 38.530416666666667 ], [ -105.32097222222221, 38.53069444444445 ], [ -105.32125, 38.53069444444445 ], [ -105.32125, 38.533472222222223 ], [ -105.321527777777774, 38.533472222222223 ], [ -105.321527777777774, 38.53375 ], [ -105.321805555555542, 38.53375 ], [ -105.321805555555542, 38.53402777777778 ], [ -105.322361111111107, 38.53402777777778 ], [ -105.322361111111107, 38.534305555555562 ], [ -105.323472222222208, 38.534305555555562 ], [ -105.323472222222208, 38.534583333333337 ], [ -105.32375, 38.534583333333337 ], [ -105.32375, 38.535138888888895 ], [ -105.324027777777772, 38.535138888888895 ], [ -105.324027777777772, 38.535972222222227 ], [ -105.324305555555554, 38.535972222222227 ], [ -105.324305555555554, 38.536527777777785 ], [ -105.324583333333322, 38.536527777777785 ], [ -105.324583333333322, 38.53680555555556 ], [ -105.324861111111105, 38.53680555555556 ], [ -105.324861111111105, 38.537083333333335 ], [ -105.325138888888887, 38.537083333333335 ], [ -105.325138888888887, 38.537361111111117 ], [ -105.325416666666655, 38.537361111111117 ], [ -105.325416666666655, 38.537638888888893 ], [ -105.325694444444437, 38.537638888888893 ], [ -105.325694444444437, 38.53819444444445 ], [ -105.325972222222219, 38.53819444444445 ], [ -105.325972222222219, 38.539305555555558 ], [ -105.325694444444437, 38.539305555555558 ], [ -105.325694444444437, 38.53958333333334 ], [ -105.325972222222219, 38.53958333333334 ], [ -105.325972222222219, 38.539861111111115 ], [ -105.32625, 38.539861111111115 ], [ -105.32625, 38.540694444444448 ], [ -105.32652777777777, 38.540694444444448 ], [ -105.32652777777777, 38.54152777777778 ], [ -105.32625, 38.54152777777778 ], [ -105.32625, 38.541805555555563 ], [ -105.327638888888885, 38.541805555555563 ], [ -105.327638888888885, 38.542083333333338 ], [ -105.327916666666653, 38.542083333333338 ], [ -105.327916666666653, 38.541805555555563 ], [ -105.329027777777767, 38.541805555555563 ], [ -105.329027777777767, 38.542083333333338 ], [ -105.32930555555555, 38.542083333333338 ], [ -105.32930555555555, 38.541805555555563 ], [ -105.330138888888882, 38.541805555555563 ], [ -105.330138888888882, 38.542083333333338 ], [ -105.330416666666665, 38.542083333333338 ], [ -105.330416666666665, 38.542361111111113 ], [ -105.330694444444433, 38.542361111111113 ], [ -105.330694444444433, 38.542638888888895 ], [ -105.33125, 38.542638888888895 ], [ -105.33125, 38.542361111111113 ], [ -105.331805555555547, 38.542361111111113 ], [ -105.331805555555547, 38.542083333333338 ], [ -105.332361111111098, 38.542083333333338 ], [ -105.332361111111098, 38.541805555555563 ], [ -105.33319444444443, 38.541805555555563 ], [ -105.33319444444443, 38.54125 ], [ -105.333472222222213, 38.54125 ], [ -105.333472222222213, 38.540972222222223 ], [ -105.33375, 38.540972222222223 ], [ -105.33375, 38.540694444444448 ], [ -105.335138888888878, 38.540694444444448 ], [ -105.335138888888878, 38.540416666666673 ], [ -105.336805555555543, 38.540416666666673 ], [ -105.336805555555543, 38.54013888888889 ], [ -105.337361111111107, 38.54013888888889 ], [ -105.337361111111107, 38.539861111111115 ], [ -105.337638888888875, 38.539861111111115 ], [ -105.337638888888875, 38.53875 ], [ -105.33819444444444, 38.53875 ], [ -105.33819444444444, 38.539027777777783 ], [ -105.33875, 38.539027777777783 ], [ -105.33875, 38.538472222222225 ], [ -105.339027777777773, 38.538472222222225 ], [ -105.339027777777773, 38.53819444444445 ], [ -105.339861111111105, 38.53819444444445 ], [ -105.339861111111105, 38.537916666666668 ], [ -105.340138888888887, 38.537916666666668 ], [ -105.340138888888887, 38.53819444444445 ], [ -105.340416666666655, 38.53819444444445 ], [ -105.340416666666655, 38.537916666666668 ], [ -105.34152777777777, 38.537916666666668 ], [ -105.34152777777777, 38.537638888888893 ], [ -105.341805555555553, 38.537638888888893 ], [ -105.341805555555553, 38.537361111111117 ], [ -105.342083333333321, 38.537361111111117 ], [ -105.342083333333321, 38.537083333333335 ], [ -105.34430555555555, 38.537083333333335 ], [ -105.34430555555555, 38.537361111111117 ], [ -105.345694444444433, 38.537361111111117 ], [ -105.345694444444433, 38.537083333333335 ], [ -105.34625, 38.537083333333335 ], [ -105.34625, 38.537361111111117 ], [ -105.34708333333333, 38.537361111111117 ], [ -105.34708333333333, 38.537638888888893 ], [ -105.347638888888881, 38.537638888888893 ], [ -105.347638888888881, 38.537916666666668 ], [ -105.347916666666663, 38.537916666666668 ], [ -105.347916666666663, 38.53819444444445 ], [ -105.348194444444431, 38.53819444444445 ], [ -105.348194444444431, 38.538472222222225 ], [ -105.348472222222213, 38.538472222222225 ], [ -105.348472222222213, 38.53875 ], [ -105.349305555555546, 38.53875 ], [ -105.349305555555546, 38.539027777777783 ], [ -105.34986111111111, 38.539027777777783 ], [ -105.34986111111111, 38.539305555555558 ], [ -105.350138888888878, 38.539305555555558 ], [ -105.350138888888878, 38.53958333333334 ], [ -105.350416666666661, 38.53958333333334 ], [ -105.350416666666661, 38.539861111111115 ], [ -105.35125, 38.539861111111115 ], [ -105.35125, 38.54013888888889 ], [ -105.352361111111108, 38.54013888888889 ], [ -105.352361111111108, 38.540416666666673 ], [ -105.352638888888876, 38.540416666666673 ], [ -105.352638888888876, 38.540694444444448 ], [ -105.352916666666658, 38.540694444444448 ], [ -105.352916666666658, 38.54152777777778 ], [ -105.353194444444441, 38.54152777777778 ], [ -105.353194444444441, 38.542083333333338 ], [ -105.354305555555541, 38.542083333333338 ], [ -105.354305555555541, 38.542361111111113 ], [ -105.354583333333323, 38.542361111111113 ], [ -105.354583333333323, 38.542638888888895 ], [ -105.355694444444438, 38.542638888888895 ], [ -105.355694444444438, 38.54291666666667 ], [ -105.355972222222221, 38.54291666666667 ], [ -105.355972222222221, 38.543194444444445 ], [ -105.356805555555553, 38.543194444444445 ], [ -105.356805555555553, 38.54375 ], [ -105.357083333333321, 38.54375 ], [ -105.357083333333321, 38.544583333333335 ], [ -105.357361111111103, 38.544583333333335 ], [ -105.357361111111103, 38.545416666666668 ], [ -105.357638888888886, 38.545416666666668 ], [ -105.357638888888886, 38.54569444444445 ], [ -105.357916666666654, 38.54569444444445 ], [ -105.357916666666654, 38.545972222222225 ], [ -105.358194444444436, 38.545972222222225 ], [ -105.358194444444436, 38.54625 ], [ -105.358472222222218, 38.54625 ], [ -105.358472222222218, 38.546527777777783 ], [ -105.35875, 38.546527777777783 ], [ -105.35875, 38.548194444444448 ], [ -105.358472222222218, 38.548194444444448 ], [ -105.358472222222218, 38.549583333333338 ], [ -105.358194444444436, 38.549583333333338 ], [ -105.358194444444436, 38.550138888888895 ], [ -105.357916666666654, 38.550138888888895 ], [ -105.357916666666654, 38.550694444444446 ], [ -105.357638888888886, 38.550694444444446 ], [ -105.357638888888886, 38.550972222222228 ], [ -105.357361111111103, 38.550972222222228 ], [ -105.357361111111103, 38.55125 ], [ -105.357083333333321, 38.55125 ], [ -105.357083333333321, 38.551527777777778 ], [ -105.356805555555553, 38.551527777777778 ], [ -105.356805555555553, 38.551805555555561 ], [ -105.357083333333321, 38.551805555555561 ], [ -105.357083333333321, 38.552083333333336 ], [ -105.357361111111103, 38.552083333333336 ], [ -105.357361111111103, 38.552361111111118 ], [ -105.357638888888886, 38.552361111111118 ], [ -105.357638888888886, 38.552638888888893 ], [ -105.357916666666654, 38.552638888888893 ], [ -105.357916666666654, 38.553194444444451 ], [ -105.358194444444436, 38.553194444444451 ], [ -105.358194444444436, 38.553472222222226 ], [ -105.358472222222218, 38.553472222222226 ], [ -105.358472222222218, 38.55375 ], [ -105.359027777777769, 38.55375 ], [ -105.359027777777769, 38.554027777777783 ], [ -105.359305555555551, 38.554027777777783 ], [ -105.359305555555551, 38.554305555555558 ], [ -105.360138888888883, 38.554305555555558 ], [ -105.360138888888883, 38.554861111111116 ], [ -105.362361111111099, 38.554861111111116 ], [ -105.362361111111099, 38.55625 ], [ -105.362638888888881, 38.55625 ], [ -105.362638888888881, 38.557083333333338 ], [ -105.363472222222214, 38.557083333333338 ], [ -105.363472222222214, 38.557361111111113 ], [ -105.36375, 38.557361111111113 ], [ -105.36375, 38.558194444444446 ], [ -105.363472222222214, 38.558194444444446 ], [ -105.363472222222214, 38.55875 ], [ -105.363194444444431, 38.55875 ], [ -105.363194444444431, 38.559027777777779 ], [ -105.362916666666663, 38.559027777777779 ], [ -105.362916666666663, 38.559305555555561 ], [ -105.362638888888881, 38.559305555555561 ], [ -105.362638888888881, 38.559861111111118 ], [ -105.362361111111099, 38.559861111111118 ], [ -105.362361111111099, 38.560138888888893 ], [ -105.362083333333331, 38.560138888888893 ], [ -105.362083333333331, 38.560694444444451 ], [ -105.362361111111099, 38.560694444444451 ], [ -105.362361111111099, 38.562083333333334 ], [ -105.362083333333331, 38.562083333333334 ], [ -105.362083333333331, 38.562638888888891 ], [ -105.361805555555549, 38.562638888888891 ], [ -105.361805555555549, 38.562916666666673 ], [ -105.362083333333331, 38.562916666666673 ], [ -105.362083333333331, 38.563472222222224 ], [ -105.362638888888881, 38.563472222222224 ], [ -105.362638888888881, 38.56375 ], [ -105.362916666666663, 38.56375 ], [ -105.362916666666663, 38.564305555555556 ], [ -105.363194444444431, 38.564305555555556 ], [ -105.363194444444431, 38.564583333333339 ], [ -105.363472222222214, 38.564583333333339 ], [ -105.363472222222214, 38.565138888888896 ], [ -105.36375, 38.565138888888896 ], [ -105.36375, 38.565416666666671 ], [ -105.364027777777764, 38.565416666666671 ], [ -105.364027777777764, 38.565694444444446 ], [ -105.364305555555546, 38.565694444444446 ], [ -105.364305555555546, 38.565972222222229 ], [ -105.365416666666661, 38.565972222222229 ], [ -105.365416666666661, 38.56625 ], [ -105.365694444444443, 38.56625 ], [ -105.365694444444443, 38.567083333333336 ], [ -105.365416666666661, 38.567083333333336 ], [ -105.365416666666661, 38.567361111111111 ], [ -105.364861111111097, 38.567361111111111 ], [ -105.364861111111097, 38.567638888888894 ], [ -105.364583333333329, 38.567638888888894 ], [ -105.364583333333329, 38.567916666666669 ], [ -105.364305555555546, 38.567916666666669 ], [ -105.364305555555546, 38.568194444444451 ], [ -105.364027777777764, 38.568194444444451 ], [ -105.364027777777764, 38.568472222222226 ], [ -105.36375, 38.568472222222226 ], [ -105.36375, 38.56875 ], [ -105.364027777777764, 38.56875 ], [ -105.364027777777764, 38.569305555555559 ], [ -105.364583333333329, 38.569305555555559 ], [ -105.364583333333329, 38.569583333333334 ], [ -105.364861111111097, 38.569583333333334 ], [ -105.364861111111097, 38.569861111111116 ], [ -105.36625, 38.569861111111116 ], [ -105.36625, 38.570138888888891 ], [ -105.367916666666659, 38.570138888888891 ], [ -105.367916666666659, 38.569861111111116 ], [ -105.368194444444441, 38.569861111111116 ], [ -105.368194444444441, 38.569583333333334 ], [ -105.368472222222209, 38.569583333333334 ], [ -105.368472222222209, 38.571527777777781 ], [ -105.369861111111106, 38.571527777777781 ], [ -105.369861111111106, 38.571805555555557 ], [ -105.371805555555554, 38.571805555555557 ], [ -105.371805555555554, 38.572083333333339 ], [ -105.372361111111104, 38.572083333333339 ], [ -105.372361111111104, 38.572361111111114 ], [ -105.372638888888886, 38.572361111111114 ], [ -105.372638888888886, 38.572638888888889 ], [ -105.372361111111104, 38.572638888888889 ], [ -105.372361111111104, 38.572916666666671 ], [ -105.372083333333322, 38.572916666666671 ], [ -105.372083333333322, 38.573194444444447 ], [ -105.371805555555554, 38.573194444444447 ], [ -105.371805555555554, 38.573472222222229 ], [ -105.37125, 38.573472222222229 ], [ -105.37125, 38.574027777777779 ], [ -105.370972222222221, 38.574027777777779 ], [ -105.370972222222221, 38.574305555555561 ], [ -105.370694444444439, 38.574305555555561 ], [ -105.370694444444439, 38.574861111111112 ], [ -105.370416666666657, 38.574861111111112 ], [ -105.370416666666657, 38.575138888888894 ], [ -105.369861111111106, 38.575138888888894 ], [ -105.369861111111106, 38.575416666666669 ], [ -105.369583333333324, 38.575416666666669 ], [ -105.369583333333324, 38.575694444444451 ], [ -105.368472222222209, 38.575694444444451 ], [ -105.368472222222209, 38.575972222222227 ], [ -105.368194444444441, 38.575972222222227 ], [ -105.368194444444441, 38.57625 ], [ -105.367916666666659, 38.57625 ], [ -105.367916666666659, 38.576527777777784 ], [ -105.368194444444441, 38.576527777777784 ], [ -105.368194444444441, 38.576805555555559 ], [ -105.368472222222209, 38.576805555555559 ], [ -105.368472222222209, 38.577361111111117 ], [ -105.369027777777774, 38.577361111111117 ], [ -105.369027777777774, 38.577638888888892 ], [ -105.370694444444439, 38.577638888888892 ], [ -105.370694444444439, 38.577916666666667 ], [ -105.370972222222221, 38.577916666666667 ], [ -105.370972222222221, 38.578194444444449 ], [ -105.371527777777771, 38.578194444444449 ], [ -105.371527777777771, 38.578472222222224 ], [ -105.37125, 38.578472222222224 ], [ -105.37125, 38.580694444444447 ], [ -105.371527777777771, 38.580694444444447 ], [ -105.371527777777771, 38.58125 ], [ -105.371805555555554, 38.58125 ], [ -105.371805555555554, 38.581527777777779 ], [ -105.372083333333322, 38.581527777777779 ], [ -105.372083333333322, 38.581805555555562 ], [ -105.372361111111104, 38.581805555555562 ], [ -105.372361111111104, 38.582361111111112 ], [ -105.372638888888886, 38.582361111111112 ], [ -105.372638888888886, 38.582916666666669 ], [ -105.372916666666654, 38.582916666666669 ], [ -105.372916666666654, 38.584305555555559 ], [ -105.373194444444437, 38.584305555555559 ], [ -105.373194444444437, 38.585416666666667 ], [ -105.373472222222219, 38.585416666666667 ], [ -105.373472222222219, 38.585694444444449 ], [ -105.37375, 38.585694444444449 ], [ -105.37375, 38.587916666666672 ], [ -105.374027777777769, 38.587916666666672 ], [ -105.374027777777769, 38.58875 ], [ -105.374305555555551, 38.58875 ], [ -105.374305555555551, 38.589305555555562 ], [ -105.37458333333332, 38.589305555555562 ], [ -105.37458333333332, 38.589583333333337 ], [ -105.374861111111102, 38.589583333333337 ], [ -105.374861111111102, 38.589861111111112 ], [ -105.375416666666652, 38.589861111111112 ], [ -105.375416666666652, 38.590138888888895 ], [ -105.377083333333331, 38.590138888888895 ], [ -105.377083333333331, 38.589861111111112 ], [ -105.378194444444432, 38.589861111111112 ], [ -105.378194444444432, 38.589583333333337 ], [ -105.379305555555547, 38.589583333333337 ], [ -105.379305555555547, 38.589861111111112 ], [ -105.38069444444443, 38.589861111111112 ], [ -105.38069444444443, 38.590138888888895 ], [ -105.380972222222212, 38.590138888888895 ], [ -105.380972222222212, 38.59041666666667 ], [ -105.38125, 38.59041666666667 ], [ -105.38125, 38.590694444444445 ], [ -105.381527777777777, 38.590694444444445 ], [ -105.381527777777777, 38.590972222222227 ], [ -105.382083333333327, 38.590972222222227 ], [ -105.382083333333327, 38.59125 ], [ -105.382638888888877, 38.59125 ], [ -105.382638888888877, 38.591527777777785 ], [ -105.38347222222221, 38.591527777777785 ], [ -105.38347222222221, 38.59180555555556 ], [ -105.38375, 38.59180555555556 ], [ -105.38375, 38.592361111111117 ], [ -105.384027777777774, 38.592361111111117 ], [ -105.384027777777774, 38.592638888888892 ], [ -105.384305555555542, 38.592638888888892 ], [ -105.384305555555542, 38.592916666666667 ], [ -105.385972222222208, 38.592916666666667 ], [ -105.385972222222208, 38.59319444444445 ], [ -105.386527777777772, 38.59319444444445 ], [ -105.386527777777772, 38.593472222222225 ], [ -105.387361111111105, 38.593472222222225 ], [ -105.387361111111105, 38.59375 ], [ -105.388194444444437, 38.59375 ], [ -105.388194444444437, 38.594027777777782 ], [ -105.38875, 38.594027777777782 ], [ -105.38875, 38.594305555555557 ], [ -105.390416666666653, 38.594305555555557 ], [ -105.390416666666653, 38.59458333333334 ], [ -105.391527777777767, 38.59458333333334 ], [ -105.391527777777767, 38.594305555555557 ], [ -105.392638888888882, 38.594305555555557 ], [ -105.392638888888882, 38.59458333333334 ], [ -105.392916666666665, 38.59458333333334 ], [ -105.392916666666665, 38.594861111111115 ], [ -105.393194444444433, 38.594861111111115 ], [ -105.393194444444433, 38.595972222222223 ], [ -105.392638888888882, 38.595972222222223 ], [ -105.392638888888882, 38.59625 ], [ -105.3923611111111, 38.59625 ], [ -105.3923611111111, 38.597361111111113 ], [ -105.392083333333332, 38.597361111111113 ], [ -105.392083333333332, 38.59791666666667 ], [ -105.3923611111111, 38.59791666666667 ], [ -105.3923611111111, 38.598194444444445 ], [ -105.392638888888882, 38.598194444444445 ], [ -105.392638888888882, 38.599027777777785 ], [ -105.3923611111111, 38.599027777777785 ], [ -105.3923611111111, 38.59930555555556 ], [ -105.392083333333332, 38.59930555555556 ], [ -105.392083333333332, 38.599583333333335 ], [ -105.39180555555555, 38.599583333333335 ], [ -105.39180555555555, 38.600138888888893 ], [ -105.391527777777767, 38.600138888888893 ], [ -105.391527777777767, 38.600416666666668 ], [ -105.39180555555555, 38.600416666666668 ], [ -105.39180555555555, 38.60069444444445 ], [ -105.392083333333332, 38.60069444444445 ], [ -105.392083333333332, 38.601527777777783 ], [ -105.3923611111111, 38.601527777777783 ], [ -105.3923611111111, 38.601805555555558 ], [ -105.392638888888882, 38.601805555555558 ], [ -105.392638888888882, 38.602361111111115 ], [ -105.392916666666665, 38.602361111111115 ], [ -105.392916666666665, 38.60263888888889 ], [ -105.393472222222215, 38.60263888888889 ], [ -105.393472222222215, 38.602916666666673 ], [ -105.393194444444433, 38.602916666666673 ], [ -105.393194444444433, 38.60375 ], [ -105.392916666666665, 38.60375 ], [ -105.392916666666665, 38.60402777777778 ], [ -105.392638888888882, 38.60402777777778 ], [ -105.392638888888882, 38.604861111111113 ], [ -105.3923611111111, 38.604861111111113 ], [ -105.3923611111111, 38.60541666666667 ], [ -105.392638888888882, 38.60541666666667 ], [ -105.392638888888882, 38.605972222222228 ], [ -105.392916666666665, 38.605972222222228 ], [ -105.392916666666665, 38.60625 ], [ -105.393194444444433, 38.60625 ], [ -105.393194444444433, 38.60680555555556 ], [ -105.393472222222215, 38.60680555555556 ], [ -105.393472222222215, 38.607638888888893 ], [ -105.39375, 38.607638888888893 ], [ -105.39375, 38.607916666666668 ], [ -105.394305555555547, 38.607916666666668 ], [ -105.394305555555547, 38.60819444444445 ], [ -105.39458333333333, 38.60819444444445 ], [ -105.39458333333333, 38.608472222222225 ], [ -105.394861111111098, 38.608472222222225 ], [ -105.394861111111098, 38.609305555555558 ], [ -105.39513888888888, 38.609305555555558 ], [ -105.39513888888888, 38.60958333333334 ], [ -105.395416666666662, 38.60958333333334 ], [ -105.395416666666662, 38.609861111111115 ], [ -105.395972222222213, 38.609861111111115 ], [ -105.395972222222213, 38.610138888888891 ], [ -105.39625, 38.610138888888891 ], [ -105.39625, 38.610416666666673 ], [ -105.396527777777777, 38.610416666666673 ], [ -105.396527777777777, 38.610972222222223 ], [ -105.396805555555545, 38.610972222222223 ], [ -105.396805555555545, 38.61125 ], [ -105.39736111111111, 38.61125 ], [ -105.39736111111111, 38.611527777777781 ], [ -105.39875, 38.611527777777781 ], [ -105.39875, 38.61125 ], [ -105.399583333333325, 38.61125 ], [ -105.399583333333325, 38.611527777777781 ], [ -105.399861111111107, 38.611527777777781 ], [ -105.399861111111107, 38.612916666666671 ], [ -105.400138888888875, 38.612916666666671 ], [ -105.400138888888875, 38.613472222222228 ], [ -105.400416666666658, 38.613472222222228 ], [ -105.400416666666658, 38.614861111111118 ], [ -105.40069444444444, 38.614861111111118 ], [ -105.40069444444444, 38.615138888888893 ], [ -105.400972222222208, 38.615138888888893 ], [ -105.400972222222208, 38.615694444444451 ], [ -105.40125, 38.615694444444451 ], [ -105.40125, 38.615972222222226 ], [ -105.401527777777773, 38.615972222222226 ], [ -105.401527777777773, 38.61625 ], [ -105.401805555555555, 38.61625 ], [ -105.401805555555555, 38.616527777777783 ], [ -105.402083333333323, 38.616527777777783 ], [ -105.402083333333323, 38.617083333333341 ], [ -105.401805555555555, 38.617083333333341 ], [ -105.401805555555555, 38.618194444444448 ], [ -105.402361111111105, 38.618194444444448 ], [ -105.402361111111105, 38.618472222222223 ], [ -105.404861111111103, 38.618472222222223 ], [ -105.404861111111103, 38.61875 ], [ -105.405972222222218, 38.61875 ], [ -105.405972222222218, 38.620138888888896 ], [ -105.40625, 38.620138888888896 ], [ -105.40625, 38.620972222222228 ], [ -105.406527777777768, 38.620972222222228 ], [ -105.406527777777768, 38.62125 ], [ -105.40680555555555, 38.62125 ], [ -105.40680555555555, 38.621527777777779 ], [ -105.407083333333333, 38.621527777777779 ], [ -105.407083333333333, 38.621805555555561 ], [ -105.406527777777768, 38.621805555555561 ], [ -105.406527777777768, 38.622083333333336 ], [ -105.40625, 38.622083333333336 ], [ -105.40625, 38.622638888888893 ], [ -105.405972222222218, 38.622638888888893 ], [ -105.405972222222218, 38.622916666666669 ], [ -105.404305555555553, 38.622916666666669 ], [ -105.404305555555553, 38.623194444444451 ], [ -105.403194444444438, 38.623194444444451 ], [ -105.403194444444438, 38.624583333333334 ], [ -105.40347222222222, 38.624583333333334 ], [ -105.40347222222222, 38.624861111111116 ], [ -105.403194444444438, 38.624861111111116 ], [ -105.403194444444438, 38.625972222222224 ], [ -105.402916666666655, 38.625972222222224 ], [ -105.402916666666655, 38.62625 ], [ -105.402638888888887, 38.62625 ], [ -105.402638888888887, 38.626527777777781 ], [ -105.401805555555555, 38.626527777777781 ], [ -105.401805555555555, 38.626805555555556 ], [ -105.401527777777773, 38.626805555555556 ], [ -105.401527777777773, 38.627916666666671 ], [ -105.40125, 38.627916666666671 ], [ -105.40125, 38.628194444444446 ], [ -105.400972222222208, 38.628194444444446 ], [ -105.400972222222208, 38.628472222222229 ], [ -105.40069444444444, 38.628472222222229 ], [ -105.40069444444444, 38.62875 ], [ -105.400416666666658, 38.62875 ], [ -105.400416666666658, 38.629027777777779 ], [ -105.399861111111107, 38.629027777777779 ], [ -105.399861111111107, 38.629583333333336 ], [ -105.399305555555543, 38.629583333333336 ], [ -105.399305555555543, 38.629861111111111 ], [ -105.399583333333325, 38.629861111111111 ], [ -105.399583333333325, 38.630138888888894 ], [ -105.399861111111107, 38.630138888888894 ], [ -105.399861111111107, 38.630416666666669 ], [ -105.400138888888875, 38.630416666666669 ], [ -105.400138888888875, 38.630694444444451 ], [ -105.400416666666658, 38.630694444444451 ], [ -105.400416666666658, 38.630972222222226 ], [ -105.40069444444444, 38.630972222222226 ], [ -105.40069444444444, 38.63125 ], [ -105.401805555555555, 38.63125 ], [ -105.401805555555555, 38.631527777777784 ], [ -105.402638888888887, 38.631527777777784 ], [ -105.402638888888887, 38.631805555555559 ], [ -105.402916666666655, 38.631805555555559 ], [ -105.402916666666655, 38.632916666666674 ], [ -105.40347222222222, 38.632916666666674 ], [ -105.40347222222222, 38.633194444444449 ], [ -105.40375, 38.633194444444449 ], [ -105.40375, 38.633472222222224 ], [ -105.40402777777777, 38.633472222222224 ], [ -105.40402777777777, 38.63375 ], [ -105.404305555555553, 38.63375 ], [ -105.404305555555553, 38.634027777777781 ], [ -105.404583333333321, 38.634027777777781 ], [ -105.404583333333321, 38.634305555555557 ], [ -105.404861111111103, 38.634305555555557 ], [ -105.404861111111103, 38.634583333333339 ], [ -105.406527777777768, 38.634583333333339 ], [ -105.406527777777768, 38.634861111111114 ], [ -105.407083333333333, 38.634861111111114 ], [ -105.407083333333333, 38.635416666666671 ], [ -105.407361111111101, 38.635416666666671 ], [ -105.407361111111101, 38.635694444444447 ], [ -105.407638888888883, 38.635694444444447 ], [ -105.407638888888883, 38.635972222222229 ], [ -105.408472222222215, 38.635972222222229 ], [ -105.408472222222215, 38.63625 ], [ -105.409027777777766, 38.63625 ], [ -105.409027777777766, 38.636527777777779 ], [ -105.409305555555548, 38.636527777777779 ], [ -105.409305555555548, 38.636805555555561 ], [ -105.40958333333333, 38.636805555555561 ], [ -105.40958333333333, 38.637083333333337 ], [ -105.409861111111098, 38.637083333333337 ], [ -105.409861111111098, 38.637361111111112 ], [ -105.410416666666663, 38.637361111111112 ], [ -105.410416666666663, 38.637638888888894 ], [ -105.410972222222213, 38.637638888888894 ], [ -105.410972222222213, 38.637916666666669 ], [ -105.411527777777764, 38.637916666666669 ], [ -105.411527777777764, 38.638194444444451 ], [ -105.411805555555546, 38.638194444444451 ], [ -105.411805555555546, 38.638472222222227 ], [ -105.412083333333328, 38.638472222222227 ], [ -105.412083333333328, 38.63875 ], [ -105.41236111111111, 38.63875 ], [ -105.41236111111111, 38.639027777777784 ], [ -105.412638888888878, 38.639027777777784 ], [ -105.412638888888878, 38.639305555555559 ], [ -105.412916666666661, 38.639305555555559 ], [ -105.412916666666661, 38.639583333333334 ], [ -105.413194444444443, 38.639583333333334 ], [ -105.413194444444443, 38.639861111111117 ], [ -105.41375, 38.639861111111117 ], [ -105.41375, 38.640138888888892 ], [ -105.414027777777775, 38.640138888888892 ], [ -105.414027777777775, 38.640416666666667 ], [ -105.414305555555543, 38.640416666666667 ], [ -105.414305555555543, 38.640694444444449 ], [ -105.414583333333326, 38.640694444444449 ], [ -105.414583333333326, 38.64125 ], [ -105.414861111111108, 38.64125 ], [ -105.414861111111108, 38.641527777777782 ], [ -105.415138888888876, 38.641527777777782 ], [ -105.415138888888876, 38.641805555555557 ], [ -105.415694444444441, 38.641805555555557 ], [ -105.415694444444441, 38.642083333333339 ], [ -105.416805555555541, 38.642083333333339 ], [ -105.416805555555541, 38.642361111111114 ], [ -105.419027777777771, 38.642361111111114 ], [ -105.419027777777771, 38.642638888888889 ], [ -105.419861111111103, 38.642638888888889 ], [ -105.419861111111103, 38.642916666666672 ], [ -105.420138888888886, 38.642916666666672 ], [ -105.420138888888886, 38.643194444444447 ], [ -105.420416666666654, 38.643194444444447 ], [ -105.420416666666654, 38.643472222222229 ], [ -105.420694444444436, 38.643472222222229 ], [ -105.420694444444436, 38.644861111111112 ], [ -105.420972222222218, 38.644861111111112 ], [ -105.420972222222218, 38.645138888888894 ], [ -105.42125, 38.645138888888894 ], [ -105.42125, 38.645416666666669 ], [ -105.421805555555551, 38.645416666666669 ], [ -105.421805555555551, 38.645694444444452 ], [ -105.422361111111101, 38.645694444444452 ], [ -105.422361111111101, 38.645972222222227 ], [ -105.423194444444434, 38.645972222222227 ], [ -105.423194444444434, 38.64625 ], [ -105.42375, 38.64625 ], [ -105.42375, 38.646527777777784 ], [ -105.424861111111099, 38.646527777777784 ], [ -105.424861111111099, 38.646805555555559 ], [ -105.425416666666663, 38.646805555555559 ], [ -105.425416666666663, 38.647083333333335 ], [ -105.425694444444431, 38.647083333333335 ], [ -105.425694444444431, 38.647361111111117 ], [ -105.426527777777764, 38.647361111111117 ], [ -105.426527777777764, 38.647638888888892 ], [ -105.426805555555546, 38.647638888888892 ], [ -105.426805555555546, 38.648194444444449 ], [ -105.427083333333329, 38.648194444444449 ], [ -105.427083333333329, 38.648472222222225 ], [ -105.427361111111097, 38.648472222222225 ], [ -105.427361111111097, 38.64875 ], [ -105.427638888888879, 38.64875 ], [ -105.427638888888879, 38.649027777777782 ], [ -105.427916666666661, 38.649027777777782 ], [ -105.427916666666661, 38.649305555555557 ], [ -105.428194444444443, 38.649305555555557 ], [ -105.428194444444443, 38.649583333333339 ], [ -105.427916666666661, 38.649583333333339 ], [ -105.427916666666661, 38.649861111111115 ], [ -105.427638888888879, 38.649861111111115 ], [ -105.427638888888879, 38.65013888888889 ], [ -105.427361111111097, 38.65013888888889 ], [ -105.427361111111097, 38.650694444444447 ], [ -105.427638888888879, 38.650694444444447 ], [ -105.427638888888879, 38.650972222222229 ], [ -105.427916666666661, 38.650972222222229 ], [ -105.427916666666661, 38.65125 ], [ -105.428194444444443, 38.65125 ], [ -105.428194444444443, 38.65152777777778 ], [ -105.428472222222211, 38.65152777777778 ], [ -105.428472222222211, 38.651805555555562 ], [ -105.429027777777776, 38.651805555555562 ], [ -105.429027777777776, 38.652083333333337 ], [ -105.430972222222209, 38.652083333333337 ], [ -105.430972222222209, 38.652361111111112 ], [ -105.431805555555542, 38.652361111111112 ], [ -105.431805555555542, 38.652638888888895 ], [ -105.43375, 38.652638888888895 ], [ -105.43375, 38.65291666666667 ], [ -105.434305555555554, 38.65291666666667 ], [ -105.434305555555554, 38.653194444444445 ], [ -105.434861111111104, 38.653194444444445 ], [ -105.434861111111104, 38.653472222222227 ], [ -105.435416666666654, 38.653472222222227 ], [ -105.435416666666654, 38.65375 ], [ -105.43875, 38.65375 ], [ -105.43875, 38.654027777777785 ], [ -105.439305555555549, 38.654027777777785 ], [ -105.439305555555549, 38.65430555555556 ], [ -105.439583333333331, 38.65430555555556 ], [ -105.439583333333331, 38.654583333333335 ], [ -105.439861111111099, 38.654583333333335 ], [ -105.439861111111099, 38.654861111111117 ], [ -105.440416666666664, 38.654861111111117 ], [ -105.440416666666664, 38.655138888888892 ], [ -105.441805555555547, 38.655138888888892 ], [ -105.441805555555547, 38.65569444444445 ], [ -105.442361111111097, 38.65569444444445 ], [ -105.442361111111097, 38.655972222222225 ], [ -105.442916666666662, 38.655972222222225 ], [ -105.442916666666662, 38.65625 ], [ -105.44319444444443, 38.65625 ], [ -105.44319444444443, 38.656527777777782 ], [ -105.443472222222212, 38.656527777777782 ], [ -105.443472222222212, 38.656805555555557 ], [ -105.44375, 38.656805555555557 ], [ -105.44375, 38.659861111111113 ], [ -105.444027777777777, 38.659861111111113 ], [ -105.444027777777777, 38.660972222222227 ], [ -105.444861111111109, 38.660972222222227 ], [ -105.444861111111109, 38.66125 ], [ -105.447361111111107, 38.66125 ], [ -105.447361111111107, 38.661527777777785 ], [ -105.447916666666657, 38.661527777777785 ], [ -105.447916666666657, 38.66180555555556 ], [ -105.44875, 38.66180555555556 ], [ -105.44875, 38.662083333333335 ], [ -105.45152777777777, 38.662083333333335 ], [ -105.45152777777777, 38.66180555555556 ], [ -105.451805555555552, 38.66180555555556 ], [ -105.451805555555552, 38.661527777777785 ], [ -105.452638888888885, 38.661527777777785 ], [ -105.452638888888885, 38.66180555555556 ], [ -105.453472222222217, 38.66180555555556 ], [ -105.453472222222217, 38.662083333333335 ], [ -105.45375, 38.662083333333335 ], [ -105.45375, 38.662361111111117 ], [ -105.454027777777767, 38.662361111111117 ], [ -105.454027777777767, 38.662638888888893 ], [ -105.45430555555555, 38.662638888888893 ], [ -105.45430555555555, 38.662916666666668 ], [ -105.4548611111111, 38.662916666666668 ], [ -105.4548611111111, 38.66319444444445 ], [ -105.455416666666665, 38.66319444444445 ], [ -105.455416666666665, 38.663472222222225 ], [ -105.456805555555547, 38.663472222222225 ], [ -105.456805555555547, 38.66375 ], [ -105.45819444444443, 38.66375 ], [ -105.45819444444443, 38.664027777777783 ], [ -105.458472222222213, 38.664027777777783 ], [ -105.458472222222213, 38.664305555555558 ], [ -105.45875, 38.664305555555558 ], [ -105.45875, 38.664861111111115 ], [ -105.459027777777777, 38.664861111111115 ], [ -105.459027777777777, 38.665694444444448 ], [ -105.45875, 38.665694444444448 ], [ -105.45875, 38.667083333333338 ], [ -105.458472222222213, 38.667083333333338 ], [ -105.458472222222213, 38.66791666666667 ], [ -105.45819444444443, 38.66791666666667 ], [ -105.45819444444443, 38.669861111111118 ], [ -105.457916666666662, 38.669861111111118 ], [ -105.457916666666662, 38.670138888888893 ], [ -105.458472222222213, 38.670138888888893 ], [ -105.458472222222213, 38.670416666666668 ], [ -105.459305555555545, 38.670416666666668 ], [ -105.459305555555545, 38.67069444444445 ], [ -105.45986111111111, 38.67069444444445 ], [ -105.45986111111111, 38.670972222222225 ], [ -105.46125, 38.670972222222225 ], [ -105.46125, 38.67125 ], [ -105.462916666666658, 38.67125 ], [ -105.462916666666658, 38.671527777777783 ], [ -105.464027777777773, 38.671527777777783 ], [ -105.464027777777773, 38.671805555555558 ], [ -105.464861111111105, 38.671805555555558 ], [ -105.464861111111105, 38.67208333333334 ], [ -105.464583333333323, 38.67208333333334 ], [ -105.464583333333323, 38.672638888888891 ], [ -105.464861111111105, 38.672638888888891 ], [ -105.464861111111105, 38.67375 ], [ -105.464583333333323, 38.67375 ], [ -105.464583333333323, 38.676805555555561 ], [ -105.464861111111105, 38.676805555555561 ], [ -105.464861111111105, 38.677638888888893 ], [ -105.465138888888887, 38.677638888888893 ], [ -105.465138888888887, 38.678194444444451 ], [ -105.465416666666655, 38.678194444444451 ], [ -105.465416666666655, 38.67875 ], [ -105.464861111111105, 38.67875 ], [ -105.464861111111105, 38.679027777777783 ], [ -105.462638888888875, 38.679027777777783 ], [ -105.462638888888875, 38.679305555555558 ], [ -105.462361111111107, 38.679305555555558 ], [ -105.462361111111107, 38.679027777777783 ], [ -105.462083333333325, 38.679027777777783 ], [ -105.462083333333325, 38.679305555555558 ], [ -105.461805555555543, 38.679305555555558 ], [ -105.461805555555543, 38.679861111111116 ], [ -105.461527777777775, 38.679861111111116 ], [ -105.461527777777775, 38.680138888888891 ], [ -105.46097222222221, 38.680138888888891 ], [ -105.46097222222221, 38.680694444444448 ], [ -105.460694444444442, 38.680694444444448 ], [ -105.460694444444442, 38.680972222222223 ], [ -105.46041666666666, 38.680972222222223 ], [ -105.46041666666666, 38.68125 ], [ -105.460694444444442, 38.68125 ], [ -105.460694444444442, 38.681527777777781 ], [ -105.46097222222221, 38.681527777777781 ], [ -105.46097222222221, 38.681805555555556 ], [ -105.46125, 38.681805555555556 ], [ -105.46125, 38.682361111111113 ], [ -105.461527777777775, 38.682361111111113 ], [ -105.461527777777775, 38.682638888888896 ], [ -105.461805555555543, 38.682638888888896 ], [ -105.461805555555543, 38.68375 ], [ -105.462083333333325, 38.68375 ], [ -105.462083333333325, 38.684027777777779 ], [ -105.462361111111107, 38.684027777777779 ], [ -105.462361111111107, 38.684305555555561 ], [ -105.462638888888875, 38.684305555555561 ], [ -105.462638888888875, 38.684583333333336 ], [ -105.462916666666658, 38.684583333333336 ], [ -105.462916666666658, 38.685416666666669 ], [ -105.46319444444444, 38.685416666666669 ], [ -105.46319444444444, 38.685694444444451 ], [ -105.463472222222208, 38.685694444444451 ], [ -105.463472222222208, 38.685972222222226 ], [ -105.46375, 38.685972222222226 ], [ -105.46375, 38.68625 ], [ -105.464583333333323, 38.68625 ], [ -105.464583333333323, 38.686527777777783 ], [ -105.464861111111105, 38.686527777777783 ], [ -105.464861111111105, 38.687083333333334 ], [ -105.465138888888887, 38.687083333333334 ], [ -105.465138888888887, 38.688194444444449 ], [ -105.464861111111105, 38.688194444444449 ], [ -105.464861111111105, 38.689583333333339 ], [ -105.465138888888887, 38.689583333333339 ], [ -105.465138888888887, 38.690138888888896 ], [ -105.465416666666655, 38.690138888888896 ], [ -105.465416666666655, 38.690694444444446 ], [ -105.465694444444438, 38.690694444444446 ], [ -105.465694444444438, 38.69125 ], [ -105.46597222222222, 38.69125 ], [ -105.46597222222222, 38.692083333333336 ], [ -105.46625, 38.692083333333336 ], [ -105.46625, 38.69375 ], [ -105.46597222222222, 38.69375 ], [ -105.46597222222222, 38.694305555555559 ], [ -105.46625, 38.694305555555559 ], [ -105.46625, 38.694583333333334 ], [ -105.46652777777777, 38.694583333333334 ], [ -105.46652777777777, 38.694861111111116 ], [ -105.466805555555553, 38.694861111111116 ], [ -105.466805555555553, 38.695138888888891 ], [ -105.46625, 38.695138888888891 ], [ -105.46625, 38.695416666666674 ], [ -105.465694444444438, 38.695416666666674 ], [ -105.465694444444438, 38.695694444444449 ], [ -105.465138888888887, 38.695694444444449 ], [ -105.465138888888887, 38.695972222222224 ], [ -105.464861111111105, 38.695972222222224 ], [ -105.464861111111105, 38.69625 ], [ -105.464583333333323, 38.69625 ], [ -105.464583333333323, 38.696527777777781 ], [ -105.463472222222208, 38.696527777777781 ], [ -105.463472222222208, 38.696805555555557 ], [ -105.462916666666658, 38.696805555555557 ], [ -105.462916666666658, 38.696527777777781 ], [ -105.462638888888875, 38.696527777777781 ], [ -105.462638888888875, 38.697638888888889 ], [ -105.462916666666658, 38.697638888888889 ], [ -105.462916666666658, 38.698194444444447 ], [ -105.46125, 38.698194444444447 ], [ -105.46125, 38.698472222222229 ], [ -105.46097222222221, 38.698472222222229 ], [ -105.46097222222221, 38.69875 ], [ -105.46041666666666, 38.69875 ], [ -105.46041666666666, 38.699027777777779 ], [ -105.459583333333327, 38.699027777777779 ], [ -105.459583333333327, 38.699305555555561 ], [ -105.458472222222213, 38.699305555555561 ], [ -105.458472222222213, 38.699583333333337 ], [ -105.457361111111098, 38.699583333333337 ], [ -105.457361111111098, 38.699861111111112 ], [ -105.45708333333333, 38.699861111111112 ], [ -105.45708333333333, 38.700138888888894 ], [ -105.456805555555547, 38.700138888888894 ], [ -105.456805555555547, 38.700416666666669 ], [ -105.45625, 38.700416666666669 ], [ -105.45625, 38.700694444444451 ], [ -105.455694444444433, 38.700694444444451 ], [ -105.455694444444433, 38.700972222222227 ], [ -105.455138888888882, 38.700972222222227 ], [ -105.455138888888882, 38.70125 ], [ -105.454583333333332, 38.70125 ], [ -105.454583333333332, 38.701805555555559 ], [ -105.45430555555555, 38.701805555555559 ], [ -105.45430555555555, 38.702916666666667 ], [ -105.454027777777767, 38.702916666666667 ], [ -105.454027777777767, 38.70375 ], [ -105.45375, 38.70375 ], [ -105.45375, 38.704027777777782 ], [ -105.453472222222217, 38.704027777777782 ], [ -105.453472222222217, 38.705138888888889 ], [ -105.453194444444435, 38.705138888888889 ], [ -105.453194444444435, 38.705416666666672 ], [ -105.452916666666653, 38.705416666666672 ], [ -105.452916666666653, 38.70625 ], [ -105.453194444444435, 38.70625 ], [ -105.453194444444435, 38.706527777777779 ], [ -105.453472222222217, 38.706527777777779 ], [ -105.453472222222217, 38.707083333333337 ], [ -105.45375, 38.707083333333337 ], [ -105.45375, 38.707638888888894 ], [ -105.454027777777767, 38.707638888888894 ], [ -105.454027777777767, 38.708194444444452 ], [ -105.45430555555555, 38.708194444444452 ], [ -105.45430555555555, 38.708472222222227 ], [ -105.454583333333332, 38.708472222222227 ], [ -105.454583333333332, 38.709027777777784 ], [ -105.4548611111111, 38.709027777777784 ], [ -105.4548611111111, 38.709305555555559 ], [ -105.455138888888882, 38.709305555555559 ], [ -105.455138888888882, 38.709583333333335 ], [ -105.455694444444433, 38.709583333333335 ], [ -105.455694444444433, 38.709861111111117 ], [ -105.455972222222215, 38.709861111111117 ], [ -105.455972222222215, 38.710138888888892 ], [ -105.45625, 38.710138888888892 ], [ -105.45625, 38.710416666666667 ], [ -105.45708333333333, 38.710416666666667 ], [ -105.45708333333333, 38.710694444444449 ], [ -105.457361111111098, 38.710694444444449 ], [ -105.457361111111098, 38.710972222222225 ], [ -105.45763888888888, 38.710972222222225 ], [ -105.45763888888888, 38.71125 ], [ -105.457916666666662, 38.71125 ], [ -105.457916666666662, 38.711527777777782 ], [ -105.458472222222213, 38.711527777777782 ], [ -105.458472222222213, 38.711805555555557 ], [ -105.45875, 38.711805555555557 ], [ -105.45875, 38.712083333333339 ], [ -105.460138888888878, 38.712083333333339 ], [ -105.460138888888878, 38.712361111111115 ], [ -105.46041666666666, 38.712361111111115 ], [ -105.46041666666666, 38.71263888888889 ], [ -105.460694444444442, 38.71263888888889 ], [ -105.460694444444442, 38.713194444444447 ], [ -105.46097222222221, 38.713194444444447 ], [ -105.46097222222221, 38.713472222222229 ], [ -105.460694444444442, 38.713472222222229 ], [ -105.460694444444442, 38.714583333333337 ], [ -105.46041666666666, 38.714583333333337 ], [ -105.46041666666666, 38.714861111111112 ], [ -105.460694444444442, 38.714861111111112 ], [ -105.460694444444442, 38.715138888888895 ], [ -105.459305555555545, 38.715138888888895 ], [ -105.459305555555545, 38.715694444444445 ], [ -105.459027777777777, 38.715694444444445 ], [ -105.459027777777777, 38.717638888888892 ], [ -105.458472222222213, 38.717638888888892 ], [ -105.458472222222213, 38.717916666666667 ], [ -105.45819444444443, 38.717916666666667 ], [ -105.45819444444443, 38.71819444444445 ], [ -105.457916666666662, 38.71819444444445 ], [ -105.457916666666662, 38.718472222222225 ], [ -105.45763888888888, 38.718472222222225 ], [ -105.45763888888888, 38.71875 ], [ -105.457361111111098, 38.71875 ], [ -105.457361111111098, 38.719027777777782 ], [ -105.45708333333333, 38.719027777777782 ], [ -105.45708333333333, 38.719305555555557 ], [ -105.459027777777777, 38.719305555555557 ], [ -105.459027777777777, 38.71958333333334 ], [ -105.46097222222221, 38.71958333333334 ], [ -105.46097222222221, 38.719861111111115 ], [ -105.46319444444444, 38.719861111111115 ], [ -105.46319444444444, 38.719305555555557 ], [ -105.46375, 38.719305555555557 ], [ -105.46375, 38.719027777777782 ], [ -105.464305555555555, 38.719027777777782 ], [ -105.464305555555555, 38.719305555555557 ], [ -105.465138888888887, 38.719305555555557 ], [ -105.465138888888887, 38.718472222222225 ], [ -105.465416666666655, 38.718472222222225 ], [ -105.465416666666655, 38.71819444444445 ], [ -105.465694444444438, 38.71819444444445 ], [ -105.465694444444438, 38.717916666666667 ], [ -105.46597222222222, 38.717916666666667 ], [ -105.46597222222222, 38.717638888888892 ], [ -105.46625, 38.717638888888892 ], [ -105.46625, 38.717361111111117 ], [ -105.46652777777777, 38.717361111111117 ], [ -105.46652777777777, 38.717083333333335 ], [ -105.466805555555553, 38.717083333333335 ], [ -105.466805555555553, 38.71680555555556 ], [ -105.467638888888885, 38.71680555555556 ], [ -105.467638888888885, 38.716527777777785 ], [ -105.468472222222218, 38.716527777777785 ], [ -105.468472222222218, 38.71625 ], [ -105.46875, 38.71625 ], [ -105.46875, 38.715972222222227 ], [ -105.46930555555555, 38.715972222222227 ], [ -105.46930555555555, 38.71541666666667 ], [ -105.469583333333333, 38.71541666666667 ], [ -105.469583333333333, 38.715138888888895 ], [ -105.470416666666665, 38.715138888888895 ], [ -105.470416666666665, 38.714861111111112 ], [ -105.470694444444433, 38.714861111111112 ], [ -105.470694444444433, 38.714583333333337 ], [ -105.470972222222215, 38.714583333333337 ], [ -105.470972222222215, 38.714305555555562 ], [ -105.471527777777766, 38.714305555555562 ], [ -105.471527777777766, 38.71402777777778 ], [ -105.471805555555548, 38.71402777777778 ], [ -105.471805555555548, 38.71375 ], [ -105.472916666666663, 38.71375 ], [ -105.472916666666663, 38.713194444444447 ], [ -105.473194444444431, 38.713194444444447 ], [ -105.473194444444431, 38.712916666666672 ], [ -105.473472222222213, 38.712916666666672 ], [ -105.473472222222213, 38.71263888888889 ], [ -105.47375, 38.71263888888889 ], [ -105.47375, 38.712361111111115 ], [ -105.474027777777764, 38.712361111111115 ], [ -105.474027777777764, 38.711527777777782 ], [ -105.474305555555546, 38.711527777777782 ], [ -105.474305555555546, 38.71125 ], [ -105.474583333333328, 38.71125 ], [ -105.474583333333328, 38.710972222222225 ], [ -105.47486111111111, 38.710972222222225 ], [ -105.47486111111111, 38.710694444444449 ], [ -105.475138888888878, 38.710694444444449 ], [ -105.475138888888878, 38.710138888888892 ], [ -105.475416666666661, 38.710138888888892 ], [ -105.475416666666661, 38.709861111111117 ], [ -105.47625, 38.709861111111117 ], [ -105.47625, 38.709583333333335 ], [ -105.476805555555543, 38.709583333333335 ], [ -105.476805555555543, 38.709027777777784 ], [ -105.477083333333326, 38.709027777777784 ], [ -105.477083333333326, 38.70875 ], [ -105.477361111111108, 38.70875 ], [ -105.477361111111108, 38.708472222222227 ], [ -105.477638888888876, 38.708472222222227 ], [ -105.477638888888876, 38.708194444444452 ], [ -105.478194444444441, 38.708194444444452 ], [ -105.478194444444441, 38.709027777777784 ], [ -105.478472222222209, 38.709027777777784 ], [ -105.478472222222209, 38.709305555555559 ], [ -105.47875, 38.709305555555559 ], [ -105.47875, 38.710138888888892 ], [ -105.479027777777773, 38.710138888888892 ], [ -105.479027777777773, 38.710416666666667 ], [ -105.479305555555541, 38.710416666666667 ], [ -105.479305555555541, 38.710694444444449 ], [ -105.480416666666656, 38.710694444444449 ], [ -105.480416666666656, 38.710972222222225 ], [ -105.480694444444438, 38.710972222222225 ], [ -105.480694444444438, 38.71125 ], [ -105.480972222222221, 38.71125 ], [ -105.480972222222221, 38.711527777777782 ], [ -105.48125, 38.711527777777782 ], [ -105.48125, 38.711805555555557 ], [ -105.481527777777771, 38.711805555555557 ], [ -105.481527777777771, 38.712083333333339 ], [ -105.481805555555553, 38.712083333333339 ], [ -105.481805555555553, 38.712361111111115 ], [ -105.482361111111103, 38.712361111111115 ], [ -105.482361111111103, 38.71263888888889 ], [ -105.482638888888886, 38.71263888888889 ], [ -105.482638888888886, 38.712916666666672 ], [ -105.483194444444436, 38.712916666666672 ], [ -105.483194444444436, 38.713194444444447 ], [ -105.48375, 38.713194444444447 ], [ -105.48375, 38.713472222222229 ], [ -105.484027777777769, 38.713472222222229 ], [ -105.484027777777769, 38.71541666666667 ], [ -105.484305555555551, 38.71541666666667 ], [ -105.484305555555551, 38.71625 ], [ -105.484583333333319, 38.71625 ], [ -105.484583333333319, 38.71680555555556 ], [ -105.484861111111101, 38.71680555555556 ], [ -105.484861111111101, 38.717638888888892 ], [ -105.485138888888883, 38.717638888888892 ], [ -105.485138888888883, 38.71875 ], [ -105.485416666666666, 38.71875 ], [ -105.485416666666666, 38.71958333333334 ], [ -105.485694444444434, 38.71958333333334 ], [ -105.485694444444434, 38.719861111111115 ], [ -105.494027777777774, 38.719861111111115 ], [ -105.494027777777774, 38.71958333333334 ], [ -105.494305555555542, 38.71958333333334 ], [ -105.494305555555542, 38.719305555555557 ], [ -105.494583333333324, 38.719305555555557 ], [ -105.494583333333324, 38.719027777777782 ], [ -105.494861111111106, 38.719027777777782 ], [ -105.494861111111106, 38.71875 ], [ -105.495138888888874, 38.71875 ], [ -105.495138888888874, 38.718472222222225 ], [ -105.495416666666657, 38.718472222222225 ], [ -105.495416666666657, 38.71819444444445 ], [ -105.495694444444439, 38.71819444444445 ], [ -105.495694444444439, 38.717916666666667 ], [ -105.495972222222221, 38.717916666666667 ], [ -105.495972222222221, 38.717638888888892 ], [ -105.498194444444437, 38.717638888888892 ], [ -105.498194444444437, 38.717916666666667 ], [ -105.49875, 38.717916666666667 ], [ -105.49875, 38.71819444444445 ], [ -105.499861111111102, 38.71819444444445 ], [ -105.499861111111102, 38.718472222222225 ], [ -105.500972222222217, 38.718472222222225 ], [ -105.500972222222217, 38.71875 ], [ -105.501527777777767, 38.71875 ], [ -105.501527777777767, 38.719027777777782 ], [ -105.501805555555549, 38.719027777777782 ], [ -105.501805555555549, 38.719305555555557 ], [ -105.502638888888882, 38.719305555555557 ], [ -105.502638888888882, 38.719027777777782 ], [ -105.503194444444432, 38.719027777777782 ], [ -105.503194444444432, 38.716527777777785 ], [ -105.503472222222214, 38.716527777777785 ], [ -105.503472222222214, 38.71625 ], [ -105.505416666666662, 38.71625 ], [ -105.505416666666662, 38.716527777777785 ], [ -105.505972222222212, 38.716527777777785 ], [ -105.505972222222212, 38.71680555555556 ], [ -105.506527777777777, 38.71680555555556 ], [ -105.506527777777777, 38.717083333333335 ], [ -105.507361111111109, 38.717083333333335 ], [ -105.507361111111109, 38.717361111111117 ], [ -105.50847222222221, 38.717361111111117 ], [ -105.50847222222221, 38.717638888888892 ], [ -105.509027777777774, 38.717638888888892 ], [ -105.509027777777774, 38.717916666666667 ], [ -105.509583333333325, 38.717916666666667 ], [ -105.509583333333325, 38.71819444444445 ], [ -105.509861111111107, 38.71819444444445 ], [ -105.509861111111107, 38.718472222222225 ], [ -105.510138888888875, 38.718472222222225 ], [ -105.510138888888875, 38.71875 ], [ -105.510416666666657, 38.71875 ], [ -105.510416666666657, 38.719027777777782 ], [ -105.51375, 38.719027777777782 ], [ -105.51375, 38.71958333333334 ], [ -105.51402777777777, 38.71958333333334 ], [ -105.51402777777777, 38.719861111111115 ], [ -105.51875, 38.719861111111115 ], [ -105.51875, 38.71958333333334 ], [ -105.519027777777765, 38.71958333333334 ], [ -105.519027777777765, 38.719305555555557 ], [ -105.519305555555547, 38.719305555555557 ], [ -105.519305555555547, 38.719027777777782 ], [ -105.519861111111098, 38.719027777777782 ], [ -105.519861111111098, 38.719305555555557 ], [ -105.522083333333327, 38.719305555555557 ], [ -105.522083333333327, 38.719027777777782 ], [ -105.52236111111111, 38.719027777777782 ], [ -105.52236111111111, 38.71875 ], [ -105.522638888888878, 38.71875 ], [ -105.522638888888878, 38.718472222222225 ], [ -105.524027777777775, 38.718472222222225 ], [ -105.524027777777775, 38.71819444444445 ], [ -105.524861111111107, 38.71819444444445 ], [ -105.524861111111107, 38.717916666666667 ], [ -105.525138888888875, 38.717916666666667 ], [ -105.525138888888875, 38.717638888888892 ], [ -105.525416666666658, 38.717638888888892 ], [ -105.525416666666658, 38.717361111111117 ], [ -105.52569444444444, 38.717361111111117 ], [ -105.52569444444444, 38.717083333333335 ], [ -105.52875, 38.717083333333335 ], [ -105.52875, 38.71680555555556 ], [ -105.530416666666653, 38.71680555555556 ], [ -105.530416666666653, 38.716527777777785 ], [ -105.531527777777768, 38.716527777777785 ], [ -105.531527777777768, 38.71625 ], [ -105.532083333333333, 38.71625 ], [ -105.532083333333333, 38.715972222222227 ], [ -105.533472222222215, 38.715972222222227 ], [ -105.533472222222215, 38.71625 ], [ -105.534305555555548, 38.71625 ], [ -105.534305555555548, 38.715972222222227 ], [ -105.53458333333333, 38.715972222222227 ], [ -105.53458333333333, 38.715694444444445 ], [ -105.534861111111098, 38.715694444444445 ], [ -105.534861111111098, 38.71541666666667 ], [ -105.535138888888881, 38.71541666666667 ], [ -105.535138888888881, 38.715138888888895 ], [ -105.535416666666663, 38.715138888888895 ], [ -105.535416666666663, 38.714861111111112 ], [ -105.535694444444431, 38.714861111111112 ], [ -105.535694444444431, 38.714583333333337 ], [ -105.535972222222213, 38.714583333333337 ], [ -105.535972222222213, 38.714305555555562 ], [ -105.536527777777764, 38.714305555555562 ], [ -105.536527777777764, 38.71402777777778 ], [ -105.537083333333328, 38.71402777777778 ], [ -105.537083333333328, 38.71375 ], [ -105.537638888888878, 38.71375 ], [ -105.537638888888878, 38.71402777777778 ], [ -105.53875, 38.71402777777778 ], [ -105.53875, 38.71375 ], [ -105.540694444444441, 38.71375 ], [ -105.540694444444441, 38.71402777777778 ], [ -105.542083333333323, 38.71402777777778 ], [ -105.542083333333323, 38.71375 ], [ -105.54375, 38.71375 ], [ -105.54375, 38.713472222222229 ], [ -105.546805555555551, 38.713472222222229 ], [ -105.546805555555551, 38.71375 ], [ -105.548194444444434, 38.71375 ], [ -105.548194444444434, 38.713472222222229 ], [ -105.548472222222216, 38.713472222222229 ], [ -105.548472222222216, 38.71375 ], [ -105.550138888888881, 38.71375 ], [ -105.550138888888881, 38.713472222222229 ], [ -105.550416666666663, 38.713472222222229 ], [ -105.550416666666663, 38.713194444444447 ], [ -105.552916666666661, 38.713194444444447 ], [ -105.552916666666661, 38.713472222222229 ], [ -105.553194444444443, 38.713472222222229 ], [ -105.553194444444443, 38.71375 ], [ -105.55375, 38.71375 ], [ -105.55375, 38.71402777777778 ], [ -105.554305555555544, 38.71402777777778 ], [ -105.554305555555544, 38.714305555555562 ], [ -105.555138888888877, 38.714305555555562 ], [ -105.555138888888877, 38.714583333333337 ], [ -105.555416666666659, 38.714583333333337 ], [ -105.555416666666659, 38.714861111111112 ], [ -105.555694444444441, 38.714861111111112 ], [ -105.555694444444441, 38.715138888888895 ], [ -105.555972222222209, 38.715138888888895 ], [ -105.555972222222209, 38.71541666666667 ], [ -105.55625, 38.71541666666667 ], [ -105.55625, 38.715694444444445 ], [ -105.556527777777774, 38.715694444444445 ], [ -105.556527777777774, 38.715972222222227 ], [ -105.556805555555542, 38.715972222222227 ], [ -105.556805555555542, 38.71625 ], [ -105.557083333333324, 38.71625 ], [ -105.557083333333324, 38.716527777777785 ], [ -105.558194444444439, 38.716527777777785 ], [ -105.558194444444439, 38.71625 ], [ -105.55875, 38.71625 ], [ -105.55875, 38.715972222222227 ], [ -105.559027777777771, 38.715972222222227 ], [ -105.559027777777771, 38.715694444444445 ], [ -105.559305555555554, 38.715694444444445 ], [ -105.559305555555554, 38.71541666666667 ], [ -105.559861111111104, 38.71541666666667 ], [ -105.559861111111104, 38.715138888888895 ], [ -105.560138888888886, 38.715138888888895 ], [ -105.560138888888886, 38.714861111111112 ], [ -105.561527777777769, 38.714861111111112 ], [ -105.561527777777769, 38.714583333333337 ], [ -105.561805555555551, 38.714583333333337 ], [ -105.561805555555551, 38.714861111111112 ], [ -105.562361111111102, 38.714861111111112 ], [ -105.562361111111102, 38.715138888888895 ], [ -105.562638888888884, 38.715138888888895 ], [ -105.562638888888884, 38.71541666666667 ], [ -105.562916666666652, 38.71541666666667 ], [ -105.562916666666652, 38.715694444444445 ], [ -105.564027777777767, 38.715694444444445 ], [ -105.564027777777767, 38.715972222222227 ], [ -105.564861111111099, 38.715972222222227 ], [ -105.564861111111099, 38.71625 ], [ -105.565416666666664, 38.71625 ], [ -105.565416666666664, 38.716527777777785 ], [ -105.565694444444432, 38.716527777777785 ], [ -105.565694444444432, 38.71680555555556 ], [ -105.566805555555547, 38.71680555555556 ], [ -105.566805555555547, 38.717083333333335 ], [ -105.567083333333329, 38.717083333333335 ], [ -105.567083333333329, 38.718472222222225 ], [ -105.567638888888879, 38.718472222222225 ], [ -105.567638888888879, 38.71875 ], [ -105.56875, 38.71875 ], [ -105.56875, 38.719027777777782 ], [ -105.570138888888877, 38.719027777777782 ], [ -105.570138888888877, 38.717916666666667 ], [ -105.570416666666659, 38.717916666666667 ], [ -105.570416666666659, 38.717361111111117 ], [ -105.570694444444442, 38.717361111111117 ], [ -105.570694444444442, 38.717083333333335 ], [ -105.57097222222221, 38.717083333333335 ], [ -105.57097222222221, 38.71680555555556 ], [ -105.57125, 38.71680555555556 ], [ -105.57125, 38.716527777777785 ], [ -105.571527777777774, 38.716527777777785 ], [ -105.571527777777774, 38.71625 ], [ -105.571805555555542, 38.71625 ], [ -105.571805555555542, 38.71541666666667 ], [ -105.572361111111107, 38.71541666666667 ], [ -105.572361111111107, 38.715138888888895 ], [ -105.572638888888875, 38.715138888888895 ], [ -105.572638888888875, 38.714305555555562 ], [ -105.572916666666657, 38.714305555555562 ], [ -105.572916666666657, 38.71402777777778 ], [ -105.573194444444439, 38.71402777777778 ], [ -105.573194444444439, 38.71375 ], [ -105.574583333333322, 38.71375 ], [ -105.574583333333322, 38.713472222222229 ], [ -105.574861111111105, 38.713472222222229 ], [ -105.574861111111105, 38.713194444444447 ], [ -105.575972222222219, 38.713194444444447 ], [ -105.575972222222219, 38.712916666666672 ], [ -105.57625, 38.712916666666672 ], [ -105.57625, 38.71263888888889 ], [ -105.579027777777767, 38.71263888888889 ], [ -105.579027777777767, 38.712361111111115 ], [ -105.57930555555555, 38.712361111111115 ], [ -105.57930555555555, 38.712083333333339 ], [ -105.579583333333332, 38.712083333333339 ], [ -105.579583333333332, 38.711805555555557 ], [ -105.5798611111111, 38.711805555555557 ], [ -105.5798611111111, 38.711527777777782 ], [ -105.580138888888882, 38.711527777777782 ], [ -105.580138888888882, 38.71125 ], [ -105.580972222222215, 38.71125 ], [ -105.580972222222215, 38.711527777777782 ], [ -105.58125, 38.711527777777782 ], [ -105.58125, 38.711805555555557 ], [ -105.581527777777765, 38.711805555555557 ], [ -105.581527777777765, 38.712083333333339 ], [ -105.581805555555547, 38.712083333333339 ], [ -105.581805555555547, 38.712361111111115 ], [ -105.582916666666662, 38.712361111111115 ], [ -105.582916666666662, 38.71263888888889 ], [ -105.58375, 38.71263888888889 ], [ -105.58375, 38.712916666666672 ], [ -105.584027777777777, 38.712916666666672 ], [ -105.584027777777777, 38.713194444444447 ], [ -105.584583333333327, 38.713194444444447 ], [ -105.584583333333327, 38.713472222222229 ], [ -105.58486111111111, 38.713472222222229 ], [ -105.58486111111111, 38.71375 ], [ -105.585138888888878, 38.71375 ], [ -105.585138888888878, 38.71402777777778 ], [ -105.58541666666666, 38.71402777777778 ], [ -105.58541666666666, 38.714305555555562 ], [ -105.585694444444442, 38.714305555555562 ], [ -105.585694444444442, 38.714583333333337 ], [ -105.58625, 38.714583333333337 ], [ -105.58625, 38.714861111111112 ], [ -105.586527777777775, 38.714861111111112 ], [ -105.586527777777775, 38.715138888888895 ], [ -105.586805555555543, 38.715138888888895 ], [ -105.586805555555543, 38.71541666666667 ], [ -105.587083333333325, 38.71541666666667 ], [ -105.587083333333325, 38.715694444444445 ], [ -105.587361111111107, 38.715694444444445 ], [ -105.587361111111107, 38.715972222222227 ], [ -105.590138888888887, 38.715972222222227 ], [ -105.590138888888887, 38.71625 ], [ -105.59125, 38.71625 ], [ -105.59125, 38.716527777777785 ], [ -105.592083333333321, 38.716527777777785 ], [ -105.592083333333321, 38.71680555555556 ], [ -105.592638888888885, 38.71680555555556 ], [ -105.592638888888885, 38.717083333333335 ], [ -105.59430555555555, 38.717083333333335 ], [ -105.59430555555555, 38.71680555555556 ], [ -105.594861111111101, 38.71680555555556 ], [ -105.594861111111101, 38.716527777777785 ], [ -105.596805555555548, 38.716527777777785 ], [ -105.596805555555548, 38.71680555555556 ], [ -105.597361111111098, 38.71680555555556 ], [ -105.597361111111098, 38.717083333333335 ], [ -105.597916666666663, 38.717083333333335 ], [ -105.597916666666663, 38.717361111111117 ], [ -105.598194444444431, 38.717361111111117 ], [ -105.598194444444431, 38.717638888888892 ], [ -105.598472222222213, 38.717638888888892 ], [ -105.598472222222213, 38.717916666666667 ], [ -105.59875, 38.717916666666667 ], [ -105.59875, 38.71819444444445 ], [ -105.599027777777764, 38.71819444444445 ], [ -105.599027777777764, 38.718472222222225 ], [ -105.601527777777775, 38.718472222222225 ], [ -105.601527777777775, 38.71819444444445 ], [ -105.601805555555543, 38.71819444444445 ], [ -105.601805555555543, 38.717916666666667 ], [ -105.602916666666658, 38.717916666666667 ], [ -105.602916666666658, 38.717638888888892 ], [ -105.604305555555541, 38.717638888888892 ], [ -105.604305555555541, 38.717916666666667 ], [ -105.60625, 38.717916666666667 ], [ -105.60625, 38.71819444444445 ], [ -105.606527777777771, 38.71819444444445 ], [ -105.606527777777771, 38.717916666666667 ], [ -105.609027777777769, 38.717916666666667 ], [ -105.609027777777769, 38.71819444444445 ], [ -105.609305555555551, 38.71819444444445 ], [ -105.609305555555551, 38.717916666666667 ], [ -105.609861111111101, 38.717916666666667 ], [ -105.609861111111101, 38.717638888888892 ], [ -105.610416666666666, 38.717638888888892 ], [ -105.610416666666666, 38.717361111111117 ], [ -105.61125, 38.717361111111117 ], [ -105.61125, 38.717083333333335 ], [ -105.611805555555549, 38.717083333333335 ], [ -105.611805555555549, 38.71680555555556 ], [ -105.612361111111099, 38.71680555555556 ], [ -105.612361111111099, 38.716527777777785 ], [ -105.612916666666663, 38.716527777777785 ], [ -105.612916666666663, 38.71625 ], [ -105.613472222222214, 38.71625 ], [ -105.613472222222214, 38.715972222222227 ], [ -105.614027777777764, 38.715972222222227 ], [ -105.614027777777764, 38.71625 ], [ -105.614305555555546, 38.71625 ], [ -105.614305555555546, 38.716527777777785 ], [ -105.614583333333329, 38.716527777777785 ], [ -105.614583333333329, 38.71680555555556 ], [ -105.614861111111097, 38.71680555555556 ], [ -105.614861111111097, 38.717083333333335 ], [ -105.615416666666661, 38.717083333333335 ], [ -105.615416666666661, 38.717361111111117 ], [ -105.615694444444443, 38.717361111111117 ], [ -105.615694444444443, 38.717638888888892 ], [ -105.61625, 38.717638888888892 ], [ -105.61625, 38.717916666666667 ], [ -105.616527777777776, 38.717916666666667 ], [ -105.616527777777776, 38.71819444444445 ], [ -105.617916666666659, 38.71819444444445 ], [ -105.617916666666659, 38.717916666666667 ], [ -105.619027777777774, 38.717916666666667 ], [ -105.619027777777774, 38.717638888888892 ], [ -105.619305555555542, 38.717638888888892 ], [ -105.619305555555542, 38.717916666666667 ], [ -105.619583333333324, 38.717916666666667 ], [ -105.619583333333324, 38.71819444444445 ], [ -105.62125, 38.71819444444445 ], [ -105.62125, 38.719305555555557 ], [ -105.621527777777771, 38.719305555555557 ], [ -105.621527777777771, 38.719861111111115 ], [ -105.62458333333332, 38.719861111111115 ], [ -105.62458333333332, 38.719305555555557 ], [ -105.624861111111102, 38.719305555555557 ], [ -105.624861111111102, 38.719027777777782 ], [ -105.625138888888884, 38.719027777777782 ], [ -105.625138888888884, 38.71875 ], [ -105.626527777777767, 38.71875 ], [ -105.626527777777767, 38.719027777777782 ], [ -105.627916666666664, 38.719027777777782 ], [ -105.627916666666664, 38.71875 ], [ -105.628194444444432, 38.71875 ], [ -105.628194444444432, 38.718472222222225 ], [ -105.62875, 38.718472222222225 ], [ -105.62875, 38.71819444444445 ], [ -105.629027777777765, 38.71819444444445 ], [ -105.629027777777765, 38.717638888888892 ], [ -105.629583333333329, 38.717638888888892 ], [ -105.629583333333329, 38.717361111111117 ], [ -105.630416666666662, 38.717361111111117 ], [ -105.630416666666662, 38.717638888888892 ], [ -105.63125, 38.717638888888892 ], [ -105.63125, 38.717083333333335 ], [ -105.631527777777777, 38.717083333333335 ], [ -105.631527777777777, 38.71680555555556 ], [ -105.632083333333327, 38.71680555555556 ], [ -105.632083333333327, 38.716527777777785 ], [ -105.632361111111109, 38.716527777777785 ], [ -105.632361111111109, 38.71625 ], [ -105.632638888888877, 38.71625 ], [ -105.632638888888877, 38.715972222222227 ], [ -105.632916666666659, 38.715972222222227 ], [ -105.632916666666659, 38.715694444444445 ], [ -105.63347222222221, 38.715694444444445 ], [ -105.63347222222221, 38.715972222222227 ], [ -105.63375, 38.715972222222227 ], [ -105.63375, 38.715694444444445 ], [ -105.634583333333325, 38.715694444444445 ], [ -105.634583333333325, 38.715972222222227 ], [ -105.635138888888875, 38.715972222222227 ], [ -105.635138888888875, 38.71625 ], [ -105.635416666666657, 38.71625 ], [ -105.635416666666657, 38.71680555555556 ], [ -105.635972222222208, 38.71680555555556 ], [ -105.635972222222208, 38.717083333333335 ], [ -105.636527777777772, 38.717083333333335 ], [ -105.636527777777772, 38.717361111111117 ], [ -105.636805555555554, 38.717361111111117 ], [ -105.636805555555554, 38.717638888888892 ], [ -105.637083333333322, 38.717638888888892 ], [ -105.637083333333322, 38.717916666666667 ], [ -105.637361111111105, 38.717916666666667 ], [ -105.637361111111105, 38.718472222222225 ], [ -105.637916666666655, 38.718472222222225 ], [ -105.637916666666655, 38.71875 ], [ -105.63902777777777, 38.71875 ], [ -105.63902777777777, 38.719027777777782 ], [ -105.639305555555552, 38.719027777777782 ], [ -105.639305555555552, 38.719305555555557 ], [ -105.63958333333332, 38.719305555555557 ], [ -105.63958333333332, 38.71958333333334 ], [ -105.64180555555555, 38.71958333333334 ], [ -105.64180555555555, 38.719861111111115 ], [ -105.650138888888875, 38.719861111111115 ], [ -105.650138888888875, 38.71958333333334 ], [ -105.650972222222208, 38.71958333333334 ], [ -105.650972222222208, 38.717638888888892 ], [ -105.65125, 38.717638888888892 ], [ -105.65125, 38.717361111111117 ], [ -105.652916666666655, 38.717361111111117 ], [ -105.652916666666655, 38.717638888888892 ], [ -105.653194444444438, 38.717638888888892 ], [ -105.653194444444438, 38.717916666666667 ], [ -105.65347222222222, 38.717916666666667 ], [ -105.65347222222222, 38.71819444444445 ], [ -105.65375, 38.71819444444445 ], [ -105.65375, 38.718472222222225 ], [ -105.654861111111103, 38.718472222222225 ], [ -105.654861111111103, 38.71819444444445 ], [ -105.655138888888885, 38.71819444444445 ], [ -105.655138888888885, 38.718472222222225 ], [ -105.658472222222215, 38.718472222222225 ], [ -105.658472222222215, 38.71819444444445 ], [ -105.65875, 38.71819444444445 ], [ -105.65875, 38.717361111111117 ], [ -105.659305555555548, 38.717361111111117 ], [ -105.659305555555548, 38.717083333333335 ], [ -105.660416666666663, 38.717083333333335 ], [ -105.660416666666663, 38.71680555555556 ], [ -105.660694444444431, 38.71680555555556 ], [ -105.660694444444431, 38.717083333333335 ], [ -105.661527777777764, 38.717083333333335 ], [ -105.661527777777764, 38.717361111111117 ], [ -105.66236111111111, 38.717361111111117 ], [ -105.66236111111111, 38.717638888888892 ], [ -105.663472222222211, 38.717638888888892 ], [ -105.663472222222211, 38.717916666666667 ], [ -105.664027777777775, 38.717916666666667 ], [ -105.664027777777775, 38.71819444444445 ], [ -105.664861111111108, 38.71819444444445 ], [ -105.664861111111108, 38.718472222222225 ], [ -105.665138888888876, 38.718472222222225 ], [ -105.665138888888876, 38.71875 ], [ -105.665694444444441, 38.71875 ], [ -105.665694444444441, 38.719305555555557 ], [ -105.665972222222209, 38.719305555555557 ], [ -105.665972222222209, 38.719027777777782 ], [ -105.66625, 38.719027777777782 ], [ -105.66625, 38.71875 ], [ -105.666805555555541, 38.71875 ], [ -105.666805555555541, 38.718472222222225 ], [ -105.667361111111106, 38.718472222222225 ], [ -105.667361111111106, 38.71819444444445 ], [ -105.668194444444438, 38.71819444444445 ], [ -105.668194444444438, 38.717916666666667 ], [ -105.669027777777771, 38.717916666666667 ], [ -105.669027777777771, 38.71819444444445 ], [ -105.670138888888886, 38.71819444444445 ], [ -105.670138888888886, 38.718472222222225 ], [ -105.672638888888883, 38.718472222222225 ], [ -105.672638888888883, 38.71875 ], [ -105.673472222222216, 38.71875 ], [ -105.673472222222216, 38.719027777777782 ], [ -105.674027777777766, 38.719027777777782 ], [ -105.674027777777766, 38.719305555555557 ], [ -105.674305555555549, 38.719305555555557 ], [ -105.674305555555549, 38.71958333333334 ], [ -105.675694444444431, 38.71958333333334 ], [ -105.675694444444431, 38.719861111111115 ], [ -105.679027777777776, 38.719861111111115 ], [ -105.679027777777776, 38.71958333333334 ], [ -105.679305555555544, 38.71958333333334 ], [ -105.679305555555544, 38.719305555555557 ], [ -105.680416666666659, 38.719305555555557 ], [ -105.680416666666659, 38.71958333333334 ], [ -105.680972222222209, 38.71958333333334 ], [ -105.680972222222209, 38.719861111111115 ], [ -105.683472222222221, 38.719861111111115 ], [ -105.683472222222221, 38.71958333333334 ], [ -105.684583333333322, 38.71958333333334 ], [ -105.684583333333322, 38.719305555555557 ], [ -105.685138888888886, 38.719305555555557 ], [ -105.685138888888886, 38.719027777777782 ], [ -105.685416666666654, 38.719027777777782 ], [ -105.685416666666654, 38.71875 ], [ -105.686527777777769, 38.71875 ], [ -105.686527777777769, 38.718472222222225 ], [ -105.688194444444434, 38.718472222222225 ], [ -105.688194444444434, 38.71875 ], [ -105.689027777777767, 38.71875 ], [ -105.689027777777767, 38.718472222222225 ], [ -105.691805555555547, 38.718472222222225 ], [ -105.691805555555547, 38.71819444444445 ], [ -105.692361111111097, 38.71819444444445 ], [ -105.692361111111097, 38.717916666666667 ], [ -105.69319444444443, 38.717916666666667 ], [ -105.69319444444443, 38.717638888888892 ], [ -105.694861111111109, 38.717638888888892 ], [ -105.694861111111109, 38.717361111111117 ], [ -105.69597222222221, 38.717361111111117 ], [ -105.69597222222221, 38.717083333333335 ], [ -105.697083333333325, 38.717083333333335 ], [ -105.697083333333325, 38.71680555555556 ], [ -105.697361111111107, 38.71680555555556 ], [ -105.697361111111107, 38.716527777777785 ], [ -105.697638888888875, 38.716527777777785 ], [ -105.697638888888875, 38.71625 ], [ -105.699027777777772, 38.71625 ], [ -105.699027777777772, 38.715972222222227 ], [ -105.699305555555554, 38.715972222222227 ], [ -105.699305555555554, 38.715694444444445 ], [ -105.699861111111105, 38.715694444444445 ], [ -105.699861111111105, 38.71541666666667 ], [ -105.700694444444437, 38.71541666666667 ], [ -105.700694444444437, 38.715138888888895 ], [ -105.70125, 38.715138888888895 ], [ -105.70125, 38.714861111111112 ], [ -105.701805555555552, 38.714861111111112 ], [ -105.701805555555552, 38.714583333333337 ], [ -105.702638888888885, 38.714583333333337 ], [ -105.702638888888885, 38.71402777777778 ], [ -105.702916666666653, 38.71402777777778 ], [ -105.702916666666653, 38.71375 ], [ -105.703194444444435, 38.71375 ], [ -105.703194444444435, 38.713472222222229 ], [ -105.703472222222217, 38.713472222222229 ], [ -105.703472222222217, 38.713194444444447 ], [ -105.70375, 38.713194444444447 ], [ -105.70375, 38.712916666666672 ], [ -105.704027777777767, 38.712916666666672 ], [ -105.704027777777767, 38.71263888888889 ], [ -105.70708333333333, 38.71263888888889 ], [ -105.70708333333333, 38.712361111111115 ], [ -105.707916666666662, 38.712361111111115 ], [ -105.707916666666662, 38.710972222222225 ], [ -105.70819444444443, 38.710972222222225 ], [ -105.70819444444443, 38.710694444444449 ], [ -105.708472222222213, 38.710694444444449 ], [ -105.708472222222213, 38.710416666666667 ], [ -105.70875, 38.710416666666667 ], [ -105.70875, 38.710138888888892 ], [ -105.709027777777777, 38.710138888888892 ], [ -105.709027777777777, 38.709861111111117 ], [ -105.709305555555545, 38.709861111111117 ], [ -105.709305555555545, 38.709583333333335 ], [ -105.709583333333327, 38.709583333333335 ], [ -105.709583333333327, 38.709305555555559 ], [ -105.70986111111111, 38.709305555555559 ], [ -105.70986111111111, 38.709583333333335 ], [ -105.710138888888878, 38.709583333333335 ], [ -105.710138888888878, 38.709305555555559 ], [ -105.71097222222221, 38.709305555555559 ], [ -105.71097222222221, 38.709027777777784 ], [ -105.71125, 38.709027777777784 ], [ -105.71125, 38.70875 ], [ -105.711527777777775, 38.70875 ], [ -105.711527777777775, 38.708472222222227 ], [ -105.712083333333325, 38.708472222222227 ], [ -105.712083333333325, 38.708194444444452 ], [ -105.712916666666658, 38.708194444444452 ], [ -105.712916666666658, 38.707916666666669 ], [ -105.71319444444444, 38.707916666666669 ], [ -105.71319444444444, 38.707638888888894 ], [ -105.715416666666655, 38.707638888888894 ], [ -105.715416666666655, 38.707361111111112 ], [ -105.717083333333321, 38.707361111111112 ], [ -105.717083333333321, 38.707083333333337 ], [ -105.717638888888885, 38.707083333333337 ], [ -105.717638888888885, 38.707361111111112 ], [ -105.717916666666653, 38.707361111111112 ], [ -105.717916666666653, 38.707083333333337 ], [ -105.71930555555555, 38.707083333333337 ], [ -105.71930555555555, 38.706805555555562 ], [ -105.720694444444433, 38.706805555555562 ], [ -105.720694444444433, 38.706527777777779 ], [ -105.72125, 38.706527777777779 ], [ -105.72125, 38.706805555555562 ], [ -105.721527777777766, 38.706805555555562 ], [ -105.721527777777766, 38.707083333333337 ], [ -105.72208333333333, 38.707083333333337 ], [ -105.72208333333333, 38.707361111111112 ], [ -105.722361111111098, 38.707361111111112 ], [ -105.722361111111098, 38.707638888888894 ], [ -105.722916666666663, 38.707638888888894 ], [ -105.722916666666663, 38.707916666666669 ], [ -105.723472222222213, 38.707916666666669 ], [ -105.723472222222213, 38.708194444444452 ], [ -105.72375, 38.708194444444452 ], [ -105.72375, 38.708472222222227 ], [ -105.724305555555546, 38.708472222222227 ], [ -105.724305555555546, 38.70875 ], [ -105.724583333333328, 38.70875 ], [ -105.724583333333328, 38.709027777777784 ], [ -105.72486111111111, 38.709027777777784 ], [ -105.72486111111111, 38.709583333333335 ], [ -105.725138888888878, 38.709583333333335 ], [ -105.725138888888878, 38.709861111111117 ], [ -105.725694444444443, 38.709861111111117 ], [ -105.725694444444443, 38.710416666666667 ], [ -105.725972222222211, 38.710416666666667 ], [ -105.725972222222211, 38.710694444444449 ], [ -105.72625, 38.710694444444449 ], [ -105.72625, 38.71125 ], [ -105.726527777777775, 38.71125 ], [ -105.726527777777775, 38.711527777777782 ], [ -105.726805555555543, 38.711527777777782 ], [ -105.726805555555543, 38.711805555555557 ], [ -105.727361111111108, 38.711805555555557 ], [ -105.727361111111108, 38.712083333333339 ], [ -105.727638888888876, 38.712083333333339 ], [ -105.727638888888876, 38.712361111111115 ], [ -105.727916666666658, 38.712361111111115 ], [ -105.727916666666658, 38.71263888888889 ], [ -105.728194444444441, 38.71263888888889 ], [ -105.728194444444441, 38.71375 ], [ -105.728472222222209, 38.71375 ], [ -105.728472222222209, 38.714305555555562 ], [ -105.72875, 38.714305555555562 ], [ -105.72875, 38.715138888888895 ], [ -105.729027777777773, 38.715138888888895 ], [ -105.729027777777773, 38.715694444444445 ], [ -105.729305555555541, 38.715694444444445 ], [ -105.729305555555541, 38.715972222222227 ], [ -105.729583333333323, 38.715972222222227 ], [ -105.729583333333323, 38.71625 ], [ -105.729861111111106, 38.71625 ], [ -105.729861111111106, 38.716527777777785 ], [ -105.730138888888888, 38.716527777777785 ], [ -105.730138888888888, 38.71680555555556 ], [ -105.730416666666656, 38.71680555555556 ], [ -105.730416666666656, 38.717083333333335 ], [ -105.730694444444438, 38.717083333333335 ], [ -105.730694444444438, 38.717638888888892 ], [ -105.730972222222221, 38.717638888888892 ], [ -105.730972222222221, 38.717916666666667 ], [ -105.731805555555553, 38.717916666666667 ], [ -105.731805555555553, 38.71819444444445 ], [ -105.732638888888886, 38.71819444444445 ], [ -105.732638888888886, 38.718472222222225 ], [ -105.733472222222218, 38.718472222222225 ], [ -105.733472222222218, 38.71875 ], [ -105.734027777777769, 38.71875 ], [ -105.734027777777769, 38.719027777777782 ], [ -105.734861111111101, 38.719027777777782 ], [ -105.734861111111101, 38.719305555555557 ], [ -105.735694444444434, 38.719305555555557 ], [ -105.735694444444434, 38.719027777777782 ], [ -105.737083333333331, 38.719027777777782 ], [ -105.737083333333331, 38.71875 ], [ -105.740972222222211, 38.71875 ], [ -105.740972222222211, 38.719027777777782 ], [ -105.741805555555544, 38.719027777777782 ], [ -105.741805555555544, 38.719305555555557 ], [ -105.742083333333326, 38.719305555555557 ], [ -105.742083333333326, 38.71958333333334 ], [ -105.742638888888877, 38.71958333333334 ], [ -105.742638888888877, 38.719861111111115 ], [ -105.750694444444434, 38.719861111111115 ], [ -105.750694444444434, 38.71958333333334 ], [ -105.75125, 38.71958333333334 ], [ -105.75125, 38.719305555555557 ], [ -105.751527777777767, 38.719305555555557 ], [ -105.751527777777767, 38.719027777777782 ], [ -105.752361111111099, 38.719027777777782 ], [ -105.752361111111099, 38.71875 ], [ -105.753194444444432, 38.71875 ], [ -105.753194444444432, 38.718472222222225 ], [ -105.754583333333329, 38.718472222222225 ], [ -105.754583333333329, 38.71819444444445 ], [ -105.75625, 38.71819444444445 ], [ -105.75625, 38.717916666666667 ], [ -105.757638888888877, 38.717916666666667 ], [ -105.757638888888877, 38.717638888888892 ], [ -105.758194444444442, 38.717638888888892 ], [ -105.758194444444442, 38.717361111111117 ], [ -105.759305555555542, 38.717361111111117 ], [ -105.759305555555542, 38.717083333333335 ], [ -105.760694444444439, 38.717083333333335 ], [ -105.760694444444439, 38.71680555555556 ], [ -105.761805555555554, 38.71680555555556 ], [ -105.761805555555554, 38.716527777777785 ], [ -105.762916666666655, 38.716527777777785 ], [ -105.762916666666655, 38.71625 ], [ -105.76402777777777, 38.71625 ], [ -105.76402777777777, 38.715972222222227 ], [ -105.765138888888885, 38.715972222222227 ], [ -105.765138888888885, 38.715694444444445 ], [ -105.766527777777767, 38.715694444444445 ], [ -105.766527777777767, 38.71541666666667 ], [ -105.772638888888878, 38.71541666666667 ], [ -105.772638888888878, 38.715138888888895 ], [ -105.776805555555555, 38.715138888888895 ], [ -105.776805555555555, 38.714861111111112 ], [ -105.779305555555553, 38.714861111111112 ], [ -105.779305555555553, 38.714583333333337 ], [ -105.781527777777768, 38.714583333333337 ], [ -105.781527777777768, 38.714305555555562 ], [ -105.782083333333333, 38.714305555555562 ], [ -105.782083333333333, 38.714583333333337 ], [ -105.784027777777766, 38.714583333333337 ], [ -105.784027777777766, 38.714861111111112 ], [ -105.785138888888881, 38.714861111111112 ], [ -105.785138888888881, 38.715138888888895 ], [ -105.78625, 38.715138888888895 ], [ -105.78625, 38.71541666666667 ], [ -105.786805555555546, 38.71541666666667 ], [ -105.786805555555546, 38.715694444444445 ], [ -105.78736111111111, 38.715694444444445 ], [ -105.78736111111111, 38.715972222222227 ], [ -105.787916666666661, 38.715972222222227 ], [ -105.787916666666661, 38.71625 ], [ -105.789861111111108, 38.71625 ], [ -105.789861111111108, 38.716527777777785 ], [ -105.790138888888876, 38.716527777777785 ], [ -105.790138888888876, 38.71680555555556 ], [ -105.790972222222209, 38.71680555555556 ], [ -105.790972222222209, 38.717083333333335 ], [ -105.79125, 38.717083333333335 ], [ -105.79125, 38.717361111111117 ], [ -105.791527777777773, 38.717361111111117 ], [ -105.791527777777773, 38.717638888888892 ], [ -105.791805555555541, 38.717638888888892 ], [ -105.791805555555541, 38.717916666666667 ], [ -105.794027777777771, 38.717916666666667 ], [ -105.794027777777771, 38.71819444444445 ], [ -105.794583333333321, 38.71819444444445 ], [ -105.794583333333321, 38.718472222222225 ], [ -105.795694444444436, 38.718472222222225 ], [ -105.795694444444436, 38.71875 ], [ -105.798472222222216, 38.71875 ], [ -105.798472222222216, 38.718472222222225 ], [ -105.79875, 38.718472222222225 ], [ -105.79875, 38.71875 ], [ -105.800416666666663, 38.71875 ], [ -105.800416666666663, 38.719027777777782 ], [ -105.80125, 38.719027777777782 ], [ -105.80125, 38.719305555555557 ], [ -105.801527777777764, 38.719305555555557 ], [ -105.801527777777764, 38.719861111111115 ], [ -105.811805555555551, 38.719861111111115 ], [ -105.811805555555551, 38.71958333333334 ], [ -105.812638888888884, 38.71958333333334 ], [ -105.812638888888884, 38.719305555555557 ], [ -105.813472222222217, 38.719305555555557 ], [ -105.813472222222217, 38.719027777777782 ], [ -105.814861111111099, 38.719027777777782 ], [ -105.814861111111099, 38.71875 ], [ -105.816805555555547, 38.71875 ], [ -105.816805555555547, 38.718472222222225 ], [ -105.817638888888879, 38.718472222222225 ], [ -105.817638888888879, 38.71819444444445 ], [ -105.819027777777777, 38.71819444444445 ], [ -105.819027777777777, 38.717916666666667 ], [ -105.82125, 38.717916666666667 ], [ -105.82125, 38.717638888888892 ], [ -105.822361111111107, 38.717638888888892 ], [ -105.822361111111107, 38.717361111111117 ], [ -105.822916666666657, 38.717361111111117 ], [ -105.822916666666657, 38.717638888888892 ], [ -105.823194444444439, 38.717638888888892 ], [ -105.823194444444439, 38.717916666666667 ], [ -105.823472222222208, 38.717916666666667 ], [ -105.823472222222208, 38.71819444444445 ], [ -105.82375, 38.71819444444445 ], [ -105.82375, 38.718472222222225 ], [ -105.824027777777772, 38.718472222222225 ], [ -105.824027777777772, 38.71875 ], [ -105.825416666666655, 38.71875 ], [ -105.825416666666655, 38.719027777777782 ], [ -105.825694444444437, 38.719027777777782 ], [ -105.825694444444437, 38.719305555555557 ], [ -105.825972222222219, 38.719305555555557 ], [ -105.825972222222219, 38.71958333333334 ], [ -105.82625, 38.71958333333334 ], [ -105.82625, 38.719861111111115 ], [ -105.840416666666655, 38.719861111111115 ], [ -105.840416666666655, 38.719305555555557 ], [ -105.840694444444438, 38.719305555555557 ], [ -105.840694444444438, 38.719027777777782 ], [ -105.84097222222222, 38.719027777777782 ], [ -105.84097222222222, 38.719305555555557 ], [ -105.84152777777777, 38.719305555555557 ], [ -105.84152777777777, 38.71958333333334 ], [ -105.842083333333321, 38.71958333333334 ], [ -105.842083333333321, 38.719861111111115 ], [ -105.847638888888881, 38.719861111111115 ], [ -105.847638888888881, 38.71958333333334 ], [ -105.847916666666663, 38.71958333333334 ], [ -105.847916666666663, 38.719861111111115 ], [ -105.861527777777766, 38.719861111111115 ], [ -105.861527777777766, 38.71958333333334 ], [ -105.862083333333331, 38.71958333333334 ], [ -105.862083333333331, 38.719861111111115 ], [ -105.867638888888877, 38.719861111111115 ], [ -105.867638888888877, 38.71958333333334 ], [ -105.867916666666659, 38.71958333333334 ], [ -105.867916666666659, 38.719861111111115 ], [ -105.874027777777769, 38.719861111111115 ], [ -105.874027777777769, 38.719305555555557 ], [ -105.874305555555551, 38.719305555555557 ], [ -105.874305555555551, 38.71875 ], [ -105.87458333333332, 38.71875 ], [ -105.87458333333332, 38.719027777777782 ], [ -105.875138888888884, 38.719027777777782 ], [ -105.875138888888884, 38.719305555555557 ], [ -105.875694444444434, 38.719305555555557 ], [ -105.875694444444434, 38.71958333333334 ], [ -105.877083333333331, 38.71958333333334 ], [ -105.877083333333331, 38.719861111111115 ], [ -105.89625, 38.719861111111115 ], [ -105.89625, 38.71958333333334 ], [ -105.897638888888878, 38.71958333333334 ], [ -105.897638888888878, 38.719861111111115 ], [ -105.899861111111107, 38.719861111111115 ] ], [ [ -105.467083333333321, 38.695416666666674 ], [ -105.466805555555553, 38.695416666666674 ], [ -105.466805555555553, 38.695138888888891 ], [ -105.467083333333321, 38.695138888888891 ], [ -105.467083333333321, 38.695416666666674 ] ], [ [ -105.34152777777777, 38.482638888888893 ], [ -105.340416666666655, 38.482638888888893 ], [ -105.340416666666655, 38.48180555555556 ], [ -105.34125, 38.48180555555556 ], [ -105.34125, 38.482361111111118 ], [ -105.34152777777777, 38.482361111111118 ], [ -105.34152777777777, 38.482638888888893 ] ], [ [ -105.673194444444434, 38.159305555555562 ], [ -105.672916666666666, 38.159305555555562 ], [ -105.672916666666666, 38.15902777777778 ], [ -105.673194444444434, 38.15902777777778 ], [ -105.673194444444434, 38.159305555555562 ] ] ] } }
]
}
