{
"type": "FeatureCollection",
"name": "mrds_id_batholith",
"crs": { "type": "name", "properties": { "name": "urn:ogc:def:crs:OGC:1.3:CRS84" } },
"features": [
{ "type": "Feature", "properties": { "dep_id": "10009294", "site_name": "Chamberlain Basin", "dev_stat": "Occurrence", "code_list": " AU ", "target_commodity": "Gold", "lon": -115.25096, "lat": 45.36655 }, "geometry": { "type": "Point", "coordinates": [ -115.25096, 45.36655 ] } },
{ "type": "Feature", "properties": { "dep_id": "10010271", "site_name": "Larrigon Mine", "dev_stat": "Producer", "code_list": " AU ", "target_commodity": "Gold", "lon": -114.18065, "lat": 45.61655 }, "geometry": { "type": "Point", "coordinates": [ -114.18065, 45.61655 ] } },
{ "type": "Feature", "properties": { "dep_id": "10011554", "site_name": "Growler Gold Prospect", "dev_stat": "Occurrence", "code_list": " AU PB ", "target_commodity": "Gold", "lon": -114.26483, "lat": 45.29769 }, "geometry": { "type": "Point", "coordinates": [ -114.26483, 45.29769 ] } },
{ "type": "Feature", "properties": { "dep_id": "10011561", "site_name": "Red Mountain Mine", "dev_stat": "Occurrence", "code_list": " AU ", "target_commodity": "Gold", "lon": -115.46816, "lat": 45.00268 }, "geometry": { "type": "Point", "coordinates": [ -115.46816, 45.00268 ] } },
{ "type": "Feature", "properties": { "dep_id": "10011567", "site_name": "Marygold #1-#8", "dev_stat": "Prospect", "code_list": " W AU ", "target_commodity": "Gold", "lon": -115.93929, "lat": 45.45097 }, "geometry": { "type": "Point", "coordinates": [ -115.93929, 45.45097 ] } },
{ "type": "Feature", "properties": { "dep_id": "10022946", "site_name": "Big Bend Nos 1 and 2", "dev_stat": "Occurrence", "code_list": " AU ", "target_commodity": "Gold", "lon": -115.71764, "lat": 44.86654 }, "geometry": { "type": "Point", "coordinates": [ -115.71764, 44.86654 ] } },
{ "type": "Feature", "properties": { "dep_id": "10022950", "site_name": "Mac Placer Nos 1 and 2", "dev_stat": "Occurrence", "code_list": " AU ", "target_commodity": "Gold", "lon": -115.12015, "lat": 45.06708 }, "geometry": { "type": "Point", "coordinates": [ -115.12015, 45.06708 ] } },
{ "type": "Feature", "properties": { "dep_id": "10022953", "site_name": "Freddy", "dev_stat": "Occurrence", "code_list": " AU ", "target_commodity": "Gold", "lon": -115.31763, "lat": 45.13321 }, "geometry": { "type": "Point", "coordinates": [ -115.31763, 45.13321 ] } },
{ "type": "Feature", "properties": { "dep_id": "10022954", "site_name": "Copper Camp Group", "dev_stat": "Occurrence", "code_list": " AU ", "target_commodity": "Gold", "lon": -115.21763, "lat": 45.18321 }, "geometry": { "type": "Point", "coordinates": [ -115.21763, 45.18321 ] } },
{ "type": "Feature", "properties": { "dep_id": "10022955", "site_name": "Green Jacket No. 6", "dev_stat": "Occurrence", "code_list": " AU ", "target_commodity": "Gold", "lon": -115.13429, "lat": 45.11655 }, "geometry": { "type": "Point", "coordinates": [ -115.13429, 45.11655 ] } },
{ "type": "Feature", "properties": { "dep_id": "10022958", "site_name": "Blue Bucket", "dev_stat": "Occurrence", "code_list": " AU ", "target_commodity": "Gold", "lon": -115.87908, "lat": 45.23737 }, "geometry": { "type": "Point", "coordinates": [ -115.87908, 45.23737 ] } },
{ "type": "Feature", "properties": { "dep_id": "10022959", "site_name": "Katy", "dev_stat": "Occurrence", "code_list": " AU ", "target_commodity": "Gold", "lon": -115.88848, "lat": 45.23207 }, "geometry": { "type": "Point", "coordinates": [ -115.88848, 45.23207 ] } },
{ "type": "Feature", "properties": { "dep_id": "10022962", "site_name": "Mile High", "dev_stat": "Occurrence", "code_list": " AU ", "target_commodity": "Gold", "lon": -115.87568, "lat": 45.22427 }, "geometry": { "type": "Point", "coordinates": [ -115.87568, 45.22427 ] } },
{ "type": "Feature", "properties": { "dep_id": "10022964", "site_name": "Hall's Gulch", "dev_stat": "Occurrence", "code_list": " AU ", "target_commodity": "Gold", "lon": -115.70098, "lat": 45.24987 }, "geometry": { "type": "Point", "coordinates": [ -115.70098, 45.24987 ] } },
{ "type": "Feature", "properties": { "dep_id": "10022965", "site_name": "Steamboat Placer Nos 1 and 2", "dev_stat": "Occurrence", "code_list": " AU ", "target_commodity": "Gold", "lon": -115.70098, "lat": 45.24987 }, "geometry": { "type": "Point", "coordinates": [ -115.70098, 45.24987 ] } },
{ "type": "Feature", "properties": { "dep_id": "10022966", "site_name": "Sluicebox", "dev_stat": "Occurrence", "code_list": " AU ", "target_commodity": "Gold", "lon": -115.70678, "lat": 45.26877 }, "geometry": { "type": "Point", "coordinates": [ -115.70678, 45.26877 ] } },
{ "type": "Feature", "properties": { "dep_id": "10022967", "site_name": "Old Rescue Nos 1 - 4", "dev_stat": "Occurrence", "code_list": " AU ", "target_commodity": "Gold", "lon": -115.66764, "lat": 45.24987 }, "geometry": { "type": "Point", "coordinates": [ -115.66764, 45.24987 ] } },
{ "type": "Feature", "properties": { "dep_id": "10022968", "site_name": "Warren Creek", "dev_stat": "Prospect", "code_list": " AU ", "target_commodity": "Gold", "lon": -115.65677, "lat": 45.25127 }, "geometry": { "type": "Point", "coordinates": [ -115.65677, 45.25127 ] } },
{ "type": "Feature", "properties": { "dep_id": "10022969", "site_name": "Union", "dev_stat": "Occurrence", "code_list": " AU AG ", "target_commodity": "Gold", "lon": -115.79128, "lat": 45.36017 }, "geometry": { "type": "Point", "coordinates": [ -115.79128, 45.36017 ] } },
{ "type": "Feature", "properties": { "dep_id": "10022970", "site_name": "Tonopah", "dev_stat": "Prospect", "code_list": " AU AG ", "target_commodity": "Gold", "lon": -115.78818, "lat": 45.35627 }, "geometry": { "type": "Point", "coordinates": [ -115.78818, 45.35627 ] } },
{ "type": "Feature", "properties": { "dep_id": "10022971", "site_name": "Gold Dust", "dev_stat": "Occurrence", "code_list": " AU AG ", "target_commodity": "Gold", "lon": -115.79658, "lat": 45.34517 }, "geometry": { "type": "Point", "coordinates": [ -115.79658, 45.34517 ] } },
{ "type": "Feature", "properties": { "dep_id": "10022972", "site_name": "Gold Hill Quartz", "dev_stat": "Prospect", "code_list": " AU ", "target_commodity": "Gold", "lon": -115.89018, "lat": 45.33157 }, "geometry": { "type": "Point", "coordinates": [ -115.89018, 45.33157 ] } },
{ "type": "Feature", "properties": { "dep_id": "10022973", "site_name": "Crystal Quartz", "dev_stat": "Prospect", "code_list": " AU ", "target_commodity": "Gold", "lon": -115.77158, "lat": 45.32907 }, "geometry": { "type": "Point", "coordinates": [ -115.77158, 45.32907 ] } },
{ "type": "Feature", "properties": { "dep_id": "10022975", "site_name": "Golden Dream", "dev_stat": "Prospect", "code_list": " AU ", "target_commodity": "Gold", "lon": -116.00319, "lat": 45.37627 }, "geometry": { "type": "Point", "coordinates": [ -116.00319, 45.37627 ] } },
{ "type": "Feature", "properties": { "dep_id": "10022976", "site_name": "Goldfield", "dev_stat": "Occurrence", "code_list": " AU AG ", "target_commodity": "Gold", "lon": -115.78988, "lat": 45.38177 }, "geometry": { "type": "Point", "coordinates": [ -115.78988, 45.38177 ] } },
{ "type": "Feature", "properties": { "dep_id": "10022977", "site_name": "Paul", "dev_stat": "Occurrence", "code_list": " AU AG ", "target_commodity": "Gold", "lon": -115.77878, "lat": 45.46317 }, "geometry": { "type": "Point", "coordinates": [ -115.77878, 45.46317 ] } },
{ "type": "Feature", "properties": { "dep_id": "10022987", "site_name": "Gladstone Gulch", "dev_stat": "Producer", "code_list": " AU ", "target_commodity": "Gold", "lon": -114.49513, "lat": 44.97768 }, "geometry": { "type": "Point", "coordinates": [ -114.49513, 44.97768 ] } },
{ "type": "Feature", "properties": { "dep_id": "10022990", "site_name": "Forney Nos 1 and 2", "dev_stat": "Occurrence", "code_list": " AU ", "target_commodity": "Gold", "lon": -114.28703, "lat": 44.98429 }, "geometry": { "type": "Point", "coordinates": [ -114.28703, 44.98429 ] } },
{ "type": "Feature", "properties": { "dep_id": "10022996", "site_name": "Leesburg Uranium Co. Group", "dev_stat": "Occurrence", "code_list": " AU ", "target_commodity": "Gold", "lon": -114.18703, "lat": 45.16629 }, "geometry": { "type": "Point", "coordinates": [ -114.18703, 45.16629 ] } },
{ "type": "Feature", "properties": { "dep_id": "10022997", "site_name": "Black Diamond", "dev_stat": "Occurrence", "code_list": " AU ", "target_commodity": "Gold", "lon": -114.16063, "lat": 45.16429 }, "geometry": { "type": "Point", "coordinates": [ -114.16063, 45.16429 ] } },
{ "type": "Feature", "properties": { "dep_id": "10022998", "site_name": "Edwards Placer", "dev_stat": "Occurrence", "code_list": " AU ", "target_commodity": "Gold", "lon": -114.0564, "lat": 45.3394 }, "geometry": { "type": "Point", "coordinates": [ -114.0564, 45.3394 ] } },
{ "type": "Feature", "properties": { "dep_id": "10022999", "site_name": "Never Sweat", "dev_stat": "Past Producer", "code_list": " AU ", "target_commodity": "Gold", "lon": -114.13342, "lat": 45.14459 }, "geometry": { "type": "Point", "coordinates": [ -114.13342, 45.14459 ] } },
{ "type": "Feature", "properties": { "dep_id": "10023000", "site_name": "Moccasin Creek", "dev_stat": "Occurrence", "code_list": " AU ", "target_commodity": "Gold", "lon": -114.13762, "lat": 45.11599 }, "geometry": { "type": "Point", "coordinates": [ -114.13762, 45.11599 ] } },
{ "type": "Feature", "properties": { "dep_id": "10023001", "site_name": "Best Bet and Best Bet No. 2", "dev_stat": "Occurrence", "code_list": " AU ", "target_commodity": "Gold", "lon": -114.04672, "lat": 45.27799 }, "geometry": { "type": "Point", "coordinates": [ -114.04672, 45.27799 ] } },
{ "type": "Feature", "properties": { "dep_id": "10023002", "site_name": "Last Chance", "dev_stat": "Occurrence", "code_list": " AU ", "target_commodity": "Gold", "lon": -114.04562, "lat": 45.27379 }, "geometry": { "type": "Point", "coordinates": [ -114.04562, 45.27379 ] } },
{ "type": "Feature", "properties": { "dep_id": "10023003", "site_name": "South Ida", "dev_stat": "Occurrence", "code_list": " AU ", "target_commodity": "Gold", "lon": -114.28673, "lat": 45.39568 }, "geometry": { "type": "Point", "coordinates": [ -114.28673, 45.39568 ] } },
{ "type": "Feature", "properties": { "dep_id": "10023004", "site_name": "Gambler Group 4 Claims", "dev_stat": "Occurrence", "code_list": " AU ", "target_commodity": "Gold", "lon": -114.05483, "lat": 45.53129 }, "geometry": { "type": "Point", "coordinates": [ -114.05483, 45.53129 ] } },
{ "type": "Feature", "properties": { "dep_id": "10023006", "site_name": "Watson Claim", "dev_stat": "Occurrence", "code_list": " AU CU ", "target_commodity": "Gold", "lon": -114.03313, "lat": 45.53709 }, "geometry": { "type": "Point", "coordinates": [ -114.03313, 45.53709 ] } },
{ "type": "Feature", "properties": { "dep_id": "10023007", "site_name": "Dell", "dev_stat": "Occurrence", "code_list": " AU ", "target_commodity": "Gold", "lon": -114.03563, "lat": 45.53099 }, "geometry": { "type": "Point", "coordinates": [ -114.03563, 45.53099 ] } },
{ "type": "Feature", "properties": { "dep_id": "10023008", "site_name": "Dreamland", "dev_stat": "Occurrence", "code_list": " AU ", "target_commodity": "Gold", "lon": -114.0347, "lat": 45.5311 }, "geometry": { "type": "Point", "coordinates": [ -114.0347, 45.5311 ] } },
{ "type": "Feature", "properties": { "dep_id": "10023009", "site_name": "Watson Claim", "dev_stat": "Occurrence", "code_list": " AU ", "target_commodity": "Gold", "lon": -114.0289, "lat": 45.52 }, "geometry": { "type": "Point", "coordinates": [ -114.0289, 45.52 ] } },
{ "type": "Feature", "properties": { "dep_id": "10023012", "site_name": "Provedencia", "dev_stat": "Past Producer", "code_list": " AU U ", "target_commodity": "Gold", "lon": -114.0176, "lat": 45.53322 }, "geometry": { "type": "Point", "coordinates": [ -114.0176, 45.53322 ] } },
{ "type": "Feature", "properties": { "dep_id": "10067854", "site_name": "Calera Mine", "dev_stat": "Past Producer", "code_list": " CU AU NI ", "target_commodity": "Gold", "lon": -114.35028, "lat": 45.12577 }, "geometry": { "type": "Point", "coordinates": [ -114.35028, 45.12577 ] } },
{ "type": "Feature", "properties": { "dep_id": "10068322", "site_name": "Iron Creek Deposit", "dev_stat": "Prospect", "code_list": " CU FE AU ", "target_commodity": "Gold", "lon": -114.10199, "lat": 44.95231 }, "geometry": { "type": "Point", "coordinates": [ -114.10199, 44.95231 ] } },
{ "type": "Feature", "properties": { "dep_id": "10070157", "site_name": "Waverly Mine", "dev_stat": "Past Producer", "code_list": " AG AU ", "target_commodity": "Gold", "lon": -116.04349, "lat": 45.50265 }, "geometry": { "type": "Point", "coordinates": [ -116.04349, 45.50265 ] } },
{ "type": "Feature", "properties": { "dep_id": "10070159", "site_name": "Baboon Gulch Placer Mine", "dev_stat": "Past Producer", "code_list": " AU ", "target_commodity": "Gold", "lon": -116.03429, "lat": 45.50677 }, "geometry": { "type": "Point", "coordinates": [ -116.03429, 45.50677 ] } },
{ "type": "Feature", "properties": { "dep_id": "10070160", "site_name": "Black Bear Mine", "dev_stat": "Past Producer", "code_list": " AU AG ", "target_commodity": "Gold", "lon": -116.06429, "lat": 45.48877 }, "geometry": { "type": "Point", "coordinates": [ -116.06429, 45.48877 ] } },
{ "type": "Feature", "properties": { "dep_id": "10070161", "site_name": "Blossum Prospect", "dev_stat": "Prospect", "code_list": " AG AU ", "target_commodity": "Gold", "lon": -116.03599, "lat": 45.50877 }, "geometry": { "type": "Point", "coordinates": [ -116.03599, 45.50877 ] } },
{ "type": "Feature", "properties": { "dep_id": "10070162", "site_name": "Black Sand Creek Mine", "dev_stat": "Past Producer", "code_list": " AU AG ", "target_commodity": "Gold", "lon": -116.03709, "lat": 45.48127 }, "geometry": { "type": "Point", "coordinates": [ -116.03709, 45.48127 ] } },
{ "type": "Feature", "properties": { "dep_id": "10070164", "site_name": "Buttercup Placer Group Mine", "dev_stat": "Past Producer", "code_list": " AU PEA ", "target_commodity": "Gold", "lon": -116.02709, "lat": 45.49297 }, "geometry": { "type": "Point", "coordinates": [ -116.02709, 45.49297 ] } },
{ "type": "Feature", "properties": { "dep_id": "10070169", "site_name": "Elkhorn Prospect", "dev_stat": "Past Producer", "code_list": " AU ", "target_commodity": "Gold", "lon": -116.06069, "lat": 45.48877 }, "geometry": { "type": "Point", "coordinates": [ -116.06069, 45.48877 ] } },
{ "type": "Feature", "properties": { "dep_id": "10070170", "site_name": "French Creek Placer Mine", "dev_stat": "Past Producer", "code_list": " AU ", "target_commodity": "Gold", "lon": -116.05289, "lat": 45.48987 }, "geometry": { "type": "Point", "coordinates": [ -116.05289, 45.48987 ] } },
{ "type": "Feature", "properties": { "dep_id": "10070171", "site_name": "Gilt Edge Prospect", "dev_stat": "Past Producer", "code_list": " AU AG ", "target_commodity": "Gold", "lon": -116.01879, "lat": 45.50297 }, "geometry": { "type": "Point", "coordinates": [ -116.01879, 45.50297 ] } },
{ "type": "Feature", "properties": { "dep_id": "10070172", "site_name": "Gold Lake Creek Placer Mine", "dev_stat": "Past Producer", "code_list": " AU ", "target_commodity": "Gold", "lon": -116.04239, "lat": 45.52957 }, "geometry": { "type": "Point", "coordinates": [ -116.04239, 45.52957 ] } },
{ "type": "Feature", "properties": { "dep_id": "10070173", "site_name": "Golden Dike Mine", "dev_stat": "Past Producer", "code_list": " AU ", "target_commodity": "Gold", "lon": -116.02269, "lat": 45.51817 }, "geometry": { "type": "Point", "coordinates": [ -116.02269, 45.51817 ] } },
{ "type": "Feature", "properties": { "dep_id": "10070174", "site_name": "Healy Creek Placer Mine", "dev_stat": "Past Producer", "code_list": " AU ", "target_commodity": "Gold", "lon": -116.04789, "lat": 45.48457 }, "geometry": { "type": "Point", "coordinates": [ -116.04789, 45.48457 ] } },
{ "type": "Feature", "properties": { "dep_id": "10070175", "site_name": "Hinckson and Bishop Prospect", "dev_stat": "Occurrence", "code_list": " AU ", "target_commodity": "Gold", "lon": -116.04429, "lat": 45.49127 }, "geometry": { "type": "Point", "coordinates": [ -116.04429, 45.49127 ] } },
{ "type": "Feature", "properties": { "dep_id": "10070176", "site_name": "Holmadge Prospect", "dev_stat": "Occurrence", "code_list": " AU ", "target_commodity": "Gold", "lon": -116.06019, "lat": 45.47427 }, "geometry": { "type": "Point", "coordinates": [ -116.06019, 45.47427 ] } },
{ "type": "Feature", "properties": { "dep_id": "10070178", "site_name": "Imperial Creek Placer Mine", "dev_stat": "Past Producer", "code_list": " AU ", "target_commodity": "Gold", "lon": -116.01379, "lat": 45.51657 }, "geometry": { "type": "Point", "coordinates": [ -116.01379, 45.51657 ] } },
{ "type": "Feature", "properties": { "dep_id": "10070179", "site_name": "Lily of the Valley Placer Mine", "dev_stat": "Past Producer", "code_list": " AU ", "target_commodity": "Gold", "lon": -116.02039, "lat": 45.49157 }, "geometry": { "type": "Point", "coordinates": [ -116.02039, 45.49157 ] } },
{ "type": "Feature", "properties": { "dep_id": "10070180", "site_name": "Little Cow Creek Placer Mine", "dev_stat": "Past Producer", "code_list": " AU ", "target_commodity": "Gold", "lon": -116.05289, "lat": 45.46957 }, "geometry": { "type": "Point", "coordinates": [ -116.05289, 45.46957 ] } },
{ "type": "Feature", "properties": { "dep_id": "10070181", "site_name": "Meadow Creek Placer Mine", "dev_stat": "Past Producer", "code_list": " AU ", "target_commodity": "Gold", "lon": -116.00459, "lat": 45.51207 }, "geometry": { "type": "Point", "coordinates": [ -116.00459, 45.51207 ] } },
{ "type": "Feature", "properties": { "dep_id": "10070182", "site_name": "Mikado Prospect", "dev_stat": "Past Producer", "code_list": " AU ", "target_commodity": "Gold", "lon": -116.04019, "lat": 45.51067 }, "geometry": { "type": "Point", "coordinates": [ -116.04019, 45.51067 ] } },
{ "type": "Feature", "properties": { "dep_id": "10070183", "site_name": "Miller Creek Placer Mine", "dev_stat": "Past Producer", "code_list": " AU AG ", "target_commodity": "Gold", "lon": -116.06429, "lat": 45.54487 }, "geometry": { "type": "Point", "coordinates": [ -116.06429, 45.54487 ] } },
{ "type": "Feature", "properties": { "dep_id": "10070184", "site_name": "Montrose Prospect", "dev_stat": "Past Producer", "code_list": " AU AG ", "target_commodity": "Gold", "lon": -116.03909, "lat": 45.50847 }, "geometry": { "type": "Point", "coordinates": [ -116.03909, 45.50847 ] } },
{ "type": "Feature", "properties": { "dep_id": "10070185", "site_name": "Morning Sun Prospect", "dev_stat": "Past Producer", "code_list": " AU AG ", "target_commodity": "Gold", "lon": -116.02932, "lat": 45.50765 }, "geometry": { "type": "Point", "coordinates": [ -116.02932, 45.50765 ] } },
{ "type": "Feature", "properties": { "dep_id": "10070186", "site_name": "Ozark Mine", "dev_stat": "Past Producer", "code_list": " AU AG ", "target_commodity": "Gold", "lon": -116.02569, "lat": 45.51317 }, "geometry": { "type": "Point", "coordinates": [ -116.02569, 45.51317 ] } },
{ "type": "Feature", "properties": { "dep_id": "10070187", "site_name": "Ozark Creek Placer Mine", "dev_stat": "Past Producer", "code_list": " AU ", "target_commodity": "Gold", "lon": -116.02989, "lat": 45.51987 }, "geometry": { "type": "Point", "coordinates": [ -116.02989, 45.51987 ] } },
{ "type": "Feature", "properties": { "dep_id": "10070188", "site_name": "Pioneer Gulch Mine", "dev_stat": "Past Producer", "code_list": " AU ", "target_commodity": "Gold", "lon": -116.02209, "lat": 45.52157 }, "geometry": { "type": "Point", "coordinates": [ -116.02209, 45.52157 ] } },
{ "type": "Feature", "properties": { "dep_id": "10070189", "site_name": "Red Bird Prospect", "dev_stat": "Occurrence", "code_list": " AU ", "target_commodity": "Gold", "lon": -116.05289, "lat": 45.48297 }, "geometry": { "type": "Point", "coordinates": [ -116.05289, 45.48297 ] } },
{ "type": "Feature", "properties": { "dep_id": "10070190", "site_name": "Royal Creek Placer Mine", "dev_stat": "Past Producer", "code_list": " AU ", "target_commodity": "Gold", "lon": -116.11819, "lat": 45.52267 }, "geometry": { "type": "Point", "coordinates": [ -116.11819, 45.52267 ] } },
{ "type": "Feature", "properties": { "dep_id": "10070191", "site_name": "Sand Creek Placer Mine", "dev_stat": "Past Producer", "code_list": " AU AG ", "target_commodity": "Gold", "lon": -116.00989, "lat": 45.50547 }, "geometry": { "type": "Point", "coordinates": [ -116.00989, 45.50547 ] } },
{ "type": "Feature", "properties": { "dep_id": "10070192", "site_name": "Shamrock Placer Mine", "dev_stat": "Past Producer", "code_list": " AU AG ", "target_commodity": "Gold", "lon": -116.01289, "lat": 45.51957 }, "geometry": { "type": "Point", "coordinates": [ -116.01289, 45.51957 ] } },
{ "type": "Feature", "properties": { "dep_id": "10070193", "site_name": "Sylvanite Gold - Copper Prospect", "dev_stat": "Occurrence", "code_list": " AU CU ", "target_commodity": "Gold", "lon": -116.0063, "lat": 45.92547 }, "geometry": { "type": "Point", "coordinates": [ -116.0063, 45.92547 ] } },
{ "type": "Feature", "properties": { "dep_id": "10070194", "site_name": "Taft Prospect", "dev_stat": "Occurrence", "code_list": " AU ", "target_commodity": "Gold", "lon": -116.01289, "lat": 45.52177 }, "geometry": { "type": "Point", "coordinates": [ -116.01289, 45.52177 ] } },
{ "type": "Feature", "properties": { "dep_id": "10070196", "site_name": "U. S. Mine", "dev_stat": "Past Producer", "code_list": " AU ", "target_commodity": "Gold", "lon": -116.03599, "lat": 45.48567 }, "geometry": { "type": "Point", "coordinates": [ -116.03599, 45.48567 ] } },
{ "type": "Feature", "properties": { "dep_id": "10070197", "site_name": "West Fork of Meadow Creek Placer", "dev_stat": "Past Producer", "code_list": " AU ", "target_commodity": "Gold", "lon": -116.00909, "lat": 45.53047 }, "geometry": { "type": "Point", "coordinates": [ -116.00909, 45.53047 ] } },
{ "type": "Feature", "properties": { "dep_id": "10070198", "site_name": "Wie Prospect", "dev_stat": "Prospect", "code_list": " AU ", "target_commodity": "Gold", "lon": -116.04159, "lat": 45.50907 }, "geometry": { "type": "Point", "coordinates": [ -116.04159, 45.50907 ] } },
{ "type": "Feature", "properties": { "dep_id": "10070438", "site_name": "U. P. Mine", "dev_stat": "Past Producer", "code_list": " AU W ", "target_commodity": "Gold", "lon": -114.01672, "lat": 45.23679 }, "geometry": { "type": "Point", "coordinates": [ -114.01672, 45.23679 ] } },
{ "type": "Feature", "properties": { "dep_id": "10070500", "site_name": "Garden Creek Placer", "dev_stat": "Past Producer", "code_list": " AU FE ", "target_commodity": "Gold", "lon": -114.40704, "lat": 45.31178 }, "geometry": { "type": "Point", "coordinates": [ -114.40704, 45.31178 ] } },
{ "type": "Feature", "properties": { "dep_id": "10070501", "site_name": "Clear Creek Placer", "dev_stat": "Past Producer", "code_list": " AU FE ", "target_commodity": "Gold", "lon": -114.35232, "lat": 45.29294 }, "geometry": { "type": "Point", "coordinates": [ -114.35232, 45.29294 ] } },
{ "type": "Feature", "properties": { "dep_id": "10070502", "site_name": "Lower Owl Creek Placer", "dev_stat": "Past Producer", "code_list": " AU FE ", "target_commodity": "Gold", "lon": -114.46034, "lat": 45.31378 }, "geometry": { "type": "Point", "coordinates": [ -114.46034, 45.31378 ] } },
{ "type": "Feature", "properties": { "dep_id": "10070503", "site_name": "Golden Queen Placer", "dev_stat": "Past Producer", "code_list": " AU FE ", "target_commodity": "Gold", "lon": -114.43034, "lat": 45.32268 }, "geometry": { "type": "Point", "coordinates": [ -114.43034, 45.32268 ] } },
{ "type": "Feature", "properties": { "dep_id": "10070504", "site_name": "Ebeneezer Placer", "dev_stat": "Past Producer", "code_list": " AU FE ", "target_commodity": "Gold", "lon": -114.51514, "lat": 45.30458 }, "geometry": { "type": "Point", "coordinates": [ -114.51514, 45.30458 ] } },
{ "type": "Feature", "properties": { "dep_id": "10070505", "site_name": "Upper Owl Creek Placer", "dev_stat": "Past Producer", "code_list": " AU FE ", "target_commodity": "Gold", "lon": -114.44674, "lat": 45.32018 }, "geometry": { "type": "Point", "coordinates": [ -114.44674, 45.32018 ] } },
{ "type": "Feature", "properties": { "dep_id": "10070506", "site_name": "Bear Gulch Fan", "dev_stat": "Past Producer", "code_list": " AU FE ", "target_commodity": "Gold", "lon": -114.39814, "lat": 45.30378 }, "geometry": { "type": "Point", "coordinates": [ -114.39814, 45.30378 ] } },
{ "type": "Feature", "properties": { "dep_id": "10070507", "site_name": "Lead Star Mine", "dev_stat": "Past Producer", "code_list": " PB AU ", "target_commodity": "Gold", "lon": -114.50233, "lat": 44.98178 }, "geometry": { "type": "Point", "coordinates": [ -114.50233, 44.98178 ] } },
{ "type": "Feature", "properties": { "dep_id": "10070508", "site_name": "Copper Glance Mine", "dev_stat": "Past Producer", "code_list": " CU AU ", "target_commodity": "Gold", "lon": -114.50343, "lat": 44.97068 }, "geometry": { "type": "Point", "coordinates": [ -114.50343, 44.97068 ] } },
{ "type": "Feature", "properties": { "dep_id": "10070509", "site_name": "Gold Bug Occurrence", "dev_stat": "Occurrence", "code_list": " AU ", "target_commodity": "Gold", "lon": -114.49873, "lat": 44.96208 }, "geometry": { "type": "Point", "coordinates": [ -114.49873, 44.96208 ] } },
{ "type": "Feature", "properties": { "dep_id": "10070515", "site_name": "Copper Queen Claim", "dev_stat": "Occurrence", "code_list": " CU AU ", "target_commodity": "Gold", "lon": -114.3245, "lat": 45.1219 }, "geometry": { "type": "Point", "coordinates": [ -114.3245, 45.1219 ] } },
{ "type": "Feature", "properties": { "dep_id": "10070518", "site_name": "Tom Jefferson Claims", "dev_stat": "Occurrence", "code_list": " CU AU ", "target_commodity": "Gold", "lon": -114.33493, "lat": 45.12974 }, "geometry": { "type": "Point", "coordinates": [ -114.33493, 45.12974 ] } },
{ "type": "Feature", "properties": { "dep_id": "10070519", "site_name": "Bryan-Columbus Claims", "dev_stat": "Occurrence", "code_list": " CO AU ", "target_commodity": "Gold", "lon": -114.35203, "lat": 45.12269 }, "geometry": { "type": "Point", "coordinates": [ -114.35203, 45.12269 ] } },
{ "type": "Feature", "properties": { "dep_id": "10070521", "site_name": "St. Joe Prospect", "dev_stat": "Occurrence", "code_list": " CO AU ", "target_commodity": "Gold", "lon": -114.34768, "lat": 45.12196 }, "geometry": { "type": "Point", "coordinates": [ -114.34768, 45.12196 ] } },
{ "type": "Feature", "properties": { "dep_id": "10070528", "site_name": "Mayflower Group Occurrence", "dev_stat": "Occurrence", "code_list": " CU AU ", "target_commodity": "Gold", "lon": -114.28783, "lat": 45.28069 }, "geometry": { "type": "Point", "coordinates": [ -114.28783, 45.28069 ] } },
{ "type": "Feature", "properties": { "dep_id": "10070529", "site_name": "Clipper Bullion Mine", "dev_stat": "Past Producer", "code_list": " AU PB ", "target_commodity": "Gold", "lon": -114.27733, "lat": 45.36848 }, "geometry": { "type": "Point", "coordinates": [ -114.27733, 45.36848 ] } },
{ "type": "Feature", "properties": { "dep_id": "10070530", "site_name": "True Fissure Occurrence", "dev_stat": "Occurrence", "code_list": " AU ", "target_commodity": "Gold", "lon": -114.22983, "lat": 45.32959 }, "geometry": { "type": "Point", "coordinates": [ -114.22983, 45.32959 ] } },
{ "type": "Feature", "properties": { "dep_id": "10070532", "site_name": "Moose Creek Placer", "dev_stat": "Past Producer", "code_list": " AU AG W ", "target_commodity": "Gold", "lon": -114.04398, "lat": 45.30795 }, "geometry": { "type": "Point", "coordinates": [ -114.04398, 45.30795 ] } },
{ "type": "Feature", "properties": { "dep_id": "10070533", "site_name": "Haidee Mine", "dev_stat": "Prospect", "code_list": " AU ZN ", "target_commodity": "Gold", "lon": -114.2142, "lat": 45.2333 }, "geometry": { "type": "Point", "coordinates": [ -114.2142, 45.2333 ] } },
{ "type": "Feature", "properties": { "dep_id": "10070534", "site_name": "Italian Mine", "dev_stat": "Past Producer", "code_list": " AU PB ", "target_commodity": "Gold", "lon": -114.1972, "lat": 45.2244 }, "geometry": { "type": "Point", "coordinates": [ -114.1972, 45.2244 ] } },
{ "type": "Feature", "properties": { "dep_id": "10070535", "site_name": "Gold Flint Prospect", "dev_stat": "Occurrence", "code_list": " AU ", "target_commodity": "Gold", "lon": -114.10763, "lat": 45.24519 }, "geometry": { "type": "Point", "coordinates": [ -114.10763, 45.24519 ] } },
{ "type": "Feature", "properties": { "dep_id": "10070536", "site_name": "Gold Ridge Prospect", "dev_stat": "Occurrence", "code_list": " AU ", "target_commodity": "Gold", "lon": -114.11983, "lat": 45.22989 }, "geometry": { "type": "Point", "coordinates": [ -114.11983, 45.22989 ] } },
{ "type": "Feature", "properties": { "dep_id": "10070539", "site_name": "Jureano Placer", "dev_stat": "Occurrence", "code_list": " AU ", "target_commodity": "Gold", "lon": -114.2322, "lat": 45.1747 }, "geometry": { "type": "Point", "coordinates": [ -114.2322, 45.1747 ] } },
{ "type": "Feature", "properties": { "dep_id": "10070543", "site_name": "Beliel Group", "dev_stat": "Occurrence", "code_list": " CU AU NI ", "target_commodity": "Gold", "lon": -114.31233, "lat": 45.09709 }, "geometry": { "type": "Point", "coordinates": [ -114.31233, 45.09709 ] } },
{ "type": "Feature", "properties": { "dep_id": "10070546", "site_name": "Junction Placer", "dev_stat": "Occurrence", "code_list": " AU SN ", "target_commodity": "Gold", "lon": -114.3147, "lat": 45.0203 }, "geometry": { "type": "Point", "coordinates": [ -114.3147, 45.0203 ] } },
{ "type": "Feature", "properties": { "dep_id": "10070551", "site_name": "Ostrander Creek Prospect", "dev_stat": "Past Producer", "code_list": " AU CU ", "target_commodity": "Gold", "lon": -114.33313, "lat": 45.04709 }, "geometry": { "type": "Point", "coordinates": [ -114.33313, 45.04709 ] } },
{ "type": "Feature", "properties": { "dep_id": "10070555", "site_name": "Mary Ann Prospect", "dev_stat": "Past Producer", "code_list": " AU CU ", "target_commodity": "Gold", "lon": -114.39903, "lat": 45.17488 }, "geometry": { "type": "Point", "coordinates": [ -114.39903, 45.17488 ] } },
{ "type": "Feature", "properties": { "dep_id": "10070559", "site_name": "Porphyry Creek Mine", "dev_stat": "Occurrence", "code_list": " AU ", "target_commodity": "Gold", "lon": -114.33203, "lat": 45.01769 }, "geometry": { "type": "Point", "coordinates": [ -114.33203, 45.01769 ] } },
{ "type": "Feature", "properties": { "dep_id": "10070803", "site_name": "Venable Mine", "dev_stat": "Past Producer", "code_list": " AU PB ", "target_commodity": "Gold", "lon": -115.12265, "lat": 44.96428 }, "geometry": { "type": "Point", "coordinates": [ -115.12265, 44.96428 ] } },
{ "type": "Feature", "properties": { "dep_id": "10070804", "site_name": "H - Y Prospect", "dev_stat": "Occurrence", "code_list": " AU ", "target_commodity": "Gold", "lon": -115.14095, "lat": 44.94658 }, "geometry": { "type": "Point", "coordinates": [ -115.14095, 44.94658 ] } },
{ "type": "Feature", "properties": { "dep_id": "10070805", "site_name": "Standard Mine", "dev_stat": "Past Producer", "code_list": " AU ", "target_commodity": "Gold", "lon": -115.13845, "lat": 44.94988 }, "geometry": { "type": "Point", "coordinates": [ -115.13845, 44.94988 ] } },
{ "type": "Feature", "properties": { "dep_id": "10070806", "site_name": "Sunnyside Mine", "dev_stat": "Producer", "code_list": " AU AG ", "target_commodity": "Gold", "lon": -115.13155, "lat": 44.95458 }, "geometry": { "type": "Point", "coordinates": [ -115.13155, 44.95458 ] } },
{ "type": "Feature", "properties": { "dep_id": "10070807", "site_name": "Yellowjacket Placer Group", "dev_stat": "Prospect", "code_list": " AU ", "target_commodity": "Gold", "lon": -114.60874, "lat": 44.88628 }, "geometry": { "type": "Point", "coordinates": [ -114.60874, 44.88628 ] } },
{ "type": "Feature", "properties": { "dep_id": "10070808", "site_name": "Yellow Jacket Mine", "dev_stat": "Producer", "code_list": " AU CU ", "target_commodity": "Gold", "lon": -114.52033, "lat": 44.98738 }, "geometry": { "type": "Point", "coordinates": [ -114.52033, 44.98738 ] } },
{ "type": "Feature", "properties": { "dep_id": "10070809", "site_name": "Continental Mine", "dev_stat": "Past Producer", "code_list": " AU PB ", "target_commodity": "Gold", "lon": -114.53903, "lat": 44.97598 }, "geometry": { "type": "Point", "coordinates": [ -114.53903, 44.97598 ] } },
{ "type": "Feature", "properties": { "dep_id": "10070810", "site_name": "Daniel Prospect", "dev_stat": "Occurrence", "code_list": " AU ", "target_commodity": "Gold", "lon": -114.55344, "lat": 44.97738 }, "geometry": { "type": "Point", "coordinates": [ -114.55344, 44.97738 ] } },
{ "type": "Feature", "properties": { "dep_id": "10070811", "site_name": "Lincoln Mine", "dev_stat": "Past Producer", "code_list": " CU AU PB ", "target_commodity": "Gold", "lon": -114.54033, "lat": 44.97768 }, "geometry": { "type": "Point", "coordinates": [ -114.54033, 44.97768 ] } },
{ "type": "Feature", "properties": { "dep_id": "10070813", "site_name": "Columbia Mine", "dev_stat": "Past Producer", "code_list": " CU AU PB ", "target_commodity": "Gold", "lon": -114.54673, "lat": 44.97818 }, "geometry": { "type": "Point", "coordinates": [ -114.54673, 44.97818 ] } },
{ "type": "Feature", "properties": { "dep_id": "10070814", "site_name": "Mammoth Mine", "dev_stat": "Occurrence", "code_list": " AG AU CU ", "target_commodity": "Gold", "lon": -114.5611, "lat": 44.9742 }, "geometry": { "type": "Point", "coordinates": [ -114.5611, 44.9742 ] } },
{ "type": "Feature", "properties": { "dep_id": "10070817", "site_name": "Liberty Mine", "dev_stat": "Past Producer", "code_list": " PB AU ", "target_commodity": "Gold", "lon": -114.54423, "lat": 44.97708 }, "geometry": { "type": "Point", "coordinates": [ -114.54423, 44.97708 ] } },
{ "type": "Feature", "properties": { "dep_id": "10070833", "site_name": "Golden Giant Prospect", "dev_stat": "Occurrence", "code_list": " AU ", "target_commodity": "Gold", "lon": -115.16015, "lat": 44.94068 }, "geometry": { "type": "Point", "coordinates": [ -115.16015, 44.94068 ] } },
{ "type": "Feature", "properties": { "dep_id": "10070834", "site_name": "Bill Timm Prospect", "dev_stat": "Occurrence", "code_list": " AU ", "target_commodity": "Gold", "lon": -115.15455, "lat": 44.94738 }, "geometry": { "type": "Point", "coordinates": [ -115.15455, 44.94738 ] } },
{ "type": "Feature", "properties": { "dep_id": "10070835", "site_name": "Golden Chimney Prospect", "dev_stat": "Occurrence", "code_list": " AU ", "target_commodity": "Gold", "lon": -115.16905, "lat": 44.95068 }, "geometry": { "type": "Point", "coordinates": [ -115.16905, 44.95068 ] } },
{ "type": "Feature", "properties": { "dep_id": "10070836", "site_name": "Tempiute Prospect", "dev_stat": "Occurrence", "code_list": " AU ", "target_commodity": "Gold", "lon": -115.15375, "lat": 44.95518 }, "geometry": { "type": "Point", "coordinates": [ -115.15375, 44.95518 ] } },
{ "type": "Feature", "properties": { "dep_id": "10070837", "site_name": "Payboy Group", "dev_stat": "Occurrence", "code_list": " AU ", "target_commodity": "Gold", "lon": -115.15205, "lat": 44.95908 }, "geometry": { "type": "Point", "coordinates": [ -115.15205, 44.95908 ] } },
{ "type": "Feature", "properties": { "dep_id": "10070839", "site_name": "Bluebird Prospect", "dev_stat": "Occurrence", "code_list": " AU ", "target_commodity": "Gold", "lon": -115.15905, "lat": 44.96098 }, "geometry": { "type": "Point", "coordinates": [ -115.15905, 44.96098 ] } },
{ "type": "Feature", "properties": { "dep_id": "10070846", "site_name": "Short Line Prospect", "dev_stat": "Occurrence", "code_list": " AU ", "target_commodity": "Gold", "lon": -115.13455, "lat": 44.96048 }, "geometry": { "type": "Point", "coordinates": [ -115.13455, 44.96048 ] } },
{ "type": "Feature", "properties": { "dep_id": "10070847", "site_name": "Ethal B. Prospect", "dev_stat": "Occurrence", "code_list": " AU ", "target_commodity": "Gold", "lon": -115.12565, "lat": 44.94518 }, "geometry": { "type": "Point", "coordinates": [ -115.12565, 44.94518 ] } },
{ "type": "Feature", "properties": { "dep_id": "10070848", "site_name": "Red Bird Prospect", "dev_stat": "Occurrence", "code_list": " AU ", "target_commodity": "Gold", "lon": -115.13345, "lat": 44.94598 }, "geometry": { "type": "Point", "coordinates": [ -115.13345, 44.94598 ] } },
{ "type": "Feature", "properties": { "dep_id": "10070849", "site_name": "Cheapman - Wanderer Prospect", "dev_stat": "Occurrence", "code_list": " AU ", "target_commodity": "Gold", "lon": -115.13155, "lat": 44.99068 }, "geometry": { "type": "Point", "coordinates": [ -115.13155, 44.99068 ] } },
{ "type": "Feature", "properties": { "dep_id": "10070850", "site_name": "Evenstone Prospect", "dev_stat": "Occurrence", "code_list": " AU ", "target_commodity": "Gold", "lon": -115.10095, "lat": 44.97208 }, "geometry": { "type": "Point", "coordinates": [ -115.10095, 44.97208 ] } },
{ "type": "Feature", "properties": { "dep_id": "10070851", "site_name": "New Hope Mine", "dev_stat": "Past Producer", "code_list": " AU AG ", "target_commodity": "Gold", "lon": -115.07015, "lat": 44.96928 }, "geometry": { "type": "Point", "coordinates": [ -115.07015, 44.96928 ] } },
{ "type": "Feature", "properties": { "dep_id": "10070852", "site_name": "Safety Creek Prospect", "dev_stat": "Occurrence", "code_list": " AU ", "target_commodity": "Gold", "lon": -115.07875, "lat": 44.94988 }, "geometry": { "type": "Point", "coordinates": [ -115.07875, 44.94988 ] } },
{ "type": "Feature", "properties": { "dep_id": "10070853", "site_name": "Blanche E Prospect", "dev_stat": "Occurrence", "code_list": " AU ", "target_commodity": "Gold", "lon": -115.09815, "lat": 44.95568 }, "geometry": { "type": "Point", "coordinates": [ -115.09815, 44.95568 ] } },
{ "type": "Feature", "properties": { "dep_id": "10070854", "site_name": "Rising Star Prospect", "dev_stat": "Occurrence", "code_list": " AU ", "target_commodity": "Gold", "lon": -115.13455, "lat": 44.96318 }, "geometry": { "type": "Point", "coordinates": [ -115.13455, 44.96318 ] } },
{ "type": "Feature", "properties": { "dep_id": "10070855", "site_name": "Hurricane Eagle Prospect", "dev_stat": "Occurrence", "code_list": " AU ", "target_commodity": "Gold", "lon": -115.15065, "lat": 44.94708 }, "geometry": { "type": "Point", "coordinates": [ -115.15065, 44.94708 ] } },
{ "type": "Feature", "properties": { "dep_id": "10070857", "site_name": "Independence Prospect", "dev_stat": "Occurrence", "code_list": " AU ", "target_commodity": "Gold", "lon": -115.25346, "lat": 44.89208 }, "geometry": { "type": "Point", "coordinates": [ -115.25346, 44.89208 ] } },
{ "type": "Feature", "properties": { "dep_id": "10070858", "site_name": "Eureka Prospect", "dev_stat": "Occurrence", "code_list": " AU ", "target_commodity": "Gold", "lon": -115.24566, "lat": 44.89378 }, "geometry": { "type": "Point", "coordinates": [ -115.24566, 44.89378 ] } },
{ "type": "Feature", "properties": { "dep_id": "10070859", "site_name": "Buffalo Group", "dev_stat": "Occurrence", "code_list": " AU ", "target_commodity": "Gold", "lon": -115.22155, "lat": 44.90178 }, "geometry": { "type": "Point", "coordinates": [ -115.22155, 44.90178 ] } },
{ "type": "Feature", "properties": { "dep_id": "10070860", "site_name": "Green Goode Prospect", "dev_stat": "Occurrence", "code_list": " AU ", "target_commodity": "Gold", "lon": -115.22376, "lat": 44.92098 }, "geometry": { "type": "Point", "coordinates": [ -115.22376, 44.92098 ] } },
{ "type": "Feature", "properties": { "dep_id": "10070861", "site_name": "Doctor Prospect", "dev_stat": "Occurrence", "code_list": " AU ", "target_commodity": "Gold", "lon": -115.20875, "lat": 44.92958 }, "geometry": { "type": "Point", "coordinates": [ -115.20875, 44.92958 ] } },
{ "type": "Feature", "properties": { "dep_id": "10070863", "site_name": "Advance Prospect", "dev_stat": "Occurrence", "code_list": " AU ", "target_commodity": "Gold", "lon": -115.20565, "lat": 44.94128 }, "geometry": { "type": "Point", "coordinates": [ -115.20565, 44.94128 ] } },
{ "type": "Feature", "properties": { "dep_id": "10070865", "site_name": "Nice Boy Prospect", "dev_stat": "Occurrence", "code_list": " AU ", "target_commodity": "Gold", "lon": -115.22736, "lat": 44.97848 }, "geometry": { "type": "Point", "coordinates": [ -115.22736, 44.97848 ] } },
{ "type": "Feature", "properties": { "dep_id": "10070866", "site_name": "Red Bluff Group", "dev_stat": "Occurrence", "code_list": " AU ", "target_commodity": "Gold", "lon": -115.21206, "lat": 44.97658 }, "geometry": { "type": "Point", "coordinates": [ -115.21206, 44.97658 ] } },
{ "type": "Feature", "properties": { "dep_id": "10070867", "site_name": "Cumberland Prospect", "dev_stat": "Occurrence", "code_list": " AU ", "target_commodity": "Gold", "lon": -115.16625, "lat": 44.96158 }, "geometry": { "type": "Point", "coordinates": [ -115.16625, 44.96158 ] } },
{ "type": "Feature", "properties": { "dep_id": "10070869", "site_name": "Junction Prospect", "dev_stat": "Occurrence", "code_list": " AU ", "target_commodity": "Gold", "lon": -115.18428, "lat": 44.94988 }, "geometry": { "type": "Point", "coordinates": [ -115.18428, 44.94988 ] } },
{ "type": "Feature", "properties": { "dep_id": "10070870", "site_name": "Chief Executive Group", "dev_stat": "Occurrence", "code_list": " AU ", "target_commodity": "Gold", "lon": -115.10067, "lat": 44.84099 }, "geometry": { "type": "Point", "coordinates": [ -115.10067, 44.84099 ] } },
{ "type": "Feature", "properties": { "dep_id": "10070871", "site_name": "Murphy Peak Prospect", "dev_stat": "Occurrence", "code_list": " AU ", "target_commodity": "Gold", "lon": -115.24206, "lat": 44.88658 }, "geometry": { "type": "Point", "coordinates": [ -115.24206, 44.88658 ] } },
{ "type": "Feature", "properties": { "dep_id": "10070873", "site_name": "Mule Train Claims", "dev_stat": "Occurrence", "code_list": " AU ", "target_commodity": "Gold", "lon": -115.27816, "lat": 44.87318 }, "geometry": { "type": "Point", "coordinates": [ -115.27816, 44.87318 ] } },
{ "type": "Feature", "properties": { "dep_id": "10070874", "site_name": "Big Chief Claims", "dev_stat": "Prospect", "code_list": " AG AU ", "target_commodity": "Gold", "lon": -115.32876, "lat": 44.83298 }, "geometry": { "type": "Point", "coordinates": [ -115.32876, 44.83298 ] } },
{ "type": "Feature", "properties": { "dep_id": "10070875", "site_name": "Duches N. Claim", "dev_stat": "Occurrence", "code_list": " AU ", "target_commodity": "Gold", "lon": -115.34066, "lat": 44.82238 }, "geometry": { "type": "Point", "coordinates": [ -115.34066, 44.82238 ] } },
{ "type": "Feature", "properties": { "dep_id": "10070876", "site_name": "S. J. Prospect", "dev_stat": "Occurrence", "code_list": " AU ", "target_commodity": "Gold", "lon": -115.34876, "lat": 44.82298 }, "geometry": { "type": "Point", "coordinates": [ -115.34876, 44.82298 ] } },
{ "type": "Feature", "properties": { "dep_id": "10070883", "site_name": "Giant Legge Group", "dev_stat": "Occurrence", "code_list": " AU ", "target_commodity": "Gold", "lon": -115.20265, "lat": 44.87428 }, "geometry": { "type": "Point", "coordinates": [ -115.20265, 44.87428 ] } },
{ "type": "Feature", "properties": { "dep_id": "10070884", "site_name": "Thunderation Group", "dev_stat": "Occurrence", "code_list": " AU ", "target_commodity": "Gold", "lon": -115.16095, "lat": 44.89128 }, "geometry": { "type": "Point", "coordinates": [ -115.16095, 44.89128 ] } },
{ "type": "Feature", "properties": { "dep_id": "10070885", "site_name": "Hercules Group", "dev_stat": "Occurrence", "code_list": " AU ", "target_commodity": "Gold", "lon": -115.09485, "lat": 44.88488 }, "geometry": { "type": "Point", "coordinates": [ -115.09485, 44.88488 ] } },
{ "type": "Feature", "properties": { "dep_id": "10070886", "site_name": "Hope Claim", "dev_stat": "Occurrence", "code_list": " AU ", "target_commodity": "Gold", "lon": -115.10595, "lat": 44.85988 }, "geometry": { "type": "Point", "coordinates": [ -115.10595, 44.85988 ] } },
{ "type": "Feature", "properties": { "dep_id": "10070887", "site_name": "Little Cottonwood Creek Prospect", "dev_stat": "Occurrence", "code_list": " AU ", "target_commodity": "Gold", "lon": -115.05375, "lat": 44.92348 }, "geometry": { "type": "Point", "coordinates": [ -115.05375, 44.92348 ] } },
{ "type": "Feature", "properties": { "dep_id": "10070890", "site_name": "Bonanza Placer", "dev_stat": "Occurrence", "code_list": " AU ", "target_commodity": "Gold", "lon": -115.05705, "lat": 44.87428 }, "geometry": { "type": "Point", "coordinates": [ -115.05705, 44.87428 ] } },
{ "type": "Feature", "properties": { "dep_id": "10070891", "site_name": "Daylight and Darkness Placer Group", "dev_stat": "Occurrence", "code_list": " AU ", "target_commodity": "Gold", "lon": -115.06405, "lat": 44.87678 }, "geometry": { "type": "Point", "coordinates": [ -115.06405, 44.87678 ] } },
{ "type": "Feature", "properties": { "dep_id": "10070892", "site_name": "Golden Rule Placer", "dev_stat": "Producer", "code_list": " AU AG ", "target_commodity": "Gold", "lon": -115.04265, "lat": 44.85568 }, "geometry": { "type": "Point", "coordinates": [ -115.04265, 44.85568 ] } },
{ "type": "Feature", "properties": { "dep_id": "10070893", "site_name": "Mountain View Placer", "dev_stat": "Occurrence", "code_list": " AU ", "target_commodity": "Gold", "lon": -115.04515, "lat": 44.86798 }, "geometry": { "type": "Point", "coordinates": [ -115.04515, 44.86798 ] } },
{ "type": "Feature", "properties": { "dep_id": "10070899", "site_name": "Heatherington Placer", "dev_stat": "Occurrence", "code_list": " AU ", "target_commodity": "Gold", "lon": -114.72904, "lat": 44.89348 }, "geometry": { "type": "Point", "coordinates": [ -114.72904, 44.89348 ] } },
{ "type": "Feature", "properties": { "dep_id": "10070900", "site_name": "Hospital Bar Placer", "dev_stat": "Prospect", "code_list": " AU ", "target_commodity": "Gold", "lon": -114.7861, "lat": 44.8342 }, "geometry": { "type": "Point", "coordinates": [ -114.7861, 44.8342 ] } },
{ "type": "Feature", "properties": { "dep_id": "10070901", "site_name": "Simplot Ranch Placer", "dev_stat": "Occurrence", "code_list": " AU ", "target_commodity": "Gold", "lon": -114.80874, "lat": 44.80738 }, "geometry": { "type": "Point", "coordinates": [ -114.80874, 44.80738 ] } },
{ "type": "Feature", "properties": { "dep_id": "10070916", "site_name": "Woodtick Group", "dev_stat": "Prospect", "code_list": " AU ", "target_commodity": "Gold", "lon": -114.68564, "lat": 44.80238 }, "geometry": { "type": "Point", "coordinates": [ -114.68564, 44.80238 ] } },
{ "type": "Feature", "properties": { "dep_id": "10070920", "site_name": "Aparejo Point Placer", "dev_stat": "Occurrence", "code_list": " AU ", "target_commodity": "Gold", "lon": -114.72174, "lat": 44.93408 }, "geometry": { "type": "Point", "coordinates": [ -114.72174, 44.93408 ] } },
{ "type": "Feature", "properties": { "dep_id": "10070922", "site_name": "Broken Oar Placer", "dev_stat": "Occurrence", "code_list": " AU ", "target_commodity": "Gold", "lon": -114.73014, "lat": 44.91098 }, "geometry": { "type": "Point", "coordinates": [ -114.73014, 44.91098 ] } },
{ "type": "Feature", "properties": { "dep_id": "10070939", "site_name": "Highland Claim", "dev_stat": "Occurrence", "code_list": " AU ", "target_commodity": "Gold", "lon": -115.06095, "lat": 44.95818 }, "geometry": { "type": "Point", "coordinates": [ -115.06095, 44.95818 ] } },
{ "type": "Feature", "properties": { "dep_id": "10070944", "site_name": "Bear Creek Placer", "dev_stat": "Occurrence", "code_list": " AU ", "target_commodity": "Gold", "lon": -114.72904, "lat": 44.90048 }, "geometry": { "type": "Point", "coordinates": [ -114.72904, 44.90048 ] } },
{ "type": "Feature", "properties": { "dep_id": "10070945", "site_name": "Camas Creek Placer", "dev_stat": "Occurrence", "code_list": " AU ", "target_commodity": "Gold", "lon": -114.72594, "lat": 44.88958 }, "geometry": { "type": "Point", "coordinates": [ -114.72594, 44.88958 ] } },
{ "type": "Feature", "properties": { "dep_id": "10070948", "site_name": "Reservoir Creek Placer", "dev_stat": "Occurrence", "code_list": " AU ", "target_commodity": "Gold", "lon": -114.72704, "lat": 44.96298 }, "geometry": { "type": "Point", "coordinates": [ -114.72704, 44.96298 ] } },
{ "type": "Feature", "properties": { "dep_id": "10070949", "site_name": "Sheep Creek Ranch Placer", "dev_stat": "Occurrence", "code_list": " AU ", "target_commodity": "Gold", "lon": -114.72764, "lat": 44.93958 }, "geometry": { "type": "Point", "coordinates": [ -114.72764, 44.93958 ] } },
{ "type": "Feature", "properties": { "dep_id": "10070951", "site_name": "Broken Hill Mine", "dev_stat": "Past Producer", "code_list": " CU AU ", "target_commodity": "Gold", "lon": -114.54123, "lat": 44.97458 }, "geometry": { "type": "Point", "coordinates": [ -114.54123, 44.97458 ] } },
{ "type": "Feature", "properties": { "dep_id": "10070952", "site_name": "Lucky Boy Placer", "dev_stat": "Occurrence", "code_list": " AU ", "target_commodity": "Gold", "lon": -115.25036, "lat": 44.86848 }, "geometry": { "type": "Point", "coordinates": [ -115.25036, 44.86848 ] } },
{ "type": "Feature", "properties": { "dep_id": "10070956", "site_name": "Boulder Creek Prospect", "dev_stat": "Occurrence", "code_list": " AU ", "target_commodity": "Gold", "lon": -115.22426, "lat": 44.92518 }, "geometry": { "type": "Point", "coordinates": [ -115.22426, 44.92518 ] } },
{ "type": "Feature", "properties": { "dep_id": "10071013", "site_name": "Copper King Prospect", "dev_stat": "Occurrence", "code_list": " AU ", "target_commodity": "Gold", "lon": -115.48096, "lat": 44.94208 }, "geometry": { "type": "Point", "coordinates": [ -115.48096, 44.94208 ] } },
{ "type": "Feature", "properties": { "dep_id": "10071014", "site_name": "Bonanza Deposit", "dev_stat": "Occurrence", "code_list": " AU ", "target_commodity": "Gold", "lon": -115.31786, "lat": 44.94488 }, "geometry": { "type": "Point", "coordinates": [ -115.31786, 44.94488 ] } },
{ "type": "Feature", "properties": { "dep_id": "10071016", "site_name": "Madam Queen Prospect", "dev_stat": "Occurrence", "code_list": " AU ", "target_commodity": "Gold", "lon": -115.32376, "lat": 44.94238 }, "geometry": { "type": "Point", "coordinates": [ -115.32376, 44.94238 ] } },
{ "type": "Feature", "properties": { "dep_id": "10071020", "site_name": "Yellow Pine Mine", "dev_stat": "Occurrence", "code_list": " AU ", "target_commodity": "Gold", "lon": -115.33568, "lat": 44.9271 }, "geometry": { "type": "Point", "coordinates": [ -115.33568, 44.9271 ] } },
{ "type": "Feature", "properties": { "dep_id": "10071021", "site_name": "Monday Prospect", "dev_stat": "Occurrence", "code_list": " AU ", "target_commodity": "Gold", "lon": -115.33766, "lat": 44.92378 }, "geometry": { "type": "Point", "coordinates": [ -115.33766, 44.92378 ] } },
{ "type": "Feature", "properties": { "dep_id": "10071022", "site_name": "North Tunnel Prospect", "dev_stat": "Occurrence", "code_list": " AU ", "target_commodity": "Gold", "lon": -115.34036, "lat": 44.90928 }, "geometry": { "type": "Point", "coordinates": [ -115.34036, 44.90928 ] } },
{ "type": "Feature", "properties": { "dep_id": "10071023", "site_name": "Garnet Creek Prospect", "dev_stat": "Occurrence", "code_list": " AU ", "target_commodity": "Gold", "lon": -115.31536, "lat": 44.90928 }, "geometry": { "type": "Point", "coordinates": [ -115.31536, 44.90928 ] } },
{ "type": "Feature", "properties": { "dep_id": "10071031", "site_name": "Hintz Prospect", "dev_stat": "Prospect", "code_list": " AU AG ", "target_commodity": "Gold", "lon": -114.5869, "lat": 44.9531 }, "geometry": { "type": "Point", "coordinates": [ -114.5869, 44.9531 ] } },
{ "type": "Feature", "properties": { "dep_id": "10071037", "site_name": "Silver Creek Placer", "dev_stat": "Occurrence", "code_list": " AU SN ", "target_commodity": "Gold", "lon": -114.43783, "lat": 44.8657 }, "geometry": { "type": "Point", "coordinates": [ -114.43783, 44.8657 ] } },
{ "type": "Feature", "properties": { "dep_id": "10071038", "site_name": "Watchtower Prospect", "dev_stat": "Prospect", "code_list": " TE AU ", "target_commodity": "Gold", "lon": -114.42173, "lat": 44.86209 }, "geometry": { "type": "Point", "coordinates": [ -114.42173, 44.86209 ] } },
{ "type": "Feature", "properties": { "dep_id": "10071045", "site_name": "Rabbitfoot Mine", "dev_stat": "Past Producer", "code_list": " AU AG ", "target_commodity": "Gold", "lon": -114.33903, "lat": 44.88379 }, "geometry": { "type": "Point", "coordinates": [ -114.33903, 44.88379 ] } },
{ "type": "Feature", "properties": { "dep_id": "10071307", "site_name": "Geary Placer", "dev_stat": "Past Producer", "code_list": " AU ", "target_commodity": "Gold", "lon": -116.0182, "lat": 45.84407 }, "geometry": { "type": "Point", "coordinates": [ -116.0182, 45.84407 ] } },
{ "type": "Feature", "properties": { "dep_id": "10071452", "site_name": "Clara Ophelia Placer", "dev_stat": "Occurrence", "code_list": " AU ", "target_commodity": "Gold", "lon": -115.94929, "lat": 45.82817 }, "geometry": { "type": "Point", "coordinates": [ -115.94929, 45.82817 ] } },
{ "type": "Feature", "properties": { "dep_id": "10071453", "site_name": "Fisher Placer", "dev_stat": "Past Producer", "code_list": " AU ", "target_commodity": "Gold", "lon": -115.92569, "lat": 45.84267 }, "geometry": { "type": "Point", "coordinates": [ -115.92569, 45.84267 ] } },
{ "type": "Feature", "properties": { "dep_id": "10071454", "site_name": "Grouse Creek Placer", "dev_stat": "Past Producer", "code_list": " AU AG ", "target_commodity": "Gold", "lon": -115.98379, "lat": 45.83177 }, "geometry": { "type": "Point", "coordinates": [ -115.98379, 45.83177 ] } },
{ "type": "Feature", "properties": { "dep_id": "10071455", "site_name": "Tyee Placer", "dev_stat": "Past Producer", "code_list": " AU U ", "target_commodity": "Gold", "lon": -115.39037, "lat": 45.72797 }, "geometry": { "type": "Point", "coordinates": [ -115.39037, 45.72797 ] } },
{ "type": "Feature", "properties": { "dep_id": "10071457", "site_name": "Monolith Group Mine", "dev_stat": "Past Producer", "code_list": " AU PB ", "target_commodity": "Gold", "lon": -114.28787, "lat": 45.38488 }, "geometry": { "type": "Point", "coordinates": [ -114.28787, 45.38488 ] } },
{ "type": "Feature", "properties": { "dep_id": "10071458", "site_name": "Grunter Mine", "dev_stat": "Past Producer", "code_list": " AU W ", "target_commodity": "Gold", "lon": -114.2889, "lat": 45.3736 }, "geometry": { "type": "Point", "coordinates": [ -114.2889, 45.3736 ] } },
{ "type": "Feature", "properties": { "dep_id": "10071459", "site_name": "Snowdrift Claim", "dev_stat": "Past Producer", "code_list": " AU MIC ", "target_commodity": "Gold", "lon": -114.23593, "lat": 45.40989 }, "geometry": { "type": "Point", "coordinates": [ -114.23593, 45.40989 ] } },
{ "type": "Feature", "properties": { "dep_id": "10071463", "site_name": "Shell Creek Placer", "dev_stat": "Past Producer", "code_list": " AU FE ", "target_commodity": "Gold", "lon": -114.54234, "lat": 45.30128 }, "geometry": { "type": "Point", "coordinates": [ -114.54234, 45.30128 ] } },
{ "type": "Feature", "properties": { "dep_id": "10071464", "site_name": "Colson Creek Placer", "dev_stat": "Past Producer", "code_list": " AU FE ", "target_commodity": "Gold", "lon": -114.53284, "lat": 45.29848 }, "geometry": { "type": "Point", "coordinates": [ -114.53284, 45.29848 ] } },
{ "type": "Feature", "properties": { "dep_id": "10071465", "site_name": "Blue Mine", "dev_stat": "Past Producer", "code_list": " AU FE ", "target_commodity": "Gold", "lon": -114.59066, "lat": 45.2946 }, "geometry": { "type": "Point", "coordinates": [ -114.59066, 45.2946 ] } },
{ "type": "Feature", "properties": { "dep_id": "10071466", "site_name": "Nixon Bar", "dev_stat": "Past Producer", "code_list": " AU ABR_G ", "target_commodity": "Gold", "lon": -115.06906, "lat": 45.50958 }, "geometry": { "type": "Point", "coordinates": [ -115.06906, 45.50958 ] } },
{ "type": "Feature", "properties": { "dep_id": "10071467", "site_name": "Cory Bar", "dev_stat": "Past Producer", "code_list": " AU ABR_G ", "target_commodity": "Gold", "lon": -114.98956, "lat": 45.49158 }, "geometry": { "type": "Point", "coordinates": [ -114.98956, 45.49158 ] } },
{ "type": "Feature", "properties": { "dep_id": "10071468", "site_name": "Elkhorn Bar", "dev_stat": "Past Producer", "code_list": " AU ABR_G ", "target_commodity": "Gold", "lon": -114.92178, "lat": 45.44877 }, "geometry": { "type": "Point", "coordinates": [ -114.92178, 45.44877 ] } },
{ "type": "Feature", "properties": { "dep_id": "10071469", "site_name": "Lantz Bar", "dev_stat": "Past Producer", "code_list": " AU ABR_G ", "target_commodity": "Gold", "lon": -114.87345, "lat": 45.41908 }, "geometry": { "type": "Point", "coordinates": [ -114.87345, 45.41908 ] } },
{ "type": "Feature", "properties": { "dep_id": "10071470", "site_name": "Allison Ranch Placer", "dev_stat": "Past Producer", "code_list": " AU ABR_G ", "target_commodity": "Gold", "lon": -115.22847, "lat": 45.56048 }, "geometry": { "type": "Point", "coordinates": [ -115.22847, 45.56048 ] } },
{ "type": "Feature", "properties": { "dep_id": "10071471", "site_name": "Gold Dust Sonny Placer", "dev_stat": "Past Producer", "code_list": " AU ABR_G ", "target_commodity": "Gold", "lon": -115.31127, "lat": 45.52598 }, "geometry": { "type": "Point", "coordinates": [ -115.31127, 45.52598 ] } },
{ "type": "Feature", "properties": { "dep_id": "10071472", "site_name": "Boise Bar", "dev_stat": "Past Producer", "code_list": " AU FE ", "target_commodity": "Gold", "lon": -115.44597, "lat": 45.43817 }, "geometry": { "type": "Point", "coordinates": [ -115.44597, 45.43817 ] } },
{ "type": "Feature", "properties": { "dep_id": "10071473", "site_name": "Rattlesnake Bar", "dev_stat": "Past Producer", "code_list": " AU FE ", "target_commodity": "Gold", "lon": -115.15626, "lat": 45.54498 }, "geometry": { "type": "Point", "coordinates": [ -115.15626, 45.54498 ] } },
{ "type": "Feature", "properties": { "dep_id": "10071475", "site_name": "Boise Creek Prospect", "dev_stat": "Prospect", "code_list": " AU FLD ", "target_commodity": "Gold", "lon": -115.43927, "lat": 45.44927 }, "geometry": { "type": "Point", "coordinates": [ -115.43927, 45.44927 ] } },
{ "type": "Feature", "properties": { "dep_id": "10071477", "site_name": "Antimony Rainbow Group Mine", "dev_stat": "Producer", "code_list": " SB AU ", "target_commodity": "Gold", "lon": -115.40096, "lat": 45.13682 }, "geometry": { "type": "Point", "coordinates": [ -115.40096, 45.13682 ] } },
{ "type": "Feature", "properties": { "dep_id": "10071483", "site_name": "C. O. Pell Placer", "dev_stat": "Past Producer", "code_list": " AU ", "target_commodity": "Gold", "lon": -115.66849, "lat": 45.96177 }, "geometry": { "type": "Point", "coordinates": [ -115.66849, 45.96177 ] } },
{ "type": "Feature", "properties": { "dep_id": "10071484", "site_name": "Pioneer Deposit", "dev_stat": "Past Producer", "code_list": " AU CU ", "target_commodity": "Gold", "lon": -115.43628, "lat": 45.89377 }, "geometry": { "type": "Point", "coordinates": [ -115.43628, 45.89377 ] } },
{ "type": "Feature", "properties": { "dep_id": "10071485", "site_name": "Mountain Boy Deposit", "dev_stat": "Past Producer", "code_list": " AU AG ", "target_commodity": "Gold", "lon": -115.53318, "lat": 45.82547 }, "geometry": { "type": "Point", "coordinates": [ -115.53318, 45.82547 ] } },
{ "type": "Feature", "properties": { "dep_id": "10071486", "site_name": "Major Claim", "dev_stat": "Past Producer", "code_list": " AU AG ", "target_commodity": "Gold", "lon": -115.42158, "lat": 45.83907 }, "geometry": { "type": "Point", "coordinates": [ -115.42158, 45.83907 ] } },
{ "type": "Feature", "properties": { "dep_id": "10071487", "site_name": "Old Lemroe Deposit", "dev_stat": "Occurrence", "code_list": " AU AG ", "target_commodity": "Gold", "lon": -115.41128, "lat": 45.83267 }, "geometry": { "type": "Point", "coordinates": [ -115.41128, 45.83267 ] } },
{ "type": "Feature", "properties": { "dep_id": "10071488", "site_name": "Whitaker Deposit", "dev_stat": "Occurrence", "code_list": " AU ", "target_commodity": "Gold", "lon": -115.41908, "lat": 45.81987 }, "geometry": { "type": "Point", "coordinates": [ -115.41908, 45.81987 ] } },
{ "type": "Feature", "properties": { "dep_id": "10071489", "site_name": "Revenue Prospect", "dev_stat": "Occurrence", "code_list": " AU AG ", "target_commodity": "Gold", "lon": -115.47318, "lat": 45.80457 }, "geometry": { "type": "Point", "coordinates": [ -115.47318, 45.80457 ] } },
{ "type": "Feature", "properties": { "dep_id": "10071490", "site_name": "Friday Claims Nos. 1 & 2", "dev_stat": "Prospect", "code_list": " AU AG ", "target_commodity": "Gold", "lon": -115.46768, "lat": 45.79987 }, "geometry": { "type": "Point", "coordinates": [ -115.46768, 45.79987 ] } },
{ "type": "Feature", "properties": { "dep_id": "10071491", "site_name": "Red Horse Placer", "dev_stat": "Past Producer", "code_list": " AU ", "target_commodity": "Gold", "lon": -115.39818, "lat": 45.80767 }, "geometry": { "type": "Point", "coordinates": [ -115.39818, 45.80767 ] } },
{ "type": "Feature", "properties": { "dep_id": "10071493", "site_name": "Bullion Mine", "dev_stat": "Past Producer", "code_list": " AU CU ", "target_commodity": "Gold", "lon": -115.58288, "lat": 45.72847 }, "geometry": { "type": "Point", "coordinates": [ -115.58288, 45.72847 ] } },
{ "type": "Feature", "properties": { "dep_id": "10071494", "site_name": "Deadwood Creek Placer", "dev_stat": "Occurrence", "code_list": " AU ", "target_commodity": "Gold", "lon": -115.47959, "lat": 45.78681 }, "geometry": { "type": "Point", "coordinates": [ -115.47959, 45.78681 ] } },
{ "type": "Feature", "properties": { "dep_id": "10071495", "site_name": "Grangeville Prospect", "dev_stat": "Past Producer", "code_list": " AU ", "target_commodity": "Gold", "lon": -115.49488, "lat": 45.75847 }, "geometry": { "type": "Point", "coordinates": [ -115.49488, 45.75847 ] } },
{ "type": "Feature", "properties": { "dep_id": "10071496", "site_name": "Baner Group", "dev_stat": "Past Producer", "code_list": " AU AG ", "target_commodity": "Gold", "lon": -115.51628, "lat": 45.76597 }, "geometry": { "type": "Point", "coordinates": [ -115.51628, 45.76597 ] } },
{ "type": "Feature", "properties": { "dep_id": "10071497", "site_name": "Victory Placers", "dev_stat": "Occurrence", "code_list": " AU ", "target_commodity": "Gold", "lon": -115.53628, "lat": 45.71737 }, "geometry": { "type": "Point", "coordinates": [ -115.53628, 45.71737 ] } },
{ "type": "Feature", "properties": { "dep_id": "10071498", "site_name": "Happy Day Placer", "dev_stat": "Past Producer", "code_list": " AU ", "target_commodity": "Gold", "lon": -115.41287, "lat": 45.73047 }, "geometry": { "type": "Point", "coordinates": [ -115.41287, 45.73047 ] } },
{ "type": "Feature", "properties": { "dep_id": "10071499", "site_name": "J and M Placer Claim", "dev_stat": "Past Producer", "code_list": " AU AG ", "target_commodity": "Gold", "lon": -115.38127, "lat": 45.77157 }, "geometry": { "type": "Point", "coordinates": [ -115.38127, 45.77157 ] } },
{ "type": "Feature", "properties": { "dep_id": "10071500", "site_name": "Kitchen Homestead Placer", "dev_stat": "Occurrence", "code_list": " AU ", "target_commodity": "Gold", "lon": -115.39097, "lat": 45.76987 }, "geometry": { "type": "Point", "coordinates": [ -115.39097, 45.76987 ] } },
{ "type": "Feature", "properties": { "dep_id": "10071501", "site_name": "Gibler - Homestead Placer", "dev_stat": "Occurrence", "code_list": " AU ", "target_commodity": "Gold", "lon": -115.40457, "lat": 45.73157 }, "geometry": { "type": "Point", "coordinates": [ -115.40457, 45.73157 ] } },
{ "type": "Feature", "properties": { "dep_id": "10071502", "site_name": "Patrin Placer Claims", "dev_stat": "Past Producer", "code_list": " AU ", "target_commodity": "Gold", "lon": -115.38817, "lat": 45.72597 }, "geometry": { "type": "Point", "coordinates": [ -115.38817, 45.72597 ] } },
{ "type": "Feature", "properties": { "dep_id": "10071503", "site_name": "Elizabeth Placer", "dev_stat": "Occurrence", "code_list": " AU ", "target_commodity": "Gold", "lon": -115.38537, "lat": 45.71267 }, "geometry": { "type": "Point", "coordinates": [ -115.38537, 45.71267 ] } },
{ "type": "Feature", "properties": { "dep_id": "10071505", "site_name": "Penman Deposit", "dev_stat": "Past Producer", "code_list": " AU AG ", "target_commodity": "Gold", "lon": -115.52728, "lat": 45.66317 }, "geometry": { "type": "Point", "coordinates": [ -115.52728, 45.66317 ] } },
{ "type": "Feature", "properties": { "dep_id": "10071506", "site_name": "Lucky Lad Deposit", "dev_stat": "Occurrence", "code_list": " AU ", "target_commodity": "Gold", "lon": -115.68518, "lat": 45.61737 }, "geometry": { "type": "Point", "coordinates": [ -115.68518, 45.61737 ] } },
{ "type": "Feature", "properties": { "dep_id": "10071508", "site_name": "Goldmaster Deposit", "dev_stat": "Occurrence", "code_list": " AU ", "target_commodity": "Gold", "lon": -115.54154, "lat": 45.6082 }, "geometry": { "type": "Point", "coordinates": [ -115.54154, 45.6082 ] } },
{ "type": "Feature", "properties": { "dep_id": "10071509", "site_name": "Lamb Creek Diggings", "dev_stat": "Past Producer", "code_list": " AU ", "target_commodity": "Gold", "lon": -115.52128, "lat": 45.62127 }, "geometry": { "type": "Point", "coordinates": [ -115.52128, 45.62127 ] } },
{ "type": "Feature", "properties": { "dep_id": "10071510", "site_name": "American Mine", "dev_stat": "Past Producer", "code_list": " AU PB ", "target_commodity": "Gold", "lon": -115.45737, "lat": 45.56267 }, "geometry": { "type": "Point", "coordinates": [ -115.45737, 45.56267 ] } },
{ "type": "Feature", "properties": { "dep_id": "10071511", "site_name": "Crooked Creek Placer", "dev_stat": "Past Producer", "code_list": " AU TI ", "target_commodity": "Gold", "lon": -115.45875, "lat": 45.54459 }, "geometry": { "type": "Point", "coordinates": [ -115.45875, 45.54459 ] } },
{ "type": "Feature", "properties": { "dep_id": "10071512", "site_name": "Olive Creek Placers", "dev_stat": "Past Producer", "code_list": " AU ", "target_commodity": "Gold", "lon": -115.48707, "lat": 45.56157 }, "geometry": { "type": "Point", "coordinates": [ -115.48707, 45.56157 ] } },
{ "type": "Feature", "properties": { "dep_id": "10071513", "site_name": "Dixie Comstock Mine", "dev_stat": "Past Producer", "code_list": " PB AG AU ", "target_commodity": "Gold", "lon": -115.45819, "lat": 45.51348 }, "geometry": { "type": "Point", "coordinates": [ -115.45819, 45.51348 ] } },
{ "type": "Feature", "properties": { "dep_id": "10071514", "site_name": "Mammoth Deposit", "dev_stat": "Prospect", "code_list": " AU PB ", "target_commodity": "Gold", "lon": -115.48958, "lat": 45.46293 }, "geometry": { "type": "Point", "coordinates": [ -115.48958, 45.46293 ] } },
{ "type": "Feature", "properties": { "dep_id": "10071516", "site_name": "Jewell Deposit", "dev_stat": "Past Producer", "code_list": " AU PB ", "target_commodity": "Gold", "lon": -115.85098, "lat": 45.43737 }, "geometry": { "type": "Point", "coordinates": [ -115.85098, 45.43737 ] } },
{ "type": "Feature", "properties": { "dep_id": "10071517", "site_name": "Daisy Deposit", "dev_stat": "Past Producer", "code_list": " AU ", "target_commodity": "Gold", "lon": -115.86658, "lat": 45.42547 }, "geometry": { "type": "Point", "coordinates": [ -115.86658, 45.42547 ] } },
{ "type": "Feature", "properties": { "dep_id": "10071518", "site_name": "Old Kentuck Deposit", "dev_stat": "Past Producer", "code_list": " AU AG ", "target_commodity": "Gold", "lon": -115.86908, "lat": 45.41517 }, "geometry": { "type": "Point", "coordinates": [ -115.86908, 45.41517 ] } },
{ "type": "Feature", "properties": { "dep_id": "10071519", "site_name": "Sherman Howe Deposit", "dev_stat": "Past Producer", "code_list": " AU ", "target_commodity": "Gold", "lon": -115.86708, "lat": 45.40957 }, "geometry": { "type": "Point", "coordinates": [ -115.86708, 45.40957 ] } },
{ "type": "Feature", "properties": { "dep_id": "10071520", "site_name": "Harris-Holte Mine", "dev_stat": "Past Producer", "code_list": " AU PB ", "target_commodity": "Gold", "lon": -115.85488, "lat": 45.40677 }, "geometry": { "type": "Point", "coordinates": [ -115.85488, 45.40677 ] } },
{ "type": "Feature", "properties": { "dep_id": "10071521", "site_name": "Hinkson - Bishop Mine", "dev_stat": "Past Producer", "code_list": " AU AG PB ", "target_commodity": "Gold", "lon": -115.84788, "lat": 45.40047 }, "geometry": { "type": "Point", "coordinates": [ -115.84788, 45.40047 ] } },
{ "type": "Feature", "properties": { "dep_id": "10071522", "site_name": "Juno Deposit", "dev_stat": "Occurrence", "code_list": " AU ", "target_commodity": "Gold", "lon": -115.80238, "lat": 45.40597 }, "geometry": { "type": "Point", "coordinates": [ -115.80238, 45.40597 ] } },
{ "type": "Feature", "properties": { "dep_id": "10071523", "site_name": "Tuttle Deposit", "dev_stat": "Prospect", "code_list": " AU ", "target_commodity": "Gold", "lon": -115.82708, "lat": 45.38377 }, "geometry": { "type": "Point", "coordinates": [ -115.82708, 45.38377 ] } },
{ "type": "Feature", "properties": { "dep_id": "10071524", "site_name": "Duerden Prospect", "dev_stat": "Prospect", "code_list": " AG PB AU ", "target_commodity": "Gold", "lon": -115.91238, "lat": 45.33677 }, "geometry": { "type": "Point", "coordinates": [ -115.91238, 45.33677 ] } },
{ "type": "Feature", "properties": { "dep_id": "10071526", "site_name": "Gold Run Mine", "dev_stat": "Past Producer", "code_list": " AU PB ", "target_commodity": "Gold", "lon": -115.83318, "lat": 45.36517 }, "geometry": { "type": "Point", "coordinates": [ -115.83318, 45.36517 ] } },
{ "type": "Feature", "properties": { "dep_id": "10071527", "site_name": "War Eagle Prospect", "dev_stat": "Prospect", "code_list": " AU FE ", "target_commodity": "Gold", "lon": -115.80018, "lat": 45.32707 }, "geometry": { "type": "Point", "coordinates": [ -115.80018, 45.32707 ] } },
{ "type": "Feature", "properties": { "dep_id": "10071528", "site_name": "Buck Placer", "dev_stat": "Past Producer", "code_list": " AU ", "target_commodity": "Gold", "lon": -115.71768, "lat": 45.34178 }, "geometry": { "type": "Point", "coordinates": [ -115.71768, 45.34178 ] } },
{ "type": "Feature", "properties": { "dep_id": "10071529", "site_name": "Schissler Creek Placer", "dev_stat": "Past Producer", "code_list": " AU AG ", "target_commodity": "Gold", "lon": -115.72658, "lat": 45.32267 }, "geometry": { "type": "Point", "coordinates": [ -115.72658, 45.32267 ] } },
{ "type": "Feature", "properties": { "dep_id": "10071530", "site_name": "Keystone Meadows Placer", "dev_stat": "Occurrence", "code_list": " AU ", "target_commodity": "Gold", "lon": -115.69788, "lat": 45.22957 }, "geometry": { "type": "Point", "coordinates": [ -115.69788, 45.22957 ] } },
{ "type": "Feature", "properties": { "dep_id": "10071531", "site_name": "Thomas Creek Placer", "dev_stat": "Past Producer", "code_list": " AU ", "target_commodity": "Gold", "lon": -115.70098, "lat": 45.3082 }, "geometry": { "type": "Point", "coordinates": [ -115.70098, 45.3082 ] } },
{ "type": "Feature", "properties": { "dep_id": "10071532", "site_name": "Section 33 Lead - Zinc Vein", "dev_stat": "Occurrence", "code_list": " PB ZN AU ", "target_commodity": "Gold", "lon": -115.72268, "lat": 45.29067 }, "geometry": { "type": "Point", "coordinates": [ -115.72268, 45.29067 ] } },
{ "type": "Feature", "properties": { "dep_id": "10071533", "site_name": "Thorpe Placer", "dev_stat": "Past Producer", "code_list": " AU ABR_G ", "target_commodity": "Gold", "lon": -115.83268, "lat": 45.25627 }, "geometry": { "type": "Point", "coordinates": [ -115.83268, 45.25627 ] } },
{ "type": "Feature", "properties": { "dep_id": "10071536", "site_name": "Gold Vein Deposit", "dev_stat": "Occurrence", "code_list": " AU ", "target_commodity": "Gold", "lon": -115.67788, "lat": 45.27767 }, "geometry": { "type": "Point", "coordinates": [ -115.67788, 45.27767 ] } },
{ "type": "Feature", "properties": { "dep_id": "10071537", "site_name": "McGovern and Hackney Placer", "dev_stat": "Past Producer", "code_list": " AU ", "target_commodity": "Gold", "lon": -115.70628, "lat": 45.28677 }, "geometry": { "type": "Point", "coordinates": [ -115.70628, 45.28677 ] } },
{ "type": "Feature", "properties": { "dep_id": "10071538", "site_name": "Gold Prospect", "dev_stat": "Occurrence", "code_list": " AU ", "target_commodity": "Gold", "lon": -115.69708, "lat": 45.27177 }, "geometry": { "type": "Point", "coordinates": [ -115.69708, 45.27177 ] } },
{ "type": "Feature", "properties": { "dep_id": "10071539", "site_name": "Hoodoo Creek Placer", "dev_stat": "Past Producer", "code_list": " AU ", "target_commodity": "Gold", "lon": -115.73158, "lat": 45.26127 }, "geometry": { "type": "Point", "coordinates": [ -115.73158, 45.26127 ] } },
{ "type": "Feature", "properties": { "dep_id": "10071540", "site_name": "Lucky Ben Mine", "dev_stat": "Past Producer", "code_list": " AU AG ", "target_commodity": "Gold", "lon": -115.71878, "lat": 45.25427 }, "geometry": { "type": "Point", "coordinates": [ -115.71878, 45.25427 ] } },
{ "type": "Feature", "properties": { "dep_id": "10071541", "site_name": "Goodenough Mine", "dev_stat": "Past Producer", "code_list": " AU PB ", "target_commodity": "Gold", "lon": -115.69458, "lat": 45.25207 }, "geometry": { "type": "Point", "coordinates": [ -115.69458, 45.25207 ] } },
{ "type": "Feature", "properties": { "dep_id": "10071543", "site_name": "Rescue Mine", "dev_stat": "Producer", "code_list": " AU PB ", "target_commodity": "Gold", "lon": -115.66927, "lat": 45.25707 }, "geometry": { "type": "Point", "coordinates": [ -115.66927, 45.25707 ] } },
{ "type": "Feature", "properties": { "dep_id": "10071544", "site_name": "Little Giant Mine", "dev_stat": "Past Producer", "code_list": " AU W ", "target_commodity": "Gold", "lon": -115.68178, "lat": 45.26157 }, "geometry": { "type": "Point", "coordinates": [ -115.68178, 45.26157 ] } },
{ "type": "Feature", "properties": { "dep_id": "10071545", "site_name": "Silver King Mine", "dev_stat": "Past Producer", "code_list": " AG AU ", "target_commodity": "Gold", "lon": -115.66737, "lat": 45.26597 }, "geometry": { "type": "Point", "coordinates": [ -115.66737, 45.26597 ] } },
{ "type": "Feature", "properties": { "dep_id": "10071546", "site_name": "Slaughter Creek Placer", "dev_stat": "Past Producer", "code_list": " AU ", "target_commodity": "Gold", "lon": -115.66847, "lat": 45.26157 }, "geometry": { "type": "Point", "coordinates": [ -115.66847, 45.26157 ] } },
{ "type": "Feature", "properties": { "dep_id": "10071547", "site_name": "Pearl Placer", "dev_stat": "Past Producer", "code_list": " AU ", "target_commodity": "Gold", "lon": -115.66177, "lat": 45.23877 }, "geometry": { "type": "Point", "coordinates": [ -115.66177, 45.23877 ] } },
{ "type": "Feature", "properties": { "dep_id": "10071548", "site_name": "Tramp Mine", "dev_stat": "Past Producer", "code_list": " AU ", "target_commodity": "Gold", "lon": -115.69428, "lat": 45.24047 }, "geometry": { "type": "Point", "coordinates": [ -115.69428, 45.24047 ] } },
{ "type": "Feature", "properties": { "dep_id": "10071549", "site_name": "Delaware Mine", "dev_stat": "Past Producer", "code_list": " AU AG ", "target_commodity": "Gold", "lon": -115.70818, "lat": 45.24597 }, "geometry": { "type": "Point", "coordinates": [ -115.70818, 45.24597 ] } },
{ "type": "Feature", "properties": { "dep_id": "10071550", "site_name": "Hornet Vein", "dev_stat": "Prospect", "code_list": " AU ", "target_commodity": "Gold", "lon": -115.70904, "lat": 45.24515 }, "geometry": { "type": "Point", "coordinates": [ -115.70904, 45.24515 ] } },
{ "type": "Feature", "properties": { "dep_id": "10071551", "site_name": "Knott Mine", "dev_stat": "Past Producer", "code_list": " AU ", "target_commodity": "Gold", "lon": -115.70848, "lat": 45.24407 }, "geometry": { "type": "Point", "coordinates": [ -115.70848, 45.24407 ] } },
{ "type": "Feature", "properties": { "dep_id": "10071552", "site_name": "Arlise Vein Mine", "dev_stat": "Past Producer", "code_list": " AU ZN ", "target_commodity": "Gold", "lon": -115.72348, "lat": 45.25207 }, "geometry": { "type": "Point", "coordinates": [ -115.72348, 45.25207 ] } },
{ "type": "Feature", "properties": { "dep_id": "10071553", "site_name": "Emily Mine", "dev_stat": "Past Producer", "code_list": " AU ABR_G PB ", "target_commodity": "Gold", "lon": -115.72158, "lat": 45.25487 }, "geometry": { "type": "Point", "coordinates": [ -115.72158, 45.25487 ] } },
{ "type": "Feature", "properties": { "dep_id": "10071554", "site_name": "Minnehaha Vein Deposit", "dev_stat": "Past Producer", "code_list": " AU CU ", "target_commodity": "Gold", "lon": -115.71208, "lat": 45.23267 }, "geometry": { "type": "Point", "coordinates": [ -115.71208, 45.23267 ] } },
{ "type": "Feature", "properties": { "dep_id": "10071555", "site_name": "Mohawk Vein Deposit", "dev_stat": "Prospect", "code_list": " AU AG ", "target_commodity": "Gold", "lon": -115.70792, "lat": 45.23626 }, "geometry": { "type": "Point", "coordinates": [ -115.70792, 45.23626 ] } },
{ "type": "Feature", "properties": { "dep_id": "10071556", "site_name": "Summit Vein Deposit", "dev_stat": "Past Producer", "code_list": " AU ", "target_commodity": "Gold", "lon": -115.70908, "lat": 45.23267 }, "geometry": { "type": "Point", "coordinates": [ -115.70908, 45.23267 ] } },
{ "type": "Feature", "properties": { "dep_id": "10071557", "site_name": "Rainier Vein Deposit", "dev_stat": "Past Producer", "code_list": " AU AG ", "target_commodity": "Gold", "lon": -115.69568, "lat": 45.23347 }, "geometry": { "type": "Point", "coordinates": [ -115.69568, 45.23347 ] } },
{ "type": "Feature", "properties": { "dep_id": "10071558", "site_name": "Webfoot Creek Placer", "dev_stat": "Past Producer", "code_list": " AU ", "target_commodity": "Gold", "lon": -115.69408, "lat": 45.23157 }, "geometry": { "type": "Point", "coordinates": [ -115.69408, 45.23157 ] } },
{ "type": "Feature", "properties": { "dep_id": "10071559", "site_name": "Gayety Placer", "dev_stat": "Past Producer", "code_list": " AU ", "target_commodity": "Gold", "lon": -115.66567, "lat": 45.23347 }, "geometry": { "type": "Point", "coordinates": [ -115.66567, 45.23347 ] } },
{ "type": "Feature", "properties": { "dep_id": "10071560", "site_name": "Iola Mine", "dev_stat": "Past Producer", "code_list": " AU CU ", "target_commodity": "Gold", "lon": -115.66627, "lat": 45.22627 }, "geometry": { "type": "Point", "coordinates": [ -115.66627, 45.22627 ] } },
{ "type": "Feature", "properties": { "dep_id": "10071561", "site_name": "Gold King Mine", "dev_stat": "Past Producer", "code_list": " AU AG ", "target_commodity": "Gold", "lon": -115.61625, "lat": 45.23154 }, "geometry": { "type": "Point", "coordinates": [ -115.61625, 45.23154 ] } },
{ "type": "Feature", "properties": { "dep_id": "10071562", "site_name": "Kingfish Prospect", "dev_stat": "Past Producer", "code_list": " AU AG ", "target_commodity": "Gold", "lon": -115.61177, "lat": 45.22567 }, "geometry": { "type": "Point", "coordinates": [ -115.61177, 45.22567 ] } },
{ "type": "Feature", "properties": { "dep_id": "10071563", "site_name": "Joe Deposit", "dev_stat": "Occurrence", "code_list": " AG AU ", "target_commodity": "Gold", "lon": -115.31286, "lat": 45.24018 }, "geometry": { "type": "Point", "coordinates": [ -115.31286, 45.24018 ] } },
{ "type": "Feature", "properties": { "dep_id": "10071564", "site_name": "Yates Occurrence", "dev_stat": "Occurrence", "code_list": " AU ", "target_commodity": "Gold", "lon": -115.26956, "lat": 45.22798 }, "geometry": { "type": "Point", "coordinates": [ -115.26956, 45.22798 ] } },
{ "type": "Feature", "properties": { "dep_id": "10071565", "site_name": "Orofino Group", "dev_stat": "Past Producer", "code_list": " AU CU ", "target_commodity": "Gold", "lon": -115.24566, "lat": 45.20428 }, "geometry": { "type": "Point", "coordinates": [ -115.24566, 45.20428 ] } },
{ "type": "Feature", "properties": { "dep_id": "10071566", "site_name": "Merrill and Vance Occurrence", "dev_stat": "Occurrence", "code_list": " AU ", "target_commodity": "Gold", "lon": -115.24656, "lat": 45.21928 }, "geometry": { "type": "Point", "coordinates": [ -115.24656, 45.21928 ] } },
{ "type": "Feature", "properties": { "dep_id": "10071567", "site_name": "Phelan Creek Placer", "dev_stat": "Occurrence", "code_list": " AU ", "target_commodity": "Gold", "lon": -114.14423, "lat": 45.15159 }, "geometry": { "type": "Point", "coordinates": [ -114.14423, 45.15159 ] } },
{ "type": "Feature", "properties": { "dep_id": "10071568", "site_name": "Ladwick Group", "dev_stat": "Occurrence", "code_list": " AU ", "target_commodity": "Gold", "lon": -115.40596, "lat": 45.09548 }, "geometry": { "type": "Point", "coordinates": [ -115.40596, 45.09548 ] } },
{ "type": "Feature", "properties": { "dep_id": "10071570", "site_name": "Gold Vein Deposit", "dev_stat": "Occurrence", "code_list": " AU ", "target_commodity": "Gold", "lon": -115.72268, "lat": 45.26627 }, "geometry": { "type": "Point", "coordinates": [ -115.72268, 45.26627 ] } },
{ "type": "Feature", "properties": { "dep_id": "10071571", "site_name": "Gold Deposit", "dev_stat": "Occurrence", "code_list": " AU ", "target_commodity": "Gold", "lon": -115.66267, "lat": 45.25877 }, "geometry": { "type": "Point", "coordinates": [ -115.66267, 45.25877 ] } },
{ "type": "Feature", "properties": { "dep_id": "10071572", "site_name": "Salmon Canyon Copper Company Prospect", "dev_stat": "Past Producer", "code_list": " CU AU AS ", "target_commodity": "Gold", "lon": -114.5566, "lat": 45.30135 }, "geometry": { "type": "Point", "coordinates": [ -114.5566, 45.30135 ] } },
{ "type": "Feature", "properties": { "dep_id": "10071573", "site_name": "Ross and Ross No. 1 Placer Claims", "dev_stat": "Past Producer", "code_list": " AU AG ", "target_commodity": "Gold", "lon": -115.41348, "lat": 45.82017 }, "geometry": { "type": "Point", "coordinates": [ -115.41348, 45.82017 ] } },
{ "type": "Feature", "properties": { "dep_id": "10071574", "site_name": "George Prezel Placer", "dev_stat": "Past Producer", "code_list": " AU ", "target_commodity": "Gold", "lon": -115.39348, "lat": 45.80457 }, "geometry": { "type": "Point", "coordinates": [ -115.39348, 45.80457 ] } },
{ "type": "Feature", "properties": { "dep_id": "10071575", "site_name": "Leesburg Group", "dev_stat": "Past Producer", "code_list": " AU ", "target_commodity": "Gold", "lon": -114.11263, "lat": 45.22429 }, "geometry": { "type": "Point", "coordinates": [ -114.11263, 45.22429 ] } },
{ "type": "Feature", "properties": { "dep_id": "10071576", "site_name": "Lower Pine Creek Placer", "dev_stat": "Occurrence", "code_list": " AU ", "target_commodity": "Gold", "lon": -114.26953, "lat": 45.34488 }, "geometry": { "type": "Point", "coordinates": [ -114.26953, 45.34488 ] } },
{ "type": "Feature", "properties": { "dep_id": "10071577", "site_name": "Butschke Placer", "dev_stat": "Past Producer", "code_list": " AU ", "target_commodity": "Gold", "lon": -114.23513, "lat": 45.18159 }, "geometry": { "type": "Point", "coordinates": [ -114.23513, 45.18159 ] } },
{ "type": "Feature", "properties": { "dep_id": "10071578", "site_name": "Coffee Gulch Placer", "dev_stat": "Past Producer", "code_list": " AU ", "target_commodity": "Gold", "lon": -114.05262, "lat": 45.26879 }, "geometry": { "type": "Point", "coordinates": [ -114.05262, 45.26879 ] } },
{ "type": "Feature", "properties": { "dep_id": "10071579", "site_name": "Rapps Creek Placer", "dev_stat": "Occurrence", "code_list": " AU ", "target_commodity": "Gold", "lon": -114.18563, "lat": 45.22129 }, "geometry": { "type": "Point", "coordinates": [ -114.18563, 45.22129 ] } },
{ "type": "Feature", "properties": { "dep_id": "10071580", "site_name": "Goff Bros. Placers", "dev_stat": "Past Producer", "code_list": " AU AG ", "target_commodity": "Gold", "lon": -114.21453, "lat": 45.22379 }, "geometry": { "type": "Point", "coordinates": [ -114.21453, 45.22379 ] } },
{ "type": "Feature", "properties": { "dep_id": "10071581", "site_name": "Upper Mackinaw Creek Placers", "dev_stat": "Occurrence", "code_list": " AU ", "target_commodity": "Gold", "lon": -114.19033, "lat": 45.17519 }, "geometry": { "type": "Point", "coordinates": [ -114.19033, 45.17519 ] } },
{ "type": "Feature", "properties": { "dep_id": "10071582", "site_name": "Fisher and Baumhoff Placer Workings", "dev_stat": "Past Producer", "code_list": " AU ", "target_commodity": "Gold", "lon": -115.69038, "lat": 45.27177 }, "geometry": { "type": "Point", "coordinates": [ -115.69038, 45.27177 ] } },
{ "type": "Feature", "properties": { "dep_id": "10071583", "site_name": "Hundred Dollar Gulch Placer", "dev_stat": "Past Producer", "code_list": " AU AG ", "target_commodity": "Gold", "lon": -115.47657, "lat": 45.55487 }, "geometry": { "type": "Point", "coordinates": [ -115.47657, 45.55487 ] } },
{ "type": "Feature", "properties": { "dep_id": "10071585", "site_name": "Lost Miner Deposit", "dev_stat": "Occurrence", "code_list": " PB AU ", "target_commodity": "Gold", "lon": -114.29733, "lat": 45.37208 }, "geometry": { "type": "Point", "coordinates": [ -114.29733, 45.37208 ] } },
{ "type": "Feature", "properties": { "dep_id": "10071586", "site_name": "Brittannic Mine", "dev_stat": "Past Producer", "code_list": " AU ", "target_commodity": "Gold", "lon": -114.29623, "lat": 45.36738 }, "geometry": { "type": "Point", "coordinates": [ -114.29623, 45.36738 ] } },
{ "type": "Feature", "properties": { "dep_id": "10071587", "site_name": "Speculation Mine", "dev_stat": "Past Producer", "code_list": " AU AG ", "target_commodity": "Gold", "lon": -114.29843, "lat": 45.36818 }, "geometry": { "type": "Point", "coordinates": [ -114.29843, 45.36818 ] } },
{ "type": "Feature", "properties": { "dep_id": "10071588", "site_name": "Jameison Group", "dev_stat": "Occurrence", "code_list": " AU ", "target_commodity": "Gold", "lon": -114.3553, "lat": 45.3583 }, "geometry": { "type": "Point", "coordinates": [ -114.3553, 45.3583 ] } },
{ "type": "Feature", "properties": { "dep_id": "10071589", "site_name": "Coan Property", "dev_stat": "Occurrence", "code_list": " AU ", "target_commodity": "Gold", "lon": -114.33783, "lat": 45.35018 }, "geometry": { "type": "Point", "coordinates": [ -114.33783, 45.35018 ] } },
{ "type": "Feature", "properties": { "dep_id": "10071590", "site_name": "Rowe Property", "dev_stat": "Occurrence", "code_list": " AU PB ", "target_commodity": "Gold", "lon": -114.33533, "lat": 45.35458 }, "geometry": { "type": "Point", "coordinates": [ -114.33533, 45.35458 ] } },
{ "type": "Feature", "properties": { "dep_id": "10071591", "site_name": "Grubstake No. 2 Claim", "dev_stat": "Occurrence", "code_list": " ZN AU ", "target_commodity": "Gold", "lon": -114.29063, "lat": 45.36048 }, "geometry": { "type": "Point", "coordinates": [ -114.29063, 45.36048 ] } },
{ "type": "Feature", "properties": { "dep_id": "10071592", "site_name": "Pine Creek Property", "dev_stat": "Past Producer", "code_list": " AU PB ", "target_commodity": "Gold", "lon": -114.28513, "lat": 45.35658 }, "geometry": { "type": "Point", "coordinates": [ -114.28513, 45.35658 ] } },
{ "type": "Feature", "properties": { "dep_id": "10071593", "site_name": "Ready Cash Deposit", "dev_stat": "Past Producer", "code_list": " AU PB ", "target_commodity": "Gold", "lon": -114.28813, "lat": 45.35268 }, "geometry": { "type": "Point", "coordinates": [ -114.28813, 45.35268 ] } },
{ "type": "Feature", "properties": { "dep_id": "10071596", "site_name": "Watson Claim", "dev_stat": "Past Producer", "code_list": " AU CU ", "target_commodity": "Gold", "lon": -114.02843, "lat": 45.52267 }, "geometry": { "type": "Point", "coordinates": [ -114.02843, 45.52267 ] } },
{ "type": "Feature", "properties": { "dep_id": "10071597", "site_name": "Iron Crown Mine", "dev_stat": "Past Producer", "code_list": " AU ZN ", "target_commodity": "Gold", "lon": -115.60268, "lat": 45.92267 }, "geometry": { "type": "Point", "coordinates": [ -115.60268, 45.92267 ] } },
{ "type": "Feature", "properties": { "dep_id": "10071598", "site_name": "Buckeye Placer", "dev_stat": "Past Producer", "code_list": " AU AG ", "target_commodity": "Gold", "lon": -115.63538, "lat": 45.89767 }, "geometry": { "type": "Point", "coordinates": [ -115.63538, 45.89767 ] } },
{ "type": "Feature", "properties": { "dep_id": "10071599", "site_name": "Buffalo-Idaho Mine", "dev_stat": "Past Producer", "code_list": " AU SUL ", "target_commodity": "Gold", "lon": -115.68429, "lat": 45.83907 }, "geometry": { "type": "Point", "coordinates": [ -115.68429, 45.83907 ] } },
{ "type": "Feature", "properties": { "dep_id": "10071600", "site_name": "Keyes Placer", "dev_stat": "Past Producer", "code_list": " AU AG ", "target_commodity": "Gold", "lon": -115.65318, "lat": 45.83157 }, "geometry": { "type": "Point", "coordinates": [ -115.65318, 45.83157 ] } },
{ "type": "Feature", "properties": { "dep_id": "10071601", "site_name": "Beaver Creek Basin Placer", "dev_stat": "Occurrence", "code_list": " AU FE ", "target_commodity": "Gold", "lon": -115.30156, "lat": 45.22958 }, "geometry": { "type": "Point", "coordinates": [ -115.30156, 45.22958 ] } },
{ "type": "Feature", "properties": { "dep_id": "10071602", "site_name": "Lone Pine Mine", "dev_stat": "Past Producer", "code_list": " AU PB ", "target_commodity": "Gold", "lon": -115.68879, "lat": 45.81427 }, "geometry": { "type": "Point", "coordinates": [ -115.68879, 45.81427 ] } },
{ "type": "Feature", "properties": { "dep_id": "10071603", "site_name": "Little Marble Creek Placer", "dev_stat": "Occurrence", "code_list": " AU ", "target_commodity": "Gold", "lon": -115.27516, "lat": 45.08298 }, "geometry": { "type": "Point", "coordinates": [ -115.27516, 45.08298 ] } },
{ "type": "Feature", "properties": { "dep_id": "10071604", "site_name": "Tippie Placer", "dev_stat": "Past Producer", "code_list": " AU AG ", "target_commodity": "Gold", "lon": -115.63428, "lat": 45.84627 }, "geometry": { "type": "Point", "coordinates": [ -115.63428, 45.84627 ] } },
{ "type": "Feature", "properties": { "dep_id": "10071605", "site_name": "Golden Age Prospect", "dev_stat": "Past Producer", "code_list": " AU PB ", "target_commodity": "Gold", "lon": -115.63628, "lat": 45.86157 }, "geometry": { "type": "Point", "coordinates": [ -115.63628, 45.86157 ] } },
{ "type": "Feature", "properties": { "dep_id": "10071606", "site_name": "Moose Creek Placer", "dev_stat": "Past Producer", "code_list": " AU AG ", "target_commodity": "Gold", "lon": -115.59678, "lat": 45.82797 }, "geometry": { "type": "Point", "coordinates": [ -115.59678, 45.82797 ] } },
{ "type": "Feature", "properties": { "dep_id": "10071608", "site_name": "Center Star Mine", "dev_stat": "Past Producer", "code_list": " AU CU ", "target_commodity": "Gold", "lon": -115.55958, "lat": 45.80767 }, "geometry": { "type": "Point", "coordinates": [ -115.55958, 45.80767 ] } },
{ "type": "Feature", "properties": { "dep_id": "10071609", "site_name": "Madre d'Oro Prospect", "dev_stat": "Past Producer", "code_list": " AU ZN ", "target_commodity": "Gold", "lon": -115.41518, "lat": 45.84657 }, "geometry": { "type": "Point", "coordinates": [ -115.41518, 45.84657 ] } },
{ "type": "Feature", "properties": { "dep_id": "10071610", "site_name": "Buster Mine", "dev_stat": "Past Producer", "code_list": " AU CU ", "target_commodity": "Gold", "lon": -115.42681, "lat": 45.83709 }, "geometry": { "type": "Point", "coordinates": [ -115.42681, 45.83709 ] } },
{ "type": "Feature", "properties": { "dep_id": "10071611", "site_name": "Mineral Zone Mine", "dev_stat": "Past Producer", "code_list": " AU ZN ", "target_commodity": "Gold", "lon": -115.42658, "lat": 45.85127 }, "geometry": { "type": "Point", "coordinates": [ -115.42658, 45.85127 ] } },
{ "type": "Feature", "properties": { "dep_id": "10071612", "site_name": "Allamance Mine", "dev_stat": "Past Producer", "code_list": " AU AG ", "target_commodity": "Gold", "lon": -115.41788, "lat": 45.83987 }, "geometry": { "type": "Point", "coordinates": [ -115.41788, 45.83987 ] } },
{ "type": "Feature", "properties": { "dep_id": "10071613", "site_name": "Rand Prospect", "dev_stat": "Prospect", "code_list": " AU AG ", "target_commodity": "Gold", "lon": -115.40628, "lat": 45.82127 }, "geometry": { "type": "Point", "coordinates": [ -115.40628, 45.82127 ] } },
{ "type": "Feature", "properties": { "dep_id": "10071614", "site_name": "Mascot Mine", "dev_stat": "Past Producer", "code_list": " AU AG ", "target_commodity": "Gold", "lon": -115.41098, "lat": 45.81877 }, "geometry": { "type": "Point", "coordinates": [ -115.41098, 45.81877 ] } },
{ "type": "Feature", "properties": { "dep_id": "10071615", "site_name": "American Placer", "dev_stat": "Past Producer", "code_list": " AU TI ", "target_commodity": "Gold", "lon": -115.45038, "lat": 45.88737 }, "geometry": { "type": "Point", "coordinates": [ -115.45038, 45.88737 ] } },
{ "type": "Feature", "properties": { "dep_id": "10071616", "site_name": "Alice Prospect", "dev_stat": "Prospect", "code_list": " AU AG ", "target_commodity": "Gold", "lon": -115.48988, "lat": 45.82457 }, "geometry": { "type": "Point", "coordinates": [ -115.48988, 45.82457 ] } },
{ "type": "Feature", "properties": { "dep_id": "10071618", "site_name": "Cal-Idaho Placer", "dev_stat": "Past Producer", "code_list": " AU ", "target_commodity": "Gold", "lon": -115.47288, "lat": 45.80847 }, "geometry": { "type": "Point", "coordinates": [ -115.47288, 45.80847 ] } },
{ "type": "Feature", "properties": { "dep_id": "10071619", "site_name": "Tiernan Hill Placer", "dev_stat": "Occurrence", "code_list": " AU ", "target_commodity": "Gold", "lon": -115.40878, "lat": 45.80567 }, "geometry": { "type": "Point", "coordinates": [ -115.40878, 45.80567 ] } },
{ "type": "Feature", "properties": { "dep_id": "10071620", "site_name": "Hope Mine", "dev_stat": "Past Producer", "code_list": " AU AG ", "target_commodity": "Gold", "lon": -115.38818, "lat": 45.80628 }, "geometry": { "type": "Point", "coordinates": [ -115.38818, 45.80628 ] } },
{ "type": "Feature", "properties": { "dep_id": "10071621", "site_name": "Blue Ribbon Prospect", "dev_stat": "Past Producer", "code_list": " AU AG ", "target_commodity": "Gold", "lon": -115.37017, "lat": 45.80207 }, "geometry": { "type": "Point", "coordinates": [ -115.37017, 45.80207 ] } },
{ "type": "Feature", "properties": { "dep_id": "10071622", "site_name": "Altemont Prospect", "dev_stat": "Prospect", "code_list": " AU AG ", "target_commodity": "Gold", "lon": -115.32927, "lat": 45.80927 }, "geometry": { "type": "Point", "coordinates": [ -115.32927, 45.80927 ] } },
{ "type": "Feature", "properties": { "dep_id": "10071623", "site_name": "Crooked Creek Placer", "dev_stat": "Occurrence", "code_list": " AU ", "target_commodity": "Gold", "lon": -115.09266, "lat": 45.19128 }, "geometry": { "type": "Point", "coordinates": [ -115.09266, 45.19128 ] } },
{ "type": "Feature", "properties": { "dep_id": "10071624", "site_name": "Wonder Mine", "dev_stat": "Past Producer", "code_list": " AU AG ", "target_commodity": "Gold", "lon": -115.66208, "lat": 45.78567 }, "geometry": { "type": "Point", "coordinates": [ -115.66208, 45.78567 ] } },
{ "type": "Feature", "properties": { "dep_id": "10071625", "site_name": "Gilt Edge Mine", "dev_stat": "Past Producer", "code_list": " AU PB ", "target_commodity": "Gold", "lon": -115.64459, "lat": 45.78015 }, "geometry": { "type": "Point", "coordinates": [ -115.64459, 45.78015 ] } },
{ "type": "Feature", "properties": { "dep_id": "10071626", "site_name": "North Hill Mine", "dev_stat": "Past Producer", "code_list": " AU SUL ", "target_commodity": "Gold", "lon": -115.58638, "lat": 45.74567 }, "geometry": { "type": "Point", "coordinates": [ -115.58638, 45.74567 ] } },
{ "type": "Feature", "properties": { "dep_id": "10071627", "site_name": "Una Mine", "dev_stat": "Past Producer", "code_list": " AU SUL ", "target_commodity": "Gold", "lon": -115.57608, "lat": 45.73247 }, "geometry": { "type": "Point", "coordinates": [ -115.57608, 45.73247 ] } },
{ "type": "Feature", "properties": { "dep_id": "10071628", "site_name": "Gnome Mine", "dev_stat": "Past Producer", "code_list": " AU PB ", "target_commodity": "Gold", "lon": -115.52048, "lat": 45.74037 }, "geometry": { "type": "Point", "coordinates": [ -115.52048, 45.74037 ] } },
{ "type": "Feature", "properties": { "dep_id": "10071629", "site_name": "Frisco Prospect", "dev_stat": "Past Producer", "code_list": " AU AG ", "target_commodity": "Gold", "lon": -115.30487, "lat": 45.79268 }, "geometry": { "type": "Point", "coordinates": [ -115.30487, 45.79268 ] } },
{ "type": "Feature", "properties": { "dep_id": "10071630", "site_name": "Ten Million Prospect", "dev_stat": "Occurrence", "code_list": " AU AG ZN ", "target_commodity": "Gold", "lon": -115.32737, "lat": 45.79567 }, "geometry": { "type": "Point", "coordinates": [ -115.32737, 45.79567 ] } },
{ "type": "Feature", "properties": { "dep_id": "10071631", "site_name": "American Eagle Mine", "dev_stat": "Past Producer", "code_list": " AU PB TE ", "target_commodity": "Gold", "lon": -115.36097, "lat": 45.79097 }, "geometry": { "type": "Point", "coordinates": [ -115.36097, 45.79097 ] } },
{ "type": "Feature", "properties": { "dep_id": "10071632", "site_name": "French Gulch Placer", "dev_stat": "Occurrence", "code_list": " AU ", "target_commodity": "Gold", "lon": -115.37787, "lat": 45.78927 }, "geometry": { "type": "Point", "coordinates": [ -115.37787, 45.78927 ] } },
{ "type": "Feature", "properties": { "dep_id": "10071633", "site_name": "Hercules Prospect", "dev_stat": "Prospect", "code_list": " AU ZN ", "target_commodity": "Gold", "lon": -115.30567, "lat": 45.75738 }, "geometry": { "type": "Point", "coordinates": [ -115.30567, 45.75738 ] } },
{ "type": "Feature", "properties": { "dep_id": "10071634", "site_name": "Pasadena Prospect", "dev_stat": "Past Producer", "code_list": " AU AG ", "target_commodity": "Gold", "lon": -115.30927, "lat": 45.75268 }, "geometry": { "type": "Point", "coordinates": [ -115.30927, 45.75268 ] } },
{ "type": "Feature", "properties": { "dep_id": "10071635", "site_name": "Butte & Orogrande Mine", "dev_stat": "Past Producer", "code_list": " AU ", "target_commodity": "Gold", "lon": -115.54188, "lat": 45.70767 }, "geometry": { "type": "Point", "coordinates": [ -115.54188, 45.70767 ] } },
{ "type": "Feature", "properties": { "dep_id": "10071636", "site_name": "Diamond Hitch Prospect", "dev_stat": "Past Producer", "code_list": " AU CU ", "target_commodity": "Gold", "lon": -115.51938, "lat": 45.68677 }, "geometry": { "type": "Point", "coordinates": [ -115.51938, 45.68677 ] } },
{ "type": "Feature", "properties": { "dep_id": "10071637", "site_name": "Petsite Mine", "dev_stat": "Past Producer", "code_list": " AU CU ", "target_commodity": "Gold", "lon": -115.5357, "lat": 45.68765 }, "geometry": { "type": "Point", "coordinates": [ -115.5357, 45.68765 ] } },
{ "type": "Feature", "properties": { "dep_id": "10071638", "site_name": "Cracker Jack Mine", "dev_stat": "Past Producer", "code_list": " AU AG ", "target_commodity": "Gold", "lon": -115.66958, "lat": 45.61797 }, "geometry": { "type": "Point", "coordinates": [ -115.66958, 45.61797 ] } },
{ "type": "Feature", "properties": { "dep_id": "10071639", "site_name": "Winslow Prospect", "dev_stat": "Prospect", "code_list": " AU AG ", "target_commodity": "Gold", "lon": -115.67788, "lat": 45.61597 }, "geometry": { "type": "Point", "coordinates": [ -115.67788, 45.61597 ] } },
{ "type": "Feature", "properties": { "dep_id": "10071640", "site_name": "Vesuvius Mine", "dev_stat": "Past Producer", "code_list": " AU AG ", "target_commodity": "Gold", "lon": -115.67958, "lat": 45.61237 }, "geometry": { "type": "Point", "coordinates": [ -115.67958, 45.61237 ] } },
{ "type": "Feature", "properties": { "dep_id": "10071641", "site_name": "Monte Cristo Prospect", "dev_stat": "Prospect", "code_list": " AU AG ", "target_commodity": "Gold", "lon": -115.66788, "lat": 45.59407 }, "geometry": { "type": "Point", "coordinates": [ -115.66788, 45.59407 ] } },
{ "type": "Feature", "properties": { "dep_id": "10071642", "site_name": "Fortune Deposit", "dev_stat": "Occurrence", "code_list": " AU ", "target_commodity": "Gold", "lon": -115.67678, "lat": 45.59237 }, "geometry": { "type": "Point", "coordinates": [ -115.67678, 45.59237 ] } },
{ "type": "Feature", "properties": { "dep_id": "10071643", "site_name": "St. Paul Prospect", "dev_stat": "Occurrence", "code_list": " AU AG ", "target_commodity": "Gold", "lon": -115.67158, "lat": 45.58427 }, "geometry": { "type": "Point", "coordinates": [ -115.67158, 45.58427 ] } },
{ "type": "Feature", "properties": { "dep_id": "10071644", "site_name": "Dewey Occurrence", "dev_stat": "Occurrence", "code_list": " AU PB ", "target_commodity": "Gold", "lon": -115.68428, "lat": 45.56847 }, "geometry": { "type": "Point", "coordinates": [ -115.68428, 45.56847 ] } },
{ "type": "Feature", "properties": { "dep_id": "10071645", "site_name": "Ajax Mine", "dev_stat": "Past Producer", "code_list": " AU PB ", "target_commodity": "Gold", "lon": -115.46957, "lat": 45.56377 }, "geometry": { "type": "Point", "coordinates": [ -115.46957, 45.56377 ] } },
{ "type": "Feature", "properties": { "dep_id": "10071646", "site_name": "Gold Crown Deposit", "dev_stat": "Occurrence", "code_list": " AU CU ", "target_commodity": "Gold", "lon": -115.67658, "lat": 45.57237 }, "geometry": { "type": "Point", "coordinates": [ -115.67658, 45.57237 ] } },
{ "type": "Feature", "properties": { "dep_id": "10071647", "site_name": "San Francisco Prospect", "dev_stat": "Occurrence", "code_list": " AU PB ", "target_commodity": "Gold", "lon": -115.67538, "lat": 45.57737 }, "geometry": { "type": "Point", "coordinates": [ -115.67538, 45.57737 ] } },
{ "type": "Feature", "properties": { "dep_id": "10071648", "site_name": "Tiger Prospect", "dev_stat": "Occurrence", "code_list": " AU CU ", "target_commodity": "Gold", "lon": -115.66428, "lat": 45.57317 }, "geometry": { "type": "Point", "coordinates": [ -115.66428, 45.57317 ] } },
{ "type": "Feature", "properties": { "dep_id": "10071649", "site_name": "Jumbo Mine", "dev_stat": "Past Producer", "code_list": " AU CU ", "target_commodity": "Gold", "lon": -115.68018, "lat": 45.55877 }, "geometry": { "type": "Point", "coordinates": [ -115.68018, 45.55877 ] } },
{ "type": "Feature", "properties": { "dep_id": "10071650", "site_name": "Spokane Prospect", "dev_stat": "Past Producer", "code_list": " AU AG ", "target_commodity": "Gold", "lon": -115.65988, "lat": 45.57017 }, "geometry": { "type": "Point", "coordinates": [ -115.65988, 45.57017 ] } },
{ "type": "Feature", "properties": { "dep_id": "10071651", "site_name": "Venture Prospect", "dev_stat": "Past Producer", "code_list": " AU AG ", "target_commodity": "Gold", "lon": -115.68018, "lat": 45.55407 }, "geometry": { "type": "Point", "coordinates": [ -115.68018, 45.55407 ] } },
{ "type": "Feature", "properties": { "dep_id": "10071652", "site_name": "Sixty Four Mine", "dev_stat": "Past Producer", "code_list": " AU PB ", "target_commodity": "Gold", "lon": -115.46487, "lat": 45.58658 }, "geometry": { "type": "Point", "coordinates": [ -115.46487, 45.58658 ] } },
{ "type": "Feature", "properties": { "dep_id": "10071653", "site_name": "Tiawaka Mine", "dev_stat": "Past Producer", "code_list": " AU PB ", "target_commodity": "Gold", "lon": -115.47347, "lat": 45.56627 }, "geometry": { "type": "Point", "coordinates": [ -115.47347, 45.56627 ] } },
{ "type": "Feature", "properties": { "dep_id": "10071654", "site_name": "Tonopah Claims", "dev_stat": "Occurrence", "code_list": " AU PB ", "target_commodity": "Gold", "lon": -115.49407, "lat": 45.56657 }, "geometry": { "type": "Point", "coordinates": [ -115.49407, 45.56657 ] } },
{ "type": "Feature", "properties": { "dep_id": "10071655", "site_name": "L and L Mine", "dev_stat": "Past Producer", "code_list": " AU AG ", "target_commodity": "Gold", "lon": -115.45927, "lat": 45.57377 }, "geometry": { "type": "Point", "coordinates": [ -115.45927, 45.57377 ] } },
{ "type": "Feature", "properties": { "dep_id": "10071656", "site_name": "Slip Easy Mine", "dev_stat": "Past Producer", "code_list": " AU ZN ", "target_commodity": "Gold", "lon": -115.45907, "lat": 45.56877 }, "geometry": { "type": "Point", "coordinates": [ -115.45907, 45.56877 ] } },
{ "type": "Feature", "properties": { "dep_id": "10071657", "site_name": "Skylark Mine", "dev_stat": "Past Producer", "code_list": " AU CU ", "target_commodity": "Gold", "lon": -115.48377, "lat": 45.56017 }, "geometry": { "type": "Point", "coordinates": [ -115.48377, 45.56017 ] } },
{ "type": "Feature", "properties": { "dep_id": "10071658", "site_name": "Bonanza Mine", "dev_stat": "Past Producer", "code_list": " AU PB ", "target_commodity": "Gold", "lon": -115.46847, "lat": 45.54457 }, "geometry": { "type": "Point", "coordinates": [ -115.46847, 45.54457 ] } },
{ "type": "Feature", "properties": { "dep_id": "10071659", "site_name": "Dixie Queen Deposit", "dev_stat": "Past Producer", "code_list": " AU PB ", "target_commodity": "Gold", "lon": -115.47657, "lat": 45.54927 }, "geometry": { "type": "Point", "coordinates": [ -115.47657, 45.54927 ] } },
{ "type": "Feature", "properties": { "dep_id": "10071660", "site_name": "Garm - Lamoreaux Mine", "dev_stat": "Past Producer", "code_list": " AU CU ", "target_commodity": "Gold", "lon": -114.03453, "lat": 45.54129 }, "geometry": { "type": "Point", "coordinates": [ -114.03453, 45.54129 ] } },
{ "type": "Feature", "properties": { "dep_id": "10071661", "site_name": "Bear Track Deposit", "dev_stat": "Past Producer", "code_list": " AU AG ", "target_commodity": "Gold", "lon": -115.99682, "lat": 45.51931 }, "geometry": { "type": "Point", "coordinates": [ -115.99682, 45.51931 ] } },
{ "type": "Feature", "properties": { "dep_id": "10071662", "site_name": "Bullion Lode Silver Mine", "dev_stat": "Producer", "code_list": " AG AU ", "target_commodity": "Gold", "lon": -115.96739, "lat": 45.46097 }, "geometry": { "type": "Point", "coordinates": [ -115.96739, 45.46097 ] } },
{ "type": "Feature", "properties": { "dep_id": "10071663", "site_name": "War Eagle Mine", "dev_stat": "Past Producer", "code_list": " AU PB ", "target_commodity": "Gold", "lon": -115.61128, "lat": 45.48297 }, "geometry": { "type": "Point", "coordinates": [ -115.61128, 45.48297 ] } },
{ "type": "Feature", "properties": { "dep_id": "10071664", "site_name": "Black Diamond Mine", "dev_stat": "Past Producer", "code_list": " AU PB ", "target_commodity": "Gold", "lon": -115.45377, "lat": 45.53157 }, "geometry": { "type": "Point", "coordinates": [ -115.45377, 45.53157 ] } },
{ "type": "Feature", "properties": { "dep_id": "10071665", "site_name": "North Star Mine", "dev_stat": "Past Producer", "code_list": " AU AG ", "target_commodity": "Gold", "lon": -115.45097, "lat": 45.53707 }, "geometry": { "type": "Point", "coordinates": [ -115.45097, 45.53707 ] } },
{ "type": "Feature", "properties": { "dep_id": "10071666", "site_name": "Robinson Dike Mine", "dev_stat": "Past Producer", "code_list": " AU PB ", "target_commodity": "Gold", "lon": -115.47267, "lat": 45.52377 }, "geometry": { "type": "Point", "coordinates": [ -115.47267, 45.52377 ] } },
{ "type": "Feature", "properties": { "dep_id": "10071667", "site_name": "Swastika Claims", "dev_stat": "Prospect", "code_list": " AU MO ", "target_commodity": "Gold", "lon": -115.45817, "lat": 45.50987 }, "geometry": { "type": "Point", "coordinates": [ -115.45817, 45.50987 ] } },
{ "type": "Feature", "properties": { "dep_id": "10071668", "site_name": "Kittie Burton Mine", "dev_stat": "Past Producer", "code_list": " AU AG ZN ", "target_commodity": "Gold", "lon": -114.155, "lat": 45.4625 }, "geometry": { "type": "Point", "coordinates": [ -114.155, 45.4625 ] } },
{ "type": "Feature", "properties": { "dep_id": "10071670", "site_name": "Liberty Deposit", "dev_stat": "Past Producer", "code_list": " AU AG ", "target_commodity": "Gold", "lon": -115.99516, "lat": 45.45015 }, "geometry": { "type": "Point", "coordinates": [ -115.99516, 45.45015 ] } },
{ "type": "Feature", "properties": { "dep_id": "10071671", "site_name": "Carpenters Gulch Placer", "dev_stat": "Occurrence", "code_list": " AU ", "target_commodity": "Gold", "lon": -115.13735, "lat": 45.16877 }, "geometry": { "type": "Point", "coordinates": [ -115.13735, 45.16877 ] } },
{ "type": "Feature", "properties": { "dep_id": "10071672", "site_name": "Little Ramey Placer", "dev_stat": "Occurrence", "code_list": " AU ", "target_commodity": "Gold", "lon": -115.1479, "lat": 45.1746 }, "geometry": { "type": "Point", "coordinates": [ -115.1479, 45.1746 ] } },
{ "type": "Feature", "properties": { "dep_id": "10071673", "site_name": "Stonebreaker Prospect", "dev_stat": "Occurrence", "code_list": " AU AG CU ", "target_commodity": "Gold", "lon": -115.20406, "lat": 45.39208 }, "geometry": { "type": "Point", "coordinates": [ -115.20406, 45.39208 ] } },
{ "type": "Feature", "properties": { "dep_id": "10071674", "site_name": "Boulder Creek Placer", "dev_stat": "Past Producer", "code_list": " AU AG ", "target_commodity": "Gold", "lon": -114.36844, "lat": 45.43178 }, "geometry": { "type": "Point", "coordinates": [ -114.36844, 45.43178 ] } },
{ "type": "Feature", "properties": { "dep_id": "10071675", "site_name": "Twilight Mine", "dev_stat": "Past Producer", "code_list": " AU PB ", "target_commodity": "Gold", "lon": -114.20063, "lat": 45.38849 }, "geometry": { "type": "Point", "coordinates": [ -114.20063, 45.38849 ] } },
{ "type": "Feature", "properties": { "dep_id": "10071677", "site_name": "Fall Creek Bar Placer", "dev_stat": "Prospect", "code_list": " AU TI ", "target_commodity": "Gold", "lon": -115.19124, "lat": 45.17238 }, "geometry": { "type": "Point", "coordinates": [ -115.19124, 45.17238 ] } },
{ "type": "Feature", "properties": { "dep_id": "10071678", "site_name": "Golden Hand Mine", "dev_stat": "Past Producer", "code_list": " AU CU ", "target_commodity": "Gold", "lon": -115.32156, "lat": 45.22238 }, "geometry": { "type": "Point", "coordinates": [ -115.32156, 45.22238 ] } },
{ "type": "Feature", "properties": { "dep_id": "10071679", "site_name": "Werdenhoff Prospect", "dev_stat": "Past Producer", "code_list": " AU AG CU ", "target_commodity": "Gold", "lon": -115.34676, "lat": 45.19598 }, "geometry": { "type": "Point", "coordinates": [ -115.34676, 45.19598 ] } },
{ "type": "Feature", "properties": { "dep_id": "10071680", "site_name": "Copper Camp Flat Placer", "dev_stat": "Occurrence", "code_list": " AU ", "target_commodity": "Gold", "lon": -115.19902, "lat": 45.1721 }, "geometry": { "type": "Point", "coordinates": [ -115.19902, 45.1721 ] } },
{ "type": "Feature", "properties": { "dep_id": "10071682", "site_name": "Dixie Mine", "dev_stat": "Past Producer", "code_list": " AU ZN ", "target_commodity": "Gold", "lon": -115.41956, "lat": 45.11928 }, "geometry": { "type": "Point", "coordinates": [ -115.41956, 45.11928 ] } },
{ "type": "Feature", "properties": { "dep_id": "10071683", "site_name": "Golden Way Up Mine", "dev_stat": "Past Producer", "code_list": " W AU ", "target_commodity": "Gold", "lon": -115.42406, "lat": 45.11208 }, "geometry": { "type": "Point", "coordinates": [ -115.42406, 45.11208 ] } },
{ "type": "Feature", "properties": { "dep_id": "10071687", "site_name": "Hand Meadows Placer", "dev_stat": "Occurrence", "code_list": " AU TI ", "target_commodity": "Gold", "lon": -115.27316, "lat": 45.27878 }, "geometry": { "type": "Point", "coordinates": [ -115.27316, 45.27878 ] } },
{ "type": "Feature", "properties": { "dep_id": "10071688", "site_name": "Trigold Prospect", "dev_stat": "Occurrence", "code_list": " AU ", "target_commodity": "Gold", "lon": -115.43156, "lat": 45.07018 }, "geometry": { "type": "Point", "coordinates": [ -115.43156, 45.07018 ] } },
{ "type": "Feature", "properties": { "dep_id": "10071689", "site_name": "Red Metal Mine", "dev_stat": "Past Producer", "code_list": " AU CU ", "target_commodity": "Gold", "lon": -115.42096, "lat": 45.04238 }, "geometry": { "type": "Point", "coordinates": [ -115.42096, 45.04238 ] } },
{ "type": "Feature", "properties": { "dep_id": "10071690", "site_name": "Moscow Mine", "dev_stat": "Past Producer", "code_list": " AU PB ", "target_commodity": "Gold", "lon": -115.40516, "lat": 45.09988 }, "geometry": { "type": "Point", "coordinates": [ -115.40516, 45.09988 ] } },
{ "type": "Feature", "properties": { "dep_id": "10071695", "site_name": "Parks Prospect", "dev_stat": "Occurrence", "code_list": " AU CU ", "target_commodity": "Gold", "lon": -114.54534, "lat": 45.01178 }, "geometry": { "type": "Point", "coordinates": [ -114.54534, 45.01178 ] } },
{ "type": "Feature", "properties": { "dep_id": "10071696", "site_name": "Black Eagle Mine", "dev_stat": "Past Producer", "code_list": " AU CU ", "target_commodity": "Gold", "lon": -114.55204, "lat": 45.01208 }, "geometry": { "type": "Point", "coordinates": [ -114.55204, 45.01208 ] } },
{ "type": "Feature", "properties": { "dep_id": "10071697", "site_name": "Last Chance Claim", "dev_stat": "Occurrence", "code_list": " AU ", "target_commodity": "Gold", "lon": -115.24376, "lat": 45.17048 }, "geometry": { "type": "Point", "coordinates": [ -115.24376, 45.17048 ] } },
{ "type": "Feature", "properties": { "dep_id": "10071699", "site_name": "Silver Dome Claim", "dev_stat": "Occurrence", "code_list": " AU ", "target_commodity": "Gold", "lon": -115.08926, "lat": 45.17988 }, "geometry": { "type": "Point", "coordinates": [ -115.08926, 45.17988 ] } },
{ "type": "Feature", "properties": { "dep_id": "10071700", "site_name": "Acorn Butte No. 3 Prospect", "dev_stat": "Occurrence", "code_list": " AU ", "target_commodity": "Gold", "lon": -115.08706, "lat": 45.17548 }, "geometry": { "type": "Point", "coordinates": [ -115.08706, 45.17548 ] } },
{ "type": "Feature", "properties": { "dep_id": "10071701", "site_name": "Acorn Butte No. 4 Prospect", "dev_stat": "Occurrence", "code_list": " AU ", "target_commodity": "Gold", "lon": -115.10096, "lat": 45.17458 }, "geometry": { "type": "Point", "coordinates": [ -115.10096, 45.17458 ] } },
{ "type": "Feature", "properties": { "dep_id": "10071703", "site_name": "Idaho-Rainbow Group", "dev_stat": "Occurrence", "code_list": " AU CU ", "target_commodity": "Gold", "lon": -115.07926, "lat": 45.20018 }, "geometry": { "type": "Point", "coordinates": [ -115.07926, 45.20018 ] } },
{ "type": "Feature", "properties": { "dep_id": "10071704", "site_name": "Yellow Jacket Group", "dev_stat": "Occurrence", "code_list": " AU AG CU ", "target_commodity": "Gold", "lon": -115.08874, "lat": 45.19516 }, "geometry": { "type": "Point", "coordinates": [ -115.08874, 45.19516 ] } },
{ "type": "Feature", "properties": { "dep_id": "10071707", "site_name": "Sunlight Claims", "dev_stat": "Occurrence", "code_list": " AU ", "target_commodity": "Gold", "lon": -115.13766, "lat": 45.17598 }, "geometry": { "type": "Point", "coordinates": [ -115.13766, 45.17598 ] } },
{ "type": "Feature", "properties": { "dep_id": "10071710", "site_name": "Gold Bug No. 5 Claim", "dev_stat": "Occurrence", "code_list": " AG AU ", "target_commodity": "Gold", "lon": -115.20036, "lat": 45.20848 }, "geometry": { "type": "Point", "coordinates": [ -115.20036, 45.20848 ] } },
{ "type": "Feature", "properties": { "dep_id": "10071711", "site_name": "Schley No. 3 Group", "dev_stat": "Prospect", "code_list": " AU CU ", "target_commodity": "Gold", "lon": -115.24156, "lat": 45.20628 }, "geometry": { "type": "Point", "coordinates": [ -115.24156, 45.20628 ] } },
{ "type": "Feature", "properties": { "dep_id": "10071712", "site_name": "Gold Crown Group", "dev_stat": "Past Producer", "code_list": " AU AG ", "target_commodity": "Gold", "lon": -115.24316, "lat": 45.20848 }, "geometry": { "type": "Point", "coordinates": [ -115.24316, 45.20848 ] } },
{ "type": "Feature", "properties": { "dep_id": "10071713", "site_name": "B. J. Prospect", "dev_stat": "Prospect", "code_list": " AU ", "target_commodity": "Gold", "lon": -115.24736, "lat": 45.21128 }, "geometry": { "type": "Point", "coordinates": [ -115.24736, 45.21128 ] } },
{ "type": "Feature", "properties": { "dep_id": "10071714", "site_name": "Florence \"A\" Group", "dev_stat": "Prospect", "code_list": " AU ", "target_commodity": "Gold", "lon": -115.25374, "lat": 45.2096 }, "geometry": { "type": "Point", "coordinates": [ -115.25374, 45.2096 ] } },
{ "type": "Feature", "properties": { "dep_id": "10071715", "site_name": "Portland Prospect", "dev_stat": "Occurrence", "code_list": " AU ", "target_commodity": "Gold", "lon": -115.25156, "lat": 45.21818 }, "geometry": { "type": "Point", "coordinates": [ -115.25156, 45.21818 ] } },
{ "type": "Feature", "properties": { "dep_id": "10071716", "site_name": "Happy Jack Prospect", "dev_stat": "Prospect", "code_list": " BA AU ", "target_commodity": "Gold", "lon": -115.26736, "lat": 45.21678 }, "geometry": { "type": "Point", "coordinates": [ -115.26736, 45.21678 ] } },
{ "type": "Feature", "properties": { "dep_id": "10071717", "site_name": "Badger Claim", "dev_stat": "Past Producer", "code_list": " AU ", "target_commodity": "Gold", "lon": -115.27016, "lat": 45.21768 }, "geometry": { "type": "Point", "coordinates": [ -115.27016, 45.21768 ] } },
{ "type": "Feature", "properties": { "dep_id": "10071718", "site_name": "Gold Bug Cabin Prospect", "dev_stat": "Occurrence", "code_list": " AU ", "target_commodity": "Gold", "lon": -115.26846, "lat": 45.21988 }, "geometry": { "type": "Point", "coordinates": [ -115.26846, 45.21988 ] } },
{ "type": "Feature", "properties": { "dep_id": "10071719", "site_name": "Valley View Claim", "dev_stat": "Prospect", "code_list": " AU CU ", "target_commodity": "Gold", "lon": -115.27126, "lat": 45.22208 }, "geometry": { "type": "Point", "coordinates": [ -115.27126, 45.22208 ] } },
{ "type": "Feature", "properties": { "dep_id": "10071720", "site_name": "Luzon Claim", "dev_stat": "Prospect", "code_list": " AU CU ", "target_commodity": "Gold", "lon": -115.26486, "lat": 45.22268 }, "geometry": { "type": "Point", "coordinates": [ -115.26486, 45.22268 ] } },
{ "type": "Feature", "properties": { "dep_id": "10071721", "site_name": "Gold Dollar Group", "dev_stat": "Occurrence", "code_list": " AU CU ", "target_commodity": "Gold", "lon": -115.28986, "lat": 45.22678 }, "geometry": { "type": "Point", "coordinates": [ -115.28986, 45.22678 ] } },
{ "type": "Feature", "properties": { "dep_id": "10071722", "site_name": "Pharmacist Prospect", "dev_stat": "Prospect", "code_list": " AU ", "target_commodity": "Gold", "lon": -115.25956, "lat": 45.21488 }, "geometry": { "type": "Point", "coordinates": [ -115.25956, 45.21488 ] } },
{ "type": "Feature", "properties": { "dep_id": "10071724", "site_name": "Crest Prospect", "dev_stat": "Prospect", "code_list": " AU ", "target_commodity": "Gold", "lon": -115.34706, "lat": 45.20408 }, "geometry": { "type": "Point", "coordinates": [ -115.34706, 45.20408 ] } },
{ "type": "Feature", "properties": { "dep_id": "10071725", "site_name": "Wabash Prospect", "dev_stat": "Prospect", "code_list": " AU ", "target_commodity": "Gold", "lon": -115.34456, "lat": 45.21128 }, "geometry": { "type": "Point", "coordinates": [ -115.34456, 45.21128 ] } },
{ "type": "Feature", "properties": { "dep_id": "10071726", "site_name": "Hilltop Prospect", "dev_stat": "Past Producer", "code_list": " AU AG ", "target_commodity": "Gold", "lon": -115.35456, "lat": 45.21178 }, "geometry": { "type": "Point", "coordinates": [ -115.35456, 45.21178 ] } },
{ "type": "Feature", "properties": { "dep_id": "10071727", "site_name": "Black Swan Prospect", "dev_stat": "Occurrence", "code_list": " AU ", "target_commodity": "Gold", "lon": -115.34406, "lat": 45.19348 }, "geometry": { "type": "Point", "coordinates": [ -115.34406, 45.19348 ] } },
{ "type": "Feature", "properties": { "dep_id": "10071728", "site_name": "July Blizzard Prospect", "dev_stat": "Occurrence", "code_list": " AU ", "target_commodity": "Gold", "lon": -115.34316, "lat": 45.21298 }, "geometry": { "type": "Point", "coordinates": [ -115.34316, 45.21298 ] } },
{ "type": "Feature", "properties": { "dep_id": "10071730", "site_name": "Pueblo Group", "dev_stat": "Occurrence", "code_list": " AU AG CU ", "target_commodity": "Gold", "lon": -115.34316, "lat": 45.20878 }, "geometry": { "type": "Point", "coordinates": [ -115.34316, 45.20878 ] } },
{ "type": "Feature", "properties": { "dep_id": "10071731", "site_name": "Dynamite Prospect", "dev_stat": "Occurrence", "code_list": " AU ", "target_commodity": "Gold", "lon": -115.33376, "lat": 45.21069 }, "geometry": { "type": "Point", "coordinates": [ -115.33376, 45.21069 ] } },
{ "type": "Feature", "properties": { "dep_id": "10071732", "site_name": "Big 4 Prospect", "dev_stat": "Past Producer", "code_list": " AU ", "target_commodity": "Gold", "lon": -115.32066, "lat": 45.20928 }, "geometry": { "type": "Point", "coordinates": [ -115.32066, 45.20928 ] } },
{ "type": "Feature", "properties": { "dep_id": "10071734", "site_name": "Acorn Group Prospect", "dev_stat": "Occurrence", "code_list": " AU ", "target_commodity": "Gold", "lon": -115.10766, "lat": 45.16158 }, "geometry": { "type": "Point", "coordinates": [ -115.10766, 45.16158 ] } },
{ "type": "Feature", "properties": { "dep_id": "10071735", "site_name": "Box Springs Claim", "dev_stat": "Occurrence", "code_list": " AU ", "target_commodity": "Gold", "lon": -115.08515, "lat": 45.16208 }, "geometry": { "type": "Point", "coordinates": [ -115.08515, 45.16208 ] } },
{ "type": "Feature", "properties": { "dep_id": "10071737", "site_name": "Lime Creek Prospect", "dev_stat": "Occurrence", "code_list": " AU ", "target_commodity": "Gold", "lon": -115.06455, "lat": 45.17408 }, "geometry": { "type": "Point", "coordinates": [ -115.06455, 45.17408 ] } },
{ "type": "Feature", "properties": { "dep_id": "10071738", "site_name": "Valentine Claim", "dev_stat": "Occurrence", "code_list": " AU ", "target_commodity": "Gold", "lon": -114.99655, "lat": 45.13738 }, "geometry": { "type": "Point", "coordinates": [ -114.99655, 45.13738 ] } },
{ "type": "Feature", "properties": { "dep_id": "10071739", "site_name": "Mahan Prospect", "dev_stat": "Prospect", "code_list": " AU CU ", "target_commodity": "Gold", "lon": -115.26676, "lat": 45.21208 }, "geometry": { "type": "Point", "coordinates": [ -115.26676, 45.21208 ] } },
{ "type": "Feature", "properties": { "dep_id": "10071740", "site_name": "Copper Mountain Group Prospect", "dev_stat": "Occurrence", "code_list": " AU ", "target_commodity": "Gold", "lon": -115.05235, "lat": 45.11878 }, "geometry": { "type": "Point", "coordinates": [ -115.05235, 45.11878 ] } },
{ "type": "Feature", "properties": { "dep_id": "10071741", "site_name": "Boulder Creek Placer", "dev_stat": "Past Producer", "code_list": " AU ", "target_commodity": "Gold", "lon": -115.30876, "lat": 45.23848 }, "geometry": { "type": "Point", "coordinates": [ -115.30876, 45.23848 ] } },
{ "type": "Feature", "properties": { "dep_id": "10071742", "site_name": "Wild West Group Prospect", "dev_stat": "Prospect", "code_list": " AU AG ", "target_commodity": "Gold", "lon": -115.27956, "lat": 45.20158 }, "geometry": { "type": "Point", "coordinates": [ -115.27956, 45.20158 ] } },
{ "type": "Feature", "properties": { "dep_id": "10071743", "site_name": "Wolf Fang Prospect 2", "dev_stat": "Occurrence", "code_list": " AU ", "target_commodity": "Gold", "lon": -115.40537, "lat": 45.17628 }, "geometry": { "type": "Point", "coordinates": [ -115.40537, 45.17628 ] } },
{ "type": "Feature", "properties": { "dep_id": "10071744", "site_name": "Salmon Placer South", "dev_stat": "Prospect", "code_list": " AU TI ", "target_commodity": "Gold", "lon": -115.51208, "lat": 45.36931 }, "geometry": { "type": "Point", "coordinates": [ -115.51208, 45.36931 ] } },
{ "type": "Feature", "properties": { "dep_id": "10071745", "site_name": "Wolf Fang Group", "dev_stat": "Occurrence", "code_list": " AU ", "target_commodity": "Gold", "lon": -115.44407, "lat": 45.17298 }, "geometry": { "type": "Point", "coordinates": [ -115.44407, 45.17298 ] } },
{ "type": "Feature", "properties": { "dep_id": "10071746", "site_name": "No Name Placer", "dev_stat": "Occurrence", "code_list": " AU ", "target_commodity": "Gold", "lon": -115.03405, "lat": 45.13768 }, "geometry": { "type": "Point", "coordinates": [ -115.03405, 45.13768 ] } },
{ "type": "Feature", "properties": { "dep_id": "10071747", "site_name": "Coxey Creek Placer", "dev_stat": "Occurrence", "code_list": " AU ", "target_commodity": "Gold", "lon": -115.02375, "lat": 45.15798 }, "geometry": { "type": "Point", "coordinates": [ -115.02375, 45.15798 ] } },
{ "type": "Feature", "properties": { "dep_id": "10071748", "site_name": "John Vine Bar Placer", "dev_stat": "Occurrence", "code_list": " AU ", "target_commodity": "Gold", "lon": -115.00375, "lat": 45.13348 }, "geometry": { "type": "Point", "coordinates": [ -115.00375, 45.13348 ] } },
{ "type": "Feature", "properties": { "dep_id": "10071749", "site_name": "Cabin Creek Bar Placer", "dev_stat": "Occurrence", "code_list": " AU ", "target_commodity": "Gold", "lon": -114.93765, "lat": 45.12928 }, "geometry": { "type": "Point", "coordinates": [ -114.93765, 45.12928 ] } },
{ "type": "Feature", "properties": { "dep_id": "10071750", "site_name": "Point Placer", "dev_stat": "Occurrence", "code_list": " AU ", "target_commodity": "Gold", "lon": -114.84455, "lat": 45.10208 }, "geometry": { "type": "Point", "coordinates": [ -114.84455, 45.10208 ] } },
{ "type": "Feature", "properties": { "dep_id": "10071751", "site_name": "Cougar Creek Placer", "dev_stat": "Occurrence", "code_list": " AU ", "target_commodity": "Gold", "lon": -114.82675, "lat": 45.10348 }, "geometry": { "type": "Point", "coordinates": [ -114.82675, 45.10348 ] } },
{ "type": "Feature", "properties": { "dep_id": "10071752", "site_name": "Nelly More Prospect", "dev_stat": "Occurrence", "code_list": " AG AU ", "target_commodity": "Gold", "lon": -115.32346, "lat": 45.21708 }, "geometry": { "type": "Point", "coordinates": [ -115.32346, 45.21708 ] } },
{ "type": "Feature", "properties": { "dep_id": "10071753", "site_name": "Snowslide Prospect", "dev_stat": "Prospect", "code_list": " AU ", "target_commodity": "Gold", "lon": -115.30176, "lat": 45.22568 }, "geometry": { "type": "Point", "coordinates": [ -115.30176, 45.22568 ] } },
{ "type": "Feature", "properties": { "dep_id": "10071754", "site_name": "Wolf Prospect", "dev_stat": "Prospect", "code_list": " AU ", "target_commodity": "Gold", "lon": -115.30156, "lat": 45.21678 }, "geometry": { "type": "Point", "coordinates": [ -115.30156, 45.21678 ] } },
{ "type": "Feature", "properties": { "dep_id": "10071755", "site_name": "Vee Prospect", "dev_stat": "Prospect", "code_list": " AU ", "target_commodity": "Gold", "lon": -115.33456, "lat": 45.21928 }, "geometry": { "type": "Point", "coordinates": [ -115.33456, 45.21928 ] } },
{ "type": "Feature", "properties": { "dep_id": "10071756", "site_name": "Mother Lode Prospect", "dev_stat": "Occurrence", "code_list": " AU CU ", "target_commodity": "Gold", "lon": -115.25096, "lat": 45.20628 }, "geometry": { "type": "Point", "coordinates": [ -115.25096, 45.20628 ] } },
{ "type": "Feature", "properties": { "dep_id": "10071757", "site_name": "Little Gem No. 7 Mine", "dev_stat": "Past Producer", "code_list": " AU PB ", "target_commodity": "Gold", "lon": -115.26096, "lat": 45.20848 }, "geometry": { "type": "Point", "coordinates": [ -115.26096, 45.20848 ] } },
{ "type": "Feature", "properties": { "dep_id": "10071758", "site_name": "Beaver Ridge Prospect", "dev_stat": "Occurrence", "code_list": " CU AU AG ", "target_commodity": "Gold", "lon": -115.27126, "lat": 45.21068 }, "geometry": { "type": "Point", "coordinates": [ -115.27126, 45.21068 ] } },
{ "type": "Feature", "properties": { "dep_id": "10071759", "site_name": "Mohawk Group Prospect", "dev_stat": "Prospect", "code_list": " AU AG CU ", "target_commodity": "Gold", "lon": -115.27318, "lat": 45.22905 }, "geometry": { "type": "Point", "coordinates": [ -115.27318, 45.22905 ] } },
{ "type": "Feature", "properties": { "dep_id": "10071760", "site_name": "Lucky Hunter Group", "dev_stat": "Prospect", "code_list": " AU CU ", "target_commodity": "Gold", "lon": -114.60264, "lat": 45.02678 }, "geometry": { "type": "Point", "coordinates": [ -114.60264, 45.02678 ] } },
{ "type": "Feature", "properties": { "dep_id": "10071761", "site_name": "Johnson Lode Prospect", "dev_stat": "Past Producer", "code_list": " AU AG ", "target_commodity": "Gold", "lon": -114.6597, "lat": 45.0467 }, "geometry": { "type": "Point", "coordinates": [ -114.6597, 45.0467 ] } },
{ "type": "Feature", "properties": { "dep_id": "10071762", "site_name": "Stoddard Creek Placer", "dev_stat": "Prospect", "code_list": " AU FE ", "target_commodity": "Gold", "lon": -114.67034, "lat": 45.23628 }, "geometry": { "type": "Point", "coordinates": [ -114.67034, 45.23628 ] } },
{ "type": "Feature", "properties": { "dep_id": "10071763", "site_name": "Langley Bar Placer", "dev_stat": "Occurrence", "code_list": " AU FE ", "target_commodity": "Gold", "lon": -114.6089, "lat": 45.0464 }, "geometry": { "type": "Point", "coordinates": [ -114.6089, 45.0464 ] } },
{ "type": "Feature", "properties": { "dep_id": "10071764", "site_name": "Middle Fork Placer", "dev_stat": "Prospect", "code_list": " AU FE ", "target_commodity": "Gold", "lon": -114.60014, "lat": 45.29548 }, "geometry": { "type": "Point", "coordinates": [ -114.60014, 45.29548 ] } },
{ "type": "Feature", "properties": { "dep_id": "10071766", "site_name": "Deckie Prospect", "dev_stat": "Occurrence", "code_list": " AU ", "target_commodity": "Gold", "lon": -114.73511, "lat": 45.03099 }, "geometry": { "type": "Point", "coordinates": [ -114.73511, 45.03099 ] } },
{ "type": "Feature", "properties": { "dep_id": "10071767", "site_name": "Rattlesnake Ridge Prospect", "dev_stat": "Prospect", "code_list": " AG AU ", "target_commodity": "Gold", "lon": -114.72064, "lat": 45.05708 }, "geometry": { "type": "Point", "coordinates": [ -114.72064, 45.05708 ] } },
{ "type": "Feature", "properties": { "dep_id": "10071768", "site_name": "Lower Kimmel Creek Prospect", "dev_stat": "Occurrence", "code_list": " AU ", "target_commodity": "Gold", "lon": -114.73264, "lat": 45.07048 }, "geometry": { "type": "Point", "coordinates": [ -114.73264, 45.07048 ] } },
{ "type": "Feature", "properties": { "dep_id": "10071769", "site_name": "Kimmel Creek Prospect", "dev_stat": "Occurrence", "code_list": " AU ", "target_commodity": "Gold", "lon": -114.76234, "lat": 45.07098 }, "geometry": { "type": "Point", "coordinates": [ -114.76234, 45.07098 ] } },
{ "type": "Feature", "properties": { "dep_id": "10071770", "site_name": "Big Horn Prospect", "dev_stat": "Occurrence", "code_list": " AU ", "target_commodity": "Gold", "lon": -114.73204, "lat": 45.04548 }, "geometry": { "type": "Point", "coordinates": [ -114.73204, 45.04548 ] } },
{ "type": "Feature", "properties": { "dep_id": "10071771", "site_name": "Nugget Creek Placer", "dev_stat": "Past Producer", "code_list": " AU FE ", "target_commodity": "Gold", "lon": -114.68924, "lat": 45.21128 }, "geometry": { "type": "Point", "coordinates": [ -114.68924, 45.21128 ] } },
{ "type": "Feature", "properties": { "dep_id": "10071772", "site_name": "Parrot Camp Placer", "dev_stat": "Past Producer", "code_list": " AU FE ", "target_commodity": "Gold", "lon": -114.70124, "lat": 45.18878 }, "geometry": { "type": "Point", "coordinates": [ -114.70124, 45.18878 ] } },
{ "type": "Feature", "properties": { "dep_id": "10071773", "site_name": "Wilson Creek Placer", "dev_stat": "Prospect", "code_list": " AU FE ", "target_commodity": "Gold", "lon": -114.72594, "lat": 45.03658 }, "geometry": { "type": "Point", "coordinates": [ -114.72594, 45.03658 ] } },
{ "type": "Feature", "properties": { "dep_id": "10071774", "site_name": "Profile - Yellow Pine Company", "dev_stat": "Occurrence", "code_list": " AU ", "target_commodity": "Gold", "lon": -115.42596, "lat": 45.05599 }, "geometry": { "type": "Point", "coordinates": [ -115.42596, 45.05599 ] } },
{ "type": "Feature", "properties": { "dep_id": "10071775", "site_name": "Survey Creek Placer", "dev_stat": "Occurrence", "code_list": " AU ", "target_commodity": "Gold", "lon": -114.72874, "lat": 45.05268 }, "geometry": { "type": "Point", "coordinates": [ -114.72874, 45.05268 ] } },
{ "type": "Feature", "properties": { "dep_id": "10071776", "site_name": "Jensen Group Mine", "dev_stat": "Past Producer", "code_list": " AU CU ", "target_commodity": "Gold", "lon": -115.07096, "lat": 45.19848 }, "geometry": { "type": "Point", "coordinates": [ -115.07096, 45.19848 ] } },
{ "type": "Feature", "properties": { "dep_id": "10071777", "site_name": "Big Creek Gold Mines Placer", "dev_stat": "Occurrence", "code_list": " AU ", "target_commodity": "Gold", "lon": -115.33036, "lat": 45.10318 }, "geometry": { "type": "Point", "coordinates": [ -115.33036, 45.10318 ] } },
{ "type": "Feature", "properties": { "dep_id": "10071778", "site_name": "Tenderfoot Prospect", "dev_stat": "Occurrence", "code_list": " AU ", "target_commodity": "Gold", "lon": -115.28286, "lat": 45.15768 }, "geometry": { "type": "Point", "coordinates": [ -115.28286, 45.15768 ] } },
{ "type": "Feature", "properties": { "dep_id": "10071779", "site_name": "Hillside Prospect", "dev_stat": "Occurrence", "code_list": " AU ", "target_commodity": "Gold", "lon": -115.30906, "lat": 45.17018 }, "geometry": { "type": "Point", "coordinates": [ -115.30906, 45.17018 ] } },
{ "type": "Feature", "properties": { "dep_id": "10071780", "site_name": "Dagnapan Prospect", "dev_stat": "Occurrence", "code_list": " AU ", "target_commodity": "Gold", "lon": -115.30566, "lat": 45.17818 }, "geometry": { "type": "Point", "coordinates": [ -115.30566, 45.17818 ] } },
{ "type": "Feature", "properties": { "dep_id": "10071781", "site_name": "Hollister Prospect", "dev_stat": "Occurrence", "code_list": " AU ", "target_commodity": "Gold", "lon": -115.29876, "lat": 45.17208 }, "geometry": { "type": "Point", "coordinates": [ -115.29876, 45.17208 ] } },
{ "type": "Feature", "properties": { "dep_id": "10071782", "site_name": "Gold Hill Group", "dev_stat": "Occurrence", "code_list": " AU ", "target_commodity": "Gold", "lon": -115.37126, "lat": 45.17738 }, "geometry": { "type": "Point", "coordinates": [ -115.37126, 45.17738 ] } },
{ "type": "Feature", "properties": { "dep_id": "10071783", "site_name": "Placer Lake Prospect", "dev_stat": "Occurrence", "code_list": " AU ", "target_commodity": "Gold", "lon": -115.35957, "lat": 45.15794 }, "geometry": { "type": "Point", "coordinates": [ -115.35957, 45.15794 ] } },
{ "type": "Feature", "properties": { "dep_id": "10071788", "site_name": "Dovel Placer", "dev_stat": "Past Producer", "code_list": " AU TI ", "target_commodity": "Gold", "lon": -115.11655, "lat": 45.06428 }, "geometry": { "type": "Point", "coordinates": [ -115.11655, 45.06428 ] } },
{ "type": "Feature", "properties": { "dep_id": "10071789", "site_name": "Monumental Creek Ranch Placer", "dev_stat": "Past Producer", "code_list": " AU TI ", "target_commodity": "Gold", "lon": -115.12155, "lat": 45.02178 }, "geometry": { "type": "Point", "coordinates": [ -115.12155, 45.02178 ] } },
{ "type": "Feature", "properties": { "dep_id": "10071790", "site_name": "Milk Lake Prospect", "dev_stat": "Occurrence", "code_list": " AU ", "target_commodity": "Gold", "lon": -115.08735, "lat": 45.04928 }, "geometry": { "type": "Point", "coordinates": [ -115.08735, 45.04928 ] } },
{ "type": "Feature", "properties": { "dep_id": "10071794", "site_name": "North Fork of West Fork Prospect", "dev_stat": "Occurrence", "code_list": " AU ", "target_commodity": "Gold", "lon": -115.22456, "lat": 45.02768 }, "geometry": { "type": "Point", "coordinates": [ -115.22456, 45.02768 ] } },
{ "type": "Feature", "properties": { "dep_id": "10071797", "site_name": "Diamond Creek Prospect", "dev_stat": "Occurrence", "code_list": " AU ", "target_commodity": "Gold", "lon": -115.16236, "lat": 45.15408 }, "geometry": { "type": "Point", "coordinates": [ -115.16236, 45.15408 ] } },
{ "type": "Feature", "properties": { "dep_id": "10071799", "site_name": "Redridge Group Mine", "dev_stat": "Past Producer", "code_list": " SIL AU ", "target_commodity": "Gold", "lon": -115.13845, "lat": 45.04048 }, "geometry": { "type": "Point", "coordinates": [ -115.13845, 45.04048 ] } },
{ "type": "Feature", "properties": { "dep_id": "10071800", "site_name": "Imperial Prospect", "dev_stat": "Prospect", "code_list": " AG AU ", "target_commodity": "Gold", "lon": -115.18596, "lat": 45.32768 }, "geometry": { "type": "Point", "coordinates": [ -115.18596, 45.32768 ] } },
{ "type": "Feature", "properties": { "dep_id": "10071803", "site_name": "Barite Prospect", "dev_stat": "Occurrence", "code_list": " BA AU ", "target_commodity": "Gold", "lon": -115.12676, "lat": 45.09458 }, "geometry": { "type": "Point", "coordinates": [ -115.12676, 45.09458 ] } },
{ "type": "Feature", "properties": { "dep_id": "10071805", "site_name": "Cold Meadows Placer", "dev_stat": "Prospect", "code_list": " AU FE ", "target_commodity": "Gold", "lon": -114.94845, "lat": 45.28128 }, "geometry": { "type": "Point", "coordinates": [ -114.94845, 45.28128 ] } },
{ "type": "Feature", "properties": { "dep_id": "10071806", "site_name": "Kitchen Creek Bar Placer", "dev_stat": "Past Producer", "code_list": " AU FE ", "target_commodity": "Gold", "lon": -114.65064, "lat": 45.32298 }, "geometry": { "type": "Point", "coordinates": [ -114.65064, 45.32298 ] } },
{ "type": "Feature", "properties": { "dep_id": "10071807", "site_name": "Bruin Creek Bar Placer", "dev_stat": "Occurrence", "code_list": " AU FE ", "target_commodity": "Gold", "lon": -115.07536, "lat": 45.51598 }, "geometry": { "type": "Point", "coordinates": [ -115.07536, 45.51598 ] } },
{ "type": "Feature", "properties": { "dep_id": "10071808", "site_name": "Bear Creek Bar Placer", "dev_stat": "Past Producer", "code_list": " AU ZR ", "target_commodity": "Gold", "lon": -115.10456, "lat": 45.52628 }, "geometry": { "type": "Point", "coordinates": [ -115.10456, 45.52628 ] } },
{ "type": "Feature", "properties": { "dep_id": "10071809", "site_name": "Meyers Creek Placer", "dev_stat": "Prospect", "code_list": " AU FE ", "target_commodity": "Gold", "lon": -115.21907, "lat": 45.56768 }, "geometry": { "type": "Point", "coordinates": [ -115.21907, 45.56768 ] } },
{ "type": "Feature", "properties": { "dep_id": "10071810", "site_name": "Julie Creek Bar Placer", "dev_stat": "Occurrence", "code_list": " AU FE ", "target_commodity": "Gold", "lon": -115.28157, "lat": 45.53158 }, "geometry": { "type": "Point", "coordinates": [ -115.28157, 45.53158 ] } },
{ "type": "Feature", "properties": { "dep_id": "10071811", "site_name": "Widow Bar Placer", "dev_stat": "Occurrence", "code_list": " AU FE ", "target_commodity": "Gold", "lon": -115.35237, "lat": 45.48238 }, "geometry": { "type": "Point", "coordinates": [ -115.35237, 45.48238 ] } },
{ "type": "Feature", "properties": { "dep_id": "10071812", "site_name": "Lemhi Bar Placer", "dev_stat": "Occurrence", "code_list": " AU FE ", "target_commodity": "Gold", "lon": -115.38927, "lat": 45.47408 }, "geometry": { "type": "Point", "coordinates": [ -115.38927, 45.47408 ] } },
{ "type": "Feature", "properties": { "dep_id": "10071813", "site_name": "Cunningham Bar Placer", "dev_stat": "Prospect", "code_list": " AU FE ", "target_commodity": "Gold", "lon": -114.69015, "lat": 45.36548 }, "geometry": { "type": "Point", "coordinates": [ -114.69015, 45.36548 ] } },
{ "type": "Feature", "properties": { "dep_id": "10071815", "site_name": "Haypress Meadow Placer", "dev_stat": "Occurrence", "code_list": " ZR AU ", "target_commodity": "Gold", "lon": -115.18179, "lat": 45.29488 }, "geometry": { "type": "Point", "coordinates": [ -115.18179, 45.29488 ] } },
{ "type": "Feature", "properties": { "dep_id": "10071816", "site_name": "Hamilton-Hillsman Claim", "dev_stat": "Prospect", "code_list": " AG CU AU ", "target_commodity": "Gold", "lon": -115.18456, "lat": 45.39818 }, "geometry": { "type": "Point", "coordinates": [ -115.18456, 45.39818 ] } },
{ "type": "Feature", "properties": { "dep_id": "10071817", "site_name": "Silver Bell Prospect", "dev_stat": "Prospect", "code_list": " AU AG ", "target_commodity": "Gold", "lon": -115.39517, "lat": 45.29318 }, "geometry": { "type": "Point", "coordinates": [ -115.39517, 45.29318 ] } },
{ "type": "Feature", "properties": { "dep_id": "10071818", "site_name": "Root Ranch Placer", "dev_stat": "Prospect", "code_list": " AU ZR ", "target_commodity": "Gold", "lon": -115.03156, "lat": 45.30658 }, "geometry": { "type": "Point", "coordinates": [ -115.03156, 45.30658 ] } },
{ "type": "Feature", "properties": { "dep_id": "10071822", "site_name": "Dodge Placer South", "dev_stat": "Prospect", "code_list": " AU TI ", "target_commodity": "Gold", "lon": -115.52097, "lat": 45.35598 }, "geometry": { "type": "Point", "coordinates": [ -115.52097, 45.35598 ] } },
{ "type": "Feature", "properties": { "dep_id": "10071823", "site_name": "Salmon Placer North", "dev_stat": "Prospect", "code_list": " AU TI ", "target_commodity": "Gold", "lon": -115.51317, "lat": 45.37317 }, "geometry": { "type": "Point", "coordinates": [ -115.51317, 45.37317 ] } },
{ "type": "Feature", "properties": { "dep_id": "10071824", "site_name": "West Fork Monumental Creek Placer", "dev_stat": "Occurrence", "code_list": " AU ", "target_commodity": "Gold", "lon": -115.14817, "lat": 45.00682 }, "geometry": { "type": "Point", "coordinates": [ -115.14817, 45.00682 ] } },
{ "type": "Feature", "properties": { "dep_id": "10071825", "site_name": "D. D. Prospect", "dev_stat": "Occurrence", "code_list": " AU ", "target_commodity": "Gold", "lon": -115.34956, "lat": 45.17628 }, "geometry": { "type": "Point", "coordinates": [ -115.34956, 45.17628 ] } },
{ "type": "Feature", "properties": { "dep_id": "10071826", "site_name": "Survey Creek Bar Placer", "dev_stat": "Occurrence", "code_list": " AU FE ", "target_commodity": "Gold", "lon": -114.72314, "lat": 45.05238 }, "geometry": { "type": "Point", "coordinates": [ -114.72314, 45.05238 ] } },
{ "type": "Feature", "properties": { "dep_id": "10071829", "site_name": "Dump Creek Placer", "dev_stat": "Occurrence", "code_list": " AU ", "target_commodity": "Gold", "lon": -114.06843, "lat": 45.37679 }, "geometry": { "type": "Point", "coordinates": [ -114.06843, 45.37679 ] } },
{ "type": "Feature", "properties": { "dep_id": "10071831", "site_name": "Dewey Mine", "dev_stat": "Past Producer", "code_list": " CU AU ", "target_commodity": "Gold", "lon": -116.0116, "lat": 45.93207 }, "geometry": { "type": "Point", "coordinates": [ -116.0116, 45.93207 ] } },
{ "type": "Feature", "properties": { "dep_id": "10071832", "site_name": "Groundhog Bar Placer", "dev_stat": "Past Producer", "code_list": " AU ABR_G ", "target_commodity": "Gold", "lon": -115.35319, "lat": 45.47544 }, "geometry": { "type": "Point", "coordinates": [ -115.35319, 45.47544 ] } },
{ "type": "Feature", "properties": { "dep_id": "10071833", "site_name": "Hard Boil Bar Placer", "dev_stat": "Occurrence", "code_list": " AU ", "target_commodity": "Gold", "lon": -115.06815, "lat": 45.14488 }, "geometry": { "type": "Point", "coordinates": [ -115.06815, 45.14488 ] } },
{ "type": "Feature", "properties": { "dep_id": "10071834", "site_name": "Mile Flat Placer", "dev_stat": "Occurrence", "code_list": " AU ", "target_commodity": "Gold", "lon": -115.09676, "lat": 45.14848 }, "geometry": { "type": "Point", "coordinates": [ -115.09676, 45.14848 ] } },
{ "type": "Feature", "properties": { "dep_id": "10071835", "site_name": "Skookum Claim", "dev_stat": "Occurrence", "code_list": " AU ", "target_commodity": "Gold", "lon": -114.99175, "lat": 45.05348 }, "geometry": { "type": "Point", "coordinates": [ -114.99175, 45.05348 ] } },
{ "type": "Feature", "properties": { "dep_id": "10071836", "site_name": "Bear Track Mine", "dev_stat": "Past Producer", "code_list": " AU ", "target_commodity": "Gold", "lon": -115.67958, "lat": 45.24848 }, "geometry": { "type": "Point", "coordinates": [ -115.67958, 45.24848 ] } },
{ "type": "Feature", "properties": { "dep_id": "10073373", "site_name": "Twentieth Century Group", "dev_stat": "Occurrence", "code_list": " AU ", "target_commodity": "Gold", "lon": -115.19035, "lat": 44.94518 }, "geometry": { "type": "Point", "coordinates": [ -115.19035, 44.94518 ] } },
{ "type": "Feature", "properties": { "dep_id": "10078297", "site_name": "Hughes Creek Placers", "dev_stat": "Producer", "code_list": " AU AG SN ", "target_commodity": "Gold", "lon": -114.14093, "lat": 45.61461 }, "geometry": { "type": "Point", "coordinates": [ -114.14093, 45.61461 ] } },
{ "type": "Feature", "properties": { "dep_id": "10079112", "site_name": "Rock Flat Placer", "dev_stat": "Past Producer", "code_list": " AU ABR_C GEM ", "target_commodity": "Gold", "lon": -116.16878, "lat": 44.93657 }, "geometry": { "type": "Point", "coordinates": [ -116.16878, 44.93657 ] } },
{ "type": "Feature", "properties": { "dep_id": "10079163", "site_name": "French Creek Placer", "dev_stat": "Past Producer", "code_list": " AU ", "target_commodity": "Gold", "lon": -116.02879, "lat": 45.42127 }, "geometry": { "type": "Point", "coordinates": [ -116.02879, 45.42127 ] } },
{ "type": "Feature", "properties": { "dep_id": "10085068", "site_name": "Buffalo Gulch Mine", "dev_stat": "Producer", "code_list": " AU ", "target_commodity": "Gold", "lon": -115.47348, "lat": 45.86181 }, "geometry": { "type": "Point", "coordinates": [ -115.47348, 45.86181 ] } },
{ "type": "Feature", "properties": { "dep_id": "10089077", "site_name": "Six Ounce Gulch Prospect", "dev_stat": "Occurrence", "code_list": " AU ", "target_commodity": "Gold", "lon": -116.03959, "lat": 45.50317 }, "geometry": { "type": "Point", "coordinates": [ -116.03959, 45.50317 ] } },
{ "type": "Feature", "properties": { "dep_id": "10089218", "site_name": "Holmes Placer", "dev_stat": "Past Producer", "code_list": " AU ", "target_commodity": "Gold", "lon": -115.94269, "lat": 45.83237 }, "geometry": { "type": "Point", "coordinates": [ -115.94269, 45.83237 ] } },
{ "type": "Feature", "properties": { "dep_id": "10089219", "site_name": "Telegram Placer", "dev_stat": "Past Producer", "code_list": " AU ", "target_commodity": "Gold", "lon": -115.96429, "lat": 45.82427 }, "geometry": { "type": "Point", "coordinates": [ -115.96429, 45.82427 ] } },
{ "type": "Feature", "properties": { "dep_id": "10089221", "site_name": "Lake Creek Placer", "dev_stat": "Past Producer", "code_list": " AU FE ", "target_commodity": "Gold", "lon": -114.52014, "lat": 45.30018 }, "geometry": { "type": "Point", "coordinates": [ -114.52014, 45.30018 ] } },
{ "type": "Feature", "properties": { "dep_id": "10089222", "site_name": "Golden Eagle Placer", "dev_stat": "Past Producer", "code_list": " AU FE ", "target_commodity": "Gold", "lon": -114.55404, "lat": 45.30098 }, "geometry": { "type": "Point", "coordinates": [ -114.55404, 45.30098 ] } },
{ "type": "Feature", "properties": { "dep_id": "10089223", "site_name": "Smith Gulch Bar", "dev_stat": "Past Producer", "code_list": " AU ABR_G ", "target_commodity": "Gold", "lon": -114.98566, "lat": 45.48628 }, "geometry": { "type": "Point", "coordinates": [ -114.98566, 45.48628 ] } },
{ "type": "Feature", "properties": { "dep_id": "10089224", "site_name": "Painter Bar", "dev_stat": "Past Producer", "code_list": " AU ABR_G ", "target_commodity": "Gold", "lon": -115.46567, "lat": 45.41657 }, "geometry": { "type": "Point", "coordinates": [ -115.46567, 45.41657 ] } },
{ "type": "Feature", "properties": { "dep_id": "10089225", "site_name": "Bargamin Bar", "dev_stat": "Past Producer", "code_list": " AU ABR_G ", "target_commodity": "Gold", "lon": -115.19677, "lat": 45.56548 }, "geometry": { "type": "Point", "coordinates": [ -115.19677, 45.56548 ] } },
{ "type": "Feature", "properties": { "dep_id": "10089226", "site_name": "Big Mallard Bar", "dev_stat": "Past Producer", "code_list": " AU ABR_G ", "target_commodity": "Gold", "lon": -115.27657, "lat": 45.53408 }, "geometry": { "type": "Point", "coordinates": [ -115.27657, 45.53408 ] } },
{ "type": "Feature", "properties": { "dep_id": "10089227", "site_name": "Moore Bar", "dev_stat": "Past Producer", "code_list": " AU ABR_G ", "target_commodity": "Gold", "lon": -115.33817, "lat": 45.48658 }, "geometry": { "type": "Point", "coordinates": [ -115.33817, 45.48658 ] } },
{ "type": "Feature", "properties": { "dep_id": "10089228", "site_name": "Horse Creek Placers Nos. 1, 2, 3, 4, and Horse Bar", "dev_stat": "Past Producer", "code_list": " AU ABR_G ", "target_commodity": "Gold", "lon": -114.73206, "lat": 45.39571 }, "geometry": { "type": "Point", "coordinates": [ -114.73206, 45.39571 ] } },
{ "type": "Feature", "properties": { "dep_id": "10089229", "site_name": "Smith Placer", "dev_stat": "Past Producer", "code_list": " AU ", "target_commodity": "Gold", "lon": -115.49458, "lat": 45.90597 }, "geometry": { "type": "Point", "coordinates": [ -115.49458, 45.90597 ] } },
{ "type": "Feature", "properties": { "dep_id": "10089230", "site_name": "Frustration Placer", "dev_stat": "Occurrence", "code_list": " AU ", "target_commodity": "Gold", "lon": -115.39038, "lat": 45.81047 }, "geometry": { "type": "Point", "coordinates": [ -115.39038, 45.81047 ] } },
{ "type": "Feature", "properties": { "dep_id": "10089231", "site_name": "Busy Beaver Placer", "dev_stat": "Occurrence", "code_list": " AU ", "target_commodity": "Gold", "lon": -115.40628, "lat": 45.79567 }, "geometry": { "type": "Point", "coordinates": [ -115.40628, 45.79567 ] } },
{ "type": "Feature", "properties": { "dep_id": "10089233", "site_name": "Forest Service Administrative Land Placer", "dev_stat": "Occurrence", "code_list": " AU ", "target_commodity": "Gold", "lon": -115.38908, "lat": 45.78297 }, "geometry": { "type": "Point", "coordinates": [ -115.38908, 45.78297 ] } },
{ "type": "Feature", "properties": { "dep_id": "10089234", "site_name": "Johnson Placer", "dev_stat": "Past Producer", "code_list": " AU ", "target_commodity": "Gold", "lon": -115.39677, "lat": 45.75377 }, "geometry": { "type": "Point", "coordinates": [ -115.39677, 45.75377 ] } },
{ "type": "Feature", "properties": { "dep_id": "10089235", "site_name": "Silver Crown", "dev_stat": "Occurrence", "code_list": " AU ", "target_commodity": "Gold", "lon": -115.71598, "lat": 45.30209 }, "geometry": { "type": "Point", "coordinates": [ -115.71598, 45.30209 ] } },
{ "type": "Feature", "properties": { "dep_id": "10089236", "site_name": "Gayhart Burns Placer Mine", "dev_stat": "Past Producer", "code_list": " AU ", "target_commodity": "Gold", "lon": -115.81288, "lat": 45.23737 }, "geometry": { "type": "Point", "coordinates": [ -115.81288, 45.23737 ] } },
{ "type": "Feature", "properties": { "dep_id": "10089237", "site_name": "Steamboat Creek Placer", "dev_stat": "Past Producer", "code_list": " AU AG ", "target_commodity": "Gold", "lon": -115.72488, "lat": 45.25797 }, "geometry": { "type": "Point", "coordinates": [ -115.72488, 45.25797 ] } },
{ "type": "Feature", "properties": { "dep_id": "10089239", "site_name": "Arlise Gulch Placer", "dev_stat": "Past Producer", "code_list": " AU ", "target_commodity": "Gold", "lon": -115.71538, "lat": 45.24627 }, "geometry": { "type": "Point", "coordinates": [ -115.71538, 45.24627 ] } },
{ "type": "Feature", "properties": { "dep_id": "10089240", "site_name": "Rare Find No. 3 Placer Claim", "dev_stat": "Past Producer", "code_list": " AU ", "target_commodity": "Gold", "lon": -115.41628, "lat": 45.84377 }, "geometry": { "type": "Point", "coordinates": [ -115.41628, 45.84377 ] } },
{ "type": "Feature", "properties": { "dep_id": "10089241", "site_name": "Rare Find Wedge and Rare Find Group No. 1 Placer Claims", "dev_stat": "Past Producer", "code_list": " AU ", "target_commodity": "Gold", "lon": -115.44958, "lat": 45.89347 }, "geometry": { "type": "Point", "coordinates": [ -115.44958, 45.89347 ] } },
{ "type": "Feature", "properties": { "dep_id": "10089242", "site_name": "Shuck Placer", "dev_stat": "Past Producer", "code_list": " AU AG ", "target_commodity": "Gold", "lon": -115.45408, "lat": 45.87487 }, "geometry": { "type": "Point", "coordinates": [ -115.45408, 45.87487 ] } },
{ "type": "Feature", "properties": { "dep_id": "10089243", "site_name": "Fool Hen Gulch Placer", "dev_stat": "Occurrence", "code_list": " AU ", "target_commodity": "Gold", "lon": -114.37344, "lat": 45.42348 }, "geometry": { "type": "Point", "coordinates": [ -114.37344, 45.42348 ] } },
{ "type": "Feature", "properties": { "dep_id": "10089244", "site_name": "Beaver Creek Placer", "dev_stat": "Past Producer", "code_list": " AU ", "target_commodity": "Gold", "lon": -114.33173, "lat": 45.27568 }, "geometry": { "type": "Point", "coordinates": [ -114.33173, 45.27568 ] } },
{ "type": "Feature", "properties": { "dep_id": "10089245", "site_name": "Sierra Gulch Placer", "dev_stat": "Past Producer", "code_list": " AU ", "target_commodity": "Gold", "lon": -114.03842, "lat": 45.26429 }, "geometry": { "type": "Point", "coordinates": [ -114.03842, 45.26429 ] } },
{ "type": "Feature", "properties": { "dep_id": "10089246", "site_name": "Wrights Gulch Placer", "dev_stat": "Occurrence", "code_list": " AU ", "target_commodity": "Gold", "lon": -114.08402, "lat": 45.24209 }, "geometry": { "type": "Point", "coordinates": [ -114.08402, 45.24209 ] } },
{ "type": "Feature", "properties": { "dep_id": "10089247", "site_name": "Lower Mackinaw Creek Placers", "dev_stat": "Occurrence", "code_list": " AU ", "target_commodity": "Gold", "lon": -114.17813, "lat": 45.16929 }, "geometry": { "type": "Point", "coordinates": [ -114.17813, 45.16929 ] } },
{ "type": "Feature", "properties": { "dep_id": "10089248", "site_name": "California Bar Placer", "dev_stat": "Occurrence", "code_list": " AU ", "target_commodity": "Gold", "lon": -114.15623, "lat": 45.17069 }, "geometry": { "type": "Point", "coordinates": [ -114.15623, 45.17069 ] } },
{ "type": "Feature", "properties": { "dep_id": "10089250", "site_name": "Sipes Creek Placer", "dev_stat": "Occurrence", "code_list": " AU ", "target_commodity": "Gold", "lon": -115.54178, "lat": 45.62847 }, "geometry": { "type": "Point", "coordinates": [ -115.54178, 45.62847 ] } },
{ "type": "Feature", "properties": { "dep_id": "10089251", "site_name": "Siegle Creek Placer", "dev_stat": "Occurrence", "code_list": " AU ", "target_commodity": "Gold", "lon": -115.35737, "lat": 45.78627 }, "geometry": { "type": "Point", "coordinates": [ -115.35737, 45.78627 ] } },
{ "type": "Feature", "properties": { "dep_id": "10089252", "site_name": "Burris Placer", "dev_stat": "Past Producer", "code_list": " AU ", "target_commodity": "Gold", "lon": -115.14266, "lat": 45.09268 }, "geometry": { "type": "Point", "coordinates": [ -115.14266, 45.09268 ] } },
{ "type": "Feature", "properties": { "dep_id": "10089253", "site_name": "Simmons Placer", "dev_stat": "Past Producer", "code_list": " AU ", "target_commodity": "Gold", "lon": -115.13096, "lat": 45.08568 }, "geometry": { "type": "Point", "coordinates": [ -115.13096, 45.08568 ] } },
{ "type": "Feature", "properties": { "dep_id": "10089254", "site_name": "Newsome House Placer", "dev_stat": "Prospect", "code_list": " AU AG ", "target_commodity": "Gold", "lon": -115.63128, "lat": 45.90407 }, "geometry": { "type": "Point", "coordinates": [ -115.63128, 45.90407 ] } },
{ "type": "Feature", "properties": { "dep_id": "10089255", "site_name": "Newsome and Leggett Creek Placer", "dev_stat": "Past Producer", "code_list": " AU ", "target_commodity": "Gold", "lon": -115.63158, "lat": 45.83567 }, "geometry": { "type": "Point", "coordinates": [ -115.63158, 45.83567 ] } },
{ "type": "Feature", "properties": { "dep_id": "10089256", "site_name": "Pioneer Placer", "dev_stat": "Occurrence", "code_list": " AU ", "target_commodity": "Gold", "lon": -115.61768, "lat": 45.81847 }, "geometry": { "type": "Point", "coordinates": [ -115.61768, 45.81847 ] } },
{ "type": "Feature", "properties": { "dep_id": "10089257", "site_name": "Big Ramey Placer", "dev_stat": "Occurrence", "code_list": " AU ", "target_commodity": "Gold", "lon": -115.16516, "lat": 45.17548 }, "geometry": { "type": "Point", "coordinates": [ -115.16516, 45.17548 ] } },
{ "type": "Feature", "properties": { "dep_id": "10089258", "site_name": "Copper Creek Placer", "dev_stat": "Occurrence", "code_list": " AU ", "target_commodity": "Gold", "lon": -115.21513, "lat": 45.16571 }, "geometry": { "type": "Point", "coordinates": [ -115.21513, 45.16571 ] } },
{ "type": "Feature", "properties": { "dep_id": "10089259", "site_name": "Beaver Creek Placer", "dev_stat": "Occurrence", "code_list": " AU ", "target_commodity": "Gold", "lon": -115.24263, "lat": 45.16349 }, "geometry": { "type": "Point", "coordinates": [ -115.24263, 45.16349 ] } },
{ "type": "Feature", "properties": { "dep_id": "10089260", "site_name": "Upper Ramey Meadows Placer", "dev_stat": "Occurrence", "code_list": " AU TI ", "target_commodity": "Gold", "lon": -115.22736, "lat": 45.28738 }, "geometry": { "type": "Point", "coordinates": [ -115.22736, 45.28738 ] } },
{ "type": "Feature", "properties": { "dep_id": "10089261", "site_name": "Hermit Hanks Bar Placer", "dev_stat": "Occurrence", "code_list": " AU FE ", "target_commodity": "Gold", "lon": -115.29597, "lat": 45.53458 }, "geometry": { "type": "Point", "coordinates": [ -115.29597, 45.53458 ] } },
{ "type": "Feature", "properties": { "dep_id": "10089262", "site_name": "Excelsior Bar Placer", "dev_stat": "Occurrence", "code_list": " AU FE ", "target_commodity": "Gold", "lon": -115.47067, "lat": 45.41068 }, "geometry": { "type": "Point", "coordinates": [ -115.47067, 45.41068 ] } },
{ "type": "Feature", "properties": { "dep_id": "10089263", "site_name": "Disappointment Bar Placer", "dev_stat": "Past Producer", "code_list": " AU FE ", "target_commodity": "Gold", "lon": -114.88485, "lat": 45.42178 }, "geometry": { "type": "Point", "coordinates": [ -114.88485, 45.42178 ] } },
{ "type": "Feature", "properties": { "dep_id": "10089264", "site_name": "Proctor Bar Placer", "dev_stat": "Prospect", "code_list": " AU ", "target_commodity": "Gold", "lon": -114.66734, "lat": 45.33318 }, "geometry": { "type": "Point", "coordinates": [ -114.66734, 45.33318 ] } },
{ "type": "Feature", "properties": { "dep_id": "10089266", "site_name": "Chamberlain Meadow Placer", "dev_stat": "Prospect", "code_list": " AU ZR ", "target_commodity": "Gold", "lon": -115.19376, "lat": 45.36768 }, "geometry": { "type": "Point", "coordinates": [ -115.19376, 45.36768 ] } },
{ "type": "Feature", "properties": { "dep_id": "10089268", "site_name": "Mountain Sheep Placer", "dev_stat": "Prospect", "code_list": " AU TI ", "target_commodity": "Gold", "lon": -115.51737, "lat": 45.34737 }, "geometry": { "type": "Point", "coordinates": [ -115.51737, 45.34737 ] } },
{ "type": "Feature", "properties": { "dep_id": "10089270", "site_name": "Buster Gulch Placer", "dev_stat": "Occurrence", "code_list": " AU ", "target_commodity": "Gold", "lon": -114.06593, "lat": 45.3785 }, "geometry": { "type": "Point", "coordinates": [ -114.06593, 45.3785 ] } },
{ "type": "Feature", "properties": { "dep_id": "10089272", "site_name": "Soft Boil Bar Placer", "dev_stat": "Occurrence", "code_list": " AU ", "target_commodity": "Gold", "lon": -115.05155, "lat": 45.14098 }, "geometry": { "type": "Point", "coordinates": [ -115.05155, 45.14098 ] } },
{ "type": "Feature", "properties": { "dep_id": "10089273", "site_name": "Smith Creek Hydraulic Co. Placer", "dev_stat": "Past Producer", "code_list": " AU FE ", "target_commodity": "Gold", "lon": -115.31036, "lat": 45.15488 }, "geometry": { "type": "Point", "coordinates": [ -115.31036, 45.15488 ] } },
{ "type": "Feature", "properties": { "dep_id": "10090095", "site_name": "Last Chance Claim", "dev_stat": "Prospect", "code_list": " AU AG ", "target_commodity": "Gold", "lon": -115.69408, "lat": 45.30927 }, "geometry": { "type": "Point", "coordinates": [ -115.69408, 45.30927 ] } },
{ "type": "Feature", "properties": { "dep_id": "10090168", "site_name": "Twin Cove Lake - Ramshorn Lake Occurrence", "dev_stat": "Occurrence", "code_list": " CU AU ", "target_commodity": "Gold", "lon": -114.61234, "lat": 45.09018 }, "geometry": { "type": "Point", "coordinates": [ -114.61234, 45.09018 ] } },
{ "type": "Feature", "properties": { "dep_id": "10090179", "site_name": "Kimberly Mine", "dev_stat": "Past Producer", "code_list": " AU AG ", "target_commodity": "Gold", "lon": -115.85654, "lat": 45.39709 }, "geometry": { "type": "Point", "coordinates": [ -115.85654, 45.39709 ] } },
{ "type": "Feature", "properties": { "dep_id": "10091803", "site_name": "Bell's Bar Nos 1 - 3", "dev_stat": "Occurrence", "code_list": " AU ", "target_commodity": "Gold", "lon": -115.71764, "lat": 44.86654 }, "geometry": { "type": "Point", "coordinates": [ -115.71764, 44.86654 ] } },
{ "type": "Feature", "properties": { "dep_id": "10091808", "site_name": "Camp Bird No. 1", "dev_stat": "Occurrence", "code_list": " AU ", "target_commodity": "Gold", "lon": -115.35206, "lat": 45.11518 }, "geometry": { "type": "Point", "coordinates": [ -115.35206, 45.11518 ] } },
{ "type": "Feature", "properties": { "dep_id": "10091810", "site_name": "Minnehik", "dev_stat": "Occurrence", "code_list": " AU ", "target_commodity": "Gold", "lon": -114.15373, "lat": 45.14819 }, "geometry": { "type": "Point", "coordinates": [ -114.15373, 45.14819 ] } },
{ "type": "Feature", "properties": { "dep_id": "10091811", "site_name": "Prince", "dev_stat": "Occurrence", "code_list": " AU ", "target_commodity": "Gold", "lon": -114.13342, "lat": 45.14099 }, "geometry": { "type": "Point", "coordinates": [ -114.13342, 45.14099 ] } },
{ "type": "Feature", "properties": { "dep_id": "10091812", "site_name": "Sunbeam and Sunbeam Nos. 1 and 2", "dev_stat": "Occurrence", "code_list": " AU ", "target_commodity": "Gold", "lon": -114.28623, "lat": 45.27209 }, "geometry": { "type": "Point", "coordinates": [ -114.28623, 45.27209 ] } },
{ "type": "Feature", "properties": { "dep_id": "10091813", "site_name": "Montana", "dev_stat": "Occurrence", "code_list": " AU ", "target_commodity": "Gold", "lon": -114.28593, "lat": 45.40048 }, "geometry": { "type": "Point", "coordinates": [ -114.28593, 45.40048 ] } },
{ "type": "Feature", "properties": { "dep_id": "10091814", "site_name": "Rico and Rico Nos 1 and 2", "dev_stat": "Past Producer", "code_list": " AU AG ", "target_commodity": "Gold", "lon": -114.28953, "lat": 45.42318 }, "geometry": { "type": "Point", "coordinates": [ -114.28953, 45.42318 ] } },
{ "type": "Feature", "properties": { "dep_id": "10091815", "site_name": "Blue Wing", "dev_stat": "Occurrence", "code_list": " AU ", "target_commodity": "Gold", "lon": -114.03563, "lat": 45.53099 }, "geometry": { "type": "Point", "coordinates": [ -114.03563, 45.53099 ] } },
{ "type": "Feature", "properties": { "dep_id": "10091816", "site_name": "Bluemoon", "dev_stat": "Occurrence", "code_list": " AU ", "target_commodity": "Gold", "lon": -114.03426, "lat": 45.53322 }, "geometry": { "type": "Point", "coordinates": [ -114.03426, 45.53322 ] } },
{ "type": "Feature", "properties": { "dep_id": "10091817", "site_name": "North Slope", "dev_stat": "Occurrence", "code_list": " AU ", "target_commodity": "Gold", "lon": -114.03563, "lat": 45.53099 }, "geometry": { "type": "Point", "coordinates": [ -114.03563, 45.53099 ] } },
{ "type": "Feature", "properties": { "dep_id": "10091818", "site_name": "Provedencia Extension", "dev_stat": "Occurrence", "code_list": " AU U ", "target_commodity": "Gold", "lon": -114.02871, "lat": 45.54156 }, "geometry": { "type": "Point", "coordinates": [ -114.02871, 45.54156 ] } },
{ "type": "Feature", "properties": { "dep_id": "10093450", "site_name": "Bull Run Prospect", "dev_stat": "Occurrence", "code_list": " AU ", "target_commodity": "Gold", "lon": -116.03849, "lat": 45.49987 }, "geometry": { "type": "Point", "coordinates": [ -116.03849, 45.49987 ] } },
{ "type": "Feature", "properties": { "dep_id": "10093482", "site_name": "Gold Dust Prospect", "dev_stat": "Occurrence", "code_list": " AU ", "target_commodity": "Gold", "lon": -114.11123, "lat": 45.23769 }, "geometry": { "type": "Point", "coordinates": [ -114.11123, 45.23769 ] } },
{ "type": "Feature", "properties": { "dep_id": "10093487", "site_name": "Bridge Creek Gold Prospect", "dev_stat": "Occurrence", "code_list": " AU ", "target_commodity": "Gold", "lon": -114.18813, "lat": 45.27049 }, "geometry": { "type": "Point", "coordinates": [ -114.18813, 45.27049 ] } },
{ "type": "Feature", "properties": { "dep_id": "10093503", "site_name": "Lion Prospect", "dev_stat": "Occurrence", "code_list": " AU ", "target_commodity": "Gold", "lon": -115.15455, "lat": 44.97048 }, "geometry": { "type": "Point", "coordinates": [ -115.15455, 44.97048 ] } },
{ "type": "Feature", "properties": { "dep_id": "10093506", "site_name": "Pearl Prospect", "dev_stat": "Occurrence", "code_list": " AU ", "target_commodity": "Gold", "lon": -115.07735, "lat": 44.99208 }, "geometry": { "type": "Point", "coordinates": [ -115.07735, 44.99208 ] } },
{ "type": "Feature", "properties": { "dep_id": "10093507", "site_name": "Terrible Teddy Prospect", "dev_stat": "Occurrence", "code_list": " AU ", "target_commodity": "Gold", "lon": -115.12425, "lat": 44.94908 }, "geometry": { "type": "Point", "coordinates": [ -115.12425, 44.94908 ] } },
{ "type": "Feature", "properties": { "dep_id": "10093508", "site_name": "Consolidation Prospect", "dev_stat": "Occurrence", "code_list": " AU ", "target_commodity": "Gold", "lon": -115.12175, "lat": 44.99158 }, "geometry": { "type": "Point", "coordinates": [ -115.12175, 44.99158 ] } },
{ "type": "Feature", "properties": { "dep_id": "10093509", "site_name": "Bold Ruler Prospect", "dev_stat": "Occurrence", "code_list": " AU ", "target_commodity": "Gold", "lon": -115.08485, "lat": 44.95318 }, "geometry": { "type": "Point", "coordinates": [ -115.08485, 44.95318 ] } },
{ "type": "Feature", "properties": { "dep_id": "10093510", "site_name": "Jumbo Prospect", "dev_stat": "Occurrence", "code_list": " AU ", "target_commodity": "Gold", "lon": -115.13175, "lat": 44.96068 }, "geometry": { "type": "Point", "coordinates": [ -115.13175, 44.96068 ] } },
{ "type": "Feature", "properties": { "dep_id": "10093511", "site_name": "Mollie Prospect", "dev_stat": "Occurrence", "code_list": " AU ", "target_commodity": "Gold", "lon": -115.15125, "lat": 44.93908 }, "geometry": { "type": "Point", "coordinates": [ -115.15125, 44.93908 ] } },
{ "type": "Feature", "properties": { "dep_id": "10093513", "site_name": "Pyramid Prospect", "dev_stat": "Occurrence", "code_list": " AU ", "target_commodity": "Gold", "lon": -115.24316, "lat": 44.92798 }, "geometry": { "type": "Point", "coordinates": [ -115.24316, 44.92798 ] } },
{ "type": "Feature", "properties": { "dep_id": "10093514", "site_name": "Century Prospect", "dev_stat": "Occurrence", "code_list": " AU ", "target_commodity": "Gold", "lon": -115.18875, "lat": 44.91798 }, "geometry": { "type": "Point", "coordinates": [ -115.18875, 44.91798 ] } },
{ "type": "Feature", "properties": { "dep_id": "10093515", "site_name": "Big Duluth Prospect", "dev_stat": "Occurrence", "code_list": " AU ", "target_commodity": "Gold", "lon": -115.18735, "lat": 44.96318 }, "geometry": { "type": "Point", "coordinates": [ -115.18735, 44.96318 ] } },
{ "type": "Feature", "properties": { "dep_id": "10093516", "site_name": "Mule Creek Prospect", "dev_stat": "Occurrence", "code_list": " AU ", "target_commodity": "Gold", "lon": -115.16535, "lat": 44.96628 }, "geometry": { "type": "Point", "coordinates": [ -115.16535, 44.96628 ] } },
{ "type": "Feature", "properties": { "dep_id": "10093518", "site_name": "Jerico Claim", "dev_stat": "Occurrence", "code_list": " AU ", "target_commodity": "Gold", "lon": -115.25486, "lat": 44.86178 }, "geometry": { "type": "Point", "coordinates": [ -115.25486, 44.86178 ] } },
{ "type": "Feature", "properties": { "dep_id": "10093520", "site_name": "Several Pits Prospect", "dev_stat": "Occurrence", "code_list": " AU ", "target_commodity": "Gold", "lon": -115.37956, "lat": 44.81318 }, "geometry": { "type": "Point", "coordinates": [ -115.37956, 44.81318 ] } },
{ "type": "Feature", "properties": { "dep_id": "10093521", "site_name": "Ibex Claim", "dev_stat": "Occurrence", "code_list": " AU ", "target_commodity": "Gold", "lon": -115.16375, "lat": 44.89848 }, "geometry": { "type": "Point", "coordinates": [ -115.16375, 44.89848 ] } },
{ "type": "Feature", "properties": { "dep_id": "10093522", "site_name": "Jerome Group", "dev_stat": "Occurrence", "code_list": " AU ", "target_commodity": "Gold", "lon": -115.09655, "lat": 44.85908 }, "geometry": { "type": "Point", "coordinates": [ -115.09655, 44.85908 ] } },
{ "type": "Feature", "properties": { "dep_id": "10093523", "site_name": "Dynamite Placer", "dev_stat": "Occurrence", "code_list": " AU ", "target_commodity": "Gold", "lon": -115.09875, "lat": 44.87178 }, "geometry": { "type": "Point", "coordinates": [ -115.09875, 44.87178 ] } },
{ "type": "Feature", "properties": { "dep_id": "10093534", "site_name": "Bernard Landing Field Placer", "dev_stat": "Occurrence", "code_list": " AU ", "target_commodity": "Gold", "lon": -114.73624, "lat": 44.97568 }, "geometry": { "type": "Point", "coordinates": [ -114.73624, 44.97568 ] } },
{ "type": "Feature", "properties": { "dep_id": "10093536", "site_name": "Mormon Ranch Placer", "dev_stat": "Occurrence", "code_list": " AU ", "target_commodity": "Gold", "lon": -114.72624, "lat": 44.95018 }, "geometry": { "type": "Point", "coordinates": [ -114.72624, 44.95018 ] } },
{ "type": "Feature", "properties": { "dep_id": "10093539", "site_name": "L. S. No. 1 Claim", "dev_stat": "Occurrence", "code_list": " AU ", "target_commodity": "Gold", "lon": -115.04985, "lat": 44.97268 }, "geometry": { "type": "Point", "coordinates": [ -115.04985, 44.97268 ] } },
{ "type": "Feature", "properties": { "dep_id": "10093541", "site_name": "Pool Placer", "dev_stat": "Occurrence", "code_list": " AU ", "target_commodity": "Gold", "lon": -114.72404, "lat": 44.89878 }, "geometry": { "type": "Point", "coordinates": [ -114.72404, 44.89878 ] } },
{ "type": "Feature", "properties": { "dep_id": "10093542", "site_name": "Camas Creek Point Placer", "dev_stat": "Occurrence", "code_list": " AU ", "target_commodity": "Gold", "lon": -114.71844, "lat": 44.88848 }, "geometry": { "type": "Point", "coordinates": [ -114.71844, 44.88848 ] } },
{ "type": "Feature", "properties": { "dep_id": "10093543", "site_name": "Pole Creek Placer", "dev_stat": "Occurrence", "code_list": " AU ", "target_commodity": "Gold", "lon": -114.73154, "lat": 44.97318 }, "geometry": { "type": "Point", "coordinates": [ -114.73154, 44.97318 ] } },
{ "type": "Feature", "properties": { "dep_id": "10093546", "site_name": "North Monday Prospect", "dev_stat": "Occurrence", "code_list": " AU ", "target_commodity": "Gold", "lon": -115.33126, "lat": 44.92428 }, "geometry": { "type": "Point", "coordinates": [ -115.33126, 44.92428 ] } },
{ "type": "Feature", "properties": { "dep_id": "10093576", "site_name": "Paddy and Twilla Claims", "dev_stat": "Occurrence", "code_list": " AU ", "target_commodity": "Gold", "lon": -115.42268, "lat": 45.86127 }, "geometry": { "type": "Point", "coordinates": [ -115.42268, 45.86127 ] } },
{ "type": "Feature", "properties": { "dep_id": "10093578", "site_name": "Idaho Champion Deposit", "dev_stat": "Past Producer", "code_list": " AU ", "target_commodity": "Gold", "lon": -115.51878, "lat": 45.75317 }, "geometry": { "type": "Point", "coordinates": [ -115.51878, 45.75317 ] } },
{ "type": "Feature", "properties": { "dep_id": "10093579", "site_name": "Nitz Placer", "dev_stat": "Occurrence", "code_list": " AU ", "target_commodity": "Gold", "lon": -115.40267, "lat": 45.74047 }, "geometry": { "type": "Point", "coordinates": [ -115.40267, 45.74047 ] } },
{ "type": "Feature", "properties": { "dep_id": "10093580", "site_name": "Union Jack Deposit", "dev_stat": "Occurrence", "code_list": " AU ", "target_commodity": "Gold", "lon": -115.67598, "lat": 45.60237 }, "geometry": { "type": "Point", "coordinates": [ -115.67598, 45.60237 ] } },
{ "type": "Feature", "properties": { "dep_id": "10093581", "site_name": "Snowstorm Occurrence", "dev_stat": "Prospect", "code_list": " AU CU ", "target_commodity": "Gold", "lon": -115.86518, "lat": 45.43267 }, "geometry": { "type": "Point", "coordinates": [ -115.86518, 45.43267 ] } },
{ "type": "Feature", "properties": { "dep_id": "10093582", "site_name": "Mt. Marshall Deposit", "dev_stat": "Occurrence", "code_list": " AU ", "target_commodity": "Gold", "lon": -115.86848, "lat": 45.39797 }, "geometry": { "type": "Point", "coordinates": [ -115.86848, 45.39797 ] } },
{ "type": "Feature", "properties": { "dep_id": "10093583", "site_name": "Tough Nut Deposit", "dev_stat": "Prospect", "code_list": " AU AG ", "target_commodity": "Gold", "lon": -115.69538, "lat": 45.24627 }, "geometry": { "type": "Point", "coordinates": [ -115.69538, 45.24627 ] } },
{ "type": "Feature", "properties": { "dep_id": "10093586", "site_name": "Dewey Vein Prospect", "dev_stat": "Past Producer", "code_list": " AU PB ", "target_commodity": "Gold", "lon": -115.72208, "lat": 45.24267 }, "geometry": { "type": "Point", "coordinates": [ -115.72208, 45.24267 ] } },
{ "type": "Feature", "properties": { "dep_id": "10093587", "site_name": "Jessen Creek Placer", "dev_stat": "Occurrence", "code_list": " AU ", "target_commodity": "Gold", "lon": -115.53178, "lat": 45.62347 }, "geometry": { "type": "Point", "coordinates": [ -115.53178, 45.62347 ] } },
{ "type": "Feature", "properties": { "dep_id": "10093588", "site_name": "Coxey Creek Bar Placer", "dev_stat": "Occurrence", "code_list": " AU ", "target_commodity": "Gold", "lon": -115.03845, "lat": 45.13988 }, "geometry": { "type": "Point", "coordinates": [ -115.03845, 45.13988 ] } },
{ "type": "Feature", "properties": { "dep_id": "10093589", "site_name": "Buckhorn Deposit", "dev_stat": "Past Producer", "code_list": " AU AG ", "target_commodity": "Gold", "lon": -115.65128, "lat": 45.79237 }, "geometry": { "type": "Point", "coordinates": [ -115.65128, 45.79237 ] } },
{ "type": "Feature", "properties": { "dep_id": "10093590", "site_name": "Alberta Prospect", "dev_stat": "Occurrence", "code_list": " AU ", "target_commodity": "Gold", "lon": -115.29597, "lat": 45.76348 }, "geometry": { "type": "Point", "coordinates": [ -115.29597, 45.76348 ] } },
{ "type": "Feature", "properties": { "dep_id": "10093591", "site_name": "Alhambra Prospect", "dev_stat": "Occurrence", "code_list": " AU ", "target_commodity": "Gold", "lon": -115.67408, "lat": 45.58067 }, "geometry": { "type": "Point", "coordinates": [ -115.67408, 45.58067 ] } },
{ "type": "Feature", "properties": { "dep_id": "10093592", "site_name": "Monumental Bar Placer", "dev_stat": "Occurrence", "code_list": " AU ", "target_commodity": "Gold", "lon": -115.12929, "lat": 45.16155 }, "geometry": { "type": "Point", "coordinates": [ -115.12929, 45.16155 ] } },
{ "type": "Feature", "properties": { "dep_id": "10093594", "site_name": "Crossing Bar Placer", "dev_stat": "Occurrence", "code_list": " AU ", "target_commodity": "Gold", "lon": -115.21457, "lat": 45.16377 }, "geometry": { "type": "Point", "coordinates": [ -115.21457, 45.16377 ] } },
{ "type": "Feature", "properties": { "dep_id": "10093595", "site_name": "Crane Meadows Placer", "dev_stat": "Occurrence", "code_list": " AU TI ", "target_commodity": "Gold", "lon": -115.31816, "lat": 45.27708 }, "geometry": { "type": "Point", "coordinates": [ -115.31816, 45.27708 ] } },
{ "type": "Feature", "properties": { "dep_id": "10093596", "site_name": "Acorn Butte No. 2 Prospect", "dev_stat": "Occurrence", "code_list": " AU ", "target_commodity": "Gold", "lon": -115.07786, "lat": 45.18318 }, "geometry": { "type": "Point", "coordinates": [ -115.07786, 45.18318 ] } },
{ "type": "Feature", "properties": { "dep_id": "10093597", "site_name": "Acorn Butte No. 1 Prospect", "dev_stat": "Occurrence", "code_list": " AU ", "target_commodity": "Gold", "lon": -115.08236, "lat": 45.18598 }, "geometry": { "type": "Point", "coordinates": [ -115.08236, 45.18598 ] } },
{ "type": "Feature", "properties": { "dep_id": "10093598", "site_name": "Goldfield Group", "dev_stat": "Occurrence", "code_list": " AU ", "target_commodity": "Gold", "lon": -115.2454, "lat": 45.22627 }, "geometry": { "type": "Point", "coordinates": [ -115.2454, 45.22627 ] } },
{ "type": "Feature", "properties": { "dep_id": "10093599", "site_name": "Lewiston Fraction Claim", "dev_stat": "Prospect", "code_list": " AG AU ", "target_commodity": "Gold", "lon": -115.26286, "lat": 45.22098 }, "geometry": { "type": "Point", "coordinates": [ -115.26286, 45.22098 ] } },
{ "type": "Feature", "properties": { "dep_id": "10093600", "site_name": "Lucky Boy Prospect", "dev_stat": "Occurrence", "code_list": " AU ", "target_commodity": "Gold", "lon": -115.34596, "lat": 45.20908 }, "geometry": { "type": "Point", "coordinates": [ -115.34596, 45.20908 ] } },
{ "type": "Feature", "properties": { "dep_id": "10093601", "site_name": "Powder Prospect", "dev_stat": "Occurrence", "code_list": " AU ", "target_commodity": "Gold", "lon": -115.33486, "lat": 45.20878 }, "geometry": { "type": "Point", "coordinates": [ -115.33486, 45.20878 ] } },
{ "type": "Feature", "properties": { "dep_id": "10093604", "site_name": "Cave Creek Placer", "dev_stat": "Occurrence", "code_list": " AU ", "target_commodity": "Gold", "lon": -114.96375, "lat": 45.15818 }, "geometry": { "type": "Point", "coordinates": [ -114.96375, 45.15818 ] } },
{ "type": "Feature", "properties": { "dep_id": "10093605", "site_name": "Goat Creek Placer", "dev_stat": "Occurrence", "code_list": " AU ", "target_commodity": "Gold", "lon": -114.80485, "lat": 45.11818 }, "geometry": { "type": "Point", "coordinates": [ -114.80485, 45.11818 ] } },
{ "type": "Feature", "properties": { "dep_id": "10093606", "site_name": "Hand Creek Placer", "dev_stat": "Occurrence", "code_list": " AU ", "target_commodity": "Gold", "lon": -115.28906, "lat": 45.23598 }, "geometry": { "type": "Point", "coordinates": [ -115.28906, 45.23598 ] } },
{ "type": "Feature", "properties": { "dep_id": "10093607", "site_name": "Upper Kimmel Creek Prospect", "dev_stat": "Occurrence", "code_list": " AU ", "target_commodity": "Gold", "lon": -114.76704, "lat": 45.05628 }, "geometry": { "type": "Point", "coordinates": [ -114.76704, 45.05628 ] } },
{ "type": "Feature", "properties": { "dep_id": "10093608", "site_name": "Grassy Flat Placer", "dev_stat": "Occurrence", "code_list": " AU ", "target_commodity": "Gold", "lon": -114.75314, "lat": 45.03628 }, "geometry": { "type": "Point", "coordinates": [ -114.75314, 45.03628 ] } },
{ "type": "Feature", "properties": { "dep_id": "10093609", "site_name": "Woolard Creek Placer", "dev_stat": "Occurrence", "code_list": " AU FE ", "target_commodity": "Gold", "lon": -114.72734, "lat": 45.06348 }, "geometry": { "type": "Point", "coordinates": [ -114.72734, 45.06348 ] } },
{ "type": "Feature", "properties": { "dep_id": "10093610", "site_name": "Talc Creek Prospect", "dev_stat": "Occurrence", "code_list": " AU ", "target_commodity": "Gold", "lon": -115.13675, "lat": 45.06208 }, "geometry": { "type": "Point", "coordinates": [ -115.13675, 45.06208 ] } },
{ "type": "Feature", "properties": { "dep_id": "10093611", "site_name": "Catherine Lake Prospect", "dev_stat": "Occurrence", "code_list": " AU ", "target_commodity": "Gold", "lon": -115.27676, "lat": 45.03298 }, "geometry": { "type": "Point", "coordinates": [ -115.27676, 45.03298 ] } },
{ "type": "Feature", "properties": { "dep_id": "10093613", "site_name": "Dillinger Meadows Placer", "dev_stat": "Prospect", "code_list": " AU FE ", "target_commodity": "Gold", "lon": -115.15126, "lat": 45.46988 }, "geometry": { "type": "Point", "coordinates": [ -115.15126, 45.46988 ] } },
{ "type": "Feature", "properties": { "dep_id": "10093614", "site_name": "Richardson Creek Bar Placer", "dev_stat": "Occurrence", "code_list": " AU FE ", "target_commodity": "Gold", "lon": -115.26567, "lat": 45.53738 }, "geometry": { "type": "Point", "coordinates": [ -115.26567, 45.53738 ] } },
{ "type": "Feature", "properties": { "dep_id": "10093615", "site_name": "Barth Hot Springs Bar Placer", "dev_stat": "Occurrence", "code_list": " AU GEO FE ", "target_commodity": "Gold", "lon": -115.05266, "lat": 45.50738 }, "geometry": { "type": "Point", "coordinates": [ -115.05266, 45.50738 ] } },
{ "type": "Feature", "properties": { "dep_id": "10093616", "site_name": "Dodge Placer North", "dev_stat": "Prospect", "code_list": " AU TI ", "target_commodity": "Gold", "lon": -115.52097, "lat": 45.36126 }, "geometry": { "type": "Point", "coordinates": [ -115.52097, 45.36126 ] } },
{ "type": "Feature", "properties": { "dep_id": "10093617", "site_name": "Huddleson Placer", "dev_stat": "Prospect", "code_list": " AU TI ", "target_commodity": "Gold", "lon": -115.51875, "lat": 45.35431 }, "geometry": { "type": "Point", "coordinates": [ -115.51875, 45.35431 ] } },
{ "type": "Feature", "properties": { "dep_id": "10093619", "site_name": "Over Easy Bar Placer", "dev_stat": "Occurrence", "code_list": " AU ", "target_commodity": "Gold", "lon": -115.06015, "lat": 45.14298 }, "geometry": { "type": "Point", "coordinates": [ -115.06015, 45.14298 ] } },
{ "type": "Feature", "properties": { "dep_id": "10093621", "site_name": "Tappen Ranch Placer", "dev_stat": "Occurrence", "code_list": " AU ", "target_commodity": "Gold", "lon": -114.77014, "lat": 44.87128 }, "geometry": { "type": "Point", "coordinates": [ -114.77014, 44.87128 ] } },
{ "type": "Feature", "properties": { "dep_id": "10093709", "site_name": "Marble Creek Placer", "dev_stat": "Occurrence", "code_list": " AU ", "target_commodity": "Gold", "lon": -115.10065, "lat": 44.93798 }, "geometry": { "type": "Point", "coordinates": [ -115.10065, 44.93798 ] } },
{ "type": "Feature", "properties": { "dep_id": "10096235", "site_name": "Idaho Cobalt", "dev_stat": "Producer", "code_list": " CO AU NI ", "target_commodity": "Gold", "lon": -114.36122, "lat": 45.14539 }, "geometry": { "type": "Point", "coordinates": [ -114.36122, 45.14539 ] } },
{ "type": "Feature", "properties": { "dep_id": "10096237", "site_name": "Bohannon Prospect", "dev_stat": "Past Producer", "code_list": " CO NI AU ", "target_commodity": "Gold", "lon": -114.34813, "lat": 45.11909 }, "geometry": { "type": "Point", "coordinates": [ -114.34813, 45.11909 ] } },
{ "type": "Feature", "properties": { "dep_id": "10096240", "site_name": "Thompson and Hibbs Prospect", "dev_stat": "Occurrence", "code_list": " AU ", "target_commodity": "Gold", "lon": -114.19593, "lat": 45.22159 }, "geometry": { "type": "Point", "coordinates": [ -114.19593, 45.22159 ] } },
{ "type": "Feature", "properties": { "dep_id": "10096242", "site_name": "Musgrove Group", "dev_stat": "Past Producer", "code_list": " AU CU ", "target_commodity": "Gold", "lon": -114.33313, "lat": 45.03049 }, "geometry": { "type": "Point", "coordinates": [ -114.33313, 45.03049 ] } },
{ "type": "Feature", "properties": { "dep_id": "10096282", "site_name": "Red Jacket Mine", "dev_stat": "Past Producer", "code_list": " AU CU ", "target_commodity": "Gold", "lon": -114.53513, "lat": 44.99178 }, "geometry": { "type": "Point", "coordinates": [ -114.53513, 44.99178 ] } },
{ "type": "Feature", "properties": { "dep_id": "10096284", "site_name": "Big Buck Prospect", "dev_stat": "Occurrence", "code_list": " AU ", "target_commodity": "Gold", "lon": -115.15625, "lat": 44.94518 }, "geometry": { "type": "Point", "coordinates": [ -115.15625, 44.94518 ] } },
{ "type": "Feature", "properties": { "dep_id": "10096285", "site_name": "Bullion Prospect", "dev_stat": "Occurrence", "code_list": " AU ", "target_commodity": "Gold", "lon": -115.14675, "lat": 44.94568 }, "geometry": { "type": "Point", "coordinates": [ -115.14675, 44.94568 ] } },
{ "type": "Feature", "properties": { "dep_id": "10096286", "site_name": "Phonolite Group", "dev_stat": "Occurrence", "code_list": " AU ", "target_commodity": "Gold", "lon": -115.18065, "lat": 44.97018 }, "geometry": { "type": "Point", "coordinates": [ -115.18065, 44.97018 ] } },
{ "type": "Feature", "properties": { "dep_id": "10096288", "site_name": "Gold Cord Group", "dev_stat": "Occurrence", "code_list": " AU ", "target_commodity": "Gold", "lon": -115.08375, "lat": 44.85548 }, "geometry": { "type": "Point", "coordinates": [ -115.08375, 44.85548 ] } },
{ "type": "Feature", "properties": { "dep_id": "10096339", "site_name": "Eagle Creek Quartz Deposit", "dev_stat": "Prospect", "code_list": " GEM_SP AG AU ", "target_commodity": "Gold", "lon": -114.84735, "lat": 45.42048 }, "geometry": { "type": "Point", "coordinates": [ -114.84735, 45.42048 ] } },
{ "type": "Feature", "properties": { "dep_id": "10096342", "site_name": "Snowstorm Deposit", "dev_stat": "Past Producer", "code_list": " AU CU AG ", "target_commodity": "Gold", "lon": -115.40178, "lat": 45.79657 }, "geometry": { "type": "Point", "coordinates": [ -115.40178, 45.79657 ] } },
{ "type": "Feature", "properties": { "dep_id": "10096343", "site_name": "Gold Point Mine", "dev_stat": "Past Producer", "code_list": " AU ", "target_commodity": "Gold", "lon": -115.38987, "lat": 45.77848 }, "geometry": { "type": "Point", "coordinates": [ -115.38987, 45.77848 ] } },
{ "type": "Feature", "properties": { "dep_id": "10096344", "site_name": "Shamrock Placer", "dev_stat": "Occurrence", "code_list": " AU ", "target_commodity": "Gold", "lon": -115.40487, "lat": 45.72567 }, "geometry": { "type": "Point", "coordinates": [ -115.40487, 45.72567 ] } },
{ "type": "Feature", "properties": { "dep_id": "10096345", "site_name": "Washington Deposit", "dev_stat": "Prospect", "code_list": " AU PB ", "target_commodity": "Gold", "lon": -115.86178, "lat": 45.42927 }, "geometry": { "type": "Point", "coordinates": [ -115.86178, 45.42927 ] } },
{ "type": "Feature", "properties": { "dep_id": "10096346", "site_name": "Hyatt Deposit", "dev_stat": "Past Producer", "code_list": " AU ZN ", "target_commodity": "Gold", "lon": -115.83178, "lat": 45.38487 }, "geometry": { "type": "Point", "coordinates": [ -115.83178, 45.38487 ] } },
{ "type": "Feature", "properties": { "dep_id": "10096347", "site_name": "Martinace Meadows Placer", "dev_stat": "Occurrence", "code_list": " AU ", "target_commodity": "Gold", "lon": -115.70818, "lat": 45.22907 }, "geometry": { "type": "Point", "coordinates": [ -115.70818, 45.22907 ] } },
{ "type": "Feature", "properties": { "dep_id": "10096348", "site_name": "Monitor Vein Deposit", "dev_stat": "Prospect", "code_list": " AU ", "target_commodity": "Gold", "lon": -115.70908, "lat": 45.23657 }, "geometry": { "type": "Point", "coordinates": [ -115.70908, 45.23657 ] } },
{ "type": "Feature", "properties": { "dep_id": "10096349", "site_name": "Gayety Vein Deposit", "dev_stat": "Prospect", "code_list": " AU ", "target_commodity": "Gold", "lon": -115.66847, "lat": 45.23267 }, "geometry": { "type": "Point", "coordinates": [ -115.66847, 45.23267 ] } },
{ "type": "Feature", "properties": { "dep_id": "10096350", "site_name": "Glasgow Prospect", "dev_stat": "Occurrence", "code_list": " AU ", "target_commodity": "Gold", "lon": -115.42096, "lat": 45.05627 }, "geometry": { "type": "Point", "coordinates": [ -115.42096, 45.05627 ] } },
{ "type": "Feature", "properties": { "dep_id": "10096352", "site_name": "Windmiser Placer", "dev_stat": "Past Producer", "code_list": " AU ", "target_commodity": "Gold", "lon": -115.52959, "lat": 45.82098 }, "geometry": { "type": "Point", "coordinates": [ -115.52959, 45.82098 ] } },
{ "type": "Feature", "properties": { "dep_id": "10096353", "site_name": "Grubstake No. 1 Claim", "dev_stat": "Occurrence", "code_list": " AU ", "target_commodity": "Gold", "lon": -114.29513, "lat": 45.36268 }, "geometry": { "type": "Point", "coordinates": [ -114.29513, 45.36268 ] } },
{ "type": "Feature", "properties": { "dep_id": "10096354", "site_name": "Wall Street Deposit", "dev_stat": "Occurrence", "code_list": " AU ", "target_commodity": "Gold", "lon": -114.28313, "lat": 45.34798 }, "geometry": { "type": "Point", "coordinates": [ -114.28313, 45.34798 ] } },
{ "type": "Feature", "properties": { "dep_id": "10096356", "site_name": "Brown Bear Prospect", "dev_stat": "Past Producer", "code_list": " AU CU ", "target_commodity": "Gold", "lon": -115.47098, "lat": 45.80515 }, "geometry": { "type": "Point", "coordinates": [ -115.47098, 45.80515 ] } },
{ "type": "Feature", "properties": { "dep_id": "10096357", "site_name": "Umatilla Prospect", "dev_stat": "Prospect", "code_list": " AU ", "target_commodity": "Gold", "lon": -115.57538, "lat": 45.70687 }, "geometry": { "type": "Point", "coordinates": [ -115.57538, 45.70687 ] } },
{ "type": "Feature", "properties": { "dep_id": "10096358", "site_name": "Mother Lode Prospect", "dev_stat": "Past Producer", "code_list": " AU PB ", "target_commodity": "Gold", "lon": -115.67658, "lat": 45.58457 }, "geometry": { "type": "Point", "coordinates": [ -115.67658, 45.58457 ] } },
{ "type": "Feature", "properties": { "dep_id": "10096359", "site_name": "St. Louis Prospect", "dev_stat": "Past Producer", "code_list": " AU PB ", "target_commodity": "Gold", "lon": -115.68238, "lat": 45.56657 }, "geometry": { "type": "Point", "coordinates": [ -115.68238, 45.56657 ] } },
{ "type": "Feature", "properties": { "dep_id": "10096360", "site_name": "Union Claim Group", "dev_stat": "Past Producer", "code_list": " AU CU ", "target_commodity": "Gold", "lon": -115.53288, "lat": 45.55957 }, "geometry": { "type": "Point", "coordinates": [ -115.53288, 45.55957 ] } },
{ "type": "Feature", "properties": { "dep_id": "10096366", "site_name": "Submarine Claim", "dev_stat": "Prospect", "code_list": " AU ", "target_commodity": "Gold", "lon": -115.24596, "lat": 45.20818 }, "geometry": { "type": "Point", "coordinates": [ -115.24596, 45.20818 ] } },
{ "type": "Feature", "properties": { "dep_id": "10096367", "site_name": "Gold Slide Group", "dev_stat": "Occurrence", "code_list": " AU AG ", "target_commodity": "Gold", "lon": -115.26066, "lat": 45.21658 }, "geometry": { "type": "Point", "coordinates": [ -115.26066, 45.21658 ] } },
{ "type": "Feature", "properties": { "dep_id": "10096368", "site_name": "Lost Packer Prospect", "dev_stat": "Occurrence", "code_list": " AU CU ", "target_commodity": "Gold", "lon": -115.34486, "lat": 45.21568 }, "geometry": { "type": "Point", "coordinates": [ -115.34486, 45.21568 ] } },
{ "type": "Feature", "properties": { "dep_id": "10096369", "site_name": "Hercules Prospect", "dev_stat": "Prospect", "code_list": " AU ", "target_commodity": "Gold", "lon": -115.33206, "lat": 45.21348 }, "geometry": { "type": "Point", "coordinates": [ -115.33206, 45.21348 ] } },
{ "type": "Feature", "properties": { "dep_id": "10096370", "site_name": "Dewey Moore Group Prospect", "dev_stat": "Occurrence", "code_list": " AU ", "target_commodity": "Gold", "lon": -115.08845, "lat": 45.15178 }, "geometry": { "type": "Point", "coordinates": [ -115.08845, 45.15178 ] } },
{ "type": "Feature", "properties": { "dep_id": "10096371", "site_name": "Gold Lodge Claim", "dev_stat": "Occurrence", "code_list": " AU ", "target_commodity": "Gold", "lon": -115.02345, "lat": 45.13658 }, "geometry": { "type": "Point", "coordinates": [ -115.02345, 45.13658 ] } },
{ "type": "Feature", "properties": { "dep_id": "10096372", "site_name": "Wolf Fang Peak Prospect 1", "dev_stat": "Occurrence", "code_list": " AU ", "target_commodity": "Gold", "lon": -115.43157, "lat": 45.16958 }, "geometry": { "type": "Point", "coordinates": [ -115.43157, 45.16958 ] } },
{ "type": "Feature", "properties": { "dep_id": "10096373", "site_name": "Gold Reef Group", "dev_stat": "Occurrence", "code_list": " AU AG ", "target_commodity": "Gold", "lon": -115.25956, "lat": 45.21158 }, "geometry": { "type": "Point", "coordinates": [ -115.25956, 45.21158 ] } },
{ "type": "Feature", "properties": { "dep_id": "10096374", "site_name": "Old Johnson Lode Prospect", "dev_stat": "Occurrence", "code_list": " AU ", "target_commodity": "Gold", "lon": -114.65704, "lat": 45.05238 }, "geometry": { "type": "Point", "coordinates": [ -114.65704, 45.05238 ] } },
{ "type": "Feature", "properties": { "dep_id": "10096375", "site_name": "Lower Survey Creek Prospect", "dev_stat": "Occurrence", "code_list": " AU ", "target_commodity": "Gold", "lon": -114.72844, "lat": 45.05908 }, "geometry": { "type": "Point", "coordinates": [ -114.72844, 45.05908 ] } },
{ "type": "Feature", "properties": { "dep_id": "10096376", "site_name": "Ted's Group", "dev_stat": "Occurrence", "code_list": " AG AU ", "target_commodity": "Gold", "lon": -114.79985, "lat": 45.26428 }, "geometry": { "type": "Point", "coordinates": [ -114.79985, 45.26428 ] } },
{ "type": "Feature", "properties": { "dep_id": "10096377", "site_name": "Lakeside Prospect", "dev_stat": "Occurrence", "code_list": " AU ", "target_commodity": "Gold", "lon": -115.36706, "lat": 45.15208 }, "geometry": { "type": "Point", "coordinates": [ -115.36706, 45.15208 ] } },
{ "type": "Feature", "properties": { "dep_id": "10096379", "site_name": "Marble Creek Prospect", "dev_stat": "Occurrence", "code_list": " AU ", "target_commodity": "Gold", "lon": -115.27766, "lat": 45.07848 }, "geometry": { "type": "Point", "coordinates": [ -115.27766, 45.07848 ] } },
{ "type": "Feature", "properties": { "dep_id": "10097431", "site_name": "Golden Gate Occurrence", "dev_stat": "Prospect", "code_list": " AU ", "target_commodity": "Gold", "lon": -115.48906, "lat": 44.94268 }, "geometry": { "type": "Point", "coordinates": [ -115.48906, 44.94268 ] } },
{ "type": "Feature", "properties": { "dep_id": "10105587", "site_name": "Yakima Prospect", "dev_stat": "Past Producer", "code_list": " AU AG ", "target_commodity": "Gold", "lon": -116.03179, "lat": 45.46017 }, "geometry": { "type": "Point", "coordinates": [ -116.03179, 45.46017 ] } },
{ "type": "Feature", "properties": { "dep_id": "10105588", "site_name": "Banner Prospect", "dev_stat": "Past Producer", "code_list": " AU AG ", "target_commodity": "Gold", "lon": -116.03489, "lat": 45.48017 }, "geometry": { "type": "Point", "coordinates": [ -116.03489, 45.48017 ] } },
{ "type": "Feature", "properties": { "dep_id": "10105589", "site_name": "Gold Bug Mine", "dev_stat": "Past Producer", "code_list": " AG AU ", "target_commodity": "Gold", "lon": -116.0396, "lat": 45.47931 }, "geometry": { "type": "Point", "coordinates": [ -116.0396, 45.47931 ] } },
{ "type": "Feature", "properties": { "dep_id": "10105590", "site_name": "Hi Yu Prospect", "dev_stat": "Past Producer", "code_list": " AU AG ", "target_commodity": "Gold", "lon": -116.04289, "lat": 45.48207 }, "geometry": { "type": "Point", "coordinates": [ -116.04289, 45.48207 ] } },
{ "type": "Feature", "properties": { "dep_id": "10105591", "site_name": "Lost Meadows and Bitterroot Placer", "dev_stat": "Past Producer", "code_list": " AU ", "target_commodity": "Gold", "lon": -116.04039, "lat": 45.48677 }, "geometry": { "type": "Point", "coordinates": [ -116.04039, 45.48677 ] } },
{ "type": "Feature", "properties": { "dep_id": "10105592", "site_name": "Mippy Placer Mine", "dev_stat": "Past Producer", "code_list": " AU ", "target_commodity": "Gold", "lon": -116.00819, "lat": 45.51347 }, "geometry": { "type": "Point", "coordinates": [ -116.00819, 45.51347 ] } },
{ "type": "Feature", "properties": { "dep_id": "10105593", "site_name": "Poorman Mine", "dev_stat": "Past Producer", "code_list": " AG AU ", "target_commodity": "Gold", "lon": -116.06789, "lat": 45.47407 }, "geometry": { "type": "Point", "coordinates": [ -116.06789, 45.47407 ] } },
{ "type": "Feature", "properties": { "dep_id": "10105594", "site_name": "Summit Creek Placer Mine", "dev_stat": "Past Producer", "code_list": " AU ", "target_commodity": "Gold", "lon": -116.02039, "lat": 45.49627 }, "geometry": { "type": "Point", "coordinates": [ -116.02039, 45.49627 ] } },
{ "type": "Feature", "properties": { "dep_id": "10105595", "site_name": "White Sand Creek Placer Mine", "dev_stat": "Past Producer", "code_list": " AU ", "target_commodity": "Gold", "lon": -116.04179, "lat": 45.49517 }, "geometry": { "type": "Point", "coordinates": [ -116.04179, 45.49517 ] } },
{ "type": "Feature", "properties": { "dep_id": "10105643", "site_name": "Poverty Flat Placer", "dev_stat": "Past Producer", "code_list": " AU FE ", "target_commodity": "Gold", "lon": -114.49094, "lat": 45.30708 }, "geometry": { "type": "Point", "coordinates": [ -114.49094, 45.30708 ] } },
{ "type": "Feature", "properties": { "dep_id": "10105644", "site_name": "Homestake Placer", "dev_stat": "Past Producer", "code_list": " AU FE ", "target_commodity": "Gold", "lon": -114.4769, "lat": 45.3103 }, "geometry": { "type": "Point", "coordinates": [ -114.4769, 45.3103 ] } },
{ "type": "Feature", "properties": { "dep_id": "10105645", "site_name": "Brown Bear Mine", "dev_stat": "Past Producer", "code_list": " CO AU BI ", "target_commodity": "Gold", "lon": -114.35218, "lat": 45.12936 }, "geometry": { "type": "Point", "coordinates": [ -114.35218, 45.12936 ] } },
{ "type": "Feature", "properties": { "dep_id": "10105646", "site_name": "Big Lead Mine", "dev_stat": "Past Producer", "code_list": " AU PB ", "target_commodity": "Gold", "lon": -114.28033, "lat": 45.35678 }, "geometry": { "type": "Point", "coordinates": [ -114.28033, 45.35678 ] } },
{ "type": "Feature", "properties": { "dep_id": "10105647", "site_name": "Bowman Mine", "dev_stat": "Past Producer", "code_list": " CU AU ", "target_commodity": "Gold", "lon": -114.02592, "lat": 45.13159 }, "geometry": { "type": "Point", "coordinates": [ -114.02592, 45.13159 ] } },
{ "type": "Feature", "properties": { "dep_id": "10105681", "site_name": "Meadow Creek Mine", "dev_stat": "Past Producer", "code_list": " AU CU ", "target_commodity": "Gold", "lon": -115.33516, "lat": 44.89928 }, "geometry": { "type": "Point", "coordinates": [ -115.33516, 44.89928 ] } },
{ "type": "Feature", "properties": { "dep_id": "10105690", "site_name": "Monument Mine", "dev_stat": "Past Producer", "code_list": " AU SE ", "target_commodity": "Gold", "lon": -114.41313, "lat": 44.86269 }, "geometry": { "type": "Point", "coordinates": [ -114.41313, 44.86269 ] } },
{ "type": "Feature", "properties": { "dep_id": "10105732", "site_name": "Kentuck Mine", "dev_stat": "Past Producer", "code_list": " AU ZN ", "target_commodity": "Gold", "lon": -114.2967, "lat": 45.3719 }, "geometry": { "type": "Point", "coordinates": [ -114.2967, 45.3719 ] } },
{ "type": "Feature", "properties": { "dep_id": "10105734", "site_name": "Gaines Bar", "dev_stat": "Past Producer", "code_list": " AU ABR_G ", "target_commodity": "Gold", "lon": -115.39291, "lat": 45.47349 }, "geometry": { "type": "Point", "coordinates": [ -115.39291, 45.47349 ] } },
{ "type": "Feature", "properties": { "dep_id": "10105735", "site_name": "Yellow Pine Bar", "dev_stat": "Past Producer", "code_list": " AU ABR_G ", "target_commodity": "Gold", "lon": -115.25877, "lat": 45.53928 }, "geometry": { "type": "Point", "coordinates": [ -115.25877, 45.53928 ] } },
{ "type": "Feature", "properties": { "dep_id": "10105737", "site_name": "Nugget Gulch Placer", "dev_stat": "Past Producer", "code_list": " AU AG ", "target_commodity": "Gold", "lon": -115.45487, "lat": 45.59177 }, "geometry": { "type": "Point", "coordinates": [ -115.45487, 45.59177 ] } },
{ "type": "Feature", "properties": { "dep_id": "10105738", "site_name": "Golden Anchor Mine", "dev_stat": "Past Producer", "code_list": " AU CU ZN ", "target_commodity": "Gold", "lon": -115.86348, "lat": 45.40767 }, "geometry": { "type": "Point", "coordinates": [ -115.86348, 45.40767 ] } },
{ "type": "Feature", "properties": { "dep_id": "10105739", "site_name": "Three Mile Creek Placer", "dev_stat": "Past Producer", "code_list": " AU TI ", "target_commodity": "Gold", "lon": -115.93658, "lat": 45.31067 }, "geometry": { "type": "Point", "coordinates": [ -115.93658, 45.31067 ] } },
{ "type": "Feature", "properties": { "dep_id": "10105740", "site_name": "Golden Rule Placer Mine", "dev_stat": "Past Producer", "code_list": " AU AG ", "target_commodity": "Gold", "lon": -115.83348, "lat": 45.27267 }, "geometry": { "type": "Point", "coordinates": [ -115.83348, 45.27267 ] } },
{ "type": "Feature", "properties": { "dep_id": "10105741", "site_name": "Halls Gulch Placer", "dev_stat": "Past Producer", "code_list": " AU ", "target_commodity": "Gold", "lon": -115.71431, "lat": 45.26043 }, "geometry": { "type": "Point", "coordinates": [ -115.71431, 45.26043 ] } },
{ "type": "Feature", "properties": { "dep_id": "10105742", "site_name": "Unity Mine", "dev_stat": "Past Producer", "code_list": " AU CU ", "target_commodity": "Gold", "lon": -115.68348, "lat": 45.25847 }, "geometry": { "type": "Point", "coordinates": [ -115.68348, 45.25847 ] } },
{ "type": "Feature", "properties": { "dep_id": "10105743", "site_name": "Charity Mine", "dev_stat": "Past Producer", "code_list": " AU W ", "target_commodity": "Gold", "lon": -115.68037, "lat": 45.24547 }, "geometry": { "type": "Point", "coordinates": [ -115.68037, 45.24547 ] } },
{ "type": "Feature", "properties": { "dep_id": "10105744", "site_name": "Silver Monarch Mine", "dev_stat": "Past Producer", "code_list": " AU AG ", "target_commodity": "Gold", "lon": -115.70128, "lat": 45.22567 }, "geometry": { "type": "Point", "coordinates": [ -115.70128, 45.22567 ] } },
{ "type": "Feature", "properties": { "dep_id": "10105746", "site_name": "Congress Group Placer", "dev_stat": "Past Producer", "code_list": " AU ", "target_commodity": "Gold", "lon": -115.41268, "lat": 45.83567 }, "geometry": { "type": "Point", "coordinates": [ -115.41268, 45.83567 ] } },
{ "type": "Feature", "properties": { "dep_id": "10105747", "site_name": "Chinamen Placer", "dev_stat": "Past Producer", "code_list": " AU ", "target_commodity": "Gold", "lon": -114.11343, "lat": 45.22849 }, "geometry": { "type": "Point", "coordinates": [ -114.11343, 45.22849 ] } },
{ "type": "Feature", "properties": { "dep_id": "10105748", "site_name": "Margaret Mine", "dev_stat": "Past Producer", "code_list": " AU ", "target_commodity": "Gold", "lon": -114.29923, "lat": 45.37048 }, "geometry": { "type": "Point", "coordinates": [ -114.29923, 45.37048 ] } },
{ "type": "Feature", "properties": { "dep_id": "10105749", "site_name": "Old Montana Placer", "dev_stat": "Past Producer", "code_list": " AU AG ", "target_commodity": "Gold", "lon": -115.63739, "lat": 45.92347 }, "geometry": { "type": "Point", "coordinates": [ -115.63739, 45.92347 ] } },
{ "type": "Feature", "properties": { "dep_id": "10105750", "site_name": "New York Mine", "dev_stat": "Past Producer", "code_list": " AU PB W ", "target_commodity": "Gold", "lon": -115.67154, "lat": 45.83876 }, "geometry": { "type": "Point", "coordinates": [ -115.67154, 45.83876 ] } },
{ "type": "Feature", "properties": { "dep_id": "10105751", "site_name": "South Fork Mine", "dev_stat": "Past Producer", "code_list": " AU PB ", "target_commodity": "Gold", "lon": -115.54318, "lat": 45.82847 }, "geometry": { "type": "Point", "coordinates": [ -115.54318, 45.82847 ] } },
{ "type": "Feature", "properties": { "dep_id": "10105752", "site_name": "Mary K Mine", "dev_stat": "Past Producer", "code_list": " AU AG ZN ", "target_commodity": "Gold", "lon": -115.41568, "lat": 45.81157 }, "geometry": { "type": "Point", "coordinates": [ -115.41568, 45.81157 ] } },
{ "type": "Feature", "properties": { "dep_id": "10105753", "site_name": "Mother Lode Mine", "dev_stat": "Past Producer", "code_list": " AU AG ", "target_commodity": "Gold", "lon": -115.41128, "lat": 45.80267 }, "geometry": { "type": "Point", "coordinates": [ -115.41128, 45.80267 ] } },
{ "type": "Feature", "properties": { "dep_id": "10105754", "site_name": "Coeur d'Alene Mine", "dev_stat": "Past Producer", "code_list": " AU PB ", "target_commodity": "Gold", "lon": -115.62408, "lat": 45.78767 }, "geometry": { "type": "Point", "coordinates": [ -115.62408, 45.78767 ] } },
{ "type": "Feature", "properties": { "dep_id": "10105755", "site_name": "Wiseboy Mine", "dev_stat": "Past Producer", "code_list": " AU AG ", "target_commodity": "Gold", "lon": -115.68228, "lat": 45.63817 }, "geometry": { "type": "Point", "coordinates": [ -115.68228, 45.63817 ] } },
{ "type": "Feature", "properties": { "dep_id": "10105756", "site_name": "Homestake Mine", "dev_stat": "Past Producer", "code_list": " AU AG PB ", "target_commodity": "Gold", "lon": -115.52876, "lat": 45.66348 }, "geometry": { "type": "Point", "coordinates": [ -115.52876, 45.66348 ] } },
{ "type": "Feature", "properties": { "dep_id": "10105757", "site_name": "Dixie Gulch Placer", "dev_stat": "Past Producer", "code_list": " AU ", "target_commodity": "Gold", "lon": -115.46237, "lat": 45.58427 }, "geometry": { "type": "Point", "coordinates": [ -115.46237, 45.58427 ] } },
{ "type": "Feature", "properties": { "dep_id": "10105758", "site_name": "Fourth of July Mine", "dev_stat": "Past Producer", "code_list": " AU CU ", "target_commodity": "Gold", "lon": -115.47097, "lat": 45.55657 }, "geometry": { "type": "Point", "coordinates": [ -115.47097, 45.55657 ] } },
{ "type": "Feature", "properties": { "dep_id": "10105759", "site_name": "Dixie Royal Mine", "dev_stat": "Past Producer", "code_list": " AU CU ", "target_commodity": "Gold", "lon": -115.50597, "lat": 45.52767 }, "geometry": { "type": "Point", "coordinates": [ -115.50597, 45.52767 ] } },
{ "type": "Feature", "properties": { "dep_id": "10105760", "site_name": "Ulysses Mine", "dev_stat": "Past Producer", "code_list": " AU AG ZN ", "target_commodity": "Gold", "lon": -114.13873, "lat": 45.45989 }, "geometry": { "type": "Point", "coordinates": [ -114.13873, 45.45989 ] } },
{ "type": "Feature", "properties": { "dep_id": "10105761", "site_name": "Snowshoe Mine", "dev_stat": "Past Producer", "code_list": " AU AG CU ", "target_commodity": "Gold", "lon": -115.07096, "lat": 45.19848 }, "geometry": { "type": "Point", "coordinates": [ -115.07096, 45.19848 ] } },
{ "type": "Feature", "properties": { "dep_id": "10105763", "site_name": "Wilson Group", "dev_stat": "Past Producer", "code_list": " AU AG ", "target_commodity": "Gold", "lon": -115.41596, "lat": 45.0596 }, "geometry": { "type": "Point", "coordinates": [ -115.41596, 45.0596 ] } },
{ "type": "Feature", "properties": { "dep_id": "10105764", "site_name": "Painter Mine", "dev_stat": "Past Producer", "code_list": " AU AG PB ", "target_commodity": "Gold", "lon": -115.46069, "lat": 45.42154 }, "geometry": { "type": "Point", "coordinates": [ -115.46069, 45.42154 ] } },
{ "type": "Feature", "properties": { "dep_id": "10105765", "site_name": "Hughes Creek Placer", "dev_stat": "Past Producer", "code_list": " AU HG ", "target_commodity": "Gold", "lon": -114.0075, "lat": 45.5111 }, "geometry": { "type": "Point", "coordinates": [ -114.0075, 45.5111 ] } },
{ "type": "Feature", "properties": { "dep_id": "10106571", "site_name": "American Hill Placer", "dev_stat": "Past Producer", "code_list": " AU ", "target_commodity": "Gold", "lon": -115.43068, "lat": 45.81017 }, "geometry": { "type": "Point", "coordinates": [ -115.43068, 45.81017 ] } },
{ "type": "Feature", "properties": { "dep_id": "10107301", "site_name": "Tin Cup Mine", "dev_stat": "Past Producer", "code_list": " ZN AU PB ", "target_commodity": "Gold", "lon": -114.53343, "lat": 44.96738 }, "geometry": { "type": "Point", "coordinates": [ -114.53343, 44.96738 ] } },
{ "type": "Feature", "properties": { "dep_id": "10107678", "site_name": "Warren - Marshall", "dev_stat": "Producer", "code_list": " AU ", "target_commodity": "Gold", "lon": -115.69788, "lat": 45.30017 }, "geometry": { "type": "Point", "coordinates": [ -115.69788, 45.30017 ] } },
{ "type": "Feature", "properties": { "dep_id": "10108912", "site_name": "Sourdough No. 1 and No. 2.", "dev_stat": "Producer", "code_list": " AU ", "target_commodity": "Gold", "lon": -115.90848, "lat": 45.09127 }, "geometry": { "type": "Point", "coordinates": [ -115.90848, 45.09127 ] } },
{ "type": "Feature", "properties": { "dep_id": "10108934", "site_name": "Sunnyside Group", "dev_stat": "Producer", "code_list": " AU ", "target_commodity": "Gold", "lon": -115.13155, "lat": 44.95458 }, "geometry": { "type": "Point", "coordinates": [ -115.13155, 44.95458 ] } },
{ "type": "Feature", "properties": { "dep_id": "10108937", "site_name": "Steen Mine", "dev_stat": "Past Producer", "code_list": " AU CU ", "target_commodity": "Gold", "lon": -114.53653, "lat": 44.97658 }, "geometry": { "type": "Point", "coordinates": [ -114.53653, 44.97658 ] } },
{ "type": "Feature", "properties": { "dep_id": "10108942", "site_name": "Provedencia Nos 1 - 5", "dev_stat": "Producer", "code_list": " AU U ", "target_commodity": "Gold", "lon": -114.0251, "lat": 45.54045 }, "geometry": { "type": "Point", "coordinates": [ -114.0251, 45.54045 ] } },
{ "type": "Feature", "properties": { "dep_id": "10119481", "site_name": "Gold Leaf", "dev_stat": "Past Producer", "code_list": " AU CU ", "target_commodity": "Gold", "lon": -115.45097, "lat": 45.52207 }, "geometry": { "type": "Point", "coordinates": [ -115.45097, 45.52207 ] } },
{ "type": "Feature", "properties": { "dep_id": "10119507", "site_name": "Gold Eagle", "dev_stat": "Prospect", "code_list": " AU ", "target_commodity": "Gold", "lon": -115.69628, "lat": 45.27127 }, "geometry": { "type": "Point", "coordinates": [ -115.69628, 45.27127 ] } },
{ "type": "Feature", "properties": { "dep_id": "10119511", "site_name": "East Annex", "dev_stat": "Occurrence", "code_list": " AU ", "target_commodity": "Gold", "lon": -115.66877, "lat": 45.22547 }, "geometry": { "type": "Point", "coordinates": [ -115.66877, 45.22547 ] } },
{ "type": "Feature", "properties": { "dep_id": "10119582", "site_name": "Buffalo Chief", "dev_stat": "Occurrence", "code_list": " AU ", "target_commodity": "Gold", "lon": -115.66598, "lat": 45.59237 }, "geometry": { "type": "Point", "coordinates": [ -115.66598, 45.59237 ] } },
{ "type": "Feature", "properties": { "dep_id": "10119589", "site_name": "Campbell Creek Placer", "dev_stat": "Occurrence", "code_list": " AU ", "target_commodity": "Gold", "lon": -115.48318, "lat": 45.79407 }, "geometry": { "type": "Point", "coordinates": [ -115.48318, 45.79407 ] } },
{ "type": "Feature", "properties": { "dep_id": "10119603", "site_name": "Walla Walla", "dev_stat": "Prospect", "code_list": " AU ", "target_commodity": "Gold", "lon": -115.80928, "lat": 45.39427 }, "geometry": { "type": "Point", "coordinates": [ -115.80928, 45.39427 ] } },
{ "type": "Feature", "properties": { "dep_id": "10119706", "site_name": "Hand", "dev_stat": "Past Producer", "code_list": " AG AU ", "target_commodity": "Gold", "lon": -115.35627, "lat": 45.41208 }, "geometry": { "type": "Point", "coordinates": [ -115.35627, 45.41208 ] } },
{ "type": "Feature", "properties": { "dep_id": "10119712", "site_name": "Colonel", "dev_stat": "Occurrence", "code_list": " AU ", "target_commodity": "Gold", "lon": -115.68458, "lat": 45.57317 }, "geometry": { "type": "Point", "coordinates": [ -115.68458, 45.57317 ] } },
{ "type": "Feature", "properties": { "dep_id": "10119818", "site_name": "Thomas-Herzog", "dev_stat": "Occurrence", "code_list": " AU ", "target_commodity": "Gold", "lon": -115.24626, "lat": 45.23208 }, "geometry": { "type": "Point", "coordinates": [ -115.24626, 45.23208 ] } },
{ "type": "Feature", "properties": { "dep_id": "10119852", "site_name": "Mackey Mine", "dev_stat": "Past Producer", "code_list": " AU AG ", "target_commodity": "Gold", "lon": -115.69959, "lat": 45.84207 }, "geometry": { "type": "Point", "coordinates": [ -115.69959, 45.84207 ] } },
{ "type": "Feature", "properties": { "dep_id": "10119857", "site_name": "Colson Creek Placer", "dev_stat": "Unknown", "code_list": " AU ", "target_commodity": "Gold", "lon": -114.53284, "lat": 45.29848 }, "geometry": { "type": "Point", "coordinates": [ -114.53284, 45.29848 ] } },
{ "type": "Feature", "properties": { "dep_id": "10119862", "site_name": "Blue Bird", "dev_stat": "Occurrence", "code_list": " AU ", "target_commodity": "Gold", "lon": -115.69818, "lat": 45.23907 }, "geometry": { "type": "Point", "coordinates": [ -115.69818, 45.23907 ] } },
{ "type": "Feature", "properties": { "dep_id": "10119876", "site_name": "American Mine", "dev_stat": "Past Producer", "code_list": " AU AG ", "target_commodity": "Gold", "lon": -115.45877, "lat": 45.55927 }, "geometry": { "type": "Point", "coordinates": [ -115.45877, 45.55927 ] } },
{ "type": "Feature", "properties": { "dep_id": "10119882", "site_name": "Effie No. 24 and 28 Prospect", "dev_stat": "Prospect", "code_list": " AU ", "target_commodity": "Gold", "lon": -115.52488, "lat": 45.65657 }, "geometry": { "type": "Point", "coordinates": [ -115.52488, 45.65657 ] } },
{ "type": "Feature", "properties": { "dep_id": "10119911", "site_name": "North Dixie Saddle", "dev_stat": "Occurrence", "code_list": " AU ", "target_commodity": "Gold", "lon": -115.43267, "lat": 45.13128 }, "geometry": { "type": "Point", "coordinates": [ -115.43267, 45.13128 ] } },
{ "type": "Feature", "properties": { "dep_id": "10119925", "site_name": "Blackbird Mine", "dev_stat": "Past Producer", "code_list": " AU AG ", "target_commodity": "Gold", "lon": -115.68678, "lat": 45.80487 }, "geometry": { "type": "Point", "coordinates": [ -115.68678, 45.80487 ] } },
{ "type": "Feature", "properties": { "dep_id": "10119935", "site_name": "Unknown", "dev_stat": "Occurrence", "code_list": " AU ", "target_commodity": "Gold", "lon": -115.79458, "lat": 45.32847 }, "geometry": { "type": "Point", "coordinates": [ -115.79458, 45.32847 ] } },
{ "type": "Feature", "properties": { "dep_id": "10119943", "site_name": "Buckshot No. 1", "dev_stat": "Occurrence", "code_list": " AU AG ", "target_commodity": "Gold", "lon": -115.68628, "lat": 45.24767 }, "geometry": { "type": "Point", "coordinates": [ -115.68628, 45.24767 ] } },
{ "type": "Feature", "properties": { "dep_id": "10119962", "site_name": "Black Pine Project", "dev_stat": "Past Producer", "code_list": " CO AU NI ", "target_commodity": "Gold", "lon": -114.2038, "lat": 45.04685 }, "geometry": { "type": "Point", "coordinates": [ -114.2038, 45.04685 ] } },
{ "type": "Feature", "properties": { "dep_id": "10119965", "site_name": "Warren Summit", "dev_stat": "Prospect", "code_list": " AU ", "target_commodity": "Gold", "lon": -115.63157, "lat": 45.22927 }, "geometry": { "type": "Point", "coordinates": [ -115.63157, 45.22927 ] } },
{ "type": "Feature", "properties": { "dep_id": "10119974", "site_name": "Hoffstetter", "dev_stat": "Occurrence", "code_list": " AU ", "target_commodity": "Gold", "lon": -115.40518, "lat": 45.83677 }, "geometry": { "type": "Point", "coordinates": [ -115.40518, 45.83677 ] } },
{ "type": "Feature", "properties": { "dep_id": "10119992", "site_name": "Golden Queen Placer", "dev_stat": "Past Producer", "code_list": " AU ", "target_commodity": "Gold", "lon": -114.43034, "lat": 45.32268 }, "geometry": { "type": "Point", "coordinates": [ -114.43034, 45.32268 ] } },
{ "type": "Feature", "properties": { "dep_id": "10119998", "site_name": "Dobbins", "dev_stat": "Occurrence", "code_list": " AU ", "target_commodity": "Gold", "lon": -115.67568, "lat": 45.58987 }, "geometry": { "type": "Point", "coordinates": [ -115.67568, 45.58987 ] } },
{ "type": "Feature", "properties": { "dep_id": "10120007", "site_name": "Redwing", "dev_stat": "Past Producer", "code_list": " AU AG ", "target_commodity": "Gold", "lon": -116.02849, "lat": 45.51677 }, "geometry": { "type": "Point", "coordinates": [ -116.02849, 45.51677 ] } },
{ "type": "Feature", "properties": { "dep_id": "10120040", "site_name": "Unknown", "dev_stat": "Occurrence", "code_list": " AU ", "target_commodity": "Gold", "lon": -115.61017, "lat": 45.20767 }, "geometry": { "type": "Point", "coordinates": [ -115.61017, 45.20767 ] } },
{ "type": "Feature", "properties": { "dep_id": "10120093", "site_name": "Bigfoot Mine No. 1", "dev_stat": "Past Producer", "code_list": " AU ", "target_commodity": "Gold", "lon": -115.30877, "lat": 45.80847 }, "geometry": { "type": "Point", "coordinates": [ -115.30877, 45.80847 ] } },
{ "type": "Feature", "properties": { "dep_id": "10120097", "site_name": "Vaux Mine", "dev_stat": "Prospect", "code_list": " AU ", "target_commodity": "Gold", "lon": -115.74538, "lat": 45.33047 }, "geometry": { "type": "Point", "coordinates": [ -115.74538, 45.33047 ] } },
{ "type": "Feature", "properties": { "dep_id": "10120120", "site_name": "Unnamed", "dev_stat": "Occurrence", "code_list": " AU ", "target_commodity": "Gold", "lon": -115.64288, "lat": 45.64797 }, "geometry": { "type": "Point", "coordinates": [ -115.64288, 45.64797 ] } },
{ "type": "Feature", "properties": { "dep_id": "10120134", "site_name": "Golden Eagle Placer", "dev_stat": "Past Producer", "code_list": " AU ", "target_commodity": "Gold", "lon": -114.55404, "lat": 45.30098 }, "geometry": { "type": "Point", "coordinates": [ -114.55404, 45.30098 ] } },
{ "type": "Feature", "properties": { "dep_id": "10120152", "site_name": "Garden Creek Placer", "dev_stat": "Unknown", "code_list": " AU ", "target_commodity": "Gold", "lon": -114.40704, "lat": 45.31178 }, "geometry": { "type": "Point", "coordinates": [ -114.40704, 45.31178 ] } },
{ "type": "Feature", "properties": { "dep_id": "10120166", "site_name": "Unknown", "dev_stat": "Occurrence", "code_list": " AU PB ", "target_commodity": "Gold", "lon": -115.79428, "lat": 45.30597 }, "geometry": { "type": "Point", "coordinates": [ -115.79428, 45.30597 ] } },
{ "type": "Feature", "properties": { "dep_id": "10120238", "site_name": "Bulldog", "dev_stat": "Past Producer", "code_list": " AU AG ", "target_commodity": "Gold", "lon": -115.69818, "lat": 45.23907 }, "geometry": { "type": "Point", "coordinates": [ -115.69818, 45.23907 ] } },
{ "type": "Feature", "properties": { "dep_id": "10120253", "site_name": "Rover", "dev_stat": "Occurrence", "code_list": " AU ", "target_commodity": "Gold", "lon": -115.22286, "lat": 45.24208 }, "geometry": { "type": "Point", "coordinates": [ -115.22286, 45.24208 ] } },
{ "type": "Feature", "properties": { "dep_id": "10120315", "site_name": "Overlook Mine", "dev_stat": "Unknown", "code_list": " AU ", "target_commodity": "Gold", "lon": -114.00872, "lat": 45.23159 }, "geometry": { "type": "Point", "coordinates": [ -114.00872, 45.23159 ] } },
{ "type": "Feature", "properties": { "dep_id": "10120337", "site_name": "Gold King Group", "dev_stat": "Prospect", "code_list": " AU ", "target_commodity": "Gold", "lon": -115.22906, "lat": 45.16958 }, "geometry": { "type": "Point", "coordinates": [ -115.22906, 45.16958 ] } },
{ "type": "Feature", "properties": { "dep_id": "10120341", "site_name": "Burris Placer", "dev_stat": "Prospect", "code_list": " AU ", "target_commodity": "Gold", "lon": -115.14266, "lat": 45.09268 }, "geometry": { "type": "Point", "coordinates": [ -115.14266, 45.09268 ] } },
{ "type": "Feature", "properties": { "dep_id": "10120368", "site_name": "Unknown", "dev_stat": "Occurrence", "code_list": " AU ", "target_commodity": "Gold", "lon": -115.41346, "lat": 45.12298 }, "geometry": { "type": "Point", "coordinates": [ -115.41346, 45.12298 ] } },
{ "type": "Feature", "properties": { "dep_id": "10120374", "site_name": "Barite Prospect", "dev_stat": "Prospect", "code_list": " BA AU ", "target_commodity": "Gold", "lon": -115.12676, "lat": 45.09458 }, "geometry": { "type": "Point", "coordinates": [ -115.12676, 45.09458 ] } },
{ "type": "Feature", "properties": { "dep_id": "10120381", "site_name": "Silver Dome Claim", "dev_stat": "Prospect", "code_list": " AU AG ", "target_commodity": "Gold", "lon": -115.08926, "lat": 45.17988 }, "geometry": { "type": "Point", "coordinates": [ -115.08926, 45.17988 ] } },
{ "type": "Feature", "properties": { "dep_id": "10120392", "site_name": "Columbia Mine", "dev_stat": "Past Producer", "code_list": " CU AU ", "target_commodity": "Gold", "lon": -114.54673, "lat": 44.97818 }, "geometry": { "type": "Point", "coordinates": [ -114.54673, 44.97818 ] } },
{ "type": "Feature", "properties": { "dep_id": "10120396", "site_name": "Bluemoon", "dev_stat": "Unknown", "code_list": " AU CU ", "target_commodity": "Gold", "lon": -114.03033, "lat": 45.53569 }, "geometry": { "type": "Point", "coordinates": [ -114.03033, 45.53569 ] } },
{ "type": "Feature", "properties": { "dep_id": "10120405", "site_name": "Venable", "dev_stat": "Occurrence", "code_list": " AU ", "target_commodity": "Gold", "lon": -115.12265, "lat": 44.96428 }, "geometry": { "type": "Point", "coordinates": [ -115.12265, 44.96428 ] } },
{ "type": "Feature", "properties": { "dep_id": "10120414", "site_name": "Black Cat", "dev_stat": "Prospect", "code_list": " AU ", "target_commodity": "Gold", "lon": -115.65957, "lat": 45.23847 }, "geometry": { "type": "Point", "coordinates": [ -115.65957, 45.23847 ] } },
{ "type": "Feature", "properties": { "dep_id": "10120430", "site_name": "Harmony Mine", "dev_stat": "Prospect", "code_list": " AU ", "target_commodity": "Gold", "lon": -115.20626, "lat": 45.17098 }, "geometry": { "type": "Point", "coordinates": [ -115.20626, 45.17098 ] } },
{ "type": "Feature", "properties": { "dep_id": "10120438", "site_name": "Gold Cord Group", "dev_stat": "Prospect", "code_list": " AU AG ", "target_commodity": "Gold", "lon": -115.08375, "lat": 44.85548 }, "geometry": { "type": "Point", "coordinates": [ -115.08375, 44.85548 ] } },
{ "type": "Feature", "properties": { "dep_id": "10120442", "site_name": "Golden Bear No. 1", "dev_stat": "Prospect", "code_list": " AU CU ", "target_commodity": "Gold", "lon": -115.13016, "lat": 45.17878 }, "geometry": { "type": "Point", "coordinates": [ -115.13016, 45.17878 ] } },
{ "type": "Feature", "properties": { "dep_id": "10120465", "site_name": "Camp Bird No. 1", "dev_stat": "Occurrence", "code_list": " AU PB ", "target_commodity": "Gold", "lon": -115.35206, "lat": 45.11518 }, "geometry": { "type": "Point", "coordinates": [ -115.35206, 45.11518 ] } },
{ "type": "Feature", "properties": { "dep_id": "10120469", "site_name": "Red Bird Group", "dev_stat": "Occurrence", "code_list": " AU AG ", "target_commodity": "Gold", "lon": -115.13345, "lat": 44.94598 }, "geometry": { "type": "Point", "coordinates": [ -115.13345, 44.94598 ] } },
{ "type": "Feature", "properties": { "dep_id": "10120525", "site_name": "No Name Placer", "dev_stat": "Prospect", "code_list": " AU ", "target_commodity": "Gold", "lon": -115.03405, "lat": 45.13768 }, "geometry": { "type": "Point", "coordinates": [ -115.03405, 45.13768 ] } },
{ "type": "Feature", "properties": { "dep_id": "10120545", "site_name": "Jerome Group", "dev_stat": "Prospect", "code_list": " AU AG ", "target_commodity": "Gold", "lon": -115.09655, "lat": 44.85908 }, "geometry": { "type": "Point", "coordinates": [ -115.09655, 44.85908 ] } },
{ "type": "Feature", "properties": { "dep_id": "10120548", "site_name": "Abstine & Blevins", "dev_stat": "Occurrence", "code_list": " AU ", "target_commodity": "Gold", "lon": -115.42406, "lat": 45.06678 }, "geometry": { "type": "Point", "coordinates": [ -115.42406, 45.06678 ] } },
{ "type": "Feature", "properties": { "dep_id": "10120593", "site_name": "W.K. No. 1 Claim", "dev_stat": "Prospect", "code_list": " AU GEM_SP ", "target_commodity": "Gold", "lon": -115.03785, "lat": 44.97268 }, "geometry": { "type": "Point", "coordinates": [ -115.03785, 44.97268 ] } },
{ "type": "Feature", "properties": { "dep_id": "10120605", "site_name": "Shoshone Prospect", "dev_stat": "Prospect", "code_list": " AU AG ", "target_commodity": "Gold", "lon": -115.23206, "lat": 44.95048 }, "geometry": { "type": "Point", "coordinates": [ -115.23206, 44.95048 ] } },
{ "type": "Feature", "properties": { "dep_id": "10120646", "site_name": "Independence Prospect", "dev_stat": "Prospect", "code_list": " AU ", "target_commodity": "Gold", "lon": -115.25346, "lat": 44.89208 }, "geometry": { "type": "Point", "coordinates": [ -115.25346, 44.89208 ] } },
{ "type": "Feature", "properties": { "dep_id": "10120648", "site_name": "Behme", "dev_stat": "Prospect", "code_list": " AU ", "target_commodity": "Gold", "lon": -115.46986, "lat": 44.98208 }, "geometry": { "type": "Point", "coordinates": [ -115.46986, 44.98208 ] } },
{ "type": "Feature", "properties": { "dep_id": "10120701", "site_name": "Green Goode Prospect", "dev_stat": "Prospect", "code_list": " AU ", "target_commodity": "Gold", "lon": -115.22376, "lat": 44.92098 }, "geometry": { "type": "Point", "coordinates": [ -115.22376, 44.92098 ] } },
{ "type": "Feature", "properties": { "dep_id": "10120727", "site_name": "Profile-Yellow Pine Company", "dev_stat": "Unknown", "code_list": " CU AU ", "target_commodity": "Gold", "lon": -115.43426, "lat": 45.05568 }, "geometry": { "type": "Point", "coordinates": [ -115.43426, 45.05568 ] } },
{ "type": "Feature", "properties": { "dep_id": "10120847", "site_name": "North Fork of West Fork Prospect", "dev_stat": "Prospect", "code_list": " AG AU ", "target_commodity": "Gold", "lon": -115.22456, "lat": 45.02768 }, "geometry": { "type": "Point", "coordinates": [ -115.22456, 45.02768 ] } },
{ "type": "Feature", "properties": { "dep_id": "10120849", "site_name": "Bold Ruler Group", "dev_stat": "Occurrence", "code_list": " AU AG ", "target_commodity": "Gold", "lon": -115.08485, "lat": 44.95318 }, "geometry": { "type": "Point", "coordinates": [ -115.08485, 44.95318 ] } },
{ "type": "Feature", "properties": { "dep_id": "10120870", "site_name": "Consolidation Prospect", "dev_stat": "Occurrence", "code_list": " AU AG ", "target_commodity": "Gold", "lon": -115.12175, "lat": 44.99158 }, "geometry": { "type": "Point", "coordinates": [ -115.12175, 44.99158 ] } },
{ "type": "Feature", "properties": { "dep_id": "10120875", "site_name": "Pyramid Prospect", "dev_stat": "Prospect", "code_list": " AU AG ", "target_commodity": "Gold", "lon": -115.24316, "lat": 44.92798 }, "geometry": { "type": "Point", "coordinates": [ -115.24316, 44.92798 ] } },
{ "type": "Feature", "properties": { "dep_id": "10120881", "site_name": "Leap Year Prospect", "dev_stat": "Prospect", "code_list": " AU AG ", "target_commodity": "Gold", "lon": -115.18875, "lat": 44.95098 }, "geometry": { "type": "Point", "coordinates": [ -115.18875, 44.95098 ] } },
{ "type": "Feature", "properties": { "dep_id": "10120891", "site_name": "Bernard Creek Airstrip", "dev_stat": "Occurrence", "code_list": " AU ZR ", "target_commodity": "Gold", "lon": -114.73624, "lat": 44.97568 }, "geometry": { "type": "Point", "coordinates": [ -114.73624, 44.97568 ] } },
{ "type": "Feature", "properties": { "dep_id": "10120910", "site_name": "Idaho Primitive Area.", "dev_stat": "Occurrence", "code_list": " AU AG ", "target_commodity": "Gold", "lon": -115.09485, "lat": 44.88488 }, "geometry": { "type": "Point", "coordinates": [ -115.09485, 44.88488 ] } },
{ "type": "Feature", "properties": { "dep_id": "10120912", "site_name": "Cleveland", "dev_stat": "Occurrence", "code_list": " AU ", "target_commodity": "Gold", "lon": -115.46487, "lat": 45.06928 }, "geometry": { "type": "Point", "coordinates": [ -115.46487, 45.06928 ] } },
{ "type": "Feature", "properties": { "dep_id": "10120919", "site_name": "Woolard Creek Bar", "dev_stat": "Occurrence", "code_list": " AU ZR ", "target_commodity": "Gold", "lon": -114.72734, "lat": 45.06348 }, "geometry": { "type": "Point", "coordinates": [ -114.72734, 45.06348 ] } },
{ "type": "Feature", "properties": { "dep_id": "10120923", "site_name": "Deer Creek Ridge", "dev_stat": "Occurrence", "code_list": " AU ", "target_commodity": "Gold", "lon": -115.64677, "lat": 45.17067 }, "geometry": { "type": "Point", "coordinates": [ -115.64677, 45.17067 ] } },
{ "type": "Feature", "properties": { "dep_id": "10120930", "site_name": "Breccia Gold", "dev_stat": "Prospect", "code_list": " AU ", "target_commodity": "Gold", "lon": -114.33203, "lat": 45.01769 }, "geometry": { "type": "Point", "coordinates": [ -114.33203, 45.01769 ] } },
{ "type": "Feature", "properties": { "dep_id": "10120970", "site_name": "Junction Prospect", "dev_stat": "Prospect", "code_list": " AU AG ", "target_commodity": "Gold", "lon": -115.17595, "lat": 44.95678 }, "geometry": { "type": "Point", "coordinates": [ -115.17595, 44.95678 ] } },
{ "type": "Feature", "properties": { "dep_id": "10121014", "site_name": "Gold Lodge Claim", "dev_stat": "Occurrence", "code_list": " AG AU ", "target_commodity": "Gold", "lon": -115.02345, "lat": 45.13658 }, "geometry": { "type": "Point", "coordinates": [ -115.02345, 45.13658 ] } },
{ "type": "Feature", "properties": { "dep_id": "10121019", "site_name": "Valentine Claim", "dev_stat": "Occurrence", "code_list": " AG AU ", "target_commodity": "Gold", "lon": -114.99655, "lat": 45.13738 }, "geometry": { "type": "Point", "coordinates": [ -114.99655, 45.13738 ] } },
{ "type": "Feature", "properties": { "dep_id": "10121022", "site_name": "Coone Creek Prospect", "dev_stat": "Prospect", "code_list": " AU AG ", "target_commodity": "Gold", "lon": -115.16235, "lat": 44.95738 }, "geometry": { "type": "Point", "coordinates": [ -115.16235, 44.95738 ] } },
{ "type": "Feature", "properties": { "dep_id": "10121034", "site_name": "Brittanic Mine", "dev_stat": "Prospect", "code_list": " AU ", "target_commodity": "Gold", "lon": -114.29623, "lat": 45.36738 }, "geometry": { "type": "Point", "coordinates": [ -114.29623, 45.36738 ] } },
{ "type": "Feature", "properties": { "dep_id": "10121035", "site_name": "Thunder Mountain", "dev_stat": "Producer", "code_list": " AU AG ", "target_commodity": "Gold", "lon": -115.13155, "lat": 44.95458 }, "geometry": { "type": "Point", "coordinates": [ -115.13155, 44.95458 ] } },
{ "type": "Feature", "properties": { "dep_id": "10121050", "site_name": "Goff Brothers Placer", "dev_stat": "Past Producer", "code_list": " AU AG ", "target_commodity": "Gold", "lon": -114.21453, "lat": 45.22379 }, "geometry": { "type": "Point", "coordinates": [ -114.21453, 45.22379 ] } },
{ "type": "Feature", "properties": { "dep_id": "10124868", "site_name": "Placer", "dev_stat": "Occurrence", "code_list": " AU ", "target_commodity": "Gold", "lon": -114.15593, "lat": 45.61989 }, "geometry": { "type": "Point", "coordinates": [ -114.15593, 45.61989 ] } },
{ "type": "Feature", "properties": { "dep_id": "10134448", "site_name": "Cheapman-Wanderer Group", "dev_stat": "Prospect", "code_list": " AU AG ", "target_commodity": "Gold", "lon": -115.13155, "lat": 44.99068 }, "geometry": { "type": "Point", "coordinates": [ -115.13155, 44.99068 ] } },
{ "type": "Feature", "properties": { "dep_id": "10134515", "site_name": "Fourth of July Mine", "dev_stat": "Plant", "code_list": " AU ", "target_commodity": "Gold", "lon": -115.36266, "lat": 45.12298 }, "geometry": { "type": "Point", "coordinates": [ -115.36266, 45.12298 ] } },
{ "type": "Feature", "properties": { "dep_id": "10134665", "site_name": "Sentinel Mine", "dev_stat": "Past Producer", "code_list": " AU AG ", "target_commodity": "Gold", "lon": -115.69319, "lat": 45.80907 }, "geometry": { "type": "Point", "coordinates": [ -115.69319, 45.80907 ] } },
{ "type": "Feature", "properties": { "dep_id": "10135017", "site_name": "Twin Buttes", "dev_stat": "Past Producer", "code_list": " AU ", "target_commodity": "Gold", "lon": -115.53678, "lat": 45.68067 }, "geometry": { "type": "Point", "coordinates": [ -115.53678, 45.68067 ] } },
{ "type": "Feature", "properties": { "dep_id": "10143449", "site_name": "Tre", "dev_stat": "Prospect", "code_list": " AU ", "target_commodity": "Gold", "lon": -115.69928, "lat": 45.23047 }, "geometry": { "type": "Point", "coordinates": [ -115.69928, 45.23047 ] } },
{ "type": "Feature", "properties": { "dep_id": "10143644", "site_name": "California Creek", "dev_stat": "Past Producer", "code_list": " AU AG ", "target_commodity": "Gold", "lon": -115.80158, "lat": 45.34237 }, "geometry": { "type": "Point", "coordinates": [ -115.80158, 45.34237 ] } },
{ "type": "Feature", "properties": { "dep_id": "10143673", "site_name": "Little Elk Creek Placer", "dev_stat": "Past Producer", "code_list": " AU AG ", "target_commodity": "Gold", "lon": -115.45098, "lat": 45.87017 }, "geometry": { "type": "Point", "coordinates": [ -115.45098, 45.87017 ] } },
{ "type": "Feature", "properties": { "dep_id": "10143751", "site_name": "Trout Group", "dev_stat": "Past Producer", "code_list": " AU ", "target_commodity": "Gold", "lon": -115.55788, "lat": 45.79177 }, "geometry": { "type": "Point", "coordinates": [ -115.55788, 45.79177 ] } },
{ "type": "Feature", "properties": { "dep_id": "10143830", "site_name": "Mountain Placer", "dev_stat": "Occurrence", "code_list": " AU ", "target_commodity": "Gold", "lon": -115.64429, "lat": 45.92237 }, "geometry": { "type": "Point", "coordinates": [ -115.64429, 45.92237 ] } },
{ "type": "Feature", "properties": { "dep_id": "10144028", "site_name": "Warrior Mine", "dev_stat": "Past Producer", "code_list": " AU PB ", "target_commodity": "Gold", "lon": -115.85428, "lat": 45.39737 }, "geometry": { "type": "Point", "coordinates": [ -115.85428, 45.39737 ] } },
{ "type": "Feature", "properties": { "dep_id": "10144397", "site_name": "Galena Prospect", "dev_stat": "Past Producer", "code_list": " AU CU ", "target_commodity": "Gold", "lon": -115.07456, "lat": 45.19048 }, "geometry": { "type": "Point", "coordinates": [ -115.07456, 45.19048 ] } },
{ "type": "Feature", "properties": { "dep_id": "10144420", "site_name": "Neal Allen Placers", "dev_stat": "Past Producer", "code_list": " AU ", "target_commodity": "Gold", "lon": -114.07533, "lat": 45.29349 }, "geometry": { "type": "Point", "coordinates": [ -114.07533, 45.29349 ] } },
{ "type": "Feature", "properties": { "dep_id": "10144428", "site_name": "Hoot Owl Prospect", "dev_stat": "Prospect", "code_list": " AU AG ", "target_commodity": "Gold", "lon": -114.61454, "lat": 44.97658 }, "geometry": { "type": "Point", "coordinates": [ -114.61454, 44.97658 ] } },
{ "type": "Feature", "properties": { "dep_id": "10144442", "site_name": "Upper Siegal Creek Mine No. 3", "dev_stat": "Past Producer", "code_list": " AU ", "target_commodity": "Gold", "lon": -115.32517, "lat": 45.80127 }, "geometry": { "type": "Point", "coordinates": [ -115.32517, 45.80127 ] } },
{ "type": "Feature", "properties": { "dep_id": "10144466", "site_name": "Crossing Bar Placer", "dev_stat": "Prospect", "code_list": " AU ", "target_commodity": "Gold", "lon": -115.21316, "lat": 45.16458 }, "geometry": { "type": "Point", "coordinates": [ -115.21316, 45.16458 ] } },
{ "type": "Feature", "properties": { "dep_id": "10144469", "site_name": "Big Three Mine", "dev_stat": "Past Producer", "code_list": " AU AG ", "target_commodity": "Gold", "lon": -115.99289, "lat": 45.46237 }, "geometry": { "type": "Point", "coordinates": [ -115.99289, 45.46237 ] } },
{ "type": "Feature", "properties": { "dep_id": "10144475", "site_name": "Deckie", "dev_stat": "Unknown", "code_list": " AU CU ", "target_commodity": "Gold", "lon": -114.68034, "lat": 45.22428 }, "geometry": { "type": "Point", "coordinates": [ -114.68034, 45.22428 ] } },
{ "type": "Feature", "properties": { "dep_id": "10144478", "site_name": "Nice Boy Prospect", "dev_stat": "Prospect", "code_list": " AU ", "target_commodity": "Gold", "lon": -115.22736, "lat": 44.97848 }, "geometry": { "type": "Point", "coordinates": [ -115.22736, 44.97848 ] } },
{ "type": "Feature", "properties": { "dep_id": "10144482", "site_name": "Rob Roy", "dev_stat": "Occurrence", "code_list": " AU ", "target_commodity": "Gold", "lon": -115.68198, "lat": 45.63057 }, "geometry": { "type": "Point", "coordinates": [ -115.68198, 45.63057 ] } },
{ "type": "Feature", "properties": { "dep_id": "10144522", "site_name": "Short Line Group", "dev_stat": "Occurrence", "code_list": " AU AG ", "target_commodity": "Gold", "lon": -115.13455, "lat": 44.96048 }, "geometry": { "type": "Point", "coordinates": [ -115.13455, 44.96048 ] } },
{ "type": "Feature", "properties": { "dep_id": "10144523", "site_name": "Ophir Lode", "dev_stat": "Past Producer", "code_list": " AU CO ", "target_commodity": "Gold", "lon": -115.88379, "lat": 45.85267 }, "geometry": { "type": "Point", "coordinates": [ -115.88379, 45.85267 ] } },
{ "type": "Feature", "properties": { "dep_id": "10144524", "site_name": "Last Chance Claim", "dev_stat": "Prospect", "code_list": " AU AG ", "target_commodity": "Gold", "lon": -115.69408, "lat": 45.30927 }, "geometry": { "type": "Point", "coordinates": [ -115.69408, 45.30927 ] } },
{ "type": "Feature", "properties": { "dep_id": "10144529", "site_name": "Standard", "dev_stat": "Occurrence", "code_list": " AU ", "target_commodity": "Gold", "lon": -115.13845, "lat": 44.94988 }, "geometry": { "type": "Point", "coordinates": [ -115.13845, 44.94988 ] } },
{ "type": "Feature", "properties": { "dep_id": "10144538", "site_name": "Ditch Creek/Rock Claims", "dev_stat": "Prospect", "code_list": " AU ", "target_commodity": "Gold", "lon": -114.03532, "lat": 45.30429 }, "geometry": { "type": "Point", "coordinates": [ -114.03532, 45.30429 ] } },
{ "type": "Feature", "properties": { "dep_id": "10144541", "site_name": "Colorado Claim", "dev_stat": "Prospect", "code_list": " AU AG ", "target_commodity": "Gold", "lon": -115.25206, "lat": 45.24068 }, "geometry": { "type": "Point", "coordinates": [ -115.25206, 45.24068 ] } },
{ "type": "Feature", "properties": { "dep_id": "10144547", "site_name": "Coan Property", "dev_stat": "Unknown", "code_list": " AU PB ", "target_commodity": "Gold", "lon": -114.33783, "lat": 45.35018 }, "geometry": { "type": "Point", "coordinates": [ -114.33783, 45.35018 ] } },
{ "type": "Feature", "properties": { "dep_id": "10144548", "site_name": "Acorn Butte No. 1 Prospect", "dev_stat": "Prospect", "code_list": " AU AG ", "target_commodity": "Gold", "lon": -115.08236, "lat": 45.18598 }, "geometry": { "type": "Point", "coordinates": [ -115.08236, 45.18598 ] } },
{ "type": "Feature", "properties": { "dep_id": "10144569", "site_name": "Green Jacket Prospect", "dev_stat": "Occurrence", "code_list": " CU AU ", "target_commodity": "Gold", "lon": -115.13266, "lat": 45.09298 }, "geometry": { "type": "Point", "coordinates": [ -115.13266, 45.09298 ] } },
{ "type": "Feature", "properties": { "dep_id": "10144588", "site_name": "Nevada and Golden Crown Claims", "dev_stat": "Prospect", "code_list": " AU ", "target_commodity": "Gold", "lon": -115.91818, "lat": 45.33207 }, "geometry": { "type": "Point", "coordinates": [ -115.91818, 45.33207 ] } },
{ "type": "Feature", "properties": { "dep_id": "10144612", "site_name": "Toby", "dev_stat": "Occurrence", "code_list": " AU ", "target_commodity": "Gold", "lon": -115.53208, "lat": 45.74097 }, "geometry": { "type": "Point", "coordinates": [ -115.53208, 45.74097 ] } },
{ "type": "Feature", "properties": { "dep_id": "10144615", "site_name": "Dorsar 1-2", "dev_stat": "Occurrence", "code_list": " AU ", "target_commodity": "Gold", "lon": -115.83678, "lat": 45.25067 }, "geometry": { "type": "Point", "coordinates": [ -115.83678, 45.25067 ] } },
{ "type": "Feature", "properties": { "dep_id": "10144621", "site_name": "Blackbird Mine", "dev_stat": "Past Producer", "code_list": " CO AU BI ", "target_commodity": "Gold", "lon": -114.3418, "lat": 45.11692 }, "geometry": { "type": "Point", "coordinates": [ -114.3418, 45.11692 ] } },
{ "type": "Feature", "properties": { "dep_id": "10144656", "site_name": "Thunderation Group", "dev_stat": "Occurrence", "code_list": " AG AU ", "target_commodity": "Gold", "lon": -115.16095, "lat": 44.89128 }, "geometry": { "type": "Point", "coordinates": [ -115.16095, 44.89128 ] } },
{ "type": "Feature", "properties": { "dep_id": "10144660", "site_name": "Golden Way Up 0160850058", "dev_stat": "Past Producer", "code_list": " AU PB ", "target_commodity": "Gold", "lon": -115.41126, "lat": 45.12458 }, "geometry": { "type": "Point", "coordinates": [ -115.41126, 45.12458 ] } },
{ "type": "Feature", "properties": { "dep_id": "10144683", "site_name": "Mill Quartz", "dev_stat": "Past Producer", "code_list": " AU ", "target_commodity": "Gold", "lon": -115.62848, "lat": 45.89847 }, "geometry": { "type": "Point", "coordinates": [ -115.62848, 45.89847 ] } },
{ "type": "Feature", "properties": { "dep_id": "10144697", "site_name": "Unknown", "dev_stat": "Occurrence", "code_list": " AU ", "target_commodity": "Gold", "lon": -115.68878, "lat": 45.23567 }, "geometry": { "type": "Point", "coordinates": [ -115.68878, 45.23567 ] } },
{ "type": "Feature", "properties": { "dep_id": "10144718", "site_name": "Merrit Mine", "dev_stat": "Past Producer", "code_list": " AU ", "target_commodity": "Gold", "lon": -114.53123, "lat": 44.97798 }, "geometry": { "type": "Point", "coordinates": [ -114.53123, 44.97798 ] } },
{ "type": "Feature", "properties": { "dep_id": "10144721", "site_name": "Zenith Mine", "dev_stat": "Past Producer", "code_list": " AU AG ", "target_commodity": "Gold", "lon": -115.51988, "lat": 45.77267 }, "geometry": { "type": "Point", "coordinates": [ -115.51988, 45.77267 ] } },
{ "type": "Feature", "properties": { "dep_id": "10144730", "site_name": "South Fork Group", "dev_stat": "Occurrence", "code_list": " AU ", "target_commodity": "Gold", "lon": -115.18845, "lat": 44.96018 }, "geometry": { "type": "Point", "coordinates": [ -115.18845, 44.96018 ] } },
{ "type": "Feature", "properties": { "dep_id": "10144731", "site_name": "Big Duluth Prospect", "dev_stat": "Prospect", "code_list": " AU ", "target_commodity": "Gold", "lon": -115.18735, "lat": 44.96318 }, "geometry": { "type": "Point", "coordinates": [ -115.18735, 44.96318 ] } },
{ "type": "Feature", "properties": { "dep_id": "10144735", "site_name": "Gold Chain Placer", "dev_stat": "Past Producer", "code_list": " AU ", "target_commodity": "Gold", "lon": -114.53123, "lat": 44.97798 }, "geometry": { "type": "Point", "coordinates": [ -114.53123, 44.97798 ] } },
{ "type": "Feature", "properties": { "dep_id": "10144752", "site_name": "Golden Gate Prospect", "dev_stat": "Prospect", "code_list": " AU AG ", "target_commodity": "Gold", "lon": -115.17765, "lat": 44.97428 }, "geometry": { "type": "Point", "coordinates": [ -115.17765, 44.97428 ] } },
{ "type": "Feature", "properties": { "dep_id": "10144753", "site_name": "Dewey Mine", "dev_stat": "Past Producer", "code_list": " AU AG TI ", "target_commodity": "Gold", "lon": -115.14565, "lat": 44.95768 }, "geometry": { "type": "Point", "coordinates": [ -115.14565, 44.95768 ] } },
{ "type": "Feature", "properties": { "dep_id": "10144755", "site_name": "Jaybird Prospect", "dev_stat": "Prospect", "code_list": " AU CU ", "target_commodity": "Gold", "lon": -114.61904, "lat": 44.98738 }, "geometry": { "type": "Point", "coordinates": [ -114.61904, 44.98738 ] } },
{ "type": "Feature", "properties": { "dep_id": "10144765", "site_name": "Mulligan Group", "dev_stat": "Past Producer", "code_list": " SB AU ", "target_commodity": "Gold", "lon": -115.26316, "lat": 45.19548 }, "geometry": { "type": "Point", "coordinates": [ -115.26316, 45.19548 ] } },
{ "type": "Feature", "properties": { "dep_id": "10144766", "site_name": "Highland Claim", "dev_stat": "Occurrence", "code_list": " AG AU ", "target_commodity": "Gold", "lon": -115.06095, "lat": 44.95818 }, "geometry": { "type": "Point", "coordinates": [ -115.06095, 44.95818 ] } },
{ "type": "Feature", "properties": { "dep_id": "10144792", "site_name": "Fourmile Mine", "dev_stat": "Past Producer", "code_list": " AU AG ", "target_commodity": "Gold", "lon": -115.62018, "lat": 45.76707 }, "geometry": { "type": "Point", "coordinates": [ -115.62018, 45.76707 ] } },
{ "type": "Feature", "properties": { "dep_id": "10144795", "site_name": "Clear Creek Deposit", "dev_stat": "Unknown", "code_list": " AU ", "target_commodity": "Gold", "lon": -114.26873, "lat": 45.29179 }, "geometry": { "type": "Point", "coordinates": [ -114.26873, 45.29179 ] } },
{ "type": "Feature", "properties": { "dep_id": "10144800", "site_name": "Winter King Prospect", "dev_stat": "Prospect", "code_list": " AU AG ", "target_commodity": "Gold", "lon": -115.23066, "lat": 44.95458 }, "geometry": { "type": "Point", "coordinates": [ -115.23066, 44.95458 ] } },
{ "type": "Feature", "properties": { "dep_id": "10144827", "site_name": "Lone Pine Mine", "dev_stat": "Occurrence", "code_list": " AU ", "target_commodity": "Gold", "lon": -116.05629, "lat": 45.47927 }, "geometry": { "type": "Point", "coordinates": [ -116.05629, 45.47927 ] } },
{ "type": "Feature", "properties": { "dep_id": "10144832", "site_name": "Placer Lake Prospect", "dev_stat": "Occurrence", "code_list": " AU ", "target_commodity": "Gold", "lon": -115.35406, "lat": 45.16798 }, "geometry": { "type": "Point", "coordinates": [ -115.35406, 45.16798 ] } },
{ "type": "Feature", "properties": { "dep_id": "10144833", "site_name": "Dynamite Group", "dev_stat": "Prospect", "code_list": " AU ", "target_commodity": "Gold", "lon": -115.09875, "lat": 44.87178 }, "geometry": { "type": "Point", "coordinates": [ -115.09875, 44.87178 ] } },
{ "type": "Feature", "properties": { "dep_id": "10144834", "site_name": "Slaughter Creek", "dev_stat": "Occurrence", "code_list": " AU ", "target_commodity": "Gold", "lon": -115.61817, "lat": 45.27847 }, "geometry": { "type": "Point", "coordinates": [ -115.61817, 45.27847 ] } },
{ "type": "Feature", "properties": { "dep_id": "10144837", "site_name": "Cabin Creek Bar", "dev_stat": "Prospect", "code_list": " AU ", "target_commodity": "Gold", "lon": -114.93765, "lat": 45.12928 }, "geometry": { "type": "Point", "coordinates": [ -114.93765, 45.12928 ] } },
{ "type": "Feature", "properties": { "dep_id": "10144838", "site_name": "Willey", "dev_stat": "Occurrence", "code_list": " AU AG ", "target_commodity": "Gold", "lon": -115.64177, "lat": 45.26237 }, "geometry": { "type": "Point", "coordinates": [ -115.64177, 45.26237 ] } },
{ "type": "Feature", "properties": { "dep_id": "10144840", "site_name": "Dovel Placer", "dev_stat": "Occurrence", "code_list": " AU ", "target_commodity": "Gold", "lon": -115.11655, "lat": 45.06428 }, "geometry": { "type": "Point", "coordinates": [ -115.11655, 45.06428 ] } },
{ "type": "Feature", "properties": { "dep_id": "10144845", "site_name": "Good Luck Prospect", "dev_stat": "Prospect", "code_list": " AU AG ", "target_commodity": "Gold", "lon": -115.17405, "lat": 44.95548 }, "geometry": { "type": "Point", "coordinates": [ -115.17405, 44.95548 ] } },
{ "type": "Feature", "properties": { "dep_id": "10144874", "site_name": "Roosevelt Prospect", "dev_stat": "Prospect", "code_list": " AU AG ", "target_commodity": "Gold", "lon": -115.17285, "lat": 44.95958 }, "geometry": { "type": "Point", "coordinates": [ -115.17285, 44.95958 ] } },
{ "type": "Feature", "properties": { "dep_id": "10144880", "site_name": "Dice", "dev_stat": "Occurrence", "code_list": " AU ", "target_commodity": "Gold", "lon": -115.68198, "lat": 45.63057 }, "geometry": { "type": "Point", "coordinates": [ -115.68198, 45.63057 ] } },
{ "type": "Feature", "properties": { "dep_id": "10144891", "site_name": "Acorn Group", "dev_stat": "Prospect", "code_list": " AG AU ", "target_commodity": "Gold", "lon": -115.10766, "lat": 45.16158 }, "geometry": { "type": "Point", "coordinates": [ -115.10766, 45.16158 ] } },
{ "type": "Feature", "properties": { "dep_id": "10144916", "site_name": "Golden Chimney Prospect", "dev_stat": "Prospect", "code_list": " AU AG ", "target_commodity": "Gold", "lon": -115.16905, "lat": 44.95068 }, "geometry": { "type": "Point", "coordinates": [ -115.16905, 44.95068 ] } },
{ "type": "Feature", "properties": { "dep_id": "10144980", "site_name": "Ramshorn Placer", "dev_stat": "Occurrence", "code_list": " AU ", "target_commodity": "Gold", "lon": -114.73284, "lat": 44.94298 }, "geometry": { "type": "Point", "coordinates": [ -114.73284, 44.94298 ] } },
{ "type": "Feature", "properties": { "dep_id": "10144987", "site_name": "Golden Lode Prospect", "dev_stat": "Prospect", "code_list": " AU AG ", "target_commodity": "Gold", "lon": -115.16345, "lat": 44.94768 }, "geometry": { "type": "Point", "coordinates": [ -115.16345, 44.94768 ] } },
{ "type": "Feature", "properties": { "dep_id": "10144996", "site_name": "West End Mine", "dev_stat": "Past Producer", "code_list": " AU ", "target_commodity": "Gold", "lon": -115.31766, "lat": 44.93158 }, "geometry": { "type": "Point", "coordinates": [ -115.31766, 44.93158 ] } },
{ "type": "Feature", "properties": { "dep_id": "10145007", "site_name": "Rich Hill", "dev_stat": "Occurrence", "code_list": " AU CU ", "target_commodity": "Gold", "lon": -115.41208, "lat": 45.83767 }, "geometry": { "type": "Point", "coordinates": [ -115.41208, 45.83767 ] } },
{ "type": "Feature", "properties": { "dep_id": "10145016", "site_name": "Lake Creek Placer", "dev_stat": "Unknown", "code_list": " AU ", "target_commodity": "Gold", "lon": -114.52014, "lat": 45.30018 }, "geometry": { "type": "Point", "coordinates": [ -114.52014, 45.30018 ] } },
{ "type": "Feature", "properties": { "dep_id": "10145060", "site_name": "Pilot Knob South Prospect", "dev_stat": "Occurrence", "code_list": " AU ", "target_commodity": "Gold", "lon": -115.71099, "lat": 45.89457 }, "geometry": { "type": "Point", "coordinates": [ -115.71099, 45.89457 ] } },
{ "type": "Feature", "properties": { "dep_id": "10145066", "site_name": "Eureka Prospect", "dev_stat": "Prospect", "code_list": " AU ", "target_commodity": "Gold", "lon": -115.24566, "lat": 44.89378 }, "geometry": { "type": "Point", "coordinates": [ -115.24566, 44.89378 ] } },
{ "type": "Feature", "properties": { "dep_id": "10145082", "site_name": "Alpine", "dev_stat": "Occurrence", "code_list": " AU ", "target_commodity": "Gold", "lon": -115.68317, "lat": 45.21347 }, "geometry": { "type": "Point", "coordinates": [ -115.68317, 45.21347 ] } },
{ "type": "Feature", "properties": { "dep_id": "10145114", "site_name": "Cave Creek Placer", "dev_stat": "Prospect", "code_list": " AU ", "target_commodity": "Gold", "lon": -114.96375, "lat": 45.15818 }, "geometry": { "type": "Point", "coordinates": [ -114.96375, 45.15818 ] } },
{ "type": "Feature", "properties": { "dep_id": "10145118", "site_name": "Coone Prospect", "dev_stat": "Prospect", "code_list": " AU AG ", "target_commodity": "Gold", "lon": -115.16425, "lat": 44.95268 }, "geometry": { "type": "Point", "coordinates": [ -115.16425, 44.95268 ] } },
{ "type": "Feature", "properties": { "dep_id": "10145123", "site_name": "Bengal", "dev_stat": "Past Producer", "code_list": " AU AG ", "target_commodity": "Gold", "lon": -115.41488, "lat": 45.80377 }, "geometry": { "type": "Point", "coordinates": [ -115.41488, 45.80377 ] } },
{ "type": "Feature", "properties": { "dep_id": "10145138", "site_name": "Big Ramey Creek Placer", "dev_stat": "Prospect", "code_list": " AU ", "target_commodity": "Gold", "lon": -115.16516, "lat": 45.17548 }, "geometry": { "type": "Point", "coordinates": [ -115.16516, 45.17548 ] } },
{ "type": "Feature", "properties": { "dep_id": "10145142", "site_name": "Gold Ridge", "dev_stat": "Past Producer", "code_list": " AU AG ", "target_commodity": "Gold", "lon": -114.11983, "lat": 45.22989 }, "geometry": { "type": "Point", "coordinates": [ -114.11983, 45.22989 ] } },
{ "type": "Feature", "properties": { "dep_id": "10145158", "site_name": "Duches N. Claim", "dev_stat": "Prospect", "code_list": " AU AG ", "target_commodity": "Gold", "lon": -115.34066, "lat": 44.82238 }, "geometry": { "type": "Point", "coordinates": [ -115.34066, 44.82238 ] } },
{ "type": "Feature", "properties": { "dep_id": "10145160", "site_name": "Unnamed Location", "dev_stat": "Occurrence", "code_list": " AU ", "target_commodity": "Gold", "lon": -114.14262, "lat": 45.12659 }, "geometry": { "type": "Point", "coordinates": [ -114.14262, 45.12659 ] } },
{ "type": "Feature", "properties": { "dep_id": "10159241", "site_name": "Crandall Creek", "dev_stat": "Occurrence", "code_list": " AU ", "target_commodity": "Gold", "lon": -114.23263, "lat": 45.58768 }, "geometry": { "type": "Point", "coordinates": [ -114.23263, 45.58768 ] } },
{ "type": "Feature", "properties": { "dep_id": "10159348", "site_name": "Pearl Prospect", "dev_stat": "Occurrence", "code_list": " AU AG ", "target_commodity": "Gold", "lon": -115.07735, "lat": 44.99208 }, "geometry": { "type": "Point", "coordinates": [ -115.07735, 44.99208 ] } },
{ "type": "Feature", "properties": { "dep_id": "10159730", "site_name": "High Bar", "dev_stat": "Past Producer", "code_list": " AU AG ", "target_commodity": "Gold", "lon": -114.55923, "lat": 44.95428 }, "geometry": { "type": "Point", "coordinates": [ -114.55923, 44.95428 ] } },
{ "type": "Feature", "properties": { "dep_id": "10159916", "site_name": "Jensen Group Mine", "dev_stat": "Prospect", "code_list": " CU AU ", "target_commodity": "Gold", "lon": -115.07096, "lat": 45.19848 }, "geometry": { "type": "Point", "coordinates": [ -115.07096, 45.19848 ] } },
{ "type": "Feature", "properties": { "dep_id": "10168754", "site_name": "Blanche E Prospect", "dev_stat": "Occurrence", "code_list": " AU AG ", "target_commodity": "Gold", "lon": -115.09815, "lat": 44.95568 }, "geometry": { "type": "Point", "coordinates": [ -115.09815, 44.95568 ] } },
{ "type": "Feature", "properties": { "dep_id": "10168764", "site_name": "Simmons Placer", "dev_stat": "Occurrence", "code_list": " AU ", "target_commodity": "Gold", "lon": -115.13096, "lat": 45.08568 }, "geometry": { "type": "Point", "coordinates": [ -115.13096, 45.08568 ] } },
{ "type": "Feature", "properties": { "dep_id": "10168774", "site_name": "Unknown", "dev_stat": "Unknown", "code_list": " AU ", "target_commodity": "Gold", "lon": -115.95768, "lat": 44.92127 }, "geometry": { "type": "Point", "coordinates": [ -115.95768, 44.92127 ] } },
{ "type": "Feature", "properties": { "dep_id": "10168787", "site_name": "Golden", "dev_stat": "Occurrence", "code_list": " AU ", "target_commodity": "Gold", "lon": -115.25786, "lat": 45.20298 }, "geometry": { "type": "Point", "coordinates": [ -115.25786, 45.20298 ] } },
{ "type": "Feature", "properties": { "dep_id": "10168788", "site_name": "California Bar Placer", "dev_stat": "Unknown", "code_list": " AU ", "target_commodity": "Gold", "lon": -114.15623, "lat": 45.17069 }, "geometry": { "type": "Point", "coordinates": [ -114.15623, 45.17069 ] } },
{ "type": "Feature", "properties": { "dep_id": "10168802", "site_name": "Climax Group", "dev_stat": "Prospect", "code_list": " AU ", "target_commodity": "Gold", "lon": -115.15265, "lat": 44.94178 }, "geometry": { "type": "Point", "coordinates": [ -115.15265, 44.94178 ] } },
{ "type": "Feature", "properties": { "dep_id": "10168807", "site_name": "Copper King Mine", "dev_stat": "Prospect", "code_list": " AU CU ", "target_commodity": "Gold", "lon": -114.80874, "lat": 44.80738 }, "geometry": { "type": "Point", "coordinates": [ -114.80874, 44.80738 ] } },
{ "type": "Feature", "properties": { "dep_id": "10168813", "site_name": "Upper Leggett Prospect No. 1", "dev_stat": "Occurrence", "code_list": " AU ", "target_commodity": "Gold", "lon": -115.68019, "lat": 45.86707 }, "geometry": { "type": "Point", "coordinates": [ -115.68019, 45.86707 ] } },
{ "type": "Feature", "properties": { "dep_id": "10168847", "site_name": "Lucky Boy Placer", "dev_stat": "Prospect", "code_list": " AG AU ", "target_commodity": "Gold", "lon": -115.25036, "lat": 44.86848 }, "geometry": { "type": "Point", "coordinates": [ -115.25036, 44.86848 ] } },
{ "type": "Feature", "properties": { "dep_id": "10168850", "site_name": "Lion Prospect", "dev_stat": "Prospect", "code_list": " AU AG ", "target_commodity": "Gold", "lon": -115.15455, "lat": 44.97048 }, "geometry": { "type": "Point", "coordinates": [ -115.15455, 44.97048 ] } },
{ "type": "Feature", "properties": { "dep_id": "10168852", "site_name": "Silver Eagle Mine", "dev_stat": "Past Producer", "code_list": " AU AG ", "target_commodity": "Gold", "lon": -115.66627, "lat": 45.20047 }, "geometry": { "type": "Point", "coordinates": [ -115.66627, 45.20047 ] } },
{ "type": "Feature", "properties": { "dep_id": "10168853", "site_name": "Badger Mine", "dev_stat": "Past Producer", "code_list": " AU ", "target_commodity": "Gold", "lon": -115.52178, "lat": 45.66317 }, "geometry": { "type": "Point", "coordinates": [ -115.52178, 45.66317 ] } },
{ "type": "Feature", "properties": { "dep_id": "10168856", "site_name": "Monday", "dev_stat": "Occurrence", "code_list": " AU SB ", "target_commodity": "Gold", "lon": -115.33766, "lat": 44.92378 }, "geometry": { "type": "Point", "coordinates": [ -115.33766, 44.92378 ] } },
{ "type": "Feature", "properties": { "dep_id": "10168870", "site_name": "Buffalo Group", "dev_stat": "Prospect", "code_list": " AU ", "target_commodity": "Gold", "lon": -115.22155, "lat": 44.90178 }, "geometry": { "type": "Point", "coordinates": [ -115.22155, 44.90178 ] } },
{ "type": "Feature", "properties": { "dep_id": "10168886", "site_name": "Carpenters Gulch Placer", "dev_stat": "Prospect", "code_list": " AU ", "target_commodity": "Gold", "lon": -115.13736, "lat": 45.16988 }, "geometry": { "type": "Point", "coordinates": [ -115.13736, 45.16988 ] } },
{ "type": "Feature", "properties": { "dep_id": "10168888", "site_name": "Diamond Creek Prospect", "dev_stat": "Prospect", "code_list": " AU FE ", "target_commodity": "Gold", "lon": -115.16236, "lat": 45.15408 }, "geometry": { "type": "Point", "coordinates": [ -115.16236, 45.15408 ] } },
{ "type": "Feature", "properties": { "dep_id": "10168926", "site_name": "Ontario", "dev_stat": "Past Producer", "code_list": " AU PB ", "target_commodity": "Gold", "lon": -115.46767, "lat": 45.54267 }, "geometry": { "type": "Point", "coordinates": [ -115.46767, 45.54267 ] } },
{ "type": "Feature", "properties": { "dep_id": "10168954", "site_name": "Independence", "dev_stat": "Occurrence", "code_list": " AU ", "target_commodity": "Gold", "lon": -115.39316, "lat": 45.15378 }, "geometry": { "type": "Point", "coordinates": [ -115.39316, 45.15378 ] } },
{ "type": "Feature", "properties": { "dep_id": "10168969", "site_name": "Little Cottonwood Creek Prospect", "dev_stat": "Occurrence", "code_list": " AU AG ", "target_commodity": "Gold", "lon": -115.05375, "lat": 44.92348 }, "geometry": { "type": "Point", "coordinates": [ -115.05375, 44.92348 ] } },
{ "type": "Feature", "properties": { "dep_id": "10168973", "site_name": "Copper King", "dev_stat": "Occurrence", "code_list": " AU SB ", "target_commodity": "Gold", "lon": -115.48096, "lat": 44.94208 }, "geometry": { "type": "Point", "coordinates": [ -115.48096, 44.94208 ] } },
{ "type": "Feature", "properties": { "dep_id": "10168991", "site_name": "Blue Jay Claims", "dev_stat": "Past Producer", "code_list": " CU AU ", "target_commodity": "Gold", "lon": -114.28233, "lat": 45.44408 }, "geometry": { "type": "Point", "coordinates": [ -114.28233, 45.44408 ] } },
{ "type": "Feature", "properties": { "dep_id": "10168999", "site_name": "Jerico Claim", "dev_stat": "Prospect", "code_list": " AU CU ", "target_commodity": "Gold", "lon": -115.25486, "lat": 44.86178 }, "geometry": { "type": "Point", "coordinates": [ -115.25486, 44.86178 ] } },
{ "type": "Feature", "properties": { "dep_id": "10169027", "site_name": "Grassy Flat Bar", "dev_stat": "Occurrence", "code_list": " AU ZR ", "target_commodity": "Gold", "lon": -114.75314, "lat": 45.03628 }, "geometry": { "type": "Point", "coordinates": [ -114.75314, 45.03628 ] } },
{ "type": "Feature", "properties": { "dep_id": "10169043", "site_name": "Bandit", "dev_stat": "Occurrence", "code_list": " AU ", "target_commodity": "Gold", "lon": -115.63207, "lat": 45.06377 }, "geometry": { "type": "Point", "coordinates": [ -115.63207, 45.06377 ] } },
{ "type": "Feature", "properties": { "dep_id": "10169044", "site_name": "Bayhorse", "dev_stat": "Occurrence", "code_list": " AG AU ", "target_commodity": "Gold", "lon": -116.03849, "lat": 45.49207 }, "geometry": { "type": "Point", "coordinates": [ -116.03849, 45.49207 ] } },
{ "type": "Feature", "properties": { "dep_id": "10169045", "site_name": "Idaho Primitive Area.", "dev_stat": "Prospect", "code_list": " AU ", "target_commodity": "Gold", "lon": -114.80485, "lat": 45.11818 }, "geometry": { "type": "Point", "coordinates": [ -114.80485, 45.11818 ] } },
{ "type": "Feature", "properties": { "dep_id": "10169046", "site_name": "Rich Gulch", "dev_stat": "Occurrence", "code_list": " AU ", "target_commodity": "Gold", "lon": -115.74678, "lat": 45.37677 }, "geometry": { "type": "Point", "coordinates": [ -115.74678, 45.37677 ] } },
{ "type": "Feature", "properties": { "dep_id": "10169068", "site_name": "Tiffany", "dev_stat": "Past Producer", "code_list": " AU AG ", "target_commodity": "Gold", "lon": -115.64657, "lat": 45.24627 }, "geometry": { "type": "Point", "coordinates": [ -115.64657, 45.24627 ] } },
{ "type": "Feature", "properties": { "dep_id": "10169072", "site_name": "Madam Queen", "dev_stat": "Occurrence", "code_list": " CU AU ", "target_commodity": "Gold", "lon": -115.32376, "lat": 44.94238 }, "geometry": { "type": "Point", "coordinates": [ -115.32376, 44.94238 ] } },
{ "type": "Feature", "properties": { "dep_id": "10169097", "site_name": "Red Mountain", "dev_stat": "Prospect", "code_list": " AU ", "target_commodity": "Gold", "lon": -115.46816, "lat": 45.00268 }, "geometry": { "type": "Point", "coordinates": [ -115.46816, 45.00268 ] } },
{ "type": "Feature", "properties": { "dep_id": "10169103", "site_name": "Wickeup Placer Claim", "dev_stat": "Prospect", "code_list": " AU ", "target_commodity": "Gold", "lon": -115.03985, "lat": 45.05958 }, "geometry": { "type": "Point", "coordinates": [ -115.03985, 45.05958 ] } },
{ "type": "Feature", "properties": { "dep_id": "10169106", "site_name": "Doris K.", "dev_stat": "Prospect", "code_list": " SB AU ", "target_commodity": "Gold", "lon": -115.30656, "lat": 44.90488 }, "geometry": { "type": "Point", "coordinates": [ -115.30656, 44.90488 ] } },
{ "type": "Feature", "properties": { "dep_id": "10169117", "site_name": "Big Bend # 1 and 2", "dev_stat": "Unknown", "code_list": " AU ", "target_commodity": "Gold", "lon": -115.70877, "lat": 44.86927 }, "geometry": { "type": "Point", "coordinates": [ -115.70877, 44.86927 ] } },
{ "type": "Feature", "properties": { "dep_id": "10169139", "site_name": "Hold Out Prospect", "dev_stat": "Occurrence", "code_list": " AU AG ", "target_commodity": "Gold", "lon": -115.15065, "lat": 44.92238 }, "geometry": { "type": "Point", "coordinates": [ -115.15065, 44.92238 ] } },
{ "type": "Feature", "properties": { "dep_id": "10169152", "site_name": "Several Pits Prospects", "dev_stat": "Prospect", "code_list": " AU CU ", "target_commodity": "Gold", "lon": -115.37956, "lat": 44.81318 }, "geometry": { "type": "Point", "coordinates": [ -115.37956, 44.81318 ] } },
{ "type": "Feature", "properties": { "dep_id": "10169160", "site_name": "Forney # 1 and 2", "dev_stat": "Unknown", "code_list": " AU SN ", "target_commodity": "Gold", "lon": -114.28703, "lat": 44.98429 }, "geometry": { "type": "Point", "coordinates": [ -114.28703, 44.98429 ] } },
{ "type": "Feature", "properties": { "dep_id": "10169164", "site_name": "Snowdrift Prospect", "dev_stat": "Prospect", "code_list": " AU AG ", "target_commodity": "Gold", "lon": -115.35016, "lat": 45.21378 }, "geometry": { "type": "Point", "coordinates": [ -115.35016, 45.21378 ] } },
{ "type": "Feature", "properties": { "dep_id": "10169185", "site_name": "Phonolite Group", "dev_stat": "Prospect", "code_list": " AU AG ", "target_commodity": "Gold", "lon": -115.18065, "lat": 44.97018 }, "geometry": { "type": "Point", "coordinates": [ -115.18065, 44.97018 ] } },
{ "type": "Feature", "properties": { "dep_id": "10169190", "site_name": "Boulder", "dev_stat": "Past Producer", "code_list": " AU PB ", "target_commodity": "Gold", "lon": -114.30403, "lat": 45.36518 }, "geometry": { "type": "Point", "coordinates": [ -114.30403, 45.36518 ] } },
{ "type": "Feature", "properties": { "dep_id": "10169193", "site_name": "Lost Cabin", "dev_stat": "Prospect", "code_list": " AU ", "target_commodity": "Gold", "lon": -115.39766, "lat": 45.15738 }, "geometry": { "type": "Point", "coordinates": [ -115.39766, 45.15738 ] } },
{ "type": "Feature", "properties": { "dep_id": "10169200", "site_name": "Phoenix Fraction", "dev_stat": "Occurrence", "code_list": " AU ", "target_commodity": "Gold", "lon": -115.68038, "lat": 45.58987 }, "geometry": { "type": "Point", "coordinates": [ -115.68038, 45.58987 ] } },
{ "type": "Feature", "properties": { "dep_id": "10169208", "site_name": "Two Friends Claim", "dev_stat": "Prospect", "code_list": " CU AU ", "target_commodity": "Gold", "lon": -115.06455, "lat": 45.15048 }, "geometry": { "type": "Point", "coordinates": [ -115.06455, 45.15048 ] } },
{ "type": "Feature", "properties": { "dep_id": "10169212", "site_name": "Lower Kimmel Creek Prospect", "dev_stat": "Occurrence", "code_list": " AU CU ", "target_commodity": "Gold", "lon": -115.43157, "lat": 45.16958 }, "geometry": { "type": "Point", "coordinates": [ -115.43157, 45.16958 ] } },
{ "type": "Feature", "properties": { "dep_id": "10169217", "site_name": "Unnamed Placer", "dev_stat": "Occurrence", "code_list": " AU ", "target_commodity": "Gold", "lon": -114.55924, "lat": 45.04298 }, "geometry": { "type": "Point", "coordinates": [ -114.55924, 45.04298 ] } },
{ "type": "Feature", "properties": { "dep_id": "10169226", "site_name": "Idaho Primitive Area.", "dev_stat": "Occurrence", "code_list": " AU AG ", "target_commodity": "Gold", "lon": -115.07015, "lat": 44.96928 }, "geometry": { "type": "Point", "coordinates": [ -115.07015, 44.96928 ] } },
{ "type": "Feature", "properties": { "dep_id": "10169263", "site_name": "Atlas", "dev_stat": "Past Producer", "code_list": " AU ", "target_commodity": "Gold", "lon": -115.68038, "lat": 45.58987 }, "geometry": { "type": "Point", "coordinates": [ -115.68038, 45.58987 ] } },
{ "type": "Feature", "properties": { "dep_id": "10169274", "site_name": "Dell", "dev_stat": "Unknown", "code_list": " AU ", "target_commodity": "Gold", "lon": -114.03563, "lat": 45.53099 }, "geometry": { "type": "Point", "coordinates": [ -114.03563, 45.53099 ] } },
{ "type": "Feature", "properties": { "dep_id": "10169275", "site_name": "Logan Creek Group", "dev_stat": "Prospect", "code_list": " AU ", "target_commodity": "Gold", "lon": -115.42376, "lat": 45.11318 }, "geometry": { "type": "Point", "coordinates": [ -115.42376, 45.11318 ] } },
{ "type": "Feature", "properties": { "dep_id": "10169276", "site_name": "Fairview", "dev_stat": "Occurrence", "code_list": " AU ", "target_commodity": "Gold", "lon": -115.11485, "lat": 44.98768 }, "geometry": { "type": "Point", "coordinates": [ -115.11485, 44.98768 ] } },
{ "type": "Feature", "properties": { "dep_id": "10169314", "site_name": "Idaho Comstock", "dev_stat": "Past Producer", "code_list": " AG AU ", "target_commodity": "Gold", "lon": -115.43157, "lat": 45.52207 }, "geometry": { "type": "Point", "coordinates": [ -115.43157, 45.52207 ] } },
{ "type": "Feature", "properties": { "dep_id": "10169315", "site_name": "Big Creek Gold Mines Placer", "dev_stat": "Unknown", "code_list": " AU ", "target_commodity": "Gold", "lon": -115.33036, "lat": 45.10318 }, "geometry": { "type": "Point", "coordinates": [ -115.33036, 45.10318 ] } },
{ "type": "Feature", "properties": { "dep_id": "10169316", "site_name": "North Fork Prospect", "dev_stat": "Occurrence", "code_list": " AU AG ", "target_commodity": "Gold", "lon": -115.13905, "lat": 44.94238 }, "geometry": { "type": "Point", "coordinates": [ -115.13905, 44.94238 ] } },
{ "type": "Feature", "properties": { "dep_id": "10169326", "site_name": "Big Cr. Placers", "dev_stat": "Occurrence", "code_list": " AU ", "target_commodity": "Gold", "lon": -115.24016, "lat": 45.16068 }, "geometry": { "type": "Point", "coordinates": [ -115.24016, 45.16068 ] } },
{ "type": "Feature", "properties": { "dep_id": "10169341", "site_name": "Wallace-Mitchell", "dev_stat": "Occurrence", "code_list": " AU ", "target_commodity": "Gold", "lon": -115.41566, "lat": 45.05768 }, "geometry": { "type": "Point", "coordinates": [ -115.41566, 45.05768 ] } },
{ "type": "Feature", "properties": { "dep_id": "10169382", "site_name": "Pearl Prospect", "dev_stat": "Occurrence", "code_list": " AU AG ", "target_commodity": "Gold", "lon": -115.15675, "lat": 44.92628 }, "geometry": { "type": "Point", "coordinates": [ -115.15675, 44.92628 ] } },
{ "type": "Feature", "properties": { "dep_id": "10169418", "site_name": "Maxwell Mining Co. Mine", "dev_stat": "Prospect", "code_list": " AU ", "target_commodity": "Gold", "lon": -115.83818, "lat": 45.33237 }, "geometry": { "type": "Point", "coordinates": [ -115.83818, 45.33237 ] } },
{ "type": "Feature", "properties": { "dep_id": "10169419", "site_name": "Red Devil", "dev_stat": "Prospect", "code_list": " AU ", "target_commodity": "Gold", "lon": -115.86678, "lat": 45.22847 }, "geometry": { "type": "Point", "coordinates": [ -115.86678, 45.22847 ] } },
{ "type": "Feature", "properties": { "dep_id": "10169427", "site_name": "Devore Claim", "dev_stat": "Past Producer", "code_list": " CU AU ", "target_commodity": "Gold", "lon": -114.05623, "lat": 45.58179 }, "geometry": { "type": "Point", "coordinates": [ -114.05623, 45.58179 ] } },
{ "type": "Feature", "properties": { "dep_id": "10169452", "site_name": "Lost Lake", "dev_stat": "Occurrence", "code_list": " AU ", "target_commodity": "Gold", "lon": -115.68458, "lat": 45.57317 }, "geometry": { "type": "Point", "coordinates": [ -115.68458, 45.57317 ] } },
{ "type": "Feature", "properties": { "dep_id": "10169454", "site_name": "Grubstake", "dev_stat": "Occurrence", "code_list": " AU AG ", "target_commodity": "Gold", "lon": -114.53123, "lat": 44.96408 }, "geometry": { "type": "Point", "coordinates": [ -114.53123, 44.96408 ] } },
{ "type": "Feature", "properties": { "dep_id": "10169458", "site_name": "Red Girl Prospect", "dev_stat": "Prospect", "code_list": " AU AG ", "target_commodity": "Gold", "lon": -115.22566, "lat": 44.95878 }, "geometry": { "type": "Point", "coordinates": [ -115.22566, 44.95878 ] } },
{ "type": "Feature", "properties": { "dep_id": "10169460", "site_name": "Agnes Prospect", "dev_stat": "Prospect", "code_list": " AU AG ", "target_commodity": "Gold", "lon": -115.17875, "lat": 44.96798 }, "geometry": { "type": "Point", "coordinates": [ -115.17875, 44.96798 ] } },
{ "type": "Feature", "properties": { "dep_id": "10169466", "site_name": "Hercules", "dev_stat": "Occurrence", "code_list": " AU ", "target_commodity": "Gold", "lon": -115.41926, "lat": 45.09768 }, "geometry": { "type": "Point", "coordinates": [ -115.41926, 45.09768 ] } },
{ "type": "Feature", "properties": { "dep_id": "10169479", "site_name": "Victory Creek Placer", "dev_stat": "Occurrence", "code_list": " AU ", "target_commodity": "Gold", "lon": -115.59928, "lat": 45.86157 }, "geometry": { "type": "Point", "coordinates": [ -115.59928, 45.86157 ] } },
{ "type": "Feature", "properties": { "dep_id": "10172710", "site_name": "Castle Rock", "dev_stat": "Unknown", "code_list": " AU ", "target_commodity": "Gold", "lon": -114.47154, "lat": 45.71988 }, "geometry": { "type": "Point", "coordinates": [ -114.47154, 45.71988 ] } },
{ "type": "Feature", "properties": { "dep_id": "10172756", "site_name": "Lucky Strike Shaft", "dev_stat": "Unknown", "code_list": " CU AU ", "target_commodity": "Gold", "lon": -114.32814, "lat": 45.56768 }, "geometry": { "type": "Point", "coordinates": [ -114.32814, 45.56768 ] } },
{ "type": "Feature", "properties": { "dep_id": "10173011", "site_name": "Hughs Creek Placer", "dev_stat": "Past Producer", "code_list": " AU SN ", "target_commodity": "Gold", "lon": -114.19763, "lat": 45.61408 }, "geometry": { "type": "Point", "coordinates": [ -114.19763, 45.61408 ] } },
{ "type": "Feature", "properties": { "dep_id": "10183753", "site_name": "Iron Clad", "dev_stat": "Past Producer", "code_list": " CU AU ", "target_commodity": "Gold", "lon": -115.11655, "lat": 45.10678 }, "geometry": { "type": "Point", "coordinates": [ -115.11655, 45.10678 ] } },
{ "type": "Feature", "properties": { "dep_id": "10192388", "site_name": "Little Butte", "dev_stat": "Past Producer", "code_list": " AU AG ", "target_commodity": "Gold", "lon": -115.43068, "lat": 45.81657 }, "geometry": { "type": "Point", "coordinates": [ -115.43068, 45.81657 ] } },
{ "type": "Feature", "properties": { "dep_id": "10192400", "site_name": "Salmon River Placer Co.", "dev_stat": "Past Producer", "code_list": " AU ", "target_commodity": "Gold", "lon": -115.74768, "lat": 45.44207 }, "geometry": { "type": "Point", "coordinates": [ -115.74768, 45.44207 ] } },
{ "type": "Feature", "properties": { "dep_id": "10192401", "site_name": "Gilbert Placer", "dev_stat": "Prospect", "code_list": " AU ", "target_commodity": "Gold", "lon": -115.91038, "lat": 45.37427 }, "geometry": { "type": "Point", "coordinates": [ -115.91038, 45.37427 ] } },
{ "type": "Feature", "properties": { "dep_id": "10192442", "site_name": "Unnamed Location", "dev_stat": "Occurrence", "code_list": " AU ", "target_commodity": "Gold", "lon": -115.63768, "lat": 45.77677 }, "geometry": { "type": "Point", "coordinates": [ -115.63768, 45.77677 ] } },
{ "type": "Feature", "properties": { "dep_id": "10192455", "site_name": "Lucky Wednesday", "dev_stat": "Occurrence", "code_list": " AU CU ", "target_commodity": "Gold", "lon": -114.09783, "lat": 45.56989 }, "geometry": { "type": "Point", "coordinates": [ -114.09783, 45.56989 ] } },
{ "type": "Feature", "properties": { "dep_id": "10192480", "site_name": "Sweet Baby Bagely Placer", "dev_stat": "Past Producer", "code_list": " AU ", "target_commodity": "Gold", "lon": -115.39707, "lat": 45.60657 }, "geometry": { "type": "Point", "coordinates": [ -115.39707, 45.60657 ] } },
{ "type": "Feature", "properties": { "dep_id": "10192515", "site_name": "Unnamed Prospect", "dev_stat": "Prospect", "code_list": " AU ", "target_commodity": "Gold", "lon": -115.51208, "lat": 45.58547 }, "geometry": { "type": "Point", "coordinates": [ -115.51208, 45.58547 ] } },
{ "type": "Feature", "properties": { "dep_id": "10192518", "site_name": "Double Diamond Hitch No. 1", "dev_stat": "Past Producer", "code_list": " AU AG ", "target_commodity": "Gold", "lon": -115.53068, "lat": 45.69927 }, "geometry": { "type": "Point", "coordinates": [ -115.53068, 45.69927 ] } },
{ "type": "Feature", "properties": { "dep_id": "10192568", "site_name": "Comeback Mine", "dev_stat": "Prospect", "code_list": " AU CU ", "target_commodity": "Gold", "lon": -114.50233, "lat": 44.98178 }, "geometry": { "type": "Point", "coordinates": [ -114.50233, 44.98178 ] } },
{ "type": "Feature", "properties": { "dep_id": "10192658", "site_name": "Brown Bear", "dev_stat": "Past Producer", "code_list": " AU CU ", "target_commodity": "Gold", "lon": -114.35763, "lat": 45.13238 }, "geometry": { "type": "Point", "coordinates": [ -114.35763, 45.13238 ] } },
{ "type": "Feature", "properties": { "dep_id": "10192672", "site_name": "Scott", "dev_stat": "Occurrence", "code_list": " AU ", "target_commodity": "Gold", "lon": -115.72348, "lat": 45.25207 }, "geometry": { "type": "Point", "coordinates": [ -115.72348, 45.25207 ] } },
{ "type": "Feature", "properties": { "dep_id": "10192711", "site_name": "Continental", "dev_stat": "Past Producer", "code_list": " AU CU ", "target_commodity": "Gold", "lon": -114.53903, "lat": 44.97598 }, "geometry": { "type": "Point", "coordinates": [ -114.53903, 44.97598 ] } },
{ "type": "Feature", "properties": { "dep_id": "10192730", "site_name": "Unnamed Location", "dev_stat": "Occurrence", "code_list": " AU ", "target_commodity": "Gold", "lon": -114.04312, "lat": 45.22319 }, "geometry": { "type": "Point", "coordinates": [ -114.04312, 45.22319 ] } },
{ "type": "Feature", "properties": { "dep_id": "10192761", "site_name": "Buster Gulch Placer", "dev_stat": "Unknown", "code_list": " AU ", "target_commodity": "Gold", "lon": -114.06403, "lat": 45.38709 }, "geometry": { "type": "Point", "coordinates": [ -114.06403, 45.38709 ] } },
{ "type": "Feature", "properties": { "dep_id": "10192777", "site_name": "Blue Jay Mine/Sterling Silver 1,2,3", "dev_stat": "Past Producer", "code_list": " AU CU ", "target_commodity": "Gold", "lon": -115.65268, "lat": 45.47957 }, "geometry": { "type": "Point", "coordinates": [ -115.65268, 45.47957 ] } },
{ "type": "Feature", "properties": { "dep_id": "10192797", "site_name": "Big Lead Mine", "dev_stat": "Past Producer", "code_list": " AU PB ", "target_commodity": "Gold", "lon": -114.28033, "lat": 45.35678 }, "geometry": { "type": "Point", "coordinates": [ -114.28033, 45.35678 ] } },
{ "type": "Feature", "properties": { "dep_id": "10192809", "site_name": "Corey Bar", "dev_stat": "Prospect", "code_list": " AU FE ", "target_commodity": "Gold", "lon": -114.98956, "lat": 45.49158 }, "geometry": { "type": "Point", "coordinates": [ -114.98956, 45.49158 ] } },
{ "type": "Feature", "properties": { "dep_id": "10192829", "site_name": "Bridge Creek Gold Prospect", "dev_stat": "Occurrence", "code_list": " AU ", "target_commodity": "Gold", "lon": -114.18813, "lat": 45.27049 }, "geometry": { "type": "Point", "coordinates": [ -114.18813, 45.27049 ] } },
{ "type": "Feature", "properties": { "dep_id": "10192883", "site_name": "Buffalo Hill Placer", "dev_stat": "Past Producer", "code_list": " AU ", "target_commodity": "Gold", "lon": -115.47318, "lat": 45.82207 }, "geometry": { "type": "Point", "coordinates": [ -115.47318, 45.82207 ] } },
{ "type": "Feature", "properties": { "dep_id": "10192889", "site_name": "Black Bird", "dev_stat": "Occurrence", "code_list": " AU ", "target_commodity": "Gold", "lon": -114.72124, "lat": 44.91428 }, "geometry": { "type": "Point", "coordinates": [ -114.72124, 44.91428 ] } },
{ "type": "Feature", "properties": { "dep_id": "10192900", "site_name": "Butchke Placer", "dev_stat": "Unknown", "code_list": " AU ", "target_commodity": "Gold", "lon": -114.23513, "lat": 45.18159 }, "geometry": { "type": "Point", "coordinates": [ -114.23513, 45.18159 ] } },
{ "type": "Feature", "properties": { "dep_id": "10192915", "site_name": "Leggett Prospect", "dev_stat": "Occurrence", "code_list": " AU ", "target_commodity": "Gold", "lon": -115.64488, "lat": 45.84797 }, "geometry": { "type": "Point", "coordinates": [ -115.64488, 45.84797 ] } },
{ "type": "Feature", "properties": { "dep_id": "10192921", "site_name": "Midas Placer", "dev_stat": "Past Producer", "code_list": " AU AG ", "target_commodity": "Gold", "lon": -115.47847, "lat": 45.56707 }, "geometry": { "type": "Point", "coordinates": [ -115.47847, 45.56707 ] } },
{ "type": "Feature", "properties": { "dep_id": "10192933", "site_name": "Rock Chuck Placer", "dev_stat": "Occurrence", "code_list": " AU ", "target_commodity": "Gold", "lon": -114.70674, "lat": 45.05548 }, "geometry": { "type": "Point", "coordinates": [ -114.70674, 45.05548 ] } },
{ "type": "Feature", "properties": { "dep_id": "10192937", "site_name": "Vendetta Mine", "dev_stat": "Past Producer", "code_list": " AU ", "target_commodity": "Gold", "lon": -115.53288, "lat": 45.69547 }, "geometry": { "type": "Point", "coordinates": [ -115.53288, 45.69547 ] } },
{ "type": "Feature", "properties": { "dep_id": "10192986", "site_name": "Bear Gulch Placer", "dev_stat": "Unknown", "code_list": " AU ", "target_commodity": "Gold", "lon": -114.39814, "lat": 45.30378 }, "geometry": { "type": "Point", "coordinates": [ -114.39814, 45.30378 ] } },
{ "type": "Feature", "properties": { "dep_id": "10193015", "site_name": "Anaconda", "dev_stat": "Past Producer", "code_list": " AU PB ", "target_commodity": "Gold", "lon": -115.65878, "lat": 45.84347 }, "geometry": { "type": "Point", "coordinates": [ -115.65878, 45.84347 ] } },
{ "type": "Feature", "properties": { "dep_id": "10193026", "site_name": "Calumet Mine", "dev_stat": "Past Producer", "code_list": " AU ", "target_commodity": "Gold", "lon": -115.71678, "lat": 45.31177 }, "geometry": { "type": "Point", "coordinates": [ -115.71678, 45.31177 ] } },
{ "type": "Feature", "properties": { "dep_id": "10193027", "site_name": "Sadie H No. 1 Prospect", "dev_stat": "Prospect", "code_list": " AU ", "target_commodity": "Gold", "lon": -115.52038, "lat": 45.66097 }, "geometry": { "type": "Point", "coordinates": [ -115.52038, 45.66097 ] } },
{ "type": "Feature", "properties": { "dep_id": "10193032", "site_name": "Little Occo", "dev_stat": "Occurrence", "code_list": " AU ", "target_commodity": "Gold", "lon": -115.53488, "lat": 45.73517 }, "geometry": { "type": "Point", "coordinates": [ -115.53488, 45.73517 ] } },
{ "type": "Feature", "properties": { "dep_id": "10193042", "site_name": "Lola", "dev_stat": "Occurrence", "code_list": " AG AU ", "target_commodity": "Gold", "lon": -115.46677, "lat": 45.57597 }, "geometry": { "type": "Point", "coordinates": [ -115.46677, 45.57597 ] } },
{ "type": "Feature", "properties": { "dep_id": "10193060", "site_name": "Unknown Mill", "dev_stat": "Past Producer", "code_list": " AU ", "target_commodity": "Gold", "lon": -115.81568, "lat": 45.38207 }, "geometry": { "type": "Point", "coordinates": [ -115.81568, 45.38207 ] } },
{ "type": "Feature", "properties": { "dep_id": "10193071", "site_name": "Humboldt Mine", "dev_stat": "Past Producer", "code_list": " AU ", "target_commodity": "Gold", "lon": -115.80908, "lat": 45.33267 }, "geometry": { "type": "Point", "coordinates": [ -115.80908, 45.33267 ] } },
{ "type": "Feature", "properties": { "dep_id": "10193081", "site_name": "Heatherington Placer", "dev_stat": "Occurrence", "code_list": " AU ", "target_commodity": "Gold", "lon": -114.7281, "lat": 44.8936 }, "geometry": { "type": "Point", "coordinates": [ -114.7281, 44.8936 ] } },
{ "type": "Feature", "properties": { "dep_id": "10193138", "site_name": "New Era Vein", "dev_stat": "Past Producer", "code_list": " AU ", "target_commodity": "Gold", "lon": -115.69428, "lat": 45.24047 }, "geometry": { "type": "Point", "coordinates": [ -115.69428, 45.24047 ] } },
{ "type": "Feature", "properties": { "dep_id": "10193162", "site_name": "California", "dev_stat": "Past Producer", "code_list": " AU ", "target_commodity": "Gold", "lon": -115.66708, "lat": 45.58127 }, "geometry": { "type": "Point", "coordinates": [ -115.66708, 45.58127 ] } },
{ "type": "Feature", "properties": { "dep_id": "10193213", "site_name": "Placer Lake Prospect", "dev_stat": "Prospect", "code_list": " AU ", "target_commodity": "Gold", "lon": -115.35456, "lat": 45.16568 }, "geometry": { "type": "Point", "coordinates": [ -115.35456, 45.16568 ] } },
{ "type": "Feature", "properties": { "dep_id": "10193216", "site_name": "Point Placer", "dev_stat": "Prospect", "code_list": " AU ", "target_commodity": "Gold", "lon": -114.84455, "lat": 45.10208 }, "geometry": { "type": "Point", "coordinates": [ -114.84455, 45.10208 ] } },
{ "type": "Feature", "properties": { "dep_id": "10193267", "site_name": "Payboy Group", "dev_stat": "Prospect", "code_list": " AU AG ", "target_commodity": "Gold", "lon": -115.15205, "lat": 44.95908 }, "geometry": { "type": "Point", "coordinates": [ -115.15205, 44.95908 ] } },
{ "type": "Feature", "properties": { "dep_id": "10193287", "site_name": "Lost Fawn Claim", "dev_stat": "Prospect", "code_list": " AG AU ", "target_commodity": "Gold", "lon": -115.08315, "lat": 45.11018 }, "geometry": { "type": "Point", "coordinates": [ -115.08315, 45.11018 ] } },
{ "type": "Feature", "properties": { "dep_id": "10193321", "site_name": "Lark Prospect", "dev_stat": "Occurrence", "code_list": " AU AG ", "target_commodity": "Gold", "lon": -115.14785, "lat": 44.92428 }, "geometry": { "type": "Point", "coordinates": [ -115.14785, 44.92428 ] } },
{ "type": "Feature", "properties": { "dep_id": "10193330", "site_name": "Ladwick Group", "dev_stat": "Occurrence", "code_list": " AU ", "target_commodity": "Gold", "lon": -115.40596, "lat": 45.09548 }, "geometry": { "type": "Point", "coordinates": [ -115.40596, 45.09548 ] } },
{ "type": "Feature", "properties": { "dep_id": "10193371", "site_name": "Lookout Ridge", "dev_stat": "Occurrence", "code_list": " AU AG ", "target_commodity": "Gold", "lon": -115.07035, "lat": 44.98878 }, "geometry": { "type": "Point", "coordinates": [ -115.07035, 44.98878 ] } },
{ "type": "Feature", "properties": { "dep_id": "10193396", "site_name": "Golden Coin Group", "dev_stat": "Prospect", "code_list": " AU AG ", "target_commodity": "Gold", "lon": -115.14735, "lat": 44.93708 }, "geometry": { "type": "Point", "coordinates": [ -115.14735, 44.93708 ] } },
{ "type": "Feature", "properties": { "dep_id": "10193397", "site_name": "Marble Creek Placers", "dev_stat": "Occurrence", "code_list": " AU AG ", "target_commodity": "Gold", "lon": -115.10065, "lat": 44.93798 }, "geometry": { "type": "Point", "coordinates": [ -115.10065, 44.93798 ] } },
{ "type": "Feature", "properties": { "dep_id": "10193400", "site_name": "Mitchell-Mccalla", "dev_stat": "Occurrence", "code_list": " AU AG ", "target_commodity": "Gold", "lon": -115.35206, "lat": 45.11158 }, "geometry": { "type": "Point", "coordinates": [ -115.35206, 45.11158 ] } },
{ "type": "Feature", "properties": { "dep_id": "10193410", "site_name": "Mac Placer Nos. 1 and 2", "dev_stat": "Unknown", "code_list": " AU ", "target_commodity": "Gold", "lon": -115.12015, "lat": 45.06708 }, "geometry": { "type": "Point", "coordinates": [ -115.12015, 45.06708 ] } },
{ "type": "Feature", "properties": { "dep_id": "10193412", "site_name": "Gold Nugget Prospect", "dev_stat": "Occurrence", "code_list": " AU AG ", "target_commodity": "Gold", "lon": -115.15175, "lat": 44.92988 }, "geometry": { "type": "Point", "coordinates": [ -115.15175, 44.92988 ] } },
{ "type": "Feature", "properties": { "dep_id": "10193426", "site_name": "Deckie Prospect", "dev_stat": "Prospect", "code_list": " CU AU ", "target_commodity": "Gold", "lon": -114.72654, "lat": 45.03128 }, "geometry": { "type": "Point", "coordinates": [ -114.72654, 45.03128 ] } },
{ "type": "Feature", "properties": { "dep_id": "10193448", "site_name": "Palmetto Claim", "dev_stat": "Prospect", "code_list": " AU SB ", "target_commodity": "Gold", "lon": -115.40766, "lat": 45.05818 }, "geometry": { "type": "Point", "coordinates": [ -115.40766, 45.05818 ] } },
{ "type": "Feature", "properties": { "dep_id": "10193483", "site_name": "Unknown Prospect", "dev_stat": "Prospect", "code_list": " AG AU ", "target_commodity": "Gold", "lon": -115.24206, "lat": 44.88658 }, "geometry": { "type": "Point", "coordinates": [ -115.24206, 44.88658 ] } },
{ "type": "Feature", "properties": { "dep_id": "10193487", "site_name": "Sunset", "dev_stat": "Prospect", "code_list": " AU ", "target_commodity": "Gold", "lon": -115.41346, "lat": 45.03958 }, "geometry": { "type": "Point", "coordinates": [ -115.41346, 45.03958 ] } },
{ "type": "Feature", "properties": { "dep_id": "10193516", "site_name": "Gold King", "dev_stat": "Occurrence", "code_list": " AU ", "target_commodity": "Gold", "lon": -115.40376, "lat": 45.13598 }, "geometry": { "type": "Point", "coordinates": [ -115.40376, 45.13598 ] } },
{ "type": "Feature", "properties": { "dep_id": "10193569", "site_name": "Rush Creek Placer Group", "dev_stat": "Prospect", "code_list": " AU ", "target_commodity": "Gold", "lon": -115.00515, "lat": 45.05428 }, "geometry": { "type": "Point", "coordinates": [ -115.00515, 45.05428 ] } },
{ "type": "Feature", "properties": { "dep_id": "10193585", "site_name": "Bluebird Prospect", "dev_stat": "Prospect", "code_list": " AU AG ", "target_commodity": "Gold", "lon": -115.15905, "lat": 44.96098 }, "geometry": { "type": "Point", "coordinates": [ -115.15905, 44.96098 ] } },
{ "type": "Feature", "properties": { "dep_id": "10193589", "site_name": "Sunnyside", "dev_stat": "Plant", "code_list": " AU AG ", "target_commodity": "Gold", "lon": -115.13155, "lat": 44.95458 }, "geometry": { "type": "Point", "coordinates": [ -115.13155, 44.95458 ] } },
{ "type": "Feature", "properties": { "dep_id": "10193594", "site_name": "Red Bluff Group", "dev_stat": "Prospect", "code_list": " AU AG ", "target_commodity": "Gold", "lon": -115.21206, "lat": 44.97658 }, "geometry": { "type": "Point", "coordinates": [ -115.21206, 44.97658 ] } },
{ "type": "Feature", "properties": { "dep_id": "10193598", "site_name": "Hurricane Eagle Prospect", "dev_stat": "Prospect", "code_list": " AU AG ", "target_commodity": "Gold", "lon": -115.15065, "lat": 44.94708 }, "geometry": { "type": "Point", "coordinates": [ -115.15065, 44.94708 ] } },
{ "type": "Feature", "properties": { "dep_id": "10193606", "site_name": "Nat Lode", "dev_stat": "Unknown", "code_list": " AU ", "target_commodity": "Gold", "lon": -115.14876, "lat": 45.15068 }, "geometry": { "type": "Point", "coordinates": [ -115.14876, 45.15068 ] } },
{ "type": "Feature", "properties": { "dep_id": "10193610", "site_name": "Black and White Prospect", "dev_stat": "Prospect", "code_list": " AU CU ", "target_commodity": "Gold", "lon": -115.16346, "lat": 45.18068 }, "geometry": { "type": "Point", "coordinates": [ -115.16346, 45.18068 ] } },
{ "type": "Feature", "properties": { "dep_id": "10193642", "site_name": "West Fork Monumental Creek Placer", "dev_stat": "Prospect", "code_list": " AU ", "target_commodity": "Gold", "lon": -115.14675, "lat": 45.00348 }, "geometry": { "type": "Point", "coordinates": [ -115.14675, 45.00348 ] } },
{ "type": "Feature", "properties": { "dep_id": "10193683", "site_name": "Mountain View Group", "dev_stat": "Prospect", "code_list": " AU ", "target_commodity": "Gold", "lon": -115.04515, "lat": 44.86798 }, "geometry": { "type": "Point", "coordinates": [ -115.04515, 44.86798 ] } },
{ "type": "Feature", "properties": { "dep_id": "10193699", "site_name": "Tulluride Prospect", "dev_stat": "Occurrence", "code_list": " AU ", "target_commodity": "Gold", "lon": -115.19405, "lat": 44.95678 }, "geometry": { "type": "Point", "coordinates": [ -115.19405, 44.95678 ] } },
{ "type": "Feature", "properties": { "dep_id": "10193710", "site_name": "Copper Camp Flat Placer", "dev_stat": "Prospect", "code_list": " AU ", "target_commodity": "Gold", "lon": -115.19736, "lat": 45.17238 }, "geometry": { "type": "Point", "coordinates": [ -115.19736, 45.17238 ] } },
{ "type": "Feature", "properties": { "dep_id": "10193713", "site_name": "Gilt Edge Group", "dev_stat": "Prospect", "code_list": " AU AG ", "target_commodity": "Gold", "lon": -115.06205, "lat": 45.06268 }, "geometry": { "type": "Point", "coordinates": [ -115.06205, 45.06268 ] } },
{ "type": "Feature", "properties": { "dep_id": "10193737", "site_name": "Hermit Prospect", "dev_stat": "Prospect", "code_list": " AU AG ", "target_commodity": "Gold", "lon": -115.19815, "lat": 44.95128 }, "geometry": { "type": "Point", "coordinates": [ -115.19815, 44.95128 ] } },
{ "type": "Feature", "properties": { "dep_id": "10193739", "site_name": "Yellowstone Kid No. 1-2", "dev_stat": "Prospect", "code_list": " AU ", "target_commodity": "Gold", "lon": -115.31206, "lat": 45.13768 }, "geometry": { "type": "Point", "coordinates": [ -115.31206, 45.13768 ] } },
{ "type": "Feature", "properties": { "dep_id": "10193750", "site_name": "Prospects North of Lotspiech", "dev_stat": "Past Producer", "code_list": " AU ", "target_commodity": "Gold", "lon": -115.40626, "lat": 45.05018 }, "geometry": { "type": "Point", "coordinates": [ -115.40626, 45.05018 ] } },
{ "type": "Feature", "properties": { "dep_id": "10193772", "site_name": "M & M", "dev_stat": "Prospect", "code_list": " AU ", "target_commodity": "Gold", "lon": -115.42316, "lat": 45.05158 }, "geometry": { "type": "Point", "coordinates": [ -115.42316, 45.05158 ] } },
{ "type": "Feature", "properties": { "dep_id": "10193773", "site_name": "Survey Creek Placer", "dev_stat": "Occurrence", "code_list": " AU CU ", "target_commodity": "Gold", "lon": -114.72874, "lat": 45.05268 }, "geometry": { "type": "Point", "coordinates": [ -114.72874, 45.05268 ] } },
{ "type": "Feature", "properties": { "dep_id": "10193787", "site_name": "Skookum Claim", "dev_stat": "Occurrence", "code_list": " AU ", "target_commodity": "Gold", "lon": -114.99175, "lat": 45.05348 }, "geometry": { "type": "Point", "coordinates": [ -114.99175, 45.05348 ] } },
{ "type": "Feature", "properties": { "dep_id": "10193806", "site_name": "Blain", "dev_stat": "Occurrence", "code_list": " AU ", "target_commodity": "Gold", "lon": -115.34596, "lat": 45.08048 }, "geometry": { "type": "Point", "coordinates": [ -115.34596, 45.08048 ] } },
{ "type": "Feature", "properties": { "dep_id": "10193817", "site_name": "Big Sunflower Claim", "dev_stat": "Prospect", "code_list": " AU CU ", "target_commodity": "Gold", "lon": -115.16876, "lat": 45.17878 }, "geometry": { "type": "Point", "coordinates": [ -115.16876, 45.17878 ] } },
{ "type": "Feature", "properties": { "dep_id": "10193824", "site_name": "Unknown", "dev_stat": "Occurrence", "code_list": " AU ", "target_commodity": "Gold", "lon": -115.35456, "lat": 45.03878 }, "geometry": { "type": "Point", "coordinates": [ -115.35456, 45.03878 ] } },
{ "type": "Feature", "properties": { "dep_id": "10193839", "site_name": "Boulder Creek Prospect", "dev_stat": "Prospect", "code_list": " AU ", "target_commodity": "Gold", "lon": -115.22426, "lat": 44.92518 }, "geometry": { "type": "Point", "coordinates": [ -115.22426, 44.92518 ] } },
{ "type": "Feature", "properties": { "dep_id": "10193901", "site_name": "Twentieth Century", "dev_stat": "Occurrence", "code_list": " AU ", "target_commodity": "Gold", "lon": -115.19035, "lat": 44.94518 }, "geometry": { "type": "Point", "coordinates": [ -115.19035, 44.94518 ] } },
{ "type": "Feature", "properties": { "dep_id": "10193935", "site_name": "Allison", "dev_stat": "Occurrence", "code_list": " AG AU ", "target_commodity": "Gold", "lon": -115.40766, "lat": 45.04818 }, "geometry": { "type": "Point", "coordinates": [ -115.40766, 45.04818 ] } },
{ "type": "Feature", "properties": { "dep_id": "10193938", "site_name": "Monumental Creek Placers", "dev_stat": "Unknown", "code_list": " AU ", "target_commodity": "Gold", "lon": -115.19155, "lat": 44.93958 }, "geometry": { "type": "Point", "coordinates": [ -115.19155, 44.93958 ] } },
{ "type": "Feature", "properties": { "dep_id": "10193944", "site_name": "Black Metals", "dev_stat": "Prospect", "code_list": " AU ", "target_commodity": "Gold", "lon": -115.44956, "lat": 45.04458 }, "geometry": { "type": "Point", "coordinates": [ -115.44956, 45.04458 ] } },
{ "type": "Feature", "properties": { "dep_id": "10193950", "site_name": "Acorn Butte No. 4 Prospect", "dev_stat": "Prospect", "code_list": " AU CU ", "target_commodity": "Gold", "lon": -115.10096, "lat": 45.17458 }, "geometry": { "type": "Point", "coordinates": [ -115.10096, 45.17458 ] } },
{ "type": "Feature", "properties": { "dep_id": "10197178", "site_name": "Copper Canyon Mine", "dev_stat": "Past Producer", "code_list": " AU CU ", "target_commodity": "Gold", "lon": -114.33704, "lat": 45.55908 }, "geometry": { "type": "Point", "coordinates": [ -114.33704, 45.55908 ] } },
{ "type": "Feature", "properties": { "dep_id": "10197383", "site_name": "High-Level Placers Hughes Creek", "dev_stat": "Past Producer", "code_list": " AU ", "target_commodity": "Gold", "lon": -114.15533, "lat": 45.61239 }, "geometry": { "type": "Point", "coordinates": [ -114.15533, 45.61239 ] } },
{ "type": "Feature", "properties": { "dep_id": "10197701", "site_name": "Star", "dev_stat": "Past Producer", "code_list": " AU ", "target_commodity": "Gold", "lon": -114.29674, "lat": 45.92848 }, "geometry": { "type": "Point", "coordinates": [ -114.29674, 45.92848 ] } },
{ "type": "Feature", "properties": { "dep_id": "10197747", "site_name": "Hughes Creek Placer", "dev_stat": "Past Producer", "code_list": " AU ", "target_commodity": "Gold", "lon": -114.12813, "lat": 45.61799 }, "geometry": { "type": "Point", "coordinates": [ -114.12813, 45.61799 ] } },
{ "type": "Feature", "properties": { "dep_id": "10197766", "site_name": "Lbj, Pic and Per Group", "dev_stat": "Unknown", "code_list": " AU ", "target_commodity": "Gold", "lon": -114.34204, "lat": 45.67658 }, "geometry": { "type": "Point", "coordinates": [ -114.34204, 45.67658 ] } },
{ "type": "Feature", "properties": { "dep_id": "10197782", "site_name": "Violet Group", "dev_stat": "Prospect", "code_list": " MO AU ", "target_commodity": "Gold", "lon": -114.30139, "lat": 45.475 }, "geometry": { "type": "Point", "coordinates": [ -114.30139, 45.475 ] } },
{ "type": "Feature", "properties": { "dep_id": "10197833", "site_name": "Highland Mine", "dev_stat": "Past Producer", "code_list": " CU AU ", "target_commodity": "Gold", "lon": -114.23984, "lat": 45.67628 }, "geometry": { "type": "Point", "coordinates": [ -114.23984, 45.67628 ] } },
{ "type": "Feature", "properties": { "dep_id": "10207427", "site_name": "Kennedy", "dev_stat": "Occurrence", "code_list": " CU AU ", "target_commodity": "Gold", "lon": -115.31096, "lat": 44.94488 }, "geometry": { "type": "Point", "coordinates": [ -115.31096, 44.94488 ] } },
{ "type": "Feature", "properties": { "dep_id": "10207739", "site_name": "Bell's Bar # 1-3", "dev_stat": "Unknown", "code_list": " AU ", "target_commodity": "Gold", "lon": -115.70817, "lat": 44.86847 }, "geometry": { "type": "Point", "coordinates": [ -115.70817, 44.86847 ] } },
{ "type": "Feature", "properties": { "dep_id": "10216513", "site_name": "War Eagle Mine", "dev_stat": "Past Producer", "code_list": " AU CU ", "target_commodity": "Gold", "lon": -115.61128, "lat": 45.48297 }, "geometry": { "type": "Point", "coordinates": [ -115.61128, 45.48297 ] } },
{ "type": "Feature", "properties": { "dep_id": "10216536", "site_name": "Waln Mine", "dev_stat": "Past Producer", "code_list": " AU AG ", "target_commodity": "Gold", "lon": -115.80818, "lat": 45.32957 }, "geometry": { "type": "Point", "coordinates": [ -115.80818, 45.32957 ] } },
{ "type": "Feature", "properties": { "dep_id": "10216547", "site_name": "Unnamed Location", "dev_stat": "Occurrence", "code_list": " AU ", "target_commodity": "Gold", "lon": -114.09032, "lat": 45.22799 }, "geometry": { "type": "Point", "coordinates": [ -114.09032, 45.22799 ] } },
{ "type": "Feature", "properties": { "dep_id": "10216581", "site_name": "Utopia", "dev_stat": "Occurrence", "code_list": " AU ", "target_commodity": "Gold", "lon": -115.54518, "lat": 45.59877 }, "geometry": { "type": "Point", "coordinates": [ -115.54518, 45.59877 ] } },
{ "type": "Feature", "properties": { "dep_id": "10216636", "site_name": "Unnamed Prospect", "dev_stat": "Prospect", "code_list": " AU ", "target_commodity": "Gold", "lon": -115.67657, "lat": 45.23957 }, "geometry": { "type": "Point", "coordinates": [ -115.67657, 45.23957 ] } },
{ "type": "Feature", "properties": { "dep_id": "10216656", "site_name": "Unnamed Location", "dev_stat": "Occurrence", "code_list": " AU ", "target_commodity": "Gold", "lon": -115.53318, "lat": 45.56907 }, "geometry": { "type": "Point", "coordinates": [ -115.53318, 45.56907 ] } },
{ "type": "Feature", "properties": { "dep_id": "10216695", "site_name": "Horsefly Mine", "dev_stat": "Past Producer", "code_list": " AU AG ", "target_commodity": "Gold", "lon": -115.63267, "lat": 45.22847 }, "geometry": { "type": "Point", "coordinates": [ -115.63267, 45.22847 ] } },
{ "type": "Feature", "properties": { "dep_id": "10216704", "site_name": "Chinamen Placer", "dev_stat": "Unknown", "code_list": " AU ", "target_commodity": "Gold", "lon": -114.11343, "lat": 45.22849 }, "geometry": { "type": "Point", "coordinates": [ -114.11343, 45.22849 ] } },
{ "type": "Feature", "properties": { "dep_id": "10216849", "site_name": "Daniel", "dev_stat": "Occurrence", "code_list": " AU ", "target_commodity": "Gold", "lon": -114.55344, "lat": 44.97738 }, "geometry": { "type": "Point", "coordinates": [ -114.55344, 44.97738 ] } },
{ "type": "Feature", "properties": { "dep_id": "10216873", "site_name": "Secesh Placer", "dev_stat": "Prospect", "code_list": " ZR AU ", "target_commodity": "Gold", "lon": -115.84268, "lat": 45.26487 }, "geometry": { "type": "Point", "coordinates": [ -115.84268, 45.26487 ] } },
{ "type": "Feature", "properties": { "dep_id": "10216874", "site_name": "Wild Hope Mine", "dev_stat": "Past Producer", "code_list": " AU AG ", "target_commodity": "Gold", "lon": -115.64128, "lat": 45.77677 }, "geometry": { "type": "Point", "coordinates": [ -115.64128, 45.77677 ] } },
{ "type": "Feature", "properties": { "dep_id": "10216907", "site_name": "Deadwood", "dev_stat": "Producer", "code_list": " AU ", "target_commodity": "Gold", "lon": -115.49818, "lat": 45.80177 }, "geometry": { "type": "Point", "coordinates": [ -115.49818, 45.80177 ] } },
{ "type": "Feature", "properties": { "dep_id": "10216920", "site_name": "Big Four Group", "dev_stat": "Past Producer", "code_list": " AU ", "target_commodity": "Gold", "lon": -115.64737, "lat": 45.24177 }, "geometry": { "type": "Point", "coordinates": [ -115.64737, 45.24177 ] } },
{ "type": "Feature", "properties": { "dep_id": "10216923", "site_name": "Baboon Placer", "dev_stat": "Occurrence", "code_list": " AU ", "target_commodity": "Gold", "lon": -115.40408, "lat": 45.84317 }, "geometry": { "type": "Point", "coordinates": [ -115.40408, 45.84317 ] } },
{ "type": "Feature", "properties": { "dep_id": "10216955", "site_name": "Relief Creek Placer", "dev_stat": "Past Producer", "code_list": " AU AG ", "target_commodity": "Gold", "lon": -115.49768, "lat": 45.75297 }, "geometry": { "type": "Point", "coordinates": [ -115.49768, 45.75297 ] } },
{ "type": "Feature", "properties": { "dep_id": "10216957", "site_name": "Broken Oar Placer", "dev_stat": "Prospect", "code_list": " AU ", "target_commodity": "Gold", "lon": -114.73014, "lat": 44.91098 }, "geometry": { "type": "Point", "coordinates": [ -114.73014, 44.91098 ] } },
{ "type": "Feature", "properties": { "dep_id": "10216958", "site_name": "Five Tree Prospect", "dev_stat": "Prospect", "code_list": " AU ", "target_commodity": "Gold", "lon": -115.49068, "lat": 45.59737 }, "geometry": { "type": "Point", "coordinates": [ -115.49068, 45.59737 ] } },
{ "type": "Feature", "properties": { "dep_id": "10217033", "site_name": "Diamond Queen", "dev_stat": "Past Producer", "code_list": " AU AG ", "target_commodity": "Gold", "lon": -114.49873, "lat": 44.96208 }, "geometry": { "type": "Point", "coordinates": [ -114.49873, 44.96208 ] } },
{ "type": "Feature", "properties": { "dep_id": "10217042", "site_name": "Little Moose Placer", "dev_stat": "Past Producer", "code_list": " AU AG ", "target_commodity": "Gold", "lon": -115.40067, "lat": 45.70927 }, "geometry": { "type": "Point", "coordinates": [ -115.40067, 45.70927 ] } },
{ "type": "Feature", "properties": { "dep_id": "10217043", "site_name": "Best Bet and Best Bet No. 2", "dev_stat": "Past Producer", "code_list": " AU AG ", "target_commodity": "Gold", "lon": -114.04672, "lat": 45.27799 }, "geometry": { "type": "Point", "coordinates": [ -114.04672, 45.27799 ] } },
{ "type": "Feature", "properties": { "dep_id": "10217048", "site_name": "Beartrack", "dev_stat": "Past Producer", "code_list": " AU ", "target_commodity": "Gold", "lon": -114.10838, "lat": 45.23356 }, "geometry": { "type": "Point", "coordinates": [ -114.10838, 45.23356 ] } },
{ "type": "Feature", "properties": { "dep_id": "10217082", "site_name": "Elmer Wolff Mill", "dev_stat": "Unknown", "code_list": " AU ", "target_commodity": "Gold", "lon": -115.36707, "lat": 45.49628 }, "geometry": { "type": "Point", "coordinates": [ -115.36707, 45.49628 ] } },
{ "type": "Feature", "properties": { "dep_id": "10217128", "site_name": "Blue Quartz Prospect", "dev_stat": "Prospect", "code_list": " AU ", "target_commodity": "Gold", "lon": -115.66489, "lat": 45.85817 }, "geometry": { "type": "Point", "coordinates": [ -115.66489, 45.85817 ] } },
{ "type": "Feature", "properties": { "dep_id": "10217138", "site_name": "Schedule Group", "dev_stat": "Prospect", "code_list": " AU ", "target_commodity": "Gold", "lon": -115.83538, "lat": 45.40097 }, "geometry": { "type": "Point", "coordinates": [ -115.83538, 45.40097 ] } },
{ "type": "Feature", "properties": { "dep_id": "10217148", "site_name": "Upper Lake Creek", "dev_stat": "Prospect", "code_list": " AU ", "target_commodity": "Gold", "lon": -115.91708, "lat": 45.37067 }, "geometry": { "type": "Point", "coordinates": [ -115.91708, 45.37067 ] } },
{ "type": "Feature", "properties": { "dep_id": "10217154", "site_name": "Clean Gold", "dev_stat": "Occurrence", "code_list": " AU ", "target_commodity": "Gold", "lon": -114.29513, "lat": 45.36268 }, "geometry": { "type": "Point", "coordinates": [ -114.29513, 45.36268 ] } },
{ "type": "Feature", "properties": { "dep_id": "10217168", "site_name": "Hawkeye", "dev_stat": "Occurrence", "code_list": " AU AG ", "target_commodity": "Gold", "lon": -115.68018, "lat": 45.27317 }, "geometry": { "type": "Point", "coordinates": [ -115.68018, 45.27317 ] } },
{ "type": "Feature", "properties": { "dep_id": "10217188", "site_name": "Aryn", "dev_stat": "Prospect", "code_list": " AU ", "target_commodity": "Gold", "lon": -115.48848, "lat": 45.59797 }, "geometry": { "type": "Point", "coordinates": [ -115.48848, 45.59797 ] } },
{ "type": "Feature", "properties": { "dep_id": "10217194", "site_name": "Big Creek Placer", "dev_stat": "Past Producer", "code_list": " AU ", "target_commodity": "Gold", "lon": -115.51928, "lat": 45.65177 }, "geometry": { "type": "Point", "coordinates": [ -115.51928, 45.65177 ] } },
{ "type": "Feature", "properties": { "dep_id": "10217196", "site_name": "Arrastre", "dev_stat": "Past Producer", "code_list": " AU AG ", "target_commodity": "Gold", "lon": -115.50538, "lat": 45.75127 }, "geometry": { "type": "Point", "coordinates": [ -115.50538, 45.75127 ] } },
{ "type": "Feature", "properties": { "dep_id": "10217199", "site_name": "Copper King Mine", "dev_stat": "Past Producer", "code_list": " AU CU ", "target_commodity": "Gold", "lon": -114.28373, "lat": 45.30988 }, "geometry": { "type": "Point", "coordinates": [ -114.28373, 45.30988 ] } },
{ "type": "Feature", "properties": { "dep_id": "10217217", "site_name": "Gold Crest", "dev_stat": "Prospect", "code_list": " AU ", "target_commodity": "Gold", "lon": -115.63817, "lat": 45.22427 }, "geometry": { "type": "Point", "coordinates": [ -115.63817, 45.22427 ] } },
{ "type": "Feature", "properties": { "dep_id": "10217237", "site_name": "Upper Leggett Prospect No. 2", "dev_stat": "Occurrence", "code_list": " AU ", "target_commodity": "Gold", "lon": -115.68819, "lat": 45.86767 }, "geometry": { "type": "Point", "coordinates": [ -115.68819, 45.86767 ] } },
{ "type": "Feature", "properties": { "dep_id": "10217313", "site_name": "Mollie Prospect", "dev_stat": "Prospect", "code_list": " AU ", "target_commodity": "Gold", "lon": -115.15125, "lat": 44.93908 }, "geometry": { "type": "Point", "coordinates": [ -115.15125, 44.93908 ] } },
{ "type": "Feature", "properties": { "dep_id": "10217318", "site_name": "Copper Camp", "dev_stat": "Prospect", "code_list": " CU AU ", "target_commodity": "Gold", "lon": -115.20176, "lat": 45.17568 }, "geometry": { "type": "Point", "coordinates": [ -115.20176, 45.17568 ] } },
{ "type": "Feature", "properties": { "dep_id": "10217327", "site_name": "Glasgow Mine", "dev_stat": "Past Producer", "code_list": " AU ", "target_commodity": "Gold", "lon": -115.39236, "lat": 45.05238 }, "geometry": { "type": "Point", "coordinates": [ -115.39236, 45.05238 ] } },
{ "type": "Feature", "properties": { "dep_id": "10217333", "site_name": "East Dewey", "dev_stat": "Occurrence", "code_list": " AU ", "target_commodity": "Gold", "lon": -115.11205, "lat": 44.98658 }, "geometry": { "type": "Point", "coordinates": [ -115.11205, 44.98658 ] } },
{ "type": "Feature", "properties": { "dep_id": "10217350", "site_name": "First National Prospect", "dev_stat": "Prospect", "code_list": " AU AG ", "target_commodity": "Gold", "lon": -115.22536, "lat": 44.97658 }, "geometry": { "type": "Point", "coordinates": [ -115.22536, 44.97658 ] } },
{ "type": "Feature", "properties": { "dep_id": "10217368", "site_name": "Sourdough Nos. 1 and 2", "dev_stat": "Occurrence", "code_list": " AU AG ", "target_commodity": "Gold", "lon": -115.90848, "lat": 45.09127 }, "geometry": { "type": "Point", "coordinates": [ -115.90848, 45.09127 ] } },
{ "type": "Feature", "properties": { "dep_id": "10217390", "site_name": "Hollister Prospect", "dev_stat": "Past Producer", "code_list": " AU CU ", "target_commodity": "Gold", "lon": -115.29876, "lat": 45.17208 }, "geometry": { "type": "Point", "coordinates": [ -115.29876, 45.17208 ] } },
{ "type": "Feature", "properties": { "dep_id": "10217395", "site_name": "Coxey Creek Bar", "dev_stat": "Prospect", "code_list": " AU ", "target_commodity": "Gold", "lon": -115.03845, "lat": 45.13988 }, "geometry": { "type": "Point", "coordinates": [ -115.03845, 45.13988 ] } },
{ "type": "Feature", "properties": { "dep_id": "10217536", "site_name": "Camas Creek Point Placer", "dev_stat": "Prospect", "code_list": " AU ", "target_commodity": "Gold", "lon": -114.72486, "lat": 45.89158 }, "geometry": { "type": "Point", "coordinates": [ -114.72486, 45.89158 ] } },
{ "type": "Feature", "properties": { "dep_id": "10217539", "site_name": "North Mildred", "dev_stat": "Prospect", "code_list": " AU CU ", "target_commodity": "Gold", "lon": -115.53737, "lat": 45.20877 }, "geometry": { "type": "Point", "coordinates": [ -115.53737, 45.20877 ] } },
{ "type": "Feature", "properties": { "dep_id": "10217544", "site_name": "Big Creek Placers", "dev_stat": "Past Producer", "code_list": " AU TI ", "target_commodity": "Gold", "lon": -115.31036, "lat": 45.15488 }, "geometry": { "type": "Point", "coordinates": [ -115.31036, 45.15488 ] } },
{ "type": "Feature", "properties": { "dep_id": "10217568", "site_name": "Mule Creek Prospect", "dev_stat": "Past Producer", "code_list": " AU AG ", "target_commodity": "Gold", "lon": -115.16535, "lat": 44.96628 }, "geometry": { "type": "Point", "coordinates": [ -115.16535, 44.96628 ] } },
{ "type": "Feature", "properties": { "dep_id": "10217576", "site_name": "Soft Boil Bar", "dev_stat": "Occurrence", "code_list": " AU ", "target_commodity": "Gold", "lon": -115.05155, "lat": 45.14098 }, "geometry": { "type": "Point", "coordinates": [ -115.05155, 45.14098 ] } },
{ "type": "Feature", "properties": { "dep_id": "10217607", "site_name": "Yellow Pine Mine", "dev_stat": "Producer", "code_list": " AU AG SB ", "target_commodity": "Gold", "lon": -115.33676, "lat": 44.92678 }, "geometry": { "type": "Point", "coordinates": [ -115.33676, 44.92678 ] } },
{ "type": "Feature", "properties": { "dep_id": "10217626", "site_name": "Hennessey", "dev_stat": "Occurrence", "code_list": " HG AU ", "target_commodity": "Gold", "lon": -115.29406, "lat": 44.91268 }, "geometry": { "type": "Point", "coordinates": [ -115.29406, 44.91268 ] } },
{ "type": "Feature", "properties": { "dep_id": "10217676", "site_name": "Hope Claim", "dev_stat": "Prospect", "code_list": " CU AU ", "target_commodity": "Gold", "lon": -115.10595, "lat": 44.85988 }, "geometry": { "type": "Point", "coordinates": [ -115.10595, 44.85988 ] } },
{ "type": "Feature", "properties": { "dep_id": "10217691", "site_name": "Little Marble Creek Placer", "dev_stat": "Prospect", "code_list": " AU ", "target_commodity": "Gold", "lon": -115.27516, "lat": 45.08298 }, "geometry": { "type": "Point", "coordinates": [ -115.27516, 45.08298 ] } },
{ "type": "Feature", "properties": { "dep_id": "10217739", "site_name": "S. J. Prospect", "dev_stat": "Prospect", "code_list": " CU AU ", "target_commodity": "Gold", "lon": -115.34876, "lat": 44.82298 }, "geometry": { "type": "Point", "coordinates": [ -115.34876, 44.82298 ] } },
{ "type": "Feature", "properties": { "dep_id": "10217752", "site_name": "Bullion Group", "dev_stat": "Prospect", "code_list": " AU CU ", "target_commodity": "Gold", "lon": -115.14675, "lat": 44.94568 }, "geometry": { "type": "Point", "coordinates": [ -115.14675, 44.94568 ] } },
{ "type": "Feature", "properties": { "dep_id": "10217800", "site_name": "West End", "dev_stat": "Plant", "code_list": " AU AG ", "target_commodity": "Gold", "lon": -115.31766, "lat": 44.93158 }, "geometry": { "type": "Point", "coordinates": [ -115.31766, 44.93158 ] } },
{ "type": "Feature", "properties": { "dep_id": "10217810", "site_name": "Coxey Creek Placer", "dev_stat": "Prospect", "code_list": " AU ", "target_commodity": "Gold", "lon": -115.02375, "lat": 45.15798 }, "geometry": { "type": "Point", "coordinates": [ -115.02375, 45.15798 ] } },
{ "type": "Feature", "properties": { "dep_id": "10217812", "site_name": "Hunky Dory", "dev_stat": "Occurrence", "code_list": " AU AG ", "target_commodity": "Gold", "lon": -115.38406, "lat": 45.11458 }, "geometry": { "type": "Point", "coordinates": [ -115.38406, 45.11458 ] } },
{ "type": "Feature", "properties": { "dep_id": "10217819", "site_name": "Beaver Creek Placer", "dev_stat": "Prospect", "code_list": " AU ", "target_commodity": "Gold", "lon": -115.24316, "lat": 45.16268 }, "geometry": { "type": "Point", "coordinates": [ -115.24316, 45.16268 ] } },
{ "type": "Feature", "properties": { "dep_id": "10217824", "site_name": "Doctor Prospect", "dev_stat": "Prospect", "code_list": " AU ", "target_commodity": "Gold", "lon": -115.20875, "lat": 44.92958 }, "geometry": { "type": "Point", "coordinates": [ -115.20875, 44.92958 ] } },
{ "type": "Feature", "properties": { "dep_id": "10217841", "site_name": "South Fork Elk Creek", "dev_stat": "Occurrence", "code_list": " AU ", "target_commodity": "Gold", "lon": -115.42516, "lat": 45.07908 }, "geometry": { "type": "Point", "coordinates": [ -115.42516, 45.07908 ] } },
{ "type": "Feature", "properties": { "dep_id": "10217915", "site_name": "Happy Thought", "dev_stat": "Prospect", "code_list": " AU ", "target_commodity": "Gold", "lon": -115.42486, "lat": 45.04628 }, "geometry": { "type": "Point", "coordinates": [ -115.42486, 45.04628 ] } },
{ "type": "Feature", "properties": { "dep_id": "10217988", "site_name": "Blackfoot", "dev_stat": "Occurrence", "code_list": " AU ", "target_commodity": "Gold", "lon": -115.44956, "lat": 45.06098 }, "geometry": { "type": "Point", "coordinates": [ -115.44956, 45.06098 ] } },
{ "type": "Feature", "properties": { "dep_id": "10217996", "site_name": "Ibex Claim", "dev_stat": "Prospect", "code_list": " AG AU ", "target_commodity": "Gold", "lon": -115.16375, "lat": 44.89848 }, "geometry": { "type": "Point", "coordinates": [ -115.16375, 44.89848 ] } },
{ "type": "Feature", "properties": { "dep_id": "10217998", "site_name": "Oberbilling", "dev_stat": "Past Producer", "code_list": " AU AG ", "target_commodity": "Gold", "lon": -115.48986, "lat": 44.95958 }, "geometry": { "type": "Point", "coordinates": [ -115.48986, 44.95958 ] } },
{ "type": "Feature", "properties": { "dep_id": "10218038", "site_name": "Unknown", "dev_stat": "Occurrence", "code_list": " AU ", "target_commodity": "Gold", "lon": -115.37206, "lat": 45.13738 }, "geometry": { "type": "Point", "coordinates": [ -115.37206, 45.13738 ] } },
{ "type": "Feature", "properties": { "dep_id": "10218039", "site_name": "Red Metal Mine", "dev_stat": "Past Producer", "code_list": " AU CU ", "target_commodity": "Gold", "lon": -115.42096, "lat": 45.04238 }, "geometry": { "type": "Point", "coordinates": [ -115.42096, 45.04238 ] } },
{ "type": "Feature", "properties": { "dep_id": "10218060", "site_name": "Cumberland Prospect", "dev_stat": "Prospect", "code_list": " AU AG ", "target_commodity": "Gold", "lon": -115.16625, "lat": 44.96158 }, "geometry": { "type": "Point", "coordinates": [ -115.16625, 44.96158 ] } },
{ "type": "Feature", "properties": { "dep_id": "10218067", "site_name": "Bonanza Group", "dev_stat": "Prospect", "code_list": " AU ", "target_commodity": "Gold", "lon": -115.05705, "lat": 44.87428 }, "geometry": { "type": "Point", "coordinates": [ -115.05705, 44.87428 ] } },
{ "type": "Feature", "properties": { "dep_id": "10218072", "site_name": "Parks Creek Prospect", "dev_stat": "Prospect", "code_list": " AU ", "target_commodity": "Gold", "lon": -115.53347, "lat": 45.01568 }, "geometry": { "type": "Point", "coordinates": [ -115.53347, 45.01568 ] } },
{ "type": "Feature", "properties": { "dep_id": "10218079", "site_name": "West Fork Elk Creek", "dev_stat": "Occurrence", "code_list": " AU ", "target_commodity": "Gold", "lon": -115.50157, "lat": 45.08068 }, "geometry": { "type": "Point", "coordinates": [ -115.50157, 45.08068 ] } },
{ "type": "Feature", "properties": { "dep_id": "10221526", "site_name": "Blue Joint Placer", "dev_stat": "Prospect", "code_list": " AU ", "target_commodity": "Gold", "lon": -114.48344, "lat": 45.48518 }, "geometry": { "type": "Point", "coordinates": [ -114.48344, 45.48518 ] } },
{ "type": "Feature", "properties": { "dep_id": "10221577", "site_name": "Woodtick No.1", "dev_stat": "Occurrence", "code_list": " AU ", "target_commodity": "Gold", "lon": -114.19784, "lat": 45.66238 }, "geometry": { "type": "Point", "coordinates": [ -114.19784, 45.66238 ] } },
{ "type": "Feature", "properties": { "dep_id": "10221707", "site_name": "Larrigon Mine", "dev_stat": "Past Producer", "code_list": " AU ", "target_commodity": "Gold", "lon": -114.17733, "lat": 45.61598 }, "geometry": { "type": "Point", "coordinates": [ -114.17733, 45.61598 ] } },
{ "type": "Feature", "properties": { "dep_id": "10221879", "site_name": "Hughes Gulch Placer", "dev_stat": "Past Producer", "code_list": " AU AG ", "target_commodity": "Gold", "lon": -114.15233, "lat": 45.60299 }, "geometry": { "type": "Point", "coordinates": [ -114.15233, 45.60299 ] } },
{ "type": "Feature", "properties": { "dep_id": "10240399", "site_name": "Larson", "dev_stat": "Prospect", "code_list": " AU ", "target_commodity": "Gold", "lon": -115.65877, "lat": 45.25487 }, "geometry": { "type": "Point", "coordinates": [ -115.65877, 45.25487 ] } },
{ "type": "Feature", "properties": { "dep_id": "10240802", "site_name": "Legget Creek Placer", "dev_stat": "Past Producer", "code_list": " AU AG ", "target_commodity": "Gold", "lon": -115.63158, "lat": 45.83567 }, "geometry": { "type": "Point", "coordinates": [ -115.63158, 45.83567 ] } },
{ "type": "Feature", "properties": { "dep_id": "10241453", "site_name": "Catherine Lake Prospect", "dev_stat": "Prospect", "code_list": " AU AG ", "target_commodity": "Gold", "lon": -115.27676, "lat": 45.03298 }, "geometry": { "type": "Point", "coordinates": [ -115.27676, 45.03298 ] } },
{ "type": "Feature", "properties": { "dep_id": "10241470", "site_name": "Big Creek Meadows", "dev_stat": "Prospect", "code_list": " AU AG ", "target_commodity": "Gold", "lon": -115.51458, "lat": 45.62377 }, "geometry": { "type": "Point", "coordinates": [ -115.51458, 45.62377 ] } },
{ "type": "Feature", "properties": { "dep_id": "10241494", "site_name": "Chief Executive Group", "dev_stat": "Prospect", "code_list": " AU CU ", "target_commodity": "Gold", "lon": -115.09735, "lat": 44.83958 }, "geometry": { "type": "Point", "coordinates": [ -115.09735, 44.83958 ] } },
{ "type": "Feature", "properties": { "dep_id": "10241506", "site_name": "Trap Creek Prospect", "dev_stat": "Occurrence", "code_list": " AU ", "target_commodity": "Gold", "lon": -115.20176, "lat": 44.97298 }, "geometry": { "type": "Point", "coordinates": [ -115.20176, 44.97298 ] } },
{ "type": "Feature", "properties": { "dep_id": "10241514", "site_name": "Mother Lode Mine", "dev_stat": "Occurrence", "code_list": " AU ", "target_commodity": "Gold", "lon": -116.05739, "lat": 45.47657 }, "geometry": { "type": "Point", "coordinates": [ -116.05739, 45.47657 ] } },
{ "type": "Feature", "properties": { "dep_id": "10241533", "site_name": "Unknown", "dev_stat": "Occurrence", "code_list": " AU ", "target_commodity": "Gold", "lon": -115.73238, "lat": 45.36237 }, "geometry": { "type": "Point", "coordinates": [ -115.73238, 45.36237 ] } },
{ "type": "Feature", "properties": { "dep_id": "10241542", "site_name": "Alberta Mine", "dev_stat": "Prospect", "code_list": " AU AG ", "target_commodity": "Gold", "lon": -115.81878, "lat": 45.39847 }, "geometry": { "type": "Point", "coordinates": [ -115.81878, 45.39847 ] } },
{ "type": "Feature", "properties": { "dep_id": "10241567", "site_name": "Bowman", "dev_stat": "Occurrence", "code_list": " CU AU ", "target_commodity": "Gold", "lon": -114.02592, "lat": 45.13159 }, "geometry": { "type": "Point", "coordinates": [ -114.02592, 45.13159 ] } },
{ "type": "Feature", "properties": { "dep_id": "10241575", "site_name": "Krassel", "dev_stat": "Occurrence", "code_list": " AU ", "target_commodity": "Gold", "lon": -115.71127, "lat": 44.97297 }, "geometry": { "type": "Point", "coordinates": [ -115.71127, 44.97297 ] } },
{ "type": "Feature", "properties": { "dep_id": "10241620", "site_name": "Haney Bar Placer", "dev_stat": "Prospect", "code_list": " AU ", "target_commodity": "Gold", "lon": -115.47737, "lat": 45.40677 }, "geometry": { "type": "Point", "coordinates": [ -115.47737, 45.40677 ] } },
{ "type": "Feature", "properties": { "dep_id": "10241661", "site_name": "Evenstone Prospect", "dev_stat": "Occurrence", "code_list": " AU AG ", "target_commodity": "Gold", "lon": -115.10095, "lat": 44.97208 }, "geometry": { "type": "Point", "coordinates": [ -115.10095, 44.97208 ] } },
{ "type": "Feature", "properties": { "dep_id": "10241668", "site_name": "Union", "dev_stat": "Occurrence", "code_list": " AU ", "target_commodity": "Gold", "lon": -115.32037, "lat": 45.78048 }, "geometry": { "type": "Point", "coordinates": [ -115.32037, 45.78048 ] } },
{ "type": "Feature", "properties": { "dep_id": "10241675", "site_name": "Advance Prospect", "dev_stat": "Prospect", "code_list": " AU AG ", "target_commodity": "Gold", "lon": -115.20565, "lat": 44.94128 }, "geometry": { "type": "Point", "coordinates": [ -115.20565, 44.94128 ] } },
{ "type": "Feature", "properties": { "dep_id": "10241677", "site_name": "Boyle", "dev_stat": "Occurrence", "code_list": " AU ", "target_commodity": "Gold", "lon": -115.39986, "lat": 45.12068 }, "geometry": { "type": "Point", "coordinates": [ -115.39986, 45.12068 ] } },
{ "type": "Feature", "properties": { "dep_id": "10241710", "site_name": "Colson Prospect", "dev_stat": "Prospect", "code_list": " AU AG ", "target_commodity": "Gold", "lon": -115.15735, "lat": 44.95178 }, "geometry": { "type": "Point", "coordinates": [ -115.15735, 44.95178 ] } },
{ "type": "Feature", "properties": { "dep_id": "10241716", "site_name": "Long Tom Prospect", "dev_stat": "Prospect", "code_list": " AU ", "target_commodity": "Gold", "lon": -115.46177, "lat": 45.53317 }, "geometry": { "type": "Point", "coordinates": [ -115.46177, 45.53317 ] } },
{ "type": "Feature", "properties": { "dep_id": "10241717", "site_name": "Blue Wing", "dev_stat": "Unknown", "code_list": " AU ", "target_commodity": "Gold", "lon": -114.03563, "lat": 45.53099 }, "geometry": { "type": "Point", "coordinates": [ -114.03563, 45.53099 ] } },
{ "type": "Feature", "properties": { "dep_id": "10241727", "site_name": "Lucky Strike", "dev_stat": "Past Producer", "code_list": " AU AG ", "target_commodity": "Gold", "lon": -115.51518, "lat": 45.77627 }, "geometry": { "type": "Point", "coordinates": [ -115.51518, 45.77627 ] } },
{ "type": "Feature", "properties": { "dep_id": "10241731", "site_name": "Monumental Creek Placers", "dev_stat": "Prospect", "code_list": " AU ", "target_commodity": "Gold", "lon": -115.19155, "lat": 44.93958 }, "geometry": { "type": "Point", "coordinates": [ -115.19155, 44.93958 ] } },
{ "type": "Feature", "properties": { "dep_id": "10241738", "site_name": "Hillside Prospect", "dev_stat": "Prospect", "code_list": " AU ", "target_commodity": "Gold", "lon": -115.30906, "lat": 45.17018 }, "geometry": { "type": "Point", "coordinates": [ -115.30906, 45.17018 ] } },
{ "type": "Feature", "properties": { "dep_id": "10241755", "site_name": "Bonanza", "dev_stat": "Prospect", "code_list": " AU SB ", "target_commodity": "Gold", "lon": -115.31786, "lat": 44.94488 }, "geometry": { "type": "Point", "coordinates": [ -115.31786, 44.94488 ] } },
{ "type": "Feature", "properties": { "dep_id": "10241765", "site_name": "Chicho Placer", "dev_stat": "Occurrence", "code_list": " AU ", "target_commodity": "Gold", "lon": -114.76676, "lat": 45.86928 }, "geometry": { "type": "Point", "coordinates": [ -114.76676, 45.86928 ] } },
{ "type": "Feature", "properties": { "dep_id": "10241775", "site_name": "Sulfide Prospect", "dev_stat": "Occurrence", "code_list": " AU ", "target_commodity": "Gold", "lon": -115.26566, "lat": 45.19128 }, "geometry": { "type": "Point", "coordinates": [ -115.26566, 45.19128 ] } },
{ "type": "Feature", "properties": { "dep_id": "10241783", "site_name": "Penn-Dixie", "dev_stat": "Past Producer", "code_list": " AU ", "target_commodity": "Gold", "lon": -115.46097, "lat": 45.53927 }, "geometry": { "type": "Point", "coordinates": [ -115.46097, 45.53927 ] } },
{ "type": "Feature", "properties": { "dep_id": "10241799", "site_name": "Unnamed Location", "dev_stat": "Occurrence", "code_list": " AU ", "target_commodity": "Gold", "lon": -114.16013, "lat": 45.16819 }, "geometry": { "type": "Point", "coordinates": [ -114.16013, 45.16819 ] } },
{ "type": "Feature", "properties": { "dep_id": "10241802", "site_name": "D.D. Prospect", "dev_stat": "Prospect", "code_list": " AU ", "target_commodity": "Gold", "lon": -115.34956, "lat": 45.17628 }, "geometry": { "type": "Point", "coordinates": [ -115.34956, 45.17628 ] } },
{ "type": "Feature", "properties": { "dep_id": "10241807", "site_name": "Butte and Orogrande", "dev_stat": "Past Producer", "code_list": " AU AG ", "target_commodity": "Gold", "lon": -115.54188, "lat": 45.70767 }, "geometry": { "type": "Point", "coordinates": [ -115.54188, 45.70767 ] } },
{ "type": "Feature", "properties": { "dep_id": "10241822", "site_name": "Big Buck Prospect", "dev_stat": "Prospect", "code_list": " AU AG ", "target_commodity": "Gold", "lon": -115.15625, "lat": 44.94518 }, "geometry": { "type": "Point", "coordinates": [ -115.15625, 44.94518 ] } },
{ "type": "Feature", "properties": { "dep_id": "10241827", "site_name": "Eldorado", "dev_stat": "Past Producer", "code_list": " AU AG ", "target_commodity": "Gold", "lon": -115.49407, "lat": 45.55567 }, "geometry": { "type": "Point", "coordinates": [ -115.49407, 45.55567 ] } },
{ "type": "Feature", "properties": { "dep_id": "10241846", "site_name": "Golden Gate", "dev_stat": "Past Producer", "code_list": " W AU SB ", "target_commodity": "Gold", "lon": -115.48906, "lat": 44.94268 }, "geometry": { "type": "Point", "coordinates": [ -115.48906, 44.94268 ] } },
{ "type": "Feature", "properties": { "dep_id": "10241852", "site_name": "Victory Prospect", "dev_stat": "Occurrence", "code_list": " AU ", "target_commodity": "Gold", "lon": -115.68848, "lat": 45.53817 }, "geometry": { "type": "Point", "coordinates": [ -115.68848, 45.53817 ] } },
{ "type": "Feature", "properties": { "dep_id": "10241862", "site_name": "Cal-Creek Placer", "dev_stat": "Prospect", "code_list": " AU ABR_G ", "target_commodity": "Gold", "lon": -115.77678, "lat": 45.36797 }, "geometry": { "type": "Point", "coordinates": [ -115.77678, 45.36797 ] } },
{ "type": "Feature", "properties": { "dep_id": "10241898", "site_name": "Tellurium Group", "dev_stat": "Prospect", "code_list": " AU ", "target_commodity": "Gold", "lon": -115.34346, "lat": 45.07708 }, "geometry": { "type": "Point", "coordinates": [ -115.34346, 45.07708 ] } },
{ "type": "Feature", "properties": { "dep_id": "10241901", "site_name": "Cougar Creek Placer", "dev_stat": "Prospect", "code_list": " AU ", "target_commodity": "Gold", "lon": -114.82675, "lat": 45.10348 }, "geometry": { "type": "Point", "coordinates": [ -114.82675, 45.10348 ] } },
{ "type": "Feature", "properties": { "dep_id": "10241931", "site_name": "Box Springs Claim", "dev_stat": "Prospect", "code_list": " CU AU ", "target_commodity": "Gold", "lon": -115.08515, "lat": 45.16208 }, "geometry": { "type": "Point", "coordinates": [ -115.08515, 45.16208 ] } },
{ "type": "Feature", "properties": { "dep_id": "10241932", "site_name": "Blue Angel Mine", "dev_stat": "Occurrence", "code_list": " AU ", "target_commodity": "Gold", "lon": -115.64287, "lat": 45.25317 }, "geometry": { "type": "Point", "coordinates": [ -115.64287, 45.25317 ] } },
{ "type": "Feature", "properties": { "dep_id": "10241948", "site_name": "Golden Eagle", "dev_stat": "Prospect", "code_list": " AU AG ", "target_commodity": "Gold", "lon": -115.68288, "lat": 45.80907 }, "geometry": { "type": "Point", "coordinates": [ -115.68288, 45.80907 ] } },
{ "type": "Feature", "properties": { "dep_id": "10241949", "site_name": "Portland Mine", "dev_stat": "Past Producer", "code_list": " AU AG ", "target_commodity": "Gold", "lon": -115.47188, "lat": 45.74847 }, "geometry": { "type": "Point", "coordinates": [ -115.47188, 45.74847 ] } },
{ "type": "Feature", "properties": { "dep_id": "10241978", "site_name": "Hunt", "dev_stat": "Occurrence", "code_list": " AG AU ", "target_commodity": "Gold", "lon": -115.71128, "lat": 45.22567 }, "geometry": { "type": "Point", "coordinates": [ -115.71128, 45.22567 ] } },
{ "type": "Feature", "properties": { "dep_id": "10242005", "site_name": "Black Lady Mine", "dev_stat": "Past Producer", "code_list": " AU AG ", "target_commodity": "Gold", "lon": -115.50988, "lat": 45.78677 }, "geometry": { "type": "Point", "coordinates": [ -115.50988, 45.78677 ] } },
{ "type": "Feature", "properties": { "dep_id": "10242010", "site_name": "Fern", "dev_stat": "Past Producer", "code_list": " AU HG ", "target_commodity": "Gold", "lon": -115.29096, "lat": 44.90708 }, "geometry": { "type": "Point", "coordinates": [ -115.29096, 44.90708 ] } },
{ "type": "Feature", "properties": { "dep_id": "10242019", "site_name": "Terrible Teddy Prospect", "dev_stat": "Occurrence", "code_list": " AU ", "target_commodity": "Gold", "lon": -115.12425, "lat": 44.94908 }, "geometry": { "type": "Point", "coordinates": [ -115.12425, 44.94908 ] } },
{ "type": "Feature", "properties": { "dep_id": "10242031", "site_name": "Secesh Basin Mine", "dev_stat": "Past Producer", "code_list": " AU ", "target_commodity": "Gold", "lon": -115.75768, "lat": 45.24097 }, "geometry": { "type": "Point", "coordinates": [ -115.75768, 45.24097 ] } },
{ "type": "Feature", "properties": { "dep_id": "10242033", "site_name": "Bluebird Bar Placer", "dev_stat": "Past Producer", "code_list": " AU ", "target_commodity": "Gold", "lon": -115.48127, "lat": 45.39987 }, "geometry": { "type": "Point", "coordinates": [ -115.48127, 45.39987 ] } },
{ "type": "Feature", "properties": { "dep_id": "10242049", "site_name": "Fool Hen Gulch Placer", "dev_stat": "Unknown", "code_list": " AU ", "target_commodity": "Gold", "lon": -114.37344, "lat": 45.42348 }, "geometry": { "type": "Point", "coordinates": [ -114.37344, 45.42348 ] } },
{ "type": "Feature", "properties": { "dep_id": "10242055", "site_name": "Silver Creek", "dev_stat": "Past Producer", "code_list": " AU AG ", "target_commodity": "Gold", "lon": -114.36343, "lat": 44.93019 }, "geometry": { "type": "Point", "coordinates": [ -114.36343, 44.93019 ] } },
{ "type": "Feature", "properties": { "dep_id": "10242060", "site_name": "Little Ramey Creek Placer", "dev_stat": "Prospect", "code_list": " AU ", "target_commodity": "Gold", "lon": -115.14786, "lat": 45.17568 }, "geometry": { "type": "Point", "coordinates": [ -115.14786, 45.17568 ] } },
{ "type": "Feature", "properties": { "dep_id": "10242063", "site_name": "Dewey Moore Group", "dev_stat": "Occurrence", "code_list": " AG AU ", "target_commodity": "Gold", "lon": -115.08845, "lat": 45.15178 }, "geometry": { "type": "Point", "coordinates": [ -115.08845, 45.15178 ] } },
{ "type": "Feature", "properties": { "dep_id": "10242071", "site_name": "Tempiute Group", "dev_stat": "Occurrence", "code_list": " AU ", "target_commodity": "Gold", "lon": -115.15375, "lat": 44.95518 }, "geometry": { "type": "Point", "coordinates": [ -115.15375, 44.95518 ] } },
{ "type": "Feature", "properties": { "dep_id": "10242077", "site_name": "Safety Creek Prospect", "dev_stat": "Occurrence", "code_list": " AU AG ", "target_commodity": "Gold", "lon": -115.07875, "lat": 44.94988 }, "geometry": { "type": "Point", "coordinates": [ -115.07875, 44.94988 ] } },
{ "type": "Feature", "properties": { "dep_id": "10242090", "site_name": "Dug Out", "dev_stat": "Past Producer", "code_list": " AU PB ", "target_commodity": "Gold", "lon": -114.30563, "lat": 45.38178 }, "geometry": { "type": "Point", "coordinates": [ -114.30563, 45.38178 ] } },
{ "type": "Feature", "properties": { "dep_id": "10242109", "site_name": "Rock Lake", "dev_stat": "Occurrence", "code_list": " AU ", "target_commodity": "Gold", "lon": -115.53927, "lat": 45.06878 }, "geometry": { "type": "Point", "coordinates": [ -115.53927, 45.06878 ] } },
{ "type": "Feature", "properties": { "dep_id": "10242135", "site_name": "River Rat", "dev_stat": "Occurrence", "code_list": " AU ", "target_commodity": "Gold", "lon": -114.72534, "lat": 45.03048 }, "geometry": { "type": "Point", "coordinates": [ -114.72534, 45.03048 ] } },
{ "type": "Feature", "properties": { "dep_id": "10242150", "site_name": "Squaw Peak", "dev_stat": "Prospect", "code_list": " W AU ", "target_commodity": "Gold", "lon": -115.98038, "lat": 45.21427 }, "geometry": { "type": "Point", "coordinates": [ -115.98038, 45.21427 ] } },
{ "type": "Feature", "properties": { "dep_id": "10242154", "site_name": "Upper Sawmill Creek Placer", "dev_stat": "Occurrence", "code_list": " AU ", "target_commodity": "Gold", "lon": -115.65709, "lat": 45.90047 }, "geometry": { "type": "Point", "coordinates": [ -115.65709, 45.90047 ] } },
{ "type": "Feature", "properties": { "dep_id": "10242158", "site_name": "Leesburg Placer", "dev_stat": "Producer", "code_list": " AU ", "target_commodity": "Gold", "lon": -114.12653, "lat": 45.21739 }, "geometry": { "type": "Point", "coordinates": [ -114.12653, 45.21739 ] } },
{ "type": "Feature", "properties": { "dep_id": "10242173", "site_name": "Little Joker Mine", "dev_stat": "Past Producer", "code_list": " AU AG ", "target_commodity": "Gold", "lon": -115.65377, "lat": 45.19407 }, "geometry": { "type": "Point", "coordinates": [ -115.65377, 45.19407 ] } },
{ "type": "Feature", "properties": { "dep_id": "10242178", "site_name": "Bear Creek Placers", "dev_stat": "Occurrence", "code_list": " AU ", "target_commodity": "Gold", "lon": -114.72904, "lat": 44.90048 }, "geometry": { "type": "Point", "coordinates": [ -114.72904, 44.90048 ] } },
{ "type": "Feature", "properties": { "dep_id": "10242216", "site_name": "Buckhorn Prospect", "dev_stat": "Prospect", "code_list": " AU AG ", "target_commodity": "Gold", "lon": -115.21906, "lat": 44.97658 }, "geometry": { "type": "Point", "coordinates": [ -115.21906, 44.97658 ] } },
{ "type": "Feature", "properties": { "dep_id": "10245644", "site_name": "Washington", "dev_stat": "Past Producer", "code_list": " AU ", "target_commodity": "Gold", "lon": -114.18704, "lat": 45.88518 }, "geometry": { "type": "Point", "coordinates": [ -114.18704, 45.88518 ] } },
{ "type": "Feature", "properties": { "dep_id": "10245661", "site_name": "High-Level Placers Hughes Creek", "dev_stat": "Past Producer", "code_list": " AU ", "target_commodity": "Gold", "lon": -114.24484, "lat": 45.60548 }, "geometry": { "type": "Point", "coordinates": [ -114.24484, 45.60548 ] } },
{ "type": "Feature", "properties": { "dep_id": "10245695", "site_name": "Gold Bar Placer", "dev_stat": "Unknown", "code_list": " AU ", "target_commodity": "Gold", "lon": -114.33014, "lat": 45.59988 }, "geometry": { "type": "Point", "coordinates": [ -114.33014, 45.59988 ] } },
{ "type": "Feature", "properties": { "dep_id": "10256877", "site_name": "Little Joe", "dev_stat": "Occurrence", "code_list": " AU AG ", "target_commodity": "Gold", "lon": -115.15375, "lat": 44.92548 }, "geometry": { "type": "Point", "coordinates": [ -115.15375, 44.92548 ] } },
{ "type": "Feature", "properties": { "dep_id": "10264962", "site_name": "Blowout Mountain Prospect", "dev_stat": "Prospect", "code_list": " AU PB ", "target_commodity": "Gold", "lon": -115.47377, "lat": 45.51377 }, "geometry": { "type": "Point", "coordinates": [ -115.47377, 45.51377 ] } },
{ "type": "Feature", "properties": { "dep_id": "10265337", "site_name": "North Lime Creek", "dev_stat": "Past Producer", "code_list": " AU CU ", "target_commodity": "Gold", "lon": -115.75987, "lat": 45.02767 }, "geometry": { "type": "Point", "coordinates": [ -115.75987, 45.02767 ] } },
{ "type": "Feature", "properties": { "dep_id": "10265945", "site_name": "Gold Bug Mine", "dev_stat": "Past Producer", "code_list": " AU CU ", "target_commodity": "Gold", "lon": -114.51624, "lat": 45.38658 }, "geometry": { "type": "Point", "coordinates": [ -114.51624, 45.38658 ] } },
{ "type": "Feature", "properties": { "dep_id": "10265950", "site_name": "Bull of the Woods", "dev_stat": "Past Producer", "code_list": " AU CU ", "target_commodity": "Gold", "lon": -114.06013, "lat": 45.54459 }, "geometry": { "type": "Point", "coordinates": [ -114.06013, 45.54459 ] } },
{ "type": "Feature", "properties": { "dep_id": "10265960", "site_name": "Boulder Creek Placer", "dev_stat": "Prospect", "code_list": " AU ", "target_commodity": "Gold", "lon": -115.48817, "lat": 45.59457 }, "geometry": { "type": "Point", "coordinates": [ -115.48817, 45.59457 ] } },
{ "type": "Feature", "properties": { "dep_id": "10265982", "site_name": "Homestake Deposit", "dev_stat": "Prospect", "code_list": " AU ", "target_commodity": "Gold", "lon": -115.32786, "lat": 44.93238 }, "geometry": { "type": "Point", "coordinates": [ -115.32786, 44.93238 ] } },
{ "type": "Feature", "properties": { "dep_id": "10265993", "site_name": "Marble Creek Prospect", "dev_stat": "Prospect", "code_list": " NI AU ", "target_commodity": "Gold", "lon": -115.27766, "lat": 45.07848 }, "geometry": { "type": "Point", "coordinates": [ -115.27766, 45.07848 ] } },
{ "type": "Feature", "properties": { "dep_id": "10265995", "site_name": "Wilson Creek Bar", "dev_stat": "Occurrence", "code_list": " AU ", "target_commodity": "Gold", "lon": -114.72924, "lat": 45.03348 }, "geometry": { "type": "Point", "coordinates": [ -114.72924, 45.03348 ] } },
{ "type": "Feature", "properties": { "dep_id": "10266004", "site_name": "North Mildred Claim", "dev_stat": "Prospect", "code_list": " AU CU ", "target_commodity": "Gold", "lon": -115.24656, "lat": 45.21598 }, "geometry": { "type": "Point", "coordinates": [ -115.24656, 45.21598 ] } },
{ "type": "Feature", "properties": { "dep_id": "10266018", "site_name": "Spare Time Mine", "dev_stat": "Occurrence", "code_list": " AU ", "target_commodity": "Gold", "lon": -115.44098, "lat": 45.82817 }, "geometry": { "type": "Point", "coordinates": [ -115.44098, 45.82817 ] } },
{ "type": "Feature", "properties": { "dep_id": "10266024", "site_name": "Sundown", "dev_stat": "Past Producer", "code_list": " AU AG ", "target_commodity": "Gold", "lon": -114.72204, "lat": 45.03348 }, "geometry": { "type": "Point", "coordinates": [ -114.72204, 45.03348 ] } },
{ "type": "Feature", "properties": { "dep_id": "10266029", "site_name": "Hewitt Prospect", "dev_stat": "Prospect", "code_list": " AU ", "target_commodity": "Gold", "lon": -115.48877, "lat": 45.59517 }, "geometry": { "type": "Point", "coordinates": [ -115.48877, 45.59517 ] } },
{ "type": "Feature", "properties": { "dep_id": "10266047", "site_name": "Lakeside Prospect", "dev_stat": "Occurrence", "code_list": " AU W ", "target_commodity": "Gold", "lon": -115.36706, "lat": 45.15208 }, "geometry": { "type": "Point", "coordinates": [ -115.36706, 45.15208 ] } },
{ "type": "Feature", "properties": { "dep_id": "10266061", "site_name": "Harpster & Little", "dev_stat": "Occurrence", "code_list": " AU AG ", "target_commodity": "Gold", "lon": -116.1677, "lat": 45.54157 }, "geometry": { "type": "Point", "coordinates": [ -116.1677, 45.54157 ] } },
{ "type": "Feature", "properties": { "dep_id": "10266076", "site_name": "Martinez Vein", "dev_stat": "Prospect", "code_list": " AU AG ", "target_commodity": "Gold", "lon": -115.71098, "lat": 45.31767 }, "geometry": { "type": "Point", "coordinates": [ -115.71098, 45.31767 ] } },
{ "type": "Feature", "properties": { "dep_id": "10266081", "site_name": "Monumental Bar Placer", "dev_stat": "Prospect", "code_list": " AU ", "target_commodity": "Gold", "lon": -115.12956, "lat": 45.16128 }, "geometry": { "type": "Point", "coordinates": [ -115.12956, 45.16128 ] } },
{ "type": "Feature", "properties": { "dep_id": "10266172", "site_name": "Gold Hill Group", "dev_stat": "Prospect", "code_list": " AU ", "target_commodity": "Gold", "lon": -115.37126, "lat": 45.17738 }, "geometry": { "type": "Point", "coordinates": [ -115.37126, 45.17738 ] } },
{ "type": "Feature", "properties": { "dep_id": "10266173", "site_name": "Acorn Butte No. 2 Prospect", "dev_stat": "Prospect", "code_list": " AU AG ", "target_commodity": "Gold", "lon": -115.07786, "lat": 45.18318 }, "geometry": { "type": "Point", "coordinates": [ -115.07786, 45.18318 ] } },
{ "type": "Feature", "properties": { "dep_id": "10266177", "site_name": "White Oak Prospect", "dev_stat": "Prospect", "code_list": " AU AG ", "target_commodity": "Gold", "lon": -115.15985, "lat": 44.94988 }, "geometry": { "type": "Point", "coordinates": [ -115.15985, 44.94988 ] } },
{ "type": "Feature", "properties": { "dep_id": "10266179", "site_name": "Monumental Prospect", "dev_stat": "Prospect", "code_list": " AU AG ", "target_commodity": "Gold", "lon": -115.17285, "lat": 44.96268 }, "geometry": { "type": "Point", "coordinates": [ -115.17285, 44.96268 ] } },
{ "type": "Feature", "properties": { "dep_id": "10266194", "site_name": "Johnson Mining", "dev_stat": "Past Producer", "code_list": " AU ", "target_commodity": "Gold", "lon": -115.41568, "lat": 45.83767 }, "geometry": { "type": "Point", "coordinates": [ -115.41568, 45.83767 ] } },
{ "type": "Feature", "properties": { "dep_id": "10266201", "site_name": "Dump Creek Placer", "dev_stat": "Unknown", "code_list": " AU ", "target_commodity": "Gold", "lon": -114.06843, "lat": 45.37679 }, "geometry": { "type": "Point", "coordinates": [ -114.06843, 45.37679 ] } },
{ "type": "Feature", "properties": { "dep_id": "10266218", "site_name": "Milk Lake Prospect", "dev_stat": "Prospect", "code_list": " AU AG ", "target_commodity": "Gold", "lon": -115.08735, "lat": 45.04928 }, "geometry": { "type": "Point", "coordinates": [ -115.08735, 45.04928 ] } },
{ "type": "Feature", "properties": { "dep_id": "10266226", "site_name": "Lucky Strike Claim", "dev_stat": "Prospect", "code_list": " AU ", "target_commodity": "Gold", "lon": -115.23426, "lat": 45.19268 }, "geometry": { "type": "Point", "coordinates": [ -115.23426, 45.19268 ] } },
{ "type": "Feature", "properties": { "dep_id": "10266229", "site_name": "Tenderfoot Prospect", "dev_stat": "Occurrence", "code_list": " AU ", "target_commodity": "Gold", "lon": -115.28286, "lat": 45.15768 }, "geometry": { "type": "Point", "coordinates": [ -115.28286, 45.15768 ] } },
{ "type": "Feature", "properties": { "dep_id": "10266248", "site_name": "Dagnapan Prospect", "dev_stat": "Prospect", "code_list": " AU AG ", "target_commodity": "Gold", "lon": -115.30566, "lat": 45.17818 }, "geometry": { "type": "Point", "coordinates": [ -115.30566, 45.17818 ] } },
{ "type": "Feature", "properties": { "dep_id": "10266258", "site_name": "Clipper Bullion Mine", "dev_stat": "Past Producer", "code_list": " AU PB ", "target_commodity": "Gold", "lon": -114.27733, "lat": 45.36848 }, "geometry": { "type": "Point", "coordinates": [ -114.27733, 45.36848 ] } },
{ "type": "Feature", "properties": { "dep_id": "10266265", "site_name": "Gold Hill Mine", "dev_stat": "Prospect", "code_list": " AU AG ", "target_commodity": "Gold", "lon": -114.29063, "lat": 45.37048 }, "geometry": { "type": "Point", "coordinates": [ -114.29063, 45.37048 ] } },
{ "type": "Feature", "properties": { "dep_id": "10266267", "site_name": "Camas Creek", "dev_stat": "Occurrence", "code_list": " AU ", "target_commodity": "Gold", "lon": -114.72594, "lat": 44.88958 }, "geometry": { "type": "Point", "coordinates": [ -114.72594, 44.88958 ] } },
{ "type": "Feature", "properties": { "dep_id": "10266285", "site_name": "Dreadnaught", "dev_stat": "Past Producer", "code_list": " AU ", "target_commodity": "Gold", "lon": -115.71658, "lat": 45.26127 }, "geometry": { "type": "Point", "coordinates": [ -115.71658, 45.26127 ] } },
{ "type": "Feature", "properties": { "dep_id": "10266287", "site_name": "L.S. No. 1 Claim", "dev_stat": "Prospect", "code_list": " AG AU ", "target_commodity": "Gold", "lon": -115.04985, "lat": 44.97268 }, "geometry": { "type": "Point", "coordinates": [ -115.04985, 44.97268 ] } },
{ "type": "Feature", "properties": { "dep_id": "10266308", "site_name": "Haystack Mine", "dev_stat": "Past Producer", "code_list": " AU AG ", "target_commodity": "Gold", "lon": -115.59818, "lat": 45.77297 }, "geometry": { "type": "Point", "coordinates": [ -115.59818, 45.77297 ] } },
{ "type": "Feature", "properties": { "dep_id": "10266310", "site_name": "Alpha", "dev_stat": "Past Producer", "code_list": " AU AG ", "target_commodity": "Gold", "lon": -115.67237, "lat": 45.22877 }, "geometry": { "type": "Point", "coordinates": [ -115.67237, 45.22877 ] } },
{ "type": "Feature", "properties": { "dep_id": "10266333", "site_name": "Silver Eagle", "dev_stat": "Prospect", "code_list": " AU AG ", "target_commodity": "Gold", "lon": -115.65957, "lat": 45.19907 }, "geometry": { "type": "Point", "coordinates": [ -115.65957, 45.19907 ] } },
{ "type": "Feature", "properties": { "dep_id": "10266347", "site_name": "Rattlesnake Camp Prospect", "dev_stat": "Prospect", "code_list": " AU ", "target_commodity": "Gold", "lon": -114.72374, "lat": 45.04048 }, "geometry": { "type": "Point", "coordinates": [ -114.72374, 45.04048 ] } },
{ "type": "Feature", "properties": { "dep_id": "10266369", "site_name": "Giant Legge Group", "dev_stat": "Prospect", "code_list": " AG AU ", "target_commodity": "Gold", "lon": -115.20265, "lat": 44.87428 }, "geometry": { "type": "Point", "coordinates": [ -115.20265, 44.87428 ] } },
{ "type": "Feature", "properties": { "dep_id": "10266383", "site_name": "Hempstead Claims", "dev_stat": "Occurrence", "code_list": " AU AG ", "target_commodity": "Gold", "lon": -114.31033, "lat": 45.36378 }, "geometry": { "type": "Point", "coordinates": [ -114.31033, 45.36378 ] } },
{ "type": "Feature", "properties": { "dep_id": "10266395", "site_name": "No Name Claim", "dev_stat": "Prospect", "code_list": " TI AU ", "target_commodity": "Gold", "lon": -115.07515, "lat": 45.15958 }, "geometry": { "type": "Point", "coordinates": [ -115.07515, 45.15958 ] } },
{ "type": "Feature", "properties": { "dep_id": "10266406", "site_name": "Talc Creek Prospect", "dev_stat": "Occurrence", "code_list": " AU ", "target_commodity": "Gold", "lon": -115.13675, "lat": 45.06208 }, "geometry": { "type": "Point", "coordinates": [ -115.13675, 45.06208 ] } },
{ "type": "Feature", "properties": { "dep_id": "10266407", "site_name": "Garnet Cr", "dev_stat": "Past Producer", "code_list": " AU SB ", "target_commodity": "Gold", "lon": -115.31536, "lat": 44.90928 }, "geometry": { "type": "Point", "coordinates": [ -115.31536, 44.90928 ] } },
{ "type": "Feature", "properties": { "dep_id": "10266421", "site_name": "Homestake Placer", "dev_stat": "Unknown", "code_list": " AU ", "target_commodity": "Gold", "lon": -114.01903, "lat": 45.39429 }, "geometry": { "type": "Point", "coordinates": [ -114.01903, 45.39429 ] } },
{ "type": "Feature", "properties": { "dep_id": "10266427", "site_name": "Copper Creek Placer", "dev_stat": "Prospect", "code_list": " AU ", "target_commodity": "Gold", "lon": -115.21406, "lat": 45.16678 }, "geometry": { "type": "Point", "coordinates": [ -115.21406, 45.16678 ] } },
{ "type": "Feature", "properties": { "dep_id": "10266441", "site_name": "Unnamed Location", "dev_stat": "Occurrence", "code_list": " AU ", "target_commodity": "Gold", "lon": -114.10873, "lat": 45.24129 }, "geometry": { "type": "Point", "coordinates": [ -114.10873, 45.24129 ] } },
{ "type": "Feature", "properties": { "dep_id": "10266464", "site_name": "Central Prospect", "dev_stat": "Prospect", "code_list": " AU AG ", "target_commodity": "Gold", "lon": -115.21846, "lat": 44.95928 }, "geometry": { "type": "Point", "coordinates": [ -115.21846, 44.95928 ] } },
{ "type": "Feature", "properties": { "dep_id": "10266478", "site_name": "Crooked Creek Prospect", "dev_stat": "Prospect", "code_list": " AU ", "target_commodity": "Gold", "lon": -115.09266, "lat": 45.19128 }, "geometry": { "type": "Point", "coordinates": [ -115.09266, 45.19128 ] } },
{ "type": "Feature", "properties": { "dep_id": "10266514", "site_name": "Black Eagle", "dev_stat": "Occurrence", "code_list": " AU AG CU ", "target_commodity": "Gold", "lon": -114.55204, "lat": 45.01208 }, "geometry": { "type": "Point", "coordinates": [ -114.55204, 45.01208 ] } },
{ "type": "Feature", "properties": { "dep_id": "10266549", "site_name": "Pilot Knob North Prospect", "dev_stat": "Occurrence", "code_list": " AU ", "target_commodity": "Gold", "lon": -115.71129, "lat": 45.90177 }, "geometry": { "type": "Point", "coordinates": [ -115.71129, 45.90177 ] } },
{ "type": "Feature", "properties": { "dep_id": "10266554", "site_name": "Ok", "dev_stat": "Past Producer", "code_list": " AU ", "target_commodity": "Gold", "lon": -115.33427, "lat": 45.66658 }, "geometry": { "type": "Point", "coordinates": [ -115.33427, 45.66658 ] } },
{ "type": "Feature", "properties": { "dep_id": "10266557", "site_name": "Mile Flat Placer", "dev_stat": "Prospect", "code_list": " AU ", "target_commodity": "Gold", "lon": -115.09676, "lat": 45.14848 }, "geometry": { "type": "Point", "coordinates": [ -115.09676, 45.14848 ] } },
{ "type": "Feature", "properties": { "dep_id": "10266558", "site_name": "Parr", "dev_stat": "Occurrence", "code_list": " AU ", "target_commodity": "Gold", "lon": -115.42018, "lat": 45.91597 }, "geometry": { "type": "Point", "coordinates": [ -115.42018, 45.91597 ] } },
{ "type": "Feature", "properties": { "dep_id": "10266567", "site_name": "Gold Flint", "dev_stat": "Past Producer", "code_list": " AU AG ", "target_commodity": "Gold", "lon": -114.10763, "lat": 45.24519 }, "geometry": { "type": "Point", "coordinates": [ -114.10763, 45.24519 ] } },
{ "type": "Feature", "properties": { "dep_id": "10266580", "site_name": "Unnamed Prospect", "dev_stat": "Prospect", "code_list": " AU ", "target_commodity": "Gold", "lon": -115.70208, "lat": 45.23957 }, "geometry": { "type": "Point", "coordinates": [ -115.70208, 45.23957 ] } },
{ "type": "Feature", "properties": { "dep_id": "10266585", "site_name": "Rainbow Claims", "dev_stat": "Occurrence", "code_list": " AU ", "target_commodity": "Gold", "lon": -115.79599, "lat": 45.80817 }, "geometry": { "type": "Point", "coordinates": [ -115.79599, 45.80817 ] } },
{ "type": "Feature", "properties": { "dep_id": "10266596", "site_name": "Lower Survey Creek Prospect", "dev_stat": "Occurrence", "code_list": " AU CU ", "target_commodity": "Gold", "lon": -114.72844, "lat": 45.05908 }, "geometry": { "type": "Point", "coordinates": [ -114.72844, 45.05908 ] } },
{ "type": "Feature", "properties": { "dep_id": "10266603", "site_name": "Black Diamond", "dev_stat": "Unknown", "code_list": " AU ", "target_commodity": "Gold", "lon": -114.16063, "lat": 45.16429 }, "geometry": { "type": "Point", "coordinates": [ -114.16063, 45.16429 ] } },
{ "type": "Feature", "properties": { "dep_id": "10266609", "site_name": "Bill Timm Group", "dev_stat": "Prospect", "code_list": " AU AG ", "target_commodity": "Gold", "lon": -115.15455, "lat": 44.94738 }, "geometry": { "type": "Point", "coordinates": [ -115.15455, 44.94738 ] } },
{ "type": "Feature", "properties": { "dep_id": "10266612", "site_name": "Garm-Lamoreaux Mine", "dev_stat": "Unknown", "code_list": " AU CU ", "target_commodity": "Gold", "lon": -114.03453, "lat": 45.54129 }, "geometry": { "type": "Point", "coordinates": [ -114.03453, 45.54129 ] } },
{ "type": "Feature", "properties": { "dep_id": "10266615", "site_name": "Wild Goose Claim", "dev_stat": "Occurrence", "code_list": " AU ", "target_commodity": "Gold", "lon": -115.80158, "lat": 45.38707 }, "geometry": { "type": "Point", "coordinates": [ -115.80158, 45.38707 ] } },
{ "type": "Feature", "properties": { "dep_id": "10266639", "site_name": "Golden Giant Prospect", "dev_stat": "Prospect", "code_list": " AU ", "target_commodity": "Gold", "lon": -115.16015, "lat": 44.94068 }, "geometry": { "type": "Point", "coordinates": [ -115.16015, 44.94068 ] } },
{ "type": "Feature", "properties": { "dep_id": "10266644", "site_name": "Tappan Ranch Placer", "dev_stat": "Prospect", "code_list": " AU ", "target_commodity": "Gold", "lon": -114.77014, "lat": 44.87128 }, "geometry": { "type": "Point", "coordinates": [ -114.77014, 44.87128 ] } },
{ "type": "Feature", "properties": { "dep_id": "10266647", "site_name": "Unknown", "dev_stat": "Occurrence", "code_list": " AU ", "target_commodity": "Gold", "lon": -115.69098, "lat": 45.23207 }, "geometry": { "type": "Point", "coordinates": [ -115.69098, 45.23207 ] } },
{ "type": "Feature", "properties": { "dep_id": "10266655", "site_name": "Century Gold Project", "dev_stat": "Occurrence", "code_list": " AU AG ", "target_commodity": "Gold", "lon": -115.18875, "lat": 44.91798 }, "geometry": { "type": "Point", "coordinates": [ -115.18875, 44.91798 ] } },
{ "type": "Feature", "properties": { "dep_id": "10266662", "site_name": "Golden Dutchman", "dev_stat": "Past Producer", "code_list": " AU ", "target_commodity": "Gold", "lon": -115.67287, "lat": 45.22067 }, "geometry": { "type": "Point", "coordinates": [ -115.67287, 45.22067 ] } },
{ "type": "Feature", "properties": { "dep_id": "10266690", "site_name": "Nabob Mine", "dev_stat": "Past Producer", "code_list": " AU AG ", "target_commodity": "Gold", "lon": -114.39064, "lat": 45.37428 }, "geometry": { "type": "Point", "coordinates": [ -114.39064, 45.37428 ] } },
{ "type": "Feature", "properties": { "dep_id": "10266697", "site_name": "Monument Prospect", "dev_stat": "Prospect", "code_list": " GEM_SP AU ", "target_commodity": "Gold", "lon": -115.12065, "lat": 45.04738 }, "geometry": { "type": "Point", "coordinates": [ -115.12065, 45.04738 ] } },
{ "type": "Feature", "properties": { "dep_id": "10266698", "site_name": "Upper Leggett Quarry", "dev_stat": "Past Producer", "code_list": " AU ", "target_commodity": "Gold", "lon": -115.66488, "lat": 45.83737 }, "geometry": { "type": "Point", "coordinates": [ -115.66488, 45.83737 ] } },
{ "type": "Feature", "properties": { "dep_id": "10266707", "site_name": "Daylight and Darkness Group", "dev_stat": "Prospect", "code_list": " AU ", "target_commodity": "Gold", "lon": -115.06405, "lat": 44.87678 }, "geometry": { "type": "Point", "coordinates": [ -115.06405, 44.87678 ] } },
{ "type": "Feature", "properties": { "dep_id": "10266719", "site_name": "Hard Boil Bar", "dev_stat": "Prospect", "code_list": " AU ", "target_commodity": "Gold", "lon": -115.06815, "lat": 45.14488 }, "geometry": { "type": "Point", "coordinates": [ -115.06815, 45.14488 ] } },
{ "type": "Feature", "properties": { "dep_id": "10266724", "site_name": "Slaughterhouse", "dev_stat": "Occurrence", "code_list": " AU ", "target_commodity": "Gold", "lon": -114.50373, "lat": 44.97798 }, "geometry": { "type": "Point", "coordinates": [ -114.50373, 44.97798 ] } },
{ "type": "Feature", "properties": { "dep_id": "10270507", "site_name": "Last Chance", "dev_stat": "Unknown", "code_list": " AU ", "target_commodity": "Gold", "lon": -114.30264, "lat": 45.62848 }, "geometry": { "type": "Point", "coordinates": [ -114.30264, 45.62848 ] } },
{ "type": "Feature", "properties": { "dep_id": "10280997", "site_name": "Sampson", "dev_stat": "Occurrence", "code_list": " AU ", "target_commodity": "Gold", "lon": -115.59177, "lat": 45.37317 }, "geometry": { "type": "Point", "coordinates": [ -115.59177, 45.37317 ] } },
{ "type": "Feature", "properties": { "dep_id": "10281038", "site_name": "Little Leggett Placer Mine", "dev_stat": "Past Producer", "code_list": " AU ", "target_commodity": "Gold", "lon": -115.65348, "lat": 45.83237 }, "geometry": { "type": "Point", "coordinates": [ -115.65348, 45.83237 ] } },
{ "type": "Feature", "properties": { "dep_id": "10281105", "site_name": "Cinnamon Bear Prospect", "dev_stat": "Occurrence", "code_list": " AU AG ", "target_commodity": "Gold", "lon": -115.12845, "lat": 44.94268 }, "geometry": { "type": "Point", "coordinates": [ -115.12845, 44.94268 ] } },
{ "type": "Feature", "properties": { "dep_id": "10281335", "site_name": "Arnett Creek Project", "dev_stat": "Producer", "code_list": " AU ", "target_commodity": "Gold", "lon": -114.19733, "lat": 45.22629 }, "geometry": { "type": "Point", "coordinates": [ -114.19733, 45.22629 ] } },
{ "type": "Feature", "properties": { "dep_id": "10288697", "site_name": "Chicago Placer", "dev_stat": "Unknown", "code_list": " AU ", "target_commodity": "Gold", "lon": -114.32174, "lat": 45.59348 }, "geometry": { "type": "Point", "coordinates": [ -114.32174, 45.59348 ] } },
{ "type": "Feature", "properties": { "dep_id": "10288917", "site_name": "Unknown", "dev_stat": "Occurrence", "code_list": " AU ", "target_commodity": "Gold", "lon": -115.69098, "lat": 45.23207 }, "geometry": { "type": "Point", "coordinates": [ -115.69098, 45.23207 ] } },
{ "type": "Feature", "properties": { "dep_id": "10289561", "site_name": "Six Mile Mine", "dev_stat": "Past Producer", "code_list": " AU ", "target_commodity": "Gold", "lon": -115.58618, "lat": 45.74297 }, "geometry": { "type": "Point", "coordinates": [ -115.58618, 45.74297 ] } },
{ "type": "Feature", "properties": { "dep_id": "10289571", "site_name": "Colonel Sellers", "dev_stat": "Past Producer", "code_list": " AU CU ", "target_commodity": "Gold", "lon": -115.42658, "lat": 45.85127 }, "geometry": { "type": "Point", "coordinates": [ -115.42658, 45.85127 ] } },
{ "type": "Feature", "properties": { "dep_id": "10289582", "site_name": "Unnamed Prospect", "dev_stat": "Prospect", "code_list": " AU ", "target_commodity": "Gold", "lon": -115.53288, "lat": 45.69547 }, "geometry": { "type": "Point", "coordinates": [ -115.53288, 45.69547 ] } },
{ "type": "Feature", "properties": { "dep_id": "10289589", "site_name": "Blue Jay", "dev_stat": "Past Producer", "code_list": " AU CU ", "target_commodity": "Gold", "lon": -115.64318, "lat": 45.46177 }, "geometry": { "type": "Point", "coordinates": [ -115.64318, 45.46177 ] } },
{ "type": "Feature", "properties": { "dep_id": "10289596", "site_name": "McKinley-Republican Mine", "dev_stat": "Past Producer", "code_list": " AU ", "target_commodity": "Gold", "lon": -115.46207, "lat": 45.52817 }, "geometry": { "type": "Point", "coordinates": [ -115.46207, 45.52817 ] } },
{ "type": "Feature", "properties": { "dep_id": "10289633", "site_name": "Easter Placer Mine", "dev_stat": "Past Producer", "code_list": " AU ", "target_commodity": "Gold", "lon": -115.63568, "lat": 45.86377 }, "geometry": { "type": "Point", "coordinates": [ -115.63568, 45.86377 ] } },
{ "type": "Feature", "properties": { "dep_id": "10289644", "site_name": "Elizabeth", "dev_stat": "Occurrence", "code_list": " AU ", "target_commodity": "Gold", "lon": -115.66708, "lat": 45.58127 }, "geometry": { "type": "Point", "coordinates": [ -115.66708, 45.58127 ] } },
{ "type": "Feature", "properties": { "dep_id": "10289738", "site_name": "Congress", "dev_stat": "Occurrence", "code_list": " AU ", "target_commodity": "Gold", "lon": -115.41788, "lat": 45.83657 }, "geometry": { "type": "Point", "coordinates": [ -115.41788, 45.83657 ] } },
{ "type": "Feature", "properties": { "dep_id": "10289741", "site_name": "Burpee Mine", "dev_stat": "Prospect", "code_list": " AU AG ", "target_commodity": "Gold", "lon": -115.47737, "lat": 45.59097 }, "geometry": { "type": "Point", "coordinates": [ -115.47737, 45.59097 ] } },
{ "type": "Feature", "properties": { "dep_id": "10289773", "site_name": "Pony View", "dev_stat": "Past Producer", "code_list": " AU ", "target_commodity": "Gold", "lon": -115.65597, "lat": 45.22317 }, "geometry": { "type": "Point", "coordinates": [ -115.65597, 45.22317 ] } },
{ "type": "Feature", "properties": { "dep_id": "10289783", "site_name": "Erickson Reef", "dev_stat": "Past Producer", "code_list": " AU AG ", "target_commodity": "Gold", "lon": -115.48518, "lat": 45.89597 }, "geometry": { "type": "Point", "coordinates": [ -115.48518, 45.89597 ] } },
{ "type": "Feature", "properties": { "dep_id": "10289799", "site_name": "Dutchess", "dev_stat": "Prospect", "code_list": " AU ", "target_commodity": "Gold", "lon": -115.67657, "lat": 45.23797 }, "geometry": { "type": "Point", "coordinates": [ -115.67657, 45.23797 ] } },
{ "type": "Feature", "properties": { "dep_id": "10289818", "site_name": "Alder", "dev_stat": "Occurrence", "code_list": " AU ", "target_commodity": "Gold", "lon": -115.59177, "lat": 45.37317 }, "geometry": { "type": "Point", "coordinates": [ -115.59177, 45.37317 ] } },
{ "type": "Feature", "properties": { "dep_id": "10289835", "site_name": "Edna L D-Square Ferry Placers", "dev_stat": "Prospect", "code_list": " AU TH ", "target_commodity": "Gold", "lon": -116.01489, "lat": 45.42767 }, "geometry": { "type": "Point", "coordinates": [ -116.01489, 45.42767 ] } },
{ "type": "Feature", "properties": { "dep_id": "10289900", "site_name": "Hematite Mine", "dev_stat": "Past Producer", "code_list": " AU AG ", "target_commodity": "Gold", "lon": -115.55848, "lat": 45.60767 }, "geometry": { "type": "Point", "coordinates": [ -115.55848, 45.60767 ] } },
{ "type": "Feature", "properties": { "dep_id": "10289902", "site_name": "Elk City Mines Buffalo Gulch", "dev_stat": "Past Producer", "code_list": " AU AG ", "target_commodity": "Gold", "lon": -115.48318, "lat": 45.83877 }, "geometry": { "type": "Point", "coordinates": [ -115.48318, 45.83877 ] } },
{ "type": "Feature", "properties": { "dep_id": "10289927", "site_name": "Elk City Placers", "dev_stat": "Occurrence", "code_list": " AU ", "target_commodity": "Gold", "lon": -115.44068, "lat": 45.82547 }, "geometry": { "type": "Point", "coordinates": [ -115.44068, 45.82547 ] } },
{ "type": "Feature", "properties": { "dep_id": "10289929", "site_name": "Florence", "dev_stat": "Unknown", "code_list": " AU AG ", "target_commodity": "Gold", "lon": -116.03209, "lat": 45.49677 }, "geometry": { "type": "Point", "coordinates": [ -116.03209, 45.49677 ] } },
{ "type": "Feature", "properties": { "dep_id": "10289931", "site_name": "Lost Wheelbarrow", "dev_stat": "Prospect", "code_list": " AU ", "target_commodity": "Gold", "lon": -115.51788, "lat": 45.68877 }, "geometry": { "type": "Point", "coordinates": [ -115.51788, 45.68877 ] } },
{ "type": "Feature", "properties": { "dep_id": "10289932", "site_name": "Dyer Placer", "dev_stat": "Occurrence", "code_list": " AU ", "target_commodity": "Gold", "lon": -115.45378, "lat": 45.89067 }, "geometry": { "type": "Point", "coordinates": [ -115.45378, 45.89067 ] } },
{ "type": "Feature", "properties": { "dep_id": "10289936", "site_name": "Lower Quarry Prospect", "dev_stat": "Occurrence", "code_list": " AU ", "target_commodity": "Gold", "lon": -115.66178, "lat": 45.84067 }, "geometry": { "type": "Point", "coordinates": [ -115.66178, 45.84067 ] } },
{ "type": "Feature", "properties": { "dep_id": "10289962", "site_name": "West Fork Sawmill Creek Placer", "dev_stat": "Occurrence", "code_list": " AU ", "target_commodity": "Gold", "lon": -115.65599, "lat": 45.90817 }, "geometry": { "type": "Point", "coordinates": [ -115.65599, 45.90817 ] } },
{ "type": "Feature", "properties": { "dep_id": "10289964", "site_name": "Baker's Lode", "dev_stat": "Past Producer", "code_list": " AU ", "target_commodity": "Gold", "lon": -115.53518, "lat": 45.86677 }, "geometry": { "type": "Point", "coordinates": [ -115.53518, 45.86677 ] } },
{ "type": "Feature", "properties": { "dep_id": "10290048", "site_name": "News Prospect", "dev_stat": "Occurrence", "code_list": " AU ", "target_commodity": "Gold", "lon": -115.65988, "lat": 45.84237 }, "geometry": { "type": "Point", "coordinates": [ -115.65988, 45.84237 ] } },
{ "type": "Feature", "properties": { "dep_id": "10290094", "site_name": "Meador Placer Mine", "dev_stat": "Past Producer", "code_list": " AU ", "target_commodity": "Gold", "lon": -115.65428, "lat": 45.82067 }, "geometry": { "type": "Point", "coordinates": [ -115.65428, 45.82067 ] } },
{ "type": "Feature", "properties": { "dep_id": "10290107", "site_name": "Lorain Lode", "dev_stat": "Past Producer", "code_list": " AU ", "target_commodity": "Gold", "lon": -116.01429, "lat": 45.52797 }, "geometry": { "type": "Point", "coordinates": [ -116.01429, 45.52797 ] } },
{ "type": "Feature", "properties": { "dep_id": "10290111", "site_name": "Mahoney Creek, Steamboat & Ole", "dev_stat": "Prospect", "code_list": " AU ", "target_commodity": "Gold", "lon": -115.69598, "lat": 45.27767 }, "geometry": { "type": "Point", "coordinates": [ -115.69598, 45.27767 ] } },
{ "type": "Feature", "properties": { "dep_id": "10290182", "site_name": "Gold Hill Claims", "dev_stat": "Prospect", "code_list": " AG AU ", "target_commodity": "Gold", "lon": -115.53988, "lat": 45.57207 }, "geometry": { "type": "Point", "coordinates": [ -115.53988, 45.57207 ] } },
{ "type": "Feature", "properties": { "dep_id": "10290211", "site_name": "Verne Hiskey Mining Claim Group", "dev_stat": "Past Producer", "code_list": " AU ", "target_commodity": "Gold", "lon": -115.99849, "lat": 45.50177 }, "geometry": { "type": "Point", "coordinates": [ -115.99849, 45.50177 ] } },
{ "type": "Feature", "properties": { "dep_id": "10290241", "site_name": "Jackson Bar Placer", "dev_stat": "Past Producer", "code_list": " AU ", "target_commodity": "Gold", "lon": -115.50487, "lat": 45.38847 }, "geometry": { "type": "Point", "coordinates": [ -115.50487, 45.38847 ] } },
{ "type": "Feature", "properties": { "dep_id": "10290253", "site_name": "Crystal Mine", "dev_stat": "Past Producer", "code_list": " AU ", "target_commodity": "Gold", "lon": -115.83098, "lat": 45.33067 }, "geometry": { "type": "Point", "coordinates": [ -115.83098, 45.33067 ] } },
{ "type": "Feature", "properties": { "dep_id": "10290255", "site_name": "Blacksand Placer Mine", "dev_stat": "Past Producer", "code_list": " AU ", "target_commodity": "Gold", "lon": -115.43157, "lat": 45.58377 }, "geometry": { "type": "Point", "coordinates": [ -115.43157, 45.58377 ] } },
{ "type": "Feature", "properties": { "dep_id": "10290283", "site_name": "Eagle", "dev_stat": "Occurrence", "code_list": " AU AG SB ", "target_commodity": "Gold", "lon": -115.36206, "lat": 45.11318 }, "geometry": { "type": "Point", "coordinates": [ -115.36206, 45.11318 ] } },
{ "type": "Feature", "properties": { "dep_id": "10290340", "site_name": "Idaho Primitive Area.", "dev_stat": "Prospect", "code_list": " AU ", "target_commodity": "Gold", "lon": -115.06015, "lat": 45.14298 }, "geometry": { "type": "Point", "coordinates": [ -115.06015, 45.14298 ] } },
{ "type": "Feature", "properties": { "dep_id": "10290348", "site_name": "Profile Gap Prospect", "dev_stat": "Prospect", "code_list": " AU PB ", "target_commodity": "Gold", "lon": -115.41626, "lat": 45.05958 }, "geometry": { "type": "Point", "coordinates": [ -115.41626, 45.05958 ] } },
{ "type": "Feature", "properties": { "dep_id": "10290353", "site_name": "Buckhorn Mine", "dev_stat": "Prospect", "code_list": " CU AU ", "target_commodity": "Gold", "lon": -114.02092, "lat": 45.13489 }, "geometry": { "type": "Point", "coordinates": [ -114.02092, 45.13489 ] } },
{ "type": "Feature", "properties": { "dep_id": "10290360", "site_name": "H-Y", "dev_stat": "Occurrence", "code_list": " AU ", "target_commodity": "Gold", "lon": -115.14095, "lat": 44.94658 }, "geometry": { "type": "Point", "coordinates": [ -115.14095, 44.94658 ] } },
{ "type": "Feature", "properties": { "dep_id": "10290367", "site_name": "Gold Dust", "dev_stat": "Occurrence", "code_list": " AU ", "target_commodity": "Gold", "lon": -114.11123, "lat": 45.23769 }, "geometry": { "type": "Point", "coordinates": [ -114.11123, 45.23769 ] } },
{ "type": "Feature", "properties": { "dep_id": "10290376", "site_name": "Gambler Group Four Claims", "dev_stat": "Unknown", "code_list": " AU ", "target_commodity": "Gold", "lon": -114.05483, "lat": 45.53129 }, "geometry": { "type": "Point", "coordinates": [ -114.05483, 45.53129 ] } },
{ "type": "Feature", "properties": { "dep_id": "10290381", "site_name": "Gladstone Gulch", "dev_stat": "Unknown", "code_list": " AU ", "target_commodity": "Gold", "lon": -114.49513, "lat": 44.97768 }, "geometry": { "type": "Point", "coordinates": [ -114.49513, 44.97768 ] } },
{ "type": "Feature", "properties": { "dep_id": "10290404", "site_name": "Acorn Butte No. 3 Prospect", "dev_stat": "Prospect", "code_list": " AU CU ", "target_commodity": "Gold", "lon": -115.07926, "lat": 45.20018 }, "geometry": { "type": "Point", "coordinates": [ -115.07926, 45.20018 ] } },
{ "type": "Feature", "properties": { "dep_id": "10290428", "site_name": "Black Swan Prospect", "dev_stat": "Occurrence", "code_list": " AU AG ", "target_commodity": "Gold", "lon": -115.34406, "lat": 45.19348 }, "geometry": { "type": "Point", "coordinates": [ -115.34406, 45.19348 ] } },
{ "type": "Feature", "properties": { "dep_id": "10290469", "site_name": "Boulder Creek", "dev_stat": "Past Producer", "code_list": " AU AG ", "target_commodity": "Gold", "lon": -114.36844, "lat": 45.43178 }, "geometry": { "type": "Point", "coordinates": [ -114.36844, 45.43178 ] } },
{ "type": "Feature", "properties": { "dep_id": "10290478", "site_name": "Unnamed Location", "dev_stat": "Occurrence", "code_list": " AU ", "target_commodity": "Gold", "lon": -114.13952, "lat": 45.14929 }, "geometry": { "type": "Point", "coordinates": [ -114.13952, 45.14929 ] } },
{ "type": "Feature", "properties": { "dep_id": "10290489", "site_name": "Golden Bear No. 2", "dev_stat": "Prospect", "code_list": " CO AU ", "target_commodity": "Gold", "lon": -115.13016, "lat": 45.17878 }, "geometry": { "type": "Point", "coordinates": [ -115.13016, 45.17878 ] } },
{ "type": "Feature", "properties": { "dep_id": "10290523", "site_name": "Unnamed Mine", "dev_stat": "Occurrence", "code_list": " AU ", "target_commodity": "Gold", "lon": -114.75514, "lat": 45.05818 }, "geometry": { "type": "Point", "coordinates": [ -114.75514, 45.05818 ] } },
{ "type": "Feature", "properties": { "dep_id": "10290526", "site_name": "Hennessey Camp", "dev_stat": "Past Producer", "code_list": " SB AU ", "target_commodity": "Gold", "lon": -115.33536, "lat": 44.92598 }, "geometry": { "type": "Point", "coordinates": [ -115.33536, 44.92598 ] } },
{ "type": "Feature", "properties": { "dep_id": "10290592", "site_name": "Crackerjack Prospect", "dev_stat": "Prospect", "code_list": " AU CU ", "target_commodity": "Gold", "lon": -114.56654, "lat": 44.97568 }, "geometry": { "type": "Point", "coordinates": [ -114.56654, 44.97568 ] } },
{ "type": "Feature", "properties": { "dep_id": "10290601", "site_name": "North", "dev_stat": "Occurrence", "code_list": " SB AU ", "target_commodity": "Gold", "lon": -115.34036, "lat": 44.90928 }, "geometry": { "type": "Point", "coordinates": [ -115.34036, 44.90928 ] } },
{ "type": "Feature", "properties": { "dep_id": "10290602", "site_name": "Monumental Cr. Ranch Placer", "dev_stat": "Prospect", "code_list": " AU ", "target_commodity": "Gold", "lon": -115.12155, "lat": 45.02178 }, "geometry": { "type": "Point", "coordinates": [ -115.12155, 45.02178 ] } },
{ "type": "Feature", "properties": { "dep_id": "10290622", "site_name": "Golden Cup Deposit", "dev_stat": "Occurrence", "code_list": " CU AU ", "target_commodity": "Gold", "lon": -115.35016, "lat": 45.15208 }, "geometry": { "type": "Point", "coordinates": [ -115.35016, 45.15208 ] } },
{ "type": "Feature", "properties": { "dep_id": "10290748", "site_name": "Yellow Jacket Placers", "dev_stat": "Occurrence", "code_list": " AU FE ", "target_commodity": "Gold", "lon": -114.52233, "lat": 44.98518 }, "geometry": { "type": "Point", "coordinates": [ -114.52233, 44.98518 ] } },
{ "type": "Feature", "properties": { "dep_id": "10290767", "site_name": "Ethal B Prospect", "dev_stat": "Occurrence", "code_list": " AU AG ", "target_commodity": "Gold", "lon": -115.12565, "lat": 44.94518 }, "geometry": { "type": "Point", "coordinates": [ -115.12565, 44.94518 ] } },
{ "type": "Feature", "properties": { "dep_id": "10290773", "site_name": "Brown Bear Prospect", "dev_stat": "Prospect", "code_list": " AU CU ", "target_commodity": "Gold", "lon": -115.09846, "lat": 45.17048 }, "geometry": { "type": "Point", "coordinates": [ -115.09846, 45.17048 ] } },
{ "type": "Feature", "properties": { "dep_id": "10290786", "site_name": "Sheep Creek Ranch Placer", "dev_stat": "Prospect", "code_list": " AU ", "target_commodity": "Gold", "lon": -114.72764, "lat": 44.93958 }, "geometry": { "type": "Point", "coordinates": [ -114.72764, 44.93958 ] } },
{ "type": "Feature", "properties": { "dep_id": "10290798", "site_name": "Ebeneezer Placer", "dev_stat": "Unknown", "code_list": " AU ", "target_commodity": "Gold", "lon": -114.51514, "lat": 45.30458 }, "geometry": { "type": "Point", "coordinates": [ -114.51514, 45.30458 ] } },
{ "type": "Feature", "properties": { "dep_id": "10290875", "site_name": "Freddy", "dev_stat": "Unknown", "code_list": " AU AG ", "target_commodity": "Gold", "lon": -115.32426, "lat": 45.13878 }, "geometry": { "type": "Point", "coordinates": [ -115.32426, 45.13878 ] } },
{ "type": "Feature", "properties": { "dep_id": "10290896", "site_name": "Big Buck Claim", "dev_stat": "Occurrence", "code_list": " AU PB ", "target_commodity": "Gold", "lon": -114.45063, "lat": 45.05768 }, "geometry": { "type": "Point", "coordinates": [ -114.45063, 45.05768 ] } },
{ "type": "Feature", "properties": { "dep_id": "10290902", "site_name": "Rising Star Prospect", "dev_stat": "Occurrence", "code_list": " AU AG ", "target_commodity": "Gold", "lon": -115.13455, "lat": 44.96318 }, "geometry": { "type": "Point", "coordinates": [ -115.13455, 44.96318 ] } },
{ "type": "Feature", "properties": { "dep_id": "10290932", "site_name": "Unknown", "dev_stat": "Occurrence", "code_list": " AU ", "target_commodity": "Gold", "lon": -115.37176, "lat": 44.96318 }, "geometry": { "type": "Point", "coordinates": [ -115.37176, 44.96318 ] } },
{ "type": "Feature", "properties": { "dep_id": "10290948", "site_name": "Coffee Gulch Placer", "dev_stat": "Unknown", "code_list": " AU ", "target_commodity": "Gold", "lon": -114.05262, "lat": 45.26879 }, "geometry": { "type": "Point", "coordinates": [ -114.05262, 45.26879 ] } },
{ "type": "Feature", "properties": { "dep_id": "10290950", "site_name": "Mule Train Claims", "dev_stat": "Prospect", "code_list": " AU CU ", "target_commodity": "Gold", "lon": -115.27816, "lat": 44.87318 }, "geometry": { "type": "Point", "coordinates": [ -115.27816, 44.87318 ] } },
{ "type": "Feature", "properties": { "dep_id": "10290967", "site_name": "Area South of Rainbow Peak", "dev_stat": "Occurrence", "code_list": " AU ", "target_commodity": "Gold", "lon": -115.23406, "lat": 44.94678 }, "geometry": { "type": "Point", "coordinates": [ -115.23406, 44.94678 ] } },
{ "type": "Feature", "properties": { "dep_id": "10290984", "site_name": "Yellow Jacket", "dev_stat": "Occurrence", "code_list": " AU ", "target_commodity": "Gold", "lon": -115.42316, "lat": 45.05048 }, "geometry": { "type": "Point", "coordinates": [ -115.42316, 45.05048 ] } },
{ "type": "Feature", "properties": { "dep_id": "10291023", "site_name": "Morning Prospect", "dev_stat": "Occurrence", "code_list": " AU AG ", "target_commodity": "Gold", "lon": -115.15035, "lat": 44.92658 }, "geometry": { "type": "Point", "coordinates": [ -115.15035, 44.92658 ] } },
{ "type": "Feature", "properties": { "dep_id": "10291038", "site_name": "John Vine Bar", "dev_stat": "Prospect", "code_list": " AU ", "target_commodity": "Gold", "lon": -115.00375, "lat": 45.13348 }, "geometry": { "type": "Point", "coordinates": [ -115.00375, 45.13348 ] } },
{ "type": "Feature", "properties": { "dep_id": "10294305", "site_name": "Woods Creek Copper Mine", "dev_stat": "Past Producer", "code_list": " CU AU ", "target_commodity": "Gold", "lon": -114.33404, "lat": 45.56878 }, "geometry": { "type": "Point", "coordinates": [ -114.33404, 45.56878 ] } },
{ "type": "Feature", "properties": { "dep_id": "10294608", "site_name": "Woods Creek Iron Mine", "dev_stat": "Past Producer", "code_list": " AU ", "target_commodity": "Gold", "lon": -114.35204, "lat": 45.55928 }, "geometry": { "type": "Point", "coordinates": [ -114.35204, 45.55928 ] } },
{ "type": "Feature", "properties": { "dep_id": "60000025", "site_name": "Warren District", "dev_stat": "Occurrence", "code_list": " AU ", "target_commodity": "Gold", "lon": -115.68428, "lat": 45.28317 }, "geometry": { "type": "Point", "coordinates": [ -115.68428, 45.28317 ] } },
{ "type": "Feature", "properties": { "dep_id": "60000218", "site_name": "Elk City District", "dev_stat": "Producer", "code_list": " AU ", "target_commodity": "Gold", "lon": -115.41768, "lat": 45.78317 }, "geometry": { "type": "Point", "coordinates": [ -115.41768, 45.78317 ] } },
{ "type": "Feature", "properties": { "dep_id": "60000227", "site_name": "Dixie District", "dev_stat": "Producer", "code_list": " AU ", "target_commodity": "Gold", "lon": -115.58428, "lat": 45.53317 }, "geometry": { "type": "Point", "coordinates": [ -115.58428, 45.53317 ] } },
{ "type": "Feature", "properties": { "dep_id": "60000229", "site_name": "Ramey Ridge District", "dev_stat": "Producer", "code_list": " AU ", "target_commodity": "Gold", "lon": -115.25096, "lat": 45.19988 }, "geometry": { "type": "Point", "coordinates": [ -115.25096, 45.19988 ] } },
{ "type": "Feature", "properties": { "dep_id": "60000230", "site_name": "Big Creek District", "dev_stat": "Producer", "code_list": " AU ", "target_commodity": "Gold", "lon": -115.33426, "lat": 45.14988 }, "geometry": { "type": "Point", "coordinates": [ -115.33426, 45.14988 ] } },
{ "type": "Feature", "properties": { "dep_id": "60000253", "site_name": "Thunder Mtn. District", "dev_stat": "Producer", "code_list": " AU ", "target_commodity": "Gold", "lon": -115.16765, "lat": 44.91658 }, "geometry": { "type": "Point", "coordinates": [ -115.16765, 44.91658 ] } },
{ "type": "Feature", "properties": { "dep_id": "60000296", "site_name": "Florence District", "dev_stat": "Producer", "code_list": " AU ", "target_commodity": "Gold", "lon": -116.03429, "lat": 45.51657 }, "geometry": { "type": "Point", "coordinates": [ -116.03429, 45.51657 ] } },
{ "type": "Feature", "properties": { "dep_id": "60000947", "site_name": "Elk City District", "dev_stat": "Producer", "code_list": " AU NB ", "target_commodity": "Gold", "lon": -115.43238, "lat": 45.81097 }, "geometry": { "type": "Point", "coordinates": [ -115.43238, 45.81097 ] } },
{ "type": "Feature", "properties": { "dep_id": "60001726", "site_name": "Thunder Mountain", "dev_stat": "Producer", "code_list": " AU ", "target_commodity": "Gold", "lon": -115.13425, "lat": 44.94988 }, "geometry": { "type": "Point", "coordinates": [ -115.13425, 44.94988 ] } }
]
}
