{
"type": "FeatureCollection",
"name": "mrds_mt_placer",
"crs": { "type": "name", "properties": { "name": "urn:ogc:def:crs:OGC:1.3:CRS84" } },
"features": [
{ "type": "Feature", "properties": { "dep_id": "10008964", "site_name": "Confederate Gulch, Backer", "dev_stat": "Producer", "code_list": " AU ", "target_commodity": "Gold", "lon": -111.45086, "lat": 46.58323 }, "geometry": { "type": "Point", "coordinates": [ -111.45086, 46.58323 ] } },
{ "type": "Feature", "properties": { "dep_id": "10008972", "site_name": "York, Trout Creek, Missouri", "dev_stat": "Producer", "code_list": " AU ", "target_commodity": "Gold", "lon": -111.75087, "lat": 46.71657 }, "geometry": { "type": "Point", "coordinates": [ -111.75087, 46.71657 ] } },
{ "type": "Feature", "properties": { "dep_id": "10008977", "site_name": "Oro Fino", "dev_stat": "Past Producer", "code_list": " AU ", "target_commodity": "Gold", "lon": -112.62728, "lat": 46.24573 }, "geometry": { "type": "Point", "coordinates": [ -112.62728, 46.24573 ] } },
{ "type": "Feature", "properties": { "dep_id": "10008989", "site_name": "Helena District", "dev_stat": "Past Producer", "code_list": " AU CU W ", "target_commodity": "Gold", "lon": -112.08421, "lat": 46.55823 }, "geometry": { "type": "Point", "coordinates": [ -112.08421, 46.55823 ] } },
{ "type": "Feature", "properties": { "dep_id": "10008991", "site_name": "Dry Gulch, Golden Messenger", "dev_stat": "Producer", "code_list": " AU ", "target_commodity": "Gold", "lon": -111.75087, "lat": 46.7499 }, "geometry": { "type": "Point", "coordinates": [ -111.75087, 46.7499 ] } },
{ "type": "Feature", "properties": { "dep_id": "10008993", "site_name": "Norris", "dev_stat": "Producer", "code_list": " AU ", "target_commodity": "Gold", "lon": -111.78419, "lat": 45.58323 }, "geometry": { "type": "Point", "coordinates": [ -111.78419, 45.58323 ] } },
{ "type": "Feature", "properties": { "dep_id": "10010126", "site_name": "North Star Mine", "dev_stat": "Occurrence", "code_list": " AU ", "target_commodity": "Gold", "lon": -111.6842, "lat": 46.41657 }, "geometry": { "type": "Point", "coordinates": [ -111.6842, 46.41657 ] } },
{ "type": "Feature", "properties": { "dep_id": "10010522", "site_name": "Emperor", "dev_stat": "Producer", "code_list": " AU ", "target_commodity": "Gold", "lon": -111.77642, "lat": 45.53462 }, "geometry": { "type": "Point", "coordinates": [ -111.77642, 45.53462 ] } },
{ "type": "Feature", "properties": { "dep_id": "10010526", "site_name": "Mountain Goat No. 5 Claim", "dev_stat": "Occurrence", "code_list": " AU ", "target_commodity": "Gold", "lon": -111.23833, "lat": 45.31935 }, "geometry": { "type": "Point", "coordinates": [ -111.23833, 45.31935 ] } },
{ "type": "Feature", "properties": { "dep_id": "10010527", "site_name": "Lava Lake Pyrite", "dev_stat": "Occurrence", "code_list": " AU ", "target_commodity": "Gold", "lon": -111.25223, "lat": 45.38269 }, "geometry": { "type": "Point", "coordinates": [ -111.25223, 45.38269 ] } },
{ "type": "Feature", "properties": { "dep_id": "10010529", "site_name": "Alhambra", "dev_stat": "Producer", "code_list": " AU ", "target_commodity": "Gold", "lon": -111.98003, "lat": 45.21796 }, "geometry": { "type": "Point", "coordinates": [ -111.98003, 45.21796 ] } },
{ "type": "Feature", "properties": { "dep_id": "10010530", "site_name": "Betty Mae", "dev_stat": "Producer", "code_list": " AU ", "target_commodity": "Gold", "lon": -111.68085, "lat": 45.51768 }, "geometry": { "type": "Point", "coordinates": [ -111.68085, 45.51768 ] } },
{ "type": "Feature", "properties": { "dep_id": "10010531", "site_name": "Madisonian", "dev_stat": "Producer", "code_list": " AU CU ", "target_commodity": "Gold", "lon": -111.70918, "lat": 45.49573 }, "geometry": { "type": "Point", "coordinates": [ -111.70918, 45.49573 ] } },
{ "type": "Feature", "properties": { "dep_id": "10010532", "site_name": "Black Prince", "dev_stat": "Producer", "code_list": " AU ", "target_commodity": "Gold", "lon": -111.7853, "lat": 45.53934 }, "geometry": { "type": "Point", "coordinates": [ -111.7853, 45.53934 ] } },
{ "type": "Feature", "properties": { "dep_id": "10010533", "site_name": "New Deal", "dev_stat": "Producer", "code_list": " AU ", "target_commodity": "Gold", "lon": -111.93503, "lat": 45.50462 }, "geometry": { "type": "Point", "coordinates": [ -111.93503, 45.50462 ] } },
{ "type": "Feature", "properties": { "dep_id": "10010534", "site_name": "Silver Bell", "dev_stat": "Producer", "code_list": " AU ", "target_commodity": "Gold", "lon": -111.99808, "lat": 45.25546 }, "geometry": { "type": "Point", "coordinates": [ -111.99808, 45.25546 ] } },
{ "type": "Feature", "properties": { "dep_id": "10010535", "site_name": "Lone Wolf and Cataract Mine", "dev_stat": "Producer", "code_list": " AU ", "target_commodity": "Gold", "lon": -111.97169, "lat": 45.65684 }, "geometry": { "type": "Point", "coordinates": [ -111.97169, 45.65684 ] } },
{ "type": "Feature", "properties": { "dep_id": "10010541", "site_name": "Norwegian Mine", "dev_stat": "Occurrence", "code_list": " AU AG ", "target_commodity": "Gold", "lon": -111.79753, "lat": 45.60101 }, "geometry": { "type": "Point", "coordinates": [ -111.79753, 45.60101 ] } },
{ "type": "Feature", "properties": { "dep_id": "10010542", "site_name": "Homestake and Blackrock Mine", "dev_stat": "Producer", "code_list": " AU ", "target_commodity": "Gold", "lon": -111.95808, "lat": 45.27212 }, "geometry": { "type": "Point", "coordinates": [ -111.95808, 45.27212 ] } },
{ "type": "Feature", "properties": { "dep_id": "10010549", "site_name": "Quartz Hill Mine", "dev_stat": "Past Producer", "code_list": " AU ", "target_commodity": "Gold", "lon": -112.05253, "lat": 45.49768 }, "geometry": { "type": "Point", "coordinates": [ -112.05253, 45.49768 ] } },
{ "type": "Feature", "properties": { "dep_id": "10010550", "site_name": "Nellie-Mascot Group", "dev_stat": "Past Producer", "code_list": " AU ", "target_commodity": "Gold", "lon": -112.3856, "lat": 45.95546 }, "geometry": { "type": "Point", "coordinates": [ -112.3856, 45.95546 ] } },
{ "type": "Feature", "properties": { "dep_id": "10010551", "site_name": "Goldschmidt Group", "dev_stat": "Past Producer", "code_list": " AU MN ", "target_commodity": "Gold", "lon": -112.04725, "lat": 45.4499 }, "geometry": { "type": "Point", "coordinates": [ -112.04725, 45.4499 ] } },
{ "type": "Feature", "properties": { "dep_id": "10010553", "site_name": "Wildcat Claim", "dev_stat": "Past Producer", "code_list": " AU ", "target_commodity": "Gold", "lon": -112.57227, "lat": 45.78407 }, "geometry": { "type": "Point", "coordinates": [ -112.57227, 45.78407 ] } },
{ "type": "Feature", "properties": { "dep_id": "10010554", "site_name": "Mary Ann Property", "dev_stat": "Past Producer", "code_list": " AU ", "target_commodity": "Gold", "lon": -112.57171, "lat": 45.78157 }, "geometry": { "type": "Point", "coordinates": [ -112.57171, 45.78157 ] } },
{ "type": "Feature", "properties": { "dep_id": "10010555", "site_name": "Mary Francis Claim", "dev_stat": "Past Producer", "code_list": " AU ", "target_commodity": "Gold", "lon": -112.65811, "lat": 45.80268 }, "geometry": { "type": "Point", "coordinates": [ -112.65811, 45.80268 ] } },
{ "type": "Feature", "properties": { "dep_id": "10010556", "site_name": "Red Wing Mine", "dev_stat": "Past Producer", "code_list": " AU ", "target_commodity": "Gold", "lon": -112.4806, "lat": 45.8074 }, "geometry": { "type": "Point", "coordinates": [ -112.4806, 45.8074 ] } },
{ "type": "Feature", "properties": { "dep_id": "10010557", "site_name": "E. X. L. Claim", "dev_stat": "Past Producer", "code_list": " AU ", "target_commodity": "Gold", "lon": -112.43727, "lat": 45.79851 }, "geometry": { "type": "Point", "coordinates": [ -112.43727, 45.79851 ] } },
{ "type": "Feature", "properties": { "dep_id": "10010765", "site_name": "Black Butte Claim", "dev_stat": "Past Producer", "code_list": " AU ", "target_commodity": "Gold", "lon": -112.07309, "lat": 45.94712 }, "geometry": { "type": "Point", "coordinates": [ -112.07309, 45.94712 ] } },
{ "type": "Feature", "properties": { "dep_id": "10010819", "site_name": "Overlook", "dev_stat": "Occurrence", "code_list": " W AU ", "target_commodity": "Gold", "lon": -112.45282, "lat": 45.82268 }, "geometry": { "type": "Point", "coordinates": [ -112.45282, 45.82268 ] } },
{ "type": "Feature", "properties": { "dep_id": "10010839", "site_name": "Berlin Claims", "dev_stat": "Past Producer", "code_list": " AU ", "target_commodity": "Gold", "lon": -112.70256, "lat": 45.67296 }, "geometry": { "type": "Point", "coordinates": [ -112.70256, 45.67296 ] } },
{ "type": "Feature", "properties": { "dep_id": "10010904", "site_name": "Urbane Prospect", "dev_stat": "Occurrence", "code_list": " AU ", "target_commodity": "Gold", "lon": -112.19948, "lat": 45.56573 }, "geometry": { "type": "Point", "coordinates": [ -112.19948, 45.56573 ] } },
{ "type": "Feature", "properties": { "dep_id": "10010905", "site_name": "Mountain View Mine", "dev_stat": "Past Producer", "code_list": " AU ", "target_commodity": "Gold", "lon": -112.03697, "lat": 45.54823 }, "geometry": { "type": "Point", "coordinates": [ -112.03697, 45.54823 ] } },
{ "type": "Feature", "properties": { "dep_id": "10010907", "site_name": "Brazill Claim", "dev_stat": "Occurrence", "code_list": " AU ", "target_commodity": "Gold", "lon": -112.48894, "lat": 45.63046 }, "geometry": { "type": "Point", "coordinates": [ -112.48894, 45.63046 ] } },
{ "type": "Feature", "properties": { "dep_id": "10010908", "site_name": "Sugar Bowl Claim", "dev_stat": "Occurrence", "code_list": " AU ", "target_commodity": "Gold", "lon": -112.48699, "lat": 45.62907 }, "geometry": { "type": "Point", "coordinates": [ -112.48699, 45.62907 ] } },
{ "type": "Feature", "properties": { "dep_id": "10010909", "site_name": "Gold Nugget Claim", "dev_stat": "Past Producer", "code_list": " AU ", "target_commodity": "Gold", "lon": -112.49199, "lat": 45.62351 }, "geometry": { "type": "Point", "coordinates": [ -112.49199, 45.62351 ] } },
{ "type": "Feature", "properties": { "dep_id": "10010910", "site_name": "Independence and Silver Note", "dev_stat": "Past Producer", "code_list": " AU ", "target_commodity": "Gold", "lon": -112.49755, "lat": 45.61573 }, "geometry": { "type": "Point", "coordinates": [ -112.49755, 45.61573 ] } },
{ "type": "Feature", "properties": { "dep_id": "10011222", "site_name": "Silver Dollar Claim", "dev_stat": "Occurrence", "code_list": " AU ", "target_commodity": "Gold", "lon": -112.02809, "lat": 45.92768 }, "geometry": { "type": "Point", "coordinates": [ -112.02809, 45.92768 ] } },
{ "type": "Feature", "properties": { "dep_id": "10011223", "site_name": "Limerock Claim", "dev_stat": "Occurrence", "code_list": " AU ", "target_commodity": "Gold", "lon": -112.04448, "lat": 45.92962 }, "geometry": { "type": "Point", "coordinates": [ -112.04448, 45.92962 ] } },
{ "type": "Feature", "properties": { "dep_id": "10011236", "site_name": "Niki Mine", "dev_stat": "Occurrence", "code_list": " AU MO ", "target_commodity": "Gold", "lon": -112.41116, "lat": 46.01796 }, "geometry": { "type": "Point", "coordinates": [ -112.41116, 46.01796 ] } },
{ "type": "Feature", "properties": { "dep_id": "10011750", "site_name": "Ontario Creek Placer", "dev_stat": "Past Producer", "code_list": " AU ", "target_commodity": "Gold", "lon": -112.387, "lat": 46.43129 }, "geometry": { "type": "Point", "coordinates": [ -112.387, 46.43129 ] } },
{ "type": "Feature", "properties": { "dep_id": "10011753", "site_name": "American Gulch Placer", "dev_stat": "Past Producer", "code_list": " AU ", "target_commodity": "Gold", "lon": -112.65368, "lat": 46.77768 }, "geometry": { "type": "Point", "coordinates": [ -112.65368, 46.77768 ] } },
{ "type": "Feature", "properties": { "dep_id": "10011755", "site_name": "Brown's Gulch", "dev_stat": "Past Producer", "code_list": " AU AG ", "target_commodity": "Gold", "lon": -112.70228, "lat": 46.00212 }, "geometry": { "type": "Point", "coordinates": [ -112.70228, 46.00212 ] } },
{ "type": "Feature", "properties": { "dep_id": "10011756", "site_name": "Catarack Creek Placers", "dev_stat": "Past Producer", "code_list": " AU AG ", "target_commodity": "Gold", "lon": -112.22171, "lat": 46.36379 }, "geometry": { "type": "Point", "coordinates": [ -112.22171, 46.36379 ] } },
{ "type": "Feature", "properties": { "dep_id": "10011762", "site_name": "Little Blackfoot River Placer", "dev_stat": "Past Producer", "code_list": " AU ", "target_commodity": "Gold", "lon": -112.42645, "lat": 46.5624 }, "geometry": { "type": "Point", "coordinates": [ -112.42645, 46.5624 ] } },
{ "type": "Feature", "properties": { "dep_id": "10011764", "site_name": "Madison Gulch Placer", "dev_stat": "Past Producer", "code_list": " AU ", "target_commodity": "Gold", "lon": -112.71619, "lat": 46.79183 }, "geometry": { "type": "Point", "coordinates": [ -112.71619, 46.79183 ] } },
{ "type": "Feature", "properties": { "dep_id": "10011765", "site_name": "Mike Renig Gulch Placer", "dev_stat": "Past Producer", "code_list": " AU ", "target_commodity": "Gold", "lon": -112.38645, "lat": 46.54018 }, "geometry": { "type": "Point", "coordinates": [ -112.38645, 46.54018 ] } },
{ "type": "Feature", "properties": { "dep_id": "10011770", "site_name": "Prickly Pear Creek Placer", "dev_stat": "Past Producer", "code_list": " AU ", "target_commodity": "Gold", "lon": -112.02588, "lat": 46.38879 }, "geometry": { "type": "Point", "coordinates": [ -112.02588, 46.38879 ] } },
{ "type": "Feature", "properties": { "dep_id": "10011772", "site_name": "Three Mile Creek Placer", "dev_stat": "Past Producer", "code_list": " AU ", "target_commodity": "Gold", "lon": -112.5884, "lat": 46.70684 }, "geometry": { "type": "Point", "coordinates": [ -112.5884, 46.70684 ] } },
{ "type": "Feature", "properties": { "dep_id": "10011773", "site_name": "Scratchgravel Hills Placer", "dev_stat": "Past Producer", "code_list": " AU ", "target_commodity": "Gold", "lon": -112.08421, "lat": 46.67629 }, "geometry": { "type": "Point", "coordinates": [ -112.08421, 46.67629 ] } },
{ "type": "Feature", "properties": { "dep_id": "10011779", "site_name": "Yankee Doodle Creek Placer", "dev_stat": "Past Producer", "code_list": " AU ", "target_commodity": "Gold", "lon": -112.50506, "lat": 46.04712 }, "geometry": { "type": "Point", "coordinates": [ -112.50506, 46.04712 ] } },
{ "type": "Feature", "properties": { "dep_id": "10011926", "site_name": "Butte and Philadelphia Prospect", "dev_stat": "Occurrence", "code_list": " AU ZN BA ", "target_commodity": "Gold", "lon": -112.27588, "lat": 46.39157 }, "geometry": { "type": "Point", "coordinates": [ -112.27588, 46.39157 ] } },
{ "type": "Feature", "properties": { "dep_id": "10012267", "site_name": "Bluebird Mine", "dev_stat": "Occurrence", "code_list": " AG AU ", "target_commodity": "Gold", "lon": -112.42533, "lat": 46.47184 }, "geometry": { "type": "Point", "coordinates": [ -112.42533, 46.47184 ] } },
{ "type": "Feature", "properties": { "dep_id": "10012268", "site_name": "Ohio and Speculator", "dev_stat": "Occurrence", "code_list": " AU ", "target_commodity": "Gold", "lon": -112.41867, "lat": 46.44934 }, "geometry": { "type": "Point", "coordinates": [ -112.41867, 46.44934 ] } },
{ "type": "Feature", "properties": { "dep_id": "10012269", "site_name": "Butterfly", "dev_stat": "Occurrence", "code_list": " AU AG SB ", "target_commodity": "Gold", "lon": -112.53534, "lat": 46.67184 }, "geometry": { "type": "Point", "coordinates": [ -112.53534, 46.67184 ] } },
{ "type": "Feature", "properties": { "dep_id": "10012270", "site_name": "Big Dick Mine", "dev_stat": "Past Producer", "code_list": " AU ZN AS ", "target_commodity": "Gold", "lon": -112.40783, "lat": 46.47629 }, "geometry": { "type": "Point", "coordinates": [ -112.40783, 46.47629 ] } },
{ "type": "Feature", "properties": { "dep_id": "10012369", "site_name": "Mono Mine", "dev_stat": "Past Producer", "code_list": " AG AU SB ", "target_commodity": "Gold", "lon": -112.10366, "lat": 46.2999 }, "geometry": { "type": "Point", "coordinates": [ -112.10366, 46.2999 ] } },
{ "type": "Feature", "properties": { "dep_id": "10012370", "site_name": "David Copperfield Adit", "dev_stat": "Occurrence", "code_list": " AU ", "target_commodity": "Gold", "lon": -112.10088, "lat": 46.35823 }, "geometry": { "type": "Point", "coordinates": [ -112.10088, 46.35823 ] } },
{ "type": "Feature", "properties": { "dep_id": "10012372", "site_name": "Muskegon Mine", "dev_stat": "Past Producer", "code_list": " AG AU ", "target_commodity": "Gold", "lon": -112.04588, "lat": 46.48323 }, "geometry": { "type": "Point", "coordinates": [ -112.04588, 46.48323 ] } },
{ "type": "Feature", "properties": { "dep_id": "10012448", "site_name": "Caroline and William Coleman", "dev_stat": "Past Producer", "code_list": " AG AU AS ", "target_commodity": "Gold", "lon": -112.58589, "lat": 46.3724 }, "geometry": { "type": "Point", "coordinates": [ -112.58589, 46.3724 ] } },
{ "type": "Feature", "properties": { "dep_id": "10012452", "site_name": "Nettie Mine", "dev_stat": "Past Producer", "code_list": " AU ", "target_commodity": "Gold", "lon": -112.09532, "lat": 46.66907 }, "geometry": { "type": "Point", "coordinates": [ -112.09532, 46.66907 ] } },
{ "type": "Feature", "properties": { "dep_id": "10012865", "site_name": "Camp Creek Placer", "dev_stat": "Past Producer", "code_list": " AU ", "target_commodity": "Gold", "lon": -112.53255, "lat": 45.6999 }, "geometry": { "type": "Point", "coordinates": [ -112.53255, 45.6999 ] } },
{ "type": "Feature", "properties": { "dep_id": "10012866", "site_name": "Soap Gulch Placer", "dev_stat": "Producer", "code_list": " AU ", "target_commodity": "Gold", "lon": -112.59727, "lat": 45.70407 }, "geometry": { "type": "Point", "coordinates": [ -112.59727, 45.70407 ] } },
{ "type": "Feature", "properties": { "dep_id": "10012868", "site_name": "South Boulder River Placer", "dev_stat": "Past Producer", "code_list": " AU ", "target_commodity": "Gold", "lon": -112.01615, "lat": 45.68323 }, "geometry": { "type": "Point", "coordinates": [ -112.01615, 45.68323 ] } },
{ "type": "Feature", "properties": { "dep_id": "10012869", "site_name": "Hells Canyon Placer", "dev_stat": "Past Producer", "code_list": " AU ", "target_commodity": "Gold", "lon": -112.36977, "lat": 45.64712 }, "geometry": { "type": "Point", "coordinates": [ -112.36977, 45.64712 ] } },
{ "type": "Feature", "properties": { "dep_id": "10012870", "site_name": "Mccartney Creek Placer", "dev_stat": "Past Producer", "code_list": " AU ", "target_commodity": "Gold", "lon": -112.60366, "lat": 45.57212 }, "geometry": { "type": "Point", "coordinates": [ -112.60366, 45.57212 ] } },
{ "type": "Feature", "properties": { "dep_id": "10012871", "site_name": "Bear Gulch Placer", "dev_stat": "Past Producer", "code_list": " AU ", "target_commodity": "Gold", "lon": -112.16198, "lat": 45.59712 }, "geometry": { "type": "Point", "coordinates": [ -112.16198, 45.59712 ] } },
{ "type": "Feature", "properties": { "dep_id": "10012872", "site_name": "Goodrich Gulch Placer", "dev_stat": "Past Producer", "code_list": " AU ", "target_commodity": "Gold", "lon": -112.18976, "lat": 45.55629 }, "geometry": { "type": "Point", "coordinates": [ -112.18976, 45.55629 ] } },
{ "type": "Feature", "properties": { "dep_id": "10012873", "site_name": "Dry Georgia Gulch Placer", "dev_stat": "Past Producer", "code_list": " AU ", "target_commodity": "Gold", "lon": -112.21754, "lat": 45.53462 }, "geometry": { "type": "Point", "coordinates": [ -112.21754, 45.53462 ] } },
{ "type": "Feature", "properties": { "dep_id": "10012874", "site_name": "Frying Pan Basin Placer", "dev_stat": "Past Producer", "code_list": " AU ", "target_commodity": "Gold", "lon": -112.75921, "lat": 45.28046 }, "geometry": { "type": "Point", "coordinates": [ -112.75921, 45.28046 ] } },
{ "type": "Feature", "properties": { "dep_id": "10013229", "site_name": "Seven Mile Creek Placer", "dev_stat": "Past Producer", "code_list": " AU ", "target_commodity": "Gold", "lon": -112.05588, "lat": 46.62879 }, "geometry": { "type": "Point", "coordinates": [ -112.05588, 46.62879 ] } },
{ "type": "Feature", "properties": { "dep_id": "10013230", "site_name": "Bonanza Jack Mine", "dev_stat": "Producer", "code_list": " AU ZN ", "target_commodity": "Gold", "lon": -112.28005, "lat": 46.27212 }, "geometry": { "type": "Point", "coordinates": [ -112.28005, 46.27212 ] } },
{ "type": "Feature", "properties": { "dep_id": "10013391", "site_name": "Shortfellow Mine", "dev_stat": "Past Producer", "code_list": " AU ", "target_commodity": "Gold", "lon": -112.51421, "lat": 45.60129 }, "geometry": { "type": "Point", "coordinates": [ -112.51421, 45.60129 ] } },
{ "type": "Feature", "properties": { "dep_id": "10013392", "site_name": "Unnamed Mine", "dev_stat": "Past Producer", "code_list": " AU ", "target_commodity": "Gold", "lon": -112.26671, "lat": 45.92073 }, "geometry": { "type": "Point", "coordinates": [ -112.26671, 45.92073 ] } },
{ "type": "Feature", "properties": { "dep_id": "10013395", "site_name": "Spuhler Mine", "dev_stat": "Past Producer", "code_list": " AU ", "target_commodity": "Gold", "lon": -112.10031, "lat": 45.55934 }, "geometry": { "type": "Point", "coordinates": [ -112.10031, 45.55934 ] } },
{ "type": "Feature", "properties": { "dep_id": "10013398", "site_name": "Minneapolis Mine", "dev_stat": "Past Producer", "code_list": " AG AU SB ", "target_commodity": "Gold", "lon": -112.23477, "lat": 46.29796 }, "geometry": { "type": "Point", "coordinates": [ -112.23477, 46.29796 ] } },
{ "type": "Feature", "properties": { "dep_id": "10013473", "site_name": "Mutch Mine", "dev_stat": "Occurrence", "code_list": " AU CU V ", "target_commodity": "Gold", "lon": -112.48171, "lat": 45.59657 }, "geometry": { "type": "Point", "coordinates": [ -112.48171, 45.59657 ] } },
{ "type": "Feature", "properties": { "dep_id": "10013596", "site_name": "Latest Out Mine", "dev_stat": "Producer", "code_list": " AU ", "target_commodity": "Gold", "lon": -112.11475, "lat": 45.44296 }, "geometry": { "type": "Point", "coordinates": [ -112.11475, 45.44296 ] } },
{ "type": "Feature", "properties": { "dep_id": "10013597", "site_name": "Sage Hen Mine", "dev_stat": "Producer", "code_list": " AU ZN ", "target_commodity": "Gold", "lon": -112.12503, "lat": 45.44268 }, "geometry": { "type": "Point", "coordinates": [ -112.12503, 45.44268 ] } },
{ "type": "Feature", "properties": { "dep_id": "10013598", "site_name": "Cricket Mine", "dev_stat": "Past Producer", "code_list": " AU ", "target_commodity": "Gold", "lon": -112.32866, "lat": 45.67184 }, "geometry": { "type": "Point", "coordinates": [ -112.32866, 45.67184 ] } },
{ "type": "Feature", "properties": { "dep_id": "10013599", "site_name": "Keystone Mine", "dev_stat": "Past Producer", "code_list": " AU CU ", "target_commodity": "Gold", "lon": -112.31921, "lat": 45.69907 }, "geometry": { "type": "Point", "coordinates": [ -112.31921, 45.69907 ] } },
{ "type": "Feature", "properties": { "dep_id": "10013600", "site_name": "Ohio Mine", "dev_stat": "Past Producer", "code_list": " AU ", "target_commodity": "Gold", "lon": -112.15643, "lat": 45.63462 }, "geometry": { "type": "Point", "coordinates": [ -112.15643, 45.63462 ] } },
{ "type": "Feature", "properties": { "dep_id": "10013601", "site_name": "Upper Moose Creek Placer", "dev_stat": "Past Producer", "code_list": " AU ", "target_commodity": "Gold", "lon": -112.57866, "lat": 45.77073 }, "geometry": { "type": "Point", "coordinates": [ -112.57866, 45.77073 ] } },
{ "type": "Feature", "properties": { "dep_id": "10013603", "site_name": "Indian Creek Placer", "dev_stat": "Past Producer", "code_list": " AU ", "target_commodity": "Gold", "lon": -112.07919, "lat": 45.52351 }, "geometry": { "type": "Point", "coordinates": [ -112.07919, 45.52351 ] } },
{ "type": "Feature", "properties": { "dep_id": "10013606", "site_name": "Short Shift Mine", "dev_stat": "Occurrence", "code_list": " AU ", "target_commodity": "Gold", "lon": -112.50699, "lat": 45.68657 }, "geometry": { "type": "Point", "coordinates": [ -112.50699, 45.68657 ] } },
{ "type": "Feature", "properties": { "dep_id": "10013607", "site_name": "Mammoth Mine", "dev_stat": "Occurrence", "code_list": " AU CU ", "target_commodity": "Gold", "lon": -112.33198, "lat": 45.6199 }, "geometry": { "type": "Point", "coordinates": [ -112.33198, 45.6199 ] } },
{ "type": "Feature", "properties": { "dep_id": "10013608", "site_name": "Golden Surprise Claim", "dev_stat": "Past Producer", "code_list": " AU ", "target_commodity": "Gold", "lon": -112.52032, "lat": 45.83046 }, "geometry": { "type": "Point", "coordinates": [ -112.52032, 45.83046 ] } },
{ "type": "Feature", "properties": { "dep_id": "10013609", "site_name": "Silver King Mine", "dev_stat": "Producer", "code_list": " AU PB ", "target_commodity": "Gold", "lon": -112.34976, "lat": 45.61684 }, "geometry": { "type": "Point", "coordinates": [ -112.34976, 45.61684 ] } },
{ "type": "Feature", "properties": { "dep_id": "10013627", "site_name": "Montana Mine", "dev_stat": "Occurrence", "code_list": " AU ", "target_commodity": "Gold", "lon": -112.12309, "lat": 45.57546 }, "geometry": { "type": "Point", "coordinates": [ -112.12309, 45.57546 ] } },
{ "type": "Feature", "properties": { "dep_id": "10013628", "site_name": "Topeka Mine", "dev_stat": "Producer", "code_list": " AU ", "target_commodity": "Gold", "lon": -112.1842, "lat": 45.55268 }, "geometry": { "type": "Point", "coordinates": [ -112.1842, 45.55268 ] } },
{ "type": "Feature", "properties": { "dep_id": "10013629", "site_name": "Sunbeam Mine", "dev_stat": "Past Producer", "code_list": " AU ", "target_commodity": "Gold", "lon": -112.05364, "lat": 45.52796 }, "geometry": { "type": "Point", "coordinates": [ -112.05364, 45.52796 ] } },
{ "type": "Feature", "properties": { "dep_id": "10013630", "site_name": "Star Group", "dev_stat": "Past Producer", "code_list": " AU CU ", "target_commodity": "Gold", "lon": -112.83283, "lat": 45.82768 }, "geometry": { "type": "Point", "coordinates": [ -112.83283, 45.82768 ] } },
{ "type": "Feature", "properties": { "dep_id": "10013886", "site_name": "Snyder Group", "dev_stat": "Past Producer", "code_list": " AU ", "target_commodity": "Gold", "lon": -112.09531, "lat": 45.59851 }, "geometry": { "type": "Point", "coordinates": [ -112.09531, 45.59851 ] } },
{ "type": "Feature", "properties": { "dep_id": "10013898", "site_name": "Bear Creek Placer", "dev_stat": "Past Producer", "code_list": " AU ", "target_commodity": "Gold", "lon": -112.56283, "lat": 45.84796 }, "geometry": { "type": "Point", "coordinates": [ -112.56283, 45.84796 ] } },
{ "type": "Feature", "properties": { "dep_id": "10013899", "site_name": "Blacktail Creek Placer", "dev_stat": "Past Producer", "code_list": " AU ", "target_commodity": "Gold", "lon": -112.46005, "lat": 45.88073 }, "geometry": { "type": "Point", "coordinates": [ -112.46005, 45.88073 ] } },
{ "type": "Feature", "properties": { "dep_id": "10013912", "site_name": "Birch Creek Placer", "dev_stat": "Past Producer", "code_list": " AU ", "target_commodity": "Gold", "lon": -112.82867, "lat": 45.40212 }, "geometry": { "type": "Point", "coordinates": [ -112.82867, 45.40212 ] } },
{ "type": "Feature", "properties": { "dep_id": "10013915", "site_name": "Rochester - Camp Cr. Divide Placer", "dev_stat": "Past Producer", "code_list": " AU ", "target_commodity": "Gold", "lon": -112.50366, "lat": 45.69296 }, "geometry": { "type": "Point", "coordinates": [ -112.50366, 45.69296 ] } },
{ "type": "Feature", "properties": { "dep_id": "10013916", "site_name": "Upper Rochester Creek Placer", "dev_stat": "Past Producer", "code_list": " AU ", "target_commodity": "Gold", "lon": -112.51894, "lat": 45.66101 }, "geometry": { "type": "Point", "coordinates": [ -112.51894, 45.66101 ] } },
{ "type": "Feature", "properties": { "dep_id": "10013919", "site_name": "Shannon Mine", "dev_stat": "Past Producer", "code_list": " AU ", "target_commodity": "Gold", "lon": -112.33589, "lat": 46.73323 }, "geometry": { "type": "Point", "coordinates": [ -112.33589, 46.73323 ] } },
{ "type": "Feature", "properties": { "dep_id": "10013924", "site_name": "Richard Mullens Property", "dev_stat": "Occurrence", "code_list": " AG AU ", "target_commodity": "Gold", "lon": -112.6231, "lat": 45.64657 }, "geometry": { "type": "Point", "coordinates": [ -112.6231, 45.64657 ] } },
{ "type": "Feature", "properties": { "dep_id": "10014291", "site_name": "Woodrow Wilson", "dev_stat": "Occurrence", "code_list": " AU CLY_K ", "target_commodity": "Gold", "lon": -112.26477, "lat": 46.42157 }, "geometry": { "type": "Point", "coordinates": [ -112.26477, 46.42157 ] } },
{ "type": "Feature", "properties": { "dep_id": "10014485", "site_name": "Homestake Mine", "dev_stat": "Past Producer", "code_list": " AG AU SB ", "target_commodity": "Gold", "lon": -112.45921, "lat": 46.02768 }, "geometry": { "type": "Point", "coordinates": [ -112.45921, 46.02768 ] } },
{ "type": "Feature", "properties": { "dep_id": "10014487", "site_name": "Modoc Mine", "dev_stat": "Past Producer", "code_list": " CU AU ", "target_commodity": "Gold", "lon": -112.50922, "lat": 46.0249 }, "geometry": { "type": "Point", "coordinates": [ -112.50922, 46.0249 ] } },
{ "type": "Feature", "properties": { "dep_id": "10014488", "site_name": "Mountain View Mine", "dev_stat": "Past Producer", "code_list": " CU AU AS ", "target_commodity": "Gold", "lon": -112.51756, "lat": 46.01934 }, "geometry": { "type": "Point", "coordinates": [ -112.51756, 46.01934 ] } },
{ "type": "Feature", "properties": { "dep_id": "10014494", "site_name": "Streak-Of-Luck Claim", "dev_stat": "Past Producer", "code_list": " AU ", "target_commodity": "Gold", "lon": -112.03365, "lat": 45.92462 }, "geometry": { "type": "Point", "coordinates": [ -112.03365, 45.92462 ] } },
{ "type": "Feature", "properties": { "dep_id": "10014495", "site_name": "Columbia Claim", "dev_stat": "Past Producer", "code_list": " AU BA ", "target_commodity": "Gold", "lon": -112.0292, "lat": 45.91712 }, "geometry": { "type": "Point", "coordinates": [ -112.0292, 45.91712 ] } },
{ "type": "Feature", "properties": { "dep_id": "10014496", "site_name": "Pine Tree Claim", "dev_stat": "Past Producer", "code_list": " AU ZN ", "target_commodity": "Gold", "lon": -112.03837, "lat": 45.92879 }, "geometry": { "type": "Point", "coordinates": [ -112.03837, 45.92879 ] } },
{ "type": "Feature", "properties": { "dep_id": "10014498", "site_name": "Burgoyne's Claim", "dev_stat": "Occurrence", "code_list": " AU ", "target_commodity": "Gold", "lon": -112.02531, "lat": 45.90407 }, "geometry": { "type": "Point", "coordinates": [ -112.02531, 45.90407 ] } },
{ "type": "Feature", "properties": { "dep_id": "10014499", "site_name": "Ironside Mine", "dev_stat": "Past Producer", "code_list": " AG AU ", "target_commodity": "Gold", "lon": -112.04809, "lat": 45.92212 }, "geometry": { "type": "Point", "coordinates": [ -112.04809, 45.92212 ] } },
{ "type": "Feature", "properties": { "dep_id": "10014500", "site_name": "Saddle Horse Mine", "dev_stat": "Past Producer", "code_list": " AU ", "target_commodity": "Gold", "lon": -112.02726, "lat": 45.92073 }, "geometry": { "type": "Point", "coordinates": [ -112.02726, 45.92073 ] } },
{ "type": "Feature", "properties": { "dep_id": "10014502", "site_name": "Kathleen Prospect", "dev_stat": "Occurrence", "code_list": " AU ", "target_commodity": "Gold", "lon": -112.1292, "lat": 45.65268 }, "geometry": { "type": "Point", "coordinates": [ -112.1292, 45.65268 ] } },
{ "type": "Feature", "properties": { "dep_id": "10014503", "site_name": "White Chief Prospect", "dev_stat": "Occurrence", "code_list": " AU W ", "target_commodity": "Gold", "lon": -112.03919, "lat": 45.62129 }, "geometry": { "type": "Point", "coordinates": [ -112.03919, 45.62129 ] } },
{ "type": "Feature", "properties": { "dep_id": "10014504", "site_name": "Old Cabin Prospect", "dev_stat": "Occurrence", "code_list": " AU ", "target_commodity": "Gold", "lon": -112.08976, "lat": 45.60212 }, "geometry": { "type": "Point", "coordinates": [ -112.08976, 45.60212 ] } },
{ "type": "Feature", "properties": { "dep_id": "10014506", "site_name": "Mountain Boy Mine", "dev_stat": "Occurrence", "code_list": " AU ", "target_commodity": "Gold", "lon": -112.02587, "lat": 45.66768 }, "geometry": { "type": "Point", "coordinates": [ -112.02587, 45.66768 ] } },
{ "type": "Feature", "properties": { "dep_id": "10014507", "site_name": "Lester Baker Prospect", "dev_stat": "Occurrence", "code_list": " AU ", "target_commodity": "Gold", "lon": -112.01586, "lat": 45.59712 }, "geometry": { "type": "Point", "coordinates": [ -112.01586, 45.59712 ] } },
{ "type": "Feature", "properties": { "dep_id": "10014509", "site_name": "Highland Mary Prospect", "dev_stat": "Occurrence", "code_list": " AU ", "target_commodity": "Gold", "lon": -112.04476, "lat": 45.66796 }, "geometry": { "type": "Point", "coordinates": [ -112.04476, 45.66796 ] } },
{ "type": "Feature", "properties": { "dep_id": "10014510", "site_name": "Curly Bill Prospects 1 and 2", "dev_stat": "Occurrence", "code_list": " AU ", "target_commodity": "Gold", "lon": -112.0792, "lat": 45.58434 }, "geometry": { "type": "Point", "coordinates": [ -112.0792, 45.58434 ] } },
{ "type": "Feature", "properties": { "dep_id": "10014511", "site_name": "Curly Bill No. 3 Prospect", "dev_stat": "Occurrence", "code_list": " AU ", "target_commodity": "Gold", "lon": -112.08309, "lat": 45.59323 }, "geometry": { "type": "Point", "coordinates": [ -112.08309, 45.59323 ] } },
{ "type": "Feature", "properties": { "dep_id": "10014512", "site_name": "Boulder Cobalt Mine", "dev_stat": "Past Producer", "code_list": " AU AG ", "target_commodity": "Gold", "lon": -112.12198, "lat": 45.59796 }, "geometry": { "type": "Point", "coordinates": [ -112.12198, 45.59796 ] } },
{ "type": "Feature", "properties": { "dep_id": "10014513", "site_name": "Bonanza Mine", "dev_stat": "Occurrence", "code_list": " AU ", "target_commodity": "Gold", "lon": -112.03365, "lat": 45.66268 }, "geometry": { "type": "Point", "coordinates": [ -112.03365, 45.66268 ] } },
{ "type": "Feature", "properties": { "dep_id": "10015836", "site_name": "Victory Mine", "dev_stat": "Past Producer", "code_list": " AU CU ", "target_commodity": "Gold", "lon": -112.50646, "lat": 46.7074 }, "geometry": { "type": "Point", "coordinates": [ -112.50646, 46.7074 ] } },
{ "type": "Feature", "properties": { "dep_id": "10015838", "site_name": "Venus Mine", "dev_stat": "Past Producer", "code_list": " AU AS ", "target_commodity": "Gold", "lon": -112.28339, "lat": 46.41768 }, "geometry": { "type": "Point", "coordinates": [ -112.28339, 46.41768 ] } },
{ "type": "Feature", "properties": { "dep_id": "10015839", "site_name": "Valley Forge Mine", "dev_stat": "Past Producer", "code_list": " AU ZN AS ", "target_commodity": "Gold", "lon": -112.24117, "lat": 46.49157 }, "geometry": { "type": "Point", "coordinates": [ -112.24117, 46.49157 ] } },
{ "type": "Feature", "properties": { "dep_id": "10015843", "site_name": "Robert Emmet Mine", "dev_stat": "Past Producer", "code_list": " AG AU ", "target_commodity": "Gold", "lon": -112.09671, "lat": 46.32684 }, "geometry": { "type": "Point", "coordinates": [ -112.09671, 46.32684 ] } },
{ "type": "Feature", "properties": { "dep_id": "10015845", "site_name": "Piegan-Gloster Mine", "dev_stat": "Past Producer", "code_list": " AU CU ", "target_commodity": "Gold", "lon": -112.34172, "lat": 46.76184 }, "geometry": { "type": "Point", "coordinates": [ -112.34172, 46.76184 ] } },
{ "type": "Feature", "properties": { "dep_id": "10015848", "site_name": "Whitlatch-Union Mine", "dev_stat": "Past Producer", "code_list": " AU AG ", "target_commodity": "Gold", "lon": -112.09366, "lat": 46.54796 }, "geometry": { "type": "Point", "coordinates": [ -112.09366, 46.54796 ] } },
{ "type": "Feature", "properties": { "dep_id": "10015849", "site_name": "Wayside Mine", "dev_stat": "Past Producer", "code_list": " AU CU ", "target_commodity": "Gold", "lon": -112.10032, "lat": 46.67268 }, "geometry": { "type": "Point", "coordinates": [ -112.10032, 46.67268 ] } },
{ "type": "Feature", "properties": { "dep_id": "10015850", "site_name": "Opsata Mine", "dev_stat": "Past Producer", "code_list": " AU ", "target_commodity": "Gold", "lon": -112.54146, "lat": 46.67657 }, "geometry": { "type": "Point", "coordinates": [ -112.54146, 46.67657 ] } },
{ "type": "Feature", "properties": { "dep_id": "10015852", "site_name": "Morning Mine", "dev_stat": "Past Producer", "code_list": " AG AU AS ", "target_commodity": "Gold", "lon": -112.27171, "lat": 46.36518 }, "geometry": { "type": "Point", "coordinates": [ -112.27171, 46.36518 ] } },
{ "type": "Feature", "properties": { "dep_id": "10015853", "site_name": "Mullin Claim", "dev_stat": "Past Producer", "code_list": " AU CU ", "target_commodity": "Gold", "lon": -112.07727, "lat": 46.68407 }, "geometry": { "type": "Point", "coordinates": [ -112.07727, 46.68407 ] } },
{ "type": "Feature", "properties": { "dep_id": "10015854", "site_name": "Scratch Gravel Gold Mine", "dev_stat": "Past Producer", "code_list": " AU PB ", "target_commodity": "Gold", "lon": -112.06616, "lat": 46.6374 }, "geometry": { "type": "Point", "coordinates": [ -112.06616, 46.6374 ] } },
{ "type": "Feature", "properties": { "dep_id": "10015856", "site_name": "Sadie Mine", "dev_stat": "Past Producer", "code_list": " AG AU AS ", "target_commodity": "Gold", "lon": -112.40228, "lat": 46.49851 }, "geometry": { "type": "Point", "coordinates": [ -112.40228, 46.49851 ] } },
{ "type": "Feature", "properties": { "dep_id": "10015858", "site_name": "North Pacific Mine", "dev_stat": "Past Producer", "code_list": " AG AU ", "target_commodity": "Gold", "lon": -112.23699, "lat": 46.47212 }, "geometry": { "type": "Point", "coordinates": [ -112.23699, 46.47212 ] } },
{ "type": "Feature", "properties": { "dep_id": "10015859", "site_name": "North Star Claim", "dev_stat": "Occurrence", "code_list": " AU ", "target_commodity": "Gold", "lon": -112.07449, "lat": 46.68184 }, "geometry": { "type": "Point", "coordinates": [ -112.07449, 46.68184 ] } },
{ "type": "Feature", "properties": { "dep_id": "10015860", "site_name": "Northern Pacific Mine", "dev_stat": "Past Producer", "code_list": " AG AU ", "target_commodity": "Gold", "lon": -112.10921, "lat": 46.37101 }, "geometry": { "type": "Point", "coordinates": [ -112.10921, 46.37101 ] } },
{ "type": "Feature", "properties": { "dep_id": "10015861", "site_name": "O.H.Bassett Mine", "dev_stat": "Occurrence", "code_list": " AG AU AS ", "target_commodity": "Gold", "lon": -112.24422, "lat": 46.47379 }, "geometry": { "type": "Point", "coordinates": [ -112.24422, 46.47379 ] } },
{ "type": "Feature", "properties": { "dep_id": "10015862", "site_name": "Dutro Mine", "dev_stat": "Past Producer", "code_list": " AU BI ", "target_commodity": "Gold", "lon": -112.16144, "lat": 46.5924 }, "geometry": { "type": "Point", "coordinates": [ -112.16144, 46.5924 ] } },
{ "type": "Feature", "properties": { "dep_id": "10015863", "site_name": "Ophir Mine", "dev_stat": "Past Producer", "code_list": " CU AU ", "target_commodity": "Gold", "lon": -112.54062, "lat": 46.67407 }, "geometry": { "type": "Point", "coordinates": [ -112.54062, 46.67407 ] } },
{ "type": "Feature", "properties": { "dep_id": "10015864", "site_name": "Looby Mine", "dev_stat": "Past Producer", "code_list": " AG AU ", "target_commodity": "Gold", "lon": -112.12505, "lat": 46.62546 }, "geometry": { "type": "Point", "coordinates": [ -112.12505, 46.62546 ] } },
{ "type": "Feature", "properties": { "dep_id": "10015865", "site_name": "Lady Hennessey Mine", "dev_stat": "Past Producer", "code_list": " AG AU U ", "target_commodity": "Gold", "lon": -112.28283, "lat": 46.41823 }, "geometry": { "type": "Point", "coordinates": [ -112.28283, 46.41823 ] } },
{ "type": "Feature", "properties": { "dep_id": "10015867", "site_name": "Katy Mine", "dev_stat": "Past Producer", "code_list": " AU CU ", "target_commodity": "Gold", "lon": -112.06144, "lat": 46.6674 }, "geometry": { "type": "Point", "coordinates": [ -112.06144, 46.6674 ] } },
{ "type": "Feature", "properties": { "dep_id": "10015869", "site_name": "McKay Mine", "dev_stat": "Occurrence", "code_list": " AU ", "target_commodity": "Gold", "lon": -112.4384, "lat": 46.69768 }, "geometry": { "type": "Point", "coordinates": [ -112.4384, 46.69768 ] } },
{ "type": "Feature", "properties": { "dep_id": "10015870", "site_name": "Memphis Prospect", "dev_stat": "Occurrence", "code_list": " AU ", "target_commodity": "Gold", "lon": -112.44533, "lat": 46.19907 }, "geometry": { "type": "Point", "coordinates": [ -112.44533, 46.19907 ] } },
{ "type": "Feature", "properties": { "dep_id": "10015871", "site_name": "Minnesota Mine", "dev_stat": "Past Producer", "code_list": " AU CU AS ", "target_commodity": "Gold", "lon": -112.12449, "lat": 46.38601 }, "geometry": { "type": "Point", "coordinates": [ -112.12449, 46.38601 ] } },
{ "type": "Feature", "properties": { "dep_id": "10015872", "site_name": "Magpie Group", "dev_stat": "Past Producer", "code_list": " AG AU ", "target_commodity": "Gold", "lon": -112.06755, "lat": 46.64796 }, "geometry": { "type": "Point", "coordinates": [ -112.06755, 46.64796 ] } },
{ "type": "Feature", "properties": { "dep_id": "10015873", "site_name": "Lexington Mine", "dev_stat": "Past Producer", "code_list": " AG AU ", "target_commodity": "Gold", "lon": -112.07032, "lat": 46.6624 }, "geometry": { "type": "Point", "coordinates": [ -112.07032, 46.6624 ] } },
{ "type": "Feature", "properties": { "dep_id": "10015876", "site_name": "Aurora Mine", "dev_stat": "Past Producer", "code_list": " AG AU ", "target_commodity": "Gold", "lon": -112.30977, "lat": 46.30184 }, "geometry": { "type": "Point", "coordinates": [ -112.30977, 46.30184 ] } },
{ "type": "Feature", "properties": { "dep_id": "10015877", "site_name": "Bell Boy Mine", "dev_stat": "Past Producer", "code_list": " AU AG F ", "target_commodity": "Gold", "lon": -112.36256, "lat": 46.73934 }, "geometry": { "type": "Point", "coordinates": [ -112.36256, 46.73934 ] } },
{ "type": "Feature", "properties": { "dep_id": "10015879", "site_name": "Big Chief Mine Golconda", "dev_stat": "Past Producer", "code_list": " PB AU SB ", "target_commodity": "Gold", "lon": -112.0081, "lat": 46.36379 }, "geometry": { "type": "Point", "coordinates": [ -112.0081, 46.36379 ] } },
{ "type": "Feature", "properties": { "dep_id": "10015880", "site_name": "Big Indian Mine", "dev_stat": "Past Producer", "code_list": " AU ", "target_commodity": "Gold", "lon": -112.0231, "lat": 46.53796 }, "geometry": { "type": "Point", "coordinates": [ -112.0231, 46.53796 ] } },
{ "type": "Feature", "properties": { "dep_id": "10015881", "site_name": "Ajax Mine", "dev_stat": "Past Producer", "code_list": " AU CU ", "target_commodity": "Gold", "lon": -112.06171, "lat": 46.65462 }, "geometry": { "type": "Point", "coordinates": [ -112.06171, 46.65462 ] } },
{ "type": "Feature", "properties": { "dep_id": "10015882", "site_name": "Ajax Mine", "dev_stat": "Past Producer", "code_list": " AU AG ", "target_commodity": "Gold", "lon": -112.49257, "lat": 46.71518 }, "geometry": { "type": "Point", "coordinates": [ -112.49257, 46.71518 ] } },
{ "type": "Feature", "properties": { "dep_id": "10015883", "site_name": "Carlson Mine", "dev_stat": "Occurrence", "code_list": " AU ", "target_commodity": "Gold", "lon": -112.29728, "lat": 46.42129 }, "geometry": { "type": "Point", "coordinates": [ -112.29728, 46.42129 ] } },
{ "type": "Feature", "properties": { "dep_id": "10015884", "site_name": "Boulder Mine", "dev_stat": "Past Producer", "code_list": " AU PB ", "target_commodity": "Gold", "lon": -112.28921, "lat": 46.27879 }, "geometry": { "type": "Point", "coordinates": [ -112.28921, 46.27879 ] } },
{ "type": "Feature", "properties": { "dep_id": "10015885", "site_name": "Buckeye Mine", "dev_stat": "Past Producer", "code_list": " AU CU AS ", "target_commodity": "Gold", "lon": -112.29533, "lat": 46.39796 }, "geometry": { "type": "Point", "coordinates": [ -112.29533, 46.39796 ] } },
{ "type": "Feature", "properties": { "dep_id": "10015888", "site_name": "Amazon Mine", "dev_stat": "Past Producer", "code_list": " AG AU ", "target_commodity": "Gold", "lon": -112.13171, "lat": 46.28629 }, "geometry": { "type": "Point", "coordinates": [ -112.13171, 46.28629 ] } },
{ "type": "Feature", "properties": { "dep_id": "10015889", "site_name": "American Flag Mine", "dev_stat": "Past Producer", "code_list": " AG AU ", "target_commodity": "Gold", "lon": -112.2381, "lat": 46.47073 }, "geometry": { "type": "Point", "coordinates": [ -112.2381, 46.47073 ] } },
{ "type": "Feature", "properties": { "dep_id": "10015891", "site_name": "Franklin Mine", "dev_stat": "Past Producer", "code_list": " AU CU ", "target_commodity": "Gold", "lon": -112.07338, "lat": 46.63879 }, "geometry": { "type": "Point", "coordinates": [ -112.07338, 46.63879 ] } },
{ "type": "Feature", "properties": { "dep_id": "10015893", "site_name": "Elizabeth Mine", "dev_stat": "Past Producer", "code_list": " AU PB AS ", "target_commodity": "Gold", "lon": -112.07005, "lat": 46.68101 }, "geometry": { "type": "Point", "coordinates": [ -112.07005, 46.68101 ] } },
{ "type": "Feature", "properties": { "dep_id": "10015894", "site_name": "Ella Mine", "dev_stat": "Past Producer", "code_list": " AU MN ", "target_commodity": "Gold", "lon": -112.08727, "lat": 46.67796 }, "geometry": { "type": "Point", "coordinates": [ -112.08727, 46.67796 ] } },
{ "type": "Feature", "properties": { "dep_id": "10015895", "site_name": "Cruse Mine", "dev_stat": "Past Producer", "code_list": " AU PB ", "target_commodity": "Gold", "lon": -112.32145, "lat": 46.74879 }, "geometry": { "type": "Point", "coordinates": [ -112.32145, 46.74879 ] } },
{ "type": "Feature", "properties": { "dep_id": "10015896", "site_name": "Calumet Mine", "dev_stat": "Past Producer", "code_list": " AU MN ", "target_commodity": "Gold", "lon": -112.29533, "lat": 46.75407 }, "geometry": { "type": "Point", "coordinates": [ -112.29533, 46.75407 ] } },
{ "type": "Feature", "properties": { "dep_id": "10015900", "site_name": "Helena Mine", "dev_stat": "Past Producer", "code_list": " AG AU ", "target_commodity": "Gold", "lon": -112.12505, "lat": 46.62684 }, "geometry": { "type": "Point", "coordinates": [ -112.12505, 46.62684 ] } },
{ "type": "Feature", "properties": { "dep_id": "10015901", "site_name": "Hopeful Mine", "dev_stat": "Past Producer", "code_list": " AU CU AS ", "target_commodity": "Gold", "lon": -112.06394, "lat": 46.66768 }, "geometry": { "type": "Point", "coordinates": [ -112.06394, 46.66768 ] } },
{ "type": "Feature", "properties": { "dep_id": "10015902", "site_name": "Eva May Mine", "dev_stat": "Past Producer", "code_list": " AG AU SB ", "target_commodity": "Gold", "lon": -112.2231, "lat": 46.34879 }, "geometry": { "type": "Point", "coordinates": [ -112.2231, 46.34879 ] } },
{ "type": "Feature", "properties": { "dep_id": "10015905", "site_name": "Panama Mine", "dev_stat": "Occurrence", "code_list": " AG AU ", "target_commodity": "Gold", "lon": -112.20338, "lat": 46.42379 }, "geometry": { "type": "Point", "coordinates": [ -112.20338, 46.42379 ] } },
{ "type": "Feature", "properties": { "dep_id": "10015906", "site_name": "Negros Mine", "dev_stat": "Producer", "code_list": " AG AU ", "target_commodity": "Gold", "lon": -112.4245, "lat": 46.48629 }, "geometry": { "type": "Point", "coordinates": [ -112.4245, 46.48629 ] } },
{ "type": "Feature", "properties": { "dep_id": "10015908", "site_name": "Molly Mcgregor Mine", "dev_stat": "Past Producer", "code_list": " PB AU ", "target_commodity": "Gold", "lon": -112.1506, "lat": 46.29351 }, "geometry": { "type": "Point", "coordinates": [ -112.1506, 46.29351 ] } },
{ "type": "Feature", "properties": { "dep_id": "10015913", "site_name": "Lexington Mine", "dev_stat": "Past Producer", "code_list": " AG AU AS ", "target_commodity": "Gold", "lon": -112.24088, "lat": 46.4724 }, "geometry": { "type": "Point", "coordinates": [ -112.24088, 46.4724 ] } },
{ "type": "Feature", "properties": { "dep_id": "10015915", "site_name": "Pilot Mines", "dev_stat": "Past Producer", "code_list": " PB AU U ", "target_commodity": "Gold", "lon": -112.10505, "lat": 46.30601 }, "geometry": { "type": "Point", "coordinates": [ -112.10505, 46.30601 ] } },
{ "type": "Feature", "properties": { "dep_id": "10015920", "site_name": "Anna R. and Hattie M Mines", "dev_stat": "Past Producer", "code_list": " AU PB ", "target_commodity": "Gold", "lon": -112.34422, "lat": 46.45462 }, "geometry": { "type": "Point", "coordinates": [ -112.34422, 46.45462 ] } },
{ "type": "Feature", "properties": { "dep_id": "10015924", "site_name": "Eureka Mine", "dev_stat": "Past Producer", "code_list": " AG AU ", "target_commodity": "Gold", "lon": -112.23838, "lat": 46.47323 }, "geometry": { "type": "Point", "coordinates": [ -112.23838, 46.47323 ] } },
{ "type": "Feature", "properties": { "dep_id": "10015932", "site_name": "Telegraph Mine Placer", "dev_stat": "Past Producer", "code_list": " AG AU ", "target_commodity": "Gold", "lon": -112.31478, "lat": 46.46434 }, "geometry": { "type": "Point", "coordinates": [ -112.31478, 46.46434 ] } },
{ "type": "Feature", "properties": { "dep_id": "10015933", "site_name": "Strawberry Mine", "dev_stat": "Past Producer", "code_list": " AU ", "target_commodity": "Gold", "lon": -112.27728, "lat": 46.70657 }, "geometry": { "type": "Point", "coordinates": [ -112.27728, 46.70657 ] } },
{ "type": "Feature", "properties": { "dep_id": "10015935", "site_name": "Golden Point", "dev_stat": "Past Producer", "code_list": " AG AU ", "target_commodity": "Gold", "lon": -112.13532, "lat": 46.28518 }, "geometry": { "type": "Point", "coordinates": [ -112.13532, 46.28518 ] } },
{ "type": "Feature", "properties": { "dep_id": "10019005", "site_name": "Potratz Prospect", "dev_stat": "Past Producer", "code_list": " AU W ", "target_commodity": "Gold", "lon": -112.48423, "lat": 46.71101 }, "geometry": { "type": "Point", "coordinates": [ -112.48423, 46.71101 ] } },
{ "type": "Feature", "properties": { "dep_id": "10019012", "site_name": "Picard Mine", "dev_stat": "Past Producer", "code_list": " AU ", "target_commodity": "Gold", "lon": -112.4956, "lat": 45.63046 }, "geometry": { "type": "Point", "coordinates": [ -112.4956, 45.63046 ] } },
{ "type": "Feature", "properties": { "dep_id": "10019013", "site_name": "Lottie Mine", "dev_stat": "Past Producer", "code_list": " AU CU ", "target_commodity": "Gold", "lon": -112.19254, "lat": 45.5624 }, "geometry": { "type": "Point", "coordinates": [ -112.19254, 45.5624 ] } },
{ "type": "Feature", "properties": { "dep_id": "10019255", "site_name": "Copper City Mine", "dev_stat": "Past Producer", "code_list": " CU AU ", "target_commodity": "Gold", "lon": -111.54252, "lat": 45.98184 }, "geometry": { "type": "Point", "coordinates": [ -111.54252, 45.98184 ] } },
{ "type": "Feature", "properties": { "dep_id": "10019295", "site_name": "Hamlet Mine", "dev_stat": "Occurrence", "code_list": " AG AU AS ", "target_commodity": "Gold", "lon": -112.2431, "lat": 46.46934 }, "geometry": { "type": "Point", "coordinates": [ -112.2431, 46.46934 ] } },
{ "type": "Feature", "properties": { "dep_id": "10019299", "site_name": "Argonne Mine", "dev_stat": "Occurrence", "code_list": " AU ZN ", "target_commodity": "Gold", "lon": -112.18282, "lat": 46.44601 }, "geometry": { "type": "Point", "coordinates": [ -112.18282, 46.44601 ] } },
{ "type": "Feature", "properties": { "dep_id": "10019302", "site_name": "Eldorado and Plateau", "dev_stat": "Producer", "code_list": " AU AG ", "target_commodity": "Gold", "lon": -112.23699, "lat": 46.40684 }, "geometry": { "type": "Point", "coordinates": [ -112.23699, 46.40684 ] } },
{ "type": "Feature", "properties": { "dep_id": "10019303", "site_name": "Woodrow Wilson Mine", "dev_stat": "Past Producer", "code_list": " AU ", "target_commodity": "Gold", "lon": -112.26477, "lat": 46.42073 }, "geometry": { "type": "Point", "coordinates": [ -112.26477, 46.42073 ] } },
{ "type": "Feature", "properties": { "dep_id": "10019304", "site_name": "Travis Placer", "dev_stat": "Past Producer", "code_list": " AU ", "target_commodity": "Gold", "lon": -112.30367, "lat": 46.4449 }, "geometry": { "type": "Point", "coordinates": [ -112.30367, 46.4449 ] } },
{ "type": "Feature", "properties": { "dep_id": "10019307", "site_name": "Enterprise Mine", "dev_stat": "Past Producer", "code_list": " AU PB ", "target_commodity": "Gold", "lon": -112.29256, "lat": 46.38907 }, "geometry": { "type": "Point", "coordinates": [ -112.29256, 46.38907 ] } },
{ "type": "Feature", "properties": { "dep_id": "10019309", "site_name": "Kimball Mines", "dev_stat": "Occurrence", "code_list": " AU AG ", "target_commodity": "Gold", "lon": -112.41756, "lat": 46.46379 }, "geometry": { "type": "Point", "coordinates": [ -112.41756, 46.46379 ] } },
{ "type": "Feature", "properties": { "dep_id": "10019319", "site_name": "Buffalo Creek Placer", "dev_stat": "Past Producer", "code_list": " AU ", "target_commodity": "Gold", "lon": -112.11755, "lat": 46.49434 }, "geometry": { "type": "Point", "coordinates": [ -112.11755, 46.49434 ] } },
{ "type": "Feature", "properties": { "dep_id": "10019320", "site_name": "Third Term Mine", "dev_stat": "Past Producer", "code_list": " AG AU NI ", "target_commodity": "Gold", "lon": -112.35311, "lat": 46.50268 }, "geometry": { "type": "Point", "coordinates": [ -112.35311, 46.50268 ] } },
{ "type": "Feature", "properties": { "dep_id": "10019340", "site_name": "Pearl Mine", "dev_stat": "Occurrence", "code_list": " AU ", "target_commodity": "Gold", "lon": -112.27533, "lat": 46.59212 }, "geometry": { "type": "Point", "coordinates": [ -112.27533, 46.59212 ] } },
{ "type": "Feature", "properties": { "dep_id": "10019344", "site_name": "Carpenter Creek  Placer", "dev_stat": "Past Producer", "code_list": " AU ", "target_commodity": "Gold", "lon": -112.55534, "lat": 46.5999 }, "geometry": { "type": "Point", "coordinates": [ -112.55534, 46.5999 ] } },
{ "type": "Feature", "properties": { "dep_id": "10019345", "site_name": "Homestead Property", "dev_stat": "Past Producer", "code_list": " CU AU ", "target_commodity": "Gold", "lon": -112.4195, "lat": 46.60684 }, "geometry": { "type": "Point", "coordinates": [ -112.4195, 46.60684 ] } },
{ "type": "Feature", "properties": { "dep_id": "10019346", "site_name": "Ophir Creek  Placer", "dev_stat": "Past Producer", "code_list": " AU ", "target_commodity": "Gold", "lon": -112.54312, "lat": 46.63184 }, "geometry": { "type": "Point", "coordinates": [ -112.54312, 46.63184 ] } },
{ "type": "Feature", "properties": { "dep_id": "10019356", "site_name": "Come Again and Crown Groups", "dev_stat": "Past Producer", "code_list": " AU SIL ", "target_commodity": "Gold", "lon": -112.08421, "lat": 46.68323 }, "geometry": { "type": "Point", "coordinates": [ -112.08421, 46.68323 ] } },
{ "type": "Feature", "properties": { "dep_id": "10019357", "site_name": "General Harrison Mine", "dev_stat": "Occurrence", "code_list": " AU CU ", "target_commodity": "Gold", "lon": -112.09255, "lat": 46.68184 }, "geometry": { "type": "Point", "coordinates": [ -112.09255, 46.68184 ] } },
{ "type": "Feature", "properties": { "dep_id": "10019358", "site_name": "Yellowstone Claim", "dev_stat": "Occurrence", "code_list": " AU ", "target_commodity": "Gold", "lon": -112.09949, "lat": 46.6749 }, "geometry": { "type": "Point", "coordinates": [ -112.09949, 46.6749 ] } },
{ "type": "Feature", "properties": { "dep_id": "10019360", "site_name": "Greenhorn Cr", "dev_stat": "Past Producer", "code_list": " AU W ", "target_commodity": "Gold", "lon": -112.19395, "lat": 46.65823 }, "geometry": { "type": "Point", "coordinates": [ -112.19395, 46.65823 ] } },
{ "type": "Feature", "properties": { "dep_id": "10019361", "site_name": "Baldy Smith Mine", "dev_stat": "Occurrence", "code_list": " AG AU AS ", "target_commodity": "Gold", "lon": -112.22311, "lat": 46.66934 }, "geometry": { "type": "Point", "coordinates": [ -112.22311, 46.66934 ] } },
{ "type": "Feature", "properties": { "dep_id": "10019363", "site_name": "Mammoth Claim", "dev_stat": "Past Producer", "code_list": " AU ", "target_commodity": "Gold", "lon": -112.3695, "lat": 46.73823 }, "geometry": { "type": "Point", "coordinates": [ -112.3695, 46.73823 ] } },
{ "type": "Feature", "properties": { "dep_id": "10019365", "site_name": "Bumblebee", "dev_stat": "Past Producer", "code_list": " AU CU ", "target_commodity": "Gold", "lon": -112.5134, "lat": 46.69573 }, "geometry": { "type": "Point", "coordinates": [ -112.5134, 46.69573 ] } },
{ "type": "Feature", "properties": { "dep_id": "10019366", "site_name": "Flagstaff Mine", "dev_stat": "Past Producer", "code_list": " AG AU W ", "target_commodity": "Gold", "lon": -112.47118, "lat": 46.67962 }, "geometry": { "type": "Point", "coordinates": [ -112.47118, 46.67962 ] } },
{ "type": "Feature", "properties": { "dep_id": "10019374", "site_name": "Hope and Bullion Mine.", "dev_stat": "Producer", "code_list": " AU PB ", "target_commodity": "Gold", "lon": -112.15921, "lat": 46.30823 }, "geometry": { "type": "Point", "coordinates": [ -112.15921, 46.30823 ] } },
{ "type": "Feature", "properties": { "dep_id": "10019378", "site_name": "Totten Mine", "dev_stat": "Past Producer", "code_list": " AU CU ", "target_commodity": "Gold", "lon": -112.18838, "lat": 46.34573 }, "geometry": { "type": "Point", "coordinates": [ -112.18838, 46.34573 ] } },
{ "type": "Feature", "properties": { "dep_id": "10019382", "site_name": "Mt Chief Mine", "dev_stat": "Past Producer", "code_list": " AG AU ", "target_commodity": "Gold", "lon": -112.22866, "lat": 46.31657 }, "geometry": { "type": "Point", "coordinates": [ -112.22866, 46.31657 ] } },
{ "type": "Feature", "properties": { "dep_id": "10019383", "site_name": "Mt Thompson", "dev_stat": "Past Producer", "code_list": " AU SIL ", "target_commodity": "Gold", "lon": -112.21949, "lat": 46.31518 }, "geometry": { "type": "Point", "coordinates": [ -112.21949, 46.31518 ] } },
{ "type": "Feature", "properties": { "dep_id": "10019386", "site_name": "Sterrett Mine", "dev_stat": "Past Producer", "code_list": " AG AU ", "target_commodity": "Gold", "lon": -112.56617, "lat": 46.38518 }, "geometry": { "type": "Point", "coordinates": [ -112.56617, 46.38518 ] } },
{ "type": "Feature", "properties": { "dep_id": "10019387", "site_name": "Spring Cr and Rocker Gulch Placers", "dev_stat": "Past Producer", "code_list": " AU ", "target_commodity": "Gold", "lon": -112.59533, "lat": 46.36518 }, "geometry": { "type": "Point", "coordinates": [ -112.59533, 46.36518 ] } },
{ "type": "Feature", "properties": { "dep_id": "10019393", "site_name": "Sabbath Day  Mine", "dev_stat": "Past Producer", "code_list": " AG AU AS ", "target_commodity": "Gold", "lon": -112.58006, "lat": 46.37768 }, "geometry": { "type": "Point", "coordinates": [ -112.58006, 46.37768 ] } },
{ "type": "Feature", "properties": { "dep_id": "10019394", "site_name": "Caribou Creek", "dev_stat": "Past Producer", "code_list": " AU ", "target_commodity": "Gold", "lon": -112.73562, "lat": 46.31823 }, "geometry": { "type": "Point", "coordinates": [ -112.73562, 46.31823 ] } },
{ "type": "Feature", "properties": { "dep_id": "10019413", "site_name": "Frisbie Mine", "dev_stat": "Occurrence", "code_list": " AU PB ", "target_commodity": "Gold", "lon": -111.94892, "lat": 45.49296 }, "geometry": { "type": "Point", "coordinates": [ -111.94892, 45.49296 ] } },
{ "type": "Feature", "properties": { "dep_id": "10019414", "site_name": "Kidd Mine", "dev_stat": "Past Producer", "code_list": " AU AG PB ", "target_commodity": "Gold", "lon": -111.94253, "lat": 45.49018 }, "geometry": { "type": "Point", "coordinates": [ -111.94253, 45.49018 ] } },
{ "type": "Feature", "properties": { "dep_id": "10019415", "site_name": "Betsy Baker Mine", "dev_stat": "Past Producer", "code_list": " AU ", "target_commodity": "Gold", "lon": -112.01947, "lat": 45.45601 }, "geometry": { "type": "Point", "coordinates": [ -112.01947, 45.45601 ] } },
{ "type": "Feature", "properties": { "dep_id": "10019416", "site_name": "Toledo Mine", "dev_stat": "Past Producer", "code_list": " AU ", "target_commodity": "Gold", "lon": -112.12504, "lat": 45.48573 }, "geometry": { "type": "Point", "coordinates": [ -112.12504, 45.48573 ] } },
{ "type": "Feature", "properties": { "dep_id": "10019417", "site_name": "Buckeye Mine - Victoria Mines", "dev_stat": "Past Producer", "code_list": " PB AU ", "target_commodity": "Gold", "lon": -112.1342, "lat": 45.47157 }, "geometry": { "type": "Point", "coordinates": [ -112.1342, 45.47157 ] } },
{ "type": "Feature", "properties": { "dep_id": "10019419", "site_name": "High Ore Creek Placer", "dev_stat": "Past Producer", "code_list": " AU ", "target_commodity": "Gold", "lon": -112.20366, "lat": 46.2624 }, "geometry": { "type": "Point", "coordinates": [ -112.20366, 46.2624 ] } },
{ "type": "Feature", "properties": { "dep_id": "10019420", "site_name": "Galena Creek Placer", "dev_stat": "Past Producer", "code_list": " AU ", "target_commodity": "Gold", "lon": -112.18282, "lat": 46.25407 }, "geometry": { "type": "Point", "coordinates": [ -112.18282, 46.25407 ] } },
{ "type": "Feature", "properties": { "dep_id": "10019422", "site_name": "Boulder River Placer", "dev_stat": "Past Producer", "code_list": " AU ", "target_commodity": "Gold", "lon": -112.26199, "lat": 46.27073 }, "geometry": { "type": "Point", "coordinates": [ -112.26199, 46.27073 ] } },
{ "type": "Feature", "properties": { "dep_id": "10019427", "site_name": "Orofino Creek  Placer", "dev_stat": "Past Producer", "code_list": " AU ", "target_commodity": "Gold", "lon": -112.62172, "lat": 46.2374 }, "geometry": { "type": "Point", "coordinates": [ -112.62172, 46.2374 ] } },
{ "type": "Feature", "properties": { "dep_id": "10019447", "site_name": "Windy Ridge Prospects", "dev_stat": "Occurrence", "code_list": " AU W ", "target_commodity": "Gold", "lon": -112.32672, "lat": 46.77157 }, "geometry": { "type": "Point", "coordinates": [ -112.32672, 46.77157 ] } },
{ "type": "Feature", "properties": { "dep_id": "10019448", "site_name": "Little Ox Mine", "dev_stat": "Past Producer", "code_list": " AU PB SB ", "target_commodity": "Gold", "lon": -112.32089, "lat": 46.77268 }, "geometry": { "type": "Point", "coordinates": [ -112.32089, 46.77268 ] } },
{ "type": "Feature", "properties": { "dep_id": "10019463", "site_name": "Carbonate Chief Mine", "dev_stat": "Producer", "code_list": " AU ", "target_commodity": "Gold", "lon": -111.88115, "lat": 46.42073 }, "geometry": { "type": "Point", "coordinates": [ -111.88115, 46.42073 ] } },
{ "type": "Feature", "properties": { "dep_id": "10019464", "site_name": "White Pine Mine", "dev_stat": "Producer", "code_list": " AU ", "target_commodity": "Gold", "lon": -111.88115, "lat": 46.42073 }, "geometry": { "type": "Point", "coordinates": [ -111.88115, 46.42073 ] } },
{ "type": "Feature", "properties": { "dep_id": "10019465", "site_name": "B & G Mine", "dev_stat": "Producer", "code_list": " AU ", "target_commodity": "Gold", "lon": -111.90226, "lat": 46.40657 }, "geometry": { "type": "Point", "coordinates": [ -111.90226, 46.40657 ] } },
{ "type": "Feature", "properties": { "dep_id": "10019466", "site_name": "Lump Gulch Placer", "dev_stat": "Past Producer", "code_list": " AU ", "target_commodity": "Gold", "lon": -112.10782, "lat": 46.45962 }, "geometry": { "type": "Point", "coordinates": [ -112.10782, 46.45962 ] } },
{ "type": "Feature", "properties": { "dep_id": "10019478", "site_name": "West Nettie Mine", "dev_stat": "Past Producer", "code_list": " AU ", "target_commodity": "Gold", "lon": -112.5845, "lat": 46.01462 }, "geometry": { "type": "Point", "coordinates": [ -112.5845, 46.01462 ] } },
{ "type": "Feature", "properties": { "dep_id": "10019481", "site_name": "Jewel Mine", "dev_stat": "Occurrence", "code_list": " AU ", "target_commodity": "Gold", "lon": -112.5795, "lat": 45.99657 }, "geometry": { "type": "Point", "coordinates": [ -112.5795, 45.99657 ] } },
{ "type": "Feature", "properties": { "dep_id": "10019487", "site_name": "Best Hope Mine", "dev_stat": "Producer", "code_list": " AU ", "target_commodity": "Gold", "lon": -112.59867, "lat": 45.98212 }, "geometry": { "type": "Point", "coordinates": [ -112.59867, 45.98212 ] } },
{ "type": "Feature", "properties": { "dep_id": "10019497", "site_name": "Big Foot Creek Placer", "dev_stat": "Past Producer", "code_list": " AU ", "target_commodity": "Gold", "lon": -112.15144, "lat": 46.11796 }, "geometry": { "type": "Point", "coordinates": [ -112.15144, 46.11796 ] } },
{ "type": "Feature", "properties": { "dep_id": "10019507", "site_name": "Skookum Placer", "dev_stat": "Past Producer", "code_list": " AU ", "target_commodity": "Gold", "lon": -112.17727, "lat": 46.29434 }, "geometry": { "type": "Point", "coordinates": [ -112.17727, 46.29434 ] } },
{ "type": "Feature", "properties": { "dep_id": "10019508", "site_name": "Dry Cottonwood Placer", "dev_stat": "Producer", "code_list": " AU ", "target_commodity": "Gold", "lon": -112.65006, "lat": 46.20407 }, "geometry": { "type": "Point", "coordinates": [ -112.65006, 46.20407 ] } },
{ "type": "Feature", "properties": { "dep_id": "10019509", "site_name": "Montana Mine", "dev_stat": "Past Producer", "code_list": " AG AU ", "target_commodity": "Gold", "lon": -112.04866, "lat": 46.45962 }, "geometry": { "type": "Point", "coordinates": [ -112.04866, 46.45962 ] } },
{ "type": "Feature", "properties": { "dep_id": "10019512", "site_name": "Mayflower Mine", "dev_stat": "Past Producer", "code_list": " AU AG ", "target_commodity": "Gold", "lon": -112.00226, "lat": 45.79351 }, "geometry": { "type": "Point", "coordinates": [ -112.00226, 45.79351 ] } },
{ "type": "Feature", "properties": { "dep_id": "10019515", "site_name": "Ready Cash", "dev_stat": "Past Producer", "code_list": " AU ", "target_commodity": "Gold", "lon": -112.45644, "lat": 45.81518 }, "geometry": { "type": "Point", "coordinates": [ -112.45644, 45.81518 ] } },
{ "type": "Feature", "properties": { "dep_id": "10019516", "site_name": "Bear Cat Prospect", "dev_stat": "Past Producer", "code_list": " AU ", "target_commodity": "Gold", "lon": -112.45921, "lat": 45.80101 }, "geometry": { "type": "Point", "coordinates": [ -112.45921, 45.80101 ] } },
{ "type": "Feature", "properties": { "dep_id": "10019517", "site_name": "Brooks Prospect", "dev_stat": "Past Producer", "code_list": " AU ", "target_commodity": "Gold", "lon": -112.49255, "lat": 45.80407 }, "geometry": { "type": "Point", "coordinates": [ -112.49255, 45.80407 ] } },
{ "type": "Feature", "properties": { "dep_id": "10019518", "site_name": "Mcphail Prospect", "dev_stat": "Occurrence", "code_list": " AU ", "target_commodity": "Gold", "lon": -112.49671, "lat": 45.79518 }, "geometry": { "type": "Point", "coordinates": [ -112.49671, 45.79518 ] } },
{ "type": "Feature", "properties": { "dep_id": "10019519", "site_name": "Ballarat Mine", "dev_stat": "Past Producer", "code_list": " AU ", "target_commodity": "Gold", "lon": -112.48505, "lat": 45.79046 }, "geometry": { "type": "Point", "coordinates": [ -112.48505, 45.79046 ] } },
{ "type": "Feature", "properties": { "dep_id": "10019520", "site_name": "Templeman Claim", "dev_stat": "Past Producer", "code_list": " AU ", "target_commodity": "Gold", "lon": -112.47616, "lat": 45.78879 }, "geometry": { "type": "Point", "coordinates": [ -112.47616, 45.78879 ] } },
{ "type": "Feature", "properties": { "dep_id": "10019521", "site_name": "Ozark Prospect", "dev_stat": "Past Producer", "code_list": " AU FE ", "target_commodity": "Gold", "lon": -112.4856, "lat": 45.79518 }, "geometry": { "type": "Point", "coordinates": [ -112.4856, 45.79518 ] } },
{ "type": "Feature", "properties": { "dep_id": "10019528", "site_name": "Chief Mine", "dev_stat": "Occurrence", "code_list": " AU ", "target_commodity": "Gold", "lon": -111.87669, "lat": 45.92518 }, "geometry": { "type": "Point", "coordinates": [ -111.87669, 45.92518 ] } },
{ "type": "Feature", "properties": { "dep_id": "10019530", "site_name": "Statler's St. Paul Gulch Claim", "dev_stat": "Past Producer", "code_list": " AU PB ZN ", "target_commodity": "Gold", "lon": -112.04448, "lat": 45.90212 }, "geometry": { "type": "Point", "coordinates": [ -112.04448, 45.90212 ] } },
{ "type": "Feature", "properties": { "dep_id": "10019531", "site_name": "Examiner Mine", "dev_stat": "Past Producer", "code_list": " PB AU ", "target_commodity": "Gold", "lon": -112.0467, "lat": 45.92657 }, "geometry": { "type": "Point", "coordinates": [ -112.0467, 45.92657 ] } },
{ "type": "Feature", "properties": { "dep_id": "10019532", "site_name": "Florence Group", "dev_stat": "Past Producer", "code_list": " AU ", "target_commodity": "Gold", "lon": -112.03031, "lat": 45.92073 }, "geometry": { "type": "Point", "coordinates": [ -112.03031, 45.92073 ] } },
{ "type": "Feature", "properties": { "dep_id": "10019534", "site_name": "Glowing Star Placer", "dev_stat": "Occurrence", "code_list": " AU ", "target_commodity": "Gold", "lon": -112.40671, "lat": 45.95323 }, "geometry": { "type": "Point", "coordinates": [ -112.40671, 45.95323 ] } },
{ "type": "Feature", "properties": { "dep_id": "10019535", "site_name": "Morning Glory", "dev_stat": "Occurrence", "code_list": " AU ", "target_commodity": "Gold", "lon": -112.40671, "lat": 45.95323 }, "geometry": { "type": "Point", "coordinates": [ -112.40671, 45.95323 ] } },
{ "type": "Feature", "properties": { "dep_id": "10019536", "site_name": "Sixteen-To-One", "dev_stat": "Past Producer", "code_list": " AU ", "target_commodity": "Gold", "lon": -112.31255, "lat": 45.88323 }, "geometry": { "type": "Point", "coordinates": [ -112.31255, 45.88323 ] } },
{ "type": "Feature", "properties": { "dep_id": "10019538", "site_name": "Harriet Mine", "dev_stat": "Occurrence", "code_list": " AU ", "target_commodity": "Gold", "lon": -112.41421, "lat": 45.95296 }, "geometry": { "type": "Point", "coordinates": [ -112.41421, 45.95296 ] } },
{ "type": "Feature", "properties": { "dep_id": "10019540", "site_name": "Good Luck Mine", "dev_stat": "Occurrence", "code_list": " AU ", "target_commodity": "Gold", "lon": -112.53895, "lat": 45.89657 }, "geometry": { "type": "Point", "coordinates": [ -112.53895, 45.89657 ] } },
{ "type": "Feature", "properties": { "dep_id": "10019549", "site_name": "Poser Mine", "dev_stat": "Occurrence", "code_list": " AU ", "target_commodity": "Gold", "lon": -112.52089, "lat": 46.04046 }, "geometry": { "type": "Point", "coordinates": [ -112.52089, 46.04046 ] } },
{ "type": "Feature", "properties": { "dep_id": "10019550", "site_name": "Badger Mine", "dev_stat": "Past Producer", "code_list": " ZN AU ", "target_commodity": "Gold", "lon": -112.51895, "lat": 46.03184 }, "geometry": { "type": "Point", "coordinates": [ -112.51895, 46.03184 ] } },
{ "type": "Feature", "properties": { "dep_id": "10019557", "site_name": "Carver Tailings", "dev_stat": "Occurrence", "code_list": " AU ", "target_commodity": "Gold", "lon": -112.47783, "lat": 45.99629 }, "geometry": { "type": "Point", "coordinates": [ -112.47783, 45.99629 ] } },
{ "type": "Feature", "properties": { "dep_id": "10019558", "site_name": "Rising Sun Claims", "dev_stat": "Occurrence", "code_list": " AU ", "target_commodity": "Gold", "lon": -112.47783, "lat": 45.99629 }, "geometry": { "type": "Point", "coordinates": [ -112.47783, 45.99629 ] } },
{ "type": "Feature", "properties": { "dep_id": "10019559", "site_name": "Colorado Tailings", "dev_stat": "Occurrence", "code_list": " AU ", "target_commodity": "Gold", "lon": -112.56061, "lat": 45.99323 }, "geometry": { "type": "Point", "coordinates": [ -112.56061, 45.99323 ] } },
{ "type": "Feature", "properties": { "dep_id": "10019560", "site_name": "Blackwell", "dev_stat": "Past Producer", "code_list": " AU ", "target_commodity": "Gold", "lon": -112.4131, "lat": 45.96323 }, "geometry": { "type": "Point", "coordinates": [ -112.4131, 45.96323 ] } },
{ "type": "Feature", "properties": { "dep_id": "10019561", "site_name": "Silver Lick", "dev_stat": "Past Producer", "code_list": " AG AU BE ", "target_commodity": "Gold", "lon": -112.54533, "lat": 46.03601 }, "geometry": { "type": "Point", "coordinates": [ -112.54533, 46.03601 ] } },
{ "type": "Feature", "properties": { "dep_id": "10019562", "site_name": "Marget Ann Mine", "dev_stat": "Past Producer", "code_list": " AU PB MN ", "target_commodity": "Gold", "lon": -112.53145, "lat": 46.0374 }, "geometry": { "type": "Point", "coordinates": [ -112.53145, 46.0374 ] } },
{ "type": "Feature", "properties": { "dep_id": "10019565", "site_name": "Snowdrift Mine", "dev_stat": "Past Producer", "code_list": " AG AU SB ", "target_commodity": "Gold", "lon": -112.54533, "lat": 46.03879 }, "geometry": { "type": "Point", "coordinates": [ -112.54533, 46.03879 ] } },
{ "type": "Feature", "properties": { "dep_id": "10019568", "site_name": "Lavena Mine", "dev_stat": "Past Producer", "code_list": " AG AU ", "target_commodity": "Gold", "lon": -112.60228, "lat": 46.02073 }, "geometry": { "type": "Point", "coordinates": [ -112.60228, 46.02073 ] } },
{ "type": "Feature", "properties": { "dep_id": "10019583", "site_name": "Stanislas Mine", "dev_stat": "Producer", "code_list": " AU ", "target_commodity": "Gold", "lon": -112.54006, "lat": 46.01101 }, "geometry": { "type": "Point", "coordinates": [ -112.54006, 46.01101 ] } },
{ "type": "Feature", "properties": { "dep_id": "10019588", "site_name": "Comet and Spring Creek Placers", "dev_stat": "Past Producer", "code_list": " AU ", "target_commodity": "Gold", "lon": -112.05644, "lat": 46.38046 }, "geometry": { "type": "Point", "coordinates": [ -112.05644, 46.38046 ] } },
{ "type": "Feature", "properties": { "dep_id": "10019596", "site_name": "Bull Moose Mine", "dev_stat": "Past Producer", "code_list": " AG AU AS ", "target_commodity": "Gold", "lon": -112.57589, "lat": 46.38796 }, "geometry": { "type": "Point", "coordinates": [ -112.57589, 46.38796 ] } },
{ "type": "Feature", "properties": { "dep_id": "10019597", "site_name": "Swan Mine", "dev_stat": "Past Producer", "code_list": " AG AU AS ", "target_commodity": "Gold", "lon": -112.58978, "lat": 46.37934 }, "geometry": { "type": "Point", "coordinates": [ -112.58978, 46.37934 ] } },
{ "type": "Feature", "properties": { "dep_id": "10019598", "site_name": "Bonanza Mine", "dev_stat": "Past Producer", "code_list": " AU ZN AS ", "target_commodity": "Gold", "lon": -112.57089, "lat": 46.37934 }, "geometry": { "type": "Point", "coordinates": [ -112.57089, 46.37934 ] } },
{ "type": "Feature", "properties": { "dep_id": "10019599", "site_name": "Leadville Mine", "dev_stat": "Past Producer", "code_list": " AG AU ", "target_commodity": "Gold", "lon": -112.54533, "lat": 46.31434 }, "geometry": { "type": "Point", "coordinates": [ -112.54533, 46.31434 ] } },
{ "type": "Feature", "properties": { "dep_id": "10019616", "site_name": "King Cole", "dev_stat": "Producer", "code_list": " AG AU ", "target_commodity": "Gold", "lon": -112.1981, "lat": 46.29573 }, "geometry": { "type": "Point", "coordinates": [ -112.1981, 46.29573 ] } },
{ "type": "Feature", "properties": { "dep_id": "10019623", "site_name": "Australia Mine", "dev_stat": "Past Producer", "code_list": " AU PB ", "target_commodity": "Gold", "lon": -112.14144, "lat": 46.31101 }, "geometry": { "type": "Point", "coordinates": [ -112.14144, 46.31101 ] } },
{ "type": "Feature", "properties": { "dep_id": "10019624", "site_name": "Montana", "dev_stat": "Past Producer", "code_list": " AG AU ", "target_commodity": "Gold", "lon": -112.13671, "lat": 46.31046 }, "geometry": { "type": "Point", "coordinates": [ -112.13671, 46.31046 ] } },
{ "type": "Feature", "properties": { "dep_id": "10019625", "site_name": "Wilbur Silver Mine", "dev_stat": "Past Producer", "code_list": " AG AU ", "target_commodity": "Gold", "lon": -112.12588, "lat": 46.31296 }, "geometry": { "type": "Point", "coordinates": [ -112.12588, 46.31296 ] } },
{ "type": "Feature", "properties": { "dep_id": "10019626", "site_name": "Mayflower Mine", "dev_stat": "Past Producer", "code_list": " AU ", "target_commodity": "Gold", "lon": -112.11616, "lat": 46.31212 }, "geometry": { "type": "Point", "coordinates": [ -112.11616, 46.31212 ] } },
{ "type": "Feature", "properties": { "dep_id": "10019630", "site_name": "Pen Yan Mine", "dev_stat": "Past Producer", "code_list": " AU CU ", "target_commodity": "Gold", "lon": -112.17727, "lat": 46.35823 }, "geometry": { "type": "Point", "coordinates": [ -112.17727, 46.35823 ] } },
{ "type": "Feature", "properties": { "dep_id": "10019631", "site_name": "Apollo Mine", "dev_stat": "Past Producer", "code_list": " AU ", "target_commodity": "Gold", "lon": -112.2231, "lat": 46.35129 }, "geometry": { "type": "Point", "coordinates": [ -112.2231, 46.35129 ] } },
{ "type": "Feature", "properties": { "dep_id": "10019633", "site_name": "John T. Mine", "dev_stat": "Past Producer", "code_list": " AG AU ", "target_commodity": "Gold", "lon": -112.2431, "lat": 46.35434 }, "geometry": { "type": "Point", "coordinates": [ -112.2431, 46.35434 ] } },
{ "type": "Feature", "properties": { "dep_id": "10019634", "site_name": "First Shot Mine", "dev_stat": "Past Producer", "code_list": " AG AU ", "target_commodity": "Gold", "lon": -112.26755, "lat": 46.35823 }, "geometry": { "type": "Point", "coordinates": [ -112.26755, 46.35823 ] } },
{ "type": "Feature", "properties": { "dep_id": "10019635", "site_name": "Sirius Mine", "dev_stat": "Producer", "code_list": " AU CU ", "target_commodity": "Gold", "lon": -112.24532, "lat": 46.33601 }, "geometry": { "type": "Point", "coordinates": [ -112.24532, 46.33601 ] } },
{ "type": "Feature", "properties": { "dep_id": "10019636", "site_name": "Uncle Sam Mine", "dev_stat": "Past Producer", "code_list": " AG AU U ", "target_commodity": "Gold", "lon": -112.25171, "lat": 46.32629 }, "geometry": { "type": "Point", "coordinates": [ -112.25171, 46.32629 ] } },
{ "type": "Feature", "properties": { "dep_id": "10019637", "site_name": "Red Wing Mine", "dev_stat": "Past Producer", "code_list": " AG AU ", "target_commodity": "Gold", "lon": -112.21755, "lat": 46.30684 }, "geometry": { "type": "Point", "coordinates": [ -112.21755, 46.30684 ] } },
{ "type": "Feature", "properties": { "dep_id": "10019644", "site_name": "Nannie Brown Mine", "dev_stat": "Past Producer", "code_list": " AU ", "target_commodity": "Gold", "lon": -112.42394, "lat": 45.96296 }, "geometry": { "type": "Point", "coordinates": [ -112.42394, 45.96296 ] } },
{ "type": "Feature", "properties": { "dep_id": "10019647", "site_name": "Shorty", "dev_stat": "Producer", "code_list": " AU ", "target_commodity": "Gold", "lon": -112.43505, "lat": 45.92462 }, "geometry": { "type": "Point", "coordinates": [ -112.43505, 45.92462 ] } },
{ "type": "Feature", "properties": { "dep_id": "10019648", "site_name": "Mountain Cheif Mine", "dev_stat": "Past Producer", "code_list": " AU ", "target_commodity": "Gold", "lon": -112.41755, "lat": 45.95768 }, "geometry": { "type": "Point", "coordinates": [ -112.41755, 45.95768 ] } },
{ "type": "Feature", "properties": { "dep_id": "10019649", "site_name": "Montana Mine", "dev_stat": "Past Producer", "code_list": " AU ", "target_commodity": "Gold", "lon": -112.39671, "lat": 45.95934 }, "geometry": { "type": "Point", "coordinates": [ -112.39671, 45.95934 ] } },
{ "type": "Feature", "properties": { "dep_id": "10019650", "site_name": "Gold Bug Mine", "dev_stat": "Past Producer", "code_list": " AG AU ", "target_commodity": "Gold", "lon": -112.39588, "lat": 45.95323 }, "geometry": { "type": "Point", "coordinates": [ -112.39588, 45.95323 ] } },
{ "type": "Feature", "properties": { "dep_id": "10019651", "site_name": "Carbonate Mine", "dev_stat": "Past Producer", "code_list": " AU ", "target_commodity": "Gold", "lon": -112.04087, "lat": 45.91796 }, "geometry": { "type": "Point", "coordinates": [ -112.04087, 45.91796 ] } },
{ "type": "Feature", "properties": { "dep_id": "10019652", "site_name": "Sunny Corner Mine", "dev_stat": "Past Producer", "code_list": " AU ZN ", "target_commodity": "Gold", "lon": -112.04531, "lat": 45.91351 }, "geometry": { "type": "Point", "coordinates": [ -112.04531, 45.91351 ] } },
{ "type": "Feature", "properties": { "dep_id": "10019654", "site_name": "Inspiration Mine", "dev_stat": "Past Producer", "code_list": " AU ", "target_commodity": "Gold", "lon": -112.02587, "lat": 45.91657 }, "geometry": { "type": "Point", "coordinates": [ -112.02587, 45.91657 ] } },
{ "type": "Feature", "properties": { "dep_id": "10019655", "site_name": "Lucky Hit Mine", "dev_stat": "Past Producer", "code_list": " AU ", "target_commodity": "Gold", "lon": -112.03893, "lat": 45.92157 }, "geometry": { "type": "Point", "coordinates": [ -112.03893, 45.92157 ] } },
{ "type": "Feature", "properties": { "dep_id": "10019656", "site_name": "Surprise Mine", "dev_stat": "Past Producer", "code_list": " AU ", "target_commodity": "Gold", "lon": -112.03448, "lat": 45.91879 }, "geometry": { "type": "Point", "coordinates": [ -112.03448, 45.91879 ] } },
{ "type": "Feature", "properties": { "dep_id": "10019662", "site_name": "Saturday Night Mine", "dev_stat": "Past Producer", "code_list": " AG AU AS ", "target_commodity": "Gold", "lon": -112.25421, "lat": 46.30046 }, "geometry": { "type": "Point", "coordinates": [ -112.25421, 46.30046 ] } },
{ "type": "Feature", "properties": { "dep_id": "10019663", "site_name": "Basin Bell Mine", "dev_stat": "Past Producer", "code_list": " AG AU ", "target_commodity": "Gold", "lon": -112.54672, "lat": 46.00962 }, "geometry": { "type": "Point", "coordinates": [ -112.54672, 46.00962 ] } },
{ "type": "Feature", "properties": { "dep_id": "10019665", "site_name": "Rose Mine", "dev_stat": "Past Producer", "code_list": " AU CU ", "target_commodity": "Gold", "lon": -112.2481, "lat": 46.28462 }, "geometry": { "type": "Point", "coordinates": [ -112.2481, 46.28462 ] } },
{ "type": "Feature", "properties": { "dep_id": "10019666", "site_name": "Mantle and South Mantle Mine", "dev_stat": "Producer", "code_list": " AU ", "target_commodity": "Gold", "lon": -112.24255, "lat": 46.29073 }, "geometry": { "type": "Point", "coordinates": [ -112.24255, 46.29073 ] } },
{ "type": "Feature", "properties": { "dep_id": "10019669", "site_name": "Virginia Mine", "dev_stat": "Past Producer", "code_list": " AG AU ", "target_commodity": "Gold", "lon": -112.20921, "lat": 46.29018 }, "geometry": { "type": "Point", "coordinates": [ -112.20921, 46.29018 ] } },
{ "type": "Feature", "properties": { "dep_id": "10019670", "site_name": "Reliance Mine", "dev_stat": "Past Producer", "code_list": " AG AU ", "target_commodity": "Gold", "lon": -112.20088, "lat": 46.28046 }, "geometry": { "type": "Point", "coordinates": [ -112.20088, 46.28046 ] } },
{ "type": "Feature", "properties": { "dep_id": "10019672", "site_name": "High Ore Mine", "dev_stat": "Past Producer", "code_list": " AG AU U ", "target_commodity": "Gold", "lon": -112.1981, "lat": 46.29434 }, "geometry": { "type": "Point", "coordinates": [ -112.1981, 46.29434 ] } },
{ "type": "Feature", "properties": { "dep_id": "10019674", "site_name": "Last Chance Mine", "dev_stat": "Past Producer", "code_list": " AG AU ", "target_commodity": "Gold", "lon": -112.2606, "lat": 46.26573 }, "geometry": { "type": "Point", "coordinates": [ -112.2606, 46.26573 ] } },
{ "type": "Feature", "properties": { "dep_id": "10019675", "site_name": "Silversmith Mine", "dev_stat": "Producer", "code_list": " AU ", "target_commodity": "Gold", "lon": -112.25532, "lat": 46.24351 }, "geometry": { "type": "Point", "coordinates": [ -112.25532, 46.24351 ] } },
{ "type": "Feature", "properties": { "dep_id": "10019677", "site_name": "Basin Creek Placer", "dev_stat": "Past Producer", "code_list": " AU AG ", "target_commodity": "Gold", "lon": -112.26338, "lat": 46.27073 }, "geometry": { "type": "Point", "coordinates": [ -112.26338, 46.27073 ] } },
{ "type": "Feature", "properties": { "dep_id": "10019678", "site_name": "Lowland Creek  Placer", "dev_stat": "Past Producer", "code_list": " AU ", "target_commodity": "Gold", "lon": -112.44672, "lat": 46.20268 }, "geometry": { "type": "Point", "coordinates": [ -112.44672, 46.20268 ] } },
{ "type": "Feature", "properties": { "dep_id": "10019687", "site_name": "Wilson Creek Placer", "dev_stat": "Past Producer", "code_list": " AU ", "target_commodity": "Gold", "lon": -112.21199, "lat": 46.16212 }, "geometry": { "type": "Point", "coordinates": [ -112.21199, 46.16212 ] } },
{ "type": "Feature", "properties": { "dep_id": "10019689", "site_name": "Eureka Mine", "dev_stat": "Past Producer", "code_list": " AG AU ", "target_commodity": "Gold", "lon": -112.27588, "lat": 46.18046 }, "geometry": { "type": "Point", "coordinates": [ -112.27588, 46.18046 ] } },
{ "type": "Feature", "properties": { "dep_id": "10019690", "site_name": "Columbia Mine", "dev_stat": "Past Producer", "code_list": " AU CU ", "target_commodity": "Gold", "lon": -112.43145, "lat": 46.19379 }, "geometry": { "type": "Point", "coordinates": [ -112.43145, 46.19379 ] } },
{ "type": "Feature", "properties": { "dep_id": "10019691", "site_name": "Clancy Creek Placer", "dev_stat": "Past Producer", "code_list": " AU AG ", "target_commodity": "Gold", "lon": -112.08977, "lat": 46.42212 }, "geometry": { "type": "Point", "coordinates": [ -112.08977, 46.42212 ] } },
{ "type": "Feature", "properties": { "dep_id": "10019692", "site_name": "Mammoth Mine", "dev_stat": "Producer", "code_list": " AU ", "target_commodity": "Gold", "lon": -112.07032, "lat": 46.40129 }, "geometry": { "type": "Point", "coordinates": [ -112.07032, 46.40129 ] } },
{ "type": "Feature", "properties": { "dep_id": "10019694", "site_name": "Staples Mine", "dev_stat": "Past Producer", "code_list": " AU ", "target_commodity": "Gold", "lon": -112.28589, "lat": 46.7549 }, "geometry": { "type": "Point", "coordinates": [ -112.28589, 46.7549 ] } },
{ "type": "Feature", "properties": { "dep_id": "10019698", "site_name": "Washington Gulch Placer", "dev_stat": "Past Producer", "code_list": " AU ", "target_commodity": "Gold", "lon": -112.66673, "lat": 46.78379 }, "geometry": { "type": "Point", "coordinates": [ -112.66673, 46.78379 ] } },
{ "type": "Feature", "properties": { "dep_id": "10019737", "site_name": "California Creek Placer", "dev_stat": "Past Producer", "code_list": " AU ", "target_commodity": "Gold", "lon": -112.04503, "lat": 45.38462 }, "geometry": { "type": "Point", "coordinates": [ -112.04503, 45.38462 ] } },
{ "type": "Feature", "properties": { "dep_id": "10019738", "site_name": "Bivens Gulch Placer", "dev_stat": "Past Producer", "code_list": " AU ", "target_commodity": "Gold", "lon": -112.06003, "lat": 45.3999 }, "geometry": { "type": "Point", "coordinates": [ -112.06003, 45.3999 ] } },
{ "type": "Feature", "properties": { "dep_id": "10019742", "site_name": "Corn Cracker Mine", "dev_stat": "Past Producer", "code_list": " AU CU ", "target_commodity": "Gold", "lon": -112.20698, "lat": 45.53879 }, "geometry": { "type": "Point", "coordinates": [ -112.20698, 45.53879 ] } },
{ "type": "Feature", "properties": { "dep_id": "10019743", "site_name": "Little Goldie-Eleanora Group", "dev_stat": "Past Producer", "code_list": " AU ", "target_commodity": "Gold", "lon": -112.17865, "lat": 45.55268 }, "geometry": { "type": "Point", "coordinates": [ -112.17865, 45.55268 ] } },
{ "type": "Feature", "properties": { "dep_id": "10019744", "site_name": "Carolina Mine", "dev_stat": "Past Producer", "code_list": " AU CU ", "target_commodity": "Gold", "lon": -112.18837, "lat": 45.55462 }, "geometry": { "type": "Point", "coordinates": [ -112.18837, 45.55462 ] } },
{ "type": "Feature", "properties": { "dep_id": "10019745", "site_name": "Richmond Group", "dev_stat": "Producer", "code_list": " AU PB ", "target_commodity": "Gold", "lon": -112.19587, "lat": 45.58184 }, "geometry": { "type": "Point", "coordinates": [ -112.19587, 45.58184 ] } },
{ "type": "Feature", "properties": { "dep_id": "10019747", "site_name": "Bear Gulch Adit", "dev_stat": "Occurrence", "code_list": " AU ", "target_commodity": "Gold", "lon": -112.20531, "lat": 45.58907 }, "geometry": { "type": "Point", "coordinates": [ -112.20531, 45.58907 ] } },
{ "type": "Feature", "properties": { "dep_id": "10019748", "site_name": "Gold King Mine", "dev_stat": "Past Producer", "code_list": " AU ", "target_commodity": "Gold", "lon": -112.65006, "lat": 45.68796 }, "geometry": { "type": "Point", "coordinates": [ -112.65006, 45.68796 ] } },
{ "type": "Feature", "properties": { "dep_id": "10019749", "site_name": "Golden Rod Mine", "dev_stat": "Past Producer", "code_list": " AU ", "target_commodity": "Gold", "lon": -112.32031, "lat": 45.65462 }, "geometry": { "type": "Point", "coordinates": [ -112.32031, 45.65462 ] } },
{ "type": "Feature", "properties": { "dep_id": "10019750", "site_name": "Aurora Mine", "dev_stat": "Past Producer", "code_list": " AU CU ", "target_commodity": "Gold", "lon": -112.33755, "lat": 45.6849 }, "geometry": { "type": "Point", "coordinates": [ -112.33755, 45.6849 ] } },
{ "type": "Feature", "properties": { "dep_id": "10019751", "site_name": "Hudson Group", "dev_stat": "Past Producer", "code_list": " AU CU ", "target_commodity": "Gold", "lon": -112.31115, "lat": 45.69434 }, "geometry": { "type": "Point", "coordinates": [ -112.31115, 45.69434 ] } },
{ "type": "Feature", "properties": { "dep_id": "10019752", "site_name": "Strawn Mine", "dev_stat": "Past Producer", "code_list": " AU ", "target_commodity": "Gold", "lon": -112.13226, "lat": 45.66657 }, "geometry": { "type": "Point", "coordinates": [ -112.13226, 45.66657 ] } },
{ "type": "Feature", "properties": { "dep_id": "10019768", "site_name": "Yama Group", "dev_stat": "Past Producer", "code_list": " AG AU ", "target_commodity": "Gold", "lon": -112.20782, "lat": 46.41573 }, "geometry": { "type": "Point", "coordinates": [ -112.20782, 46.41573 ] } },
{ "type": "Feature", "properties": { "dep_id": "10019772", "site_name": "Crescent Mine", "dev_stat": "Past Producer", "code_list": " AU CU SB ", "target_commodity": "Gold", "lon": -112.24588, "lat": 46.42101 }, "geometry": { "type": "Point", "coordinates": [ -112.24588, 46.42101 ] } },
{ "type": "Feature", "properties": { "dep_id": "10019774", "site_name": "Bunker Hill Mine", "dev_stat": "Past Producer", "code_list": " AG AU AS ", "target_commodity": "Gold", "lon": -112.24867, "lat": 46.46934 }, "geometry": { "type": "Point", "coordinates": [ -112.24867, 46.46934 ] } },
{ "type": "Feature", "properties": { "dep_id": "10019775", "site_name": "Evergreen Mine", "dev_stat": "Past Producer", "code_list": " AG AU AS ", "target_commodity": "Gold", "lon": -112.24867, "lat": 46.46712 }, "geometry": { "type": "Point", "coordinates": [ -112.24867, 46.46712 ] } },
{ "type": "Feature", "properties": { "dep_id": "10019778", "site_name": "Loeber Mine", "dev_stat": "Past Producer", "code_list": " AG AU AS ", "target_commodity": "Gold", "lon": -112.20921, "lat": 46.44712 }, "geometry": { "type": "Point", "coordinates": [ -112.20921, 46.44712 ] } },
{ "type": "Feature", "properties": { "dep_id": "10019779", "site_name": "Surething Mine", "dev_stat": "Past Producer", "code_list": " AU ZN U ", "target_commodity": "Gold", "lon": -112.33256, "lat": 46.44018 }, "geometry": { "type": "Point", "coordinates": [ -112.33256, 46.44018 ] } },
{ "type": "Feature", "properties": { "dep_id": "10019781", "site_name": "Independent Prospect", "dev_stat": "Past Producer", "code_list": " AU AG W ", "target_commodity": "Gold", "lon": -112.06977, "lat": 46.55323 }, "geometry": { "type": "Point", "coordinates": [ -112.06977, 46.55323 ] } },
{ "type": "Feature", "properties": { "dep_id": "10019787", "site_name": "Anderson Prospect", "dev_stat": "Past Producer", "code_list": " AU W ", "target_commodity": "Gold", "lon": -112.18839, "lat": 46.61518 }, "geometry": { "type": "Point", "coordinates": [ -112.18839, 46.61518 ] } },
{ "type": "Feature", "properties": { "dep_id": "10019788", "site_name": "Gold Canyon Creek Placer", "dev_stat": "Past Producer", "code_list": " AU ", "target_commodity": "Gold", "lon": -112.3995, "lat": 46.6199 }, "geometry": { "type": "Point", "coordinates": [ -112.3995, 46.6199 ] } },
{ "type": "Feature", "properties": { "dep_id": "10019791", "site_name": "Bonanza Mine", "dev_stat": "Past Producer", "code_list": " AG AU ", "target_commodity": "Gold", "lon": -112.06477, "lat": 46.66684 }, "geometry": { "type": "Point", "coordinates": [ -112.06477, 46.66684 ] } },
{ "type": "Feature", "properties": { "dep_id": "10019792", "site_name": "Price Claims", "dev_stat": "Past Producer", "code_list": " AU CU ", "target_commodity": "Gold", "lon": -112.49534, "lat": 46.68407 }, "geometry": { "type": "Point", "coordinates": [ -112.49534, 46.68407 ] } },
{ "type": "Feature", "properties": { "dep_id": "10019794", "site_name": "Belmont Mine", "dev_stat": "Past Producer", "code_list": " AU ", "target_commodity": "Gold", "lon": -112.31811, "lat": 46.7449 }, "geometry": { "type": "Point", "coordinates": [ -112.31811, 46.7449 ] } },
{ "type": "Feature", "properties": { "dep_id": "10019803", "site_name": "Hibernia Mine", "dev_stat": "Past Producer", "code_list": " AG AU ", "target_commodity": "Gold", "lon": -112.57589, "lat": 46.01518 }, "geometry": { "type": "Point", "coordinates": [ -112.57589, 46.01518 ] } },
{ "type": "Feature", "properties": { "dep_id": "10019804", "site_name": "Minnie Jane Mine", "dev_stat": "Producer", "code_list": " MN AU ", "target_commodity": "Gold", "lon": -112.57783, "lat": 46.00823 }, "geometry": { "type": "Point", "coordinates": [ -112.57783, 46.00823 ] } },
{ "type": "Feature", "properties": { "dep_id": "10019807", "site_name": "Silver Bow Creek Placer", "dev_stat": "Past Producer", "code_list": " AU ", "target_commodity": "Gold", "lon": -112.72728, "lat": 46.01296 }, "geometry": { "type": "Point", "coordinates": [ -112.72728, 46.01296 ] } },
{ "type": "Feature", "properties": { "dep_id": "10019812", "site_name": "Anna Mine", "dev_stat": "Producer", "code_list": " AU ", "target_commodity": "Gold", "lon": -112.55922, "lat": 45.98184 }, "geometry": { "type": "Point", "coordinates": [ -112.55922, 45.98184 ] } },
{ "type": "Feature", "properties": { "dep_id": "10019813", "site_name": "Silver Bow Deposits", "dev_stat": "Past Producer", "code_list": " F AU ", "target_commodity": "Gold", "lon": -112.65228, "lat": 46.00546 }, "geometry": { "type": "Point", "coordinates": [ -112.65228, 46.00546 ] } },
{ "type": "Feature", "properties": { "dep_id": "10019817", "site_name": "Greenback Mine", "dev_stat": "Past Producer", "code_list": " AU AS ", "target_commodity": "Gold", "lon": -111.95392, "lat": 45.22434 }, "geometry": { "type": "Point", "coordinates": [ -111.95392, 45.22434 ] } },
{ "type": "Feature", "properties": { "dep_id": "10019839", "site_name": "Mapleton Mine", "dev_stat": "Past Producer", "code_list": " AU ", "target_commodity": "Gold", "lon": -111.97169, "lat": 45.3249 }, "geometry": { "type": "Point", "coordinates": [ -111.97169, 45.3249 ] } },
{ "type": "Feature", "properties": { "dep_id": "10019840", "site_name": "Valley View and Lucky Strike Lode Claims", "dev_stat": "Past Producer", "code_list": " AU PB ", "target_commodity": "Gold", "lon": -111.97419, "lat": 45.29712 }, "geometry": { "type": "Point", "coordinates": [ -111.97419, 45.29712 ] } },
{ "type": "Feature", "properties": { "dep_id": "10019841", "site_name": "Prospect Mine", "dev_stat": "Past Producer", "code_list": " AU CU ", "target_commodity": "Gold", "lon": -111.96419, "lat": 45.28934 }, "geometry": { "type": "Point", "coordinates": [ -111.96419, 45.28934 ] } },
{ "type": "Feature", "properties": { "dep_id": "10019842", "site_name": "Cabin and Cornucopia Lode", "dev_stat": "Occurrence", "code_list": " AU CU ", "target_commodity": "Gold", "lon": -111.94669, "lat": 45.27907 }, "geometry": { "type": "Point", "coordinates": [ -111.94669, 45.27907 ] } },
{ "type": "Feature", "properties": { "dep_id": "10019843", "site_name": "Mountain Flower Mine", "dev_stat": "Occurrence", "code_list": " AU ", "target_commodity": "Gold", "lon": -111.99947, "lat": 45.25962 }, "geometry": { "type": "Point", "coordinates": [ -111.99947, 45.25962 ] } },
{ "type": "Feature", "properties": { "dep_id": "10019856", "site_name": "Stringer Mine", "dev_stat": "Producer", "code_list": " AU ", "target_commodity": "Gold", "lon": -112.83311, "lat": 45.29879 }, "geometry": { "type": "Point", "coordinates": [ -112.83311, 45.29879 ] } },
{ "type": "Feature", "properties": { "dep_id": "10019861", "site_name": "Tobacco Root Mine", "dev_stat": "Past Producer", "code_list": " AU ", "target_commodity": "Gold", "lon": -111.67057, "lat": 45.56073 }, "geometry": { "type": "Point", "coordinates": [ -111.67057, 45.56073 ] } },
{ "type": "Feature", "properties": { "dep_id": "10019862", "site_name": "Bull Moose", "dev_stat": "Past Producer", "code_list": " AU PB ", "target_commodity": "Gold", "lon": -111.77585, "lat": 45.53462 }, "geometry": { "type": "Point", "coordinates": [ -111.77585, 45.53462 ] } },
{ "type": "Feature", "properties": { "dep_id": "10019863", "site_name": "Red Chief", "dev_stat": "Past Producer", "code_list": " AU ", "target_commodity": "Gold", "lon": -111.79225, "lat": 45.60434 }, "geometry": { "type": "Point", "coordinates": [ -111.79225, 45.60434 ] } },
{ "type": "Feature", "properties": { "dep_id": "10019864", "site_name": "Golden Link Mine", "dev_stat": "Occurrence", "code_list": " AU ", "target_commodity": "Gold", "lon": -111.79225, "lat": 45.60434 }, "geometry": { "type": "Point", "coordinates": [ -111.79225, 45.60434 ] } },
{ "type": "Feature", "properties": { "dep_id": "10019877", "site_name": "Macmasters Mine", "dev_stat": "Producer", "code_list": " AU ", "target_commodity": "Gold", "lon": -112.08059, "lat": 45.77768 }, "geometry": { "type": "Point", "coordinates": [ -112.08059, 45.77768 ] } },
{ "type": "Feature", "properties": { "dep_id": "10019878", "site_name": "Blue Grouse Mine", "dev_stat": "Occurrence", "code_list": " AU ", "target_commodity": "Gold", "lon": -112.08059, "lat": 45.77768 }, "geometry": { "type": "Point", "coordinates": [ -112.08059, 45.77768 ] } },
{ "type": "Feature", "properties": { "dep_id": "10019880", "site_name": "Shamrock Mine", "dev_stat": "Past Producer", "code_list": " AU ", "target_commodity": "Gold", "lon": -112.33005, "lat": 45.71046 }, "geometry": { "type": "Point", "coordinates": [ -112.33005, 45.71046 ] } },
{ "type": "Feature", "properties": { "dep_id": "10019881", "site_name": "Day and Harvey Mine", "dev_stat": "Past Producer", "code_list": " AU ", "target_commodity": "Gold", "lon": -112.57449, "lat": 45.74962 }, "geometry": { "type": "Point", "coordinates": [ -112.57449, 45.74962 ] } },
{ "type": "Feature", "properties": { "dep_id": "10019891", "site_name": "White Pine", "dev_stat": "Past Producer", "code_list": " AU AG ", "target_commodity": "Gold", "lon": -111.95364, "lat": 45.6674 }, "geometry": { "type": "Point", "coordinates": [ -111.95364, 45.6674 ] } },
{ "type": "Feature", "properties": { "dep_id": "10019892", "site_name": "Scalded Cat Mine", "dev_stat": "Prospect", "code_list": " AU CU ", "target_commodity": "Gold", "lon": -111.93697, "lat": 45.66157 }, "geometry": { "type": "Point", "coordinates": [ -111.93697, 45.66157 ] } },
{ "type": "Feature", "properties": { "dep_id": "10019893", "site_name": "Pony Mine", "dev_stat": "Past Producer", "code_list": " AU CU ", "target_commodity": "Gold", "lon": -111.95364, "lat": 45.6674 }, "geometry": { "type": "Point", "coordinates": [ -111.95364, 45.6674 ] } },
{ "type": "Feature", "properties": { "dep_id": "10019894", "site_name": "Old Joe Mine", "dev_stat": "Past Producer", "code_list": " AU PB ", "target_commodity": "Gold", "lon": -111.95114, "lat": 45.65546 }, "geometry": { "type": "Point", "coordinates": [ -111.95114, 45.65546 ] } },
{ "type": "Feature", "properties": { "dep_id": "10019896", "site_name": "Bismark Mine", "dev_stat": "Past Producer", "code_list": " AU ", "target_commodity": "Gold", "lon": -112.04697, "lat": 45.6124 }, "geometry": { "type": "Point", "coordinates": [ -112.04697, 45.6124 ] } },
{ "type": "Feature", "properties": { "dep_id": "10019897", "site_name": "Rhyolite Mine", "dev_stat": "Occurrence", "code_list": " AU ", "target_commodity": "Gold", "lon": -112.32838, "lat": 45.69323 }, "geometry": { "type": "Point", "coordinates": [ -112.32838, 45.69323 ] } },
{ "type": "Feature", "properties": { "dep_id": "10019898", "site_name": "Winnetka Mine", "dev_stat": "Past Producer", "code_list": " AU ZN ", "target_commodity": "Gold", "lon": -111.91197, "lat": 45.25323 }, "geometry": { "type": "Point", "coordinates": [ -111.91197, 45.25323 ] } },
{ "type": "Feature", "properties": { "dep_id": "10019908", "site_name": "Suprise Claims Group", "dev_stat": "Occurrence", "code_list": " AU PB ", "target_commodity": "Gold", "lon": -111.99892, "lat": 45.4299 }, "geometry": { "type": "Point", "coordinates": [ -111.99892, 45.4299 ] } },
{ "type": "Feature", "properties": { "dep_id": "10019909", "site_name": "Agitator - Concentrator Mine", "dev_stat": "Past Producer", "code_list": " AU ", "target_commodity": "Gold", "lon": -112.06058, "lat": 45.43601 }, "geometry": { "type": "Point", "coordinates": [ -112.06058, 45.43601 ] } },
{ "type": "Feature", "properties": { "dep_id": "10019916", "site_name": "Little Bear Gulch Properties", "dev_stat": "Past Producer", "code_list": " AU ", "target_commodity": "Gold", "lon": -112.16337, "lat": 45.59351 }, "geometry": { "type": "Point", "coordinates": [ -112.16337, 45.59351 ] } },
{ "type": "Feature", "properties": { "dep_id": "10019918", "site_name": "Bismuth Prospect", "dev_stat": "Occurrence", "code_list": " AU ", "target_commodity": "Gold", "lon": -112.20559, "lat": 45.5599 }, "geometry": { "type": "Point", "coordinates": [ -112.20559, 45.5599 ] } },
{ "type": "Feature", "properties": { "dep_id": "10019919", "site_name": "Argenta Property", "dev_stat": "Past Producer", "code_list": " AU CU ", "target_commodity": "Gold", "lon": -112.17726, "lat": 45.5499 }, "geometry": { "type": "Point", "coordinates": [ -112.17726, 45.5499 ] } },
{ "type": "Feature", "properties": { "dep_id": "10019920", "site_name": "Bismark-Nugget Group", "dev_stat": "Occurrence", "code_list": " AU ", "target_commodity": "Gold", "lon": -112.18754, "lat": 45.54018 }, "geometry": { "type": "Point", "coordinates": [ -112.18754, 45.54018 ] } },
{ "type": "Feature", "properties": { "dep_id": "10019921", "site_name": "Lone Star Prospect", "dev_stat": "Past Producer", "code_list": " AU CU ", "target_commodity": "Gold", "lon": -112.18309, "lat": 45.5449 }, "geometry": { "type": "Point", "coordinates": [ -112.18309, 45.5449 ] } },
{ "type": "Feature", "properties": { "dep_id": "10019922", "site_name": "Main Street Prospect", "dev_stat": "Past Producer", "code_list": " AU PB ", "target_commodity": "Gold", "lon": -112.18976, "lat": 45.53851 }, "geometry": { "type": "Point", "coordinates": [ -112.18976, 45.53851 ] } },
{ "type": "Feature", "properties": { "dep_id": "10019923", "site_name": "Bullidick Prospect", "dev_stat": "Occurrence", "code_list": " AU ", "target_commodity": "Gold", "lon": -112.20337, "lat": 45.54768 }, "geometry": { "type": "Point", "coordinates": [ -112.20337, 45.54768 ] } },
{ "type": "Feature", "properties": { "dep_id": "10019924", "site_name": "Empire State Prospect", "dev_stat": "Occurrence", "code_list": " AU ", "target_commodity": "Gold", "lon": -112.20643, "lat": 45.54379 }, "geometry": { "type": "Point", "coordinates": [ -112.20643, 45.54379 ] } },
{ "type": "Feature", "properties": { "dep_id": "10019925", "site_name": "New York Prospect", "dev_stat": "Occurrence", "code_list": " AU ", "target_commodity": "Gold", "lon": -112.20726, "lat": 45.54184 }, "geometry": { "type": "Point", "coordinates": [ -112.20726, 45.54184 ] } },
{ "type": "Feature", "properties": { "dep_id": "10019927", "site_name": "Tidal Wave Mine", "dev_stat": "Past Producer", "code_list": " AG AU CU ", "target_commodity": "Gold", "lon": -112.22448, "lat": 45.54934 }, "geometry": { "type": "Point", "coordinates": [ -112.22448, 45.54934 ] } },
{ "type": "Feature", "properties": { "dep_id": "10019928", "site_name": "Falcon Prospect", "dev_stat": "Occurrence", "code_list": " AU ", "target_commodity": "Gold", "lon": -112.20587, "lat": 45.52907 }, "geometry": { "type": "Point", "coordinates": [ -112.20587, 45.52907 ] } },
{ "type": "Feature", "properties": { "dep_id": "10019929", "site_name": "Fork Prospect", "dev_stat": "Occurrence", "code_list": " AU ", "target_commodity": "Gold", "lon": -112.21448, "lat": 45.53379 }, "geometry": { "type": "Point", "coordinates": [ -112.21448, 45.53379 ] } },
{ "type": "Feature", "properties": { "dep_id": "10019930", "site_name": "Heller Prospect", "dev_stat": "Past Producer", "code_list": " AU CU ", "target_commodity": "Gold", "lon": -112.20643, "lat": 45.52629 }, "geometry": { "type": "Point", "coordinates": [ -112.20643, 45.52629 ] } },
{ "type": "Feature", "properties": { "dep_id": "10019932", "site_name": "Dullea Prospect", "dev_stat": "Past Producer", "code_list": " AU CU ", "target_commodity": "Gold", "lon": -112.1817, "lat": 45.53796 }, "geometry": { "type": "Point", "coordinates": [ -112.1817, 45.53796 ] } },
{ "type": "Feature", "properties": { "dep_id": "10019933", "site_name": "Diamond Hitch Mine", "dev_stat": "Occurrence", "code_list": " AU ", "target_commodity": "Gold", "lon": -112.16448, "lat": 45.53462 }, "geometry": { "type": "Point", "coordinates": [ -112.16448, 45.53462 ] } },
{ "type": "Feature", "properties": { "dep_id": "10019935", "site_name": "Longfellow Mine", "dev_stat": "Past Producer", "code_list": " AU CU AS ", "target_commodity": "Gold", "lon": -112.50782, "lat": 45.60268 }, "geometry": { "type": "Point", "coordinates": [ -112.50782, 45.60268 ] } },
{ "type": "Feature", "properties": { "dep_id": "10019936", "site_name": "New Mine", "dev_stat": "Past Producer", "code_list": " AU ", "target_commodity": "Gold", "lon": -112.51532, "lat": 45.60629 }, "geometry": { "type": "Point", "coordinates": [ -112.51532, 45.60629 ] } },
{ "type": "Feature", "properties": { "dep_id": "10019937", "site_name": "Shoemaker Mine", "dev_stat": "Past Producer", "code_list": " AU ", "target_commodity": "Gold", "lon": -112.50227, "lat": 45.59184 }, "geometry": { "type": "Point", "coordinates": [ -112.50227, 45.59184 ] } },
{ "type": "Feature", "properties": { "dep_id": "10019939", "site_name": "Galena Mine", "dev_stat": "Past Producer", "code_list": " AU PB CU ", "target_commodity": "Gold", "lon": -111.76808, "lat": 45.56323 }, "geometry": { "type": "Point", "coordinates": [ -111.76808, 45.56323 ] } },
{ "type": "Feature", "properties": { "dep_id": "10019940", "site_name": "Nicholson Mine", "dev_stat": "Past Producer", "code_list": " AU ", "target_commodity": "Gold", "lon": -112.01197, "lat": 45.59434 }, "geometry": { "type": "Point", "coordinates": [ -112.01197, 45.59434 ] } },
{ "type": "Feature", "properties": { "dep_id": "10019941", "site_name": "Rasberry Mine", "dev_stat": "Occurrence", "code_list": " AU PB ", "target_commodity": "Gold", "lon": -111.93419, "lat": 45.57434 }, "geometry": { "type": "Point", "coordinates": [ -111.93419, 45.57434 ] } },
{ "type": "Feature", "properties": { "dep_id": "10019949", "site_name": "Leiter Mine", "dev_stat": "Past Producer", "code_list": " AU ", "target_commodity": "Gold", "lon": -112.11476, "lat": 45.55046 }, "geometry": { "type": "Point", "coordinates": [ -112.11476, 45.55046 ] } },
{ "type": "Feature", "properties": { "dep_id": "10019950", "site_name": "Noble Mine", "dev_stat": "Past Producer", "code_list": " AU ZN ", "target_commodity": "Gold", "lon": -112.1092, "lat": 45.53657 }, "geometry": { "type": "Point", "coordinates": [ -112.1092, 45.53657 ] } },
{ "type": "Feature", "properties": { "dep_id": "10019951", "site_name": "Fairview Mine", "dev_stat": "Past Producer", "code_list": " AU MN ", "target_commodity": "Gold", "lon": -112.0892, "lat": 45.53018 }, "geometry": { "type": "Point", "coordinates": [ -112.0892, 45.53018 ] } },
{ "type": "Feature", "properties": { "dep_id": "10019952", "site_name": "Occidental Mine", "dev_stat": "Producer", "code_list": " AU ", "target_commodity": "Gold", "lon": -112.0453, "lat": 45.52268 }, "geometry": { "type": "Point", "coordinates": [ -112.0453, 45.52268 ] } },
{ "type": "Feature", "properties": { "dep_id": "10019953", "site_name": "Baccharat Mine", "dev_stat": "Past Producer", "code_list": " AU ", "target_commodity": "Gold", "lon": -112.33338, "lat": 45.65879 }, "geometry": { "type": "Point", "coordinates": [ -112.33338, 45.65879 ] } },
{ "type": "Feature", "properties": { "dep_id": "10019955", "site_name": "Big Bonanza", "dev_stat": "Past Producer", "code_list": " AU ", "target_commodity": "Gold", "lon": -112.49005, "lat": 45.63601 }, "geometry": { "type": "Point", "coordinates": [ -112.49005, 45.63601 ] } },
{ "type": "Feature", "properties": { "dep_id": "10019957", "site_name": "Index Mine", "dev_stat": "Past Producer", "code_list": " AU ", "target_commodity": "Gold", "lon": -112.51671, "lat": 45.61296 }, "geometry": { "type": "Point", "coordinates": [ -112.51671, 45.61296 ] } },
{ "type": "Feature", "properties": { "dep_id": "10019958", "site_name": "Carpenter Mine", "dev_stat": "Producer", "code_list": " AU ", "target_commodity": "Gold", "lon": -112.48616, "lat": 45.62351 }, "geometry": { "type": "Point", "coordinates": [ -112.48616, 45.62351 ] } },
{ "type": "Feature", "properties": { "dep_id": "10019959", "site_name": "Elgin Mine", "dev_stat": "Past Producer", "code_list": " AU ", "target_commodity": "Gold", "lon": -112.49505, "lat": 45.62462 }, "geometry": { "type": "Point", "coordinates": [ -112.49505, 45.62462 ] } },
{ "type": "Feature", "properties": { "dep_id": "10019960", "site_name": "Anything Mine", "dev_stat": "Past Producer", "code_list": " AU ", "target_commodity": "Gold", "lon": -112.48282, "lat": 45.61379 }, "geometry": { "type": "Point", "coordinates": [ -112.48282, 45.61379 ] } },
{ "type": "Feature", "properties": { "dep_id": "10022653", "site_name": "Victory Lode Claim", "dev_stat": "Prospect", "code_list": " AU ", "target_commodity": "Gold", "lon": -111.96753, "lat": 45.56657 }, "geometry": { "type": "Point", "coordinates": [ -111.96753, 45.56657 ] } },
{ "type": "Feature", "properties": { "dep_id": "10022654", "site_name": "Surprise Lode Claim", "dev_stat": "Prospect", "code_list": " AU ", "target_commodity": "Gold", "lon": -111.96753, "lat": 45.56657 }, "geometry": { "type": "Point", "coordinates": [ -111.96753, 45.56657 ] } },
{ "type": "Feature", "properties": { "dep_id": "10022671", "site_name": "Perfect Day Lode Claim", "dev_stat": "Prospect", "code_list": " AU ", "target_commodity": "Gold", "lon": -111.96753, "lat": 45.56657 }, "geometry": { "type": "Point", "coordinates": [ -111.96753, 45.56657 ] } },
{ "type": "Feature", "properties": { "dep_id": "10022775", "site_name": "Rockefeller", "dev_stat": "Occurrence", "code_list": " AU ", "target_commodity": "Gold", "lon": -111.96975, "lat": 45.56518 }, "geometry": { "type": "Point", "coordinates": [ -111.96975, 45.56518 ] } },
{ "type": "Feature", "properties": { "dep_id": "10022777", "site_name": "Copper King Lode", "dev_stat": "Occurrence", "code_list": " AU ", "target_commodity": "Gold", "lon": -111.54307, "lat": 45.98212 }, "geometry": { "type": "Point", "coordinates": [ -111.54307, 45.98212 ] } },
{ "type": "Feature", "properties": { "dep_id": "10022778", "site_name": "Silver King Lode", "dev_stat": "Occurrence", "code_list": " AU ", "target_commodity": "Gold", "lon": -111.54307, "lat": 45.98212 }, "geometry": { "type": "Point", "coordinates": [ -111.54307, 45.98212 ] } },
{ "type": "Feature", "properties": { "dep_id": "10022779", "site_name": "New York Lode", "dev_stat": "Prospect", "code_list": " AU ", "target_commodity": "Gold", "lon": -111.54307, "lat": 45.98212 }, "geometry": { "type": "Point", "coordinates": [ -111.54307, 45.98212 ] } },
{ "type": "Feature", "properties": { "dep_id": "10022780", "site_name": "North Star Lode", "dev_stat": "Occurrence", "code_list": " AU ", "target_commodity": "Gold", "lon": -111.54307, "lat": 45.98212 }, "geometry": { "type": "Point", "coordinates": [ -111.54307, 45.98212 ] } },
{ "type": "Feature", "properties": { "dep_id": "10022782", "site_name": "Pennsylvania", "dev_stat": "Occurrence", "code_list": " AU ", "target_commodity": "Gold", "lon": -111.54307, "lat": 45.98212 }, "geometry": { "type": "Point", "coordinates": [ -111.54307, 45.98212 ] } },
{ "type": "Feature", "properties": { "dep_id": "10022787", "site_name": "Sunny Side Lode", "dev_stat": "Past Producer", "code_list": " AU ", "target_commodity": "Gold", "lon": -112.09142, "lat": 45.49657 }, "geometry": { "type": "Point", "coordinates": [ -112.09142, 45.49657 ] } },
{ "type": "Feature", "properties": { "dep_id": "10022788", "site_name": "Aluise Lode", "dev_stat": "Occurrence", "code_list": " AU ", "target_commodity": "Gold", "lon": -112.3181, "lat": 45.97129 }, "geometry": { "type": "Point", "coordinates": [ -112.3181, 45.97129 ] } },
{ "type": "Feature", "properties": { "dep_id": "10022789", "site_name": "Mary Mark Lode", "dev_stat": "Occurrence", "code_list": " AU ", "target_commodity": "Gold", "lon": -111.96975, "lat": 45.56518 }, "geometry": { "type": "Point", "coordinates": [ -111.96975, 45.56518 ] } },
{ "type": "Feature", "properties": { "dep_id": "10022790", "site_name": "Big Jack Lode", "dev_stat": "Prospect", "code_list": " AG AU ", "target_commodity": "Gold", "lon": -111.70309, "lat": 46.3774 }, "geometry": { "type": "Point", "coordinates": [ -111.70309, 46.3774 ] } },
{ "type": "Feature", "properties": { "dep_id": "10022791", "site_name": "East Etta Lode", "dev_stat": "Prospect", "code_list": " AG AU ", "target_commodity": "Gold", "lon": -111.70559, "lat": 46.37629 }, "geometry": { "type": "Point", "coordinates": [ -111.70559, 46.37629 ] } },
{ "type": "Feature", "properties": { "dep_id": "10022792", "site_name": "Virginia Lode", "dev_stat": "Prospect", "code_list": " AU ", "target_commodity": "Gold", "lon": -111.70559, "lat": 46.37629 }, "geometry": { "type": "Point", "coordinates": [ -111.70559, 46.37629 ] } },
{ "type": "Feature", "properties": { "dep_id": "10022793", "site_name": "Copper Queen Lode", "dev_stat": "Occurrence", "code_list": " AU ", "target_commodity": "Gold", "lon": -111.54307, "lat": 45.98212 }, "geometry": { "type": "Point", "coordinates": [ -111.54307, 45.98212 ] } },
{ "type": "Feature", "properties": { "dep_id": "10022794", "site_name": "June Lode", "dev_stat": "Prospect", "code_list": " PB AU ", "target_commodity": "Gold", "lon": -111.70309, "lat": 46.3774 }, "geometry": { "type": "Point", "coordinates": [ -111.70309, 46.3774 ] } },
{ "type": "Feature", "properties": { "dep_id": "10022795", "site_name": "Jack Smart", "dev_stat": "Prospect", "code_list": " AU ", "target_commodity": "Gold", "lon": -111.7042, "lat": 46.3774 }, "geometry": { "type": "Point", "coordinates": [ -111.7042, 46.3774 ] } },
{ "type": "Feature", "properties": { "dep_id": "10022796", "site_name": "Hawkeye Placer", "dev_stat": "Occurrence", "code_list": " AU ", "target_commodity": "Gold", "lon": -111.85976, "lat": 46.33851 }, "geometry": { "type": "Point", "coordinates": [ -111.85976, 46.33851 ] } },
{ "type": "Feature", "properties": { "dep_id": "10022798", "site_name": "Alice Lode", "dev_stat": "Prospect", "code_list": " PB AU ", "target_commodity": "Gold", "lon": -111.70309, "lat": 46.3774 }, "geometry": { "type": "Point", "coordinates": [ -111.70309, 46.3774 ] } },
{ "type": "Feature", "properties": { "dep_id": "10022799", "site_name": "Anna Lode", "dev_stat": "Prospect", "code_list": " AU PB ", "target_commodity": "Gold", "lon": -111.70309, "lat": 46.3774 }, "geometry": { "type": "Point", "coordinates": [ -111.70309, 46.3774 ] } },
{ "type": "Feature", "properties": { "dep_id": "10022801", "site_name": "Blackfeet No. 3", "dev_stat": "Occurrence", "code_list": " AU ", "target_commodity": "Gold", "lon": -112.42922, "lat": 46.47323 }, "geometry": { "type": "Point", "coordinates": [ -112.42922, 46.47323 ] } },
{ "type": "Feature", "properties": { "dep_id": "10022804", "site_name": "Golden Gate", "dev_stat": "Prospect", "code_list": " AU ", "target_commodity": "Gold", "lon": -112.45839, "lat": 46.12434 }, "geometry": { "type": "Point", "coordinates": [ -112.45839, 46.12434 ] } },
{ "type": "Feature", "properties": { "dep_id": "10022806", "site_name": "Madag Placer", "dev_stat": "Occurrence", "code_list": " AU ", "target_commodity": "Gold", "lon": -112.68118, "lat": 46.21934 }, "geometry": { "type": "Point", "coordinates": [ -112.68118, 46.21934 ] } },
{ "type": "Feature", "properties": { "dep_id": "10022808", "site_name": "Sitting Bull", "dev_stat": "Prospect", "code_list": " AU ", "target_commodity": "Gold", "lon": -111.70559, "lat": 46.37796 }, "geometry": { "type": "Point", "coordinates": [ -111.70559, 46.37796 ] } },
{ "type": "Feature", "properties": { "dep_id": "10022809", "site_name": "Spokane Placer", "dev_stat": "Occurrence", "code_list": " AU ", "target_commodity": "Gold", "lon": -112.35506, "lat": 46.45407 }, "geometry": { "type": "Point", "coordinates": [ -112.35506, 46.45407 ] } },
{ "type": "Feature", "properties": { "dep_id": "10022815", "site_name": "Porcupine Lode", "dev_stat": "Prospect", "code_list": " AU ", "target_commodity": "Gold", "lon": -112.61533, "lat": 46.13851 }, "geometry": { "type": "Point", "coordinates": [ -112.61533, 46.13851 ] } },
{ "type": "Feature", "properties": { "dep_id": "10022819", "site_name": "Toll Mtn Lode", "dev_stat": "Occurrence", "code_list": " AU ", "target_commodity": "Gold", "lon": -112.40421, "lat": 45.82851 }, "geometry": { "type": "Point", "coordinates": [ -112.40421, 45.82851 ] } },
{ "type": "Feature", "properties": { "dep_id": "10022825", "site_name": "Mascot Lode", "dev_stat": "Occurrence", "code_list": " AU ", "target_commodity": "Gold", "lon": -112.30616, "lat": 45.98268 }, "geometry": { "type": "Point", "coordinates": [ -112.30616, 45.98268 ] } },
{ "type": "Feature", "properties": { "dep_id": "10022826", "site_name": "Grubstake Lode", "dev_stat": "Prospect", "code_list": " AU ", "target_commodity": "Gold", "lon": -112.30727, "lat": 45.98184 }, "geometry": { "type": "Point", "coordinates": [ -112.30727, 45.98184 ] } },
{ "type": "Feature", "properties": { "dep_id": "10022830", "site_name": "Montana No. 1 Lode", "dev_stat": "Occurrence", "code_list": " PB AU ", "target_commodity": "Gold", "lon": -112.34449, "lat": 46.17712 }, "geometry": { "type": "Point", "coordinates": [ -112.34449, 46.17712 ] } },
{ "type": "Feature", "properties": { "dep_id": "10022842", "site_name": "Little Rock Placer", "dev_stat": "Prospect", "code_list": " AU ", "target_commodity": "Gold", "lon": -112.07838, "lat": 46.5499 }, "geometry": { "type": "Point", "coordinates": [ -112.07838, 46.5499 ] } },
{ "type": "Feature", "properties": { "dep_id": "10022845", "site_name": "Linda Jo Placer", "dev_stat": "Past Producer", "code_list": " AU ", "target_commodity": "Gold", "lon": -111.63781, "lat": 46.69268 }, "geometry": { "type": "Point", "coordinates": [ -111.63781, 46.69268 ] } },
{ "type": "Feature", "properties": { "dep_id": "10022856", "site_name": "Valjo Placer", "dev_stat": "Prospect", "code_list": " AU ", "target_commodity": "Gold", "lon": -112.3845, "lat": 46.43573 }, "geometry": { "type": "Point", "coordinates": [ -112.3845, 46.43573 ] } },
{ "type": "Feature", "properties": { "dep_id": "10022857", "site_name": "Golden Slipper Lode", "dev_stat": "Prospect", "code_list": " AG AU ", "target_commodity": "Gold", "lon": -111.74531, "lat": 46.72268 }, "geometry": { "type": "Point", "coordinates": [ -111.74531, 46.72268 ] } },
{ "type": "Feature", "properties": { "dep_id": "10022858", "site_name": "Sunrise Lode", "dev_stat": "Occurrence", "code_list": " AU ", "target_commodity": "Gold", "lon": -111.62865, "lat": 46.70351 }, "geometry": { "type": "Point", "coordinates": [ -111.62865, 46.70351 ] } },
{ "type": "Feature", "properties": { "dep_id": "10022859", "site_name": "Katydid Placer", "dev_stat": "Prospect", "code_list": " AU ", "target_commodity": "Gold", "lon": -112.36367, "lat": 46.48462 }, "geometry": { "type": "Point", "coordinates": [ -112.36367, 46.48462 ] } },
{ "type": "Feature", "properties": { "dep_id": "10022861", "site_name": "Bob Lode", "dev_stat": "Prospect", "code_list": " AU ", "target_commodity": "Gold", "lon": -111.9492, "lat": 46.24962 }, "geometry": { "type": "Point", "coordinates": [ -111.9492, 46.24962 ] } },
{ "type": "Feature", "properties": { "dep_id": "10022863", "site_name": "Jack Lode", "dev_stat": "Occurrence", "code_list": " AU ", "target_commodity": "Gold", "lon": -111.95226, "lat": 46.27462 }, "geometry": { "type": "Point", "coordinates": [ -111.95226, 46.27462 ] } },
{ "type": "Feature", "properties": { "dep_id": "10022864", "site_name": "Harriet No. 2", "dev_stat": "Occurrence", "code_list": " AG AU ", "target_commodity": "Gold", "lon": -111.93143, "lat": 46.42796 }, "geometry": { "type": "Point", "coordinates": [ -111.93143, 46.42796 ] } },
{ "type": "Feature", "properties": { "dep_id": "10022866", "site_name": "New Gold Era", "dev_stat": "Prospect", "code_list": " AU ", "target_commodity": "Gold", "lon": -111.96726, "lat": 46.25018 }, "geometry": { "type": "Point", "coordinates": [ -111.96726, 46.25018 ] } },
{ "type": "Feature", "properties": { "dep_id": "10022867", "site_name": "Last Chance Lode", "dev_stat": "Occurrence", "code_list": " AU ", "target_commodity": "Gold", "lon": -111.81865, "lat": 46.28101 }, "geometry": { "type": "Point", "coordinates": [ -111.81865, 46.28101 ] } },
{ "type": "Feature", "properties": { "dep_id": "10022870", "site_name": "Gold Nugget", "dev_stat": "Occurrence", "code_list": " AU ", "target_commodity": "Gold", "lon": -112.60951, "lat": 46.77657 }, "geometry": { "type": "Point", "coordinates": [ -112.60951, 46.77657 ] } },
{ "type": "Feature", "properties": { "dep_id": "10022881", "site_name": "Fir Springs Placer", "dev_stat": "Prospect", "code_list": " AU ", "target_commodity": "Gold", "lon": -111.44336, "lat": 46.7349 }, "geometry": { "type": "Point", "coordinates": [ -111.44336, 46.7349 ] } },
{ "type": "Feature", "properties": { "dep_id": "10022882", "site_name": "Big Hat Lode", "dev_stat": "Occurrence", "code_list": " AU ", "target_commodity": "Gold", "lon": -111.30475, "lat": 46.64047 }, "geometry": { "type": "Point", "coordinates": [ -111.30475, 46.64047 ] } },
{ "type": "Feature", "properties": { "dep_id": "10022886", "site_name": "Silver Right Lode", "dev_stat": "Occurrence", "code_list": " AU ", "target_commodity": "Gold", "lon": -112.23449, "lat": 46.30879 }, "geometry": { "type": "Point", "coordinates": [ -112.23449, 46.30879 ] } },
{ "type": "Feature", "properties": { "dep_id": "10022890", "site_name": "Lame Rabbit Lode", "dev_stat": "Occurrence", "code_list": " AU ", "target_commodity": "Gold", "lon": -112.61172, "lat": 45.88601 }, "geometry": { "type": "Point", "coordinates": [ -112.61172, 45.88601 ] } },
{ "type": "Feature", "properties": { "dep_id": "10022893", "site_name": "Little Jim Lode", "dev_stat": "Occurrence", "code_list": " AU ", "target_commodity": "Gold", "lon": -111.76754, "lat": 46.71879 }, "geometry": { "type": "Point", "coordinates": [ -111.76754, 46.71879 ] } },
{ "type": "Feature", "properties": { "dep_id": "10022894", "site_name": "Green Flats Placer", "dev_stat": "Occurrence", "code_list": " AU ", "target_commodity": "Gold", "lon": -111.75726, "lat": 46.7199 }, "geometry": { "type": "Point", "coordinates": [ -111.75726, 46.7199 ] } },
{ "type": "Feature", "properties": { "dep_id": "10038144", "site_name": "Eldorado Bar", "dev_stat": "Past Producer", "code_list": " AU PGE_PT ", "target_commodity": "Gold", "lon": -111.85171, "lat": 46.73629 }, "geometry": { "type": "Point", "coordinates": [ -111.85171, 46.73629 ] } },
{ "type": "Feature", "properties": { "dep_id": "10039024", "site_name": "Warm Springs Gulch Placer", "dev_stat": "Past Producer", "code_list": " AU PGE_PT ", "target_commodity": "Gold", "lon": -111.98616, "lat": 46.45046 }, "geometry": { "type": "Point", "coordinates": [ -111.98616, 46.45046 ] } },
{ "type": "Feature", "properties": { "dep_id": "10042415", "site_name": "January Mine", "dev_stat": "Past Producer", "code_list": " AG AU ", "target_commodity": "Gold", "lon": -111.69281, "lat": 46.42018 }, "geometry": { "type": "Point", "coordinates": [ -111.69281, 46.42018 ] } },
{ "type": "Feature", "properties": { "dep_id": "10042784", "site_name": "Daily", "dev_stat": "Past Producer", "code_list": " AG AU AS ", "target_commodity": "Gold", "lon": -112.10366, "lat": 46.35129 }, "geometry": { "type": "Point", "coordinates": [ -112.10366, 46.35129 ] } },
{ "type": "Feature", "properties": { "dep_id": "10042786", "site_name": "Bulwer Mine", "dev_stat": "Past Producer", "code_list": " CU PB AU ", "target_commodity": "Gold", "lon": -111.94254, "lat": 46.25823 }, "geometry": { "type": "Point", "coordinates": [ -111.94254, 46.25823 ] } },
{ "type": "Feature", "properties": { "dep_id": "10042787", "site_name": "Skyline Mine", "dev_stat": "Occurrence", "code_list": " AU CU ", "target_commodity": "Gold", "lon": -111.88004, "lat": 46.28879 }, "geometry": { "type": "Point", "coordinates": [ -111.88004, 46.28879 ] } },
{ "type": "Feature", "properties": { "dep_id": "10042789", "site_name": "Silver Saddle  Mine", "dev_stat": "Past Producer", "code_list": " AU ZN CU ", "target_commodity": "Gold", "lon": -111.71365, "lat": 46.42018 }, "geometry": { "type": "Point", "coordinates": [ -111.71365, 46.42018 ] } },
{ "type": "Feature", "properties": { "dep_id": "10042799", "site_name": "Marietta Mine", "dev_stat": "Past Producer", "code_list": " AU ZN ", "target_commodity": "Gold", "lon": -111.71337, "lat": 46.37629 }, "geometry": { "type": "Point", "coordinates": [ -111.71337, 46.37629 ] } },
{ "type": "Feature", "properties": { "dep_id": "10048652", "site_name": "Lady of the Lake Complex", "dev_stat": "Occurrence", "code_list": " AU ", "target_commodity": "Gold", "lon": -111.96836, "lat": 45.5149 }, "geometry": { "type": "Point", "coordinates": [ -111.96836, 45.5149 ] } },
{ "type": "Feature", "properties": { "dep_id": "10069774", "site_name": "Summit", "dev_stat": "Producer", "code_list": " AG AU ", "target_commodity": "Gold", "lon": -111.74975, "lat": 46.09573 }, "geometry": { "type": "Point", "coordinates": [ -111.74975, 46.09573 ] } },
{ "type": "Feature", "properties": { "dep_id": "10070461", "site_name": "Clipper Mine", "dev_stat": "Past Producer", "code_list": " AU ", "target_commodity": "Gold", "lon": -111.95808, "lat": 45.66268 }, "geometry": { "type": "Point", "coordinates": [ -111.95808, 45.66268 ] } },
{ "type": "Feature", "properties": { "dep_id": "10070462", "site_name": "Broadgauge - Tamarack Mines", "dev_stat": "Producer", "code_list": " AU ", "target_commodity": "Gold", "lon": -112.13115, "lat": 45.48101 }, "geometry": { "type": "Point", "coordinates": [ -112.13115, 45.48101 ] } },
{ "type": "Feature", "properties": { "dep_id": "10070464", "site_name": "Easton-Pacific Mine", "dev_stat": "Producer", "code_list": " AU ", "target_commodity": "Gold", "lon": -111.96058, "lat": 45.23157 }, "geometry": { "type": "Point", "coordinates": [ -111.96058, 45.23157 ] } },
{ "type": "Feature", "properties": { "dep_id": "10070466", "site_name": "Boaz Mine", "dev_stat": "Past Producer", "code_list": " AU PB ", "target_commodity": "Gold", "lon": -111.65529, "lat": 45.56018 }, "geometry": { "type": "Point", "coordinates": [ -111.65529, 45.56018 ] } },
{ "type": "Feature", "properties": { "dep_id": "10070470", "site_name": "Kelley Mine", "dev_stat": "Past Producer", "code_list": " CU AU ", "target_commodity": "Gold", "lon": -112.52728, "lat": 46.02018 }, "geometry": { "type": "Point", "coordinates": [ -112.52728, 46.02018 ] } },
{ "type": "Feature", "properties": { "dep_id": "10070476", "site_name": "Watseca Mine", "dev_stat": "Past Producer", "code_list": " AU PB ", "target_commodity": "Gold", "lon": -112.50616, "lat": 45.6199 }, "geometry": { "type": "Point", "coordinates": [ -112.50616, 45.6199 ] } },
{ "type": "Feature", "properties": { "dep_id": "10070492", "site_name": "Strawberry-Keystone Group", "dev_stat": "Past Producer", "code_list": " AU AG ", "target_commodity": "Gold", "lon": -111.93669, "lat": 45.66379 }, "geometry": { "type": "Point", "coordinates": [ -111.93669, 45.66379 ] } },
{ "type": "Feature", "properties": { "dep_id": "10070495", "site_name": "Revenue Group", "dev_stat": "Past Producer", "code_list": " AU ", "target_commodity": "Gold", "lon": -111.79614, "lat": 45.53434 }, "geometry": { "type": "Point", "coordinates": [ -111.79614, 45.53434 ] } },
{ "type": "Feature", "properties": { "dep_id": "10070496", "site_name": "High Ridge Mine", "dev_stat": "Past Producer", "code_list": " AU PB ZN ", "target_commodity": "Gold", "lon": -112.19893, "lat": 45.54212 }, "geometry": { "type": "Point", "coordinates": [ -112.19893, 45.54212 ] } },
{ "type": "Feature", "properties": { "dep_id": "10071309", "site_name": "Indian Creek Placer", "dev_stat": "Producer", "code_list": " AU ", "target_commodity": "Gold", "lon": -111.66586, "lat": 46.30546 }, "geometry": { "type": "Point", "coordinates": [ -111.66586, 46.30546 ] } },
{ "type": "Feature", "properties": { "dep_id": "10071310", "site_name": "Ohio - Keating Mine", "dev_stat": "Past Producer", "code_list": " AU AG ", "target_commodity": "Gold", "lon": -111.66836, "lat": 46.1849 }, "geometry": { "type": "Point", "coordinates": [ -111.66836, 46.1849 ] } },
{ "type": "Feature", "properties": { "dep_id": "10071317", "site_name": "Jib Group", "dev_stat": "Producer", "code_list": " AU ZN TE ", "target_commodity": "Gold", "lon": -112.26921, "lat": 46.27073 }, "geometry": { "type": "Point", "coordinates": [ -112.26921, 46.27073 ] } },
{ "type": "Feature", "properties": { "dep_id": "10071325", "site_name": "Blue Bird Mine", "dev_stat": "Past Producer", "code_list": " AU CU AS ", "target_commodity": "Gold", "lon": -112.16699, "lat": 46.35879 }, "geometry": { "type": "Point", "coordinates": [ -112.16699, 46.35879 ] } },
{ "type": "Feature", "properties": { "dep_id": "10071327", "site_name": "Butte Highlands Mine", "dev_stat": "Past Producer", "code_list": " AU AG CU ", "target_commodity": "Gold", "lon": -112.50921, "lat": 45.79712 }, "geometry": { "type": "Point", "coordinates": [ -112.50921, 45.79712 ] } },
{ "type": "Feature", "properties": { "dep_id": "10071330", "site_name": "Sunshine Mine", "dev_stat": "Past Producer", "code_list": " AU PB ", "target_commodity": "Gold", "lon": -111.70004, "lat": 46.43796 }, "geometry": { "type": "Point", "coordinates": [ -111.70004, 46.43796 ] } },
{ "type": "Feature", "properties": { "dep_id": "10071331", "site_name": "Vosburg Mine", "dev_stat": "Past Producer", "code_list": " AU PB ", "target_commodity": "Gold", "lon": -111.72087, "lat": 46.39934 }, "geometry": { "type": "Point", "coordinates": [ -111.72087, 46.39934 ] } },
{ "type": "Feature", "properties": { "dep_id": "10071332", "site_name": "Stray Horse Mine", "dev_stat": "Past Producer", "code_list": " AG AU ", "target_commodity": "Gold", "lon": -111.69837, "lat": 46.40434 }, "geometry": { "type": "Point", "coordinates": [ -111.69837, 46.40434 ] } },
{ "type": "Feature", "properties": { "dep_id": "10071333", "site_name": "Keating Group", "dev_stat": "Past Producer", "code_list": " AU AG ", "target_commodity": "Gold", "lon": -111.66169, "lat": 46.18796 }, "geometry": { "type": "Point", "coordinates": [ -111.66169, 46.18796 ] } },
{ "type": "Feature", "properties": { "dep_id": "10071339", "site_name": "Morning Glory Mine", "dev_stat": "Past Producer", "code_list": " AU PB AS ", "target_commodity": "Gold", "lon": -112.24394, "lat": 46.31768 }, "geometry": { "type": "Point", "coordinates": [ -112.24394, 46.31768 ] } },
{ "type": "Feature", "properties": { "dep_id": "10071343", "site_name": "Prickly Pear and Clancy Placers", "dev_stat": "Past Producer", "code_list": " AU AG ", "target_commodity": "Gold", "lon": -111.98421, "lat": 46.46796 }, "geometry": { "type": "Point", "coordinates": [ -111.98421, 46.46796 ] } },
{ "type": "Feature", "properties": { "dep_id": "10071355", "site_name": "Confederate Gulch Placers", "dev_stat": "Past Producer", "code_list": " AU ", "target_commodity": "Gold", "lon": -111.41697, "lat": 46.59908 }, "geometry": { "type": "Point", "coordinates": [ -111.41697, 46.59908 ] } },
{ "type": "Feature", "properties": { "dep_id": "10071356", "site_name": "Custer Mine", "dev_stat": "Past Producer", "code_list": " AU AG ", "target_commodity": "Gold", "lon": -111.6667, "lat": 46.45073 }, "geometry": { "type": "Point", "coordinates": [ -111.6667, 46.45073 ] } },
{ "type": "Feature", "properties": { "dep_id": "10071357", "site_name": "Diamond Hill Mine", "dev_stat": "Past Producer", "code_list": " AU W ", "target_commodity": "Gold", "lon": -111.6625, "lat": 46.3147 }, "geometry": { "type": "Point", "coordinates": [ -111.6625, 46.3147 ] } },
{ "type": "Feature", "properties": { "dep_id": "10071358", "site_name": "Iron Mask Mine", "dev_stat": "Past Producer", "code_list": " AG AU ", "target_commodity": "Gold", "lon": -111.66558, "lat": 46.34212 }, "geometry": { "type": "Point", "coordinates": [ -111.66558, 46.34212 ] } },
{ "type": "Feature", "properties": { "dep_id": "10071361", "site_name": "Gregory Mine", "dev_stat": "Past Producer", "code_list": " AG AU AS ", "target_commodity": "Gold", "lon": -112.1156, "lat": 46.3899 }, "geometry": { "type": "Point", "coordinates": [ -112.1156, 46.3899 ] } },
{ "type": "Feature", "properties": { "dep_id": "10071362", "site_name": "North Home Mine", "dev_stat": "Past Producer", "code_list": " AG AU ", "target_commodity": "Gold", "lon": -111.73503, "lat": 46.18046 }, "geometry": { "type": "Point", "coordinates": [ -111.73503, 46.18046 ] } },
{ "type": "Feature", "properties": { "dep_id": "10071363", "site_name": "Emery Mine", "dev_stat": "Past Producer", "code_list": " AU CU AS ", "target_commodity": "Gold", "lon": -112.58006, "lat": 46.37712 }, "geometry": { "type": "Point", "coordinates": [ -112.58006, 46.37712 ] } },
{ "type": "Feature", "properties": { "dep_id": "10071364", "site_name": "Bald Butte Mine", "dev_stat": "Past Producer", "code_list": " AU PB F ", "target_commodity": "Gold", "lon": -112.34728, "lat": 46.72268 }, "geometry": { "type": "Point", "coordinates": [ -112.34728, 46.72268 ] } },
{ "type": "Feature", "properties": { "dep_id": "10071368", "site_name": "Gray Eagle Mine", "dev_stat": "Past Producer", "code_list": " AG AU U ", "target_commodity": "Gold", "lon": -112.19977, "lat": 46.31323 }, "geometry": { "type": "Point", "coordinates": [ -112.19977, 46.31323 ] } },
{ "type": "Feature", "properties": { "dep_id": "10071383", "site_name": "Penobscot Mine", "dev_stat": "Past Producer", "code_list": " AU ", "target_commodity": "Gold", "lon": -112.357, "lat": 46.73046 }, "geometry": { "type": "Point", "coordinates": [ -112.357, 46.73046 ] } },
{ "type": "Feature", "properties": { "dep_id": "10071390", "site_name": "Marysville District", "dev_stat": "Past Producer", "code_list": " AU CU MN ", "target_commodity": "Gold", "lon": -112.33422, "lat": 46.7499 }, "geometry": { "type": "Point", "coordinates": [ -112.33422, 46.7499 ] } },
{ "type": "Feature", "properties": { "dep_id": "10071872", "site_name": "Drumlummon Mine", "dev_stat": "Past Producer", "code_list": " AU CU SB ", "target_commodity": "Gold", "lon": -112.22806, "lat": 46.75194 }, "geometry": { "type": "Point", "coordinates": [ -112.22806, 46.75194 ] } },
{ "type": "Feature", "properties": { "dep_id": "10071873", "site_name": "Helena Placers", "dev_stat": "Past Producer", "code_list": " AU ", "target_commodity": "Gold", "lon": -111.98005, "lat": 46.59129 }, "geometry": { "type": "Point", "coordinates": [ -111.98005, 46.59129 ] } },
{ "type": "Feature", "properties": { "dep_id": "10071874", "site_name": "Hidden Hand Mine", "dev_stat": "Past Producer", "code_list": " AU ZN NI ", "target_commodity": "Gold", "lon": -112.57867, "lat": 46.38712 }, "geometry": { "type": "Point", "coordinates": [ -112.57867, 46.38712 ] } },
{ "type": "Feature", "properties": { "dep_id": "10071878", "site_name": "Marietta Mine", "dev_stat": "Past Producer", "code_list": " AU CU ", "target_commodity": "Gold", "lon": -111.7067, "lat": 46.36462 }, "geometry": { "type": "Point", "coordinates": [ -111.7067, 46.36462 ] } },
{ "type": "Feature", "properties": { "dep_id": "10071880", "site_name": "January Mine", "dev_stat": "Past Producer", "code_list": " AU PB ", "target_commodity": "Gold", "lon": -111.69698, "lat": 46.4149 }, "geometry": { "type": "Point", "coordinates": [ -111.69698, 46.4149 ] } },
{ "type": "Feature", "properties": { "dep_id": "10078282", "site_name": "Crystal Mine", "dev_stat": "Producer", "code_list": " AU ZN SB ", "target_commodity": "Gold", "lon": -112.26144, "lat": 46.3499 }, "geometry": { "type": "Point", "coordinates": [ -112.26144, 46.3499 ] } },
{ "type": "Feature", "properties": { "dep_id": "10078283", "site_name": "Empire Mine", "dev_stat": "Past Producer", "code_list": " AU CU ", "target_commodity": "Gold", "lon": -112.34867, "lat": 46.75573 }, "geometry": { "type": "Point", "coordinates": [ -112.34867, 46.75573 ] } },
{ "type": "Feature", "properties": { "dep_id": "10078284", "site_name": "Porphyry Dike Mine", "dev_stat": "Past Producer", "code_list": " AU AS ", "target_commodity": "Gold", "lon": -112.28839, "lat": 46.42768 }, "geometry": { "type": "Point", "coordinates": [ -112.28839, 46.42768 ] } },
{ "type": "Feature", "properties": { "dep_id": "10078301", "site_name": "German Gulch Placers", "dev_stat": "Past Producer", "code_list": " AU AG ", "target_commodity": "Gold", "lon": -112.84146, "lat": 45.96767 }, "geometry": { "type": "Point", "coordinates": [ -112.84146, 45.96767 ] } },
{ "type": "Feature", "properties": { "dep_id": "10087432", "site_name": "Missoula Gulch Placer", "dev_stat": "Past Producer", "code_list": " AU ", "target_commodity": "Gold", "lon": -112.5495, "lat": 46.00407 }, "geometry": { "type": "Point", "coordinates": [ -112.5495, 46.00407 ] } },
{ "type": "Feature", "properties": { "dep_id": "10091649", "site_name": "Pearson", "dev_stat": "Occurrence", "code_list": " AU ", "target_commodity": "Gold", "lon": -112.20781, "lat": 45.53184 }, "geometry": { "type": "Point", "coordinates": [ -112.20781, 45.53184 ] } },
{ "type": "Feature", "properties": { "dep_id": "10091792", "site_name": "Stella #2 Lode", "dev_stat": "Occurrence", "code_list": " AU ", "target_commodity": "Gold", "lon": -111.54307, "lat": 45.98212 }, "geometry": { "type": "Point", "coordinates": [ -111.54307, 45.98212 ] } },
{ "type": "Feature", "properties": { "dep_id": "10091793", "site_name": "Blue Rock Lode", "dev_stat": "Occurrence", "code_list": " AU ", "target_commodity": "Gold", "lon": -112.30616, "lat": 45.98351 }, "geometry": { "type": "Point", "coordinates": [ -112.30616, 45.98351 ] } },
{ "type": "Feature", "properties": { "dep_id": "10094462", "site_name": "Unknown Ag Mine Lumber Gulch", "dev_stat": "Occurrence", "code_list": " AG AU ", "target_commodity": "Gold", "lon": -112.22032, "lat": 46.28879 }, "geometry": { "type": "Point", "coordinates": [ -112.22032, 46.28879 ] } },
{ "type": "Feature", "properties": { "dep_id": "10094467", "site_name": "Queen of the Valley Claim", "dev_stat": "Occurrence", "code_list": " AU ", "target_commodity": "Gold", "lon": -112.07449, "lat": 46.68323 }, "geometry": { "type": "Point", "coordinates": [ -112.07449, 46.68323 ] } },
{ "type": "Feature", "properties": { "dep_id": "10094584", "site_name": "Spire Rock Mine", "dev_stat": "Occurrence", "code_list": " AU ", "target_commodity": "Gold", "lon": -112.28894, "lat": 45.95351 }, "geometry": { "type": "Point", "coordinates": [ -112.28894, 45.95351 ] } },
{ "type": "Feature", "properties": { "dep_id": "10094608", "site_name": "Clipper Mine", "dev_stat": "Occurrence", "code_list": " AU ", "target_commodity": "Gold", "lon": -112.3292, "lat": 45.65907 }, "geometry": { "type": "Point", "coordinates": [ -112.3292, 45.65907 ] } },
{ "type": "Feature", "properties": { "dep_id": "10094690", "site_name": "Midnight Prospect", "dev_stat": "Occurrence", "code_list": " AU ", "target_commodity": "Gold", "lon": -112.09531, "lat": 45.59434 }, "geometry": { "type": "Point", "coordinates": [ -112.09531, 45.59434 ] } },
{ "type": "Feature", "properties": { "dep_id": "10094691", "site_name": "Billie Prospect", "dev_stat": "Occurrence", "code_list": " AU ", "target_commodity": "Gold", "lon": -112.01642, "lat": 45.59712 }, "geometry": { "type": "Point", "coordinates": [ -112.01642, 45.59712 ] } },
{ "type": "Feature", "properties": { "dep_id": "10094692", "site_name": "Craig Property", "dev_stat": "Occurrence", "code_list": " AU PB ", "target_commodity": "Gold", "lon": -112.10448, "lat": 45.60796 }, "geometry": { "type": "Point", "coordinates": [ -112.10448, 45.60796 ] } },
{ "type": "Feature", "properties": { "dep_id": "10094693", "site_name": "General Jackson Mine", "dev_stat": "Occurrence", "code_list": " AU ", "target_commodity": "Gold", "lon": -112.09893, "lat": 45.58796 }, "geometry": { "type": "Point", "coordinates": [ -112.09893, 45.58796 ] } },
{ "type": "Feature", "properties": { "dep_id": "10094694", "site_name": "Castle Rock Prospect", "dev_stat": "Occurrence", "code_list": " AU ", "target_commodity": "Gold", "lon": -112.10004, "lat": 45.59296 }, "geometry": { "type": "Point", "coordinates": [ -112.10004, 45.59296 ] } },
{ "type": "Feature", "properties": { "dep_id": "10094754", "site_name": "Denver Mine", "dev_stat": "Occurrence", "code_list": " AU CU SB ", "target_commodity": "Gold", "lon": -112.54312, "lat": 46.68157 }, "geometry": { "type": "Point", "coordinates": [ -112.54312, 46.68157 ] } },
{ "type": "Feature", "properties": { "dep_id": "10094755", "site_name": "Horseshoe Claim", "dev_stat": "Occurrence", "code_list": " AU ", "target_commodity": "Gold", "lon": -112.09671, "lat": 46.3824 }, "geometry": { "type": "Point", "coordinates": [ -112.09671, 46.3824 ] } },
{ "type": "Feature", "properties": { "dep_id": "10094757", "site_name": "Madison Mine", "dev_stat": "Occurrence", "code_list": " AU ", "target_commodity": "Gold", "lon": -112.00227, "lat": 46.37907 }, "geometry": { "type": "Point", "coordinates": [ -112.00227, 46.37907 ] } },
{ "type": "Feature", "properties": { "dep_id": "10094758", "site_name": "Alport Mine", "dev_stat": "Occurrence", "code_list": " AU ZN ", "target_commodity": "Gold", "lon": -112.27727, "lat": 46.22907 }, "geometry": { "type": "Point", "coordinates": [ -112.27727, 46.22907 ] } },
{ "type": "Feature", "properties": { "dep_id": "10094759", "site_name": "Roosevelt Mine", "dev_stat": "Occurrence", "code_list": " AG AU ", "target_commodity": "Gold", "lon": -112.02227, "lat": 46.49601 }, "geometry": { "type": "Point", "coordinates": [ -112.02227, 46.49601 ] } },
{ "type": "Feature", "properties": { "dep_id": "10094760", "site_name": "Manhattan Mine", "dev_stat": "Occurrence", "code_list": " AG AU ", "target_commodity": "Gold", "lon": -112.23005, "lat": 46.29879 }, "geometry": { "type": "Point", "coordinates": [ -112.23005, 46.29879 ] } },
{ "type": "Feature", "properties": { "dep_id": "10094796", "site_name": "Kain Mine", "dev_stat": "Occurrence", "code_list": " AU CU AS ", "target_commodity": "Gold", "lon": -112.17727, "lat": 46.58323 }, "geometry": { "type": "Point", "coordinates": [ -112.17727, 46.58323 ] } },
{ "type": "Feature", "properties": { "dep_id": "10094797", "site_name": "Regina Claim", "dev_stat": "Occurrence", "code_list": " AU ", "target_commodity": "Gold", "lon": -112.09949, "lat": 46.67768 }, "geometry": { "type": "Point", "coordinates": [ -112.09949, 46.67768 ] } },
{ "type": "Feature", "properties": { "dep_id": "10094799", "site_name": "Bob Ingersol Mine", "dev_stat": "Occurrence", "code_list": " AG AU AS ", "target_commodity": "Gold", "lon": -112.10088, "lat": 46.32434 }, "geometry": { "type": "Point", "coordinates": [ -112.10088, 46.32434 ] } },
{ "type": "Feature", "properties": { "dep_id": "10094803", "site_name": "Nickelodeon", "dev_stat": "Occurrence", "code_list": " CU AU U ", "target_commodity": "Gold", "lon": -112.1556, "lat": 46.19601 }, "geometry": { "type": "Point", "coordinates": [ -112.1556, 46.19601 ] } },
{ "type": "Feature", "properties": { "dep_id": "10094806", "site_name": "Silver Bell Mine", "dev_stat": "Occurrence", "code_list": " AG AU ", "target_commodity": "Gold", "lon": -112.21366, "lat": 46.04157 }, "geometry": { "type": "Point", "coordinates": [ -112.21366, 46.04157 ] } },
{ "type": "Feature", "properties": { "dep_id": "10094807", "site_name": "Lipton Mine", "dev_stat": "Occurrence", "code_list": " AU PB ", "target_commodity": "Gold", "lon": -111.75196, "lat": 45.54546 }, "geometry": { "type": "Point", "coordinates": [ -111.75196, 45.54546 ] } },
{ "type": "Feature", "properties": { "dep_id": "10094895", "site_name": "Blackfeet No. 1", "dev_stat": "Occurrence", "code_list": " PB ZN AU ", "target_commodity": "Gold", "lon": -112.42922, "lat": 46.47323 }, "geometry": { "type": "Point", "coordinates": [ -112.42922, 46.47323 ] } },
{ "type": "Feature", "properties": { "dep_id": "10094898", "site_name": "The Della Lode", "dev_stat": "Occurrence", "code_list": " AG AU ", "target_commodity": "Gold", "lon": -112.22616, "lat": 46.33157 }, "geometry": { "type": "Point", "coordinates": [ -112.22616, 46.33157 ] } },
{ "type": "Feature", "properties": { "dep_id": "10094900", "site_name": "Ruth Placer", "dev_stat": "Occurrence", "code_list": " AU ", "target_commodity": "Gold", "lon": -111.65226, "lat": 46.69073 }, "geometry": { "type": "Point", "coordinates": [ -111.65226, 46.69073 ] } },
{ "type": "Feature", "properties": { "dep_id": "10094903", "site_name": "Condor Lodes", "dev_stat": "Occurrence", "code_list": " AU ", "target_commodity": "Gold", "lon": -112.23449, "lat": 46.30879 }, "geometry": { "type": "Point", "coordinates": [ -112.23449, 46.30879 ] } },
{ "type": "Feature", "properties": { "dep_id": "10096900", "site_name": "Pennsylvania Mine", "dev_stat": "Prospect", "code_list": " CU AU ", "target_commodity": "Gold", "lon": -111.54279, "lat": 45.98184 }, "geometry": { "type": "Point", "coordinates": [ -111.54279, 45.98184 ] } },
{ "type": "Feature", "properties": { "dep_id": "10096913", "site_name": "Invincible Quartz Lode", "dev_stat": "Prospect", "code_list": " AU ", "target_commodity": "Gold", "lon": -111.94669, "lat": 45.57907 }, "geometry": { "type": "Point", "coordinates": [ -111.94669, 45.57907 ] } },
{ "type": "Feature", "properties": { "dep_id": "10096920", "site_name": "Best Wish Placer", "dev_stat": "Prospect", "code_list": " AU ", "target_commodity": "Gold", "lon": -111.98865, "lat": 46.16907 }, "geometry": { "type": "Point", "coordinates": [ -111.98865, 46.16907 ] } },
{ "type": "Feature", "properties": { "dep_id": "10096922", "site_name": "Mamie D. Lode", "dev_stat": "Prospect", "code_list": " AU ", "target_commodity": "Gold", "lon": -112.0606, "lat": 46.54407 }, "geometry": { "type": "Point", "coordinates": [ -112.0606, 46.54407 ] } },
{ "type": "Feature", "properties": { "dep_id": "10096923", "site_name": "Lag Lode", "dev_stat": "Prospect", "code_list": " AU ", "target_commodity": "Gold", "lon": -112.45839, "lat": 46.12434 }, "geometry": { "type": "Point", "coordinates": [ -112.45839, 46.12434 ] } },
{ "type": "Feature", "properties": { "dep_id": "10096924", "site_name": "Alberta", "dev_stat": "Prospect", "code_list": " AU ", "target_commodity": "Gold", "lon": -111.70559, "lat": 46.37712 }, "geometry": { "type": "Point", "coordinates": [ -111.70559, 46.37712 ] } },
{ "type": "Feature", "properties": { "dep_id": "10096935", "site_name": "Dutchman Placer", "dev_stat": "Prospect", "code_list": " AU ", "target_commodity": "Gold", "lon": -112.38422, "lat": 46.43546 }, "geometry": { "type": "Point", "coordinates": [ -112.38422, 46.43546 ] } },
{ "type": "Feature", "properties": { "dep_id": "10096936", "site_name": "Harriet No. 1", "dev_stat": "Prospect", "code_list": " AG AU ", "target_commodity": "Gold", "lon": -111.93143, "lat": 46.42796 }, "geometry": { "type": "Point", "coordinates": [ -111.93143, 46.42796 ] } },
{ "type": "Feature", "properties": { "dep_id": "10097798", "site_name": "Dog Creek and Tributaries Placer", "dev_stat": "Past Producer", "code_list": " AU ", "target_commodity": "Gold", "lon": -112.38145, "lat": 46.6749 }, "geometry": { "type": "Point", "coordinates": [ -112.38145, 46.6749 ] } },
{ "type": "Feature", "properties": { "dep_id": "10097799", "site_name": "Last Chance Gulch Placer", "dev_stat": "Past Producer", "code_list": " AU ", "target_commodity": "Gold", "lon": -112.03005, "lat": 46.58184 }, "geometry": { "type": "Point", "coordinates": [ -112.03005, 46.58184 ] } },
{ "type": "Feature", "properties": { "dep_id": "10097800", "site_name": "Rocker Placer", "dev_stat": "Past Producer", "code_list": " AU ", "target_commodity": "Gold", "lon": -112.60645, "lat": 46.00212 }, "geometry": { "type": "Point", "coordinates": [ -112.60645, 46.00212 ] } },
{ "type": "Feature", "properties": { "dep_id": "10097801", "site_name": "Telegraph Creek Placer", "dev_stat": "Past Producer", "code_list": " AU ", "target_commodity": "Gold", "lon": -112.37172, "lat": 46.48962 }, "geometry": { "type": "Point", "coordinates": [ -112.37172, 46.48962 ] } },
{ "type": "Feature", "properties": { "dep_id": "10097812", "site_name": "Holmes Gulch Placer", "dev_stat": "Past Producer", "code_list": " AU ", "target_commodity": "Gold", "lon": -112.03421, "lat": 46.53879 }, "geometry": { "type": "Point", "coordinates": [ -112.03421, 46.53879 ] } },
{ "type": "Feature", "properties": { "dep_id": "10097839", "site_name": "Upper Hells Canyon Placer", "dev_stat": "Past Producer", "code_list": " AU ", "target_commodity": "Gold", "lon": -112.45921, "lat": 45.72157 }, "geometry": { "type": "Point", "coordinates": [ -112.45921, 45.72157 ] } },
{ "type": "Feature", "properties": { "dep_id": "10097840", "site_name": "Rochester Creek Placer", "dev_stat": "Past Producer", "code_list": " AU ", "target_commodity": "Gold", "lon": -112.47032, "lat": 45.58323 }, "geometry": { "type": "Point", "coordinates": [ -112.47032, 45.58323 ] } },
{ "type": "Feature", "properties": { "dep_id": "10097849", "site_name": "Bertha May", "dev_stat": "Past Producer", "code_list": " AG AU SB ", "target_commodity": "Gold", "lon": -112.57867, "lat": 46.38712 }, "geometry": { "type": "Point", "coordinates": [ -112.57867, 46.38712 ] } },
{ "type": "Feature", "properties": { "dep_id": "10097864", "site_name": "Lower Moose Creek Placer", "dev_stat": "Past Producer", "code_list": " AU ", "target_commodity": "Gold", "lon": -112.68922, "lat": 45.72018 }, "geometry": { "type": "Point", "coordinates": [ -112.68922, 45.72018 ] } },
{ "type": "Feature", "properties": { "dep_id": "10097865", "site_name": "Mill Creek Placer", "dev_stat": "Past Producer", "code_list": " AU ", "target_commodity": "Gold", "lon": -112.04669, "lat": 45.4799 }, "geometry": { "type": "Point", "coordinates": [ -112.04669, 45.4799 ] } },
{ "type": "Feature", "properties": { "dep_id": "10097866", "site_name": "Union Mine", "dev_stat": "Past Producer", "code_list": " AU ", "target_commodity": "Gold", "lon": -112.19809, "lat": 45.51879 }, "geometry": { "type": "Point", "coordinates": [ -112.19809, 45.51879 ] } },
{ "type": "Feature", "properties": { "dep_id": "10097868", "site_name": "Williams Gulch Placer", "dev_stat": "Past Producer", "code_list": " AU ", "target_commodity": "Gold", "lon": -112.0153, "lat": 45.26323 }, "geometry": { "type": "Point", "coordinates": [ -112.0153, 45.26323 ] } },
{ "type": "Feature", "properties": { "dep_id": "10097870", "site_name": "St. Lawrence Consolidated Mine", "dev_stat": "Past Producer", "code_list": " AU ", "target_commodity": "Gold", "lon": -111.997, "lat": 45.268 }, "geometry": { "type": "Point", "coordinates": [ -111.997, 45.268 ] } },
{ "type": "Feature", "properties": { "dep_id": "10098026", "site_name": "Spring Hill Mine", "dev_stat": "Past Producer", "code_list": " AU AG AS ", "target_commodity": "Gold", "lon": -112.09671, "lat": 46.5549 }, "geometry": { "type": "Point", "coordinates": [ -112.09671, 46.5549 ] } },
{ "type": "Feature", "properties": { "dep_id": "10098030", "site_name": "Golden Crown Mine", "dev_stat": "Past Producer", "code_list": " AU CU SB ", "target_commodity": "Gold", "lon": -112.08366, "lat": 46.68518 }, "geometry": { "type": "Point", "coordinates": [ -112.08366, 46.68518 ] } },
{ "type": "Feature", "properties": { "dep_id": "10098031", "site_name": "Hub Camp Group", "dev_stat": "Past Producer", "code_list": " AG AU AS ", "target_commodity": "Gold", "lon": -112.36006, "lat": 46.48212 }, "geometry": { "type": "Point", "coordinates": [ -112.36006, 46.48212 ] } },
{ "type": "Feature", "properties": { "dep_id": "10098032", "site_name": "Esmeralda Mine", "dev_stat": "Past Producer", "code_list": " AU CU ", "target_commodity": "Gold", "lon": -112.44257, "lat": 46.68796 }, "geometry": { "type": "Point", "coordinates": [ -112.44257, 46.68796 ] } },
{ "type": "Feature", "properties": { "dep_id": "10098045", "site_name": "Transit Mines", "dev_stat": "Past Producer", "code_list": " AU PB ", "target_commodity": "Gold", "lon": -112.25339, "lat": 46.46268 }, "geometry": { "type": "Point", "coordinates": [ -112.25339, 46.46268 ] } },
{ "type": "Feature", "properties": { "dep_id": "10098046", "site_name": "Lucky Joe Mine", "dev_stat": "Past Producer", "code_list": " AU CU ", "target_commodity": "Gold", "lon": -112.28839, "lat": 46.46851 }, "geometry": { "type": "Point", "coordinates": [ -112.28839, 46.46851 ] } },
{ "type": "Feature", "properties": { "dep_id": "10098047", "site_name": "Nelson Gulch Placers", "dev_stat": "Past Producer", "code_list": " AU ", "target_commodity": "Gold", "lon": -112.15782, "lat": 46.57768 }, "geometry": { "type": "Point", "coordinates": [ -112.15782, 46.57768 ] } },
{ "type": "Feature", "properties": { "dep_id": "10098049", "site_name": "Snowshoe Creek Placer", "dev_stat": "Past Producer", "code_list": " AU ", "target_commodity": "Gold", "lon": -112.53423, "lat": 46.60073 }, "geometry": { "type": "Point", "coordinates": [ -112.53423, 46.60073 ] } },
{ "type": "Feature", "properties": { "dep_id": "10098054", "site_name": "Bell Mine", "dev_stat": "Past Producer", "code_list": " AG AU AS ", "target_commodity": "Gold", "lon": -112.57533, "lat": 46.38129 }, "geometry": { "type": "Point", "coordinates": [ -112.57533, 46.38129 ] } },
{ "type": "Feature", "properties": { "dep_id": "10098055", "site_name": "Kirby Mine", "dev_stat": "Past Producer", "code_list": " AG AU ", "target_commodity": "Gold", "lon": -112.58006, "lat": 46.38046 }, "geometry": { "type": "Point", "coordinates": [ -112.58006, 46.38046 ] } },
{ "type": "Feature", "properties": { "dep_id": "10098056", "site_name": "Boomerang Creek Placer", "dev_stat": "Past Producer", "code_list": " AU ", "target_commodity": "Gold", "lon": -112.1856, "lat": 46.25962 }, "geometry": { "type": "Point", "coordinates": [ -112.1856, 46.25962 ] } },
{ "type": "Feature", "properties": { "dep_id": "10098061", "site_name": "Humbolt", "dev_stat": "Past Producer", "code_list": " AU ", "target_commodity": "Gold", "lon": -112.35644, "lat": 46.02629 }, "geometry": { "type": "Point", "coordinates": [ -112.35644, 46.02629 ] } },
{ "type": "Feature", "properties": { "dep_id": "10098064", "site_name": "Jumper Claims", "dev_stat": "Past Producer", "code_list": " AU CU ", "target_commodity": "Gold", "lon": -111.95836, "lat": 45.63268 }, "geometry": { "type": "Point", "coordinates": [ -111.95836, 45.63268 ] } },
{ "type": "Feature", "properties": { "dep_id": "10098715", "site_name": "Miller", "dev_stat": "Past Producer", "code_list": " AU ", "target_commodity": "Gold", "lon": -111.41447, "lat": 46.62074 }, "geometry": { "type": "Point", "coordinates": [ -111.41447, 46.62074 ] } },
{ "type": "Feature", "properties": { "dep_id": "10101506", "site_name": "Lucky Strike Mine", "dev_stat": "Past Producer", "code_list": " AU ", "target_commodity": "Gold", "lon": -112.0803, "lat": 45.53184 }, "geometry": { "type": "Point", "coordinates": [ -112.0803, 45.53184 ] } },
{ "type": "Feature", "properties": { "dep_id": "10101507", "site_name": "New Deal Mine", "dev_stat": "Past Producer", "code_list": " AU ", "target_commodity": "Gold", "lon": -112.24366, "lat": 45.96157 }, "geometry": { "type": "Point", "coordinates": [ -112.24366, 45.96157 ] } },
{ "type": "Feature", "properties": { "dep_id": "10101509", "site_name": "Sunset Claim", "dev_stat": "Past Producer", "code_list": " AU ", "target_commodity": "Gold", "lon": -112.58699, "lat": 45.76379 }, "geometry": { "type": "Point", "coordinates": [ -112.58699, 45.76379 ] } },
{ "type": "Feature", "properties": { "dep_id": "10101546", "site_name": "Mary Lucille Mine", "dev_stat": "Past Producer", "code_list": " AU ", "target_commodity": "Gold", "lon": -112.02781, "lat": 45.91657 }, "geometry": { "type": "Point", "coordinates": [ -112.02781, 45.91657 ] } },
{ "type": "Feature", "properties": { "dep_id": "10101569", "site_name": "Red Bell Mine", "dev_stat": "Past Producer", "code_list": " AU ", "target_commodity": "Gold", "lon": -112.16754, "lat": 45.56184 }, "geometry": { "type": "Point", "coordinates": [ -112.16754, 45.56184 ] } },
{ "type": "Feature", "properties": { "dep_id": "10101570", "site_name": "Surprise Mine", "dev_stat": "Past Producer", "code_list": " AU ", "target_commodity": "Gold", "lon": -112.09393, "lat": 45.79434 }, "geometry": { "type": "Point", "coordinates": [ -112.09393, 45.79434 ] } },
{ "type": "Feature", "properties": { "dep_id": "10101738", "site_name": "Lotta Tunnel", "dev_stat": "Past Producer", "code_list": " AU AG ", "target_commodity": "Gold", "lon": -112.26616, "lat": 46.25657 }, "geometry": { "type": "Point", "coordinates": [ -112.26616, 46.25657 ] } },
{ "type": "Feature", "properties": { "dep_id": "10101812", "site_name": "Bismarck Mine", "dev_stat": "Past Producer", "code_list": " AG AU ", "target_commodity": "Gold", "lon": -112.13282, "lat": 46.3124 }, "geometry": { "type": "Point", "coordinates": [ -112.13282, 46.3124 ] } },
{ "type": "Feature", "properties": { "dep_id": "10101922", "site_name": "Teal Lake Mine", "dev_stat": "Past Producer", "code_list": " AG AU AS ", "target_commodity": "Gold", "lon": -112.24589, "lat": 46.46934 }, "geometry": { "type": "Point", "coordinates": [ -112.24589, 46.46934 ] } },
{ "type": "Feature", "properties": { "dep_id": "10101923", "site_name": "Yellowjacket Mine", "dev_stat": "Past Producer", "code_list": " AU ", "target_commodity": "Gold", "lon": -112.03421, "lat": 46.53879 }, "geometry": { "type": "Point", "coordinates": [ -112.03421, 46.53879 ] } },
{ "type": "Feature", "properties": { "dep_id": "10101924", "site_name": "Rock Rose Mine", "dev_stat": "Past Producer", "code_list": " AG AU ", "target_commodity": "Gold", "lon": -112.1231, "lat": 46.62823 }, "geometry": { "type": "Point", "coordinates": [ -112.1231, 46.62823 ] } },
{ "type": "Feature", "properties": { "dep_id": "10101926", "site_name": "Osage Chief Mine", "dev_stat": "Past Producer", "code_list": " AU ", "target_commodity": "Gold", "lon": -112.24506, "lat": 46.65046 }, "geometry": { "type": "Point", "coordinates": [ -112.24506, 46.65046 ] } },
{ "type": "Feature", "properties": { "dep_id": "10101927", "site_name": "Morning Star Mine", "dev_stat": "Past Producer", "code_list": " AG AU AS ", "target_commodity": "Gold", "lon": -112.35367, "lat": 46.36796 }, "geometry": { "type": "Point", "coordinates": [ -112.35367, 46.36796 ] } },
{ "type": "Feature", "properties": { "dep_id": "10101929", "site_name": "Ontario Mine", "dev_stat": "Past Producer", "code_list": " AU PB ", "target_commodity": "Gold", "lon": -112.34145, "lat": 46.42907 }, "geometry": { "type": "Point", "coordinates": [ -112.34145, 46.42907 ] } },
{ "type": "Feature", "properties": { "dep_id": "10101930", "site_name": "Lotta Tunnel", "dev_stat": "Past Producer", "code_list": " AU ZN ", "target_commodity": "Gold", "lon": -112.28366, "lat": 45.99991 }, "geometry": { "type": "Point", "coordinates": [ -112.28366, 45.99991 ] } },
{ "type": "Feature", "properties": { "dep_id": "10101931", "site_name": "Justice Mine", "dev_stat": "Past Producer", "code_list": " AU PB AS ", "target_commodity": "Gold", "lon": -112.28339, "lat": 46.47323 }, "geometry": { "type": "Point", "coordinates": [ -112.28339, 46.47323 ] } },
{ "type": "Feature", "properties": { "dep_id": "10101933", "site_name": "Armstrong Mine", "dev_stat": "Past Producer", "code_list": " AG AU U ", "target_commodity": "Gold", "lon": -112.2845, "lat": 46.48073 }, "geometry": { "type": "Point", "coordinates": [ -112.2845, 46.48073 ] } },
{ "type": "Feature", "properties": { "dep_id": "10101938", "site_name": "Beatrice Mine", "dev_stat": "Past Producer", "code_list": " AU PB ", "target_commodity": "Gold", "lon": -112.30506, "lat": 46.48129 }, "geometry": { "type": "Point", "coordinates": [ -112.30506, 46.48129 ] } },
{ "type": "Feature", "properties": { "dep_id": "10101940", "site_name": "Silver Tip Mine", "dev_stat": "Past Producer", "code_list": " AG AU ", "target_commodity": "Gold", "lon": -112.00782, "lat": 46.36796 }, "geometry": { "type": "Point", "coordinates": [ -112.00782, 46.36796 ] } },
{ "type": "Feature", "properties": { "dep_id": "10101941", "site_name": "Carbonate King Mine", "dev_stat": "Past Producer", "code_list": " AG AU ", "target_commodity": "Gold", "lon": -112.43256, "lat": 46.52851 }, "geometry": { "type": "Point", "coordinates": [ -112.43256, 46.52851 ] } },
{ "type": "Feature", "properties": { "dep_id": "10101942", "site_name": "Mono Group", "dev_stat": "Past Producer", "code_list": " PB AU SB ", "target_commodity": "Gold", "lon": -112.10449, "lat": 46.29934 }, "geometry": { "type": "Point", "coordinates": [ -112.10449, 46.29934 ] } },
{ "type": "Feature", "properties": { "dep_id": "10101962", "site_name": "Josephine Mine", "dev_stat": "Past Producer", "code_list": " AU ", "target_commodity": "Gold", "lon": -111.65779, "lat": 45.55879 }, "geometry": { "type": "Point", "coordinates": [ -111.65779, 45.55879 ] } },
{ "type": "Feature", "properties": { "dep_id": "10101974", "site_name": "Black Jack Mine", "dev_stat": "Past Producer", "code_list": " AU CU AS ", "target_commodity": "Gold", "lon": -112.40506, "lat": 46.47823 }, "geometry": { "type": "Point", "coordinates": [ -112.40506, 46.47823 ] } },
{ "type": "Feature", "properties": { "dep_id": "10101980", "site_name": "Lehigh Mine", "dev_stat": "Past Producer", "code_list": " AU ", "target_commodity": "Gold", "lon": -111.83447, "lat": 45.50157 }, "geometry": { "type": "Point", "coordinates": [ -111.83447, 45.50157 ] } },
{ "type": "Feature", "properties": { "dep_id": "10101981", "site_name": "Sunnyside Mine", "dev_stat": "Past Producer", "code_list": " AU ", "target_commodity": "Gold", "lon": -112.09114, "lat": 45.50546 }, "geometry": { "type": "Point", "coordinates": [ -112.09114, 45.50546 ] } },
{ "type": "Feature", "properties": { "dep_id": "10101982", "site_name": "East Katie Mine", "dev_stat": "Past Producer", "code_list": " AU CU ", "target_commodity": "Gold", "lon": -112.26616, "lat": 46.27212 }, "geometry": { "type": "Point", "coordinates": [ -112.26616, 46.27212 ] } },
{ "type": "Feature", "properties": { "dep_id": "10101990", "site_name": "Highland View Claim", "dev_stat": "Past Producer", "code_list": " AU AG ", "target_commodity": "Gold", "lon": -112.47449, "lat": 45.80823 }, "geometry": { "type": "Point", "coordinates": [ -112.47449, 45.80823 ] } },
{ "type": "Feature", "properties": { "dep_id": "10101991", "site_name": "Climax Apex Lode Group", "dev_stat": "Past Producer", "code_list": " AU ", "target_commodity": "Gold", "lon": -112.63422, "lat": 45.86379 }, "geometry": { "type": "Point", "coordinates": [ -112.63422, 45.86379 ] } },
{ "type": "Feature", "properties": { "dep_id": "10101992", "site_name": "Whitehall Mine", "dev_stat": "Past Producer", "code_list": " AG AU MN ", "target_commodity": "Gold", "lon": -112.04726, "lat": 45.93657 }, "geometry": { "type": "Point", "coordinates": [ -112.04726, 45.93657 ] } },
{ "type": "Feature", "properties": { "dep_id": "10101994", "site_name": "Major Budd", "dev_stat": "Past Producer", "code_list": " AU CU ", "target_commodity": "Gold", "lon": -112.4481, "lat": 46.03323 }, "geometry": { "type": "Point", "coordinates": [ -112.4481, 46.03323 ] } },
{ "type": "Feature", "properties": { "dep_id": "10101996", "site_name": "Gagnon Pit", "dev_stat": "Past Producer", "code_list": " CU AU AS ", "target_commodity": "Gold", "lon": -112.54256, "lat": 46.01684 }, "geometry": { "type": "Point", "coordinates": [ -112.54256, 46.01684 ] } },
{ "type": "Feature", "properties": { "dep_id": "10101997", "site_name": "Glenbeg Mine", "dev_stat": "Past Producer", "code_list": " AG AU ", "target_commodity": "Gold", "lon": -112.1481, "lat": 46.36879 }, "geometry": { "type": "Point", "coordinates": [ -112.1481, 46.36879 ] } },
{ "type": "Feature", "properties": { "dep_id": "10101998", "site_name": "Argus Mine", "dev_stat": "Past Producer", "code_list": " AG AU NI ", "target_commodity": "Gold", "lon": -112.57867, "lat": 46.39157 }, "geometry": { "type": "Point", "coordinates": [ -112.57867, 46.39157 ] } },
{ "type": "Feature", "properties": { "dep_id": "10102003", "site_name": "Big Pipestone Creek Placer", "dev_stat": "Past Producer", "code_list": " AU AG ", "target_commodity": "Gold", "lon": -112.26338, "lat": 45.90546 }, "geometry": { "type": "Point", "coordinates": [ -112.26338, 45.90546 ] } },
{ "type": "Feature", "properties": { "dep_id": "10102004", "site_name": "Grey Lead", "dev_stat": "Past Producer", "code_list": " AU AG ", "target_commodity": "Gold", "lon": -112.23894, "lat": 46.35851 }, "geometry": { "type": "Point", "coordinates": [ -112.23894, 46.35851 ] } },
{ "type": "Feature", "properties": { "dep_id": "10102006", "site_name": "Moulton Mine", "dev_stat": "Past Producer", "code_list": " PB AU ", "target_commodity": "Gold", "lon": -112.54617, "lat": 46.03101 }, "geometry": { "type": "Point", "coordinates": [ -112.54617, 46.03101 ] } },
{ "type": "Feature", "properties": { "dep_id": "10102007", "site_name": "Sunset Mine", "dev_stat": "Past Producer", "code_list": " AU PB ", "target_commodity": "Gold", "lon": -112.45978, "lat": 46.04212 }, "geometry": { "type": "Point", "coordinates": [ -112.45978, 46.04212 ] } },
{ "type": "Feature", "properties": { "dep_id": "10102008", "site_name": "Pay Rock Mine", "dev_stat": "Past Producer", "code_list": " AU PB ", "target_commodity": "Gold", "lon": -112.40116, "lat": 45.96018 }, "geometry": { "type": "Point", "coordinates": [ -112.40116, 45.96018 ] } },
{ "type": "Feature", "properties": { "dep_id": "10102009", "site_name": "South View Mine", "dev_stat": "Past Producer", "code_list": " AU ", "target_commodity": "Gold", "lon": -112.03698, "lat": 45.90962 }, "geometry": { "type": "Point", "coordinates": [ -112.03698, 45.90962 ] } },
{ "type": "Feature", "properties": { "dep_id": "10102010", "site_name": "Sunnyside Mine", "dev_stat": "Past Producer", "code_list": " AU ZN ", "target_commodity": "Gold", "lon": -112.02781, "lat": 45.92351 }, "geometry": { "type": "Point", "coordinates": [ -112.02781, 45.92351 ] } },
{ "type": "Feature", "properties": { "dep_id": "10102011", "site_name": "Perhaps Mine", "dev_stat": "Past Producer", "code_list": " AU MN ", "target_commodity": "Gold", "lon": -112.03504, "lat": 45.92684 }, "geometry": { "type": "Point", "coordinates": [ -112.03504, 45.92684 ] } },
{ "type": "Feature", "properties": { "dep_id": "10102012", "site_name": "Little Pipestone Creek Placer", "dev_stat": "Past Producer", "code_list": " AU ", "target_commodity": "Gold", "lon": -112.25755, "lat": 45.85157 }, "geometry": { "type": "Point", "coordinates": [ -112.25755, 45.85157 ] } },
{ "type": "Feature", "properties": { "dep_id": "10102014", "site_name": "Wisconsin Creek Placer", "dev_stat": "Past Producer", "code_list": " AU ", "target_commodity": "Gold", "lon": -112.17031, "lat": 45.50268 }, "geometry": { "type": "Point", "coordinates": [ -112.17031, 45.50268 ] } },
{ "type": "Feature", "properties": { "dep_id": "10102015", "site_name": "Helper Mine", "dev_stat": "Past Producer", "code_list": " PB AU ", "target_commodity": "Gold", "lon": -112.26199, "lat": 46.26157 }, "geometry": { "type": "Point", "coordinates": [ -112.26199, 46.26157 ] } },
{ "type": "Feature", "properties": { "dep_id": "10102018", "site_name": "State Mine", "dev_stat": "Past Producer", "code_list": " AU CU ", "target_commodity": "Gold", "lon": -112.22727, "lat": 46.10657 }, "geometry": { "type": "Point", "coordinates": [ -112.22727, 46.10657 ] } },
{ "type": "Feature", "properties": { "dep_id": "10102025", "site_name": "Harris Creek Placer", "dev_stat": "Past Producer", "code_list": " AU ", "target_commodity": "Gold", "lon": -112.05725, "lat": 45.38657 }, "geometry": { "type": "Point", "coordinates": [ -112.05725, 45.38657 ] } },
{ "type": "Feature", "properties": { "dep_id": "10102028", "site_name": "Kreuger Property", "dev_stat": "Past Producer", "code_list": " AU ZN ", "target_commodity": "Gold", "lon": -112.21809, "lat": 45.57629 }, "geometry": { "type": "Point", "coordinates": [ -112.21809, 45.57629 ] } },
{ "type": "Feature", "properties": { "dep_id": "10102030", "site_name": "Broadway Mine", "dev_stat": "Past Producer", "code_list": " AU CU ", "target_commodity": "Gold", "lon": -112.31476, "lat": 45.69629 }, "geometry": { "type": "Point", "coordinates": [ -112.31476, 45.69629 ] } },
{ "type": "Feature", "properties": { "dep_id": "10102031", "site_name": "Mary Ingaber Mine", "dev_stat": "Past Producer", "code_list": " AU ", "target_commodity": "Gold", "lon": -112.09948, "lat": 45.7849 }, "geometry": { "type": "Point", "coordinates": [ -112.09948, 45.7849 ] } },
{ "type": "Feature", "properties": { "dep_id": "10102035", "site_name": "Red Mountain Tunnel", "dev_stat": "Past Producer", "code_list": " AG AU AS ", "target_commodity": "Gold", "lon": -112.24533, "lat": 46.48046 }, "geometry": { "type": "Point", "coordinates": [ -112.24533, 46.48046 ] } },
{ "type": "Feature", "properties": { "dep_id": "10102036", "site_name": "Nellie Grant Mine", "dev_stat": "Past Producer", "code_list": " AU CU AS ", "target_commodity": "Gold", "lon": -112.20227, "lat": 46.44073 }, "geometry": { "type": "Point", "coordinates": [ -112.20227, 46.44073 ] } },
{ "type": "Feature", "properties": { "dep_id": "10102037", "site_name": "Mae Lilly Mine", "dev_stat": "Past Producer", "code_list": " AG AU ", "target_commodity": "Gold", "lon": -112.26477, "lat": 46.41768 }, "geometry": { "type": "Point", "coordinates": [ -112.26477, 46.41768 ] } },
{ "type": "Feature", "properties": { "dep_id": "10102042", "site_name": "Kearsarge Mine", "dev_stat": "Past Producer", "code_list": " AU AG TE ", "target_commodity": "Gold", "lon": -111.93142, "lat": 45.21684 }, "geometry": { "type": "Point", "coordinates": [ -111.93142, 45.21684 ] } },
{ "type": "Feature", "properties": { "dep_id": "10102046", "site_name": "Florence Mine", "dev_stat": "Past Producer", "code_list": " AU FE CR ", "target_commodity": "Gold", "lon": -112.09531, "lat": 45.76434 }, "geometry": { "type": "Point", "coordinates": [ -112.09531, 45.76434 ] } },
{ "type": "Feature", "properties": { "dep_id": "10102047", "site_name": "Gold Hill Group Mine", "dev_stat": "Past Producer", "code_list": " AU ", "target_commodity": "Gold", "lon": -112.53838, "lat": 45.76323 }, "geometry": { "type": "Point", "coordinates": [ -112.53838, 45.76323 ] } },
{ "type": "Feature", "properties": { "dep_id": "10102049", "site_name": "Whip-Poor-Will Mine", "dev_stat": "Past Producer", "code_list": " AU ", "target_commodity": "Gold", "lon": -111.93697, "lat": 45.66157 }, "geometry": { "type": "Point", "coordinates": [ -111.93697, 45.66157 ] } },
{ "type": "Feature", "properties": { "dep_id": "10102051", "site_name": "Edgerton Mine", "dev_stat": "Past Producer", "code_list": " AU ", "target_commodity": "Gold", "lon": -112.32782, "lat": 45.69573 }, "geometry": { "type": "Point", "coordinates": [ -112.32782, 45.69573 ] } },
{ "type": "Feature", "properties": { "dep_id": "10102054", "site_name": "Greenstone Mine", "dev_stat": "Past Producer", "code_list": " CU AU ", "target_commodity": "Gold", "lon": -112.80339, "lat": 45.41296 }, "geometry": { "type": "Point", "coordinates": [ -112.80339, 45.41296 ] } },
{ "type": "Feature", "properties": { "dep_id": "10102055", "site_name": "Schmidt Prospect", "dev_stat": "Past Producer", "code_list": " AU ZN MO ", "target_commodity": "Gold", "lon": -112.16226, "lat": 45.56796 }, "geometry": { "type": "Point", "coordinates": [ -112.16226, 45.56796 ] } },
{ "type": "Feature", "properties": { "dep_id": "10102056", "site_name": "Ella Mine", "dev_stat": "Past Producer", "code_list": " AU CU ", "target_commodity": "Gold", "lon": -112.18781, "lat": 45.5424 }, "geometry": { "type": "Point", "coordinates": [ -112.18781, 45.5424 ] } },
{ "type": "Feature", "properties": { "dep_id": "10102057", "site_name": "Cop Prospect", "dev_stat": "Past Producer", "code_list": " AU CU ", "target_commodity": "Gold", "lon": -112.21198, "lat": 45.54018 }, "geometry": { "type": "Point", "coordinates": [ -112.21198, 45.54018 ] } },
{ "type": "Feature", "properties": { "dep_id": "10102058", "site_name": "Black Ace Mine", "dev_stat": "Past Producer", "code_list": " AU CU ", "target_commodity": "Gold", "lon": -112.1967, "lat": 45.53462 }, "geometry": { "type": "Point", "coordinates": [ -112.1967, 45.53462 ] } },
{ "type": "Feature", "properties": { "dep_id": "10102059", "site_name": "Germania Mine", "dev_stat": "Past Producer", "code_list": " AU ", "target_commodity": "Gold", "lon": -112.45894, "lat": 45.60268 }, "geometry": { "type": "Point", "coordinates": [ -112.45894, 45.60268 ] } },
{ "type": "Feature", "properties": { "dep_id": "10102062", "site_name": "Lakeshore Mine", "dev_stat": "Past Producer", "code_list": " AU AS ", "target_commodity": "Gold", "lon": -112.11893, "lat": 45.58434 }, "geometry": { "type": "Point", "coordinates": [ -112.11893, 45.58434 ] } },
{ "type": "Feature", "properties": { "dep_id": "10102063", "site_name": "Stella Mine", "dev_stat": "Past Producer", "code_list": " AU ", "target_commodity": "Gold", "lon": -112.34394, "lat": 45.67712 }, "geometry": { "type": "Point", "coordinates": [ -112.34394, 45.67712 ] } },
{ "type": "Feature", "properties": { "dep_id": "10102064", "site_name": "Champion Mine", "dev_stat": "Past Producer", "code_list": " AU AS ", "target_commodity": "Gold", "lon": -112.50921, "lat": 45.61657 }, "geometry": { "type": "Point", "coordinates": [ -112.50921, 45.61657 ] } },
{ "type": "Feature", "properties": { "dep_id": "10102065", "site_name": "Buffalo Mine", "dev_stat": "Past Producer", "code_list": " AU ", "target_commodity": "Gold", "lon": -112.48144, "lat": 45.62018 }, "geometry": { "type": "Point", "coordinates": [ -112.48144, 45.62018 ] } },
{ "type": "Feature", "properties": { "dep_id": "10105636", "site_name": "Green Campbell Group", "dev_stat": "Past Producer", "code_list": " AU AG ", "target_commodity": "Gold", "lon": -112.33282, "lat": 45.69573 }, "geometry": { "type": "Point", "coordinates": [ -112.33282, 45.69573 ] } },
{ "type": "Feature", "properties": { "dep_id": "10105641", "site_name": "Smuggler Mine", "dev_stat": "Past Producer", "code_list": " AU AG ", "target_commodity": "Gold", "lon": -112.03919, "lat": 45.4824 }, "geometry": { "type": "Point", "coordinates": [ -112.03919, 45.4824 ] } },
{ "type": "Feature", "properties": { "dep_id": "10105642", "site_name": "Bielenberg and Higgins Mine", "dev_stat": "Past Producer", "code_list": " AU ", "target_commodity": "Gold", "lon": -112.13254, "lat": 45.59073 }, "geometry": { "type": "Point", "coordinates": [ -112.13254, 45.59073 ] } },
{ "type": "Feature", "properties": { "dep_id": "10105713", "site_name": "Liverpool Mine", "dev_stat": "Past Producer", "code_list": " AG AU ", "target_commodity": "Gold", "lon": -111.99255, "lat": 46.48796 }, "geometry": { "type": "Point", "coordinates": [ -111.99255, 46.48796 ] } },
{ "type": "Feature", "properties": { "dep_id": "10105714", "site_name": "Comet Mine", "dev_stat": "Past Producer", "code_list": " AU CU U ", "target_commodity": "Gold", "lon": -112.16755, "lat": 46.30962 }, "geometry": { "type": "Point", "coordinates": [ -112.16755, 46.30962 ] } },
{ "type": "Feature", "properties": { "dep_id": "10105715", "site_name": "Stolen Sweets Mine", "dev_stat": "Past Producer", "code_list": " AU CU ", "target_commodity": "Gold", "lon": -111.66865, "lat": 46.43934 }, "geometry": { "type": "Point", "coordinates": [ -111.66865, 46.43934 ] } },
{ "type": "Feature", "properties": { "dep_id": "10105716", "site_name": "Kleinschmidt Mine", "dev_stat": "Past Producer", "code_list": " AG AU ", "target_commodity": "Gold", "lon": -111.71337, "lat": 46.39073 }, "geometry": { "type": "Point", "coordinates": [ -111.71337, 46.39073 ] } },
{ "type": "Feature", "properties": { "dep_id": "10105717", "site_name": "Alder Gulch - Virginia City", "dev_stat": "Past Producer", "code_list": " AU ", "target_commodity": "Gold", "lon": -112.00253, "lat": 45.32379 }, "geometry": { "type": "Point", "coordinates": [ -112.00253, 45.32379 ] } },
{ "type": "Feature", "properties": { "dep_id": "10105719", "site_name": "Argo Mine", "dev_stat": "Past Producer", "code_list": " AU CU ", "target_commodity": "Gold", "lon": -111.58254, "lat": 46.6874 }, "geometry": { "type": "Point", "coordinates": [ -111.58254, 46.6874 ] } },
{ "type": "Feature", "properties": { "dep_id": "10105722", "site_name": "Bullion Mine", "dev_stat": "Past Producer", "code_list": " AG AU U ", "target_commodity": "Gold", "lon": -112.29532, "lat": 46.35601 }, "geometry": { "type": "Point", "coordinates": [ -112.29532, 46.35601 ] } },
{ "type": "Feature", "properties": { "dep_id": "10105989", "site_name": "Lee Mountain", "dev_stat": "Past Producer", "code_list": " AU PB SB ", "target_commodity": "Gold", "lon": -112.25089, "lat": 46.48518 }, "geometry": { "type": "Point", "coordinates": [ -112.25089, 46.48518 ] } },
{ "type": "Feature", "properties": { "dep_id": "10107298", "site_name": "Red Pine Mine", "dev_stat": "Producer", "code_list": " AU ", "target_commodity": "Gold", "lon": -112.08447, "lat": 45.52157 }, "geometry": { "type": "Point", "coordinates": [ -112.08447, 45.52157 ] } },
{ "type": "Feature", "properties": { "dep_id": "10107304", "site_name": "East Pacific Mine", "dev_stat": "Producer", "code_list": " AU PB ", "target_commodity": "Gold", "lon": -111.69976, "lat": 46.42129 }, "geometry": { "type": "Point", "coordinates": [ -111.69976, 46.42129 ] } },
{ "type": "Feature", "properties": { "dep_id": "10107698", "site_name": "Tizer, Wilson Creek", "dev_stat": "Producer", "code_list": " AU ", "target_commodity": "Gold", "lon": -111.85087, "lat": 46.33323 }, "geometry": { "type": "Point", "coordinates": [ -111.85087, 46.33323 ] } },
{ "type": "Feature", "properties": { "dep_id": "10107705", "site_name": "Radersburg", "dev_stat": "Producer", "code_list": " AU ", "target_commodity": "Gold", "lon": -111.66753, "lat": 46.1999 }, "geometry": { "type": "Point", "coordinates": [ -111.66753, 46.1999 ] } },
{ "type": "Feature", "properties": { "dep_id": "10107710", "site_name": "Warm Spring", "dev_stat": "Producer", "code_list": " AU ", "target_commodity": "Gold", "lon": -111.91754, "lat": 46.41657 }, "geometry": { "type": "Point", "coordinates": [ -111.91754, 46.41657 ] } },
{ "type": "Feature", "properties": { "dep_id": "10107713", "site_name": "Park", "dev_stat": "Producer", "code_list": " AU ", "target_commodity": "Gold", "lon": -111.71754, "lat": 46.36657 }, "geometry": { "type": "Point", "coordinates": [ -111.71754, 46.36657 ] } },
{ "type": "Feature", "properties": { "dep_id": "10107923", "site_name": "Lexington", "dev_stat": "Producer", "code_list": " AU ", "target_commodity": "Gold", "lon": -111.76752, "lat": 45.53601 }, "geometry": { "type": "Point", "coordinates": [ -111.76752, 45.53601 ] } },
{ "type": "Feature", "properties": { "dep_id": "10107924", "site_name": "North Lavain", "dev_stat": "Producer", "code_list": " AU ZN ", "target_commodity": "Gold", "lon": -111.95975, "lat": 45.2299 }, "geometry": { "type": "Point", "coordinates": [ -111.95975, 45.2299 ] } },
{ "type": "Feature", "properties": { "dep_id": "10107925", "site_name": "Fork", "dev_stat": "Producer", "code_list": " AU ", "target_commodity": "Gold", "lon": -111.97197, "lat": 45.25934 }, "geometry": { "type": "Point", "coordinates": [ -111.97197, 45.25934 ] } },
{ "type": "Feature", "properties": { "dep_id": "10107926", "site_name": "Montana Boy", "dev_stat": "Producer", "code_list": " AU ", "target_commodity": "Gold", "lon": -111.68363, "lat": 45.51796 }, "geometry": { "type": "Point", "coordinates": [ -111.68363, 45.51796 ] } },
{ "type": "Feature", "properties": { "dep_id": "10107927", "site_name": "Red Bluff", "dev_stat": "Producer", "code_list": " AU ", "target_commodity": "Gold", "lon": -111.64779, "lat": 45.57962 }, "geometry": { "type": "Point", "coordinates": [ -111.64779, 45.57962 ] } },
{ "type": "Feature", "properties": { "dep_id": "10107928", "site_name": "Rosebud", "dev_stat": "Producer", "code_list": " AU ", "target_commodity": "Gold", "lon": -111.75946, "lat": 45.55962 }, "geometry": { "type": "Point", "coordinates": [ -111.75946, 45.55962 ] } },
{ "type": "Feature", "properties": { "dep_id": "10107929", "site_name": "Ben Harrison Fraction", "dev_stat": "Producer", "code_list": " AU ", "target_commodity": "Gold", "lon": -111.97503, "lat": 45.65601 }, "geometry": { "type": "Point", "coordinates": [ -111.97503, 45.65601 ] } },
{ "type": "Feature", "properties": { "dep_id": "10107930", "site_name": "Alameda Mine", "dev_stat": "Producer", "code_list": " AU ", "target_commodity": "Gold", "lon": -111.95919, "lat": 45.28101 }, "geometry": { "type": "Point", "coordinates": [ -111.95919, 45.28101 ] } },
{ "type": "Feature", "properties": { "dep_id": "10107984", "site_name": "Fish Creek Placer", "dev_stat": "Producer", "code_list": " AU ", "target_commodity": "Gold", "lon": -112.45227, "lat": 45.79157 }, "geometry": { "type": "Point", "coordinates": [ -112.45227, 45.79157 ] } },
{ "type": "Feature", "properties": { "dep_id": "10107987", "site_name": "Moonlight Mine", "dev_stat": "Producer", "code_list": " AU ", "target_commodity": "Gold", "lon": -112.33282, "lat": 45.67184 }, "geometry": { "type": "Point", "coordinates": [ -112.33282, 45.67184 ] } },
{ "type": "Feature", "properties": { "dep_id": "10107988", "site_name": "Ramshorn Creek Placer", "dev_stat": "Producer", "code_list": " AU ", "target_commodity": "Gold", "lon": -112.04447, "lat": 45.44434 }, "geometry": { "type": "Point", "coordinates": [ -112.04447, 45.44434 ] } },
{ "type": "Feature", "properties": { "dep_id": "10108005", "site_name": "Kit Carson Mine", "dev_stat": "Producer", "code_list": " AU CU ", "target_commodity": "Gold", "lon": -112.45033, "lat": 46.20268 }, "geometry": { "type": "Point", "coordinates": [ -112.45033, 46.20268 ] } },
{ "type": "Feature", "properties": { "dep_id": "10108482", "site_name": "Barton Creek", "dev_stat": "Producer", "code_list": " AU ", "target_commodity": "Gold", "lon": -112.07336, "lat": 45.21379 }, "geometry": { "type": "Point", "coordinates": [ -112.07336, 45.21379 ] } },
{ "type": "Feature", "properties": { "dep_id": "10108487", "site_name": "Flora Mine", "dev_stat": "Producer", "code_list": " AG AU ", "target_commodity": "Gold", "lon": -112.42145, "lat": 46.49907 }, "geometry": { "type": "Point", "coordinates": [ -112.42145, 46.49907 ] } },
{ "type": "Feature", "properties": { "dep_id": "10108488", "site_name": "Sam Gaty Mine", "dev_stat": "Producer", "code_list": " AU PB ", "target_commodity": "Gold", "lon": -112.07449, "lat": 46.63879 }, "geometry": { "type": "Point", "coordinates": [ -112.07449, 46.63879 ] } },
{ "type": "Feature", "properties": { "dep_id": "10108492", "site_name": "Blue Cloud Mining Co. Property", "dev_stat": "Producer", "code_list": " AU ", "target_commodity": "Gold", "lon": -112.17839, "lat": 46.60823 }, "geometry": { "type": "Point", "coordinates": [ -112.17839, 46.60823 ] } },
{ "type": "Feature", "properties": { "dep_id": "10108493", "site_name": "War Eagle Mine", "dev_stat": "Producer", "code_list": " AU ", "target_commodity": "Gold", "lon": -111.88115, "lat": 46.42073 }, "geometry": { "type": "Point", "coordinates": [ -111.88115, 46.42073 ] } },
{ "type": "Feature", "properties": { "dep_id": "10108497", "site_name": "Blue Vein Mine", "dev_stat": "Producer", "code_list": " AU ", "target_commodity": "Gold", "lon": -112.57895, "lat": 45.98184 }, "geometry": { "type": "Point", "coordinates": [ -112.57895, 45.98184 ] } },
{ "type": "Feature", "properties": { "dep_id": "10108501", "site_name": "Golconda Mine", "dev_stat": "Producer", "code_list": " AU PB AS ", "target_commodity": "Gold", "lon": -112.00226, "lat": 46.33184 }, "geometry": { "type": "Point", "coordinates": [ -112.00226, 46.33184 ] } },
{ "type": "Feature", "properties": { "dep_id": "10108505", "site_name": "Elkador", "dev_stat": "Producer", "code_list": " CU AU SB ", "target_commodity": "Gold", "lon": -112.13977, "lat": 46.36157 }, "geometry": { "type": "Point", "coordinates": [ -112.13977, 46.36157 ] } },
{ "type": "Feature", "properties": { "dep_id": "10108507", "site_name": "Klondyke Mine", "dev_stat": "Producer", "code_list": " AG AU ", "target_commodity": "Gold", "lon": -112.24671, "lat": 46.3374 }, "geometry": { "type": "Point", "coordinates": [ -112.24671, 46.3374 ] } },
{ "type": "Feature", "properties": { "dep_id": "10108508", "site_name": "Marguerita Mine", "dev_stat": "Producer", "code_list": " AU ", "target_commodity": "Gold", "lon": -112.28282, "lat": 46.3024 }, "geometry": { "type": "Point", "coordinates": [ -112.28282, 46.3024 ] } },
{ "type": "Feature", "properties": { "dep_id": "10108509", "site_name": "Homestake Creek and Tributaries", "dev_stat": "Producer", "code_list": " AU ", "target_commodity": "Gold", "lon": -112.40644, "lat": 45.94434 }, "geometry": { "type": "Point", "coordinates": [ -112.40644, 45.94434 ] } },
{ "type": "Feature", "properties": { "dep_id": "10108516", "site_name": "Free Speech Mine", "dev_stat": "Producer", "code_list": " PB AU AS ", "target_commodity": "Gold", "lon": -112.24256, "lat": 46.47407 }, "geometry": { "type": "Point", "coordinates": [ -112.24256, 46.47407 ] } },
{ "type": "Feature", "properties": { "dep_id": "10108520", "site_name": "Bell Mine", "dev_stat": "Producer", "code_list": " AU ", "target_commodity": "Gold", "lon": -111.88115, "lat": 46.42073 }, "geometry": { "type": "Point", "coordinates": [ -111.88115, 46.42073 ] } },
{ "type": "Feature", "properties": { "dep_id": "10108525", "site_name": "Gardner Mine", "dev_stat": "Producer", "code_list": " AU ", "target_commodity": "Gold", "lon": -112.01503, "lat": 45.22379 }, "geometry": { "type": "Point", "coordinates": [ -112.01503, 45.22379 ] } },
{ "type": "Feature", "properties": { "dep_id": "10123486", "site_name": "Dry Cottonwood Creek", "dev_stat": "Occurrence", "code_list": " GEM_SA AU ", "target_commodity": "Gold", "lon": -112.6856, "lat": 46.2141 }, "geometry": { "type": "Point", "coordinates": [ -112.6856, 46.2141 ] } },
{ "type": "Feature", "properties": { "dep_id": "10123493", "site_name": "Montana Gulch", "dev_stat": "Occurrence", "code_list": " AU ", "target_commodity": "Gold", "lon": -111.41056, "lat": 46.61211 }, "geometry": { "type": "Point", "coordinates": [ -111.41056, 46.61211 ] } },
{ "type": "Feature", "properties": { "dep_id": "10123508", "site_name": "Little Olga", "dev_stat": "Occurrence", "code_list": " AU PB ", "target_commodity": "Gold", "lon": -111.71397, "lat": 46.3918 }, "geometry": { "type": "Point", "coordinates": [ -111.71397, 46.3918 ] } },
{ "type": "Feature", "properties": { "dep_id": "10123516", "site_name": "Eagle Mine", "dev_stat": "Past Producer", "code_list": " AU AG ", "target_commodity": "Gold", "lon": -111.73777, "lat": 46.3296 }, "geometry": { "type": "Point", "coordinates": [ -111.73777, 46.3296 ] } },
{ "type": "Feature", "properties": { "dep_id": "10123540", "site_name": "Jib Shaft", "dev_stat": "Past Producer", "code_list": " AU CU ", "target_commodity": "Gold", "lon": -112.27258, "lat": 46.2696 }, "geometry": { "type": "Point", "coordinates": [ -112.27258, 46.2696 ] } },
{ "type": "Feature", "properties": { "dep_id": "10123552", "site_name": "Native Silver", "dev_stat": "Unknown", "code_list": " AU PB ", "target_commodity": "Gold", "lon": -111.72727, "lat": 46.4441 }, "geometry": { "type": "Point", "coordinates": [ -111.72727, 46.4441 ] } },
{ "type": "Feature", "properties": { "dep_id": "10123597", "site_name": "Silver Nugget", "dev_stat": "Prospect", "code_list": " AU CU ", "target_commodity": "Gold", "lon": -111.74146, "lat": 46.148 }, "geometry": { "type": "Point", "coordinates": [ -111.74146, 46.148 ] } },
{ "type": "Feature", "properties": { "dep_id": "10123649", "site_name": "Boulder", "dev_stat": "Past Producer", "code_list": " AU CU ", "target_commodity": "Gold", "lon": -112.28838, "lat": 46.2785 }, "geometry": { "type": "Point", "coordinates": [ -112.28838, 46.2785 ] } },
{ "type": "Feature", "properties": { "dep_id": "10123671", "site_name": "Big Chief", "dev_stat": "Past Producer", "code_list": " AG AU ", "target_commodity": "Gold", "lon": -111.70617, "lat": 46.378 }, "geometry": { "type": "Point", "coordinates": [ -111.70617, 46.378 ] } },
{ "type": "Feature", "properties": { "dep_id": "10123678", "site_name": "Townsend Project", "dev_stat": "Past Producer", "code_list": " AU ", "target_commodity": "Gold", "lon": -111.56196, "lat": 46.3388 }, "geometry": { "type": "Point", "coordinates": [ -111.56196, 46.3388 ] } },
{ "type": "Feature", "properties": { "dep_id": "10123682", "site_name": "Chief", "dev_stat": "Occurrence", "code_list": " AU CU ", "target_commodity": "Gold", "lon": -111.87946, "lat": 45.9257 }, "geometry": { "type": "Point", "coordinates": [ -111.87946, 45.9257 ] } },
{ "type": "Feature", "properties": { "dep_id": "10123695", "site_name": "Oro Fino Mine", "dev_stat": "Prospect", "code_list": " AU FE ", "target_commodity": "Gold", "lon": -112.83619, "lat": 45.3924 }, "geometry": { "type": "Point", "coordinates": [ -112.83619, 45.3924 ] } },
{ "type": "Feature", "properties": { "dep_id": "10123710", "site_name": "Diamond", "dev_stat": "Prospect", "code_list": " AU CU ", "target_commodity": "Gold", "lon": -111.74146, "lat": 46.148 }, "geometry": { "type": "Point", "coordinates": [ -111.74146, 46.148 ] } },
{ "type": "Feature", "properties": { "dep_id": "10123722", "site_name": "Rumley Pit", "dev_stat": "Past Producer", "code_list": " PB AU ", "target_commodity": "Gold", "lon": -112.17588, "lat": 46.3105 }, "geometry": { "type": "Point", "coordinates": [ -112.17588, 46.3105 ] } },
{ "type": "Feature", "properties": { "dep_id": "10123730", "site_name": "Rena", "dev_stat": "Occurrence", "code_list": " AU PB ", "target_commodity": "Gold", "lon": -111.65776, "lat": 46.2002 }, "geometry": { "type": "Point", "coordinates": [ -111.65776, 46.2002 ] } },
{ "type": "Feature", "properties": { "dep_id": "10123777", "site_name": "Buckeye", "dev_stat": "Unknown", "code_list": " PB AU ", "target_commodity": "Gold", "lon": -111.67336, "lat": 46.3471 }, "geometry": { "type": "Point", "coordinates": [ -111.67336, 46.3471 ] } },
{ "type": "Feature", "properties": { "dep_id": "10123805", "site_name": "Townsend Mine", "dev_stat": "Past Producer", "code_list": " AU ", "target_commodity": "Gold", "lon": -111.61916, "lat": 46.3246 }, "geometry": { "type": "Point", "coordinates": [ -111.61916, 46.3246 ] } },
{ "type": "Feature", "properties": { "dep_id": "10123835", "site_name": "Cyclone", "dev_stat": "Prospect", "code_list": " AU ", "target_commodity": "Gold", "lon": -111.68026, "lat": 46.1666 }, "geometry": { "type": "Point", "coordinates": [ -111.68026, 46.1666 ] } },
{ "type": "Feature", "properties": { "dep_id": "10123842", "site_name": "Gold Butte", "dev_stat": "Unknown", "code_list": " AU ", "target_commodity": "Gold", "lon": -111.65086, "lat": 46.1141 }, "geometry": { "type": "Point", "coordinates": [ -111.65086, 46.1141 ] } },
{ "type": "Feature", "properties": { "dep_id": "10123852", "site_name": "Loomis Mine", "dev_stat": "Unknown", "code_list": " AU CU ", "target_commodity": "Gold", "lon": -111.73557, "lat": 46.273 }, "geometry": { "type": "Point", "coordinates": [ -111.73557, 46.273 ] } },
{ "type": "Feature", "properties": { "dep_id": "10123868", "site_name": "Billie Toten", "dev_stat": "Prospect", "code_list": " AU PB ", "target_commodity": "Gold", "lon": -112.19168, "lat": 46.3566 }, "geometry": { "type": "Point", "coordinates": [ -112.19168, 46.3566 ] } },
{ "type": "Feature", "properties": { "dep_id": "10123923", "site_name": "Golden Hope No.1 and No.2 Prospect", "dev_stat": "Prospect", "code_list": " AU AG ", "target_commodity": "Gold", "lon": -111.74417, "lat": 46.3457 }, "geometry": { "type": "Point", "coordinates": [ -111.74417, 46.3457 ] } },
{ "type": "Feature", "properties": { "dep_id": "10123957", "site_name": "Last Chance Prospect", "dev_stat": "Occurrence", "code_list": " AU CU ", "target_commodity": "Gold", "lon": -111.66836, "lat": 46.3132 }, "geometry": { "type": "Point", "coordinates": [ -111.66836, 46.3132 ] } },
{ "type": "Feature", "properties": { "dep_id": "10123989", "site_name": "Congress", "dev_stat": "Past Producer", "code_list": " AU PB ", "target_commodity": "Gold", "lon": -111.67776, "lat": 46.1821 }, "geometry": { "type": "Point", "coordinates": [ -111.67776, 46.1821 ] } },
{ "type": "Feature", "properties": { "dep_id": "10124011", "site_name": "Lilly Mine", "dev_stat": "Past Producer", "code_list": " AU ", "target_commodity": "Gold", "lon": -111.60476, "lat": 46.4105 }, "geometry": { "type": "Point", "coordinates": [ -111.60476, 46.4105 ] } },
{ "type": "Feature", "properties": { "dep_id": "10124065", "site_name": "Swissmont", "dev_stat": "Past Producer", "code_list": " AU ", "target_commodity": "Gold", "lon": -111.94417, "lat": 46.2738 }, "geometry": { "type": "Point", "coordinates": [ -111.94417, 46.2738 ] } },
{ "type": "Feature", "properties": { "dep_id": "10124116", "site_name": "Blackwell", "dev_stat": "Past Producer", "code_list": " AU ", "target_commodity": "Gold", "lon": -112.41308, "lat": 45.9632 }, "geometry": { "type": "Point", "coordinates": [ -112.41308, 45.9632 ] } },
{ "type": "Feature", "properties": { "dep_id": "10124166", "site_name": "West Fork Gallatin River Placers", "dev_stat": "Past Producer", "code_list": " AU ", "target_commodity": "Gold", "lon": -111.26893, "lat": 45.25961 }, "geometry": { "type": "Point", "coordinates": [ -111.26893, 45.25961 ] } },
{ "type": "Feature", "properties": { "dep_id": "10124171", "site_name": "Radersburg Mill", "dev_stat": "Plant", "code_list": " AU ", "target_commodity": "Gold", "lon": -111.61446, "lat": 46.171 }, "geometry": { "type": "Point", "coordinates": [ -111.61446, 46.171 ] } },
{ "type": "Feature", "properties": { "dep_id": "10124179", "site_name": "Berlin Mine", "dev_stat": "Prospect", "code_list": " PB AU ", "target_commodity": "Gold", "lon": -112.70259, "lat": 45.673 }, "geometry": { "type": "Point", "coordinates": [ -112.70259, 45.673 ] } },
{ "type": "Feature", "properties": { "dep_id": "10124236", "site_name": "Little Joe-Hazel Claim", "dev_stat": "Unknown", "code_list": " AU AG ", "target_commodity": "Gold", "lon": -112.46728, "lat": 45.8127 }, "geometry": { "type": "Point", "coordinates": [ -112.46728, 45.8127 ] } },
{ "type": "Feature", "properties": { "dep_id": "10124242", "site_name": "Ada", "dev_stat": "Past Producer", "code_list": " PB AU ", "target_commodity": "Gold", "lon": -112.25368, "lat": 46.3618 }, "geometry": { "type": "Point", "coordinates": [ -112.25368, 46.3618 ] } },
{ "type": "Feature", "properties": { "dep_id": "10124244", "site_name": "Lone Star Prospect", "dev_stat": "Prospect", "code_list": " AU CU ", "target_commodity": "Gold", "lon": -112.18307, "lat": 45.543 }, "geometry": { "type": "Point", "coordinates": [ -112.18307, 45.543 ] } },
{ "type": "Feature", "properties": { "dep_id": "10124248", "site_name": "Silver-Copper Mining Co", "dev_stat": "Past Producer", "code_list": " AU CU ", "target_commodity": "Gold", "lon": -112.05838, "lat": 46.6652 }, "geometry": { "type": "Point", "coordinates": [ -112.05838, 46.6652 ] } },
{ "type": "Feature", "properties": { "dep_id": "10124252", "site_name": "Lost Hatchet", "dev_stat": "Unknown", "code_list": " AU CU ", "target_commodity": "Gold", "lon": -112.24228, "lat": 45.9577 }, "geometry": { "type": "Point", "coordinates": [ -112.24228, 45.9577 ] } },
{ "type": "Feature", "properties": { "dep_id": "10124255", "site_name": "Picard", "dev_stat": "Prospect", "code_list": " AU ", "target_commodity": "Gold", "lon": -112.49618, "lat": 45.6349 }, "geometry": { "type": "Point", "coordinates": [ -112.49618, 45.6349 ] } },
{ "type": "Feature", "properties": { "dep_id": "10124256", "site_name": "Tidal Wave", "dev_stat": "Past Producer", "code_list": " AU PB ", "target_commodity": "Gold", "lon": -112.22777, "lat": 45.5499 }, "geometry": { "type": "Point", "coordinates": [ -112.22777, 45.5499 ] } },
{ "type": "Feature", "properties": { "dep_id": "10124262", "site_name": "Baccharat Mine", "dev_stat": "Unknown", "code_list": " AU CU ", "target_commodity": "Gold", "lon": -112.32917, "lat": 45.6621 }, "geometry": { "type": "Point", "coordinates": [ -112.32917, 45.6621 ] } },
{ "type": "Feature", "properties": { "dep_id": "10124263", "site_name": "Bi-Metallic", "dev_stat": "Past Producer", "code_list": " AU CU ", "target_commodity": "Gold", "lon": -112.20648, "lat": 46.0152 }, "geometry": { "type": "Point", "coordinates": [ -112.20648, 46.0152 ] } },
{ "type": "Feature", "properties": { "dep_id": "10124265", "site_name": "Spring Hill Mine", "dev_stat": "Unknown", "code_list": " AU CU ", "target_commodity": "Gold", "lon": -112.11088, "lat": 46.5499 }, "geometry": { "type": "Point", "coordinates": [ -112.11088, 46.5499 ] } },
{ "type": "Feature", "properties": { "dep_id": "10124266", "site_name": "Sandstorm Mine", "dev_stat": "Prospect", "code_list": " AU CU ", "target_commodity": "Gold", "lon": -112.08696, "lat": 45.4518 }, "geometry": { "type": "Point", "coordinates": [ -112.08696, 45.4518 ] } },
{ "type": "Feature", "properties": { "dep_id": "10124271", "site_name": "Mainstreet", "dev_stat": "Prospect", "code_list": " AU CU ", "target_commodity": "Gold", "lon": -112.18807, "lat": 45.5388 }, "geometry": { "type": "Point", "coordinates": [ -112.18807, 45.5388 ] } },
{ "type": "Feature", "properties": { "dep_id": "10124277", "site_name": "Unnamed Gold Deposit", "dev_stat": "Occurrence", "code_list": " AU ", "target_commodity": "Gold", "lon": -112.11446, "lat": 45.4438 }, "geometry": { "type": "Point", "coordinates": [ -112.11446, 45.4438 ] } },
{ "type": "Feature", "properties": { "dep_id": "10124280", "site_name": "Zalinski Prospect", "dev_stat": "Prospect", "code_list": " AU PB ", "target_commodity": "Gold", "lon": -111.90727, "lat": 46.3518 }, "geometry": { "type": "Point", "coordinates": [ -111.90727, 46.3518 ] } },
{ "type": "Feature", "properties": { "dep_id": "10124299", "site_name": "Emma Miller", "dev_stat": "Past Producer", "code_list": " AU AG ", "target_commodity": "Gold", "lon": -112.33259, "lat": 46.7877 }, "geometry": { "type": "Point", "coordinates": [ -112.33259, 46.7877 ] } },
{ "type": "Feature", "properties": { "dep_id": "10124301", "site_name": "Ella Mine", "dev_stat": "Past Producer", "code_list": " AU PB ", "target_commodity": "Gold", "lon": -112.18807, "lat": 45.5421 }, "geometry": { "type": "Point", "coordinates": [ -112.18807, 45.5421 ] } },
{ "type": "Feature", "properties": { "dep_id": "10124302", "site_name": "Unnamed Mine", "dev_stat": "Prospect", "code_list": " AU AG ", "target_commodity": "Gold", "lon": -112.02446, "lat": 45.4171 }, "geometry": { "type": "Point", "coordinates": [ -112.02446, 45.4171 ] } },
{ "type": "Feature", "properties": { "dep_id": "10124315", "site_name": "Aurora", "dev_stat": "Past Producer", "code_list": " AU PB ", "target_commodity": "Gold", "lon": -112.33668, "lat": 45.6846 }, "geometry": { "type": "Point", "coordinates": [ -112.33668, 45.6846 ] } },
{ "type": "Feature", "properties": { "dep_id": "10124320", "site_name": "Bonanza Fraction", "dev_stat": "Past Producer", "code_list": " AU CU ", "target_commodity": "Gold", "lon": -112.09087, "lat": 45.7874 }, "geometry": { "type": "Point", "coordinates": [ -112.09087, 45.7874 ] } },
{ "type": "Feature", "properties": { "dep_id": "10124323", "site_name": "Hatfield Mine", "dev_stat": "Past Producer", "code_list": " AU CU ", "target_commodity": "Gold", "lon": -111.89896, "lat": 45.4535 }, "geometry": { "type": "Point", "coordinates": [ -111.89896, 45.4535 ] } },
{ "type": "Feature", "properties": { "dep_id": "10124333", "site_name": "Carver Tailings", "dev_stat": "Past Producer", "code_list": " AU CU ", "target_commodity": "Gold", "lon": -112.47779, "lat": 45.9968 }, "geometry": { "type": "Point", "coordinates": [ -112.47779, 45.9968 ] } },
{ "type": "Feature", "properties": { "dep_id": "10124341", "site_name": "Pedro", "dev_stat": "Past Producer", "code_list": " PB AU ", "target_commodity": "Gold", "lon": -112.00366, "lat": 45.4966 }, "geometry": { "type": "Point", "coordinates": [ -112.00366, 45.4966 ] } },
{ "type": "Feature", "properties": { "dep_id": "10124349", "site_name": "Union Mine", "dev_stat": "Past Producer", "code_list": " AU ", "target_commodity": "Gold", "lon": -112.19867, "lat": 45.5185 }, "geometry": { "type": "Point", "coordinates": [ -112.19867, 45.5185 ] } },
{ "type": "Feature", "properties": { "dep_id": "10124362", "site_name": "Nw Se S26", "dev_stat": "Past Producer", "code_list": " AU ", "target_commodity": "Gold", "lon": -112.17917, "lat": 45.5471 }, "geometry": { "type": "Point", "coordinates": [ -112.17917, 45.5471 ] } },
{ "type": "Feature", "properties": { "dep_id": "10124369", "site_name": "Camp Robber Placer", "dev_stat": "Past Producer", "code_list": " AU ", "target_commodity": "Gold", "lon": -111.21115, "lat": 46.52491 }, "geometry": { "type": "Point", "coordinates": [ -111.21115, 46.52491 ] } },
{ "type": "Feature", "properties": { "dep_id": "10124370", "site_name": "Norris Comstock", "dev_stat": "Unknown", "code_list": " AU ", "target_commodity": "Gold", "lon": -111.69005, "lat": 45.5755 }, "geometry": { "type": "Point", "coordinates": [ -111.69005, 45.5755 ] } },
{ "type": "Feature", "properties": { "dep_id": "10124378", "site_name": "Broad Guage Mine", "dev_stat": "Past Producer", "code_list": " AU AG ", "target_commodity": "Gold", "lon": -112.13527, "lat": 45.4821 }, "geometry": { "type": "Point", "coordinates": [ -112.13527, 45.4821 ] } },
{ "type": "Feature", "properties": { "dep_id": "10124384", "site_name": "Golden Assets Mine", "dev_stat": "Past Producer", "code_list": " AU AG CU ", "target_commodity": "Gold", "lon": -112.25648, "lat": 46.3305 }, "geometry": { "type": "Point", "coordinates": [ -112.25648, 46.3305 ] } },
{ "type": "Feature", "properties": { "dep_id": "10124394", "site_name": "Thomas Cruse", "dev_stat": "Occurrence", "code_list": " AG AU ", "target_commodity": "Gold", "lon": -111.83057, "lat": 46.4724 }, "geometry": { "type": "Point", "coordinates": [ -111.83057, 46.4724 ] } },
{ "type": "Feature", "properties": { "dep_id": "10124402", "site_name": "Blue Moose", "dev_stat": "Occurrence", "code_list": " AU ", "target_commodity": "Gold", "lon": -112.01007, "lat": 45.9032 }, "geometry": { "type": "Point", "coordinates": [ -112.01007, 45.9032 ] } },
{ "type": "Feature", "properties": { "dep_id": "10124408", "site_name": "Anything Mine", "dev_stat": "Past Producer", "code_list": " AU CU ", "target_commodity": "Gold", "lon": -112.48118, "lat": 45.613 }, "geometry": { "type": "Point", "coordinates": [ -112.48118, 45.613 ] } },
{ "type": "Feature", "properties": { "dep_id": "10124409", "site_name": "Elk No. 1 Placer", "dev_stat": "Prospect", "code_list": " AU ", "target_commodity": "Gold", "lon": -111.85807, "lat": 46.338 }, "geometry": { "type": "Point", "coordinates": [ -111.85807, 46.338 ] } },
{ "type": "Feature", "properties": { "dep_id": "10124411", "site_name": "Creden Mines", "dev_stat": "Occurrence", "code_list": " AU ", "target_commodity": "Gold", "lon": -112.26308, "lat": 46.2727 }, "geometry": { "type": "Point", "coordinates": [ -112.26308, 46.2727 ] } },
{ "type": "Feature", "properties": { "dep_id": "10124418", "site_name": "Hill Top Mine", "dev_stat": "Past Producer", "code_list": " AU CU ", "target_commodity": "Gold", "lon": -111.97586, "lat": 45.2499 }, "geometry": { "type": "Point", "coordinates": [ -111.97586, 45.2499 ] } },
{ "type": "Feature", "properties": { "dep_id": "10124423", "site_name": "Pollinger Mine", "dev_stat": "Unknown", "code_list": " AU AG ", "target_commodity": "Gold", "lon": -112.30777, "lat": 45.6927 }, "geometry": { "type": "Point", "coordinates": [ -112.30777, 45.6927 ] } },
{ "type": "Feature", "properties": { "dep_id": "10124433", "site_name": "Big Major Mine", "dev_stat": "Past Producer", "code_list": " AU AG ", "target_commodity": "Gold", "lon": -112.24058, "lat": 46.1066 }, "geometry": { "type": "Point", "coordinates": [ -112.24058, 46.1066 ] } },
{ "type": "Feature", "properties": { "dep_id": "10124448", "site_name": "Ophir Creek", "dev_stat": "Past Producer", "code_list": " AU ", "target_commodity": "Gold", "lon": -112.4917, "lat": 46.7057 }, "geometry": { "type": "Point", "coordinates": [ -112.4917, 46.7057 ] } },
{ "type": "Feature", "properties": { "dep_id": "10124452", "site_name": "Hubcamp", "dev_stat": "Past Producer", "code_list": " AU ", "target_commodity": "Gold", "lon": -112.36059, "lat": 46.4821 }, "geometry": { "type": "Point", "coordinates": [ -112.36059, 46.4821 ] } },
{ "type": "Feature", "properties": { "dep_id": "10124459", "site_name": "Longfellow Mine", "dev_stat": "Past Producer", "code_list": " AU CU ", "target_commodity": "Gold", "lon": -112.50758, "lat": 45.603 }, "geometry": { "type": "Point", "coordinates": [ -112.50758, 45.603 ] } },
{ "type": "Feature", "properties": { "dep_id": "10124463", "site_name": "Colorado Mine", "dev_stat": "Past Producer", "code_list": " AU AG ", "target_commodity": "Gold", "lon": -112.08697, "lat": 45.7841 }, "geometry": { "type": "Point", "coordinates": [ -112.08697, 45.7841 ] } },
{ "type": "Feature", "properties": { "dep_id": "10124464", "site_name": "Ida", "dev_stat": "Past Producer", "code_list": " PB AU ", "target_commodity": "Gold", "lon": -111.84337, "lat": 46.0816 }, "geometry": { "type": "Point", "coordinates": [ -111.84337, 46.0816 ] } },
{ "type": "Feature", "properties": { "dep_id": "10124476", "site_name": "American Pit", "dev_stat": "Past Producer", "code_list": " AU CU ", "target_commodity": "Gold", "lon": -112.33868, "lat": 45.6532 }, "geometry": { "type": "Point", "coordinates": [ -112.33868, 45.6532 ] } },
{ "type": "Feature", "properties": { "dep_id": "10124487", "site_name": "Morning Glory", "dev_stat": "Occurrence", "code_list": " AU ", "target_commodity": "Gold", "lon": -112.39588, "lat": 45.9532 }, "geometry": { "type": "Point", "coordinates": [ -112.39588, 45.9532 ] } },
{ "type": "Feature", "properties": { "dep_id": "10124489", "site_name": "Hector", "dev_stat": "Prospect", "code_list": " AU AG ", "target_commodity": "Gold", "lon": -112.28058, "lat": 46.2938 }, "geometry": { "type": "Point", "coordinates": [ -112.28058, 46.2938 ] } },
{ "type": "Feature", "properties": { "dep_id": "10124495", "site_name": "Sheridan", "dev_stat": "Past Producer", "code_list": " AU AG PB ", "target_commodity": "Gold", "lon": -112.12087, "lat": 45.5488 }, "geometry": { "type": "Point", "coordinates": [ -112.12087, 45.5488 ] } },
{ "type": "Feature", "properties": { "dep_id": "10124501", "site_name": "Iron King Mine", "dev_stat": "Prospect", "code_list": " AU W ", "target_commodity": "Gold", "lon": -112.00616, "lat": 45.5799 }, "geometry": { "type": "Point", "coordinates": [ -112.00616, 45.5799 ] } },
{ "type": "Feature", "properties": { "dep_id": "10124503", "site_name": "Topeka", "dev_stat": "Past Producer", "code_list": " AU AG ", "target_commodity": "Gold", "lon": -112.16477, "lat": 45.5635 }, "geometry": { "type": "Point", "coordinates": [ -112.16477, 45.5635 ] } },
{ "type": "Feature", "properties": { "dep_id": "10124508", "site_name": "Scratchgravel Gold", "dev_stat": "Unknown", "code_list": " AU ", "target_commodity": "Gold", "lon": -112.06648, "lat": 46.6374 }, "geometry": { "type": "Point", "coordinates": [ -112.06648, 46.6374 ] } },
{ "type": "Feature", "properties": { "dep_id": "10124511", "site_name": "Queen Ann Claim", "dev_stat": "Prospect", "code_list": " AU PB ", "target_commodity": "Gold", "lon": -111.91867, "lat": 46.296 }, "geometry": { "type": "Point", "coordinates": [ -111.91867, 46.296 ] } },
{ "type": "Feature", "properties": { "dep_id": "10124512", "site_name": "Atlantic and Pacific Mine", "dev_stat": "Past Producer", "code_list": " AU CU ", "target_commodity": "Gold", "lon": -111.98476, "lat": 45.648 }, "geometry": { "type": "Point", "coordinates": [ -111.98476, 45.648 ] } },
{ "type": "Feature", "properties": { "dep_id": "10124538", "site_name": "North Louise Prospect", "dev_stat": "Prospect", "code_list": " AU CU ", "target_commodity": "Gold", "lon": -111.93227, "lat": 46.2957 }, "geometry": { "type": "Point", "coordinates": [ -111.93227, 46.2957 ] } },
{ "type": "Feature", "properties": { "dep_id": "10124542", "site_name": "Glowing Star Placer", "dev_stat": "Unknown", "code_list": " AU ", "target_commodity": "Gold", "lon": -112.39698, "lat": 45.9538 }, "geometry": { "type": "Point", "coordinates": [ -112.39698, 45.9538 ] } },
{ "type": "Feature", "properties": { "dep_id": "10124545", "site_name": "Sunset", "dev_stat": "Past Producer", "code_list": " AU CU ", "target_commodity": "Gold", "lon": -112.45869, "lat": 46.0418 }, "geometry": { "type": "Point", "coordinates": [ -112.45869, 46.0418 ] } },
{ "type": "Feature", "properties": { "dep_id": "10124559", "site_name": "Ballarat Mine", "dev_stat": "Past Producer", "code_list": " AU ", "target_commodity": "Gold", "lon": -112.48508, "lat": 45.7905 }, "geometry": { "type": "Point", "coordinates": [ -112.48508, 45.7905 ] } },
{ "type": "Feature", "properties": { "dep_id": "10124562", "site_name": "Mt Heagan", "dev_stat": "Past Producer", "code_list": " AU ", "target_commodity": "Gold", "lon": -111.96697, "lat": 46.281 }, "geometry": { "type": "Point", "coordinates": [ -111.96697, 46.281 ] } },
{ "type": "Feature", "properties": { "dep_id": "10124567", "site_name": "Barter", "dev_stat": "Past Producer", "code_list": " AU CU ", "target_commodity": "Gold", "lon": -111.70805, "lat": 45.5755 }, "geometry": { "type": "Point", "coordinates": [ -111.70805, 45.5755 ] } },
{ "type": "Feature", "properties": { "dep_id": "10124569", "site_name": "Borderline Prospect", "dev_stat": "Occurrence", "code_list": " AU ", "target_commodity": "Gold", "lon": -111.87647, "lat": 46.4118 }, "geometry": { "type": "Point", "coordinates": [ -111.87647, 46.4118 ] } },
{ "type": "Feature", "properties": { "dep_id": "10124570", "site_name": "Florence Group", "dev_stat": "Past Producer", "code_list": " AU AG ", "target_commodity": "Gold", "lon": -112.02307, "lat": 45.9257 }, "geometry": { "type": "Point", "coordinates": [ -112.02307, 45.9257 ] } },
{ "type": "Feature", "properties": { "dep_id": "10124574", "site_name": "Hardluck", "dev_stat": "Occurrence", "code_list": " AU ", "target_commodity": "Gold", "lon": -112.36979, "lat": 46.4293 }, "geometry": { "type": "Point", "coordinates": [ -112.36979, 46.4293 ] } },
{ "type": "Feature", "properties": { "dep_id": "10124589", "site_name": "Thursday Prospect", "dev_stat": "Prospect", "code_list": " AU PB ", "target_commodity": "Gold", "lon": -112.5467, "lat": 46.30896 }, "geometry": { "type": "Point", "coordinates": [ -112.5467, 46.30896 ] } },
{ "type": "Feature", "properties": { "dep_id": "10124590", "site_name": "Mountain Flower Mine", "dev_stat": "Past Producer", "code_list": " AU AG ", "target_commodity": "Gold", "lon": -111.97396, "lat": 45.2699 }, "geometry": { "type": "Point", "coordinates": [ -111.97396, 45.2699 ] } },
{ "type": "Feature", "properties": { "dep_id": "10124595", "site_name": "San Juan", "dev_stat": "Past Producer", "code_list": " AU CU ", "target_commodity": "Gold", "lon": -112.05168, "lat": 46.5507 }, "geometry": { "type": "Point", "coordinates": [ -112.05168, 46.5507 ] } },
{ "type": "Feature", "properties": { "dep_id": "10124597", "site_name": "Billy Mine", "dev_stat": "Unknown", "code_list": " AU AG ", "target_commodity": "Gold", "lon": -111.75555, "lat": 45.5702 }, "geometry": { "type": "Point", "coordinates": [ -111.75555, 45.5702 ] } },
{ "type": "Feature", "properties": { "dep_id": "10124602", "site_name": "Pete and Joe", "dev_stat": "Past Producer", "code_list": " AU CU ", "target_commodity": "Gold", "lon": -112.13147, "lat": 45.591 }, "geometry": { "type": "Point", "coordinates": [ -112.13147, 45.591 ] } },
{ "type": "Feature", "properties": { "dep_id": "10124606", "site_name": "Colorado Tailings", "dev_stat": "Past Producer", "code_list": " AU CU ", "target_commodity": "Gold", "lon": -112.56059, "lat": 45.9932 }, "geometry": { "type": "Point", "coordinates": [ -112.56059, 45.9932 ] } },
{ "type": "Feature", "properties": { "dep_id": "10124621", "site_name": "Little Pipestone Creek Placer", "dev_stat": "Past Producer", "code_list": " AU ", "target_commodity": "Gold", "lon": -112.25758, "lat": 45.8516 }, "geometry": { "type": "Point", "coordinates": [ -112.25758, 45.8516 ] } },
{ "type": "Feature", "properties": { "dep_id": "10124622", "site_name": "Quartz Hill Mine", "dev_stat": "Prospect", "code_list": " AU ", "target_commodity": "Gold", "lon": -112.05226, "lat": 45.4985 }, "geometry": { "type": "Point", "coordinates": [ -112.05226, 45.4985 ] } },
{ "type": "Feature", "properties": { "dep_id": "10124624", "site_name": "Black Ace", "dev_stat": "Past Producer", "code_list": " AU PB ", "target_commodity": "Gold", "lon": -112.19697, "lat": 45.5346 }, "geometry": { "type": "Point", "coordinates": [ -112.19697, 45.5346 ] } },
{ "type": "Feature", "properties": { "dep_id": "10124634", "site_name": "Skookum", "dev_stat": "Occurrence", "code_list": " AU CU ", "target_commodity": "Gold", "lon": -111.87477, "lat": 46.4602 }, "geometry": { "type": "Point", "coordinates": [ -111.87477, 46.4602 ] } },
{ "type": "Feature", "properties": { "dep_id": "10124635", "site_name": "Unnamed Mine", "dev_stat": "Unknown", "code_list": " PB AU ", "target_commodity": "Gold", "lon": -112.20558, "lat": 46.441 }, "geometry": { "type": "Point", "coordinates": [ -112.20558, 46.441 ] } },
{ "type": "Feature", "properties": { "dep_id": "10124636", "site_name": "Jumbo", "dev_stat": "Past Producer", "code_list": " AG AU ", "target_commodity": "Gold", "lon": -112.63309, "lat": 46.1482 }, "geometry": { "type": "Point", "coordinates": [ -112.63309, 46.1482 ] } },
{ "type": "Feature", "properties": { "dep_id": "10124642", "site_name": "McKee Mine", "dev_stat": "Prospect", "code_list": " AU AG ", "target_commodity": "Gold", "lon": -111.92026, "lat": 45.4746 }, "geometry": { "type": "Point", "coordinates": [ -111.92026, 45.4746 ] } },
{ "type": "Feature", "properties": { "dep_id": "10124648", "site_name": "Beulah Mine", "dev_stat": "Past Producer", "code_list": " AU AG ", "target_commodity": "Gold", "lon": -111.99756, "lat": 45.5057 }, "geometry": { "type": "Point", "coordinates": [ -111.99756, 45.5057 ] } },
{ "type": "Feature", "properties": { "dep_id": "10124651", "site_name": "Red Bell", "dev_stat": "Prospect", "code_list": " AU AG ", "target_commodity": "Gold", "lon": -112.16757, "lat": 45.5618 }, "geometry": { "type": "Point", "coordinates": [ -112.16757, 45.5618 ] } },
{ "type": "Feature", "properties": { "dep_id": "10124654", "site_name": "High Up", "dev_stat": "Past Producer", "code_list": " AU CU ", "target_commodity": "Gold", "lon": -111.93196, "lat": 45.2213 }, "geometry": { "type": "Point", "coordinates": [ -111.93196, 45.2213 ] } },
{ "type": "Feature", "properties": { "dep_id": "10124655", "site_name": "Elgin Mine", "dev_stat": "Unknown", "code_list": " AU AG ", "target_commodity": "Gold", "lon": -112.49508, "lat": 45.6249 }, "geometry": { "type": "Point", "coordinates": [ -112.49508, 45.6249 ] } },
{ "type": "Feature", "properties": { "dep_id": "10124663", "site_name": "Lawson", "dev_stat": "Unknown", "code_list": " AU AG ", "target_commodity": "Gold", "lon": -111.97366, "lat": 45.2135 }, "geometry": { "type": "Point", "coordinates": [ -111.97366, 45.2135 ] } },
{ "type": "Feature", "properties": { "dep_id": "10124665", "site_name": "Beverly Group", "dev_stat": "Past Producer", "code_list": " AU AG ", "target_commodity": "Gold", "lon": -112.37028, "lat": 45.678 }, "geometry": { "type": "Point", "coordinates": [ -112.37028, 45.678 ] } },
{ "type": "Feature", "properties": { "dep_id": "10124673", "site_name": "Telegraph Creek Placer Mine", "dev_stat": "Unknown", "code_list": " AU ", "target_commodity": "Gold", "lon": -112.37699, "lat": 46.4893 }, "geometry": { "type": "Point", "coordinates": [ -112.37699, 46.4893 ] } },
{ "type": "Feature", "properties": { "dep_id": "10124675", "site_name": "Butte & Philadelphia", "dev_stat": "Occurrence", "code_list": " AU CU ", "target_commodity": "Gold", "lon": -112.40169, "lat": 46.1866 }, "geometry": { "type": "Point", "coordinates": [ -112.40169, 46.1866 ] } },
{ "type": "Feature", "properties": { "dep_id": "10124682", "site_name": "Lakeview", "dev_stat": "Unknown", "code_list": " AU CU ", "target_commodity": "Gold", "lon": -112.08867, "lat": 45.6024 }, "geometry": { "type": "Point", "coordinates": [ -112.08867, 45.6024 ] } },
{ "type": "Feature", "properties": { "dep_id": "10124692", "site_name": "Hamilton", "dev_stat": "Prospect", "code_list": " AU CU ", "target_commodity": "Gold", "lon": -112.16117, "lat": 45.601 }, "geometry": { "type": "Point", "coordinates": [ -112.16117, 45.601 ] } },
{ "type": "Feature", "properties": { "dep_id": "10124701", "site_name": "Unnamed", "dev_stat": "Prospect", "code_list": " AU AG ", "target_commodity": "Gold", "lon": -111.90756, "lat": 45.4532 }, "geometry": { "type": "Point", "coordinates": [ -111.90756, 45.4532 ] } },
{ "type": "Feature", "properties": { "dep_id": "10124705", "site_name": "Towsley", "dev_stat": "Past Producer", "code_list": " AU ", "target_commodity": "Gold", "lon": -112.36869, "lat": 46.7382 }, "geometry": { "type": "Point", "coordinates": [ -112.36869, 46.7382 ] } },
{ "type": "Feature", "properties": { "dep_id": "10124714", "site_name": "Unnamed Mine", "dev_stat": "Prospect", "code_list": " AU CU ", "target_commodity": "Gold", "lon": -112.05526, "lat": 45.5149 }, "geometry": { "type": "Point", "coordinates": [ -112.05526, 45.5149 ] } },
{ "type": "Feature", "properties": { "dep_id": "10124715", "site_name": "Nelson Prospect", "dev_stat": "Prospect", "code_list": " PB AU ", "target_commodity": "Gold", "lon": -112.57199, "lat": 46.3566 }, "geometry": { "type": "Point", "coordinates": [ -112.57199, 46.3566 ] } },
{ "type": "Feature", "properties": { "dep_id": "10124721", "site_name": "Dividend Lode Mine", "dev_stat": "Prospect", "code_list": " AU AG ", "target_commodity": "Gold", "lon": -111.95696, "lat": 45.666 }, "geometry": { "type": "Point", "coordinates": [ -111.95696, 45.666 ] } },
{ "type": "Feature", "properties": { "dep_id": "10124722", "site_name": "Index Mine", "dev_stat": "Unknown", "code_list": " AU CU ", "target_commodity": "Gold", "lon": -112.51618, "lat": 45.613 }, "geometry": { "type": "Point", "coordinates": [ -112.51618, 45.613 ] } },
{ "type": "Feature", "properties": { "dep_id": "10124728", "site_name": "Nellie Grant Mine", "dev_stat": "Past Producer", "code_list": " AU PB ", "target_commodity": "Gold", "lon": -112.20168, "lat": 46.4402 }, "geometry": { "type": "Point", "coordinates": [ -112.20168, 46.4402 ] } },
{ "type": "Feature", "properties": { "dep_id": "10124731", "site_name": "Silver Cord", "dev_stat": "Occurrence", "code_list": " AU ", "target_commodity": "Gold", "lon": -112.24008, "lat": 46.4691 }, "geometry": { "type": "Point", "coordinates": [ -112.24008, 46.4691 ] } },
{ "type": "Feature", "properties": { "dep_id": "10124733", "site_name": "Barton Gulch East Placers", "dev_stat": "Past Producer", "code_list": " AU ", "target_commodity": "Gold", "lon": -111.97976, "lat": 45.2102 }, "geometry": { "type": "Point", "coordinates": [ -111.97976, 45.2102 ] } },
{ "type": "Feature", "properties": { "dep_id": "10124735", "site_name": "Main Range", "dev_stat": "Past Producer", "code_list": " CU AU ", "target_commodity": "Gold", "lon": -112.48509, "lat": 46.0191 }, "geometry": { "type": "Point", "coordinates": [ -112.48509, 46.0191 ] } },
{ "type": "Feature", "properties": { "dep_id": "10124747", "site_name": "Northern Pacific", "dev_stat": "Past Producer", "code_list": " AU PB ", "target_commodity": "Gold", "lon": -112.10918, "lat": 46.3716 }, "geometry": { "type": "Point", "coordinates": [ -112.10918, 46.3716 ] } },
{ "type": "Feature", "properties": { "dep_id": "10124750", "site_name": "Brooks", "dev_stat": "Past Producer", "code_list": " AU ", "target_commodity": "Gold", "lon": -112.49258, "lat": 45.8041 }, "geometry": { "type": "Point", "coordinates": [ -112.49258, 45.8041 ] } },
{ "type": "Feature", "properties": { "dep_id": "10124751", "site_name": "Lump Gulch Placer", "dev_stat": "Past Producer", "code_list": " AU ", "target_commodity": "Gold", "lon": -112.11668, "lat": 46.4452 }, "geometry": { "type": "Point", "coordinates": [ -112.11668, 46.4452 ] } },
{ "type": "Feature", "properties": { "dep_id": "10124754", "site_name": "Unnamed Placer", "dev_stat": "Unknown", "code_list": " AU ", "target_commodity": "Gold", "lon": -112.27868, "lat": 46.3974 }, "geometry": { "type": "Point", "coordinates": [ -112.27868, 46.3974 ] } },
{ "type": "Feature", "properties": { "dep_id": "10124757", "site_name": "Porphyry Dike", "dev_stat": "Unknown", "code_list": " AU ", "target_commodity": "Gold", "lon": -112.28729, "lat": 46.428 }, "geometry": { "type": "Point", "coordinates": [ -112.28729, 46.428 ] } },
{ "type": "Feature", "properties": { "dep_id": "10124761", "site_name": "S.P.Bassett", "dev_stat": "Prospect", "code_list": " AU ", "target_commodity": "Gold", "lon": -112.24448, "lat": 46.4685 }, "geometry": { "type": "Point", "coordinates": [ -112.24448, 46.4685 ] } },
{ "type": "Feature", "properties": { "dep_id": "10124769", "site_name": "Emma", "dev_stat": "Past Producer", "code_list": " PB AU ", "target_commodity": "Gold", "lon": -112.51668, "lat": 45.5982 }, "geometry": { "type": "Point", "coordinates": [ -112.51668, 45.5982 ] } },
{ "type": "Feature", "properties": { "dep_id": "10124772", "site_name": "Gold King Mine", "dev_stat": "Unknown", "code_list": " AU CU ", "target_commodity": "Gold", "lon": -111.98147, "lat": 45.9243 }, "geometry": { "type": "Point", "coordinates": [ -111.98147, 45.9243 ] } },
{ "type": "Feature", "properties": { "dep_id": "10124782", "site_name": "Woodrow Wilson Mine", "dev_stat": "Occurrence", "code_list": " AU AG ", "target_commodity": "Gold", "lon": -112.25698, "lat": 46.4141 }, "geometry": { "type": "Point", "coordinates": [ -112.25698, 46.4141 ] } },
{ "type": "Feature", "properties": { "dep_id": "10124783", "site_name": "Amanda", "dev_stat": "Occurrence", "code_list": " AU ", "target_commodity": "Gold", "lon": -112.33979, "lat": 46.4288 }, "geometry": { "type": "Point", "coordinates": [ -112.33979, 46.4288 ] } },
{ "type": "Feature", "properties": { "dep_id": "10124786", "site_name": "Bourbon", "dev_stat": "Unknown", "code_list": " AU CU ", "target_commodity": "Gold", "lon": -111.19055, "lat": 46.52491 }, "geometry": { "type": "Point", "coordinates": [ -111.19055, 46.52491 ] } },
{ "type": "Feature", "properties": { "dep_id": "10124794", "site_name": "Silver Bar Mine", "dev_stat": "Occurrence", "code_list": " AU PB ", "target_commodity": "Gold", "lon": -112.06528, "lat": 46.6588 }, "geometry": { "type": "Point", "coordinates": [ -112.06528, 46.6588 ] } },
{ "type": "Feature", "properties": { "dep_id": "10124797", "site_name": "Unnamed Gold and Copper", "dev_stat": "Occurrence", "code_list": " CU AU ", "target_commodity": "Gold", "lon": -112.07198, "lat": 46.6818 }, "geometry": { "type": "Point", "coordinates": [ -112.07198, 46.6818 ] } },
{ "type": "Feature", "properties": { "dep_id": "10124806", "site_name": "Unnamed Gold & Silver", "dev_stat": "Occurrence", "code_list": " AU CU ", "target_commodity": "Gold", "lon": -112.23168, "lat": 46.0135 }, "geometry": { "type": "Point", "coordinates": [ -112.23168, 46.0135 ] } },
{ "type": "Feature", "properties": { "dep_id": "10124808", "site_name": "Inspiration Gold", "dev_stat": "Unknown", "code_list": " AU AG ", "target_commodity": "Gold", "lon": -112.16337, "lat": 45.5921 }, "geometry": { "type": "Point", "coordinates": [ -112.16337, 45.5921 ] } },
{ "type": "Feature", "properties": { "dep_id": "10124812", "site_name": "Montana Tunnels/Diamond Hill", "dev_stat": "Plant", "code_list": " AU ", "target_commodity": "Gold", "lon": -112.13418, "lat": 46.3721 }, "geometry": { "type": "Point", "coordinates": [ -112.13418, 46.3721 ] } },
{ "type": "Feature", "properties": { "dep_id": "10124818", "site_name": "Emma Darling", "dev_stat": "Past Producer", "code_list": " AU ", "target_commodity": "Gold", "lon": -112.56759, "lat": 46.3863 }, "geometry": { "type": "Point", "coordinates": [ -112.56759, 46.3863 ] } },
{ "type": "Feature", "properties": { "dep_id": "10124820", "site_name": "Nettie Hibernia", "dev_stat": "Past Producer", "code_list": " AG AU ", "target_commodity": "Gold", "lon": -112.58059, "lat": 46.016 }, "geometry": { "type": "Point", "coordinates": [ -112.58059, 46.016 ] } },
{ "type": "Feature", "properties": { "dep_id": "10124822", "site_name": "Red Water", "dev_stat": "Past Producer", "code_list": " AU PB ", "target_commodity": "Gold", "lon": -112.24589, "lat": 46.4749 }, "geometry": { "type": "Point", "coordinates": [ -112.24589, 46.4749 ] } },
{ "type": "Feature", "properties": { "dep_id": "10124831", "site_name": "Larsen", "dev_stat": "Occurrence", "code_list": " AU ", "target_commodity": "Gold", "lon": -112.34479, "lat": 46.726 }, "geometry": { "type": "Point", "coordinates": [ -112.34479, 46.726 ] } },
{ "type": "Feature", "properties": { "dep_id": "10124840", "site_name": "Bessie and Golden Wave Mine", "dev_stat": "Occurrence", "code_list": " AU CU ", "target_commodity": "Gold", "lon": -111.82396, "lat": 45.663 }, "geometry": { "type": "Point", "coordinates": [ -111.82396, 45.663 ] } },
{ "type": "Feature", "properties": { "dep_id": "10124850", "site_name": "Lehigh Mine", "dev_stat": "Past Producer", "code_list": " AU CU ", "target_commodity": "Gold", "lon": -111.84646, "lat": 45.4971 }, "geometry": { "type": "Point", "coordinates": [ -111.84646, 45.4971 ] } },
{ "type": "Feature", "properties": { "dep_id": "10124857", "site_name": "Valley Forge", "dev_stat": "Past Producer", "code_list": " AU ", "target_commodity": "Gold", "lon": -112.24809, "lat": 46.4902 }, "geometry": { "type": "Point", "coordinates": [ -112.24809, 46.4902 ] } },
{ "type": "Feature", "properties": { "dep_id": "10124861", "site_name": "Last Chance", "dev_stat": "Unknown", "code_list": " AU CU ", "target_commodity": "Gold", "lon": -112.20868, "lat": 46.0963 }, "geometry": { "type": "Point", "coordinates": [ -112.20868, 46.0963 ] } },
{ "type": "Feature", "properties": { "dep_id": "10124862", "site_name": "Tenmile Creek & Tributaries", "dev_stat": "Past Producer", "code_list": " AU ", "target_commodity": "Gold", "lon": -112.09258, "lat": 46.5363 }, "geometry": { "type": "Point", "coordinates": [ -112.09258, 46.5363 ] } },
{ "type": "Feature", "properties": { "dep_id": "10124864", "site_name": "Unnamed Mine", "dev_stat": "Prospect", "code_list": " AU CU ", "target_commodity": "Gold", "lon": -112.00416, "lat": 45.4835 }, "geometry": { "type": "Point", "coordinates": [ -112.00416, 45.4835 ] } },
{ "type": "Feature", "properties": { "dep_id": "10124866", "site_name": "Elkhorn Creek Placer", "dev_stat": "Past Producer", "code_list": " AU ", "target_commodity": "Gold", "lon": -111.96507, "lat": 46.2113 }, "geometry": { "type": "Point", "coordinates": [ -111.96507, 46.2113 ] } },
{ "type": "Feature", "properties": { "dep_id": "10124867", "site_name": "Pearl Group", "dev_stat": "Unknown", "code_list": " AU AG ", "target_commodity": "Gold", "lon": -111.93366, "lat": 45.256 }, "geometry": { "type": "Point", "coordinates": [ -111.93366, 45.256 ] } },
{ "type": "Feature", "properties": { "dep_id": "10124873", "site_name": "Red Chief I", "dev_stat": "Past Producer", "code_list": " AU ", "target_commodity": "Gold", "lon": -111.62055, "lat": 45.5705 }, "geometry": { "type": "Point", "coordinates": [ -111.62055, 45.5705 ] } },
{ "type": "Feature", "properties": { "dep_id": "10124879", "site_name": "Ajax Mine", "dev_stat": "Unknown", "code_list": " AU CU ", "target_commodity": "Gold", "lon": -112.06278, "lat": 46.6549 }, "geometry": { "type": "Point", "coordinates": [ -112.06278, 46.6549 ] } },
{ "type": "Feature", "properties": { "dep_id": "10124886", "site_name": "Amazon Mine", "dev_stat": "Past Producer", "code_list": " AU CU ", "target_commodity": "Gold", "lon": -112.11028, "lat": 46.2855 }, "geometry": { "type": "Point", "coordinates": [ -112.11028, 46.2855 ] } },
{ "type": "Feature", "properties": { "dep_id": "10124887", "site_name": "Buffalo Creek Placer", "dev_stat": "Prospect", "code_list": " AU ", "target_commodity": "Gold", "lon": -112.12058, "lat": 46.4916 }, "geometry": { "type": "Point", "coordinates": [ -112.12058, 46.4916 ] } },
{ "type": "Feature", "properties": { "dep_id": "10124891", "site_name": "Come Again and Crown Group", "dev_stat": "Unknown", "code_list": " AU SIL ", "target_commodity": "Gold", "lon": -112.07368, "lat": 46.6838 }, "geometry": { "type": "Point", "coordinates": [ -112.07368, 46.6838 ] } },
{ "type": "Feature", "properties": { "dep_id": "10124897", "site_name": "Fairview Mine", "dev_stat": "Past Producer", "code_list": " PB AU ", "target_commodity": "Gold", "lon": -112.13168, "lat": 46.3002 }, "geometry": { "type": "Point", "coordinates": [ -112.13168, 46.3002 ] } },
{ "type": "Feature", "properties": { "dep_id": "10124903", "site_name": "Clancy Mine", "dev_stat": "Unknown", "code_list": " AU CU ", "target_commodity": "Gold", "lon": -112.34228, "lat": 45.7116 }, "geometry": { "type": "Point", "coordinates": [ -112.34228, 45.7116 ] } },
{ "type": "Feature", "properties": { "dep_id": "10124906", "site_name": "Red Rock Creek", "dev_stat": "Prospect", "code_list": " AU ", "target_commodity": "Gold", "lon": -112.32918, "lat": 46.2738 }, "geometry": { "type": "Point", "coordinates": [ -112.32918, 46.2738 ] } },
{ "type": "Feature", "properties": { "dep_id": "10124907", "site_name": "Monte Crisco", "dev_stat": "Past Producer", "code_list": " W AU ", "target_commodity": "Gold", "lon": -112.02026, "lat": 45.5166 }, "geometry": { "type": "Point", "coordinates": [ -112.02026, 45.5166 ] } },
{ "type": "Feature", "properties": { "dep_id": "10124913", "site_name": "Eureka", "dev_stat": "Past Producer", "code_list": " AU ", "target_commodity": "Gold", "lon": -112.23778, "lat": 46.473 }, "geometry": { "type": "Point", "coordinates": [ -112.23778, 46.473 ] } },
{ "type": "Feature", "properties": { "dep_id": "10124930", "site_name": "Gold Canyon Creek", "dev_stat": "Past Producer", "code_list": " AU ", "target_commodity": "Gold", "lon": -112.42029, "lat": 46.6207 }, "geometry": { "type": "Point", "coordinates": [ -112.42029, 46.6207 ] } },
{ "type": "Feature", "properties": { "dep_id": "10124940", "site_name": "High Hope Mine", "dev_stat": "Prospect", "code_list": " AU ", "target_commodity": "Gold", "lon": -111.98006, "lat": 45.496 }, "geometry": { "type": "Point", "coordinates": [ -111.98006, 45.496 ] } },
{ "type": "Feature", "properties": { "dep_id": "10124943", "site_name": "Pg Mine", "dev_stat": "Past Producer", "code_list": " AU ", "target_commodity": "Gold", "lon": -112.09698, "lat": 46.5552 }, "geometry": { "type": "Point", "coordinates": [ -112.09698, 46.5552 ] } },
{ "type": "Feature", "properties": { "dep_id": "10124948", "site_name": "Fairview Mine", "dev_stat": "Past Producer", "code_list": " AU CU ", "target_commodity": "Gold", "lon": -112.547, "lat": 46.6818 }, "geometry": { "type": "Point", "coordinates": [ -112.547, 46.6818 ] } },
{ "type": "Feature", "properties": { "dep_id": "10124953", "site_name": "Unnamed Mine", "dev_stat": "Prospect", "code_list": " AU AG ", "target_commodity": "Gold", "lon": -111.89056, "lat": 45.463 }, "geometry": { "type": "Point", "coordinates": [ -111.89056, 45.463 ] } },
{ "type": "Feature", "properties": { "dep_id": "10124956", "site_name": "Big Dick", "dev_stat": "Unknown", "code_list": " PB AU ", "target_commodity": "Gold", "lon": -112.41009, "lat": 46.4793 }, "geometry": { "type": "Point", "coordinates": [ -112.41009, 46.4793 ] } },
{ "type": "Feature", "properties": { "dep_id": "10124967", "site_name": "Teal Lake", "dev_stat": "Past Producer", "code_list": " AU ", "target_commodity": "Gold", "lon": -112.24649, "lat": 46.4691 }, "geometry": { "type": "Point", "coordinates": [ -112.24649, 46.4691 ] } },
{ "type": "Feature", "properties": { "dep_id": "10124969", "site_name": "Old Miller", "dev_stat": "Occurrence", "code_list": " AU CU ", "target_commodity": "Gold", "lon": -111.79977, "lat": 46.6252 }, "geometry": { "type": "Point", "coordinates": [ -111.79977, 46.6252 ] } },
{ "type": "Feature", "properties": { "dep_id": "10124987", "site_name": "Ned", "dev_stat": "Past Producer", "code_list": " AU ", "target_commodity": "Gold", "lon": -111.94646, "lat": 45.6638 }, "geometry": { "type": "Point", "coordinates": [ -111.94646, 45.6638 ] } },
{ "type": "Feature", "properties": { "dep_id": "10124989", "site_name": "Geneva Mine", "dev_stat": "Past Producer", "code_list": " AU CU ", "target_commodity": "Gold", "lon": -112.55949, "lat": 46.0132 }, "geometry": { "type": "Point", "coordinates": [ -112.55949, 46.0132 ] } },
{ "type": "Feature", "properties": { "dep_id": "10124994", "site_name": "Goldschmidt Mine", "dev_stat": "Past Producer", "code_list": " AU AG ", "target_commodity": "Gold", "lon": -112.04696, "lat": 45.4496 }, "geometry": { "type": "Point", "coordinates": [ -112.04696, 45.4496 ] } },
{ "type": "Feature", "properties": { "dep_id": "10124995", "site_name": "North Louaiw", "dev_stat": "Prospect", "code_list": " AU AG ", "target_commodity": "Gold", "lon": -111.97056, "lat": 45.2424 }, "geometry": { "type": "Point", "coordinates": [ -111.97056, 45.2424 ] } },
{ "type": "Feature", "properties": { "dep_id": "10125000", "site_name": "Julia Mine", "dev_stat": "Past Producer", "code_list": " AU CU ", "target_commodity": "Gold", "lon": -112.37979, "lat": 46.4655 }, "geometry": { "type": "Point", "coordinates": [ -112.37979, 46.4655 ] } },
{ "type": "Feature", "properties": { "dep_id": "10125009", "site_name": "Galena", "dev_stat": "Past Producer", "code_list": " AU SB ", "target_commodity": "Gold", "lon": -111.76866, "lat": 45.5624 }, "geometry": { "type": "Point", "coordinates": [ -111.76866, 45.5624 ] } },
{ "type": "Feature", "properties": { "dep_id": "10134883", "site_name": "Ohio Quartz", "dev_stat": "Past Producer", "code_list": " AU ", "target_commodity": "Gold", "lon": -112.34508, "lat": 45.666 }, "geometry": { "type": "Point", "coordinates": [ -112.34508, 45.666 ] } },
{ "type": "Feature", "properties": { "dep_id": "10135031", "site_name": "Madisonian", "dev_stat": "Past Producer", "code_list": " AU AG ", "target_commodity": "Gold", "lon": -111.70225, "lat": 45.5082 }, "geometry": { "type": "Point", "coordinates": [ -111.70225, 45.5082 ] } },
{ "type": "Feature", "properties": { "dep_id": "10135225", "site_name": "Sullivan Group Mine", "dev_stat": "Occurrence", "code_list": " AU CU ", "target_commodity": "Gold", "lon": -111.67867, "lat": 46.4438 }, "geometry": { "type": "Point", "coordinates": [ -111.67867, 46.4438 ] } },
{ "type": "Feature", "properties": { "dep_id": "10135293", "site_name": "Tomich Mine", "dev_stat": "Unknown", "code_list": " AU AG ", "target_commodity": "Gold", "lon": -111.94226, "lat": 45.2843 }, "geometry": { "type": "Point", "coordinates": [ -111.94226, 45.2843 ] } },
{ "type": "Feature", "properties": { "dep_id": "10135310", "site_name": "Hard Cash", "dev_stat": "Occurrence", "code_list": " AU ", "target_commodity": "Gold", "lon": -111.70026, "lat": 46.196 }, "geometry": { "type": "Point", "coordinates": [ -111.70026, 46.196 ] } },
{ "type": "Feature", "properties": { "dep_id": "10135392", "site_name": "Upper Rochester North Placer", "dev_stat": "Past Producer", "code_list": " AU ", "target_commodity": "Gold", "lon": -112.52088, "lat": 45.6624 }, "geometry": { "type": "Point", "coordinates": [ -112.52088, 45.6624 ] } },
{ "type": "Feature", "properties": { "dep_id": "10135418", "site_name": "China", "dev_stat": "Past Producer", "code_list": " AU AG ", "target_commodity": "Gold", "lon": -112.29649, "lat": 46.7502 }, "geometry": { "type": "Point", "coordinates": [ -112.29649, 46.7502 ] } },
{ "type": "Feature", "properties": { "dep_id": "10135462", "site_name": "Saint Joseph Claim", "dev_stat": "Prospect", "code_list": " AU AG ", "target_commodity": "Gold", "lon": -111.89727, "lat": 46.3571 }, "geometry": { "type": "Point", "coordinates": [ -111.89727, 46.3571 ] } },
{ "type": "Feature", "properties": { "dep_id": "10135492", "site_name": "Ozark", "dev_stat": "Past Producer", "code_list": " AU ", "target_commodity": "Gold", "lon": -112.48558, "lat": 45.7952 }, "geometry": { "type": "Point", "coordinates": [ -112.48558, 45.7952 ] } },
{ "type": "Feature", "properties": { "dep_id": "10135518", "site_name": "Missouri River", "dev_stat": "Unknown", "code_list": " AU ", "target_commodity": "Gold", "lon": -111.59646, "lat": 46.5163 }, "geometry": { "type": "Point", "coordinates": [ -111.59646, 46.5163 ] } },
{ "type": "Feature", "properties": { "dep_id": "10135667", "site_name": "Columbian Prospect", "dev_stat": "Prospect", "code_list": " AU ", "target_commodity": "Gold", "lon": -112.52009, "lat": 46.3277 }, "geometry": { "type": "Point", "coordinates": [ -112.52009, 46.3277 ] } },
{ "type": "Feature", "properties": { "dep_id": "10142821", "site_name": "Tipperary", "dev_stat": "Unknown", "code_list": " AU CU ", "target_commodity": "Gold", "lon": -112.16837, "lat": 45.5555 }, "geometry": { "type": "Point", "coordinates": [ -112.16837, 45.5555 ] } },
{ "type": "Feature", "properties": { "dep_id": "10147662", "site_name": "Sata Maira Rainbow Group", "dev_stat": "Past Producer", "code_list": " CU AU ", "target_commodity": "Gold", "lon": -112.82509, "lat": 45.3691 }, "geometry": { "type": "Point", "coordinates": [ -112.82509, 45.3691 ] } },
{ "type": "Feature", "properties": { "dep_id": "10148047", "site_name": "Bald Mountain", "dev_stat": "Prospect", "code_list": " AG AU ", "target_commodity": "Gold", "lon": -112.67948, "lat": 45.2152 }, "geometry": { "type": "Point", "coordinates": [ -112.67948, 45.2152 ] } },
{ "type": "Feature", "properties": { "dep_id": "10148366", "site_name": "Montana Mine", "dev_stat": "Prospect", "code_list": " AU AG ", "target_commodity": "Gold", "lon": -112.39588, "lat": 45.9532 }, "geometry": { "type": "Point", "coordinates": [ -112.39588, 45.9532 ] } },
{ "type": "Feature", "properties": { "dep_id": "10148369", "site_name": "Fleming Mine", "dev_stat": "Unknown", "code_list": " AU CU ", "target_commodity": "Gold", "lon": -111.90027, "lat": 46.4202 }, "geometry": { "type": "Point", "coordinates": [ -111.90027, 46.4202 ] } },
{ "type": "Feature", "properties": { "dep_id": "10148372", "site_name": "Rosebud Mine", "dev_stat": "Past Producer", "code_list": " AU AG ", "target_commodity": "Gold", "lon": -111.68695, "lat": 45.5471 }, "geometry": { "type": "Point", "coordinates": [ -111.68695, 45.5471 ] } },
{ "type": "Feature", "properties": { "dep_id": "10148384", "site_name": "Old Joe", "dev_stat": "Past Producer", "code_list": " AU ", "target_commodity": "Gold", "lon": -111.94056, "lat": 45.651 }, "geometry": { "type": "Point", "coordinates": [ -111.94056, 45.651 ] } },
{ "type": "Feature", "properties": { "dep_id": "10148389", "site_name": "Hopeful Mine", "dev_stat": "Past Producer", "code_list": " AU AS ", "target_commodity": "Gold", "lon": -112.06558, "lat": 46.671 }, "geometry": { "type": "Point", "coordinates": [ -112.06558, 46.671 ] } },
{ "type": "Feature", "properties": { "dep_id": "10148390", "site_name": "Old Amber Mine", "dev_stat": "Occurrence", "code_list": " AU AG ", "target_commodity": "Gold", "lon": -111.69257, "lat": 46.7263 }, "geometry": { "type": "Point", "coordinates": [ -111.69257, 46.7263 ] } },
{ "type": "Feature", "properties": { "dep_id": "10148400", "site_name": "Bertha May", "dev_stat": "Past Producer", "code_list": " AU ", "target_commodity": "Gold", "lon": -112.57619, "lat": 46.3846 }, "geometry": { "type": "Point", "coordinates": [ -112.57619, 46.3846 ] } },
{ "type": "Feature", "properties": { "dep_id": "10148403", "site_name": "Keystone", "dev_stat": "Past Producer", "code_list": " AU AG ", "target_commodity": "Gold", "lon": -112.31868, "lat": 45.6985 }, "geometry": { "type": "Point", "coordinates": [ -112.31868, 45.6985 ] } },
{ "type": "Feature", "properties": { "dep_id": "10148407", "site_name": "Rochester Creek Placer", "dev_stat": "Past Producer", "code_list": " AU ", "target_commodity": "Gold", "lon": -112.47668, "lat": 45.5852 }, "geometry": { "type": "Point", "coordinates": [ -112.47668, 45.5852 ] } },
{ "type": "Feature", "properties": { "dep_id": "10148409", "site_name": "Redemption", "dev_stat": "Past Producer", "code_list": " AU AG ", "target_commodity": "Gold", "lon": -112.26058, "lat": 46.2952 }, "geometry": { "type": "Point", "coordinates": [ -112.26058, 46.2952 ] } },
{ "type": "Feature", "properties": { "dep_id": "10148410", "site_name": "Golden Rod", "dev_stat": "Unknown", "code_list": " AU CU ", "target_commodity": "Gold", "lon": -112.28757, "lat": 45.6916 }, "geometry": { "type": "Point", "coordinates": [ -112.28757, 45.6916 ] } },
{ "type": "Feature", "properties": { "dep_id": "10148414", "site_name": "Mountain Chief", "dev_stat": "Past Producer", "code_list": " AU ", "target_commodity": "Gold", "lon": -112.41758, "lat": 45.9607 }, "geometry": { "type": "Point", "coordinates": [ -112.41758, 45.9607 ] } },
{ "type": "Feature", "properties": { "dep_id": "10148415", "site_name": "Granite Mountain Mine", "dev_stat": "Prospect", "code_list": " AU PB ", "target_commodity": "Gold", "lon": -111.98396, "lat": 45.573 }, "geometry": { "type": "Point", "coordinates": [ -111.98396, 45.573 ] } },
{ "type": "Feature", "properties": { "dep_id": "10148417", "site_name": "Jessie", "dev_stat": "Past Producer", "code_list": " AU AG ", "target_commodity": "Gold", "lon": -112.28418, "lat": 46.2824 }, "geometry": { "type": "Point", "coordinates": [ -112.28418, 46.2824 ] } },
{ "type": "Feature", "properties": { "dep_id": "10148418", "site_name": "Bi-Metalic", "dev_stat": "Past Producer", "code_list": " AU AG ", "target_commodity": "Gold", "lon": -111.79396, "lat": 45.5888 }, "geometry": { "type": "Point", "coordinates": [ -111.79396, 45.5888 ] } },
{ "type": "Feature", "properties": { "dep_id": "10148424", "site_name": "Etta", "dev_stat": "Occurrence", "code_list": " PB AU ", "target_commodity": "Gold", "lon": -111.68866, "lat": 46.3071 }, "geometry": { "type": "Point", "coordinates": [ -111.68866, 46.3071 ] } },
{ "type": "Feature", "properties": { "dep_id": "10148440", "site_name": "Ralls Mines", "dev_stat": "Past Producer", "code_list": " AU AG ", "target_commodity": "Gold", "lon": -111.69256, "lat": 46.1516 }, "geometry": { "type": "Point", "coordinates": [ -111.69256, 46.1516 ] } },
{ "type": "Feature", "properties": { "dep_id": "10148444", "site_name": "John T.", "dev_stat": "Unknown", "code_list": " PB AU ", "target_commodity": "Gold", "lon": -112.21168, "lat": 46.3568 }, "geometry": { "type": "Point", "coordinates": [ -112.21168, 46.3568 ] } },
{ "type": "Feature", "properties": { "dep_id": "10148454", "site_name": "Andrew Brown", "dev_stat": "Past Producer", "code_list": " AU AG ", "target_commodity": "Gold", "lon": -112.05008, "lat": 46.7407 }, "geometry": { "type": "Point", "coordinates": [ -112.05008, 46.7407 ] } },
{ "type": "Feature", "properties": { "dep_id": "10148461", "site_name": "Marguerite", "dev_stat": "Past Producer", "code_list": " AU AG ", "target_commodity": "Gold", "lon": -112.27418, "lat": 46.311 }, "geometry": { "type": "Point", "coordinates": [ -112.27418, 46.311 ] } },
{ "type": "Feature", "properties": { "dep_id": "10148474", "site_name": "Copper Hill", "dev_stat": "Past Producer", "code_list": " AU ", "target_commodity": "Gold", "lon": -112.23949, "lat": 46.656 }, "geometry": { "type": "Point", "coordinates": [ -112.23949, 46.656 ] } },
{ "type": "Feature", "properties": { "dep_id": "10148478", "site_name": "Unnamed Location", "dev_stat": "Occurrence", "code_list": " AU ", "target_commodity": "Gold", "lon": -111.37976, "lat": 46.48351 }, "geometry": { "type": "Point", "coordinates": [ -111.37976, 46.48351 ] } },
{ "type": "Feature", "properties": { "dep_id": "10148480", "site_name": "Freiburg", "dev_stat": "Occurrence", "code_list": " AU PB ", "target_commodity": "Gold", "lon": -111.69617, "lat": 46.4224 }, "geometry": { "type": "Point", "coordinates": [ -111.69617, 46.4224 ] } },
{ "type": "Feature", "properties": { "dep_id": "10148481", "site_name": "Galena Gulch", "dev_stat": "Prospect", "code_list": " AU ", "target_commodity": "Gold", "lon": -112.18418, "lat": 46.2532 }, "geometry": { "type": "Point", "coordinates": [ -112.18418, 46.2532 ] } },
{ "type": "Feature", "properties": { "dep_id": "10148485", "site_name": "B. H. Castle Property", "dev_stat": "Occurrence", "code_list": " PB AU ", "target_commodity": "Gold", "lon": -111.69367, "lat": 46.4499 }, "geometry": { "type": "Point", "coordinates": [ -111.69367, 46.4499 ] } },
{ "type": "Feature", "properties": { "dep_id": "10148491", "site_name": "American Flag Mine", "dev_stat": "Past Producer", "code_list": " AU AG ", "target_commodity": "Gold", "lon": -112.34899, "lat": 46.7541 }, "geometry": { "type": "Point", "coordinates": [ -112.34899, 46.7541 ] } },
{ "type": "Feature", "properties": { "dep_id": "10148495", "site_name": "Harriet Mine", "dev_stat": "Unknown", "code_list": " AU AG ", "target_commodity": "Gold", "lon": -112.41418, "lat": 45.9532 }, "geometry": { "type": "Point", "coordinates": [ -112.41418, 45.9532 ] } },
{ "type": "Feature", "properties": { "dep_id": "10148496", "site_name": "Buffalo", "dev_stat": "Unknown", "code_list": " AU ", "target_commodity": "Gold", "lon": -112.48308, "lat": 45.6243 }, "geometry": { "type": "Point", "coordinates": [ -112.48308, 45.6243 ] } },
{ "type": "Feature", "properties": { "dep_id": "10148500", "site_name": "Democrat", "dev_stat": "Past Producer", "code_list": " AU AG ", "target_commodity": "Gold", "lon": -112.20087, "lat": 45.5407 }, "geometry": { "type": "Point", "coordinates": [ -112.20087, 45.5407 ] } },
{ "type": "Feature", "properties": { "dep_id": "10148505", "site_name": "Hidden Hand", "dev_stat": "Past Producer", "code_list": " AU AG AS ", "target_commodity": "Gold", "lon": -112.58229, "lat": 46.3888 }, "geometry": { "type": "Point", "coordinates": [ -112.58229, 46.3888 ] } },
{ "type": "Feature", "properties": { "dep_id": "10148509", "site_name": "Shorty", "dev_stat": "Unknown", "code_list": " CU AU ", "target_commodity": "Gold", "lon": -112.44758, "lat": 45.938 }, "geometry": { "type": "Point", "coordinates": [ -112.44758, 45.938 ] } },
{ "type": "Feature", "properties": { "dep_id": "10148515", "site_name": "Shamrock", "dev_stat": "Past Producer", "code_list": " AU AG ", "target_commodity": "Gold", "lon": -112.49589, "lat": 46.2555 }, "geometry": { "type": "Point", "coordinates": [ -112.49589, 46.2555 ] } },
{ "type": "Feature", "properties": { "dep_id": "10148517", "site_name": "Maples Asnd Bridgton Group", "dev_stat": "Occurrence", "code_list": " AU ", "target_commodity": "Gold", "lon": -111.65226, "lat": 46.3424 }, "geometry": { "type": "Point", "coordinates": [ -111.65226, 46.3424 ] } },
{ "type": "Feature", "properties": { "dep_id": "10148518", "site_name": "Spokane Creek Placer", "dev_stat": "Unknown", "code_list": " AU ", "target_commodity": "Gold", "lon": -111.79647, "lat": 46.6305 }, "geometry": { "type": "Point", "coordinates": [ -111.79647, 46.6305 ] } },
{ "type": "Feature", "properties": { "dep_id": "10148528", "site_name": "Unnamed Prospect", "dev_stat": "Prospect", "code_list": " AU ", "target_commodity": "Gold", "lon": -112.22007, "lat": 45.5352 }, "geometry": { "type": "Point", "coordinates": [ -112.22007, 45.5352 ] } },
{ "type": "Feature", "properties": { "dep_id": "10148529", "site_name": "Green Monster", "dev_stat": "Unknown", "code_list": " CU AU ", "target_commodity": "Gold", "lon": -112.56449, "lat": 46.0538 }, "geometry": { "type": "Point", "coordinates": [ -112.56449, 46.0538 ] } },
{ "type": "Feature", "properties": { "dep_id": "10148537", "site_name": "Unnamed Placer Mine", "dev_stat": "Unknown", "code_list": " AU ", "target_commodity": "Gold", "lon": -112.5631, "lat": 46.6688 }, "geometry": { "type": "Point", "coordinates": [ -112.5631, 46.6688 ] } },
{ "type": "Feature", "properties": { "dep_id": "10148563", "site_name": "Carlson", "dev_stat": "Past Producer", "code_list": " AU PB ", "target_commodity": "Gold", "lon": -112.42699, "lat": 46.2671 }, "geometry": { "type": "Point", "coordinates": [ -112.42699, 46.2671 ] } },
{ "type": "Feature", "properties": { "dep_id": "10148570", "site_name": "Rowell Group", "dev_stat": "Occurrence", "code_list": " AU AS ", "target_commodity": "Gold", "lon": -111.63256, "lat": 46.1388 }, "geometry": { "type": "Point", "coordinates": [ -111.63256, 46.1388 ] } },
{ "type": "Feature", "properties": { "dep_id": "10148572", "site_name": "St. Lawrence Consolidated", "dev_stat": "Past Producer", "code_list": " AU AG ", "target_commodity": "Gold", "lon": -112.00146, "lat": 45.2752 }, "geometry": { "type": "Point", "coordinates": [ -112.00146, 45.2752 ] } },
{ "type": "Feature", "properties": { "dep_id": "10148577", "site_name": "Ophir Mine", "dev_stat": "Occurrence", "code_list": " CU AU ", "target_commodity": "Gold", "lon": -112.5259, "lat": 46.6627 }, "geometry": { "type": "Point", "coordinates": [ -112.5259, 46.6627 ] } },
{ "type": "Feature", "properties": { "dep_id": "10148596", "site_name": "Big Indian", "dev_stat": "Past Producer", "code_list": " AU ", "target_commodity": "Gold", "lon": -112.02368, "lat": 46.5377 }, "geometry": { "type": "Point", "coordinates": [ -112.02368, 46.5377 ] } },
{ "type": "Feature", "properties": { "dep_id": "10148599", "site_name": "Boss Tweed and Clipper", "dev_stat": "Past Producer", "code_list": " AU CU ", "target_commodity": "Gold", "lon": -111.95776, "lat": 45.6635 }, "geometry": { "type": "Point", "coordinates": [ -111.95776, 45.6635 ] } },
{ "type": "Feature", "properties": { "dep_id": "10148600", "site_name": "Souvenir", "dev_stat": "Past Producer", "code_list": " AU CU ", "target_commodity": "Gold", "lon": -112.07118, "lat": 46.5366 }, "geometry": { "type": "Point", "coordinates": [ -112.07118, 46.5366 ] } },
{ "type": "Feature", "properties": { "dep_id": "10148602", "site_name": "Deep Creek Placer", "dev_stat": "Unknown", "code_list": " AU ", "target_commodity": "Gold", "lon": -111.35895, "lat": 46.31741 }, "geometry": { "type": "Point", "coordinates": [ -111.35895, 46.31741 ] } },
{ "type": "Feature", "properties": { "dep_id": "10148611", "site_name": "Mohawk Mine", "dev_stat": "Past Producer", "code_list": " AU CU ", "target_commodity": "Gold", "lon": -112.05336, "lat": 45.5291 }, "geometry": { "type": "Point", "coordinates": [ -112.05336, 45.5291 ] } },
{ "type": "Feature", "properties": { "dep_id": "10148620", "site_name": "Mc Connell Mine", "dev_stat": "Past Producer", "code_list": " AU ", "target_commodity": "Gold", "lon": -111.43416, "lat": 46.6332 }, "geometry": { "type": "Point", "coordinates": [ -111.43416, 46.6332 ] } },
{ "type": "Feature", "properties": { "dep_id": "10148637", "site_name": "Lone Wolf and Cataract Mine", "dev_stat": "Past Producer", "code_list": " AU CU ", "target_commodity": "Gold", "lon": -111.96756, "lat": 45.6532 }, "geometry": { "type": "Point", "coordinates": [ -111.96756, 45.6532 ] } },
{ "type": "Feature", "properties": { "dep_id": "10148644", "site_name": "Caroline and William Coleman", "dev_stat": "Occurrence", "code_list": " AU ", "target_commodity": "Gold", "lon": -112.58059, "lat": 46.3707 }, "geometry": { "type": "Point", "coordinates": [ -112.58059, 46.3707 ] } },
{ "type": "Feature", "properties": { "dep_id": "10148649", "site_name": "Gagnon Pit", "dev_stat": "Occurrence", "code_list": " AU CU ", "target_commodity": "Gold", "lon": -112.54259, "lat": 46.0171 }, "geometry": { "type": "Point", "coordinates": [ -112.54259, 46.0171 ] } },
{ "type": "Feature", "properties": { "dep_id": "10148654", "site_name": "Fourth of July & Fifth of July Mine", "dev_stat": "Past Producer", "code_list": " AU AG ", "target_commodity": "Gold", "lon": -112.43478, "lat": 46.0277 }, "geometry": { "type": "Point", "coordinates": [ -112.43478, 46.0277 ] } },
{ "type": "Feature", "properties": { "dep_id": "10148658", "site_name": "Evans-Jones Placer", "dev_stat": "Unknown", "code_list": " W AU ", "target_commodity": "Gold", "lon": -112.27229, "lat": 46.6499 }, "geometry": { "type": "Point", "coordinates": [ -112.27229, 46.6499 ] } },
{ "type": "Feature", "properties": { "dep_id": "10148661", "site_name": "Sunset", "dev_stat": "Past Producer", "code_list": " AU AG ", "target_commodity": "Gold", "lon": -112.58948, "lat": 45.7635 }, "geometry": { "type": "Point", "coordinates": [ -112.58948, 45.7635 ] } },
{ "type": "Feature", "properties": { "dep_id": "10148663", "site_name": "Red Chief Ii", "dev_stat": "Unknown", "code_list": " AU AG ", "target_commodity": "Gold", "lon": -111.79196, "lat": 45.6055 }, "geometry": { "type": "Point", "coordinates": [ -111.79196, 45.6055 ] } },
{ "type": "Feature", "properties": { "dep_id": "10148671", "site_name": "Templeman", "dev_stat": "Unknown", "code_list": " AU PB ", "target_commodity": "Gold", "lon": -112.47618, "lat": 45.7888 }, "geometry": { "type": "Point", "coordinates": [ -112.47618, 45.7888 ] } },
{ "type": "Feature", "properties": { "dep_id": "10148675", "site_name": "Leodora", "dev_stat": "Prospect", "code_list": " AU PB ", "target_commodity": "Gold", "lon": -112.22587, "lat": 45.6049 }, "geometry": { "type": "Point", "coordinates": [ -112.22587, 45.6049 ] } },
{ "type": "Feature", "properties": { "dep_id": "10148686", "site_name": "Yellowstone Claim", "dev_stat": "Past Producer", "code_list": " AU ", "target_commodity": "Gold", "lon": -112.09118, "lat": 46.6757 }, "geometry": { "type": "Point", "coordinates": [ -112.09118, 46.6757 ] } },
{ "type": "Feature", "properties": { "dep_id": "10148687", "site_name": "Steward Mine", "dev_stat": "Past Producer", "code_list": " AU CU ", "target_commodity": "Gold", "lon": -112.53779, "lat": 46.0171 }, "geometry": { "type": "Point", "coordinates": [ -112.53779, 46.0171 ] } },
{ "type": "Feature", "properties": { "dep_id": "10148705", "site_name": "Lexington", "dev_stat": "Past Producer", "code_list": " AU ", "target_commodity": "Gold", "lon": -112.24118, "lat": 46.4721 }, "geometry": { "type": "Point", "coordinates": [ -112.24118, 46.4721 ] } },
{ "type": "Feature", "properties": { "dep_id": "10148707", "site_name": "American Gulch Placer", "dev_stat": "Past Producer", "code_list": " AU ", "target_commodity": "Gold", "lon": -112.6356, "lat": 46.7838 }, "geometry": { "type": "Point", "coordinates": [ -112.6356, 46.7838 ] } },
{ "type": "Feature", "properties": { "dep_id": "10148711", "site_name": "Keynote", "dev_stat": "Past Producer", "code_list": " AU PB ", "target_commodity": "Gold", "lon": -112.18837, "lat": 45.5316 }, "geometry": { "type": "Point", "coordinates": [ -112.18837, 45.5316 ] } },
{ "type": "Feature", "properties": { "dep_id": "10148715", "site_name": "Lode Mine", "dev_stat": "Past Producer", "code_list": " AU PB ", "target_commodity": "Gold", "lon": -111.73667, "lat": 46.3899 }, "geometry": { "type": "Point", "coordinates": [ -111.73667, 46.3899 ] } },
{ "type": "Feature", "properties": { "dep_id": "10148720", "site_name": "J J Hill Claims", "dev_stat": "Occurrence", "code_list": " AU PB ", "target_commodity": "Gold", "lon": -112.21698, "lat": 46.4752 }, "geometry": { "type": "Point", "coordinates": [ -112.21698, 46.4752 ] } },
{ "type": "Feature", "properties": { "dep_id": "10148726", "site_name": "South Fork Mine", "dev_stat": "Past Producer", "code_list": " AU CU ", "target_commodity": "Gold", "lon": -111.96836, "lat": 45.488 }, "geometry": { "type": "Point", "coordinates": [ -111.96836, 45.488 ] } },
{ "type": "Feature", "properties": { "dep_id": "10148731", "site_name": "Glengarry", "dev_stat": "Past Producer", "code_list": " AU CU ", "target_commodity": "Gold", "lon": -112.54009, "lat": 46.0418 }, "geometry": { "type": "Point", "coordinates": [ -112.54009, 46.0418 ] } },
{ "type": "Feature", "properties": { "dep_id": "10148740", "site_name": "Golden Sunlight", "dev_stat": "Plant", "code_list": " AU CU ", "target_commodity": "Gold", "lon": -112.01417, "lat": 45.8988 }, "geometry": { "type": "Point", "coordinates": [ -112.01417, 45.8988 ] } },
{ "type": "Feature", "properties": { "dep_id": "10148743", "site_name": "Viking Mine", "dev_stat": "Unknown", "code_list": " PB AU ", "target_commodity": "Gold", "lon": -112.37589, "lat": 46.4791 }, "geometry": { "type": "Point", "coordinates": [ -112.37589, 46.4791 ] } },
{ "type": "Feature", "properties": { "dep_id": "10148749", "site_name": "Copper King Prospect", "dev_stat": "Occurrence", "code_list": " AU AG ", "target_commodity": "Gold", "lon": -112.21308, "lat": 46.2866 }, "geometry": { "type": "Point", "coordinates": [ -112.21308, 46.2866 ] } },
{ "type": "Feature", "properties": { "dep_id": "10148753", "site_name": "Sabbath", "dev_stat": "Past Producer", "code_list": " AU ", "target_commodity": "Gold", "lon": -112.58259, "lat": 46.3782 }, "geometry": { "type": "Point", "coordinates": [ -112.58259, 46.3782 ] } },
{ "type": "Feature", "properties": { "dep_id": "10148774", "site_name": "Golconda", "dev_stat": "Prospect", "code_list": " AU ", "target_commodity": "Gold", "lon": -111.73275, "lat": 45.4741 }, "geometry": { "type": "Point", "coordinates": [ -111.73275, 45.4741 ] } },
{ "type": "Feature", "properties": { "dep_id": "10148775", "site_name": "Wilber Silver", "dev_stat": "Past Producer", "code_list": " AU CU ", "target_commodity": "Gold", "lon": -112.12728, "lat": 46.3099 }, "geometry": { "type": "Point", "coordinates": [ -112.12728, 46.3099 ] } },
{ "type": "Feature", "properties": { "dep_id": "10148777", "site_name": "Little Acre Placer", "dev_stat": "Occurrence", "code_list": " AU ", "target_commodity": "Gold", "lon": -112.60279, "lat": 46.0157 }, "geometry": { "type": "Point", "coordinates": [ -112.60279, 46.0157 ] } },
{ "type": "Feature", "properties": { "dep_id": "10148783", "site_name": "York Gulch", "dev_stat": "Past Producer", "code_list": " AU ", "target_commodity": "Gold", "lon": -111.70777, "lat": 46.7166 }, "geometry": { "type": "Point", "coordinates": [ -111.70777, 46.7166 ] } },
{ "type": "Feature", "properties": { "dep_id": "10148789", "site_name": "Vera Mine", "dev_stat": "Prospect", "code_list": " AU AG ", "target_commodity": "Gold", "lon": -112.12777, "lat": 45.5649 }, "geometry": { "type": "Point", "coordinates": [ -112.12777, 45.5649 ] } },
{ "type": "Feature", "properties": { "dep_id": "10148798", "site_name": "Cornucopia and Cabin Lode", "dev_stat": "Past Producer", "code_list": " AU CU ", "target_commodity": "Gold", "lon": -111.94646, "lat": 45.2793 }, "geometry": { "type": "Point", "coordinates": [ -111.94646, 45.2793 ] } },
{ "type": "Feature", "properties": { "dep_id": "10148799", "site_name": "Crystal Mine", "dev_stat": "Past Producer", "code_list": " AU CU ", "target_commodity": "Gold", "lon": -112.26198, "lat": 46.3502 }, "geometry": { "type": "Point", "coordinates": [ -112.26198, 46.3502 ] } },
{ "type": "Feature", "properties": { "dep_id": "10148803", "site_name": "Ranger Mine", "dev_stat": "Unknown", "code_list": " AU PB ", "target_commodity": "Gold", "lon": -112.21277, "lat": 45.5638 }, "geometry": { "type": "Point", "coordinates": [ -112.21277, 45.5638 ] } },
{ "type": "Feature", "properties": { "dep_id": "10148804", "site_name": "Birdie", "dev_stat": "Past Producer", "code_list": " AU CU ", "target_commodity": "Gold", "lon": -111.62525, "lat": 45.5618 }, "geometry": { "type": "Point", "coordinates": [ -111.62525, 45.5618 ] } },
{ "type": "Feature", "properties": { "dep_id": "10148817", "site_name": "L and R Placer", "dev_stat": "Past Producer", "code_list": " AU ", "target_commodity": "Gold", "lon": -111.47556, "lat": 46.2152 }, "geometry": { "type": "Point", "coordinates": [ -111.47556, 46.2152 ] } },
{ "type": "Feature", "properties": { "dep_id": "10148821", "site_name": "Montana City Placer Mine", "dev_stat": "Past Producer", "code_list": " AU ", "target_commodity": "Gold", "lon": -111.95778, "lat": 46.5382 }, "geometry": { "type": "Point", "coordinates": [ -111.95778, 46.5382 ] } },
{ "type": "Feature", "properties": { "dep_id": "10148828", "site_name": "Spokane Mine", "dev_stat": "Unknown", "code_list": " AU ", "target_commodity": "Gold", "lon": -111.77777, "lat": 46.508 }, "geometry": { "type": "Point", "coordinates": [ -111.77777, 46.508 ] } },
{ "type": "Feature", "properties": { "dep_id": "10148834", "site_name": "St Louis Mine", "dev_stat": "Occurrence", "code_list": " AU CU ", "target_commodity": "Gold", "lon": -112.7315, "lat": 46.1902 }, "geometry": { "type": "Point", "coordinates": [ -112.7315, 46.1902 ] } },
{ "type": "Feature", "properties": { "dep_id": "10148841", "site_name": "Browns Gulch", "dev_stat": "Unknown", "code_list": " AU AG ", "target_commodity": "Gold", "lon": -112.70229, "lat": 46.0021 }, "geometry": { "type": "Point", "coordinates": [ -112.70229, 46.0021 ] } },
{ "type": "Feature", "properties": { "dep_id": "10148858", "site_name": "Montana Boy", "dev_stat": "Past Producer", "code_list": " AU AG ", "target_commodity": "Gold", "lon": -111.68615, "lat": 45.5177 }, "geometry": { "type": "Point", "coordinates": [ -111.68615, 45.5177 ] } },
{ "type": "Feature", "properties": { "dep_id": "10148867", "site_name": "Boulder River Placer", "dev_stat": "Past Producer", "code_list": " AU ", "target_commodity": "Gold", "lon": -112.26558, "lat": 46.2646 }, "geometry": { "type": "Point", "coordinates": [ -112.26558, 46.2646 ] } },
{ "type": "Feature", "properties": { "dep_id": "10148878", "site_name": "Poe Lead Mine", "dev_stat": "Past Producer", "code_list": " AU PB ", "target_commodity": "Gold", "lon": -111.73366, "lat": 46.2068 }, "geometry": { "type": "Point", "coordinates": [ -111.73366, 46.2068 ] } },
{ "type": "Feature", "properties": { "dep_id": "10148885", "site_name": "Mighty Monarch", "dev_stat": "Unknown", "code_list": " AU ", "target_commodity": "Gold", "lon": -111.74616, "lat": 46.2443 }, "geometry": { "type": "Point", "coordinates": [ -111.74616, 46.2443 ] } },
{ "type": "Feature", "properties": { "dep_id": "10148886", "site_name": "Casey Meadows Prospect", "dev_stat": "Occurrence", "code_list": " AU ", "target_commodity": "Gold", "lon": -111.80757, "lat": 46.4491 }, "geometry": { "type": "Point", "coordinates": [ -111.80757, 46.4491 ] } },
{ "type": "Feature", "properties": { "dep_id": "10148890", "site_name": "Three Forks Placer", "dev_stat": "Prospect", "code_list": " AU ", "target_commodity": "Gold", "lon": -111.55975, "lat": 45.9027 }, "geometry": { "type": "Point", "coordinates": [ -111.55975, 45.9027 ] } },
{ "type": "Feature", "properties": { "dep_id": "10148898", "site_name": "North Sunlight Group", "dev_stat": "Past Producer", "code_list": " AU CU ", "target_commodity": "Gold", "lon": -112.01507, "lat": 45.9191 }, "geometry": { "type": "Point", "coordinates": [ -112.01507, 45.9191 ] } },
{ "type": "Feature", "properties": { "dep_id": "10148899", "site_name": "Gold Crown Mine", "dev_stat": "Past Producer", "code_list": " AU ", "target_commodity": "Gold", "lon": -112.23089, "lat": 46.5418 }, "geometry": { "type": "Point", "coordinates": [ -112.23089, 46.5418 ] } },
{ "type": "Feature", "properties": { "dep_id": "10148909", "site_name": "Jackrabbit Mine", "dev_stat": "Past Producer", "code_list": " PB AU ", "target_commodity": "Gold", "lon": -112.60168, "lat": 45.646 }, "geometry": { "type": "Point", "coordinates": [ -112.60168, 45.646 ] } },
{ "type": "Feature", "properties": { "dep_id": "10148915", "site_name": "Hot Springs Placer", "dev_stat": "Prospect", "code_list": " AU ", "target_commodity": "Gold", "lon": -111.71945, "lat": 45.5735 }, "geometry": { "type": "Point", "coordinates": [ -111.71945, 45.5735 ] } },
{ "type": "Feature", "properties": { "dep_id": "10148923", "site_name": "Horseshoe Claim", "dev_stat": "Occurrence", "code_list": " AU ", "target_commodity": "Gold", "lon": -112.09058, "lat": 46.3874 }, "geometry": { "type": "Point", "coordinates": [ -112.09058, 46.3874 ] } },
{ "type": "Feature", "properties": { "dep_id": "10148924", "site_name": "Eldorado Mine", "dev_stat": "Occurrence", "code_list": " AU CU ", "target_commodity": "Gold", "lon": -112.5881, "lat": 46.6938 }, "geometry": { "type": "Point", "coordinates": [ -112.5881, 46.6938 ] } },
{ "type": "Feature", "properties": { "dep_id": "10148927", "site_name": "Valerie and Particia Claims", "dev_stat": "Prospect", "code_list": " AU ", "target_commodity": "Gold", "lon": -111.83007, "lat": 46.3438 }, "geometry": { "type": "Point", "coordinates": [ -111.83007, 46.3438 ] } },
{ "type": "Feature", "properties": { "dep_id": "10148929", "site_name": "North Home", "dev_stat": "Past Producer", "code_list": " AU PB ", "target_commodity": "Gold", "lon": -111.73526, "lat": 46.1805 }, "geometry": { "type": "Point", "coordinates": [ -111.73526, 46.1805 ] } },
{ "type": "Feature", "properties": { "dep_id": "10148939", "site_name": "Jumbo", "dev_stat": "Unknown", "code_list": " AU ", "target_commodity": "Gold", "lon": -111.66416, "lat": 46.2007 }, "geometry": { "type": "Point", "coordinates": [ -111.66416, 46.2007 ] } },
{ "type": "Feature", "properties": { "dep_id": "10148940", "site_name": "Rock Creek Claim", "dev_stat": "Prospect", "code_list": " AU PB ", "target_commodity": "Gold", "lon": -112.52089, "lat": 46.3055 }, "geometry": { "type": "Point", "coordinates": [ -112.52089, 46.3055 ] } },
{ "type": "Feature", "properties": { "dep_id": "10148946", "site_name": "Gold King Mine", "dev_stat": "Occurrence", "code_list": " AU CU ", "target_commodity": "Gold", "lon": -112.66029, "lat": 45.693 }, "geometry": { "type": "Point", "coordinates": [ -112.66029, 45.693 ] } },
{ "type": "Feature", "properties": { "dep_id": "10148951", "site_name": "Center Reef", "dev_stat": "Past Producer", "code_list": " AU PB ", "target_commodity": "Gold", "lon": -111.87117, "lat": 46.3155 }, "geometry": { "type": "Point", "coordinates": [ -111.87117, 46.3155 ] } },
{ "type": "Feature", "properties": { "dep_id": "10148955", "site_name": "Surprise Claim", "dev_stat": "Past Producer", "code_list": " PB AU ", "target_commodity": "Gold", "lon": -112.03477, "lat": 45.9268 }, "geometry": { "type": "Point", "coordinates": [ -112.03477, 45.9268 ] } },
{ "type": "Feature", "properties": { "dep_id": "10148961", "site_name": "Unnamed Mine", "dev_stat": "Prospect", "code_list": " AU CU ", "target_commodity": "Gold", "lon": -112.10647, "lat": 45.5502 }, "geometry": { "type": "Point", "coordinates": [ -112.10647, 45.5502 ] } },
{ "type": "Feature", "properties": { "dep_id": "10148962", "site_name": "Lavena Mine", "dev_stat": "Past Producer", "code_list": " AU MN ", "target_commodity": "Gold", "lon": -112.59979, "lat": 46.0213 }, "geometry": { "type": "Point", "coordinates": [ -112.59979, 46.0213 ] } },
{ "type": "Feature", "properties": { "dep_id": "10148965", "site_name": "Climax Lode Mine", "dev_stat": "Occurrence", "code_list": " AU AG ", "target_commodity": "Gold", "lon": -112.29669, "lat": 46.7502 }, "geometry": { "type": "Point", "coordinates": [ -112.29669, 46.7502 ] } },
{ "type": "Feature", "properties": { "dep_id": "10148967", "site_name": "Hardcash", "dev_stat": "Past Producer", "code_list": " AU CU ", "target_commodity": "Gold", "lon": -111.94867, "lat": 46.2799 }, "geometry": { "type": "Point", "coordinates": [ -111.94867, 46.2799 ] } },
{ "type": "Feature", "properties": { "dep_id": "10148972", "site_name": "Sultana", "dev_stat": "Past Producer", "code_list": " AU AG ", "target_commodity": "Gold", "lon": -112.03976, "lat": 45.5271 }, "geometry": { "type": "Point", "coordinates": [ -112.03976, 45.5271 ] } },
{ "type": "Feature", "properties": { "dep_id": "10148978", "site_name": "Gray Eagle", "dev_stat": "Past Producer", "code_list": " PB AU ", "target_commodity": "Gold", "lon": -112.19868, "lat": 46.3132 }, "geometry": { "type": "Point", "coordinates": [ -112.19868, 46.3132 ] } },
{ "type": "Feature", "properties": { "dep_id": "10148979", "site_name": "Garnet Gold Mine", "dev_stat": "Past Producer", "code_list": " AU CU ", "target_commodity": "Gold", "lon": -111.93616, "lat": 45.6449 }, "geometry": { "type": "Point", "coordinates": [ -111.93616, 45.6449 ] } },
{ "type": "Feature", "properties": { "dep_id": "10148981", "site_name": "Summit Mine", "dev_stat": "Past Producer", "code_list": " PB AU ", "target_commodity": "Gold", "lon": -112.42229, "lat": 46.2702 }, "geometry": { "type": "Point", "coordinates": [ -112.42229, 46.2702 ] } },
{ "type": "Feature", "properties": { "dep_id": "10148987", "site_name": "Ruby Silver Mine", "dev_stat": "Occurrence", "code_list": " AU ", "target_commodity": "Gold", "lon": -112.01446, "lat": 45.2249 }, "geometry": { "type": "Point", "coordinates": [ -112.01446, 45.2249 ] } },
{ "type": "Feature", "properties": { "dep_id": "10148989", "site_name": "Gold Reef", "dev_stat": "Unknown", "code_list": " AU MN ", "target_commodity": "Gold", "lon": -111.68755, "lat": 45.5257 }, "geometry": { "type": "Point", "coordinates": [ -111.68755, 45.5257 ] } },
{ "type": "Feature", "properties": { "dep_id": "10148995", "site_name": "Gregory", "dev_stat": "Past Producer", "code_list": " AU CU ", "target_commodity": "Gold", "lon": -112.56169, "lat": 46.0413 }, "geometry": { "type": "Point", "coordinates": [ -112.56169, 46.0413 ] } },
{ "type": "Feature", "properties": { "dep_id": "10148997", "site_name": "Moreau", "dev_stat": "Past Producer", "code_list": " AU FE ", "target_commodity": "Gold", "lon": -111.94977, "lat": 46.2766 }, "geometry": { "type": "Point", "coordinates": [ -111.94977, 46.2766 ] } },
{ "type": "Feature", "properties": { "dep_id": "10149008", "site_name": "Lovestone Placer", "dev_stat": "Producer", "code_list": " AU ", "target_commodity": "Gold", "lon": -111.76197, "lat": 46.6521 }, "geometry": { "type": "Point", "coordinates": [ -111.76197, 46.6521 ] } },
{ "type": "Feature", "properties": { "dep_id": "10149012", "site_name": "Gray Rock Mine", "dev_stat": "Past Producer", "code_list": " AU CU ", "target_commodity": "Gold", "lon": -112.07278, "lat": 46.5491 }, "geometry": { "type": "Point", "coordinates": [ -112.07278, 46.5491 ] } },
{ "type": "Feature", "properties": { "dep_id": "10149018", "site_name": "Blue Jay Placer", "dev_stat": "Past Producer", "code_list": " AU ", "target_commodity": "Gold", "lon": -111.24415, "lat": 46.48661 }, "geometry": { "type": "Point", "coordinates": [ -111.24415, 46.48661 ] } },
{ "type": "Feature", "properties": { "dep_id": "10149019", "site_name": "Clifford Mine", "dev_stat": "Past Producer", "code_list": " AU CU ", "target_commodity": "Gold", "lon": -112.34398, "lat": 45.6699 }, "geometry": { "type": "Point", "coordinates": [ -112.34398, 45.6699 ] } },
{ "type": "Feature", "properties": { "dep_id": "10149022", "site_name": "Geel", "dev_stat": "Prospect", "code_list": " AU AG ", "target_commodity": "Gold", "lon": -112.01976, "lat": 45.4482 }, "geometry": { "type": "Point", "coordinates": [ -112.01976, 45.4482 ] } },
{ "type": "Feature", "properties": { "dep_id": "10149026", "site_name": "Giant Mine", "dev_stat": "Occurrence", "code_list": " AU ", "target_commodity": "Gold", "lon": -112.16507, "lat": 45.5927 }, "geometry": { "type": "Point", "coordinates": [ -112.16507, 45.5927 ] } },
{ "type": "Feature", "properties": { "dep_id": "10149031", "site_name": "Stolen Sweets Mine", "dev_stat": "Unknown", "code_list": " AU AG ", "target_commodity": "Gold", "lon": -111.66867, "lat": 46.4393 }, "geometry": { "type": "Point", "coordinates": [ -111.66867, 46.4393 ] } },
{ "type": "Feature", "properties": { "dep_id": "10149038", "site_name": "Gray Eagle", "dev_stat": "Past Producer", "code_list": " AU CU ", "target_commodity": "Gold", "lon": -112.11307, "lat": 45.5499 }, "geometry": { "type": "Point", "coordinates": [ -112.11307, 45.5499 ] } },
{ "type": "Feature", "properties": { "dep_id": "10149039", "site_name": "Jefferson River Placers", "dev_stat": "Prospect", "code_list": " AU ", "target_commodity": "Gold", "lon": -111.21054, "lat": 45.60351 }, "geometry": { "type": "Point", "coordinates": [ -111.21054, 45.60351 ] } },
{ "type": "Feature", "properties": { "dep_id": "10149040", "site_name": "El Fleeda Mine", "dev_stat": "Past Producer", "code_list": " AU CU ", "target_commodity": "Gold", "lon": -111.95086, "lat": 45.2757 }, "geometry": { "type": "Point", "coordinates": [ -111.95086, 45.2757 ] } },
{ "type": "Feature", "properties": { "dep_id": "10149042", "site_name": "Big Foot Creek", "dev_stat": "Unknown", "code_list": " AU ", "target_commodity": "Gold", "lon": -112.14898, "lat": 46.1146 }, "geometry": { "type": "Point", "coordinates": [ -112.14898, 46.1146 ] } },
{ "type": "Feature", "properties": { "dep_id": "10149045", "site_name": "Matson Group", "dev_stat": "Prospect", "code_list": " PB AU ", "target_commodity": "Gold", "lon": -112.09168, "lat": 46.3588 }, "geometry": { "type": "Point", "coordinates": [ -112.09168, 46.3588 ] } },
{ "type": "Feature", "properties": { "dep_id": "10149060", "site_name": "Myles", "dev_stat": "Past Producer", "code_list": " AU AG ", "target_commodity": "Gold", "lon": -112.31559, "lat": 46.6049 }, "geometry": { "type": "Point", "coordinates": [ -112.31559, 46.6049 ] } },
{ "type": "Feature", "properties": { "dep_id": "10149061", "site_name": "Washington Bar Placer", "dev_stat": "Past Producer", "code_list": " AU ", "target_commodity": "Gold", "lon": -111.83146, "lat": 45.5041 }, "geometry": { "type": "Point", "coordinates": [ -111.83146, 45.5041 ] } },
{ "type": "Feature", "properties": { "dep_id": "10149064", "site_name": "Norwegian", "dev_stat": "Past Producer", "code_list": " AU AG ", "target_commodity": "Gold", "lon": -111.79946, "lat": 45.6007 }, "geometry": { "type": "Point", "coordinates": [ -111.79946, 45.6007 ] } },
{ "type": "Feature", "properties": { "dep_id": "10149080", "site_name": "Tuxedo Mine", "dev_stat": "Past Producer", "code_list": " AU AG ", "target_commodity": "Gold", "lon": -112.60089, "lat": 46.0691 }, "geometry": { "type": "Point", "coordinates": [ -112.60089, 46.0691 ] } },
{ "type": "Feature", "properties": { "dep_id": "10149083", "site_name": "East Katie", "dev_stat": "Past Producer", "code_list": " AU CU ", "target_commodity": "Gold", "lon": -112.26808, "lat": 46.2721 }, "geometry": { "type": "Point", "coordinates": [ -112.26808, 46.2721 ] } },
{ "type": "Feature", "properties": { "dep_id": "10149095", "site_name": "Mount Washington Mine", "dev_stat": "Past Producer", "code_list": " AU CU ", "target_commodity": "Gold", "lon": -112.14448, "lat": 46.3505 }, "geometry": { "type": "Point", "coordinates": [ -112.14448, 46.3505 ] } },
{ "type": "Feature", "properties": { "dep_id": "10149102", "site_name": "Iron Mine", "dev_stat": "Occurrence", "code_list": " FE AU ", "target_commodity": "Gold", "lon": -111.77336, "lat": 46.1666 }, "geometry": { "type": "Point", "coordinates": [ -111.77336, 46.1666 ] } },
{ "type": "Feature", "properties": { "dep_id": "10149105", "site_name": "Barton Gulch West Placers", "dev_stat": "Past Producer", "code_list": " AU ", "target_commodity": "Gold", "lon": -112.10146, "lat": 45.2191 }, "geometry": { "type": "Point", "coordinates": [ -112.10146, 45.2191 ] } },
{ "type": "Feature", "properties": { "dep_id": "10149106", "site_name": "Bob Lode", "dev_stat": "Unknown", "code_list": " AU AG ", "target_commodity": "Gold", "lon": -111.94917, "lat": 46.2496 }, "geometry": { "type": "Point", "coordinates": [ -111.94917, 46.2496 ] } },
{ "type": "Feature", "properties": { "dep_id": "10149109", "site_name": "Unnamed Mine", "dev_stat": "Prospect", "code_list": " AU ", "target_commodity": "Gold", "lon": -111.89506, "lat": 45.4746 }, "geometry": { "type": "Point", "coordinates": [ -111.89506, 45.4746 ] } },
{ "type": "Feature", "properties": { "dep_id": "10149111", "site_name": "Bell", "dev_stat": "Past Producer", "code_list": " AU ", "target_commodity": "Gold", "lon": -112.57199, "lat": 46.381 }, "geometry": { "type": "Point", "coordinates": [ -112.57199, 46.381 ] } },
{ "type": "Feature", "properties": { "dep_id": "10149116", "site_name": "Wolverine", "dev_stat": "Past Producer", "code_list": " AU ", "target_commodity": "Gold", "lon": -112.39059, "lat": 46.433 }, "geometry": { "type": "Point", "coordinates": [ -112.39059, 46.433 ] } },
{ "type": "Feature", "properties": { "dep_id": "10149120", "site_name": "M & B Placer", "dev_stat": "Past Producer", "code_list": " AU ", "target_commodity": "Gold", "lon": -112.04836, "lat": 45.3196 }, "geometry": { "type": "Point", "coordinates": [ -112.04836, 45.3196 ] } },
{ "type": "Feature", "properties": { "dep_id": "10149126", "site_name": "Hecla Mine", "dev_stat": "Past Producer", "code_list": " AU AG ", "target_commodity": "Gold", "lon": -112.68529, "lat": 45.6318 }, "geometry": { "type": "Point", "coordinates": [ -112.68529, 45.6318 ] } },
{ "type": "Feature", "properties": { "dep_id": "10159638", "site_name": "Unnamed Location", "dev_stat": "Occurrence", "code_list": " AU ", "target_commodity": "Gold", "lon": -111.42976, "lat": 46.6316 }, "geometry": { "type": "Point", "coordinates": [ -111.42976, 46.6316 ] } },
{ "type": "Feature", "properties": { "dep_id": "10159691", "site_name": "Willard Group", "dev_stat": "Past Producer", "code_list": " AU CU ", "target_commodity": "Gold", "lon": -111.90227, "lat": 46.4363 }, "geometry": { "type": "Point", "coordinates": [ -111.90227, 46.4363 ] } },
{ "type": "Feature", "properties": { "dep_id": "10159733", "site_name": "Eldorado & Plateau", "dev_stat": "Occurrence", "code_list": " AU PB ", "target_commodity": "Gold", "lon": -112.25698, "lat": 46.4141 }, "geometry": { "type": "Point", "coordinates": [ -112.25698, 46.4141 ] } },
{ "type": "Feature", "properties": { "dep_id": "10159759", "site_name": "Aurora Creek Placer", "dev_stat": "Past Producer", "code_list": " AU ", "target_commodity": "Gold", "lon": -111.83416, "lat": 45.4999 }, "geometry": { "type": "Point", "coordinates": [ -111.83416, 45.4999 ] } },
{ "type": "Feature", "properties": { "dep_id": "10167898", "site_name": "Leadville Nos. 1 and 2 Claims", "dev_stat": "Past Producer", "code_list": " AU SB ", "target_commodity": "Gold", "lon": -112.54339, "lat": 46.3138 }, "geometry": { "type": "Point", "coordinates": [ -112.54339, 46.3138 ] } },
{ "type": "Feature", "properties": { "dep_id": "10171876", "site_name": "Bar Gulch", "dev_stat": "Occurrence", "code_list": " AU ", "target_commodity": "Gold", "lon": -111.63007, "lat": 46.7032 }, "geometry": { "type": "Point", "coordinates": [ -111.63007, 46.7032 ] } },
{ "type": "Feature", "properties": { "dep_id": "10171881", "site_name": "Stray Horse", "dev_stat": "Past Producer", "code_list": " AU PB ", "target_commodity": "Gold", "lon": -111.69837, "lat": 46.4041 }, "geometry": { "type": "Point", "coordinates": [ -111.69837, 46.4041 ] } },
{ "type": "Feature", "properties": { "dep_id": "10171930", "site_name": "Silver Wave", "dev_stat": "Past Producer", "code_list": " AU PB ", "target_commodity": "Gold", "lon": -111.69586, "lat": 46.3332 }, "geometry": { "type": "Point", "coordinates": [ -111.69586, 46.3332 ] } },
{ "type": "Feature", "properties": { "dep_id": "10171961", "site_name": "Sadie", "dev_stat": "Past Producer", "code_list": " AU ", "target_commodity": "Gold", "lon": -111.74366, "lat": 46.2499 }, "geometry": { "type": "Point", "coordinates": [ -111.74366, 46.2499 ] } },
{ "type": "Feature", "properties": { "dep_id": "10171982", "site_name": "White", "dev_stat": "Prospect", "code_list": " AU PB ", "target_commodity": "Gold", "lon": -111.54447, "lat": 46.7271 }, "geometry": { "type": "Point", "coordinates": [ -111.54447, 46.7271 ] } },
{ "type": "Feature", "properties": { "dep_id": "10171992", "site_name": "Park-New Era", "dev_stat": "Unknown", "code_list": " AU CU ", "target_commodity": "Gold", "lon": -111.71197, "lat": 46.361 }, "geometry": { "type": "Point", "coordinates": [ -111.71197, 46.361 ] } },
{ "type": "Feature", "properties": { "dep_id": "10171994", "site_name": "Unknown", "dev_stat": "Unknown", "code_list": " AU CU ", "target_commodity": "Gold", "lon": -112.80809, "lat": 45.5041 }, "geometry": { "type": "Point", "coordinates": [ -112.80809, 45.5041 ] } },
{ "type": "Feature", "properties": { "dep_id": "10172001", "site_name": "Kelly No. 1 Mine", "dev_stat": "Unknown", "code_list": " AU PB ", "target_commodity": "Gold", "lon": -111.65057, "lat": 46.523 }, "geometry": { "type": "Point", "coordinates": [ -111.65057, 46.523 ] } },
{ "type": "Feature", "properties": { "dep_id": "10172013", "site_name": "Rattlesnack Creek Placer", "dev_stat": "Occurrence", "code_list": " AU ", "target_commodity": "Gold", "lon": -112.81588, "lat": 45.2702 }, "geometry": { "type": "Point", "coordinates": [ -112.81588, 45.2702 ] } },
{ "type": "Feature", "properties": { "dep_id": "10172019", "site_name": "Kanoka", "dev_stat": "Unknown", "code_list": " AU ", "target_commodity": "Gold", "lon": -111.71196, "lat": 46.1927 }, "geometry": { "type": "Point", "coordinates": [ -111.71196, 46.1927 ] } },
{ "type": "Feature", "properties": { "dep_id": "10172038", "site_name": "Thompson Gulch", "dev_stat": "Occurrence", "code_list": " AU ", "target_commodity": "Gold", "lon": -111.51256, "lat": 46.7302 }, "geometry": { "type": "Point", "coordinates": [ -111.51256, 46.7302 ] } },
{ "type": "Feature", "properties": { "dep_id": "10172101", "site_name": "Jawbone", "dev_stat": "Past Producer", "code_list": " AU ", "target_commodity": "Gold", "lon": -111.71727, "lat": 46.3646 }, "geometry": { "type": "Point", "coordinates": [ -111.71727, 46.3646 ] } },
{ "type": "Feature", "properties": { "dep_id": "10172130", "site_name": "Unnamed Location", "dev_stat": "Occurrence", "code_list": " AU CU ", "target_commodity": "Gold", "lon": -111.59696, "lat": 46.2955 }, "geometry": { "type": "Point", "coordinates": [ -111.59696, 46.2955 ] } },
{ "type": "Feature", "properties": { "dep_id": "10172162", "site_name": "Shep", "dev_stat": "Past Producer", "code_list": " AU ", "target_commodity": "Gold", "lon": -111.67416, "lat": 46.3538 }, "geometry": { "type": "Point", "coordinates": [ -111.67416, 46.3538 ] } },
{ "type": "Feature", "properties": { "dep_id": "10172299", "site_name": "Toronto", "dev_stat": "Occurrence", "code_list": " AU AG ", "target_commodity": "Gold", "lon": -111.73417, "lat": 46.3463 }, "geometry": { "type": "Point", "coordinates": [ -111.73417, 46.3463 ] } },
{ "type": "Feature", "properties": { "dep_id": "10172338", "site_name": "Frying Pan Basin Placer", "dev_stat": "Prospect", "code_list": " AU ", "target_commodity": "Gold", "lon": -112.72008, "lat": 45.2838 }, "geometry": { "type": "Point", "coordinates": [ -112.72008, 45.2838 ] } },
{ "type": "Feature", "properties": { "dep_id": "10172349", "site_name": "Hellgate Gulch", "dev_stat": "Occurrence", "code_list": " AU ", "target_commodity": "Gold", "lon": -111.54417, "lat": 46.7416 }, "geometry": { "type": "Point", "coordinates": [ -111.54417, 46.7416 ] } },
{ "type": "Feature", "properties": { "dep_id": "10172354", "site_name": "Cross Mine", "dev_stat": "Past Producer", "code_list": " PB AU ", "target_commodity": "Gold", "lon": -111.73197, "lat": 46.3441 }, "geometry": { "type": "Point", "coordinates": [ -111.73197, 46.3441 ] } },
{ "type": "Feature", "properties": { "dep_id": "10172409", "site_name": "Queen Bee Mine", "dev_stat": "Occurrence", "code_list": " AU ", "target_commodity": "Gold", "lon": -111.70447, "lat": 46.3349 }, "geometry": { "type": "Point", "coordinates": [ -111.70447, 46.3349 ] } },
{ "type": "Feature", "properties": { "dep_id": "10172493", "site_name": "North Butte", "dev_stat": "Unknown", "code_list": " AU ", "target_commodity": "Gold", "lon": -111.64616, "lat": 46.1988 }, "geometry": { "type": "Point", "coordinates": [ -111.64616, 46.1988 ] } },
{ "type": "Feature", "properties": { "dep_id": "10172503", "site_name": "Acme Mine", "dev_stat": "Occurrence", "code_list": " AU AG ", "target_commodity": "Gold", "lon": -111.77667, "lat": 46.5071 }, "geometry": { "type": "Point", "coordinates": [ -111.77667, 46.5071 ] } },
{ "type": "Feature", "properties": { "dep_id": "10172573", "site_name": "Marietta", "dev_stat": "Past Producer", "code_list": " AU AG ", "target_commodity": "Gold", "lon": -111.70587, "lat": 46.3649 }, "geometry": { "type": "Point", "coordinates": [ -111.70587, 46.3649 ] } },
{ "type": "Feature", "properties": { "dep_id": "10172584", "site_name": "Martha W Mine", "dev_stat": "Occurrence", "code_list": " AU ", "target_commodity": "Gold", "lon": -111.66667, "lat": 46.4507 }, "geometry": { "type": "Point", "coordinates": [ -111.66667, 46.4507 ] } },
{ "type": "Feature", "properties": { "dep_id": "10172636", "site_name": "Gold Bug & Mary Rose Mine", "dev_stat": "Past Producer", "code_list": " AU CU ", "target_commodity": "Gold", "lon": -111.65396, "lat": 46.2805 }, "geometry": { "type": "Point", "coordinates": [ -111.65396, 46.2805 ] } },
{ "type": "Feature", "properties": { "dep_id": "10172669", "site_name": "Mary Sue Placer", "dev_stat": "Prospect", "code_list": " AU ", "target_commodity": "Gold", "lon": -111.29476, "lat": 46.61211 }, "geometry": { "type": "Point", "coordinates": [ -111.29476, 46.61211 ] } },
{ "type": "Feature", "properties": { "dep_id": "10172673", "site_name": "North Star", "dev_stat": "Prospect", "code_list": " AU ", "target_commodity": "Gold", "lon": -111.65476, "lat": 46.1932 }, "geometry": { "type": "Point", "coordinates": [ -111.65476, 46.1932 ] } },
{ "type": "Feature", "properties": { "dep_id": "10172680", "site_name": "Gold Nugget Mine", "dev_stat": "Unknown", "code_list": " AU ", "target_commodity": "Gold", "lon": -112.48918, "lat": 45.623 }, "geometry": { "type": "Point", "coordinates": [ -112.48918, 45.623 ] } },
{ "type": "Feature", "properties": { "dep_id": "10172690", "site_name": "Homestake Creek & Tributaries", "dev_stat": "Occurrence", "code_list": " AU AG ", "target_commodity": "Gold", "lon": -112.39728, "lat": 45.9391 }, "geometry": { "type": "Point", "coordinates": [ -112.39728, 45.9391 ] } },
{ "type": "Feature", "properties": { "dep_id": "10172694", "site_name": "Red Wing", "dev_stat": "Past Producer", "code_list": " PB AU ", "target_commodity": "Gold", "lon": -112.21698, "lat": 46.3071 }, "geometry": { "type": "Point", "coordinates": [ -112.21698, 46.3071 ] } },
{ "type": "Feature", "properties": { "dep_id": "10172701", "site_name": "Treasure Mountain Mine", "dev_stat": "Occurrence", "code_list": " AU CU ", "target_commodity": "Gold", "lon": -112.40509, "lat": 46.4749 }, "geometry": { "type": "Point", "coordinates": [ -112.40509, 46.4749 ] } },
{ "type": "Feature", "properties": { "dep_id": "10172705", "site_name": "Apex Mine", "dev_stat": "Past Producer", "code_list": " AU ", "target_commodity": "Gold", "lon": -111.97586, "lat": 45.2396 }, "geometry": { "type": "Point", "coordinates": [ -111.97586, 45.2396 ] } },
{ "type": "Feature", "properties": { "dep_id": "10172712", "site_name": "Armstrong", "dev_stat": "Past Producer", "code_list": " AU ", "target_commodity": "Gold", "lon": -112.28369, "lat": 46.4807 }, "geometry": { "type": "Point", "coordinates": [ -112.28369, 46.4807 ] } },
{ "type": "Feature", "properties": { "dep_id": "10172723", "site_name": "Corncracker Mine", "dev_stat": "Past Producer", "code_list": " AU PB ", "target_commodity": "Gold", "lon": -112.20277, "lat": 45.5366 }, "geometry": { "type": "Point", "coordinates": [ -112.20277, 45.5366 ] } },
{ "type": "Feature", "properties": { "dep_id": "10172729", "site_name": "Eureka Gulch Placer Mines", "dev_stat": "Unknown", "code_list": " AU ", "target_commodity": "Gold", "lon": -112.5378, "lat": 46.648 }, "geometry": { "type": "Point", "coordinates": [ -112.5378, 46.648 ] } },
{ "type": "Feature", "properties": { "dep_id": "10172733", "site_name": "Rock Rose", "dev_stat": "Occurrence", "code_list": " AU PB ", "target_commodity": "Gold", "lon": -112.12168, "lat": 46.6277 }, "geometry": { "type": "Point", "coordinates": [ -112.12168, 46.6277 ] } },
{ "type": "Feature", "properties": { "dep_id": "10172740", "site_name": "Blue Bucket", "dev_stat": "Prospect", "code_list": " AU CU ", "target_commodity": "Gold", "lon": -111.68947, "lat": 46.4499 }, "geometry": { "type": "Point", "coordinates": [ -111.68947, 46.4499 ] } },
{ "type": "Feature", "properties": { "dep_id": "10172750", "site_name": "Muskrat Creek Placer", "dev_stat": "Prospect", "code_list": " AU ", "target_commodity": "Gold", "lon": -112.07898, "lat": 46.2738 }, "geometry": { "type": "Point", "coordinates": [ -112.07898, 46.2738 ] } },
{ "type": "Feature", "properties": { "dep_id": "10172752", "site_name": "Victoria Group", "dev_stat": "Occurrence", "code_list": " AU AG ", "target_commodity": "Gold", "lon": -111.73697, "lat": 46.4166 }, "geometry": { "type": "Point", "coordinates": [ -111.73697, 46.4166 ] } },
{ "type": "Feature", "properties": { "dep_id": "10172758", "site_name": "Bismark-Nugget Adits", "dev_stat": "Past Producer", "code_list": " AU CU ", "target_commodity": "Gold", "lon": -112.18897, "lat": 45.5405 }, "geometry": { "type": "Point", "coordinates": [ -112.18897, 45.5405 ] } },
{ "type": "Feature", "properties": { "dep_id": "10172760", "site_name": "Pretty Girl Placer", "dev_stat": "Producer", "code_list": " AU ", "target_commodity": "Gold", "lon": -112.10368, "lat": 46.546 }, "geometry": { "type": "Point", "coordinates": [ -112.10368, 46.546 ] } },
{ "type": "Feature", "properties": { "dep_id": "10172763", "site_name": "Pearl Mine", "dev_stat": "Past Producer", "code_list": " AU AG ", "target_commodity": "Gold", "lon": -112.27979, "lat": 46.591 }, "geometry": { "type": "Point", "coordinates": [ -112.27979, 46.591 ] } },
{ "type": "Feature", "properties": { "dep_id": "10172764", "site_name": "Smuggler Mine", "dev_stat": "Past Producer", "code_list": " AU AG ", "target_commodity": "Gold", "lon": -112.03776, "lat": 45.4818 }, "geometry": { "type": "Point", "coordinates": [ -112.03776, 45.4818 ] } },
{ "type": "Feature", "properties": { "dep_id": "10172771", "site_name": "American Flag", "dev_stat": "Prospect", "code_list": " AU ", "target_commodity": "Gold", "lon": -112.23448, "lat": 46.4735 }, "geometry": { "type": "Point", "coordinates": [ -112.23448, 46.4735 ] } },
{ "type": "Feature", "properties": { "dep_id": "10172778", "site_name": "Minneapolis", "dev_stat": "Past Producer", "code_list": " PB AU ", "target_commodity": "Gold", "lon": -112.23308, "lat": 46.2963 }, "geometry": { "type": "Point", "coordinates": [ -112.23308, 46.2963 ] } },
{ "type": "Feature", "properties": { "dep_id": "10172784", "site_name": "Michener Property", "dev_stat": "Occurrence", "code_list": " AU ", "target_commodity": "Gold", "lon": -111.25913, "lat": 45.26801 }, "geometry": { "type": "Point", "coordinates": [ -111.25913, 45.26801 ] } },
{ "type": "Feature", "properties": { "dep_id": "10172792", "site_name": "Totten Mine", "dev_stat": "Occurrence", "code_list": " AU BI ", "target_commodity": "Gold", "lon": -112.19198, "lat": 46.3424 }, "geometry": { "type": "Point", "coordinates": [ -112.19198, 46.3424 ] } },
{ "type": "Feature", "properties": { "dep_id": "10172793", "site_name": "Alder Gulch Project", "dev_stat": "Plant", "code_list": " AU ", "target_commodity": "Gold", "lon": -111.95306, "lat": 45.2282 }, "geometry": { "type": "Point", "coordinates": [ -111.95306, 45.2282 ] } },
{ "type": "Feature", "properties": { "dep_id": "10172794", "site_name": "Don-A-Vera", "dev_stat": "Past Producer", "code_list": " AU AG ", "target_commodity": "Gold", "lon": -111.91196, "lat": 45.2832 }, "geometry": { "type": "Point", "coordinates": [ -111.91196, 45.2832 ] } },
{ "type": "Feature", "properties": { "dep_id": "10172821", "site_name": "Red Wing", "dev_stat": "Past Producer", "code_list": " AU ", "target_commodity": "Gold", "lon": -112.47978, "lat": 45.8071 }, "geometry": { "type": "Point", "coordinates": [ -112.47978, 45.8071 ] } },
{ "type": "Feature", "properties": { "dep_id": "10172823", "site_name": "Mountain Cliff", "dev_stat": "Past Producer", "code_list": " AU PB ", "target_commodity": "Gold", "lon": -111.96056, "lat": 45.6688 }, "geometry": { "type": "Point", "coordinates": [ -111.96056, 45.6688 ] } },
{ "type": "Feature", "properties": { "dep_id": "10172829", "site_name": "Silver Coin", "dev_stat": "Past Producer", "code_list": " AU ", "target_commodity": "Gold", "lon": -112.14368, "lat": 46.6132 }, "geometry": { "type": "Point", "coordinates": [ -112.14368, 46.6132 ] } },
{ "type": "Feature", "properties": { "dep_id": "10172832", "site_name": "Thompson Creek", "dev_stat": "Unknown", "code_list": " AU ", "target_commodity": "Gold", "lon": -111.20305, "lat": 46.53431 }, "geometry": { "type": "Point", "coordinates": [ -111.20305, 46.53431 ] } },
{ "type": "Feature", "properties": { "dep_id": "10172835", "site_name": "Basin Goldfields", "dev_stat": "Past Producer", "code_list": " AU CU ", "target_commodity": "Gold", "lon": -112.29838, "lat": 46.2802 }, "geometry": { "type": "Point", "coordinates": [ -112.29838, 46.2802 ] } },
{ "type": "Feature", "properties": { "dep_id": "10172842", "site_name": "Bonanza Jack", "dev_stat": "Past Producer", "code_list": " AU ", "target_commodity": "Gold", "lon": -112.28028, "lat": 46.2721 }, "geometry": { "type": "Point", "coordinates": [ -112.28028, 46.2721 ] } },
{ "type": "Feature", "properties": { "dep_id": "10172845", "site_name": "Heller Prospect Adit 1", "dev_stat": "Past Producer", "code_list": " AU CU ", "target_commodity": "Gold", "lon": -112.20167, "lat": 45.5255 }, "geometry": { "type": "Point", "coordinates": [ -112.20167, 45.5255 ] } },
{ "type": "Feature", "properties": { "dep_id": "10172850", "site_name": "Thunderbolt Mountain Prospect", "dev_stat": "Prospect", "code_list": " AU AG ", "target_commodity": "Gold", "lon": -112.45509, "lat": 46.3277 }, "geometry": { "type": "Point", "coordinates": [ -112.45509, 46.3277 ] } },
{ "type": "Feature", "properties": { "dep_id": "10172855", "site_name": "Eagle Hill and Iron Bar Lodes", "dev_stat": "Prospect", "code_list": " AU AG ", "target_commodity": "Gold", "lon": -111.92727, "lat": 46.2691 }, "geometry": { "type": "Point", "coordinates": [ -111.92727, 46.2691 ] } },
{ "type": "Feature", "properties": { "dep_id": "10172856", "site_name": "Columbus", "dev_stat": "Past Producer", "code_list": " AU AG ", "target_commodity": "Gold", "lon": -112.28308, "lat": 46.2874 }, "geometry": { "type": "Point", "coordinates": [ -112.28308, 46.2874 ] } },
{ "type": "Feature", "properties": { "dep_id": "10172858", "site_name": "Perry & Schroder", "dev_stat": "Unknown", "code_list": " AU ", "target_commodity": "Gold", "lon": -111.73337, "lat": 46.6571 }, "geometry": { "type": "Point", "coordinates": [ -111.73337, 46.6571 ] } },
{ "type": "Feature", "properties": { "dep_id": "10172859", "site_name": "Hattie N.", "dev_stat": "Past Producer", "code_list": " AU CU ", "target_commodity": "Gold", "lon": -112.33699, "lat": 46.4571 }, "geometry": { "type": "Point", "coordinates": [ -112.33699, 46.4571 ] } },
{ "type": "Feature", "properties": { "dep_id": "10172860", "site_name": "Lena Mine", "dev_stat": "Unknown", "code_list": " AU PB ", "target_commodity": "Gold", "lon": -112.33418, "lat": 45.9238 }, "geometry": { "type": "Point", "coordinates": [ -112.33418, 45.9238 ] } },
{ "type": "Feature", "properties": { "dep_id": "10172871", "site_name": "Silver Creek", "dev_stat": "Past Producer", "code_list": " AU ", "target_commodity": "Gold", "lon": -112.17419, "lat": 46.7455 }, "geometry": { "type": "Point", "coordinates": [ -112.17419, 46.7455 ] } },
{ "type": "Feature", "properties": { "dep_id": "10172872", "site_name": "Warm Springs Creek", "dev_stat": "Occurrence", "code_list": " AU AG ", "target_commodity": "Gold", "lon": -111.96478, "lat": 46.4388 }, "geometry": { "type": "Point", "coordinates": [ -111.96478, 46.4388 ] } },
{ "type": "Feature", "properties": { "dep_id": "10172877", "site_name": "Minnie Healy", "dev_stat": "Unknown", "code_list": " CU AU ", "target_commodity": "Gold", "lon": -112.4709, "lat": 46.6791 }, "geometry": { "type": "Point", "coordinates": [ -112.4709, 46.6791 ] } },
{ "type": "Feature", "properties": { "dep_id": "10172881", "site_name": "Humphrey Placer", "dev_stat": "Occurrence", "code_list": " AU ", "target_commodity": "Gold", "lon": -111.67506, "lat": 46.3221 }, "geometry": { "type": "Point", "coordinates": [ -111.67506, 46.3221 ] } },
{ "type": "Feature", "properties": { "dep_id": "10172885", "site_name": "Unnamed Placer", "dev_stat": "Unknown", "code_list": " AU ", "target_commodity": "Gold", "lon": -112.35169, "lat": 46.3749 }, "geometry": { "type": "Point", "coordinates": [ -112.35169, 46.3749 ] } },
{ "type": "Feature", "properties": { "dep_id": "10172890", "site_name": "Aurora Mine", "dev_stat": "Occurrence", "code_list": " AU CU ", "target_commodity": "Gold", "lon": -111.88307, "lat": 46.5368 }, "geometry": { "type": "Point", "coordinates": [ -111.88307, 46.5368 ] } },
{ "type": "Feature", "properties": { "dep_id": "10172896", "site_name": "Unnamed Mine", "dev_stat": "Past Producer", "code_list": " AU PB ", "target_commodity": "Gold", "lon": -112.40478, "lat": 46.0188 }, "geometry": { "type": "Point", "coordinates": [ -112.40478, 46.0188 ] } },
{ "type": "Feature", "properties": { "dep_id": "10172898", "site_name": "Wildcat & Line", "dev_stat": "Occurrence", "code_list": " AU ", "target_commodity": "Gold", "lon": -111.85917, "lat": 46.3188 }, "geometry": { "type": "Point", "coordinates": [ -111.85917, 46.3188 ] } },
{ "type": "Feature", "properties": { "dep_id": "10172905", "site_name": "Bell Mine", "dev_stat": "Unknown", "code_list": " AU CU ", "target_commodity": "Gold", "lon": -112.17088, "lat": 46.371 }, "geometry": { "type": "Point", "coordinates": [ -112.17088, 46.371 ] } },
{ "type": "Feature", "properties": { "dep_id": "10172908", "site_name": "B & G Mine", "dev_stat": "Past Producer", "code_list": " AU CU ", "target_commodity": "Gold", "lon": -111.90087, "lat": 46.4121 }, "geometry": { "type": "Point", "coordinates": [ -111.90087, 46.4121 ] } },
{ "type": "Feature", "properties": { "dep_id": "10172916", "site_name": "Scalded Cat Mine", "dev_stat": "Prospect", "code_list": " AU CU ", "target_commodity": "Gold", "lon": -111.93556, "lat": 45.6596 }, "geometry": { "type": "Point", "coordinates": [ -111.93556, 45.6596 ] } },
{ "type": "Feature", "properties": { "dep_id": "10172917", "site_name": "Butte Cardwell", "dev_stat": "Past Producer", "code_list": " CU AU ", "target_commodity": "Gold", "lon": -111.92806, "lat": 45.8632 }, "geometry": { "type": "Point", "coordinates": [ -111.92806, 45.8632 ] } },
{ "type": "Feature", "properties": { "dep_id": "10172921", "site_name": "Ore Cache", "dev_stat": "Past Producer", "code_list": " AU AG ", "target_commodity": "Gold", "lon": -111.92165, "lat": 45.2146 }, "geometry": { "type": "Point", "coordinates": [ -111.92165, 45.2146 ] } },
{ "type": "Feature", "properties": { "dep_id": "10172927", "site_name": "Bismark", "dev_stat": "Past Producer", "code_list": " AU CU ", "target_commodity": "Gold", "lon": -112.13868, "lat": 46.3118 }, "geometry": { "type": "Point", "coordinates": [ -112.13868, 46.3118 ] } },
{ "type": "Feature", "properties": { "dep_id": "10172929", "site_name": "Nannie Brown Mine", "dev_stat": "Occurrence", "code_list": " AU AG ", "target_commodity": "Gold", "lon": -112.41398, "lat": 45.9685 }, "geometry": { "type": "Point", "coordinates": [ -112.41398, 45.9685 ] } },
{ "type": "Feature", "properties": { "dep_id": "10172942", "site_name": "Prospect Mine", "dev_stat": "Past Producer", "code_list": " AU CU ", "target_commodity": "Gold", "lon": -111.96446, "lat": 45.2899 }, "geometry": { "type": "Point", "coordinates": [ -111.96446, 45.2899 ] } },
{ "type": "Feature", "properties": { "dep_id": "10172946", "site_name": "Shannon Mine", "dev_stat": "Unknown", "code_list": " AU AG ", "target_commodity": "Gold", "lon": -112.33559, "lat": 46.7341 }, "geometry": { "type": "Point", "coordinates": [ -112.33559, 46.7341 ] } },
{ "type": "Feature", "properties": { "dep_id": "10172948", "site_name": "Joe Dandy", "dev_stat": "Past Producer", "code_list": " AU ", "target_commodity": "Gold", "lon": -111.65866, "lat": 46.4282 }, "geometry": { "type": "Point", "coordinates": [ -111.65866, 46.4282 ] } },
{ "type": "Feature", "properties": { "dep_id": "10172953", "site_name": "Lotta Mine", "dev_stat": "Past Producer", "code_list": " AU AG ", "target_commodity": "Gold", "lon": -112.28168, "lat": 46.2791 }, "geometry": { "type": "Point", "coordinates": [ -112.28168, 46.2791 ] } },
{ "type": "Feature", "properties": { "dep_id": "10172958", "site_name": "Park Prospect", "dev_stat": "Prospect", "code_list": " AU AG ", "target_commodity": "Gold", "lon": -112.55119, "lat": 46.3068 }, "geometry": { "type": "Point", "coordinates": [ -112.55119, 46.3068 ] } },
{ "type": "Feature", "properties": { "dep_id": "10172963", "site_name": "Mueller Mine", "dev_stat": "Past Producer", "code_list": " AU PB ", "target_commodity": "Gold", "lon": -112.59558, "lat": 45.518 }, "geometry": { "type": "Point", "coordinates": [ -112.59558, 45.518 ] } },
{ "type": "Feature", "properties": { "dep_id": "10172965", "site_name": "Solar Silver Mine", "dev_stat": "Prospect", "code_list": " PB AU ", "target_commodity": "Gold", "lon": -111.88027, "lat": 46.3318 }, "geometry": { "type": "Point", "coordinates": [ -111.88027, 46.3318 ] } },
{ "type": "Feature", "properties": { "dep_id": "10172968", "site_name": "Clark Gulch", "dev_stat": "Past Producer", "code_list": " AU ", "target_commodity": "Gold", "lon": -111.74197, "lat": 46.676 }, "geometry": { "type": "Point", "coordinates": [ -111.74197, 46.676 ] } },
{ "type": "Feature", "properties": { "dep_id": "10172982", "site_name": "Barry Dean Mine", "dev_stat": "Past Producer", "code_list": " AU ", "target_commodity": "Gold", "lon": -112.58729, "lat": 46.3746 }, "geometry": { "type": "Point", "coordinates": [ -112.58729, 46.3746 ] } },
{ "type": "Feature", "properties": { "dep_id": "10172984", "site_name": "Silver Cross Mine", "dev_stat": "Occurrence", "code_list": " AU CU ", "target_commodity": "Gold", "lon": -112.09448, "lat": 46.6832 }, "geometry": { "type": "Point", "coordinates": [ -112.09448, 46.6832 ] } },
{ "type": "Feature", "properties": { "dep_id": "10172990", "site_name": "New Deal", "dev_stat": "Unknown", "code_list": " AU AG ", "target_commodity": "Gold", "lon": -112.24168, "lat": 45.958 }, "geometry": { "type": "Point", "coordinates": [ -112.24168, 45.958 ] } },
{ "type": "Feature", "properties": { "dep_id": "10172992", "site_name": "Lipton Mine", "dev_stat": "Unknown", "code_list": " AU AG ", "target_commodity": "Gold", "lon": -111.75445, "lat": 45.5466 }, "geometry": { "type": "Point", "coordinates": [ -111.75445, 45.5466 ] } },
{ "type": "Feature", "properties": { "dep_id": "10172998", "site_name": "Dullea Adit 1", "dev_stat": "Prospect", "code_list": " AU CU ", "target_commodity": "Gold", "lon": -112.18947, "lat": 45.5374 }, "geometry": { "type": "Point", "coordinates": [ -112.18947, 45.5374 ] } },
{ "type": "Feature", "properties": { "dep_id": "10172999", "site_name": "Sampson Mine", "dev_stat": "Unknown", "code_list": " AU PB ", "target_commodity": "Gold", "lon": -111.99446, "lat": 45.2843 }, "geometry": { "type": "Point", "coordinates": [ -111.99446, 45.2843 ] } },
{ "type": "Feature", "properties": { "dep_id": "10173000", "site_name": "Montana Resources (Butte/Berkely/Continental)", "dev_stat": "Producer", "code_list": " CU AU PB ", "target_commodity": "Gold", "lon": -112.52729, "lat": 46.0202 }, "geometry": { "type": "Point", "coordinates": [ -112.52729, 46.0202 ] } },
{ "type": "Feature", "properties": { "dep_id": "10173002", "site_name": "Badger", "dev_stat": "Past Producer", "code_list": " AU CU ", "target_commodity": "Gold", "lon": -111.92807, "lat": 46.4441 }, "geometry": { "type": "Point", "coordinates": [ -111.92807, 46.4441 ] } },
{ "type": "Feature", "properties": { "dep_id": "10173008", "site_name": "Pioneer Mines", "dev_stat": "Past Producer", "code_list": " AG AU ", "target_commodity": "Gold", "lon": -111.67366, "lat": 46.321 }, "geometry": { "type": "Point", "coordinates": [ -111.67366, 46.321 ] } },
{ "type": "Feature", "properties": { "dep_id": "10173009", "site_name": "Exl", "dev_stat": "Past Producer", "code_list": " AU ", "target_commodity": "Gold", "lon": -112.43618, "lat": 45.7988 }, "geometry": { "type": "Point", "coordinates": [ -112.43618, 45.7988 ] } },
{ "type": "Feature", "properties": { "dep_id": "10173015", "site_name": "Black Bear", "dev_stat": "Occurrence", "code_list": " AU AG ", "target_commodity": "Gold", "lon": -111.88397, "lat": 46.4193 }, "geometry": { "type": "Point", "coordinates": [ -111.88397, 46.4193 ] } },
{ "type": "Feature", "properties": { "dep_id": "10173023", "site_name": "King Shaft", "dev_stat": "Occurrence", "code_list": " AU AG ", "target_commodity": "Gold", "lon": -112.35147, "lat": 45.6166 }, "geometry": { "type": "Point", "coordinates": [ -112.35147, 45.6166 ] } },
{ "type": "Feature", "properties": { "dep_id": "10173028", "site_name": "Whitetail", "dev_stat": "Past Producer", "code_list": " AU ", "target_commodity": "Gold", "lon": -112.13228, "lat": 46.1935 }, "geometry": { "type": "Point", "coordinates": [ -112.13228, 46.1935 ] } },
{ "type": "Feature", "properties": { "dep_id": "10173041", "site_name": "Spokane Bar", "dev_stat": "Past Producer", "code_list": " AU GEM ", "target_commodity": "Gold", "lon": -111.81617, "lat": 46.6671 }, "geometry": { "type": "Point", "coordinates": [ -111.81617, 46.6671 ] } },
{ "type": "Feature", "properties": { "dep_id": "10173052", "site_name": "Ophir Creek", "dev_stat": "Unknown", "code_list": " AU ", "target_commodity": "Gold", "lon": -112.5517, "lat": 46.6655 }, "geometry": { "type": "Point", "coordinates": [ -112.5517, 46.6655 ] } },
{ "type": "Feature", "properties": { "dep_id": "10173053", "site_name": "Kennett-Bertha Mine", "dev_stat": "Past Producer", "code_list": " AU AG ", "target_commodity": "Gold", "lon": -111.86806, "lat": 45.3402 }, "geometry": { "type": "Point", "coordinates": [ -111.86806, 45.3402 ] } },
{ "type": "Feature", "properties": { "dep_id": "10173055", "site_name": "May Lilly", "dev_stat": "Past Producer", "code_list": " AU AG ", "target_commodity": "Gold", "lon": -112.26528, "lat": 46.4174 }, "geometry": { "type": "Point", "coordinates": [ -112.26528, 46.4174 ] } },
{ "type": "Feature", "properties": { "dep_id": "10173065", "site_name": "Washington Gulch", "dev_stat": "Past Producer", "code_list": " AU ", "target_commodity": "Gold", "lon": -112.6762, "lat": 46.7805 }, "geometry": { "type": "Point", "coordinates": [ -112.6762, 46.7805 ] } },
{ "type": "Feature", "properties": { "dep_id": "10173083", "site_name": "Monte Christo", "dev_stat": "Occurrence", "code_list": " AU CU ", "target_commodity": "Gold", "lon": -112.09478, "lat": 46.393 }, "geometry": { "type": "Point", "coordinates": [ -112.09478, 46.393 ] } },
{ "type": "Feature", "properties": { "dep_id": "10173109", "site_name": "Argentine Mine", "dev_stat": "Producer", "code_list": " PB AU ", "target_commodity": "Gold", "lon": -112.19978, "lat": 46.3899 }, "geometry": { "type": "Point", "coordinates": [ -112.19978, 46.3899 ] } },
{ "type": "Feature", "properties": { "dep_id": "10173110", "site_name": "Lowland Creek", "dev_stat": "Occurrence", "code_list": " AU AG ", "target_commodity": "Gold", "lon": -112.34088, "lat": 46.2435 }, "geometry": { "type": "Point", "coordinates": [ -112.34088, 46.2435 ] } },
{ "type": "Feature", "properties": { "dep_id": "10173112", "site_name": "Tom Mcmillin", "dev_stat": "Past Producer", "code_list": " AU ", "target_commodity": "Gold", "lon": -111.29526, "lat": 46.62241 }, "geometry": { "type": "Point", "coordinates": [ -111.29526, 46.62241 ] } },
{ "type": "Feature", "properties": { "dep_id": "10173116", "site_name": "Reservoir and Ophir Patents", "dev_stat": "Occurrence", "code_list": " AU ", "target_commodity": "Gold", "lon": -112.5476, "lat": 46.6755 }, "geometry": { "type": "Point", "coordinates": [ -112.5476, 46.6755 ] } },
{ "type": "Feature", "properties": { "dep_id": "10173121", "site_name": "Bunblebee", "dev_stat": "Unknown", "code_list": " CU AU ", "target_commodity": "Gold", "lon": -112.4831, "lat": 46.7066 }, "geometry": { "type": "Point", "coordinates": [ -112.4831, 46.7066 ] } },
{ "type": "Feature", "properties": { "dep_id": "10173123", "site_name": "Unnamed Gold", "dev_stat": "Occurrence", "code_list": " AU ", "target_commodity": "Gold", "lon": -112.02728, "lat": 46.5777 }, "geometry": { "type": "Point", "coordinates": [ -112.02728, 46.5777 ] } },
{ "type": "Feature", "properties": { "dep_id": "10173124", "site_name": "Bluebird", "dev_stat": "Prospect", "code_list": " AU ", "target_commodity": "Gold", "lon": -112.42559, "lat": 46.4713 }, "geometry": { "type": "Point", "coordinates": [ -112.42559, 46.4713 ] } },
{ "type": "Feature", "properties": { "dep_id": "10173128", "site_name": "Ruby River Placers", "dev_stat": "Past Producer", "code_list": " AU ", "target_commodity": "Gold", "lon": -112.11116, "lat": 45.2421 }, "geometry": { "type": "Point", "coordinates": [ -112.11116, 45.2421 ] } },
{ "type": "Feature", "properties": { "dep_id": "10173134", "site_name": "Richard Mullens Property", "dev_stat": "Unknown", "code_list": " AU PB ", "target_commodity": "Gold", "lon": -112.62008, "lat": 45.648 }, "geometry": { "type": "Point", "coordinates": [ -112.62008, 45.648 ] } },
{ "type": "Feature", "properties": { "dep_id": "10173135", "site_name": "Wilson Mine", "dev_stat": "Unknown", "code_list": " AU AG ", "target_commodity": "Gold", "lon": -112.14117, "lat": 45.5605 }, "geometry": { "type": "Point", "coordinates": [ -112.14117, 45.5605 ] } },
{ "type": "Feature", "properties": { "dep_id": "10173136", "site_name": "McKeg Placer", "dev_stat": "Occurrence", "code_list": " AU ", "target_commodity": "Gold", "lon": -112.66199, "lat": 45.6782 }, "geometry": { "type": "Point", "coordinates": [ -112.66199, 45.6782 ] } },
{ "type": "Feature", "properties": { "dep_id": "10173146", "site_name": "East Colusa Pit", "dev_stat": "Unknown", "code_list": " AU CU ", "target_commodity": "Gold", "lon": -112.51119, "lat": 46.0207 }, "geometry": { "type": "Point", "coordinates": [ -112.51119, 46.0207 ] } },
{ "type": "Feature", "properties": { "dep_id": "10173148", "site_name": "Poe Lead Portable Screening", "dev_stat": "Past Producer", "code_list": " AU ", "target_commodity": "Gold", "lon": -111.66757, "lat": 46.4193 }, "geometry": { "type": "Point", "coordinates": [ -111.66757, 46.4193 ] } },
{ "type": "Feature", "properties": { "dep_id": "10173150", "site_name": "Boaz Mine", "dev_stat": "Past Producer", "code_list": " AU FE ", "target_commodity": "Gold", "lon": -111.65525, "lat": 45.5596 }, "geometry": { "type": "Point", "coordinates": [ -111.65525, 45.5596 ] } },
{ "type": "Feature", "properties": { "dep_id": "10173168", "site_name": "Mary Ingaber Mine", "dev_stat": "Unknown", "code_list": " AU CU ", "target_commodity": "Gold", "lon": -112.10397, "lat": 45.7849 }, "geometry": { "type": "Point", "coordinates": [ -112.10397, 45.7849 ] } },
{ "type": "Feature", "properties": { "dep_id": "10173174", "site_name": "Lark Placer", "dev_stat": "Past Producer", "code_list": " AU ", "target_commodity": "Gold", "lon": -111.39256, "lat": 46.65431 }, "geometry": { "type": "Point", "coordinates": [ -111.39256, 46.65431 ] } },
{ "type": "Feature", "properties": { "dep_id": "10173176", "site_name": "Uncle Sam Mine", "dev_stat": "Past Producer", "code_list": " AU CU ", "target_commodity": "Gold", "lon": -111.99306, "lat": 45.4935 }, "geometry": { "type": "Point", "coordinates": [ -111.99306, 45.4935 ] } },
{ "type": "Feature", "properties": { "dep_id": "10173180", "site_name": "Carleson Mine", "dev_stat": "Past Producer", "code_list": " AU ", "target_commodity": "Gold", "lon": -112.32008, "lat": 46.2649 }, "geometry": { "type": "Point", "coordinates": [ -112.32008, 46.2649 ] } },
{ "type": "Feature", "properties": { "dep_id": "10173193", "site_name": "Oro Fino Creek Placer", "dev_stat": "Prospect", "code_list": " AU ", "target_commodity": "Gold", "lon": -112.62029, "lat": 46.2346 }, "geometry": { "type": "Point", "coordinates": [ -112.62029, 46.2346 ] } },
{ "type": "Feature", "properties": { "dep_id": "10173199", "site_name": "Glornon Mine", "dev_stat": "Past Producer", "code_list": " AU PB ", "target_commodity": "Gold", "lon": -112.57838, "lat": 45.5466 }, "geometry": { "type": "Point", "coordinates": [ -112.57838, 45.5466 ] } },
{ "type": "Feature", "properties": { "dep_id": "10173201", "site_name": "G W No2 Claim", "dev_stat": "Prospect", "code_list": " AU PB ", "target_commodity": "Gold", "lon": -111.72807, "lat": 46.4193 }, "geometry": { "type": "Point", "coordinates": [ -111.72807, 46.4193 ] } },
{ "type": "Feature", "properties": { "dep_id": "10173203", "site_name": "Eureka", "dev_stat": "Past Producer", "code_list": " AU ", "target_commodity": "Gold", "lon": -111.81867, "lat": 46.5116 }, "geometry": { "type": "Point", "coordinates": [ -111.81867, 46.5116 ] } },
{ "type": "Feature", "properties": { "dep_id": "10173218", "site_name": "Big Mary Mine", "dev_stat": "Past Producer", "code_list": " AU AG ", "target_commodity": "Gold", "lon": -111.85917, "lat": 46.3916 }, "geometry": { "type": "Point", "coordinates": [ -111.85917, 46.3916 ] } },
{ "type": "Feature", "properties": { "dep_id": "10173219", "site_name": "Daniel Stanton Mine", "dev_stat": "Past Producer", "code_list": " AU ", "target_commodity": "Gold", "lon": -112.24529, "lat": 46.4707 }, "geometry": { "type": "Point", "coordinates": [ -112.24529, 46.4707 ] } },
{ "type": "Feature", "properties": { "dep_id": "10173223", "site_name": "Kappy Green Prospect", "dev_stat": "Prospect", "code_list": " AU PB ", "target_commodity": "Gold", "lon": -112.42589, "lat": 46.4613 }, "geometry": { "type": "Point", "coordinates": [ -112.42589, 46.4613 ] } },
{ "type": "Feature", "properties": { "dep_id": "10173225", "site_name": "Red Horse Mine", "dev_stat": "Prospect", "code_list": " PB AU ", "target_commodity": "Gold", "lon": -112.55758, "lat": 45.6052 }, "geometry": { "type": "Point", "coordinates": [ -112.55758, 45.6052 ] } },
{ "type": "Feature", "properties": { "dep_id": "10173238", "site_name": "Klondyke", "dev_stat": "Occurrence", "code_list": " AU BI ", "target_commodity": "Gold", "lon": -111.94697, "lat": 46.288 }, "geometry": { "type": "Point", "coordinates": [ -111.94697, 46.288 ] } },
{ "type": "Feature", "properties": { "dep_id": "10173253", "site_name": "Franklin", "dev_stat": "Occurrence", "code_list": " AU ", "target_commodity": "Gold", "lon": -112.40509, "lat": 46.2838 }, "geometry": { "type": "Point", "coordinates": [ -112.40509, 46.2838 ] } },
{ "type": "Feature", "properties": { "dep_id": "10173256", "site_name": "Lost Lode Mine", "dev_stat": "Prospect", "code_list": " AU PB ", "target_commodity": "Gold", "lon": -111.95476, "lat": 45.2543 }, "geometry": { "type": "Point", "coordinates": [ -111.95476, 45.2543 ] } },
{ "type": "Feature", "properties": { "dep_id": "10173257", "site_name": "Badger Prospect", "dev_stat": "Prospect", "code_list": " AU AG ", "target_commodity": "Gold", "lon": -112.609, "lat": 46.3941 }, "geometry": { "type": "Point", "coordinates": [ -112.609, 46.3941 ] } },
{ "type": "Feature", "properties": { "dep_id": "10173267", "site_name": "Iron King", "dev_stat": "Past Producer", "code_list": " AU FE ", "target_commodity": "Gold", "lon": -111.89367, "lat": 46.4993 }, "geometry": { "type": "Point", "coordinates": [ -111.89367, 46.4993 ] } },
{ "type": "Feature", "properties": { "dep_id": "10173268", "site_name": "Euclid Mine", "dev_stat": "Unknown", "code_list": " AU AG ", "target_commodity": "Gold", "lon": -111.88087, "lat": 46.4638 }, "geometry": { "type": "Point", "coordinates": [ -111.88087, 46.4638 ] } },
{ "type": "Feature", "properties": { "dep_id": "10173276", "site_name": "Beaver Creek", "dev_stat": "Unknown", "code_list": " AU ", "target_commodity": "Gold", "lon": -111.42336, "lat": 46.713 }, "geometry": { "type": "Point", "coordinates": [ -111.42336, 46.713 ] } },
{ "type": "Feature", "properties": { "dep_id": "10173299", "site_name": "Regina Claim", "dev_stat": "Past Producer", "code_list": " AU MN ", "target_commodity": "Gold", "lon": -112.09948, "lat": 46.6768 }, "geometry": { "type": "Point", "coordinates": [ -112.09948, 46.6768 ] } },
{ "type": "Feature", "properties": { "dep_id": "10173303", "site_name": "Edgerton Mine", "dev_stat": "Unknown", "code_list": " AU ", "target_commodity": "Gold", "lon": -112.33118, "lat": 45.6918 }, "geometry": { "type": "Point", "coordinates": [ -112.33118, 45.6918 ] } },
{ "type": "Feature", "properties": { "dep_id": "10173309", "site_name": "Hecla", "dev_stat": "Past Producer", "code_list": " AG AU ", "target_commodity": "Gold", "lon": -112.56199, "lat": 46.0416 }, "geometry": { "type": "Point", "coordinates": [ -112.56199, 46.0416 ] } },
{ "type": "Feature", "properties": { "dep_id": "10173315", "site_name": "Rattlesnake Gulch", "dev_stat": "Unknown", "code_list": " AU ", "target_commodity": "Gold", "lon": -111.69117, "lat": 46.7277 }, "geometry": { "type": "Point", "coordinates": [ -111.69117, 46.7277 ] } },
{ "type": "Feature", "properties": { "dep_id": "10173320", "site_name": "Greenhorn Creek", "dev_stat": "Past Producer", "code_list": " AU ", "target_commodity": "Gold", "lon": -112.25899, "lat": 46.6396 }, "geometry": { "type": "Point", "coordinates": [ -112.25899, 46.6396 ] } },
{ "type": "Feature", "properties": { "dep_id": "10173321", "site_name": "Gray", "dev_stat": "Past Producer", "code_list": " AU CU ", "target_commodity": "Gold", "lon": -112.6306, "lat": 46.7805 }, "geometry": { "type": "Point", "coordinates": [ -112.6306, 46.7805 ] } },
{ "type": "Feature", "properties": { "dep_id": "10173329", "site_name": "Jewel", "dev_stat": "Occurrence", "code_list": " AU AG ", "target_commodity": "Gold", "lon": -112.58149, "lat": 45.9966 }, "geometry": { "type": "Point", "coordinates": [ -112.58149, 45.9966 ] } },
{ "type": "Feature", "properties": { "dep_id": "10173334", "site_name": "Chalcopyrite Mine", "dev_stat": "Occurrence", "code_list": " CU AU ", "target_commodity": "Gold", "lon": -112.09058, "lat": 46.3874 }, "geometry": { "type": "Point", "coordinates": [ -112.09058, 46.3874 ] } },
{ "type": "Feature", "properties": { "dep_id": "10173339", "site_name": "Seven Mile Creek", "dev_stat": "Unknown", "code_list": " AU ", "target_commodity": "Gold", "lon": -112.09448, "lat": 46.6402 }, "geometry": { "type": "Point", "coordinates": [ -112.09448, 46.6402 ] } },
{ "type": "Feature", "properties": { "dep_id": "10173342", "site_name": "Elizabeth Mine", "dev_stat": "Past Producer", "code_list": " AU PB ", "target_commodity": "Gold", "lon": -112.06898, "lat": 46.681 }, "geometry": { "type": "Point", "coordinates": [ -112.06898, 46.681 ] } },
{ "type": "Feature", "properties": { "dep_id": "10173366", "site_name": "Champion Silver Mine", "dev_stat": "Past Producer", "code_list": " AU AG ", "target_commodity": "Gold", "lon": -112.61199, "lat": 46.2341 }, "geometry": { "type": "Point", "coordinates": [ -112.61199, 46.2341 ] } },
{ "type": "Feature", "properties": { "dep_id": "10173381", "site_name": "Twilight Claims Group", "dev_stat": "Occurrence", "code_list": " AU CU ", "target_commodity": "Gold", "lon": -111.81917, "lat": 46.571 }, "geometry": { "type": "Point", "coordinates": [ -111.81917, 46.571 ] } },
{ "type": "Feature", "properties": { "dep_id": "10173383", "site_name": "Bear Gulch Placer", "dev_stat": "Past Producer", "code_list": " AU ", "target_commodity": "Gold", "lon": -112.47869, "lat": 46.0113 }, "geometry": { "type": "Point", "coordinates": [ -112.47869, 46.0113 ] } },
{ "type": "Feature", "properties": { "dep_id": "10173384", "site_name": "Upper Wilson Creek", "dev_stat": "Unknown", "code_list": " AU ", "target_commodity": "Gold", "lon": -111.88977, "lat": 46.3702 }, "geometry": { "type": "Point", "coordinates": [ -111.88977, 46.3702 ] } },
{ "type": "Feature", "properties": { "dep_id": "10173388", "site_name": "Eagles Nest", "dev_stat": "Past Producer", "code_list": " AU CU ", "target_commodity": "Gold", "lon": -111.90417, "lat": 46.4066 }, "geometry": { "type": "Point", "coordinates": [ -111.90417, 46.4066 ] } },
{ "type": "Feature", "properties": { "dep_id": "10173391", "site_name": "Hawkeye Placer", "dev_stat": "Past Producer", "code_list": " AU ", "target_commodity": "Gold", "lon": -111.79167, "lat": 46.3402 }, "geometry": { "type": "Point", "coordinates": [ -111.79167, 46.3402 ] } },
{ "type": "Feature", "properties": { "dep_id": "10173399", "site_name": "Rosebud Mine", "dev_stat": "Unknown", "code_list": " AU AG ", "target_commodity": "Gold", "lon": -111.93976, "lat": 45.2763 }, "geometry": { "type": "Point", "coordinates": [ -111.93976, 45.2763 ] } },
{ "type": "Feature", "properties": { "dep_id": "10173407", "site_name": "High Ore", "dev_stat": "Past Producer", "code_list": " PB AU ", "target_commodity": "Gold", "lon": -112.19758, "lat": 46.2949 }, "geometry": { "type": "Point", "coordinates": [ -112.19758, 46.2949 ] } },
{ "type": "Feature", "properties": { "dep_id": "10173410", "site_name": "Solar Rearl", "dev_stat": "Past Producer", "code_list": " AU PB ", "target_commodity": "Gold", "lon": -112.31809, "lat": 46.4016 }, "geometry": { "type": "Point", "coordinates": [ -112.31809, 46.4016 ] } },
{ "type": "Feature", "properties": { "dep_id": "10173415", "site_name": "Hansen", "dev_stat": "Past Producer", "code_list": " AU AG ", "target_commodity": "Gold", "lon": -112.03776, "lat": 45.3396 }, "geometry": { "type": "Point", "coordinates": [ -112.03776, 45.3396 ] } },
{ "type": "Feature", "properties": { "dep_id": "10173419", "site_name": "Madden Group", "dev_stat": "Prospect", "code_list": " AU ", "target_commodity": "Gold", "lon": -111.91646, "lat": 45.2391 }, "geometry": { "type": "Point", "coordinates": [ -111.91646, 45.2391 ] } },
{ "type": "Feature", "properties": { "dep_id": "10173421", "site_name": "Bins Mine", "dev_stat": "Past Producer", "code_list": " AU AG ", "target_commodity": "Gold", "lon": -111.99526, "lat": 45.4282 }, "geometry": { "type": "Point", "coordinates": [ -111.99526, 45.4282 ] } },
{ "type": "Feature", "properties": { "dep_id": "10173429", "site_name": "California Creek Placer", "dev_stat": "Past Producer", "code_list": " AU ", "target_commodity": "Gold", "lon": -112.00006, "lat": 45.4152 }, "geometry": { "type": "Point", "coordinates": [ -112.00006, 45.4152 ] } },
{ "type": "Feature", "properties": { "dep_id": "10173431", "site_name": "Poser Mine", "dev_stat": "Occurrence", "code_list": " AU AG ", "target_commodity": "Gold", "lon": -112.52029, "lat": 46.0399 }, "geometry": { "type": "Point", "coordinates": [ -112.52029, 46.0399 ] } },
{ "type": "Feature", "properties": { "dep_id": "10173432", "site_name": "Bear Gulch Placer", "dev_stat": "Past Producer", "code_list": " AU ", "target_commodity": "Gold", "lon": -112.19277, "lat": 45.5963 }, "geometry": { "type": "Point", "coordinates": [ -112.19277, 45.5963 ] } },
{ "type": "Feature", "properties": { "dep_id": "10173436", "site_name": "Eagle Black Group", "dev_stat": "Past Producer", "code_list": " AU CU ", "target_commodity": "Gold", "lon": -111.95446, "lat": 45.2405 }, "geometry": { "type": "Point", "coordinates": [ -111.95446, 45.2405 ] } },
{ "type": "Feature", "properties": { "dep_id": "10173437", "site_name": "Independence Mine", "dev_stat": "Unknown", "code_list": " AU PB ", "target_commodity": "Gold", "lon": -112.50278, "lat": 45.6141 }, "geometry": { "type": "Point", "coordinates": [ -112.50278, 45.6141 ] } },
{ "type": "Feature", "properties": { "dep_id": "10173439", "site_name": "Cateract Flats Placer", "dev_stat": "Past Producer", "code_list": " AU ", "target_commodity": "Gold", "lon": -112.24808, "lat": 46.2766 }, "geometry": { "type": "Point", "coordinates": [ -112.24808, 46.2766 ] } },
{ "type": "Feature", "properties": { "dep_id": "10182937", "site_name": "Pacific Mine", "dev_stat": "Past Producer", "code_list": " AU ", "target_commodity": "Gold", "lon": -111.97306, "lat": 45.2552 }, "geometry": { "type": "Point", "coordinates": [ -111.97306, 45.2552 ] } },
{ "type": "Feature", "properties": { "dep_id": "10183003", "site_name": "Tippecanoe", "dev_stat": "Past Producer", "code_list": " AU ", "target_commodity": "Gold", "lon": -111.61695, "lat": 45.56491 }, "geometry": { "type": "Point", "coordinates": [ -111.61695, 45.56491 ] } },
{ "type": "Feature", "properties": { "dep_id": "10183234", "site_name": "Bonanza Chief Mine", "dev_stat": "Prospect", "code_list": " AU AG ", "target_commodity": "Gold", "lon": -111.91776, "lat": 45.4982 }, "geometry": { "type": "Point", "coordinates": [ -111.91776, 45.4982 ] } },
{ "type": "Feature", "properties": { "dep_id": "10183533", "site_name": "Pulverizer", "dev_stat": "Past Producer", "code_list": " AU CU ", "target_commodity": "Gold", "lon": -111.77026, "lat": 45.5755 }, "geometry": { "type": "Point", "coordinates": [ -111.77026, 45.5755 ] } },
{ "type": "Feature", "properties": { "dep_id": "10183607", "site_name": "Johnny Strike Mine", "dev_stat": "Prospect", "code_list": " AU AG ", "target_commodity": "Gold", "lon": -111.84256, "lat": 45.5355 }, "geometry": { "type": "Point", "coordinates": [ -111.84256, 45.5355 ] } },
{ "type": "Feature", "properties": { "dep_id": "10183845", "site_name": "Allen", "dev_stat": "Past Producer", "code_list": " AU AG ", "target_commodity": "Gold", "lon": -111.63006, "lat": 46.1446 }, "geometry": { "type": "Point", "coordinates": [ -111.63006, 46.1446 ] } },
{ "type": "Feature", "properties": { "dep_id": "10183978", "site_name": "Crosscut Mine", "dev_stat": "Occurrence", "code_list": " AU PB ", "target_commodity": "Gold", "lon": -111.72507, "lat": 46.3541 }, "geometry": { "type": "Point", "coordinates": [ -111.72507, 46.3541 ] } },
{ "type": "Feature", "properties": { "dep_id": "10184224", "site_name": "Comet Creek Placer", "dev_stat": "Past Producer", "code_list": " AU ", "target_commodity": "Gold", "lon": -112.07028, "lat": 46.3696 }, "geometry": { "type": "Point", "coordinates": [ -112.07028, 46.3696 ] } },
{ "type": "Feature", "properties": { "dep_id": "10196355", "site_name": "U.S. Grant Mine", "dev_stat": "Occurrence", "code_list": " AU AG ", "target_commodity": "Gold", "lon": -111.94306, "lat": 45.2813 }, "geometry": { "type": "Point", "coordinates": [ -111.94306, 45.2813 ] } },
{ "type": "Feature", "properties": { "dep_id": "10196356", "site_name": "Loeber", "dev_stat": "Past Producer", "code_list": " AU PB ", "target_commodity": "Gold", "lon": -112.21278, "lat": 46.4496 }, "geometry": { "type": "Point", "coordinates": [ -112.21278, 46.4496 ] } },
{ "type": "Feature", "properties": { "dep_id": "10196357", "site_name": "Saturday Night", "dev_stat": "Past Producer", "code_list": " AU AG ", "target_commodity": "Gold", "lon": -112.25368, "lat": 46.298 }, "geometry": { "type": "Point", "coordinates": [ -112.25368, 46.298 ] } },
{ "type": "Feature", "properties": { "dep_id": "10196359", "site_name": "Spraukel", "dev_stat": "Occurrence", "code_list": " AU ", "target_commodity": "Gold", "lon": -112.08698, "lat": 46.561 }, "geometry": { "type": "Point", "coordinates": [ -112.08698, 46.561 ] } },
{ "type": "Feature", "properties": { "dep_id": "10196369", "site_name": "John", "dev_stat": "Past Producer", "code_list": " AU CU ", "target_commodity": "Gold", "lon": -111.84187, "lat": 46.5082 }, "geometry": { "type": "Point", "coordinates": [ -111.84187, 46.5082 ] } },
{ "type": "Feature", "properties": { "dep_id": "10196372", "site_name": "Silica Prospect", "dev_stat": "Prospect", "code_list": " AU AG ", "target_commodity": "Gold", "lon": -112.54399, "lat": 46.3146 }, "geometry": { "type": "Point", "coordinates": [ -112.54399, 46.3146 ] } },
{ "type": "Feature", "properties": { "dep_id": "10196376", "site_name": "W. A. Clark", "dev_stat": "Unknown", "code_list": " AU ", "target_commodity": "Gold", "lon": -111.69026, "lat": 46.3071 }, "geometry": { "type": "Point", "coordinates": [ -111.69026, 46.3071 ] } },
{ "type": "Feature", "properties": { "dep_id": "10196384", "site_name": "V.C. #2 Placer", "dev_stat": "Occurrence", "code_list": " AU ", "target_commodity": "Gold", "lon": -111.63646, "lat": 46.3957 }, "geometry": { "type": "Point", "coordinates": [ -111.63646, 46.3957 ] } },
{ "type": "Feature", "properties": { "dep_id": "10196399", "site_name": "Basin Townsite", "dev_stat": "Occurrence", "code_list": " AU ", "target_commodity": "Gold", "lon": -112.26978, "lat": 46.2688 }, "geometry": { "type": "Point", "coordinates": [ -112.26978, 46.2688 ] } },
{ "type": "Feature", "properties": { "dep_id": "10196407", "site_name": "Black Jack Mine", "dev_stat": "Unknown", "code_list": " AG AU ", "target_commodity": "Gold", "lon": -112.08978, "lat": 46.3857 }, "geometry": { "type": "Point", "coordinates": [ -112.08978, 46.3857 ] } },
{ "type": "Feature", "properties": { "dep_id": "10196410", "site_name": "Streak of Luck, Sunnyside Group", "dev_stat": "Past Producer", "code_list": " AU AG ", "target_commodity": "Gold", "lon": -112.02337, "lat": 45.9255 }, "geometry": { "type": "Point", "coordinates": [ -112.02337, 45.9255 ] } },
{ "type": "Feature", "properties": { "dep_id": "10196416", "site_name": "Golden Valley", "dev_stat": "Unknown", "code_list": " AU CU ", "target_commodity": "Gold", "lon": -112.24198, "lat": 45.9571 }, "geometry": { "type": "Point", "coordinates": [ -112.24198, 45.9571 ] } },
{ "type": "Feature", "properties": { "dep_id": "10196425", "site_name": "Mcawber", "dev_stat": "Prospect", "code_list": " AU ", "target_commodity": "Gold", "lon": -112.24399, "lat": 46.4721 }, "geometry": { "type": "Point", "coordinates": [ -112.24399, 46.4721 ] } },
{ "type": "Feature", "properties": { "dep_id": "10196427", "site_name": "Unnamed Location", "dev_stat": "Occurrence", "code_list": " AU ", "target_commodity": "Gold", "lon": -111.57836, "lat": 46.3332 }, "geometry": { "type": "Point", "coordinates": [ -111.57836, 46.3332 ] } },
{ "type": "Feature", "properties": { "dep_id": "10196438", "site_name": "Fortune Mine", "dev_stat": "Past Producer", "code_list": " AU CU ", "target_commodity": "Gold", "lon": -112.02726, "lat": 45.266 }, "geometry": { "type": "Point", "coordinates": [ -112.02726, 45.266 ] } },
{ "type": "Feature", "properties": { "dep_id": "10196452", "site_name": "Rathbone Mine", "dev_stat": "Unknown", "code_list": " PB AU ", "target_commodity": "Gold", "lon": -112.4203, "lat": 46.7843 }, "geometry": { "type": "Point", "coordinates": [ -112.4203, 46.7843 ] } },
{ "type": "Feature", "properties": { "dep_id": "10196464", "site_name": "Holmes Gulch Placer", "dev_stat": "Prospect", "code_list": " AU ", "target_commodity": "Gold", "lon": -111.95558, "lat": 46.5549 }, "geometry": { "type": "Point", "coordinates": [ -111.95558, 46.5549 ] } },
{ "type": "Feature", "properties": { "dep_id": "10196480", "site_name": "Mockingbird Mine", "dev_stat": "Past Producer", "code_list": " AU CU ", "target_commodity": "Gold", "lon": -112.01058, "lat": 46.4166 }, "geometry": { "type": "Point", "coordinates": [ -112.01058, 46.4166 ] } },
{ "type": "Feature", "properties": { "dep_id": "10196494", "site_name": "Aluise Lode", "dev_stat": "Unknown", "code_list": " AU ", "target_commodity": "Gold", "lon": -112.31808, "lat": 45.9713 }, "geometry": { "type": "Point", "coordinates": [ -112.31808, 45.9713 ] } },
{ "type": "Feature", "properties": { "dep_id": "10196496", "site_name": "Waldy", "dev_stat": "Past Producer", "code_list": " AG AU ", "target_commodity": "Gold", "lon": -112.21758, "lat": 46.308 }, "geometry": { "type": "Point", "coordinates": [ -112.21758, 46.308 ] } },
{ "type": "Feature", "properties": { "dep_id": "10196497", "site_name": "Lower Eureka Creek Prospect", "dev_stat": "Prospect", "code_list": " AU CU ", "target_commodity": "Gold", "lon": -111.75307, "lat": 46.3235 }, "geometry": { "type": "Point", "coordinates": [ -111.75307, 46.3235 ] } },
{ "type": "Feature", "properties": { "dep_id": "10196505", "site_name": "Transit Mine", "dev_stat": "Past Producer", "code_list": " AU PB ", "target_commodity": "Gold", "lon": -112.25949, "lat": 46.463 }, "geometry": { "type": "Point", "coordinates": [ -112.25949, 46.463 ] } },
{ "type": "Feature", "properties": { "dep_id": "10196513", "site_name": "Central Group", "dev_stat": "Unknown", "code_list": " AU PB ", "target_commodity": "Gold", "lon": -111.69776, "lat": 46.3249 }, "geometry": { "type": "Point", "coordinates": [ -111.69776, 46.3249 ] } },
{ "type": "Feature", "properties": { "dep_id": "10196524", "site_name": "Minah", "dev_stat": "Past Producer", "code_list": " PB AU ", "target_commodity": "Gold", "lon": -112.13008, "lat": 46.3632 }, "geometry": { "type": "Point", "coordinates": [ -112.13008, 46.3632 ] } },
{ "type": "Feature", "properties": { "dep_id": "10196530", "site_name": "Lava Lake Pyrite", "dev_stat": "Occurrence", "code_list": " AU ", "target_commodity": "Gold", "lon": -111.25504, "lat": 45.39021 }, "geometry": { "type": "Point", "coordinates": [ -111.25504, 45.39021 ] } },
{ "type": "Feature", "properties": { "dep_id": "10196535", "site_name": "Boulder Mtn. Fluorite Deposit", "dev_stat": "Occurrence", "code_list": " F AU ", "target_commodity": "Gold", "lon": -111.35756, "lat": 46.55431 }, "geometry": { "type": "Point", "coordinates": [ -111.35756, 46.55431 ] } },
{ "type": "Feature", "properties": { "dep_id": "10196553", "site_name": "Magpie Group", "dev_stat": "Occurrence", "code_list": " AU CU ", "target_commodity": "Gold", "lon": -112.07398, "lat": 46.6527 }, "geometry": { "type": "Point", "coordinates": [ -112.07398, 46.6527 ] } },
{ "type": "Feature", "properties": { "dep_id": "10196560", "site_name": "Gold Bug", "dev_stat": "Past Producer", "code_list": " AU ", "target_commodity": "Gold", "lon": -111.73917, "lat": 46.4685 }, "geometry": { "type": "Point", "coordinates": [ -111.73917, 46.4685 ] } },
{ "type": "Feature", "properties": { "dep_id": "10196579", "site_name": "G W No2 Claim North", "dev_stat": "Prospect", "code_list": " AU AG ", "target_commodity": "Gold", "lon": -111.72647, "lat": 46.4235 }, "geometry": { "type": "Point", "coordinates": [ -111.72647, 46.4235 ] } },
{ "type": "Feature", "properties": { "dep_id": "10196584", "site_name": "Mammouth", "dev_stat": "Unknown", "code_list": " AU PB ", "target_commodity": "Gold", "lon": -111.73527, "lat": 46.3318 }, "geometry": { "type": "Point", "coordinates": [ -111.73527, 46.3318 ] } },
{ "type": "Feature", "properties": { "dep_id": "10196594", "site_name": "Basin Creek Placer", "dev_stat": "Past Producer", "code_list": " AU ", "target_commodity": "Gold", "lon": -112.29258, "lat": 46.2943 }, "geometry": { "type": "Point", "coordinates": [ -112.29258, 46.2943 ] } },
{ "type": "Feature", "properties": { "dep_id": "10196613", "site_name": "Korizek Mine", "dev_stat": "Unknown", "code_list": " CU AU ", "target_commodity": "Gold", "lon": -111.74837, "lat": 46.6502 }, "geometry": { "type": "Point", "coordinates": [ -111.74837, 46.6502 ] } },
{ "type": "Feature", "properties": { "dep_id": "10196619", "site_name": "Sunshine", "dev_stat": "Past Producer", "code_list": " AU PB ", "target_commodity": "Gold", "lon": -111.69977, "lat": 46.4382 }, "geometry": { "type": "Point", "coordinates": [ -111.69977, 46.4382 ] } },
{ "type": "Feature", "properties": { "dep_id": "10196638", "site_name": "Sky Mine", "dev_stat": "Past Producer", "code_list": " AU CU ", "target_commodity": "Gold", "lon": -112.07198, "lat": 46.5652 }, "geometry": { "type": "Point", "coordinates": [ -112.07198, 46.5652 ] } },
{ "type": "Feature", "properties": { "dep_id": "10196663", "site_name": "Dry Cottonwood Creek Placer", "dev_stat": "Producer", "code_list": " GEM_SA AU ", "target_commodity": "Gold", "lon": -112.64419, "lat": 46.2035 }, "geometry": { "type": "Point", "coordinates": [ -112.64419, 46.2035 ] } },
{ "type": "Feature", "properties": { "dep_id": "10196669", "site_name": "Easy Money Group", "dev_stat": "Past Producer", "code_list": " AU CU ", "target_commodity": "Gold", "lon": -111.94028, "lat": 46.5271 }, "geometry": { "type": "Point", "coordinates": [ -111.94028, 46.5271 ] } },
{ "type": "Feature", "properties": { "dep_id": "10196676", "site_name": "May", "dev_stat": "Unknown", "code_list": " AU CU ", "target_commodity": "Gold", "lon": -112.17228, "lat": 46.3868 }, "geometry": { "type": "Point", "coordinates": [ -112.17228, 46.3868 ] } },
{ "type": "Feature", "properties": { "dep_id": "10196682", "site_name": "Mountain Dude Lode", "dev_stat": "Prospect", "code_list": " AU CU ", "target_commodity": "Gold", "lon": -111.71697, "lat": 46.3799 }, "geometry": { "type": "Point", "coordinates": [ -111.71697, 46.3799 ] } },
{ "type": "Feature", "properties": { "dep_id": "10196687", "site_name": "Susie No.1 Claim", "dev_stat": "Prospect", "code_list": " AU AG ", "target_commodity": "Gold", "lon": -111.71727, "lat": 46.418 }, "geometry": { "type": "Point", "coordinates": [ -111.71727, 46.418 ] } },
{ "type": "Feature", "properties": { "dep_id": "10196693", "site_name": "Salvail", "dev_stat": "Past Producer", "code_list": " AU CU ", "target_commodity": "Gold", "lon": -112.14448, "lat": 46.3502 }, "geometry": { "type": "Point", "coordinates": [ -112.14448, 46.3502 ] } },
{ "type": "Feature", "properties": { "dep_id": "10196713", "site_name": "First Shot-Last Shot", "dev_stat": "Past Producer", "code_list": " AU CU ", "target_commodity": "Gold", "lon": -112.27028, "lat": 46.3582 }, "geometry": { "type": "Point", "coordinates": [ -112.27028, 46.3582 ] } },
{ "type": "Feature", "properties": { "dep_id": "10196721", "site_name": "Drumheller Mine", "dev_stat": "Past Producer", "code_list": " PB AU ", "target_commodity": "Gold", "lon": -112.11618, "lat": 46.6671 }, "geometry": { "type": "Point", "coordinates": [ -112.11618, 46.6671 ] } },
{ "type": "Feature", "properties": { "dep_id": "10196725", "site_name": "Hyantha", "dev_stat": "Past Producer", "code_list": " AU PB ", "target_commodity": "Gold", "lon": -111.66727, "lat": 46.4471 }, "geometry": { "type": "Point", "coordinates": [ -111.66727, 46.4471 ] } },
{ "type": "Feature", "properties": { "dep_id": "10196726", "site_name": "Kain Mine", "dev_stat": "Occurrence", "code_list": " AU SB ", "target_commodity": "Gold", "lon": -112.17758, "lat": 46.5782 }, "geometry": { "type": "Point", "coordinates": [ -112.17758, 46.5782 ] } },
{ "type": "Feature", "properties": { "dep_id": "10196733", "site_name": "Delome Deposit", "dev_stat": "Unknown", "code_list": " AU MN ", "target_commodity": "Gold", "lon": -111.64196, "lat": 46.196 }, "geometry": { "type": "Point", "coordinates": [ -111.64196, 46.196 ] } },
{ "type": "Feature", "properties": { "dep_id": "10196736", "site_name": "South View", "dev_stat": "Past Producer", "code_list": " AG AU ", "target_commodity": "Gold", "lon": -112.03697, "lat": 45.9096 }, "geometry": { "type": "Point", "coordinates": [ -112.03697, 45.9096 ] } },
{ "type": "Feature", "properties": { "dep_id": "10196740", "site_name": "Tacoma", "dev_stat": "Past Producer", "code_list": " AG AU ", "target_commodity": "Gold", "lon": -111.96307, "lat": 46.2327 }, "geometry": { "type": "Point", "coordinates": [ -111.96307, 46.2327 ] } },
{ "type": "Feature", "properties": { "dep_id": "10196742", "site_name": "Beaver Creek Placer", "dev_stat": "Unknown", "code_list": " AU ", "target_commodity": "Gold", "lon": -111.71897, "lat": 46.441 }, "geometry": { "type": "Point", "coordinates": [ -111.71897, 46.441 ] } },
{ "type": "Feature", "properties": { "dep_id": "10196746", "site_name": "Donald Dee", "dev_stat": "Past Producer", "code_list": " CU AU ", "target_commodity": "Gold", "lon": -111.67666, "lat": 46.186 }, "geometry": { "type": "Point", "coordinates": [ -111.67666, 46.186 ] } },
{ "type": "Feature", "properties": { "dep_id": "10196753", "site_name": "Morning Star Mine", "dev_stat": "Prospect", "code_list": " AU PB ", "target_commodity": "Gold", "lon": -112.05758, "lat": 46.6521 }, "geometry": { "type": "Point", "coordinates": [ -112.05758, 46.6521 ] } },
{ "type": "Feature", "properties": { "dep_id": "10196759", "site_name": "Red Rock Creek Prospect", "dev_stat": "Occurrence", "code_list": " AU ", "target_commodity": "Gold", "lon": -112.41759, "lat": 46.3466 }, "geometry": { "type": "Point", "coordinates": [ -112.41759, 46.3466 ] } },
{ "type": "Feature", "properties": { "dep_id": "10196767", "site_name": "Gopher", "dev_stat": "Prospect", "code_list": " AG AU ", "target_commodity": "Gold", "lon": -111.66866, "lat": 46.171 }, "geometry": { "type": "Point", "coordinates": [ -111.66866, 46.171 ] } },
{ "type": "Feature", "properties": { "dep_id": "10196776", "site_name": "Hassel Mine", "dev_stat": "Past Producer", "code_list": " AU ", "target_commodity": "Gold", "lon": -111.66646, "lat": 46.3077 }, "geometry": { "type": "Point", "coordinates": [ -111.66646, 46.3077 ] } },
{ "type": "Feature", "properties": { "dep_id": "10196777", "site_name": "Buckhorn Mine", "dev_stat": "Occurrence", "code_list": " AU ", "target_commodity": "Gold", "lon": -111.74146, "lat": 46.1246 }, "geometry": { "type": "Point", "coordinates": [ -111.74146, 46.1246 ] } },
{ "type": "Feature", "properties": { "dep_id": "10196806", "site_name": "Golden Gate Mine", "dev_stat": "Past Producer", "code_list": " AU AG ", "target_commodity": "Gold", "lon": -111.88167, "lat": 46.4649 }, "geometry": { "type": "Point", "coordinates": [ -111.88167, 46.4649 ] } },
{ "type": "Feature", "properties": { "dep_id": "10196824", "site_name": "Mccone Bar", "dev_stat": "Occurrence", "code_list": " AU ", "target_commodity": "Gold", "lon": -111.79807, "lat": 46.6971 }, "geometry": { "type": "Point", "coordinates": [ -111.79807, 46.6971 ] } },
{ "type": "Feature", "properties": { "dep_id": "10196833", "site_name": "Unnamed Minerals", "dev_stat": "Occurrence", "code_list": " AU CU ", "target_commodity": "Gold", "lon": -112.7134, "lat": 46.1424 }, "geometry": { "type": "Point", "coordinates": [ -112.7134, 46.1424 ] } },
{ "type": "Feature", "properties": { "dep_id": "10196837", "site_name": "Mt. Chief", "dev_stat": "Past Producer", "code_list": " PB AU ", "target_commodity": "Gold", "lon": -112.22918, "lat": 46.3163 }, "geometry": { "type": "Point", "coordinates": [ -112.22918, 46.3163 ] } },
{ "type": "Feature", "properties": { "dep_id": "10196839", "site_name": "Snowshoe Prospect", "dev_stat": "Prospect", "code_list": " AU ", "target_commodity": "Gold", "lon": -111.74257, "lat": 46.2774 }, "geometry": { "type": "Point", "coordinates": [ -111.74257, 46.2774 ] } },
{ "type": "Feature", "properties": { "dep_id": "10196845", "site_name": "Silver Hill Mine", "dev_stat": "Prospect", "code_list": " PB AU ", "target_commodity": "Gold", "lon": -112.17308, "lat": 46.3102 }, "geometry": { "type": "Point", "coordinates": [ -112.17308, 46.3102 ] } },
{ "type": "Feature", "properties": { "dep_id": "10196847", "site_name": "Little Giant Mine & Mill", "dev_stat": "Past Producer", "code_list": " AU AG ", "target_commodity": "Gold", "lon": -111.72726, "lat": 46.2068 }, "geometry": { "type": "Point", "coordinates": [ -111.72726, 46.2068 ] } },
{ "type": "Feature", "properties": { "dep_id": "10196870", "site_name": "South Pacific Mine", "dev_stat": "Past Producer", "code_list": " AU PB ", "target_commodity": "Gold", "lon": -112.23198, "lat": 46.4738 }, "geometry": { "type": "Point", "coordinates": [ -112.23198, 46.4738 ] } },
{ "type": "Feature", "properties": { "dep_id": "10196884", "site_name": "Basin Gold & Silver", "dev_stat": "Past Producer", "code_list": " AU AG ", "target_commodity": "Gold", "lon": -112.26778, "lat": 46.3324 }, "geometry": { "type": "Point", "coordinates": [ -112.26778, 46.3324 ] } },
{ "type": "Feature", "properties": { "dep_id": "10196889", "site_name": "Banner Mine", "dev_stat": "Prospect", "code_list": " AG AU ", "target_commodity": "Gold", "lon": -112.11118, "lat": 46.3871 }, "geometry": { "type": "Point", "coordinates": [ -112.11118, 46.3871 ] } },
{ "type": "Feature", "properties": { "dep_id": "10196896", "site_name": "East Ridge Group", "dev_stat": "Prospect", "code_list": " AU CU ", "target_commodity": "Gold", "lon": -112.41398, "lat": 46.0268 }, "geometry": { "type": "Point", "coordinates": [ -112.41398, 46.0268 ] } },
{ "type": "Feature", "properties": { "dep_id": "10196900", "site_name": "Copper Queen", "dev_stat": "Past Producer", "code_list": " AU ", "target_commodity": "Gold", "lon": -111.92368, "lat": 46.5357 }, "geometry": { "type": "Point", "coordinates": [ -111.92368, 46.5357 ] } },
{ "type": "Feature", "properties": { "dep_id": "10196913", "site_name": "Loory Mine", "dev_stat": "Occurrence", "code_list": " AU PB ", "target_commodity": "Gold", "lon": -112.12338, "lat": 46.6205 }, "geometry": { "type": "Point", "coordinates": [ -112.12338, 46.6205 ] } },
{ "type": "Feature", "properties": { "dep_id": "10196933", "site_name": "Lucky Hit", "dev_stat": "Past Producer", "code_list": " AU CU ", "target_commodity": "Gold", "lon": -112.02777, "lat": 45.9085 }, "geometry": { "type": "Point", "coordinates": [ -112.02777, 45.9085 ] } },
{ "type": "Feature", "properties": { "dep_id": "10196937", "site_name": "Mary Anne", "dev_stat": "Past Producer", "code_list": " AU CU ", "target_commodity": "Gold", "lon": -112.26648, "lat": 46.3555 }, "geometry": { "type": "Point", "coordinates": [ -112.26648, 46.3555 ] } },
{ "type": "Feature", "properties": { "dep_id": "10196941", "site_name": "John T. Prospect", "dev_stat": "Prospect", "code_list": " AU AG ", "target_commodity": "Gold", "lon": -112.54119, "lat": 46.3141 }, "geometry": { "type": "Point", "coordinates": [ -112.54119, 46.3141 ] } },
{ "type": "Feature", "properties": { "dep_id": "10196942", "site_name": "Glenburg", "dev_stat": "Prospect", "code_list": " CU AU ", "target_commodity": "Gold", "lon": -112.14778, "lat": 46.3688 }, "geometry": { "type": "Point", "coordinates": [ -112.14778, 46.3688 ] } },
{ "type": "Feature", "properties": { "dep_id": "10196949", "site_name": "Oregon Gulch", "dev_stat": "Past Producer", "code_list": " AU ", "target_commodity": "Gold", "lon": -111.72397, "lat": 46.6746 }, "geometry": { "type": "Point", "coordinates": [ -111.72397, 46.6746 ] } },
{ "type": "Feature", "properties": { "dep_id": "10196963", "site_name": "Edna #1", "dev_stat": "Past Producer", "code_list": " AU ", "target_commodity": "Gold", "lon": -111.66897, "lat": 46.4416 }, "geometry": { "type": "Point", "coordinates": [ -111.66897, 46.4416 ] } },
{ "type": "Feature", "properties": { "dep_id": "10196967", "site_name": "Emil H. Mine", "dev_stat": "Prospect", "code_list": " AU CU ", "target_commodity": "Gold", "lon": -111.71587, "lat": 46.3905 }, "geometry": { "type": "Point", "coordinates": [ -111.71587, 46.3905 ] } },
{ "type": "Feature", "properties": { "dep_id": "10196978", "site_name": "Hope", "dev_stat": "Occurrence", "code_list": " CU AU ", "target_commodity": "Gold", "lon": -111.91916, "lat": 45.8674 }, "geometry": { "type": "Point", "coordinates": [ -111.91916, 45.8674 ] } },
{ "type": "Feature", "properties": { "dep_id": "10196994", "site_name": "Top Prospect", "dev_stat": "Prospect", "code_list": " AU ", "target_commodity": "Gold", "lon": -111.87587, "lat": 46.3499 }, "geometry": { "type": "Point", "coordinates": [ -111.87587, 46.3499 ] } },
{ "type": "Feature", "properties": { "dep_id": "10197023", "site_name": "Strawberry Mine", "dev_stat": "Prospect", "code_list": " AU ", "target_commodity": "Gold", "lon": -112.27729, "lat": 46.7063 }, "geometry": { "type": "Point", "coordinates": [ -112.27729, 46.7063 ] } },
{ "type": "Feature", "properties": { "dep_id": "10197029", "site_name": "Paymaster Mine", "dev_stat": "Past Producer", "code_list": " AU ", "target_commodity": "Gold", "lon": -111.41166, "lat": 46.62771 }, "geometry": { "type": "Point", "coordinates": [ -111.41166, 46.62771 ] } },
{ "type": "Feature", "properties": { "dep_id": "10197030", "site_name": "Buzz", "dev_stat": "Occurrence", "code_list": " AU ", "target_commodity": "Gold", "lon": -111.77667, "lat": 46.4927 }, "geometry": { "type": "Point", "coordinates": [ -111.77667, 46.4927 ] } },
{ "type": "Feature", "properties": { "dep_id": "10197034", "site_name": "Potratz Prospect", "dev_stat": "Past Producer", "code_list": " AU CU ", "target_commodity": "Gold", "lon": -112.4828, "lat": 46.7066 }, "geometry": { "type": "Point", "coordinates": [ -112.4828, 46.7066 ] } },
{ "type": "Feature", "properties": { "dep_id": "10197040", "site_name": "Lucky Karen Placer", "dev_stat": "Past Producer", "code_list": " AU ", "target_commodity": "Gold", "lon": -112.44698, "lat": 46.0143 }, "geometry": { "type": "Point", "coordinates": [ -112.44698, 46.0143 ] } },
{ "type": "Feature", "properties": { "dep_id": "10197057", "site_name": "Iron Side", "dev_stat": "Past Producer", "code_list": " AU ", "target_commodity": "Gold", "lon": -111.86227, "lat": 46.446 }, "geometry": { "type": "Point", "coordinates": [ -111.86227, 46.446 ] } },
{ "type": "Feature", "properties": { "dep_id": "10197060", "site_name": "Justice Clementh", "dev_stat": "Past Producer", "code_list": " AU ", "target_commodity": "Gold", "lon": -112.28369, "lat": 46.4732 }, "geometry": { "type": "Point", "coordinates": [ -112.28369, 46.4732 ] } },
{ "type": "Feature", "properties": { "dep_id": "10197062", "site_name": "Little Annie", "dev_stat": "Past Producer", "code_list": " AU PB ", "target_commodity": "Gold", "lon": -111.69897, "lat": 46.3655 }, "geometry": { "type": "Point", "coordinates": [ -111.69897, 46.3655 ] } },
{ "type": "Feature", "properties": { "dep_id": "10197074", "site_name": "Morning Glory", "dev_stat": "Past Producer", "code_list": " AG AU ", "target_commodity": "Gold", "lon": -112.24398, "lat": 46.318 }, "geometry": { "type": "Point", "coordinates": [ -112.24398, 46.318 ] } },
{ "type": "Feature", "properties": { "dep_id": "10197078", "site_name": "Mt. Queen Mine", "dev_stat": "Occurrence", "code_list": " AU PB ", "target_commodity": "Gold", "lon": -112.19278, "lat": 46.4007 }, "geometry": { "type": "Point", "coordinates": [ -112.19278, 46.4007 ] } },
{ "type": "Feature", "properties": { "dep_id": "10197083", "site_name": "Golconda", "dev_stat": "Past Producer", "code_list": " AU CU ", "target_commodity": "Gold", "lon": -112.00337, "lat": 46.3324 }, "geometry": { "type": "Point", "coordinates": [ -112.00337, 46.3324 ] } },
{ "type": "Feature", "properties": { "dep_id": "10197084", "site_name": "Eureka", "dev_stat": "Past Producer", "code_list": " AU CU ", "target_commodity": "Gold", "lon": -112.28089, "lat": 46.6813 }, "geometry": { "type": "Point", "coordinates": [ -112.28089, 46.6813 ] } },
{ "type": "Feature", "properties": { "dep_id": "10197085", "site_name": "Jim Jr. Claim", "dev_stat": "Occurrence", "code_list": " AU CU ", "target_commodity": "Gold", "lon": -112.35668, "lat": 46.0118 }, "geometry": { "type": "Point", "coordinates": [ -112.35668, 46.0118 ] } },
{ "type": "Feature", "properties": { "dep_id": "10197090", "site_name": "Porter Bros. Corporation", "dev_stat": "Unknown", "code_list": " AU AG ", "target_commodity": "Gold", "lon": -112.04058, "lat": 46.6246 }, "geometry": { "type": "Point", "coordinates": [ -112.04058, 46.6246 ] } },
{ "type": "Feature", "properties": { "dep_id": "10197096", "site_name": "Jerusha Mine", "dev_stat": "Occurrence", "code_list": " AU PB ", "target_commodity": "Gold", "lon": -112.37979, "lat": 46.736 }, "geometry": { "type": "Point", "coordinates": [ -112.37979, 46.736 ] } },
{ "type": "Feature", "properties": { "dep_id": "10197122", "site_name": "High Grade", "dev_stat": "Prospect", "code_list": " AU ", "target_commodity": "Gold", "lon": -112.31258, "lat": 45.8832 }, "geometry": { "type": "Point", "coordinates": [ -112.31258, 45.8832 ] } },
{ "type": "Feature", "properties": { "dep_id": "10197126", "site_name": "Unnamed Location", "dev_stat": "Occurrence", "code_list": " AU ", "target_commodity": "Gold", "lon": -111.77867, "lat": 46.4946 }, "geometry": { "type": "Point", "coordinates": [ -111.77867, 46.4946 ] } },
{ "type": "Feature", "properties": { "dep_id": "10197130", "site_name": "Twilight Claims Group", "dev_stat": "Occurrence", "code_list": " AU CU ", "target_commodity": "Gold", "lon": -111.81777, "lat": 46.5657 }, "geometry": { "type": "Point", "coordinates": [ -111.81777, 46.5657 ] } },
{ "type": "Feature", "properties": { "dep_id": "10197133", "site_name": "Granite Mountain", "dev_stat": "Prospect", "code_list": " AU AG ", "target_commodity": "Gold", "lon": -111.63116, "lat": 46.0949 }, "geometry": { "type": "Point", "coordinates": [ -111.63116, 46.0949 ] } },
{ "type": "Feature", "properties": { "dep_id": "10197162", "site_name": "Carbonate King", "dev_stat": "Past Producer", "code_list": " AU ", "target_commodity": "Gold", "lon": -112.43229, "lat": 46.5285 }, "geometry": { "type": "Point", "coordinates": [ -112.43229, 46.5285 ] } },
{ "type": "Feature", "properties": { "dep_id": "10197173", "site_name": "Price Group Mine", "dev_stat": "Unknown", "code_list": " AU CU ", "target_commodity": "Gold", "lon": -112.497, "lat": 46.6832 }, "geometry": { "type": "Point", "coordinates": [ -112.497, 46.6832 ] } },
{ "type": "Feature", "properties": { "dep_id": "10197179", "site_name": "General Sheridan Claim", "dev_stat": "Past Producer", "code_list": " AU AG ", "target_commodity": "Gold", "lon": -112.55869, "lat": 45.9932 }, "geometry": { "type": "Point", "coordinates": [ -112.55869, 45.9932 ] } },
{ "type": "Feature", "properties": { "dep_id": "10197187", "site_name": "First Creek Placer", "dev_stat": "Occurrence", "code_list": " AU ", "target_commodity": "Gold", "lon": -112.35978, "lat": 45.6582 }, "geometry": { "type": "Point", "coordinates": [ -112.35978, 45.6582 ] } },
{ "type": "Feature", "properties": { "dep_id": "10197201", "site_name": "Brown's Gulch", "dev_stat": "Past Producer", "code_list": " AU ", "target_commodity": "Gold", "lon": -111.97506, "lat": 45.3041 }, "geometry": { "type": "Point", "coordinates": [ -111.97506, 45.3041 ] } },
{ "type": "Feature", "properties": { "dep_id": "10197204", "site_name": "Sunlight Mine", "dev_stat": "Unknown", "code_list": " AU ", "target_commodity": "Gold", "lon": -112.05806, "lat": 45.5613 }, "geometry": { "type": "Point", "coordinates": [ -112.05806, 45.5613 ] } },
{ "type": "Feature", "properties": { "dep_id": "10197223", "site_name": "Tobacco Root Mine", "dev_stat": "Unknown", "code_list": " AU ", "target_commodity": "Gold", "lon": -111.66915, "lat": 45.5618 }, "geometry": { "type": "Point", "coordinates": [ -111.66915, 45.5618 ] } },
{ "type": "Feature", "properties": { "dep_id": "10197227", "site_name": "Dirty Muzzler Mine", "dev_stat": "Past Producer", "code_list": " PB AU ", "target_commodity": "Gold", "lon": -111.54005, "lat": 45.63931 }, "geometry": { "type": "Point", "coordinates": [ -111.54005, 45.63931 ] } },
{ "type": "Feature", "properties": { "dep_id": "10197232", "site_name": "Third Term", "dev_stat": "Past Producer", "code_list": " AU ", "target_commodity": "Gold", "lon": -112.35259, "lat": 46.5024 }, "geometry": { "type": "Point", "coordinates": [ -112.35259, 46.5024 ] } },
{ "type": "Feature", "properties": { "dep_id": "10197247", "site_name": "Grouse Mine", "dev_stat": "Past Producer", "code_list": " AU ", "target_commodity": "Gold", "lon": -112.16057, "lat": 45.5805 }, "geometry": { "type": "Point", "coordinates": [ -112.16057, 45.5805 ] } },
{ "type": "Feature", "properties": { "dep_id": "10197255", "site_name": "Little Daisy Mine", "dev_stat": "Occurrence", "code_list": " AU SB ", "target_commodity": "Gold", "lon": -112.4978, "lat": 46.6896 }, "geometry": { "type": "Point", "coordinates": [ -112.4978, 46.6896 ] } },
{ "type": "Feature", "properties": { "dep_id": "10197268", "site_name": "Occidental Mine", "dev_stat": "Past Producer", "code_list": " AU CU ", "target_commodity": "Gold", "lon": -112.65648, "lat": 45.5221 }, "geometry": { "type": "Point", "coordinates": [ -112.65648, 45.5221 ] } },
{ "type": "Feature", "properties": { "dep_id": "10197297", "site_name": "Silver Hill", "dev_stat": "Unknown", "code_list": " AU CU ", "target_commodity": "Gold", "lon": -111.97806, "lat": 45.2682 }, "geometry": { "type": "Point", "coordinates": [ -111.97806, 45.2682 ] } },
{ "type": "Feature", "properties": { "dep_id": "10197305", "site_name": "Narrow Gage", "dev_stat": "Past Producer", "code_list": " AU CU ", "target_commodity": "Gold", "lon": -112.59169, "lat": 46.0235 }, "geometry": { "type": "Point", "coordinates": [ -112.59169, 46.0235 ] } },
{ "type": "Feature", "properties": { "dep_id": "10197306", "site_name": "Wall Street Mine", "dev_stat": "Occurrence", "code_list": " CU AU ", "target_commodity": "Gold", "lon": -112.4637, "lat": 46.6796 }, "geometry": { "type": "Point", "coordinates": [ -112.4637, 46.6796 ] } },
{ "type": "Feature", "properties": { "dep_id": "10197312", "site_name": "Alder Gulch Placer Deposits", "dev_stat": "Past Producer", "code_list": " AU ", "target_commodity": "Gold", "lon": -111.98116, "lat": 45.3135 }, "geometry": { "type": "Point", "coordinates": [ -111.98116, 45.3135 ] } },
{ "type": "Feature", "properties": { "dep_id": "10197325", "site_name": "Esmeralda", "dev_stat": "Prospect", "code_list": " AU AG ", "target_commodity": "Gold", "lon": -112.4478, "lat": 46.6877 }, "geometry": { "type": "Point", "coordinates": [ -112.4478, 46.6877 ] } },
{ "type": "Feature", "properties": { "dep_id": "10197327", "site_name": "Surething Mine", "dev_stat": "Past Producer", "code_list": " AU BI ", "target_commodity": "Gold", "lon": -112.33309, "lat": 46.4393 }, "geometry": { "type": "Point", "coordinates": [ -112.33309, 46.4393 ] } },
{ "type": "Feature", "properties": { "dep_id": "10197332", "site_name": "Nyhart-Cox", "dev_stat": "Unknown", "code_list": " AU PB ", "target_commodity": "Gold", "lon": -112.63698, "lat": 45.4935 }, "geometry": { "type": "Point", "coordinates": [ -112.63698, 45.4935 ] } },
{ "type": "Feature", "properties": { "dep_id": "10197334", "site_name": "Gold Point Mine", "dev_stat": "Past Producer", "code_list": " AU CU ", "target_commodity": "Gold", "lon": -112.09977, "lat": 45.5346 }, "geometry": { "type": "Point", "coordinates": [ -112.09977, 45.5346 ] } },
{ "type": "Feature", "properties": { "dep_id": "10197335", "site_name": "Arizona", "dev_stat": "Past Producer", "code_list": " AU CU ", "target_commodity": "Gold", "lon": -111.94336, "lat": 45.6416 }, "geometry": { "type": "Point", "coordinates": [ -111.94336, 45.6416 ] } },
{ "type": "Feature", "properties": { "dep_id": "10197348", "site_name": "Native Silver", "dev_stat": "Prospect", "code_list": " AU AG ", "target_commodity": "Gold", "lon": -112.06526, "lat": 45.2163 }, "geometry": { "type": "Point", "coordinates": [ -112.06526, 45.2163 ] } },
{ "type": "Feature", "properties": { "dep_id": "10197357", "site_name": "Unnamed Deposit", "dev_stat": "Occurrence", "code_list": " AU CU ", "target_commodity": "Gold", "lon": -112.22557, "lat": 45.5307 }, "geometry": { "type": "Point", "coordinates": [ -112.22557, 45.5307 ] } },
{ "type": "Feature", "properties": { "dep_id": "10197367", "site_name": "Winnetka Trust Group", "dev_stat": "Past Producer", "code_list": " AU AG ", "target_commodity": "Gold", "lon": -111.91976, "lat": 45.253 }, "geometry": { "type": "Point", "coordinates": [ -111.91976, 45.253 ] } },
{ "type": "Feature", "properties": { "dep_id": "10197373", "site_name": "Anna Lode", "dev_stat": "Unknown", "code_list": " AG AU ", "target_commodity": "Gold", "lon": -111.42616, "lat": 46.7288 }, "geometry": { "type": "Point", "coordinates": [ -111.42616, 46.7288 ] } },
{ "type": "Feature", "properties": { "dep_id": "10197390", "site_name": "Unnamed Mine", "dev_stat": "Prospect", "code_list": " AU AG ", "target_commodity": "Gold", "lon": -112.09526, "lat": 45.508 }, "geometry": { "type": "Point", "coordinates": [ -112.09526, 45.508 ] } },
{ "type": "Feature", "properties": { "dep_id": "10197401", "site_name": "McKay Mine", "dev_stat": "Occurrence", "code_list": " AU W ", "target_commodity": "Gold", "lon": -112.4415, "lat": 46.693 }, "geometry": { "type": "Point", "coordinates": [ -112.4415, 46.693 ] } },
{ "type": "Feature", "properties": { "dep_id": "10197439", "site_name": "Betty Mae", "dev_stat": "Past Producer", "code_list": " AU AG ", "target_commodity": "Gold", "lon": -111.69025, "lat": 45.5071 }, "geometry": { "type": "Point", "coordinates": [ -111.69025, 45.5071 ] } },
{ "type": "Feature", "properties": { "dep_id": "10197461", "site_name": "Cherry Creek Placer Deposits", "dev_stat": "Past Producer", "code_list": " AU ", "target_commodity": "Gold", "lon": -111.52585, "lat": 45.61161 }, "geometry": { "type": "Point", "coordinates": [ -111.52585, 45.61161 ] } },
{ "type": "Feature", "properties": { "dep_id": "10197477", "site_name": "Big Antelope Creek - North Placers", "dev_stat": "Past Producer", "code_list": " AU ", "target_commodity": "Gold", "lon": -111.80866, "lat": 45.7916 }, "geometry": { "type": "Point", "coordinates": [ -111.80866, 45.7916 ] } },
{ "type": "Feature", "properties": { "dep_id": "10197493", "site_name": "Unnamed Mine", "dev_stat": "Prospect", "code_list": " AU AG ", "target_commodity": "Gold", "lon": -111.92756, "lat": 45.476 }, "geometry": { "type": "Point", "coordinates": [ -111.92756, 45.476 ] } },
{ "type": "Feature", "properties": { "dep_id": "10197506", "site_name": "Nettie", "dev_stat": "Past Producer", "code_list": " AU AG ", "target_commodity": "Gold", "lon": -112.16507, "lat": 45.5649 }, "geometry": { "type": "Point", "coordinates": [ -112.16507, 45.5649 ] } },
{ "type": "Feature", "properties": { "dep_id": "10197522", "site_name": "Unknown", "dev_stat": "Unknown", "code_list": " AU AG ", "target_commodity": "Gold", "lon": -112.19777, "lat": 45.5516 }, "geometry": { "type": "Point", "coordinates": [ -112.19777, 45.5516 ] } },
{ "type": "Feature", "properties": { "dep_id": "10197531", "site_name": "Emma B Group", "dev_stat": "Prospect", "code_list": " AU AG ", "target_commodity": "Gold", "lon": -112.03946, "lat": 45.5768 }, "geometry": { "type": "Point", "coordinates": [ -112.03946, 45.5768 ] } },
{ "type": "Feature", "properties": { "dep_id": "10197539", "site_name": "Willow Creek Claim", "dev_stat": "Past Producer", "code_list": " AU ", "target_commodity": "Gold", "lon": -111.94836, "lat": 45.6635 }, "geometry": { "type": "Point", "coordinates": [ -111.94836, 45.6635 ] } },
{ "type": "Feature", "properties": { "dep_id": "10197551", "site_name": "Betsy Baker", "dev_stat": "Prospect", "code_list": " AU ", "target_commodity": "Gold", "lon": -112.02526, "lat": 45.4555 }, "geometry": { "type": "Point", "coordinates": [ -112.02526, 45.4555 ] } },
{ "type": "Feature", "properties": { "dep_id": "10197553", "site_name": "Leprechaun Placer", "dev_stat": "Unknown", "code_list": " AU ", "target_commodity": "Gold", "lon": -112.509, "lat": 46.6668 }, "geometry": { "type": "Point", "coordinates": [ -112.509, 46.6668 ] } },
{ "type": "Feature", "properties": { "dep_id": "10197585", "site_name": "Dry Leonard Snoop Mine", "dev_stat": "Past Producer", "code_list": " AU AG ", "target_commodity": "Gold", "lon": -111.90146, "lat": 45.4735 }, "geometry": { "type": "Point", "coordinates": [ -111.90146, 45.4735 ] } },
{ "type": "Feature", "properties": { "dep_id": "10197591", "site_name": "High Ridge", "dev_stat": "Past Producer", "code_list": " AU AG ", "target_commodity": "Gold", "lon": -112.20027, "lat": 45.5413 }, "geometry": { "type": "Point", "coordinates": [ -112.20027, 45.5413 ] } },
{ "type": "Feature", "properties": { "dep_id": "10197593", "site_name": "Rich-Mich Placer", "dev_stat": "Past Producer", "code_list": " AU ", "target_commodity": "Gold", "lon": -111.21145, "lat": 46.51051 }, "geometry": { "type": "Point", "coordinates": [ -111.21145, 46.51051 ] } },
{ "type": "Feature", "properties": { "dep_id": "10197605", "site_name": "Van Dorstan", "dev_stat": "Occurrence", "code_list": " AU CU ", "target_commodity": "Gold", "lon": -112.54478, "lat": 45.7702 }, "geometry": { "type": "Point", "coordinates": [ -112.54478, 45.7702 ] } },
{ "type": "Feature", "properties": { "dep_id": "10197625", "site_name": "Crystal Lake Properties", "dev_stat": "Past Producer", "code_list": " AU PB ", "target_commodity": "Gold", "lon": -112.17977, "lat": 45.5538 }, "geometry": { "type": "Point", "coordinates": [ -112.17977, 45.5538 ] } },
{ "type": "Feature", "properties": { "dep_id": "10197627", "site_name": "Mutch", "dev_stat": "Unknown", "code_list": " PB AU ", "target_commodity": "Gold", "lon": -112.48278, "lat": 45.676 }, "geometry": { "type": "Point", "coordinates": [ -112.48278, 45.676 ] } },
{ "type": "Feature", "properties": { "dep_id": "10197634", "site_name": "Miller Tunnel", "dev_stat": "Past Producer", "code_list": " AU AG ", "target_commodity": "Gold", "lon": -111.95396, "lat": 45.2938 }, "geometry": { "type": "Point", "coordinates": [ -111.95396, 45.2938 ] } },
{ "type": "Feature", "properties": { "dep_id": "10197648", "site_name": "Mistake Placer", "dev_stat": "Past Producer", "code_list": " AU ", "target_commodity": "Gold", "lon": -112.6612, "lat": 46.7916 }, "geometry": { "type": "Point", "coordinates": [ -112.6612, 46.7916 ] } },
{ "type": "Feature", "properties": { "dep_id": "10197649", "site_name": "Wooden Nickel", "dev_stat": "Past Producer", "code_list": " AU ", "target_commodity": "Gold", "lon": -112.41388, "lat": 45.5466 }, "geometry": { "type": "Point", "coordinates": [ -112.41388, 45.5466 ] } },
{ "type": "Feature", "properties": { "dep_id": "10197654", "site_name": "Missouri-McKee Mine", "dev_stat": "Past Producer", "code_list": " AU CU ", "target_commodity": "Gold", "lon": -111.90146, "lat": 45.4588 }, "geometry": { "type": "Point", "coordinates": [ -111.90146, 45.4588 ] } },
{ "type": "Feature", "properties": { "dep_id": "10197664", "site_name": "Unnamed Deposit", "dev_stat": "Occurrence", "code_list": " AU CU ", "target_commodity": "Gold", "lon": -112.20647, "lat": 45.5327 }, "geometry": { "type": "Point", "coordinates": [ -112.20647, 45.5327 ] } },
{ "type": "Feature", "properties": { "dep_id": "10197736", "site_name": "Black Eagle", "dev_stat": "Prospect", "code_list": " AG AU ", "target_commodity": "Gold", "lon": -112.07116, "lat": 45.2166 }, "geometry": { "type": "Point", "coordinates": [ -112.07116, 45.2166 ] } },
{ "type": "Feature", "properties": { "dep_id": "10197739", "site_name": "Humdinger Mine", "dev_stat": "Occurrence", "code_list": " AU ", "target_commodity": "Gold", "lon": -112.73701, "lat": 46.79549 }, "geometry": { "type": "Point", "coordinates": [ -112.73701, 46.79549 ] } },
{ "type": "Feature", "properties": { "dep_id": "10197745", "site_name": "Richmond Group", "dev_stat": "Past Producer", "code_list": " AU CU ", "target_commodity": "Gold", "lon": -112.19557, "lat": 45.566 }, "geometry": { "type": "Point", "coordinates": [ -112.19557, 45.566 ] } },
{ "type": "Feature", "properties": { "dep_id": "10197746", "site_name": "Gold Bar", "dev_stat": "Past Producer", "code_list": " AU CU ", "target_commodity": "Gold", "lon": -111.97446, "lat": 45.2566 }, "geometry": { "type": "Point", "coordinates": [ -111.97446, 45.2566 ] } },
{ "type": "Feature", "properties": { "dep_id": "10197750", "site_name": "High Bluff", "dev_stat": "Past Producer", "code_list": " AU AG ", "target_commodity": "Gold", "lon": -111.88586, "lat": 45.4677 }, "geometry": { "type": "Point", "coordinates": [ -111.88586, 45.4677 ] } },
{ "type": "Feature", "properties": { "dep_id": "10197790", "site_name": "Frida Marie Claim", "dev_stat": "Past Producer", "code_list": " AU ", "target_commodity": "Gold", "lon": -112.32978, "lat": 45.6766 }, "geometry": { "type": "Point", "coordinates": [ -112.32978, 45.6766 ] } },
{ "type": "Feature", "properties": { "dep_id": "10197802", "site_name": "Beal Dyke Placer", "dev_stat": "Producer", "code_list": " AG AU ", "target_commodity": "Gold", "lon": -112.8423, "lat": 46.00549 }, "geometry": { "type": "Point", "coordinates": [ -112.8423, 46.00549 ] } },
{ "type": "Feature", "properties": { "dep_id": "10197809", "site_name": "William Paul Placer", "dev_stat": "Unknown", "code_list": " AU ", "target_commodity": "Gold", "lon": -112.6528, "lat": 46.7991 }, "geometry": { "type": "Point", "coordinates": [ -112.6528, 46.7991 ] } },
{ "type": "Feature", "properties": { "dep_id": "10197816", "site_name": "Riddel", "dev_stat": "Past Producer", "code_list": " AU PB ", "target_commodity": "Gold", "lon": -111.95476, "lat": 45.2116 }, "geometry": { "type": "Point", "coordinates": [ -111.95476, 45.2116 ] } },
{ "type": "Feature", "properties": { "dep_id": "10197835", "site_name": "Brown Mine", "dev_stat": "Unknown", "code_list": " AU AG ", "target_commodity": "Gold", "lon": -112.33948, "lat": 45.6555 }, "geometry": { "type": "Point", "coordinates": [ -112.33948, 45.6555 ] } },
{ "type": "Feature", "properties": { "dep_id": "10197848", "site_name": "Terrible Placer", "dev_stat": "Past Producer", "code_list": " AU ", "target_commodity": "Gold", "lon": -111.38196, "lat": 46.66961 }, "geometry": { "type": "Point", "coordinates": [ -111.38196, 46.66961 ] } },
{ "type": "Feature", "properties": { "dep_id": "10197856", "site_name": "Eldorado Gold Placer", "dev_stat": "Past Producer", "code_list": " AU ", "target_commodity": "Gold", "lon": -111.97586, "lat": 45.2688 }, "geometry": { "type": "Point", "coordinates": [ -111.97586, 45.2688 ] } },
{ "type": "Feature", "properties": { "dep_id": "10197860", "site_name": "Mohican", "dev_stat": "Past Producer", "code_list": " AU ", "target_commodity": "Gold", "lon": -111.64725, "lat": 45.5799 }, "geometry": { "type": "Point", "coordinates": [ -111.64725, 45.5799 ] } },
{ "type": "Feature", "properties": { "dep_id": "10197889", "site_name": "Victoria Mine", "dev_stat": "Past Producer", "code_list": " AU CU ", "target_commodity": "Gold", "lon": -112.31527, "lat": 45.6949 }, "geometry": { "type": "Point", "coordinates": [ -112.31527, 45.6949 ] } },
{ "type": "Feature", "properties": { "dep_id": "10197900", "site_name": "Unknown", "dev_stat": "Unknown", "code_list": " AU AG ", "target_commodity": "Gold", "lon": -112.19087, "lat": 45.5505 }, "geometry": { "type": "Point", "coordinates": [ -112.19087, 45.5505 ] } },
{ "type": "Feature", "properties": { "dep_id": "10197904", "site_name": "Galena Mine", "dev_stat": "Past Producer", "code_list": " AU CU ", "target_commodity": "Gold", "lon": -112.32978, "lat": 45.6843 }, "geometry": { "type": "Point", "coordinates": [ -112.32978, 45.6843 ] } },
{ "type": "Feature", "properties": { "dep_id": "10207531", "site_name": "Agitator Concentrator Mine", "dev_stat": "Past Producer", "code_list": " AU CU ", "target_commodity": "Gold", "lon": -112.05806, "lat": 45.4355 }, "geometry": { "type": "Point", "coordinates": [ -112.05806, 45.4355 ] } },
{ "type": "Feature", "properties": { "dep_id": "10208184", "site_name": "Sunnyside", "dev_stat": "Unknown", "code_list": " AU AG ", "target_commodity": "Gold", "lon": -111.95026, "lat": 45.2305 }, "geometry": { "type": "Point", "coordinates": [ -111.95026, 45.2305 ] } },
{ "type": "Feature", "properties": { "dep_id": "10208252", "site_name": "Cooper", "dev_stat": "Occurrence", "code_list": " AU ", "target_commodity": "Gold", "lon": -111.70227, "lat": 46.6638 }, "geometry": { "type": "Point", "coordinates": [ -111.70227, 46.6638 ] } },
{ "type": "Feature", "properties": { "dep_id": "10208330", "site_name": "Empire Mine", "dev_stat": "Unknown", "code_list": " AU PB ", "target_commodity": "Gold", "lon": -112.34979, "lat": 46.7585 }, "geometry": { "type": "Point", "coordinates": [ -112.34979, 46.7585 ] } },
{ "type": "Feature", "properties": { "dep_id": "10208362", "site_name": "Sarge Hall Mine", "dev_stat": "Past Producer", "code_list": " AU CU ", "target_commodity": "Gold", "lon": -112.07776, "lat": 45.5377 }, "geometry": { "type": "Point", "coordinates": [ -112.07776, 45.5377 ] } },
{ "type": "Feature", "properties": { "dep_id": "10208438", "site_name": "Nellie", "dev_stat": "Past Producer", "code_list": " AG AU ", "target_commodity": "Gold", "lon": -112.41528, "lat": 46.0405 }, "geometry": { "type": "Point", "coordinates": [ -112.41528, 46.0405 ] } },
{ "type": "Feature", "properties": { "dep_id": "10208467", "site_name": "Maybesto & Try Claims", "dev_stat": "Unknown", "code_list": " AU PB ", "target_commodity": "Gold", "lon": -111.98918, "lat": 46.5713 }, "geometry": { "type": "Point", "coordinates": [ -111.98918, 46.5713 ] } },
{ "type": "Feature", "properties": { "dep_id": "10208511", "site_name": "Minnesota Prospect", "dev_stat": "Prospect", "code_list": " AU PB ", "target_commodity": "Gold", "lon": -112.53649, "lat": 46.3143 }, "geometry": { "type": "Point", "coordinates": [ -112.53649, 46.3143 ] } },
{ "type": "Feature", "properties": { "dep_id": "10208533", "site_name": "Valley View", "dev_stat": "Past Producer", "code_list": " AU AG ", "target_commodity": "Gold", "lon": -111.97526, "lat": 45.3032 }, "geometry": { "type": "Point", "coordinates": [ -111.97526, 45.3032 ] } },
{ "type": "Feature", "properties": { "dep_id": "10216048", "site_name": "Vermont Gulch Placer", "dev_stat": "Past Producer", "code_list": " AU ", "target_commodity": "Gold", "lon": -111.39526, "lat": 46.66571 }, "geometry": { "type": "Point", "coordinates": [ -111.39526, 46.66571 ] } },
{ "type": "Feature", "properties": { "dep_id": "10216178", "site_name": "Emma", "dev_stat": "Past Producer", "code_list": " AU ", "target_commodity": "Gold", "lon": -112.54169, "lat": 46.006 }, "geometry": { "type": "Point", "coordinates": [ -112.54169, 46.006 ] } },
{ "type": "Feature", "properties": { "dep_id": "10220466", "site_name": "Homestead 2 Placer Mine", "dev_stat": "Occurrence", "code_list": " AU AG ", "target_commodity": "Gold", "lon": -111.73117, "lat": 46.4971 }, "geometry": { "type": "Point", "coordinates": [ -111.73117, 46.4971 ] } },
{ "type": "Feature", "properties": { "dep_id": "10220472", "site_name": "Clark", "dev_stat": "Prospect", "code_list": " AU AG ", "target_commodity": "Gold", "lon": -111.65897, "lat": 46.4552 }, "geometry": { "type": "Point", "coordinates": [ -111.65897, 46.4552 ] } },
{ "type": "Feature", "properties": { "dep_id": "10220474", "site_name": "Indian Creek", "dev_stat": "Occurrence", "code_list": " AU ", "target_commodity": "Gold", "lon": -111.63836, "lat": 46.3049 }, "geometry": { "type": "Point", "coordinates": [ -111.63836, 46.3049 ] } },
{ "type": "Feature", "properties": { "dep_id": "10220475", "site_name": "Longfellow Creek Prospect", "dev_stat": "Prospect", "code_list": " AU AG ", "target_commodity": "Gold", "lon": -111.77367, "lat": 46.3624 }, "geometry": { "type": "Point", "coordinates": [ -111.77367, 46.3624 ] } },
{ "type": "Feature", "properties": { "dep_id": "10220486", "site_name": "Dolly Boy", "dev_stat": "Occurrence", "code_list": " AU PB ", "target_commodity": "Gold", "lon": -111.73477, "lat": 46.478 }, "geometry": { "type": "Point", "coordinates": [ -111.73477, 46.478 ] } },
{ "type": "Feature", "properties": { "dep_id": "10220528", "site_name": "Key West", "dev_stat": "Occurrence", "code_list": " AU CU ", "target_commodity": "Gold", "lon": -111.69026, "lat": 46.1446 }, "geometry": { "type": "Point", "coordinates": [ -111.69026, 46.1446 ] } },
{ "type": "Feature", "properties": { "dep_id": "10220685", "site_name": "Silver Reef", "dev_stat": "Occurrence", "code_list": " AU CU ", "target_commodity": "Gold", "lon": -111.75507, "lat": 46.2588 }, "geometry": { "type": "Point", "coordinates": [ -111.75507, 46.2588 ] } },
{ "type": "Feature", "properties": { "dep_id": "10220686", "site_name": "East Pacific Mine", "dev_stat": "Past Producer", "code_list": " AU PB ", "target_commodity": "Gold", "lon": -111.69917, "lat": 46.4207 }, "geometry": { "type": "Point", "coordinates": [ -111.69917, 46.4207 ] } },
{ "type": "Feature", "properties": { "dep_id": "10220689", "site_name": "Lame Deer", "dev_stat": "Past Producer", "code_list": " AU PB ", "target_commodity": "Gold", "lon": -111.71897, "lat": 46.3993 }, "geometry": { "type": "Point", "coordinates": [ -111.71897, 46.3993 ] } },
{ "type": "Feature", "properties": { "dep_id": "10220691", "site_name": "Eureka Creek", "dev_stat": "Occurrence", "code_list": " AU ", "target_commodity": "Gold", "lon": -111.75307, "lat": 46.3318 }, "geometry": { "type": "Point", "coordinates": [ -111.75307, 46.3318 ] } },
{ "type": "Feature", "properties": { "dep_id": "10220763", "site_name": "Golden Moss Mine", "dev_stat": "Past Producer", "code_list": " PB AU ", "target_commodity": "Gold", "lon": -111.93977, "lat": 46.2888 }, "geometry": { "type": "Point", "coordinates": [ -111.93977, 46.2888 ] } },
{ "type": "Feature", "properties": { "dep_id": "10220767", "site_name": "Margaret Claim", "dev_stat": "Occurrence", "code_list": " AU ", "target_commodity": "Gold", "lon": -111.62867, "lat": 46.7116 }, "geometry": { "type": "Point", "coordinates": [ -111.62867, 46.7116 ] } },
{ "type": "Feature", "properties": { "dep_id": "10220776", "site_name": "Daisy", "dev_stat": "Occurrence", "code_list": " AU PB ", "target_commodity": "Gold", "lon": -111.74146, "lat": 46.148 }, "geometry": { "type": "Point", "coordinates": [ -111.74146, 46.148 ] } },
{ "type": "Feature", "properties": { "dep_id": "10220779", "site_name": "Nary Time Gulch", "dev_stat": "Occurrence", "code_list": " AU ", "target_commodity": "Gold", "lon": -111.48836, "lat": 46.7235 }, "geometry": { "type": "Point", "coordinates": [ -111.48836, 46.7235 ] } },
{ "type": "Feature", "properties": { "dep_id": "10220803", "site_name": "Boulder Creek Placer", "dev_stat": "Occurrence", "code_list": " AU ", "target_commodity": "Gold", "lon": -111.44476, "lat": 46.5855 }, "geometry": { "type": "Point", "coordinates": [ -111.44476, 46.5855 ] } },
{ "type": "Feature", "properties": { "dep_id": "10220836", "site_name": "B and B Mine", "dev_stat": "Past Producer", "code_list": " AU ", "target_commodity": "Gold", "lon": -111.58416, "lat": 46.3485 }, "geometry": { "type": "Point", "coordinates": [ -111.58416, 46.3485 ] } },
{ "type": "Feature", "properties": { "dep_id": "10220842", "site_name": "Tourmaline Queen Mine", "dev_stat": "Occurrence", "code_list": " AU ", "target_commodity": "Gold", "lon": -111.96147, "lat": 46.2574 }, "geometry": { "type": "Point", "coordinates": [ -111.96147, 46.2574 ] } },
{ "type": "Feature", "properties": { "dep_id": "10220844", "site_name": "Nada Mine", "dev_stat": "Occurrence", "code_list": " AU ", "target_commodity": "Gold", "lon": -111.73976, "lat": 46.1318 }, "geometry": { "type": "Point", "coordinates": [ -111.73976, 46.1318 ] } },
{ "type": "Feature", "properties": { "dep_id": "10220864", "site_name": "Dry Cottonwood Creek", "dev_stat": "Occurrence", "code_list": " GEM_SA AU ", "target_commodity": "Gold", "lon": -112.7337, "lat": 46.2427 }, "geometry": { "type": "Point", "coordinates": [ -112.7337, 46.2427 ] } },
{ "type": "Feature", "properties": { "dep_id": "10220882", "site_name": "Roadside Prospect", "dev_stat": "Prospect", "code_list": " AU CU ", "target_commodity": "Gold", "lon": -111.74417, "lat": 46.3324 }, "geometry": { "type": "Point", "coordinates": [ -111.74417, 46.3324 ] } },
{ "type": "Feature", "properties": { "dep_id": "10220902", "site_name": "Unnamed Location", "dev_stat": "Occurrence", "code_list": " AU ", "target_commodity": "Gold", "lon": -111.70336, "lat": 46.1085 }, "geometry": { "type": "Point", "coordinates": [ -111.70336, 46.1085 ] } },
{ "type": "Feature", "properties": { "dep_id": "10220904", "site_name": "Dailey Copper Mine", "dev_stat": "Past Producer", "code_list": " CU AU ", "target_commodity": "Gold", "lon": -112.10368, "lat": 46.3507 }, "geometry": { "type": "Point", "coordinates": [ -112.10368, 46.3507 ] } },
{ "type": "Feature", "properties": { "dep_id": "10220909", "site_name": "Quartzite Mine", "dev_stat": "Occurrence", "code_list": " AU ", "target_commodity": "Gold", "lon": -111.75477, "lat": 46.2302 }, "geometry": { "type": "Point", "coordinates": [ -111.75477, 46.2302 ] } },
{ "type": "Feature", "properties": { "dep_id": "10220912", "site_name": "Miller", "dev_stat": "Past Producer", "code_list": " AU AG ", "target_commodity": "Gold", "lon": -111.4153, "lat": 46.62019 }, "geometry": { "type": "Point", "coordinates": [ -111.4153, 46.62019 ] } },
{ "type": "Feature", "properties": { "dep_id": "10220940", "site_name": "Maine-Sullivan", "dev_stat": "Unknown", "code_list": " AU ", "target_commodity": "Gold", "lon": -111.69917, "lat": 46.4438 }, "geometry": { "type": "Point", "coordinates": [ -111.69917, 46.4438 ] } },
{ "type": "Feature", "properties": { "dep_id": "10220985", "site_name": "Palmer Engh Placer", "dev_stat": "Occurrence", "code_list": " AU ", "target_commodity": "Gold", "lon": -111.67276, "lat": 46.3093 }, "geometry": { "type": "Point", "coordinates": [ -111.67276, 46.3093 ] } },
{ "type": "Feature", "properties": { "dep_id": "10220999", "site_name": "Silver King & Queen Mine", "dev_stat": "Occurrence", "code_list": " AU CU ", "target_commodity": "Gold", "lon": -111.77587, "lat": 46.2732 }, "geometry": { "type": "Point", "coordinates": [ -111.77587, 46.2732 ] } },
{ "type": "Feature", "properties": { "dep_id": "10221009", "site_name": "Levinski Creek Prospect", "dev_stat": "Prospect", "code_list": " AU ", "target_commodity": "Gold", "lon": -111.20973, "lat": 45.25021 }, "geometry": { "type": "Point", "coordinates": [ -111.20973, 45.25021 ] } },
{ "type": "Feature", "properties": { "dep_id": "10221010", "site_name": "Shabert", "dev_stat": "Unknown", "code_list": " AU ", "target_commodity": "Gold", "lon": -111.39166, "lat": 46.63101 }, "geometry": { "type": "Point", "coordinates": [ -111.39166, 46.63101 ] } },
{ "type": "Feature", "properties": { "dep_id": "10221018", "site_name": "Mountain View Mine", "dev_stat": "Past Producer", "code_list": " AU PB ", "target_commodity": "Gold", "lon": -111.69977, "lat": 46.4377 }, "geometry": { "type": "Point", "coordinates": [ -111.69977, 46.4377 ] } },
{ "type": "Feature", "properties": { "dep_id": "10221031", "site_name": "Gallatin River Placers", "dev_stat": "Prospect", "code_list": " AU ", "target_commodity": "Gold", "lon": -111.31164, "lat": 45.26551 }, "geometry": { "type": "Point", "coordinates": [ -111.31164, 45.26551 ] } },
{ "type": "Feature", "properties": { "dep_id": "10221051", "site_name": "Anita Mine", "dev_stat": "Occurrence", "code_list": " PB AU ", "target_commodity": "Gold", "lon": -112.82479, "lat": 45.3041 }, "geometry": { "type": "Point", "coordinates": [ -112.82479, 45.3041 ] } },
{ "type": "Feature", "properties": { "dep_id": "10221052", "site_name": "Pen Yan", "dev_stat": "Past Producer", "code_list": " AU PB ", "target_commodity": "Gold", "lon": -112.17558, "lat": 46.3577 }, "geometry": { "type": "Point", "coordinates": [ -112.17558, 46.3577 ] } },
{ "type": "Feature", "properties": { "dep_id": "10221091", "site_name": "White Pine", "dev_stat": "Past Producer", "code_list": " AU PB ", "target_commodity": "Gold", "lon": -111.88897, "lat": 46.4132 }, "geometry": { "type": "Point", "coordinates": [ -111.88897, 46.4132 ] } },
{ "type": "Feature", "properties": { "dep_id": "10221151", "site_name": "Spring Hill", "dev_stat": "Past Producer", "code_list": " AG AU ", "target_commodity": "Gold", "lon": -111.70006, "lat": 46.3216 }, "geometry": { "type": "Point", "coordinates": [ -111.70006, 46.3216 ] } },
{ "type": "Feature", "properties": { "dep_id": "10221160", "site_name": "Silver Dike Group", "dev_stat": "Past Producer", "code_list": " AU AG ", "target_commodity": "Gold", "lon": -111.52666, "lat": 46.3916 }, "geometry": { "type": "Point", "coordinates": [ -111.52666, 46.3916 ] } },
{ "type": "Feature", "properties": { "dep_id": "10221178", "site_name": "Valley View Mine", "dev_stat": "Past Producer", "code_list": " AU PB ", "target_commodity": "Gold", "lon": -111.54556, "lat": 46.3474 }, "geometry": { "type": "Point", "coordinates": [ -111.54556, 46.3474 ] } },
{ "type": "Feature", "properties": { "dep_id": "10221185", "site_name": "White City Placer", "dev_stat": "Unknown", "code_list": " AU ", "target_commodity": "Gold", "lon": -111.45916, "lat": 46.6263 }, "geometry": { "type": "Point", "coordinates": [ -111.45916, 46.6263 ] } },
{ "type": "Feature", "properties": { "dep_id": "10221252", "site_name": "Alberta", "dev_stat": "Unknown", "code_list": " AU AG ", "target_commodity": "Gold", "lon": -111.70557, "lat": 46.3771 }, "geometry": { "type": "Point", "coordinates": [ -111.70557, 46.3771 ] } },
{ "type": "Feature", "properties": { "dep_id": "10221262", "site_name": "Superior Mine", "dev_stat": "Prospect", "code_list": " AU CU ", "target_commodity": "Gold", "lon": -111.80087, "lat": 46.6246 }, "geometry": { "type": "Point", "coordinates": [ -111.80087, 46.6246 ] } },
{ "type": "Feature", "properties": { "dep_id": "10221265", "site_name": "Carbonate Creek", "dev_stat": "Prospect", "code_list": " AU AG ", "target_commodity": "Gold", "lon": -111.89837, "lat": 46.426 }, "geometry": { "type": "Point", "coordinates": [ -111.89837, 46.426 ] } },
{ "type": "Feature", "properties": { "dep_id": "10221281", "site_name": "Fourth Estate Mine", "dev_stat": "Unknown", "code_list": " F AU ", "target_commodity": "Gold", "lon": -112.66369, "lat": 46.011 }, "geometry": { "type": "Point", "coordinates": [ -112.66369, 46.011 ] } },
{ "type": "Feature", "properties": { "dep_id": "10221283", "site_name": "Unnamed Gold", "dev_stat": "Occurrence", "code_list": " AU ", "target_commodity": "Gold", "lon": -112.27729, "lat": 46.443 }, "geometry": { "type": "Point", "coordinates": [ -112.27729, 46.443 ] } },
{ "type": "Feature", "properties": { "dep_id": "10221284", "site_name": "Beiber Mine", "dev_stat": "Unknown", "code_list": " AU ", "target_commodity": "Gold", "lon": -112.58778, "lat": 45.481 }, "geometry": { "type": "Point", "coordinates": [ -112.58778, 45.481 ] } },
{ "type": "Feature", "properties": { "dep_id": "10221300", "site_name": "Basin Mill", "dev_stat": "Past Producer", "code_list": " AU ", "target_commodity": "Gold", "lon": -112.26228, "lat": 46.2688 }, "geometry": { "type": "Point", "coordinates": [ -112.26228, 46.2688 ] } },
{ "type": "Feature", "properties": { "dep_id": "10221309", "site_name": "Blue Bird Mine", "dev_stat": "Prospect", "code_list": " CU AU ", "target_commodity": "Gold", "lon": -112.07198, "lat": 46.5505 }, "geometry": { "type": "Point", "coordinates": [ -112.07198, 46.5505 ] } },
{ "type": "Feature", "properties": { "dep_id": "10221310", "site_name": "Gold Series Big Mary Claim", "dev_stat": "Prospect", "code_list": " AU CU ", "target_commodity": "Gold", "lon": -111.85227, "lat": 46.3782 }, "geometry": { "type": "Point", "coordinates": [ -111.85227, 46.3782 ] } },
{ "type": "Feature", "properties": { "dep_id": "10221313", "site_name": "Wayside", "dev_stat": "Past Producer", "code_list": " AU CU ", "target_commodity": "Gold", "lon": -112.09528, "lat": 46.6718 }, "geometry": { "type": "Point", "coordinates": [ -112.09528, 46.6718 ] } },
{ "type": "Feature", "properties": { "dep_id": "10221318", "site_name": "New Mine", "dev_stat": "Past Producer", "code_list": " AU ", "target_commodity": "Gold", "lon": -112.51618, "lat": 45.6066 }, "geometry": { "type": "Point", "coordinates": [ -112.51618, 45.6066 ] } },
{ "type": "Feature", "properties": { "dep_id": "10221326", "site_name": "Jack Pine", "dev_stat": "Past Producer", "code_list": " AU CU ", "target_commodity": "Gold", "lon": -111.23225, "lat": 46.51101 }, "geometry": { "type": "Point", "coordinates": [ -111.23225, 46.51101 ] } },
{ "type": "Feature", "properties": { "dep_id": "10221336", "site_name": "Excelsior", "dev_stat": "Past Producer", "code_list": " AG AU ", "target_commodity": "Gold", "lon": -112.53979, "lat": 46.0416 }, "geometry": { "type": "Point", "coordinates": [ -112.53979, 46.0416 ] } },
{ "type": "Feature", "properties": { "dep_id": "10221338", "site_name": "Maltbys", "dev_stat": "Plant", "code_list": " AU ", "target_commodity": "Gold", "lon": -111.78146, "lat": 45.5916 }, "geometry": { "type": "Point", "coordinates": [ -111.78146, 45.5916 ] } },
{ "type": "Feature", "properties": { "dep_id": "10221351", "site_name": "Gold Dust", "dev_stat": "Past Producer", "code_list": " AG AU ", "target_commodity": "Gold", "lon": -112.56168, "lat": 45.7763 }, "geometry": { "type": "Point", "coordinates": [ -112.56168, 45.7763 ] } },
{ "type": "Feature", "properties": { "dep_id": "10221359", "site_name": "Silver Star Placer", "dev_stat": "Past Producer", "code_list": " AU ", "target_commodity": "Gold", "lon": -112.37258, "lat": 45.6493 }, "geometry": { "type": "Point", "coordinates": [ -112.37258, 45.6493 ] } },
{ "type": "Feature", "properties": { "dep_id": "10221379", "site_name": "Moonlight-White Elephant", "dev_stat": "Past Producer", "code_list": " AU ", "target_commodity": "Gold", "lon": -112.34838, "lat": 45.6632 }, "geometry": { "type": "Point", "coordinates": [ -112.34838, 45.6632 ] } },
{ "type": "Feature", "properties": { "dep_id": "10221385", "site_name": "Unknown", "dev_stat": "Unknown", "code_list": " AU AG ", "target_commodity": "Gold", "lon": -112.20007, "lat": 45.5491 }, "geometry": { "type": "Point", "coordinates": [ -112.20007, 45.5491 ] } },
{ "type": "Feature", "properties": { "dep_id": "10221387", "site_name": "Nora Darling", "dev_stat": "Past Producer", "code_list": " CU AU ", "target_commodity": "Gold", "lon": -112.5101, "lat": 46.7074 }, "geometry": { "type": "Point", "coordinates": [ -112.5101, 46.7074 ] } },
{ "type": "Feature", "properties": { "dep_id": "10221392", "site_name": "Memphis", "dev_stat": "Prospect", "code_list": " AU AG ", "target_commodity": "Gold", "lon": -112.44509, "lat": 46.1993 }, "geometry": { "type": "Point", "coordinates": [ -112.44509, 46.1993 ] } },
{ "type": "Feature", "properties": { "dep_id": "10221394", "site_name": "Columbia Mine", "dev_stat": "Past Producer", "code_list": " AU CU ", "target_commodity": "Gold", "lon": -112.41839, "lat": 46.2016 }, "geometry": { "type": "Point", "coordinates": [ -112.41839, 46.2016 ] } },
{ "type": "Feature", "properties": { "dep_id": "10221395", "site_name": "Unnamed Mine", "dev_stat": "Prospect", "code_list": " AU AG ", "target_commodity": "Gold", "lon": -112.11557, "lat": 45.5038 }, "geometry": { "type": "Point", "coordinates": [ -112.11557, 45.5038 ] } },
{ "type": "Feature", "properties": { "dep_id": "10221397", "site_name": "Harris Creek Placer", "dev_stat": "Past Producer", "code_list": " AU ", "target_commodity": "Gold", "lon": -112.06166, "lat": 45.3821 }, "geometry": { "type": "Point", "coordinates": [ -112.06166, 45.3821 ] } },
{ "type": "Feature", "properties": { "dep_id": "10221399", "site_name": "Fish Creek Placers", "dev_stat": "Past Producer", "code_list": " AU ", "target_commodity": "Gold", "lon": -112.47668, "lat": 45.8032 }, "geometry": { "type": "Point", "coordinates": [ -112.47668, 45.8032 ] } },
{ "type": "Feature", "properties": { "dep_id": "10221406", "site_name": "Bluebird Mine", "dev_stat": "Prospect", "code_list": " AU AG ", "target_commodity": "Gold", "lon": -112.08757, "lat": 45.5324 }, "geometry": { "type": "Point", "coordinates": [ -112.08757, 45.5324 ] } },
{ "type": "Feature", "properties": { "dep_id": "10221408", "site_name": "Green Campbell", "dev_stat": "Past Producer", "code_list": " AU CU ", "target_commodity": "Gold", "lon": -112.33058, "lat": 45.6946 }, "geometry": { "type": "Point", "coordinates": [ -112.33058, 45.6946 ] } },
{ "type": "Feature", "properties": { "dep_id": "10221416", "site_name": "Gold Hill", "dev_stat": "Past Producer", "code_list": " AU CU ", "target_commodity": "Gold", "lon": -112.53808, "lat": 45.7632 }, "geometry": { "type": "Point", "coordinates": [ -112.53808, 45.7632 ] } },
{ "type": "Feature", "properties": { "dep_id": "10221422", "site_name": "Silver King Placer", "dev_stat": "Occurrence", "code_list": " AU ", "target_commodity": "Gold", "lon": -112.47728, "lat": 45.8163 }, "geometry": { "type": "Point", "coordinates": [ -112.47728, 45.8163 ] } },
{ "type": "Feature", "properties": { "dep_id": "10221426", "site_name": "Hudson Mine", "dev_stat": "Occurrence", "code_list": " AU PB ", "target_commodity": "Gold", "lon": -112.31117, "lat": 45.6941 }, "geometry": { "type": "Point", "coordinates": [ -112.31117, 45.6941 ] } },
{ "type": "Feature", "properties": { "dep_id": "10221429", "site_name": "Mitchell Prospect", "dev_stat": "Occurrence", "code_list": " CU AU ", "target_commodity": "Gold", "lon": -112.5278, "lat": 46.6807 }, "geometry": { "type": "Point", "coordinates": [ -112.5278, 46.6807 ] } },
{ "type": "Feature", "properties": { "dep_id": "10221435", "site_name": "Bear Gulch Adit", "dev_stat": "Past Producer", "code_list": " AU CU ", "target_commodity": "Gold", "lon": -112.20027, "lat": 45.5941 }, "geometry": { "type": "Point", "coordinates": [ -112.20027, 45.5941 ] } },
{ "type": "Feature", "properties": { "dep_id": "10221437", "site_name": "Little Dandy", "dev_stat": "Past Producer", "code_list": " AU AG ", "target_commodity": "Gold", "lon": -111.73447, "lat": 46.7399 }, "geometry": { "type": "Point", "coordinates": [ -111.73447, 46.7399 ] } },
{ "type": "Feature", "properties": { "dep_id": "10221445", "site_name": "Prospector Mine", "dev_stat": "Past Producer", "code_list": " AU CU ", "target_commodity": "Gold", "lon": -112.56869, "lat": 46.0068 }, "geometry": { "type": "Point", "coordinates": [ -112.56869, 46.0068 ] } },
{ "type": "Feature", "properties": { "dep_id": "10221454", "site_name": "Big Antelope Creek- South Placers", "dev_stat": "Past Producer", "code_list": " AU ", "target_commodity": "Gold", "lon": -111.90616, "lat": 45.7038 }, "geometry": { "type": "Point", "coordinates": [ -111.90616, 45.7038 ] } },
{ "type": "Feature", "properties": { "dep_id": "10221460", "site_name": "Thistle Mine", "dev_stat": "Unknown", "code_list": " AU PB ", "target_commodity": "Gold", "lon": -112.49198, "lat": 45.6241 }, "geometry": { "type": "Point", "coordinates": [ -112.49198, 45.6241 ] } },
{ "type": "Feature", "properties": { "dep_id": "10221474", "site_name": "Fairview Mine", "dev_stat": "Past Producer", "code_list": " AU CU ", "target_commodity": "Gold", "lon": -112.13417, "lat": 45.5271 }, "geometry": { "type": "Point", "coordinates": [ -112.13417, 45.5271 ] } },
{ "type": "Feature", "properties": { "dep_id": "10221485", "site_name": "High Ridge Prospect", "dev_stat": "Prospect", "code_list": " AU ", "target_commodity": "Gold", "lon": -111.79527, "lat": 46.4443 }, "geometry": { "type": "Point", "coordinates": [ -111.79527, 46.4443 ] } },
{ "type": "Feature", "properties": { "dep_id": "10221488", "site_name": "Blackfeet No. 1", "dev_stat": "Unknown", "code_list": " PB AU ", "target_commodity": "Gold", "lon": -112.42919, "lat": 46.4732 }, "geometry": { "type": "Point", "coordinates": [ -112.42919, 46.4732 ] } },
{ "type": "Feature", "properties": { "dep_id": "10221498", "site_name": "Walker", "dev_stat": "Past Producer", "code_list": " AU ", "target_commodity": "Gold", "lon": -112.03866, "lat": 45.448 }, "geometry": { "type": "Point", "coordinates": [ -112.03866, 45.448 ] } },
{ "type": "Feature", "properties": { "dep_id": "10221505", "site_name": "Big Chief Mine", "dev_stat": "Past Producer", "code_list": " AG AU ", "target_commodity": "Gold", "lon": -112.35838, "lat": 45.9835 }, "geometry": { "type": "Point", "coordinates": [ -112.35838, 45.9835 ] } },
{ "type": "Feature", "properties": { "dep_id": "10221509", "site_name": "Mammoth-Butte", "dev_stat": "Unknown", "code_list": " AU AG ", "target_commodity": "Gold", "lon": -112.22087, "lat": 45.693 }, "geometry": { "type": "Point", "coordinates": [ -112.22087, 45.693 ] } },
{ "type": "Feature", "properties": { "dep_id": "10221528", "site_name": "Josephine", "dev_stat": "Past Producer", "code_list": " AU PB ", "target_commodity": "Gold", "lon": -112.31339, "lat": 46.416 }, "geometry": { "type": "Point", "coordinates": [ -112.31339, 46.416 ] } },
{ "type": "Feature", "properties": { "dep_id": "10221543", "site_name": "Black Prince", "dev_stat": "Past Producer", "code_list": " AU AG ", "target_commodity": "Gold", "lon": -111.78976, "lat": 45.5452 }, "geometry": { "type": "Point", "coordinates": [ -111.78976, 45.5452 ] } },
{ "type": "Feature", "properties": { "dep_id": "10221544", "site_name": "Monitor Creek Placer", "dev_stat": "Unknown", "code_list": " AU ", "target_commodity": "Gold", "lon": -112.29199, "lat": 46.4285 }, "geometry": { "type": "Point", "coordinates": [ -112.29199, 46.4285 ] } },
{ "type": "Feature", "properties": { "dep_id": "10221570", "site_name": "Winchester Mine", "dev_stat": "Prospect", "code_list": " AU AG ", "target_commodity": "Gold", "lon": -112.12727, "lat": 45.5838 }, "geometry": { "type": "Point", "coordinates": [ -112.12727, 45.5838 ] } },
{ "type": "Feature", "properties": { "dep_id": "10221578", "site_name": "Homestead Property", "dev_stat": "Occurrence", "code_list": " CU AU ", "target_commodity": "Gold", "lon": -112.42089, "lat": 46.606 }, "geometry": { "type": "Point", "coordinates": [ -112.42089, 46.606 ] } },
{ "type": "Feature", "properties": { "dep_id": "10221584", "site_name": "Little Tizer Wildcat Mine", "dev_stat": "Past Producer", "code_list": " AU AG ", "target_commodity": "Gold", "lon": -111.85897, "lat": 46.3188 }, "geometry": { "type": "Point", "coordinates": [ -111.85897, 46.3188 ] } },
{ "type": "Feature", "properties": { "dep_id": "10221585", "site_name": "Eclipse", "dev_stat": "Past Producer", "code_list": " AU ", "target_commodity": "Gold", "lon": -112.49478, "lat": 45.5932 }, "geometry": { "type": "Point", "coordinates": [ -112.49478, 45.5932 ] } },
{ "type": "Feature", "properties": { "dep_id": "10221589", "site_name": "Garrison Mining Co", "dev_stat": "Past Producer", "code_list": " AU ", "target_commodity": "Gold", "lon": -111.95366, "lat": 45.2924 }, "geometry": { "type": "Point", "coordinates": [ -111.95366, 45.2924 ] } },
{ "type": "Feature", "properties": { "dep_id": "10221600", "site_name": "Buffalo Gulch", "dev_stat": "Prospect", "code_list": " AU ", "target_commodity": "Gold", "lon": -112.093, "lat": 46.493 }, "geometry": { "type": "Point", "coordinates": [ -112.093, 46.493 ] } },
{ "type": "Feature", "properties": { "dep_id": "10221601", "site_name": "Calamount", "dev_stat": "Past Producer", "code_list": " CU AU ", "target_commodity": "Gold", "lon": -111.62445, "lat": 45.5691 }, "geometry": { "type": "Point", "coordinates": [ -111.62445, 45.5691 ] } },
{ "type": "Feature", "properties": { "dep_id": "10221612", "site_name": "Unnamed Mine", "dev_stat": "Prospect", "code_list": " AU AG ", "target_commodity": "Gold", "lon": -112.05586, "lat": 45.5127 }, "geometry": { "type": "Point", "coordinates": [ -112.05586, 45.5127 ] } },
{ "type": "Feature", "properties": { "dep_id": "10221613", "site_name": "Walker Mine", "dev_stat": "Past Producer", "code_list": " AU AG ", "target_commodity": "Gold", "lon": -112.20917, "lat": 45.531 }, "geometry": { "type": "Point", "coordinates": [ -112.20917, 45.531 ] } },
{ "type": "Feature", "properties": { "dep_id": "10221619", "site_name": "Lilly Orphan Boy", "dev_stat": "Past Producer", "code_list": " AU ", "target_commodity": "Gold", "lon": -112.34149, "lat": 46.443 }, "geometry": { "type": "Point", "coordinates": [ -112.34149, 46.443 ] } },
{ "type": "Feature", "properties": { "dep_id": "10221620", "site_name": "Prickly Pear Placer", "dev_stat": "Past Producer", "code_list": " AU AG ", "target_commodity": "Gold", "lon": -112.02398, "lat": 46.3743 }, "geometry": { "type": "Point", "coordinates": [ -112.02398, 46.3743 ] } },
{ "type": "Feature", "properties": { "dep_id": "10221621", "site_name": "Gardner", "dev_stat": "Occurrence", "code_list": " AU PB ", "target_commodity": "Gold", "lon": -112.01666, "lat": 45.2107 }, "geometry": { "type": "Point", "coordinates": [ -112.01666, 45.2107 ] } },
{ "type": "Feature", "properties": { "dep_id": "10221632", "site_name": "Alfreda Mine", "dev_stat": "Unknown", "code_list": " MN AU ", "target_commodity": "Gold", "lon": -111.91756, "lat": 45.3255 }, "geometry": { "type": "Point", "coordinates": [ -111.91756, 45.3255 ] } },
{ "type": "Feature", "properties": { "dep_id": "10221635", "site_name": "Gold Stream", "dev_stat": "Past Producer", "code_list": " AG AU ", "target_commodity": "Gold", "lon": -112.53419, "lat": 45.9805 }, "geometry": { "type": "Point", "coordinates": [ -112.53419, 45.9805 ] } },
{ "type": "Feature", "properties": { "dep_id": "10221640", "site_name": "Bullidick Prospect", "dev_stat": "Prospect", "code_list": " AU CU ", "target_commodity": "Gold", "lon": -112.20417, "lat": 45.5482 }, "geometry": { "type": "Point", "coordinates": [ -112.20417, 45.5482 ] } },
{ "type": "Feature", "properties": { "dep_id": "10221643", "site_name": "Alhambra", "dev_stat": "Past Producer", "code_list": " AU W ", "target_commodity": "Gold", "lon": -112.02476, "lat": 45.2196 }, "geometry": { "type": "Point", "coordinates": [ -112.02476, 45.2196 ] } },
{ "type": "Feature", "properties": { "dep_id": "10221657", "site_name": "St. John Group", "dev_stat": "Past Producer", "code_list": " AU AG ", "target_commodity": "Gold", "lon": -111.91556, "lat": 45.2549 }, "geometry": { "type": "Point", "coordinates": [ -111.91556, 45.2549 ] } },
{ "type": "Feature", "properties": { "dep_id": "10221667", "site_name": "Rhoades Mine", "dev_stat": "Past Producer", "code_list": " AG AU ", "target_commodity": "Gold", "lon": -112.15008, "lat": 46.4749 }, "geometry": { "type": "Point", "coordinates": [ -112.15008, 46.4749 ] } },
{ "type": "Feature", "properties": { "dep_id": "10221672", "site_name": "Lucky Luke Group", "dev_stat": "Past Producer", "code_list": " AU ", "target_commodity": "Gold", "lon": -112.04918, "lat": 46.3649 }, "geometry": { "type": "Point", "coordinates": [ -112.04918, 46.3649 ] } },
{ "type": "Feature", "properties": { "dep_id": "10221682", "site_name": "Lion Mine", "dev_stat": "Occurrence", "code_list": " AU PB ", "target_commodity": "Gold", "lon": -112.07168, "lat": 46.6832 }, "geometry": { "type": "Point", "coordinates": [ -112.07168, 46.6832 ] } },
{ "type": "Feature", "properties": { "dep_id": "10221691", "site_name": "Sunnyside Mine", "dev_stat": "Past Producer", "code_list": " AU CU ", "target_commodity": "Gold", "lon": -112.09166, "lat": 45.5052 }, "geometry": { "type": "Point", "coordinates": [ -112.09166, 45.5052 ] } },
{ "type": "Feature", "properties": { "dep_id": "10221701", "site_name": "Red Mountain Placer", "dev_stat": "Past Producer", "code_list": " AU ", "target_commodity": "Gold", "lon": -112.45478, "lat": 45.7096 }, "geometry": { "type": "Point", "coordinates": [ -112.45478, 45.7096 ] } },
{ "type": "Feature", "properties": { "dep_id": "10221703", "site_name": "Boulder Mine #1", "dev_stat": "Past Producer", "code_list": " AU ", "target_commodity": "Gold", "lon": -112.12898, "lat": 46.2055 }, "geometry": { "type": "Point", "coordinates": [ -112.12898, 46.2055 ] } },
{ "type": "Feature", "properties": { "dep_id": "10221704", "site_name": "Opsata Mine", "dev_stat": "Occurrence", "code_list": " AU AG ", "target_commodity": "Gold", "lon": -112.5417, "lat": 46.6724 }, "geometry": { "type": "Point", "coordinates": [ -112.5417, 46.6724 ] } },
{ "type": "Feature", "properties": { "dep_id": "10221708", "site_name": "Ohio", "dev_stat": "Past Producer", "code_list": " AU CU ", "target_commodity": "Gold", "lon": -112.02587, "lat": 45.9166 }, "geometry": { "type": "Point", "coordinates": [ -112.02587, 45.9166 ] } },
{ "type": "Feature", "properties": { "dep_id": "10221712", "site_name": "Minnie Wilson", "dev_stat": "Prospect", "code_list": " AU AG ", "target_commodity": "Gold", "lon": -112.23258, "lat": 45.9449 }, "geometry": { "type": "Point", "coordinates": [ -112.23258, 45.9449 ] } },
{ "type": "Feature", "properties": { "dep_id": "10221713", "site_name": "Silversmith Mine", "dev_stat": "Unknown", "code_list": " AU CU ", "target_commodity": "Gold", "lon": -112.02146, "lat": 45.4588 }, "geometry": { "type": "Point", "coordinates": [ -112.02146, 45.4588 ] } },
{ "type": "Feature", "properties": { "dep_id": "10221716", "site_name": "Champion", "dev_stat": "Past Producer", "code_list": " AU PB ", "target_commodity": "Gold", "lon": -112.50898, "lat": 45.616 }, "geometry": { "type": "Point", "coordinates": [ -112.50898, 45.616 ] } },
{ "type": "Feature", "properties": { "dep_id": "10221719", "site_name": "Gould Placer Mine", "dev_stat": "Past Producer", "code_list": " AU AG ", "target_commodity": "Gold", "lon": -112.25948, "lat": 46.4288 }, "geometry": { "type": "Point", "coordinates": [ -112.25948, 46.4288 ] } },
{ "type": "Feature", "properties": { "dep_id": "10221724", "site_name": "Evergreen", "dev_stat": "Past Producer", "code_list": " AU ", "target_commodity": "Gold", "lon": -112.24919, "lat": 46.4671 }, "geometry": { "type": "Point", "coordinates": [ -112.24919, 46.4671 ] } },
{ "type": "Feature", "properties": { "dep_id": "10221734", "site_name": "Bell Mine", "dev_stat": "Occurrence", "code_list": " AU CU ", "target_commodity": "Gold", "lon": -111.87837, "lat": 46.4205 }, "geometry": { "type": "Point", "coordinates": [ -111.87837, 46.4205 ] } },
{ "type": "Feature", "properties": { "dep_id": "10221742", "site_name": "Flag Placer", "dev_stat": "Past Producer", "code_list": " AU ", "target_commodity": "Gold", "lon": -112.41418, "lat": 45.9532 }, "geometry": { "type": "Point", "coordinates": [ -112.41418, 45.9532 ] } },
{ "type": "Feature", "properties": { "dep_id": "10221744", "site_name": "Tamarack Mine", "dev_stat": "Past Producer", "code_list": " AU AG ", "target_commodity": "Gold", "lon": -112.13117, "lat": 45.4807 }, "geometry": { "type": "Point", "coordinates": [ -112.13117, 45.4807 ] } },
{ "type": "Feature", "properties": { "dep_id": "10221748", "site_name": "Golden Thread Mine", "dev_stat": "Past Producer", "code_list": " AU PB ", "target_commodity": "Gold", "lon": -112.17028, "lat": 46.316 }, "geometry": { "type": "Point", "coordinates": [ -112.17028, 46.316 ] } },
{ "type": "Feature", "properties": { "dep_id": "10221751", "site_name": "Blue Rock Lode", "dev_stat": "Unknown", "code_list": " AU AG ", "target_commodity": "Gold", "lon": -112.30618, "lat": 45.9835 }, "geometry": { "type": "Point", "coordinates": [ -112.30618, 45.9835 ] } },
{ "type": "Feature", "properties": { "dep_id": "10221753", "site_name": "Lone Wolf Prospect", "dev_stat": "Prospect", "code_list": " AU SB ", "target_commodity": "Gold", "lon": -112.42029, "lat": 46.4582 }, "geometry": { "type": "Point", "coordinates": [ -112.42029, 46.4582 ] } },
{ "type": "Feature", "properties": { "dep_id": "10221761", "site_name": "Mullin Claim", "dev_stat": "Prospect", "code_list": " AU CU ", "target_commodity": "Gold", "lon": -112.07728, "lat": 46.6838 }, "geometry": { "type": "Point", "coordinates": [ -112.07728, 46.6838 ] } },
{ "type": "Feature", "properties": { "dep_id": "10221762", "site_name": "Moffet Johnson", "dev_stat": "Past Producer", "code_list": " CU AU ", "target_commodity": "Gold", "lon": -112.18977, "lat": 45.6035 }, "geometry": { "type": "Point", "coordinates": [ -112.18977, 45.6035 ] } },
{ "type": "Feature", "properties": { "dep_id": "10221765", "site_name": "Fish Creek Mine", "dev_stat": "Past Producer", "code_list": " AU CU ", "target_commodity": "Gold", "lon": -112.50918, "lat": 45.7943 }, "geometry": { "type": "Point", "coordinates": [ -112.50918, 45.7943 ] } },
{ "type": "Feature", "properties": { "dep_id": "10221768", "site_name": "Tramway", "dev_stat": "Unknown", "code_list": " CU AU ", "target_commodity": "Gold", "lon": -112.51029, "lat": 46.0188 }, "geometry": { "type": "Point", "coordinates": [ -112.51029, 46.0188 ] } },
{ "type": "Feature", "properties": { "dep_id": "10221776", "site_name": "Carlson Mine", "dev_stat": "Past Producer", "code_list": " AU ", "target_commodity": "Gold", "lon": -112.30229, "lat": 46.4207 }, "geometry": { "type": "Point", "coordinates": [ -112.30229, 46.4207 ] } },
{ "type": "Feature", "properties": { "dep_id": "10221778", "site_name": "Se Se S13", "dev_stat": "Past Producer", "code_list": " AU ", "target_commodity": "Gold", "lon": -112.28759, "lat": 46.4366 }, "geometry": { "type": "Point", "coordinates": [ -112.28759, 46.4366 ] } },
{ "type": "Feature", "properties": { "dep_id": "10221780", "site_name": "Nellie Bly", "dev_stat": "Past Producer", "code_list": " AU ", "target_commodity": "Gold", "lon": -111.91396, "lat": 45.2399 }, "geometry": { "type": "Point", "coordinates": [ -111.91396, 45.2399 ] } },
{ "type": "Feature", "properties": { "dep_id": "10221784", "site_name": "Bullion", "dev_stat": "Prospect", "code_list": " AU ", "target_commodity": "Gold", "lon": -112.30479, "lat": 46.4618 }, "geometry": { "type": "Point", "coordinates": [ -112.30479, 46.4618 ] } },
{ "type": "Feature", "properties": { "dep_id": "10221791", "site_name": "Macmasters Mine", "dev_stat": "Unknown", "code_list": " AU AG ", "target_commodity": "Gold", "lon": -112.08087, "lat": 45.7791 }, "geometry": { "type": "Point", "coordinates": [ -112.08087, 45.7791 ] } },
{ "type": "Feature", "properties": { "dep_id": "10221794", "site_name": "Last Chance Gulch Placer", "dev_stat": "Unknown", "code_list": " CU AU ", "target_commodity": "Gold", "lon": -112.07198, "lat": 46.5791 }, "geometry": { "type": "Point", "coordinates": [ -112.07198, 46.5791 ] } },
{ "type": "Feature", "properties": { "dep_id": "10221799", "site_name": "Alabah Mine", "dev_stat": "Past Producer", "code_list": " AU CU ", "target_commodity": "Gold", "lon": -112.11807, "lat": 45.528 }, "geometry": { "type": "Point", "coordinates": [ -112.11807, 45.528 ] } },
{ "type": "Feature", "properties": { "dep_id": "10221805", "site_name": "Ls Prospect", "dev_stat": "Occurrence", "code_list": " CU AU ", "target_commodity": "Gold", "lon": -111.79977, "lat": 46.2827 }, "geometry": { "type": "Point", "coordinates": [ -111.79977, 46.2827 ] } },
{ "type": "Feature", "properties": { "dep_id": "10221812", "site_name": "Custer", "dev_stat": "Past Producer", "code_list": " AG AU ", "target_commodity": "Gold", "lon": -112.22758, "lat": 46.3041 }, "geometry": { "type": "Point", "coordinates": [ -112.22758, 46.3041 ] } },
{ "type": "Feature", "properties": { "dep_id": "10221814", "site_name": "Meadowlark", "dev_stat": "Prospect", "code_list": " AU CU ", "target_commodity": "Gold", "lon": -112.10117, "lat": 45.7855 }, "geometry": { "type": "Point", "coordinates": [ -112.10117, 45.7855 ] } },
{ "type": "Feature", "properties": { "dep_id": "10221817", "site_name": "Leggat Mine", "dev_stat": "Prospect", "code_list": " AU AG ", "target_commodity": "Gold", "lon": -112.00866, "lat": 45.5035 }, "geometry": { "type": "Point", "coordinates": [ -112.00866, 45.5035 ] } },
{ "type": "Feature", "properties": { "dep_id": "10221830", "site_name": "Ophir", "dev_stat": "Unknown", "code_list": " AU CU ", "target_commodity": "Gold", "lon": -112.5415, "lat": 46.6743 }, "geometry": { "type": "Point", "coordinates": [ -112.5415, 46.6743 ] } },
{ "type": "Feature", "properties": { "dep_id": "10221836", "site_name": "Alder Mine", "dev_stat": "Unknown", "code_list": " AU ", "target_commodity": "Gold", "lon": -111.95556, "lat": 45.2957 }, "geometry": { "type": "Point", "coordinates": [ -111.95556, 45.2957 ] } },
{ "type": "Feature", "properties": { "dep_id": "10221839", "site_name": "Leadville Mine", "dev_stat": "Past Producer", "code_list": " AG AU ", "target_commodity": "Gold", "lon": -112.54449, "lat": 46.3146 }, "geometry": { "type": "Point", "coordinates": [ -112.54449, 46.3146 ] } },
{ "type": "Feature", "properties": { "dep_id": "10221873", "site_name": "Travis Placer", "dev_stat": "Past Producer", "code_list": " AU ", "target_commodity": "Gold", "lon": -112.29529, "lat": 46.446 }, "geometry": { "type": "Point", "coordinates": [ -112.29529, 46.446 ] } },
{ "type": "Feature", "properties": { "dep_id": "10221875", "site_name": "Exchange Placer Mine", "dev_stat": "Past Producer", "code_list": " AU ", "target_commodity": "Gold", "lon": -111.30256, "lat": 46.67301 }, "geometry": { "type": "Point", "coordinates": [ -111.30256, 46.67301 ] } },
{ "type": "Feature", "properties": { "dep_id": "10221876", "site_name": "New York Prospect", "dev_stat": "Prospect", "code_list": " AU AG ", "target_commodity": "Gold", "lon": -112.21507, "lat": 45.5396 }, "geometry": { "type": "Point", "coordinates": [ -112.21507, 45.5396 ] } },
{ "type": "Feature", "properties": { "dep_id": "10221883", "site_name": "New Deal No. 1  Mine", "dev_stat": "Prospect", "code_list": " AU CU ", "target_commodity": "Gold", "lon": -111.93506, "lat": 45.5043 }, "geometry": { "type": "Point", "coordinates": [ -111.93506, 45.5043 ] } },
{ "type": "Feature", "properties": { "dep_id": "10221884", "site_name": "Hartsolo Mine", "dev_stat": "Occurrence", "code_list": " AU ", "target_commodity": "Gold", "lon": -111.97916, "lat": 45.3005 }, "geometry": { "type": "Point", "coordinates": [ -111.97916, 45.3005 ] } },
{ "type": "Feature", "properties": { "dep_id": "10221894", "site_name": "Stanislas Mine", "dev_stat": "Occurrence", "code_list": " AU MN ", "target_commodity": "Gold", "lon": -112.54759, "lat": 46.0107 }, "geometry": { "type": "Point", "coordinates": [ -112.54759, 46.0107 ] } },
{ "type": "Feature", "properties": { "dep_id": "10221903", "site_name": "Carla, Pauline, & Faith Group", "dev_stat": "Past Producer", "code_list": " AG AU ", "target_commodity": "Gold", "lon": -112.46199, "lat": 46.2157 }, "geometry": { "type": "Point", "coordinates": [ -112.46199, 46.2157 ] } },
{ "type": "Feature", "properties": { "dep_id": "10221926", "site_name": "Shamrock Mine", "dev_stat": "Past Producer", "code_list": " CU AU ", "target_commodity": "Gold", "lon": -112.34198, "lat": 45.7093 }, "geometry": { "type": "Point", "coordinates": [ -112.34198, 45.7093 ] } },
{ "type": "Feature", "properties": { "dep_id": "10221927", "site_name": "Umatilla", "dev_stat": "Past Producer", "code_list": " CU AU ", "target_commodity": "Gold", "lon": -112.13588, "lat": 46.6524 }, "geometry": { "type": "Point", "coordinates": [ -112.13588, 46.6524 ] } },
{ "type": "Feature", "properties": { "dep_id": "10221933", "site_name": "Best Hope Mine", "dev_stat": "Unknown", "code_list": " AU PB ", "target_commodity": "Gold", "lon": -112.60229, "lat": 45.9657 }, "geometry": { "type": "Point", "coordinates": [ -112.60229, 45.9657 ] } },
{ "type": "Feature", "properties": { "dep_id": "10221952", "site_name": "Wisconsin Creek Placer", "dev_stat": "Past Producer", "code_list": " AU ", "target_commodity": "Gold", "lon": -112.17027, "lat": 45.5027 }, "geometry": { "type": "Point", "coordinates": [ -112.17027, 45.5027 ] } },
{ "type": "Feature", "properties": { "dep_id": "10221967", "site_name": "Paymaster Mine", "dev_stat": "Past Producer", "code_list": " AU CU ", "target_commodity": "Gold", "lon": -112.01336, "lat": 45.4488 }, "geometry": { "type": "Point", "coordinates": [ -112.01336, 45.4488 ] } },
{ "type": "Feature", "properties": { "dep_id": "10221970", "site_name": "Mantle & South Mantle", "dev_stat": "Past Producer", "code_list": " AU PB ", "target_commodity": "Gold", "lon": -112.24258, "lat": 46.291 }, "geometry": { "type": "Point", "coordinates": [ -112.24258, 46.291 ] } },
{ "type": "Feature", "properties": { "dep_id": "10221978", "site_name": "Boomerang Gulch Placer", "dev_stat": "Prospect", "code_list": " AU ", "target_commodity": "Gold", "lon": -112.15008, "lat": 46.293 }, "geometry": { "type": "Point", "coordinates": [ -112.15008, 46.293 ] } },
{ "type": "Feature", "properties": { "dep_id": "10221981", "site_name": "Strawn Mine", "dev_stat": "Past Producer", "code_list": " AU SB ", "target_commodity": "Gold", "lon": -112.13197, "lat": 45.6657 }, "geometry": { "type": "Point", "coordinates": [ -112.13197, 45.6657 ] } },
{ "type": "Feature", "properties": { "dep_id": "10221983", "site_name": "Riverside Mine", "dev_stat": "Prospect", "code_list": " AU AG ", "target_commodity": "Gold", "lon": -111.95756, "lat": 45.6499 }, "geometry": { "type": "Point", "coordinates": [ -111.95756, 45.6499 ] } },
{ "type": "Feature", "properties": { "dep_id": "10221992", "site_name": "South Boulder River Placer", "dev_stat": "Past Producer", "code_list": " AU ", "target_commodity": "Gold", "lon": -112.01417, "lat": 45.6882 }, "geometry": { "type": "Point", "coordinates": [ -112.01417, 45.6882 ] } },
{ "type": "Feature", "properties": { "dep_id": "10221996", "site_name": "Unnamed Mine", "dev_stat": "Prospect", "code_list": " AU AG ", "target_commodity": "Gold", "lon": -111.97056, "lat": 45.6635 }, "geometry": { "type": "Point", "coordinates": [ -111.97056, 45.6635 ] } },
{ "type": "Feature", "properties": { "dep_id": "10222000", "site_name": "Unnamed Prospect", "dev_stat": "Prospect", "code_list": " AU AG ", "target_commodity": "Gold", "lon": -112.55919, "lat": 46.3718 }, "geometry": { "type": "Point", "coordinates": [ -112.55919, 46.3718 ] } },
{ "type": "Feature", "properties": { "dep_id": "10222001", "site_name": "Crow Creek", "dev_stat": "Unknown", "code_list": " AU ", "target_commodity": "Gold", "lon": -111.81417, "lat": 46.3485 }, "geometry": { "type": "Point", "coordinates": [ -111.81417, 46.3485 ] } },
{ "type": "Feature", "properties": { "dep_id": "10222003", "site_name": "Mary Mine", "dev_stat": "Past Producer", "code_list": " AU AG ", "target_commodity": "Gold", "lon": -112.42869, "lat": 46.5624 }, "geometry": { "type": "Point", "coordinates": [ -112.42869, 46.5624 ] } },
{ "type": "Feature", "properties": { "dep_id": "10222006", "site_name": "New Deal Mine", "dev_stat": "Past Producer", "code_list": " AU AG ", "target_commodity": "Gold", "lon": -111.92446, "lat": 45.486 }, "geometry": { "type": "Point", "coordinates": [ -111.92446, 45.486 ] } },
{ "type": "Feature", "properties": { "dep_id": "10222015", "site_name": "Bozeman Mine", "dev_stat": "Past Producer", "code_list": " AU PB ", "target_commodity": "Gold", "lon": -111.96806, "lat": 45.6688 }, "geometry": { "type": "Point", "coordinates": [ -111.96806, 45.6688 ] } },
{ "type": "Feature", "properties": { "dep_id": "10222023", "site_name": "Mike Renig Gulch Placer Mine", "dev_stat": "Past Producer", "code_list": " AU ", "target_commodity": "Gold", "lon": -112.32369, "lat": 46.5063 }, "geometry": { "type": "Point", "coordinates": [ -112.32369, 46.5063 ] } },
{ "type": "Feature", "properties": { "dep_id": "10222026", "site_name": "Blue Cloud Mining Co", "dev_stat": "Occurrence", "code_list": " AU ", "target_commodity": "Gold", "lon": -112.17869, "lat": 46.6077 }, "geometry": { "type": "Point", "coordinates": [ -112.17869, 46.6077 ] } },
{ "type": "Feature", "properties": { "dep_id": "10231570", "site_name": "Sparkling Water", "dev_stat": "Past Producer", "code_list": " AU CU ", "target_commodity": "Gold", "lon": -112.26118, "lat": 46.3507 }, "geometry": { "type": "Point", "coordinates": [ -112.26118, 46.3507 ] } },
{ "type": "Feature", "properties": { "dep_id": "10231751", "site_name": "Freeburg Mine", "dev_stat": "Prospect", "code_list": " AU CU ", "target_commodity": "Gold", "lon": -112.21338, "lat": 46.3163 }, "geometry": { "type": "Point", "coordinates": [ -112.21338, 46.3163 ] } },
{ "type": "Feature", "properties": { "dep_id": "10232538", "site_name": "Edward Scheitlin Gold Mill", "dev_stat": "Past Producer", "code_list": " AU ", "target_commodity": "Gold", "lon": -111.94336, "lat": 45.2813 }, "geometry": { "type": "Point", "coordinates": [ -111.94336, 45.2813 ] } },
{ "type": "Feature", "properties": { "dep_id": "10232550", "site_name": "Snowflake Mine", "dev_stat": "Past Producer", "code_list": " AU AG ", "target_commodity": "Gold", "lon": -111.64976, "lat": 46.2321 }, "geometry": { "type": "Point", "coordinates": [ -111.64976, 46.2321 ] } },
{ "type": "Feature", "properties": { "dep_id": "10232635", "site_name": "Carbonate Chief Mine", "dev_stat": "Unknown", "code_list": " AU CU ", "target_commodity": "Gold", "lon": -111.87837, "lat": 46.4205 }, "geometry": { "type": "Point", "coordinates": [ -111.87837, 46.4205 ] } },
{ "type": "Feature", "properties": { "dep_id": "10232644", "site_name": "Goodrich Gulch Placer", "dev_stat": "Past Producer", "code_list": " AU ", "target_commodity": "Gold", "lon": -112.16757, "lat": 45.5657 }, "geometry": { "type": "Point", "coordinates": [ -112.16757, 45.5657 ] } },
{ "type": "Feature", "properties": { "dep_id": "10232651", "site_name": "Golden Flag", "dev_stat": "Past Producer", "code_list": " AU AG ", "target_commodity": "Gold", "lon": -112.15229, "lat": 46.6666 }, "geometry": { "type": "Point", "coordinates": [ -112.15229, 46.6666 ] } },
{ "type": "Feature", "properties": { "dep_id": "10244616", "site_name": "Stringer Mine", "dev_stat": "Occurrence", "code_list": " AU ", "target_commodity": "Gold", "lon": -112.82979, "lat": 45.3005 }, "geometry": { "type": "Point", "coordinates": [ -112.82979, 45.3005 ] } },
{ "type": "Feature", "properties": { "dep_id": "10245300", "site_name": "Leah May Mine", "dev_stat": "Prospect", "code_list": " AU AG ", "target_commodity": "Gold", "lon": -112.82479, "lat": 45.3041 }, "geometry": { "type": "Point", "coordinates": [ -112.82479, 45.3041 ] } },
{ "type": "Feature", "properties": { "dep_id": "10245399", "site_name": "Plymouth Mine", "dev_stat": "Past Producer", "code_list": " AU AG ", "target_commodity": "Gold", "lon": -111.95917, "lat": 46.2666 }, "geometry": { "type": "Point", "coordinates": [ -111.95917, 46.2666 ] } },
{ "type": "Feature", "properties": { "dep_id": "10245411", "site_name": "Scratchgravel Hills", "dev_stat": "Unknown", "code_list": " AU ", "target_commodity": "Gold", "lon": -112.12168, "lat": 46.6727 }, "geometry": { "type": "Point", "coordinates": [ -112.12168, 46.6727 ] } },
{ "type": "Feature", "properties": { "dep_id": "10245423", "site_name": "Edmond Forest", "dev_stat": "Past Producer", "code_list": " AU CU ", "target_commodity": "Gold", "lon": -112.22617, "lat": 45.6599 }, "geometry": { "type": "Point", "coordinates": [ -112.22617, 45.6599 ] } },
{ "type": "Feature", "properties": { "dep_id": "10245425", "site_name": "Garnet Placer", "dev_stat": "Past Producer", "code_list": " AU ", "target_commodity": "Gold", "lon": -111.59727, "lat": 46.7046 }, "geometry": { "type": "Point", "coordinates": [ -111.59727, 46.7046 ] } },
{ "type": "Feature", "properties": { "dep_id": "10245427", "site_name": "Gloria Alice Placer", "dev_stat": "Past Producer", "code_list": " AU ", "target_commodity": "Gold", "lon": -112.43508, "lat": 45.8643 }, "geometry": { "type": "Point", "coordinates": [ -112.43508, 45.8643 ] } },
{ "type": "Feature", "properties": { "dep_id": "10245431", "site_name": "North Star Claim", "dev_stat": "Past Producer", "code_list": " AU CU ", "target_commodity": "Gold", "lon": -112.07508, "lat": 46.6816 }, "geometry": { "type": "Point", "coordinates": [ -112.07508, 46.6816 ] } },
{ "type": "Feature", "properties": { "dep_id": "10245433", "site_name": "Empire State", "dev_stat": "Prospect", "code_list": " AU CU ", "target_commodity": "Gold", "lon": -112.20587, "lat": 45.5455 }, "geometry": { "type": "Point", "coordinates": [ -112.20587, 45.5455 ] } },
{ "type": "Feature", "properties": { "dep_id": "10245434", "site_name": "Red Mountain", "dev_stat": "Past Producer", "code_list": " AU ", "target_commodity": "Gold", "lon": -112.24479, "lat": 46.4813 }, "geometry": { "type": "Point", "coordinates": [ -112.24479, 46.4813 ] } },
{ "type": "Feature", "properties": { "dep_id": "10245437", "site_name": "Adelaide", "dev_stat": "Past Producer", "code_list": " AU AG ", "target_commodity": "Gold", "lon": -112.27398, "lat": 46.2857 }, "geometry": { "type": "Point", "coordinates": [ -112.27398, 46.2857 ] } },
{ "type": "Feature", "properties": { "dep_id": "10245439", "site_name": "Raspberry Mine", "dev_stat": "Past Producer", "code_list": " PB AU ", "target_commodity": "Gold", "lon": -111.93396, "lat": 45.661 }, "geometry": { "type": "Point", "coordinates": [ -111.93396, 45.661 ] } },
{ "type": "Feature", "properties": { "dep_id": "10245448", "site_name": "Sunrise Prospect", "dev_stat": "Prospect", "code_list": " AU PB ", "target_commodity": "Gold", "lon": -112.43229, "lat": 46.4724 }, "geometry": { "type": "Point", "coordinates": [ -112.43229, 46.4724 ] } },
{ "type": "Feature", "properties": { "dep_id": "10245460", "site_name": "Shoemaker", "dev_stat": "Past Producer", "code_list": " AU PB ", "target_commodity": "Gold", "lon": -112.50448, "lat": 45.5918 }, "geometry": { "type": "Point", "coordinates": [ -112.50448, 45.5918 ] } },
{ "type": "Feature", "properties": { "dep_id": "10245466", "site_name": "Mammoth", "dev_stat": "Past Producer", "code_list": " AU CU ", "target_commodity": "Gold", "lon": -112.01116, "lat": 45.6668 }, "geometry": { "type": "Point", "coordinates": [ -112.01116, 45.6668 ] } },
{ "type": "Feature", "properties": { "dep_id": "10245470", "site_name": "Pauline", "dev_stat": "Unknown", "code_list": " AU AG ", "target_commodity": "Gold", "lon": -111.96196, "lat": 45.3016 }, "geometry": { "type": "Point", "coordinates": [ -111.96196, 45.3016 ] } },
{ "type": "Feature", "properties": { "dep_id": "10245471", "site_name": "Highland Mary Mine", "dev_stat": "Prospect", "code_list": " AU AG ", "target_commodity": "Gold", "lon": -111.92476, "lat": 45.4724 }, "geometry": { "type": "Point", "coordinates": [ -111.92476, 45.4724 ] } },
{ "type": "Feature", "properties": { "dep_id": "10245472", "site_name": "Lula Belle", "dev_stat": "Past Producer", "code_list": " AG AU ", "target_commodity": "Gold", "lon": -112.27729, "lat": 46.4138 }, "geometry": { "type": "Point", "coordinates": [ -112.27729, 46.4138 ] } },
{ "type": "Feature", "properties": { "dep_id": "10245481", "site_name": "Iron Age Group", "dev_stat": "Prospect", "code_list": " AU PB ", "target_commodity": "Gold", "lon": -111.66667, "lat": 46.4405 }, "geometry": { "type": "Point", "coordinates": [ -111.66667, 46.4405 ] } },
{ "type": "Feature", "properties": { "dep_id": "10245484", "site_name": "Midas", "dev_stat": "Occurrence", "code_list": " AU AG ", "target_commodity": "Gold", "lon": -111.67146, "lat": 46.1724 }, "geometry": { "type": "Point", "coordinates": [ -111.67146, 46.1724 ] } },
{ "type": "Feature", "properties": { "dep_id": "10245487", "site_name": "Readycash", "dev_stat": "Past Producer", "code_list": " AU CU ", "target_commodity": "Gold", "lon": -112.45528, "lat": 45.8216 }, "geometry": { "type": "Point", "coordinates": [ -112.45528, 45.8216 ] } },
{ "type": "Feature", "properties": { "dep_id": "10245493", "site_name": "Unnamed Gold and Silver", "dev_stat": "Occurrence", "code_list": " AU AG ", "target_commodity": "Gold", "lon": -112.02918, "lat": 46.6227 }, "geometry": { "type": "Point", "coordinates": [ -112.02918, 46.6227 ] } },
{ "type": "Feature", "properties": { "dep_id": "10245495", "site_name": "Hecla", "dev_stat": "Past Producer", "code_list": " AU ", "target_commodity": "Gold", "lon": -111.61695, "lat": 45.5691 }, "geometry": { "type": "Point", "coordinates": [ -111.61695, 45.5691 ] } },
{ "type": "Feature", "properties": { "dep_id": "10245497", "site_name": "Bigfoot Creek Place", "dev_stat": "Past Producer", "code_list": " AU ", "target_commodity": "Gold", "lon": -112.16758, "lat": 46.1252 }, "geometry": { "type": "Point", "coordinates": [ -112.16758, 46.1252 ] } },
{ "type": "Feature", "properties": { "dep_id": "10245515", "site_name": "Golden Age", "dev_stat": "Past Producer", "code_list": " AU PB ", "target_commodity": "Gold", "lon": -111.84617, "lat": 46.3585 }, "geometry": { "type": "Point", "coordinates": [ -111.84617, 46.3585 ] } },
{ "type": "Feature", "properties": { "dep_id": "10245516", "site_name": "Whippoorwill", "dev_stat": "Past Producer", "code_list": " AU ", "target_commodity": "Gold", "lon": -111.77586, "lat": 45.7549 }, "geometry": { "type": "Point", "coordinates": [ -111.77586, 45.7549 ] } },
{ "type": "Feature", "properties": { "dep_id": "10245524", "site_name": "Jebro", "dev_stat": "Unknown", "code_list": " AU ", "target_commodity": "Gold", "lon": -111.66226, "lat": 46.2007 }, "geometry": { "type": "Point", "coordinates": [ -111.66226, 46.2007 ] } },
{ "type": "Feature", "properties": { "dep_id": "10245527", "site_name": "Pennsylvania", "dev_stat": "Unknown", "code_list": " CU AU ", "target_commodity": "Gold", "lon": -112.51309, "lat": 46.0143 }, "geometry": { "type": "Point", "coordinates": [ -112.51309, 46.0143 ] } },
{ "type": "Feature", "properties": { "dep_id": "10245528", "site_name": "Hope, Katie, Katie Extension", "dev_stat": "Past Producer", "code_list": " AU AG ", "target_commodity": "Gold", "lon": -112.26668, "lat": 46.2716 }, "geometry": { "type": "Point", "coordinates": [ -112.26668, 46.2716 ] } },
{ "type": "Feature", "properties": { "dep_id": "10245533", "site_name": "Rainbow", "dev_stat": "Past Producer", "code_list": " PB AU ", "target_commodity": "Gold", "lon": -112.12197, "lat": 45.5974 }, "geometry": { "type": "Point", "coordinates": [ -112.12197, 45.5974 ] } },
{ "type": "Feature", "properties": { "dep_id": "10245535", "site_name": "Waterlode", "dev_stat": "Past Producer", "code_list": " AU ", "target_commodity": "Gold", "lon": -111.64365, "lat": 45.5674 }, "geometry": { "type": "Point", "coordinates": [ -111.64365, 45.5674 ] } },
{ "type": "Feature", "properties": { "dep_id": "10245536", "site_name": "Big Jim Mine", "dev_stat": "Unknown", "code_list": " AU CU ", "target_commodity": "Gold", "lon": -112.13058, "lat": 46.3166 }, "geometry": { "type": "Point", "coordinates": [ -112.13058, 46.3166 ] } },
{ "type": "Feature", "properties": { "dep_id": "10245562", "site_name": "Silver Age Mine", "dev_stat": "Prospect", "code_list": " PB AU ", "target_commodity": "Gold", "lon": -112.11258, "lat": 46.6655 }, "geometry": { "type": "Point", "coordinates": [ -112.11258, 46.6655 ] } },
{ "type": "Feature", "properties": { "dep_id": "10245570", "site_name": "Heitmann Placer Claim", "dev_stat": "Unknown", "code_list": " AU ", "target_commodity": "Gold", "lon": -111.65397, "lat": 46.6557 }, "geometry": { "type": "Point", "coordinates": [ -111.65397, 46.6557 ] } },
{ "type": "Feature", "properties": { "dep_id": "10245571", "site_name": "Skelly Gulch", "dev_stat": "Unknown", "code_list": " AU ", "target_commodity": "Gold", "lon": -112.29149, "lat": 46.7027 }, "geometry": { "type": "Point", "coordinates": [ -112.29149, 46.7027 ] } },
{ "type": "Feature", "properties": { "dep_id": "10245572", "site_name": "Australian Mine", "dev_stat": "Past Producer", "code_list": " AU PB ", "target_commodity": "Gold", "lon": -112.14198, "lat": 46.3116 }, "geometry": { "type": "Point", "coordinates": [ -112.14198, 46.3116 ] } },
{ "type": "Feature", "properties": { "dep_id": "10245574", "site_name": "Economy", "dev_stat": "Past Producer", "code_list": " AU ", "target_commodity": "Gold", "lon": -111.84757, "lat": 46.5249 }, "geometry": { "type": "Point", "coordinates": [ -111.84757, 46.5249 ] } },
{ "type": "Feature", "properties": { "dep_id": "10245575", "site_name": "Granite Hill No. 1 and No. 2", "dev_stat": "Producer", "code_list": " AU ", "target_commodity": "Gold", "lon": -111.17975, "lat": 46.40631 }, "geometry": { "type": "Point", "coordinates": [ -111.17975, 46.40631 ] } },
{ "type": "Feature", "properties": { "dep_id": "10245584", "site_name": "Gilman", "dev_stat": "Past Producer", "code_list": " AU AG ", "target_commodity": "Gold", "lon": -112.07776, "lat": 45.3274 }, "geometry": { "type": "Point", "coordinates": [ -112.07776, 45.3274 ] } },
{ "type": "Feature", "properties": { "dep_id": "10245598", "site_name": "L and M Placer", "dev_stat": "Unknown", "code_list": " AU ", "target_commodity": "Gold", "lon": -112.6537, "lat": 46.7971 }, "geometry": { "type": "Point", "coordinates": [ -112.6537, 46.7971 ] } },
{ "type": "Feature", "properties": { "dep_id": "10245599", "site_name": "Baltimore", "dev_stat": "Past Producer", "code_list": " AU PB ", "target_commodity": "Gold", "lon": -112.15398, "lat": 46.286 }, "geometry": { "type": "Point", "coordinates": [ -112.15398, 46.286 ] } },
{ "type": "Feature", "properties": { "dep_id": "10245601", "site_name": "Slim Sam Deposit", "dev_stat": "Occurrence", "code_list": " AU ", "target_commodity": "Gold", "lon": -111.75917, "lat": 46.2485 }, "geometry": { "type": "Point", "coordinates": [ -111.75917, 46.2485 ] } },
{ "type": "Feature", "properties": { "dep_id": "10245609", "site_name": "Diamond Hitch Adit 1", "dev_stat": "Unknown", "code_list": " AU PB ", "target_commodity": "Gold", "lon": -112.16587, "lat": 45.5343 }, "geometry": { "type": "Point", "coordinates": [ -112.16587, 45.5343 ] } },
{ "type": "Feature", "properties": { "dep_id": "10245616", "site_name": "Lead Queen", "dev_stat": "Unknown", "code_list": " AU FE ", "target_commodity": "Gold", "lon": -112.20147, "lat": 45.5791 }, "geometry": { "type": "Point", "coordinates": [ -112.20147, 45.5791 ] } },
{ "type": "Feature", "properties": { "dep_id": "10245617", "site_name": "Queen of the Valley", "dev_stat": "Past Producer", "code_list": " AU PB ", "target_commodity": "Gold", "lon": -112.07588, "lat": 46.6832 }, "geometry": { "type": "Point", "coordinates": [ -112.07588, 46.6832 ] } },
{ "type": "Feature", "properties": { "dep_id": "10245620", "site_name": "Chineese Diggings", "dev_stat": "Past Producer", "code_list": " AU ", "target_commodity": "Gold", "lon": -112.12258, "lat": 46.2055 }, "geometry": { "type": "Point", "coordinates": [ -112.12258, 46.2055 ] } },
{ "type": "Feature", "properties": { "dep_id": "10245621", "site_name": "Blacksmith", "dev_stat": "Occurrence", "code_list": " AU ", "target_commodity": "Gold", "lon": -111.67526, "lat": 46.2993 }, "geometry": { "type": "Point", "coordinates": [ -111.67526, 46.2993 ] } },
{ "type": "Feature", "properties": { "dep_id": "10245623", "site_name": "Rose Mine", "dev_stat": "Unknown", "code_list": " AU CU ", "target_commodity": "Gold", "lon": -112.25728, "lat": 46.2868 }, "geometry": { "type": "Point", "coordinates": [ -112.25728, 46.2868 ] } },
{ "type": "Feature", "properties": { "dep_id": "10245626", "site_name": "General Harrison Mine", "dev_stat": "Past Producer", "code_list": " AU ", "target_commodity": "Gold", "lon": -112.09198, "lat": 46.6799 }, "geometry": { "type": "Point", "coordinates": [ -112.09198, 46.6799 ] } },
{ "type": "Feature", "properties": { "dep_id": "10245631", "site_name": "Mammoth", "dev_stat": "Past Producer", "code_list": " AU ", "target_commodity": "Gold", "lon": -112.23338, "lat": 46.4749 }, "geometry": { "type": "Point", "coordinates": [ -112.23338, 46.4749 ] } },
{ "type": "Feature", "properties": { "dep_id": "10245633", "site_name": "Day and Harvey Mine", "dev_stat": "Past Producer", "code_list": " AU AG ", "target_commodity": "Gold", "lon": -112.58918, "lat": 45.7657 }, "geometry": { "type": "Point", "coordinates": [ -112.58918, 45.7657 ] } },
{ "type": "Feature", "properties": { "dep_id": "10245638", "site_name": "Silver Tip", "dev_stat": "Past Producer", "code_list": " AU PB ", "target_commodity": "Gold", "lon": -112.00728, "lat": 46.3674 }, "geometry": { "type": "Point", "coordinates": [ -112.00728, 46.3674 ] } },
{ "type": "Feature", "properties": { "dep_id": "10245658", "site_name": "Tizer Creek Placer", "dev_stat": "Past Producer", "code_list": " AU ", "target_commodity": "Gold", "lon": -111.87977, "lat": 46.3207 }, "geometry": { "type": "Point", "coordinates": [ -111.87977, 46.3207 ] } },
{ "type": "Feature", "properties": { "dep_id": "10245660", "site_name": "Iron Age", "dev_stat": "Unknown", "code_list": " AU ", "target_commodity": "Gold", "lon": -111.67366, "lat": 46.176 }, "geometry": { "type": "Point", "coordinates": [ -111.67366, 46.176 ] } },
{ "type": "Feature", "properties": { "dep_id": "10245666", "site_name": "Simpson", "dev_stat": "Prospect", "code_list": " AU ", "target_commodity": "Gold", "lon": -111.67026, "lat": 46.1721 }, "geometry": { "type": "Point", "coordinates": [ -111.67026, 46.1721 ] } },
{ "type": "Feature", "properties": { "dep_id": "10245670", "site_name": "Gold Dust", "dev_stat": "Unknown", "code_list": " AU ", "target_commodity": "Gold", "lon": -111.70837, "lat": 46.3638 }, "geometry": { "type": "Point", "coordinates": [ -111.70837, 46.3638 ] } },
{ "type": "Feature", "properties": { "dep_id": "10245673", "site_name": "Illinois", "dev_stat": "Past Producer", "code_list": " AG AU ", "target_commodity": "Gold", "lon": -112.53979, "lat": 46.0416 }, "geometry": { "type": "Point", "coordinates": [ -112.53979, 46.0416 ] } },
{ "type": "Feature", "properties": { "dep_id": "10245681", "site_name": "Free Speech Number One", "dev_stat": "Past Producer", "code_list": " AU ", "target_commodity": "Gold", "lon": -112.24479, "lat": 46.4746 }, "geometry": { "type": "Point", "coordinates": [ -112.24479, 46.4746 ] } },
{ "type": "Feature", "properties": { "dep_id": "10245685", "site_name": "Copper Queen Mine", "dev_stat": "Occurrence", "code_list": " CU AU ", "target_commodity": "Gold", "lon": -111.73336, "lat": 46.2155 }, "geometry": { "type": "Point", "coordinates": [ -111.73336, 46.2155 ] } },
{ "type": "Feature", "properties": { "dep_id": "10245686", "site_name": "Red Fern Mine", "dev_stat": "Past Producer", "code_list": " AU PB ", "target_commodity": "Gold", "lon": -112.01726, "lat": 45.4643 }, "geometry": { "type": "Point", "coordinates": [ -112.01726, 45.4643 ] } },
{ "type": "Feature", "properties": { "dep_id": "10245690", "site_name": "Pony Creek Placer", "dev_stat": "Past Producer", "code_list": " AU ", "target_commodity": "Gold", "lon": -111.91226, "lat": 45.6646 }, "geometry": { "type": "Point", "coordinates": [ -111.91226, 45.6646 ] } },
{ "type": "Feature", "properties": { "dep_id": "10245700", "site_name": "Kit Carson", "dev_stat": "Past Producer", "code_list": " AU AG ", "target_commodity": "Gold", "lon": -112.43229, "lat": 46.2005 }, "geometry": { "type": "Point", "coordinates": [ -112.43229, 46.2005 ] } },
{ "type": "Feature", "properties": { "dep_id": "10245703", "site_name": "Nevada City Placer", "dev_stat": "Unknown", "code_list": " AU ", "target_commodity": "Gold", "lon": -112.09896, "lat": 45.3132 }, "geometry": { "type": "Point", "coordinates": [ -112.09896, 45.3132 ] } },
{ "type": "Feature", "properties": { "dep_id": "10245707", "site_name": "Bartlett Mines", "dev_stat": "Past Producer", "code_list": " AU AG ", "target_commodity": "Gold", "lon": -111.93086, "lat": 45.2293 }, "geometry": { "type": "Point", "coordinates": [ -111.93086, 45.2293 ] } },
{ "type": "Feature", "properties": { "dep_id": "10245710", "site_name": "Glenam Claim", "dev_stat": "Producer", "code_list": " AU ", "target_commodity": "Gold", "lon": -112.03946, "lat": 45.4735 }, "geometry": { "type": "Point", "coordinates": [ -112.03946, 45.4735 ] } },
{ "type": "Feature", "properties": { "dep_id": "10245720", "site_name": "Hill Crest", "dev_stat": "Past Producer", "code_list": " AU PB ", "target_commodity": "Gold", "lon": -112.08086, "lat": 45.4002 }, "geometry": { "type": "Point", "coordinates": [ -112.08086, 45.4002 ] } },
{ "type": "Feature", "properties": { "dep_id": "10245730", "site_name": "Sugar Bowl", "dev_stat": "Unknown", "code_list": " AU ", "target_commodity": "Gold", "lon": -112.49528, "lat": 45.6324 }, "geometry": { "type": "Point", "coordinates": [ -112.49528, 45.6324 ] } },
{ "type": "Feature", "properties": { "dep_id": "10245743", "site_name": "Julia Mine", "dev_stat": "Past Producer", "code_list": " AU ", "target_commodity": "Gold", "lon": -112.07478, "lat": 46.6243 }, "geometry": { "type": "Point", "coordinates": [ -112.07478, 46.6243 ] } },
{ "type": "Feature", "properties": { "dep_id": "10245744", "site_name": "Orphan Boy", "dev_stat": "Unknown", "code_list": " AU ", "target_commodity": "Gold", "lon": -111.72867, "lat": 46.4821 }, "geometry": { "type": "Point", "coordinates": [ -111.72867, 46.4821 ] } },
{ "type": "Feature", "properties": { "dep_id": "10245746", "site_name": "Little Bonanza", "dev_stat": "Past Producer", "code_list": " AU PB ", "target_commodity": "Gold", "lon": -111.68447, "lat": 46.4074 }, "geometry": { "type": "Point", "coordinates": [ -111.68447, 46.4074 ] } },
{ "type": "Feature", "properties": { "dep_id": "10245749", "site_name": "Mountain Meadow Mine", "dev_stat": "Past Producer", "code_list": " AU CU ", "target_commodity": "Gold", "lon": -111.96946, "lat": 45.6438 }, "geometry": { "type": "Point", "coordinates": [ -111.96946, 45.6438 ] } },
{ "type": "Feature", "properties": { "dep_id": "10245754", "site_name": "Mitchell Creek Placer", "dev_stat": "Past Producer", "code_list": " AU ", "target_commodity": "Gold", "lon": -111.84667, "lat": 46.5396 }, "geometry": { "type": "Point", "coordinates": [ -111.84667, 46.5396 ] } },
{ "type": "Feature", "properties": { "dep_id": "10245764", "site_name": "Washington Creek Group Placers", "dev_stat": "Past Producer", "code_list": " AU ", "target_commodity": "Gold", "lon": -111.86256, "lat": 45.5032 }, "geometry": { "type": "Point", "coordinates": [ -111.86256, 45.5032 ] } },
{ "type": "Feature", "properties": { "dep_id": "10245765", "site_name": "Black Bear", "dev_stat": "Past Producer", "code_list": " AU CU ", "target_commodity": "Gold", "lon": -112.24058, "lat": 46.3557 }, "geometry": { "type": "Point", "coordinates": [ -112.24058, 46.3557 ] } },
{ "type": "Feature", "properties": { "dep_id": "10245767", "site_name": "Apex Queen Prospect", "dev_stat": "Prospect", "code_list": " AU SB ", "target_commodity": "Gold", "lon": -112.40149, "lat": 46.448 }, "geometry": { "type": "Point", "coordinates": [ -112.40149, 46.448 ] } },
{ "type": "Feature", "properties": { "dep_id": "10245784", "site_name": "Bubany Placer", "dev_stat": "Past Producer", "code_list": " AU ", "target_commodity": "Gold", "lon": -111.97666, "lat": 45.2991 }, "geometry": { "type": "Point", "coordinates": [ -111.97666, 45.2991 ] } },
{ "type": "Feature", "properties": { "dep_id": "10245791", "site_name": "Bluebird", "dev_stat": "Past Producer", "code_list": " AU PB ", "target_commodity": "Gold", "lon": -111.68306, "lat": 46.1752 }, "geometry": { "type": "Point", "coordinates": [ -111.68306, 46.1752 ] } },
{ "type": "Feature", "properties": { "dep_id": "10245792", "site_name": "Black Canyon Placer", "dev_stat": "Past Producer", "code_list": " AU ", "target_commodity": "Gold", "lon": -112.43368, "lat": 46.0096 }, "geometry": { "type": "Point", "coordinates": [ -112.43368, 46.0096 ] } },
{ "type": "Feature", "properties": { "dep_id": "10245794", "site_name": "Bunker Hill", "dev_stat": "Past Producer", "code_list": " AU ", "target_commodity": "Gold", "lon": -112.24899, "lat": 46.4693 }, "geometry": { "type": "Point", "coordinates": [ -112.24899, 46.4693 ] } },
{ "type": "Feature", "properties": { "dep_id": "10245795", "site_name": "Charter Oak", "dev_stat": "Past Producer", "code_list": " AU ", "target_commodity": "Gold", "lon": -112.41759, "lat": 46.4905 }, "geometry": { "type": "Point", "coordinates": [ -112.41759, 46.4905 ] } },
{ "type": "Feature", "properties": { "dep_id": "10245797", "site_name": "Green & Waddel Placer", "dev_stat": "Past Producer", "code_list": " AU ", "target_commodity": "Gold", "lon": -111.63026, "lat": 46.3185 }, "geometry": { "type": "Point", "coordinates": [ -111.63026, 46.3185 ] } },
{ "type": "Feature", "properties": { "dep_id": "10245803", "site_name": "Independent Mine", "dev_stat": "Past Producer", "code_list": " AU CU ", "target_commodity": "Gold", "lon": -112.07618, "lat": 46.5535 }, "geometry": { "type": "Point", "coordinates": [ -112.07618, 46.5535 ] } },
{ "type": "Feature", "properties": { "dep_id": "10245813", "site_name": "Eagle Station Prospect", "dev_stat": "Prospect", "code_list": " AU AG ", "target_commodity": "Gold", "lon": -111.75087, "lat": 46.3277 }, "geometry": { "type": "Point", "coordinates": [ -111.75087, 46.3277 ] } },
{ "type": "Feature", "properties": { "dep_id": "10245814", "site_name": "Grubstake", "dev_stat": "Past Producer", "code_list": " AU CU ", "target_commodity": "Gold", "lon": -111.73527, "lat": 46.5802 }, "geometry": { "type": "Point", "coordinates": [ -111.73527, 46.5802 ] } },
{ "type": "Feature", "properties": { "dep_id": "10245815", "site_name": "Boulder-Cobalt Mine", "dev_stat": "Past Producer", "code_list": " AU CO ", "target_commodity": "Gold", "lon": -112.12227, "lat": 45.603 }, "geometry": { "type": "Point", "coordinates": [ -112.12227, 45.603 ] } },
{ "type": "Feature", "properties": { "dep_id": "10245819", "site_name": "Batten Brothers Mine", "dev_stat": "Occurrence", "code_list": " AU ", "target_commodity": "Gold", "lon": -111.93866, "lat": 45.2671 }, "geometry": { "type": "Point", "coordinates": [ -111.93866, 45.2671 ] } },
{ "type": "Feature", "properties": { "dep_id": "10245830", "site_name": "Union Mine", "dev_stat": "Past Producer", "code_list": " AU AG ", "target_commodity": "Gold", "lon": -112.59978, "lat": 45.6493 }, "geometry": { "type": "Point", "coordinates": [ -112.59978, 45.6493 ] } },
{ "type": "Feature", "properties": { "dep_id": "10245832", "site_name": "Jim", "dev_stat": "Unknown", "code_list": " AU AG ", "target_commodity": "Gold", "lon": -111.69195, "lat": 45.5105 }, "geometry": { "type": "Point", "coordinates": [ -111.69195, 45.5105 ] } },
{ "type": "Feature", "properties": { "dep_id": "10245836", "site_name": "Grey Lock", "dev_stat": "Past Producer", "code_list": " AG AU ", "target_commodity": "Gold", "lon": -112.63419, "lat": 45.6888 }, "geometry": { "type": "Point", "coordinates": [ -112.63419, 45.6888 ] } },
{ "type": "Feature", "properties": { "dep_id": "10245837", "site_name": "Blue Granite", "dev_stat": "Occurrence", "code_list": " AU AG ", "target_commodity": "Gold", "lon": -111.69256, "lat": 46.3313 }, "geometry": { "type": "Point", "coordinates": [ -111.69256, 46.3313 ] } },
{ "type": "Feature", "properties": { "dep_id": "10245838", "site_name": "Iron Cliff", "dev_stat": "Unknown", "code_list": " AU ", "target_commodity": "Gold", "lon": -112.46058, "lat": 45.8052 }, "geometry": { "type": "Point", "coordinates": [ -112.46058, 45.8052 ] } },
{ "type": "Feature", "properties": { "dep_id": "10245839", "site_name": "Sadie", "dev_stat": "Unknown", "code_list": " AU CU ", "target_commodity": "Gold", "lon": -112.53169, "lat": 46.4988 }, "geometry": { "type": "Point", "coordinates": [ -112.53169, 46.4988 ] } },
{ "type": "Feature", "properties": { "dep_id": "10245841", "site_name": "Skookum Placer", "dev_stat": "Past Producer", "code_list": " AU ", "target_commodity": "Gold", "lon": -112.17398, "lat": 46.2993 }, "geometry": { "type": "Point", "coordinates": [ -112.17398, 46.2993 ] } },
{ "type": "Feature", "properties": { "dep_id": "10245846", "site_name": "Mount Washington", "dev_stat": "Past Producer", "code_list": " AU CU ", "target_commodity": "Gold", "lon": -112.13758, "lat": 46.3605 }, "geometry": { "type": "Point", "coordinates": [ -112.13758, 46.3605 ] } },
{ "type": "Feature", "properties": { "dep_id": "10245848", "site_name": "Hidden Hand", "dev_stat": "Occurrence", "code_list": " AU ", "target_commodity": "Gold", "lon": -112.58509, "lat": 46.3888 }, "geometry": { "type": "Point", "coordinates": [ -112.58509, 46.3888 ] } },
{ "type": "Feature", "properties": { "dep_id": "10245853", "site_name": "Whip-Poor-Will Group", "dev_stat": "Past Producer", "code_list": " AU ", "target_commodity": "Gold", "lon": -111.93726, "lat": 45.6607 }, "geometry": { "type": "Point", "coordinates": [ -111.93726, 45.6607 ] } },
{ "type": "Feature", "properties": { "dep_id": "10245857", "site_name": "Lucky Joe Mine", "dev_stat": "Occurrence", "code_list": " AU CU ", "target_commodity": "Gold", "lon": -112.29759, "lat": 46.4741 }, "geometry": { "type": "Point", "coordinates": [ -112.29759, 46.4741 ] } },
{ "type": "Feature", "properties": { "dep_id": "10245866", "site_name": "Magdelena Group", "dev_stat": "Past Producer", "code_list": " AU ", "target_commodity": "Gold", "lon": -112.27508, "lat": 46.3993 }, "geometry": { "type": "Point", "coordinates": [ -112.27508, 46.3993 ] } },
{ "type": "Feature", "properties": { "dep_id": "10245867", "site_name": "Unnamed Copper,Silver and Gold", "dev_stat": "Occurrence", "code_list": " CU AU ", "target_commodity": "Gold", "lon": -112.51759, "lat": 46.026 }, "geometry": { "type": "Point", "coordinates": [ -112.51759, 46.026 ] } },
{ "type": "Feature", "properties": { "dep_id": "10245869", "site_name": "Cement Gulch", "dev_stat": "Occurrence", "code_list": " AU ", "target_commodity": "Gold", "lon": -111.38616, "lat": 46.62351 }, "geometry": { "type": "Point", "coordinates": [ -111.38616, 46.62351 ] } },
{ "type": "Feature", "properties": { "dep_id": "10245873", "site_name": "Nicholson Mine", "dev_stat": "Past Producer", "code_list": " AU AG ", "target_commodity": "Gold", "lon": -112.01146, "lat": 45.5949 }, "geometry": { "type": "Point", "coordinates": [ -112.01146, 45.5949 ] } },
{ "type": "Feature", "properties": { "dep_id": "10245875", "site_name": "Parker Gulch Placer", "dev_stat": "Past Producer", "code_list": " AU ", "target_commodity": "Gold", "lon": -111.79555, "lat": 45.4924 }, "geometry": { "type": "Point", "coordinates": [ -111.79555, 45.4924 ] } },
{ "type": "Feature", "properties": { "dep_id": "10245886", "site_name": "Short Shift Mine", "dev_stat": "Prospect", "code_list": " AU ", "target_commodity": "Gold", "lon": -112.50698, "lat": 45.6863 }, "geometry": { "type": "Point", "coordinates": [ -112.50698, 45.6863 ] } },
{ "type": "Feature", "properties": { "dep_id": "10245890", "site_name": "Helens Pride Mine", "dev_stat": "Occurrence", "code_list": " AU AG ", "target_commodity": "Gold", "lon": -111.96668, "lat": 46.4432 }, "geometry": { "type": "Point", "coordinates": [ -111.96668, 46.4432 ] } },
{ "type": "Feature", "properties": { "dep_id": "10245901", "site_name": "Hematite Iron Mine", "dev_stat": "Past Producer", "code_list": " AU FE ", "target_commodity": "Gold", "lon": -112.09648, "lat": 46.6813 }, "geometry": { "type": "Point", "coordinates": [ -112.09648, 46.6813 ] } },
{ "type": "Feature", "properties": { "dep_id": "10245907", "site_name": "Excelsior", "dev_stat": "Past Producer", "code_list": " AU AG ", "target_commodity": "Gold", "lon": -111.97396, "lat": 45.2985 }, "geometry": { "type": "Point", "coordinates": [ -111.97396, 45.2985 ] } },
{ "type": "Feature", "properties": { "dep_id": "10245908", "site_name": "Caribou Creek", "dev_stat": "Past Producer", "code_list": " AU ", "target_commodity": "Gold", "lon": -112.6698, "lat": 46.3018 }, "geometry": { "type": "Point", "coordinates": [ -112.6698, 46.3018 ] } },
{ "type": "Feature", "properties": { "dep_id": "10245911", "site_name": "Last Chance Placer", "dev_stat": "Past Producer", "code_list": " AU ", "target_commodity": "Gold", "lon": -111.42366, "lat": 46.6991 }, "geometry": { "type": "Point", "coordinates": [ -111.42366, 46.6991 ] } },
{ "type": "Feature", "properties": { "dep_id": "10245918", "site_name": "Frisbee Mine", "dev_stat": "Past Producer", "code_list": " AU CU ", "target_commodity": "Gold", "lon": -111.94506, "lat": 45.4988 }, "geometry": { "type": "Point", "coordinates": [ -111.94506, 45.4988 ] } },
{ "type": "Feature", "properties": { "dep_id": "10245920", "site_name": "Lucky Strike Mine", "dev_stat": "Past Producer", "code_list": " AU CU ", "target_commodity": "Gold", "lon": -112.08306, "lat": 45.536 }, "geometry": { "type": "Point", "coordinates": [ -112.08306, 45.536 ] } },
{ "type": "Feature", "properties": { "dep_id": "10245925", "site_name": "Buckeye Prospect", "dev_stat": "Unknown", "code_list": " AU ", "target_commodity": "Gold", "lon": -111.72647, "lat": 46.443 }, "geometry": { "type": "Point", "coordinates": [ -111.72647, 46.443 ] } },
{ "type": "Feature", "properties": { "dep_id": "10245929", "site_name": "Patent 2880 Mine", "dev_stat": "Unknown", "code_list": " AU AG ", "target_commodity": "Gold", "lon": -111.47306, "lat": 46.5307 }, "geometry": { "type": "Point", "coordinates": [ -111.47306, 46.5307 ] } },
{ "type": "Feature", "properties": { "dep_id": "10245930", "site_name": "Tabor No. 1", "dev_stat": "Past Producer", "code_list": " AU ", "target_commodity": "Gold", "lon": -111.96946, "lat": 45.3088 }, "geometry": { "type": "Point", "coordinates": [ -111.96946, 45.3088 ] } },
{ "type": "Feature", "properties": { "dep_id": "10245931", "site_name": "Jefferson River Placers", "dev_stat": "Past Producer", "code_list": " AU ", "target_commodity": "Gold", "lon": -111.91306, "lat": 45.8305 }, "geometry": { "type": "Point", "coordinates": [ -111.91306, 45.8305 ] } },
{ "type": "Feature", "properties": { "dep_id": "10245933", "site_name": "Kelly Mine", "dev_stat": "Prospect", "code_list": " AU PB ", "target_commodity": "Gold", "lon": -111.65506, "lat": 46.4293 }, "geometry": { "type": "Point", "coordinates": [ -111.65506, 46.4293 ] } },
{ "type": "Feature", "properties": { "dep_id": "10245943", "site_name": "Carmody Group", "dev_stat": "Past Producer", "code_list": " AU ", "target_commodity": "Gold", "lon": -111.95167, "lat": 46.2735 }, "geometry": { "type": "Point", "coordinates": [ -111.95167, 46.2735 ] } },
{ "type": "Feature", "properties": { "dep_id": "10245944", "site_name": "Indian Creek Placer", "dev_stat": "Producer", "code_list": " AU ", "target_commodity": "Gold", "lon": -111.59526, "lat": 46.3291 }, "geometry": { "type": "Point", "coordinates": [ -111.59526, 46.3291 ] } },
{ "type": "Feature", "properties": { "dep_id": "10245947", "site_name": "White Mine", "dev_stat": "Unknown", "code_list": " AU PB ", "target_commodity": "Gold", "lon": -112.59648, "lat": 45.5171 }, "geometry": { "type": "Point", "coordinates": [ -112.59648, 45.5171 ] } },
{ "type": "Feature", "properties": { "dep_id": "10245955", "site_name": "Wilson Creek Placer", "dev_stat": "Past Producer", "code_list": " AU ", "target_commodity": "Gold", "lon": -112.23118, "lat": 46.1699 }, "geometry": { "type": "Point", "coordinates": [ -112.23118, 46.1699 ] } },
{ "type": "Feature", "properties": { "dep_id": "10245962", "site_name": "High Ore Creek Placer", "dev_stat": "Past Producer", "code_list": " AU ", "target_commodity": "Gold", "lon": -112.20028, "lat": 46.2916 }, "geometry": { "type": "Point", "coordinates": [ -112.20028, 46.2916 ] } },
{ "type": "Feature", "properties": { "dep_id": "10245974", "site_name": "St Lawrence", "dev_stat": "Past Producer", "code_list": " AU CU ", "target_commodity": "Gold", "lon": -112.26698, "lat": 46.3502 }, "geometry": { "type": "Point", "coordinates": [ -112.26698, 46.3502 ] } },
{ "type": "Feature", "properties": { "dep_id": "10245976", "site_name": "Basin Creek Mine", "dev_stat": "Plant", "code_list": " AU ", "target_commodity": "Gold", "lon": -112.29669, "lat": 46.4216 }, "geometry": { "type": "Point", "coordinates": [ -112.29669, 46.4216 ] } },
{ "type": "Feature", "properties": { "dep_id": "10245980", "site_name": "Belle", "dev_stat": "Past Producer", "code_list": " AU CU ", "target_commodity": "Gold", "lon": -111.97866, "lat": 45.5046 }, "geometry": { "type": "Point", "coordinates": [ -111.97866, 45.5046 ] } },
{ "type": "Feature", "properties": { "dep_id": "10245982", "site_name": "Ann Kinzer Mine", "dev_stat": "Prospect", "code_list": " PB AU ", "target_commodity": "Gold", "lon": -111.81757, "lat": 46.3032 }, "geometry": { "type": "Point", "coordinates": [ -111.81757, 46.3032 ] } },
{ "type": "Feature", "properties": { "dep_id": "10245996", "site_name": "Snowstorm Mine", "dev_stat": "Past Producer", "code_list": " AU AG ", "target_commodity": "Gold", "lon": -111.97776, "lat": 45.4977 }, "geometry": { "type": "Point", "coordinates": [ -111.97776, 45.4977 ] } },
{ "type": "Feature", "properties": { "dep_id": "10246001", "site_name": "Calumet Mine", "dev_stat": "Past Producer", "code_list": " AU MN ", "target_commodity": "Gold", "lon": -112.29399, "lat": 46.7549 }, "geometry": { "type": "Point", "coordinates": [ -112.29399, 46.7549 ] } },
{ "type": "Feature", "properties": { "dep_id": "10246003", "site_name": "Sam Gaty Mine", "dev_stat": "Unknown", "code_list": " AU CU ", "target_commodity": "Gold", "lon": -112.07338, "lat": 46.6371 }, "geometry": { "type": "Point", "coordinates": [ -112.07338, 46.6371 ] } },
{ "type": "Feature", "properties": { "dep_id": "10246005", "site_name": "Price Claims", "dev_stat": "Occurrence", "code_list": " AU AG ", "target_commodity": "Gold", "lon": -112.4978, "lat": 46.6882 }, "geometry": { "type": "Point", "coordinates": [ -112.4978, 46.6882 ] } },
{ "type": "Feature", "properties": { "dep_id": "10246011", "site_name": "Carpenter Creek", "dev_stat": "Past Producer", "code_list": " AU ", "target_commodity": "Gold", "lon": -112.5262, "lat": 46.6499 }, "geometry": { "type": "Point", "coordinates": [ -112.5262, 46.6499 ] } },
{ "type": "Feature", "properties": { "dep_id": "10246013", "site_name": "Granite Gold Mining Co.", "dev_stat": "Occurrence", "code_list": " AU ", "target_commodity": "Gold", "lon": -112.5887, "lat": 46.6055 }, "geometry": { "type": "Point", "coordinates": [ -112.5887, 46.6055 ] } },
{ "type": "Feature", "properties": { "dep_id": "10246017", "site_name": "Weston Mine", "dev_stat": "Occurrence", "code_list": " AU ", "target_commodity": "Gold", "lon": -111.83867, "lat": 46.4791 }, "geometry": { "type": "Point", "coordinates": [ -111.83867, 46.4791 ] } },
{ "type": "Feature", "properties": { "dep_id": "10246020", "site_name": "Argonne", "dev_stat": "Past Producer", "code_list": " AU U ", "target_commodity": "Gold", "lon": -112.18198, "lat": 46.4455 }, "geometry": { "type": "Point", "coordinates": [ -112.18198, 46.4455 ] } },
{ "type": "Feature", "properties": { "dep_id": "10246022", "site_name": "Grvel Bar", "dev_stat": "Past Producer", "code_list": " AU ", "target_commodity": "Gold", "lon": -111.79167, "lat": 46.6641 }, "geometry": { "type": "Point", "coordinates": [ -111.79167, 46.6641 ] } },
{ "type": "Feature", "properties": { "dep_id": "10246023", "site_name": "St. Joe Placer", "dev_stat": "Past Producer", "code_list": " AU ", "target_commodity": "Gold", "lon": -112.02587, "lat": 46.1255 }, "geometry": { "type": "Point", "coordinates": [ -112.02587, 46.1255 ] } },
{ "type": "Feature", "properties": { "dep_id": "10246027", "site_name": "Noble Adit", "dev_stat": "Past Producer", "code_list": " AU AG ", "target_commodity": "Gold", "lon": -112.10647, "lat": 45.5366 }, "geometry": { "type": "Point", "coordinates": [ -112.10647, 45.5366 ] } },
{ "type": "Feature", "properties": { "dep_id": "10246036", "site_name": "Little Joe No 1 Mine", "dev_stat": "Occurrence", "code_list": " AU ", "target_commodity": "Gold", "lon": -111.42476, "lat": 46.7127 }, "geometry": { "type": "Point", "coordinates": [ -111.42476, 46.7127 ] } },
{ "type": "Feature", "properties": { "dep_id": "10246038", "site_name": "Eager Mining Group", "dev_stat": "Unknown", "code_list": " AU AG ", "target_commodity": "Gold", "lon": -112.60949, "lat": 45.731 }, "geometry": { "type": "Point", "coordinates": [ -112.60949, 45.731 ] } },
{ "type": "Feature", "properties": { "dep_id": "10246039", "site_name": "Big Bertha Mine", "dev_stat": "Past Producer", "code_list": " AU AG ", "target_commodity": "Gold", "lon": -112.20477, "lat": 45.4446 }, "geometry": { "type": "Point", "coordinates": [ -112.20477, 45.4446 ] } },
{ "type": "Feature", "properties": { "dep_id": "10246042", "site_name": "Rochester Project", "dev_stat": "Prospect", "code_list": " AU ", "target_commodity": "Gold", "lon": -112.51508, "lat": 45.5457 }, "geometry": { "type": "Point", "coordinates": [ -112.51508, 45.5457 ] } },
{ "type": "Feature", "properties": { "dep_id": "10246049", "site_name": "Orphan Boy", "dev_stat": "Past Producer", "code_list": " AG AU ", "target_commodity": "Gold", "lon": -112.63479, "lat": 45.6891 }, "geometry": { "type": "Point", "coordinates": [ -112.63479, 45.6891 ] } },
{ "type": "Feature", "properties": { "dep_id": "10246050", "site_name": "Nelson Gulch", "dev_stat": "Unknown", "code_list": " AU ", "target_commodity": "Gold", "lon": -112.15168, "lat": 46.5646 }, "geometry": { "type": "Point", "coordinates": [ -112.15168, 46.5646 ] } },
{ "type": "Feature", "properties": { "dep_id": "10246061", "site_name": "Last Hope Placer", "dev_stat": "Past Producer", "code_list": " AU ", "target_commodity": "Gold", "lon": -111.42166, "lat": 46.5974 }, "geometry": { "type": "Point", "coordinates": [ -111.42166, 46.5974 ] } },
{ "type": "Feature", "properties": { "dep_id": "10246064", "site_name": "North Bison Mountain Prospect", "dev_stat": "Prospect", "code_list": " AU AG ", "target_commodity": "Gold", "lon": -112.62339, "lat": 46.2399 }, "geometry": { "type": "Point", "coordinates": [ -112.62339, 46.2399 ] } },
{ "type": "Feature", "properties": { "dep_id": "10246066", "site_name": "Roach-Miller Mine", "dev_stat": "Past Producer", "code_list": " AU CU ", "target_commodity": "Gold", "lon": -112.14837, "lat": 45.5713 }, "geometry": { "type": "Point", "coordinates": [ -112.14837, 45.5713 ] } },
{ "type": "Feature", "properties": { "dep_id": "10246068", "site_name": "Old Dominion Mine", "dev_stat": "Prospect", "code_list": " AU BI ", "target_commodity": "Gold", "lon": -112.15758, "lat": 46.5932 }, "geometry": { "type": "Point", "coordinates": [ -112.15758, 46.5932 ] } },
{ "type": "Feature", "properties": { "dep_id": "10246071", "site_name": "Arogon", "dev_stat": "Past Producer", "code_list": " AU AG ", "target_commodity": "Gold", "lon": -112.18228, "lat": 46.4235 }, "geometry": { "type": "Point", "coordinates": [ -112.18228, 46.4235 ] } },
{ "type": "Feature", "properties": { "dep_id": "10246084", "site_name": "Texas Lode Mine", "dev_stat": "Past Producer", "code_list": " PB AU ", "target_commodity": "Gold", "lon": -112.18477, "lat": 45.5471 }, "geometry": { "type": "Point", "coordinates": [ -112.18477, 45.5471 ] } },
{ "type": "Feature", "properties": { "dep_id": "10246085", "site_name": "Lead Ore Mine", "dev_stat": "Prospect", "code_list": " AU PB ", "target_commodity": "Gold", "lon": -111.97646, "lat": 45.5602 }, "geometry": { "type": "Point", "coordinates": [ -111.97646, 45.5602 ] } },
{ "type": "Feature", "properties": { "dep_id": "10246088", "site_name": "Chartam", "dev_stat": "Plant", "code_list": " AU AG ", "target_commodity": "Gold", "lon": -111.66837, "lat": 46.4443 }, "geometry": { "type": "Point", "coordinates": [ -111.66837, 46.4443 ] } },
{ "type": "Feature", "properties": { "dep_id": "10246095", "site_name": "Lava Mountain Prospect", "dev_stat": "Prospect", "code_list": " AU PB ", "target_commodity": "Gold", "lon": -111.88897, "lat": 46.4227 }, "geometry": { "type": "Point", "coordinates": [ -111.88897, 46.4227 ] } },
{ "type": "Feature", "properties": { "dep_id": "10246098", "site_name": "Silver Cresent Mine", "dev_stat": "Occurrence", "code_list": " AU CU ", "target_commodity": "Gold", "lon": -112.25668, "lat": 46.4291 }, "geometry": { "type": "Point", "coordinates": [ -112.25668, 46.4291 ] } },
{ "type": "Feature", "properties": { "dep_id": "10246109", "site_name": "Homestake and Blackrock", "dev_stat": "Past Producer", "code_list": " AU AG ", "target_commodity": "Gold", "lon": -111.95696, "lat": 45.2724 }, "geometry": { "type": "Point", "coordinates": [ -111.95696, 45.2724 ] } },
{ "type": "Feature", "properties": { "dep_id": "10246112", "site_name": "Gold Valley", "dev_stat": "Past Producer", "code_list": " AU ", "target_commodity": "Gold", "lon": -112.27398, "lat": 45.8143 }, "geometry": { "type": "Point", "coordinates": [ -112.27398, 45.8143 ] } },
{ "type": "Feature", "properties": { "dep_id": "10246113", "site_name": "St. Louis", "dev_stat": "Past Producer", "code_list": " AU PB ", "target_commodity": "Gold", "lon": -111.69976, "lat": 46.3385 }, "geometry": { "type": "Point", "coordinates": [ -111.69976, 46.3385 ] } },
{ "type": "Feature", "properties": { "dep_id": "10246115", "site_name": "Silver Bell", "dev_stat": "Past Producer", "code_list": " AU AG ", "target_commodity": "Gold", "lon": -112.01366, "lat": 45.2705 }, "geometry": { "type": "Point", "coordinates": [ -112.01366, 45.2705 ] } },
{ "type": "Feature", "properties": { "dep_id": "10246122", "site_name": "Pacific Mines", "dev_stat": "Past Producer", "code_list": " AU PB ", "target_commodity": "Gold", "lon": -111.95976, "lat": 45.2293 }, "geometry": { "type": "Point", "coordinates": [ -111.95976, 45.2293 ] } },
{ "type": "Feature", "properties": { "dep_id": "10246126", "site_name": "Mary Lucille", "dev_stat": "Past Producer", "code_list": " PB AU ", "target_commodity": "Gold", "lon": -112.03477, "lat": 45.9166 }, "geometry": { "type": "Point", "coordinates": [ -112.03477, 45.9166 ] } },
{ "type": "Feature", "properties": { "dep_id": "10246129", "site_name": "Josephine", "dev_stat": "Past Producer", "code_list": " AU AG ", "target_commodity": "Gold", "lon": -111.65395, "lat": 45.5621 }, "geometry": { "type": "Point", "coordinates": [ -111.65395, 45.5621 ] } },
{ "type": "Feature", "properties": { "dep_id": "10246133", "site_name": "Daizy No. 1", "dev_stat": "Occurrence", "code_list": " AU PB ", "target_commodity": "Gold", "lon": -112.08727, "lat": 45.5707 }, "geometry": { "type": "Point", "coordinates": [ -112.08727, 45.5707 ] } },
{ "type": "Feature", "properties": { "dep_id": "10246138", "site_name": "Ridge Prospect", "dev_stat": "Prospect", "code_list": " AU ", "target_commodity": "Gold", "lon": -111.29914, "lat": 45.29431 }, "geometry": { "type": "Point", "coordinates": [ -111.29914, 45.29431 ] } },
{ "type": "Feature", "properties": { "dep_id": "10246140", "site_name": "Little Jim No.1-5 Claims", "dev_stat": "Occurrence", "code_list": " AU AG ", "target_commodity": "Gold", "lon": -111.72807, "lat": 46.3627 }, "geometry": { "type": "Point", "coordinates": [ -111.72807, 46.3627 ] } },
{ "type": "Feature", "properties": { "dep_id": "10246144", "site_name": "Golden Charm Mine", "dev_stat": "Unknown", "code_list": " AU AG ", "target_commodity": "Gold", "lon": -111.77027, "lat": 46.7424 }, "geometry": { "type": "Point", "coordinates": [ -111.77027, 46.7424 ] } },
{ "type": "Feature", "properties": { "dep_id": "10246147", "site_name": "Viking Mine", "dev_stat": "Past Producer", "code_list": " AU ", "target_commodity": "Gold", "lon": -111.98696, "lat": 45.6474 }, "geometry": { "type": "Point", "coordinates": [ -111.98696, 45.6474 ] } },
{ "type": "Feature", "properties": { "dep_id": "10246154", "site_name": "Big Tom Mine", "dev_stat": "Past Producer", "code_list": " AU PB ", "target_commodity": "Gold", "lon": -111.99976, "lat": 45.5157 }, "geometry": { "type": "Point", "coordinates": [ -111.99976, 45.5157 ] } },
{ "type": "Feature", "properties": { "dep_id": "10246163", "site_name": "Lakeshore Mine", "dev_stat": "Past Producer", "code_list": " AU CU ", "target_commodity": "Gold", "lon": -112.11557, "lat": 45.5841 }, "geometry": { "type": "Point", "coordinates": [ -112.11557, 45.5841 ] } },
{ "type": "Feature", "properties": { "dep_id": "10246165", "site_name": "Iron Wedge", "dev_stat": "Occurrence", "code_list": " AU ", "target_commodity": "Gold", "lon": -111.70897, "lat": 46.5332 }, "geometry": { "type": "Point", "coordinates": [ -111.70897, 46.5332 ] } },
{ "type": "Feature", "properties": { "dep_id": "10246166", "site_name": "Wrong Font Claims", "dev_stat": "Past Producer", "code_list": " AU AG ", "target_commodity": "Gold", "lon": -112.66279, "lat": 45.9955 }, "geometry": { "type": "Point", "coordinates": [ -112.66279, 45.9955 ] } },
{ "type": "Feature", "properties": { "dep_id": "10246167", "site_name": "Tucker Mine", "dev_stat": "Past Producer", "code_list": " AU AG ", "target_commodity": "Gold", "lon": -111.89276, "lat": 45.4605 }, "geometry": { "type": "Point", "coordinates": [ -111.89276, 45.4605 ] } },
{ "type": "Feature", "properties": { "dep_id": "10246175", "site_name": "Robinson", "dev_stat": "Occurrence", "code_list": " AU PB ", "target_commodity": "Gold", "lon": -112.09338, "lat": 46.6646 }, "geometry": { "type": "Point", "coordinates": [ -112.09338, 46.6646 ] } },
{ "type": "Feature", "properties": { "dep_id": "10246176", "site_name": "Australia", "dev_stat": "Prospect", "code_list": " PB AU ", "target_commodity": "Gold", "lon": -112.15148, "lat": 46.3146 }, "geometry": { "type": "Point", "coordinates": [ -112.15148, 46.3146 ] } },
{ "type": "Feature", "properties": { "dep_id": "10255815", "site_name": "Red Pine Mine", "dev_stat": "Past Producer", "code_list": " AU CU ", "target_commodity": "Gold", "lon": -112.08526, "lat": 45.5207 }, "geometry": { "type": "Point", "coordinates": [ -112.08526, 45.5207 ] } },
{ "type": "Feature", "properties": { "dep_id": "10255853", "site_name": "Kingsbury Gulch", "dev_stat": "Past Producer", "code_list": " AU ", "target_commodity": "Gold", "lon": -111.70917, "lat": 46.7055 }, "geometry": { "type": "Point", "coordinates": [ -111.70917, 46.7055 ] } },
{ "type": "Feature", "properties": { "dep_id": "10255962", "site_name": "Florida Giant", "dev_stat": "Past Producer", "code_list": " AU AG ", "target_commodity": "Gold", "lon": -112.14257, "lat": 45.6035 }, "geometry": { "type": "Point", "coordinates": [ -112.14257, 45.6035 ] } },
{ "type": "Feature", "properties": { "dep_id": "10256398", "site_name": "Silver Claim Mine", "dev_stat": "Unknown", "code_list": " AU PB ", "target_commodity": "Gold", "lon": -112.08978, "lat": 46.3857 }, "geometry": { "type": "Point", "coordinates": [ -112.08978, 46.3857 ] } },
{ "type": "Feature", "properties": { "dep_id": "10256788", "site_name": "Hope", "dev_stat": "Unknown", "code_list": " AU CU ", "target_commodity": "Gold", "lon": -112.15118, "lat": 46.3146 }, "geometry": { "type": "Point", "coordinates": [ -112.15118, 46.3146 ] } },
{ "type": "Feature", "properties": { "dep_id": "10256815", "site_name": "Wake-Up Jim", "dev_stat": "Occurrence", "code_list": " AU ", "target_commodity": "Gold", "lon": -112.57809, "lat": 46.3893 }, "geometry": { "type": "Point", "coordinates": [ -112.57809, 46.3893 ] } },
{ "type": "Feature", "properties": { "dep_id": "10256988", "site_name": "Satellite", "dev_stat": "Unknown", "code_list": " AU ", "target_commodity": "Gold", "lon": -111.43976, "lat": 46.5893 }, "geometry": { "type": "Point", "coordinates": [ -111.43976, 46.5893 ] } },
{ "type": "Feature", "properties": { "dep_id": "10257057", "site_name": "Spuhler Mine", "dev_stat": "Past Producer", "code_list": " AU AG ", "target_commodity": "Gold", "lon": -112.10277, "lat": 45.5599 }, "geometry": { "type": "Point", "coordinates": [ -112.10277, 45.5599 ] } },
{ "type": "Feature", "properties": { "dep_id": "10257186", "site_name": "Atlanta Gulch", "dev_stat": "Occurrence", "code_list": " AU ", "target_commodity": "Gold", "lon": -111.25275, "lat": 46.56741 }, "geometry": { "type": "Point", "coordinates": [ -111.25275, 46.56741 ] } },
{ "type": "Feature", "properties": { "dep_id": "10264644", "site_name": "Quartz Hill", "dev_stat": "Prospect", "code_list": " AU ", "target_commodity": "Gold", "lon": -112.49028, "lat": 45.636 }, "geometry": { "type": "Point", "coordinates": [ -112.49028, 45.636 ] } },
{ "type": "Feature", "properties": { "dep_id": "10265144", "site_name": "Spotted Dog Creek Prospect", "dev_stat": "Prospect", "code_list": " AU AG ", "target_commodity": "Gold", "lon": -112.6115, "lat": 46.3774 }, "geometry": { "type": "Point", "coordinates": [ -112.6115, 46.3774 ] } },
{ "type": "Feature", "properties": { "dep_id": "10269127", "site_name": "Indian Creek Development", "dev_stat": "Past Producer", "code_list": " AU ", "target_commodity": "Gold", "lon": -111.63086, "lat": 46.3138 }, "geometry": { "type": "Point", "coordinates": [ -111.63086, 46.3138 ] } },
{ "type": "Feature", "properties": { "dep_id": "10269138", "site_name": "Black Friday", "dev_stat": "Prospect", "code_list": " AU ", "target_commodity": "Gold", "lon": -111.67976, "lat": 46.1755 }, "geometry": { "type": "Point", "coordinates": [ -111.67976, 46.1755 ] } },
{ "type": "Feature", "properties": { "dep_id": "10269156", "site_name": "Silver Dyke No1 Claim", "dev_stat": "Prospect", "code_list": " AU AG ", "target_commodity": "Gold", "lon": -111.74277, "lat": 46.3852 }, "geometry": { "type": "Point", "coordinates": [ -111.74277, 46.3852 ] } },
{ "type": "Feature", "properties": { "dep_id": "10269181", "site_name": "A & H Placer", "dev_stat": "Past Producer", "code_list": " AU ", "target_commodity": "Gold", "lon": -111.48416, "lat": 46.5416 }, "geometry": { "type": "Point", "coordinates": [ -111.48416, 46.5416 ] } },
{ "type": "Feature", "properties": { "dep_id": "10269191", "site_name": "Sky Mine", "dev_stat": "Occurrence", "code_list": " AU AG ", "target_commodity": "Gold", "lon": -111.71116, "lat": 46.2877 }, "geometry": { "type": "Point", "coordinates": [ -111.71116, 46.2877 ] } },
{ "type": "Feature", "properties": { "dep_id": "10269209", "site_name": "Homestead", "dev_stat": "Unknown", "code_list": " AU ", "target_commodity": "Gold", "lon": -111.70757, "lat": 46.4699 }, "geometry": { "type": "Point", "coordinates": [ -111.70757, 46.4699 ] } },
{ "type": "Feature", "properties": { "dep_id": "10269238", "site_name": "Pioneer Placer", "dev_stat": "Occurrence", "code_list": " AU ", "target_commodity": "Gold", "lon": -111.56896, "lat": 46.3199 }, "geometry": { "type": "Point", "coordinates": [ -111.56896, 46.3199 ] } },
{ "type": "Feature", "properties": { "dep_id": "10269253", "site_name": "Eagle Dump", "dev_stat": "Occurrence", "code_list": " CU AU ", "target_commodity": "Gold", "lon": -111.47306, "lat": 46.6185 }, "geometry": { "type": "Point", "coordinates": [ -111.47306, 46.6185 ] } },
{ "type": "Feature", "properties": { "dep_id": "10269330", "site_name": "Midas", "dev_stat": "Past Producer", "code_list": " AU CU ", "target_commodity": "Gold", "lon": -111.66947, "lat": 46.4343 }, "geometry": { "type": "Point", "coordinates": [ -111.66947, 46.4343 ] } },
{ "type": "Feature", "properties": { "dep_id": "10269452", "site_name": "Avalanche Gulch", "dev_stat": "Prospect", "code_list": " AU ", "target_commodity": "Gold", "lon": -111.50896, "lat": 46.6943 }, "geometry": { "type": "Point", "coordinates": [ -111.50896, 46.6943 ] } },
{ "type": "Feature", "properties": { "dep_id": "10269467", "site_name": "Noon & Edna", "dev_stat": "Past Producer", "code_list": " AU CU ", "target_commodity": "Gold", "lon": -111.77647, "lat": 46.4505 }, "geometry": { "type": "Point", "coordinates": [ -111.77647, 46.4505 ] } },
{ "type": "Feature", "properties": { "dep_id": "10269481", "site_name": "A & E Placer", "dev_stat": "Past Producer", "code_list": " AU ", "target_commodity": "Gold", "lon": -111.67446, "lat": 46.3232 }, "geometry": { "type": "Point", "coordinates": [ -111.67446, 46.3232 ] } },
{ "type": "Feature", "properties": { "dep_id": "10269510", "site_name": "Bluebird Mine", "dev_stat": "Past Producer", "code_list": " PB AU ", "target_commodity": "Gold", "lon": -111.65006, "lat": 46.2891 }, "geometry": { "type": "Point", "coordinates": [ -111.65006, 46.2891 ] } },
{ "type": "Feature", "properties": { "dep_id": "10269545", "site_name": "Lonesome Pine Mine", "dev_stat": "Occurrence", "code_list": " AU AG ", "target_commodity": "Gold", "lon": -111.72477, "lat": 46.4427 }, "geometry": { "type": "Point", "coordinates": [ -111.72477, 46.4427 ] } },
{ "type": "Feature", "properties": { "dep_id": "10269547", "site_name": "Erickson=1,2,3 Mine", "dev_stat": "Occurrence", "code_list": " PB AU ", "target_commodity": "Gold", "lon": -111.65116, "lat": 46.3049 }, "geometry": { "type": "Point", "coordinates": [ -111.65116, 46.3049 ] } },
{ "type": "Feature", "properties": { "dep_id": "10269548", "site_name": "Blackhawk", "dev_stat": "Occurrence", "code_list": " AU CU ", "target_commodity": "Gold", "lon": -111.75476, "lat": 46.1007 }, "geometry": { "type": "Point", "coordinates": [ -111.75476, 46.1007 ] } },
{ "type": "Feature", "properties": { "dep_id": "10269550", "site_name": "Jumbo", "dev_stat": "Occurrence", "code_list": " AU AG ", "target_commodity": "Gold", "lon": -111.69256, "lat": 46.3313 }, "geometry": { "type": "Point", "coordinates": [ -111.69256, 46.3313 ] } },
{ "type": "Feature", "properties": { "dep_id": "10269558", "site_name": "Vinyard Copper Mine", "dev_stat": "Prospect", "code_list": " CU AU ", "target_commodity": "Gold", "lon": -111.64117, "lat": 46.6971 }, "geometry": { "type": "Point", "coordinates": [ -111.64117, 46.6971 ] } },
{ "type": "Feature", "properties": { "dep_id": "10269583", "site_name": "Ready Cash Gulch", "dev_stat": "Occurrence", "code_list": " AU ", "target_commodity": "Gold", "lon": -111.40256, "lat": 46.63301 }, "geometry": { "type": "Point", "coordinates": [ -111.40256, 46.63301 ] } },
{ "type": "Feature", "properties": { "dep_id": "10269668", "site_name": "Queen Property", "dev_stat": "Occurrence", "code_list": " CU AU ", "target_commodity": "Gold", "lon": -112.80529, "lat": 45.3999 }, "geometry": { "type": "Point", "coordinates": [ -112.80529, 45.3999 ] } },
{ "type": "Feature", "properties": { "dep_id": "10269717", "site_name": "Kolberg Mill", "dev_stat": "Plant", "code_list": " AU ", "target_commodity": "Gold", "lon": -111.50086, "lat": 46.1282 }, "geometry": { "type": "Point", "coordinates": [ -111.50086, 46.1282 ] } },
{ "type": "Feature", "properties": { "dep_id": "10269735", "site_name": "Gold Cross", "dev_stat": "Unknown", "code_list": " AU ", "target_commodity": "Gold", "lon": -111.68976, "lat": 46.1535 }, "geometry": { "type": "Point", "coordinates": [ -111.68976, 46.1535 ] } },
{ "type": "Feature", "properties": { "dep_id": "10269758", "site_name": "Sunrise", "dev_stat": "Past Producer", "code_list": " AU PB ", "target_commodity": "Gold", "lon": -111.69307, "lat": 46.413 }, "geometry": { "type": "Point", "coordinates": [ -111.69307, 46.413 ] } },
{ "type": "Feature", "properties": { "dep_id": "10269786", "site_name": "Avalanche Creek Placer", "dev_stat": "Occurrence", "code_list": " AU ", "target_commodity": "Gold", "lon": -111.48806, "lat": 46.7132 }, "geometry": { "type": "Point", "coordinates": [ -111.48806, 46.7132 ] } },
{ "type": "Feature", "properties": { "dep_id": "10269793", "site_name": "August Rust", "dev_stat": "Unknown", "code_list": " AU PB ", "target_commodity": "Gold", "lon": -111.73977, "lat": 46.4541 }, "geometry": { "type": "Point", "coordinates": [ -111.73977, 46.4541 ] } },
{ "type": "Feature", "properties": { "dep_id": "10269805", "site_name": "Diamond City Placer", "dev_stat": "Past Producer", "code_list": " AU ", "target_commodity": "Gold", "lon": -111.42256, "lat": 46.5977 }, "geometry": { "type": "Point", "coordinates": [ -111.42256, 46.5977 ] } },
{ "type": "Feature", "properties": { "dep_id": "10269853", "site_name": "Silverine and Wasp Lodes", "dev_stat": "Prospect", "code_list": " AU PB ", "target_commodity": "Gold", "lon": -111.74477, "lat": 46.2721 }, "geometry": { "type": "Point", "coordinates": [ -111.74477, 46.2721 ] } },
{ "type": "Feature", "properties": { "dep_id": "10269859", "site_name": "Dewdrop Group", "dev_stat": "Occurrence", "code_list": " AU ", "target_commodity": "Gold", "lon": -111.67276, "lat": 46.1893 }, "geometry": { "type": "Point", "coordinates": [ -111.67276, 46.1893 ] } },
{ "type": "Feature", "properties": { "dep_id": "10269874", "site_name": "Granite Hill #2", "dev_stat": "Past Producer", "code_list": " AU AG ", "target_commodity": "Gold", "lon": -111.50086, "lat": 46.4999 }, "geometry": { "type": "Point", "coordinates": [ -111.50086, 46.4999 ] } },
{ "type": "Feature", "properties": { "dep_id": "10269877", "site_name": "Warner Creek Prospect", "dev_stat": "Prospect", "code_list": " AU CU ", "target_commodity": "Gold", "lon": -111.79587, "lat": 46.2824 }, "geometry": { "type": "Point", "coordinates": [ -111.79587, 46.2824 ] } },
{ "type": "Feature", "properties": { "dep_id": "10269906", "site_name": "Sunrise Mine", "dev_stat": "Past Producer", "code_list": " AU PB ", "target_commodity": "Gold", "lon": -112.42059, "lat": 46.4593 }, "geometry": { "type": "Point", "coordinates": [ -112.42059, 46.4593 ] } },
{ "type": "Feature", "properties": { "dep_id": "10269919", "site_name": "Bo Gulch", "dev_stat": "Prospect", "code_list": " PB AU ", "target_commodity": "Gold", "lon": -112.01148, "lat": 46.3749 }, "geometry": { "type": "Point", "coordinates": [ -112.01148, 46.3749 ] } },
{ "type": "Feature", "properties": { "dep_id": "10269932", "site_name": "Red Rose", "dev_stat": "Past Producer", "code_list": " AU AG ", "target_commodity": "Gold", "lon": -111.80086, "lat": 45.5457 }, "geometry": { "type": "Point", "coordinates": [ -111.80086, 45.5457 ] } },
{ "type": "Feature", "properties": { "dep_id": "10269935", "site_name": "Vindicator", "dev_stat": "Past Producer", "code_list": " AU CU ", "target_commodity": "Gold", "lon": -112.28478, "lat": 46.3707 }, "geometry": { "type": "Point", "coordinates": [ -112.28478, 46.3707 ] } },
{ "type": "Feature", "properties": { "dep_id": "10269944", "site_name": "Iron Rod", "dev_stat": "Past Producer", "code_list": " AU PB ", "target_commodity": "Gold", "lon": -112.32197, "lat": 45.6546 }, "geometry": { "type": "Point", "coordinates": [ -112.32197, 45.6546 ] } },
{ "type": "Feature", "properties": { "dep_id": "10269953", "site_name": "Isabelle", "dev_stat": "Unknown", "code_list": " AU AG ", "target_commodity": "Gold", "lon": -112.16917, "lat": 45.5941 }, "geometry": { "type": "Point", "coordinates": [ -112.16917, 45.5941 ] } },
{ "type": "Feature", "properties": { "dep_id": "10269964", "site_name": "Crystal", "dev_stat": "Past Producer", "code_list": " AU AG ", "target_commodity": "Gold", "lon": -112.27648, "lat": 46.3443 }, "geometry": { "type": "Point", "coordinates": [ -112.27648, 46.3443 ] } },
{ "type": "Feature", "properties": { "dep_id": "10269990", "site_name": "Mascotte Mine", "dev_stat": "Past Producer", "code_list": " CU AU ", "target_commodity": "Gold", "lon": -112.5801, "lat": 46.7907 }, "geometry": { "type": "Point", "coordinates": [ -112.5801, 46.7907 ] } },
{ "type": "Feature", "properties": { "dep_id": "10269993", "site_name": "Doctor Steele Mine", "dev_stat": "Occurrence", "code_list": " AU PB ", "target_commodity": "Gold", "lon": -112.07528, "lat": 46.6443 }, "geometry": { "type": "Point", "coordinates": [ -112.07528, 46.6443 ] } },
{ "type": "Feature", "properties": { "dep_id": "10269997", "site_name": "Gold Plate", "dev_stat": "Past Producer", "code_list": " AU AG ", "target_commodity": "Gold", "lon": -111.52645, "lat": 45.63381 }, "geometry": { "type": "Point", "coordinates": [ -111.52645, 45.63381 ] } },
{ "type": "Feature", "properties": { "dep_id": "10270008", "site_name": "Kimball Mines", "dev_stat": "Unknown", "code_list": " AU PB ", "target_commodity": "Gold", "lon": -112.41759, "lat": 46.4621 }, "geometry": { "type": "Point", "coordinates": [ -112.41759, 46.4621 ] } },
{ "type": "Feature", "properties": { "dep_id": "10270011", "site_name": "Saturday Morning Prospect", "dev_stat": "Prospect", "code_list": " AU AG ", "target_commodity": "Gold", "lon": -112.56279, "lat": 46.393 }, "geometry": { "type": "Point", "coordinates": [ -112.56279, 46.393 ] } },
{ "type": "Feature", "properties": { "dep_id": "10270027", "site_name": "Camas Creek", "dev_stat": "Unknown", "code_list": " AU ", "target_commodity": "Gold", "lon": -111.19525, "lat": 46.64241 }, "geometry": { "type": "Point", "coordinates": [ -111.19525, 46.64241 ] } },
{ "type": "Feature", "properties": { "dep_id": "10270031", "site_name": "Blackbird Claim", "dev_stat": "Prospect", "code_list": " AU PB ", "target_commodity": "Gold", "lon": -111.92587, "lat": 46.2827 }, "geometry": { "type": "Point", "coordinates": [ -111.92587, 46.2827 ] } },
{ "type": "Feature", "properties": { "dep_id": "10270046", "site_name": "State Mine", "dev_stat": "Past Producer", "code_list": " AU CU ", "target_commodity": "Gold", "lon": -112.22448, "lat": 46.1046 }, "geometry": { "type": "Point", "coordinates": [ -112.22448, 46.1046 ] } },
{ "type": "Feature", "properties": { "dep_id": "10270048", "site_name": "Unnamed Surface Pit", "dev_stat": "Prospect", "code_list": " AU CU ", "target_commodity": "Gold", "lon": -112.21447, "lat": 45.5905 }, "geometry": { "type": "Point", "coordinates": [ -112.21447, 45.5905 ] } },
{ "type": "Feature", "properties": { "dep_id": "10270049", "site_name": "Lost Horse Creek", "dev_stat": "Occurrence", "code_list": " AU ", "target_commodity": "Gold", "lon": -112.34229, "lat": 46.7532 }, "geometry": { "type": "Point", "coordinates": [ -112.34229, 46.7532 ] } },
{ "type": "Feature", "properties": { "dep_id": "10270063", "site_name": "Twin City Mining and Milling Co.", "dev_stat": "Past Producer", "code_list": " AU CU ", "target_commodity": "Gold", "lon": -112.33059, "lat": 46.4738 }, "geometry": { "type": "Point", "coordinates": [ -112.33059, 46.4738 ] } },
{ "type": "Feature", "properties": { "dep_id": "10270070", "site_name": "Basin Jibe Mine", "dev_stat": "Unknown", "code_list": " AU CU ", "target_commodity": "Gold", "lon": -112.27448, "lat": 46.273 }, "geometry": { "type": "Point", "coordinates": [ -112.27448, 46.273 ] } },
{ "type": "Feature", "properties": { "dep_id": "10270071", "site_name": "Mill Creek Placer", "dev_stat": "Prospect", "code_list": " AU ", "target_commodity": "Gold", "lon": -112.08416, "lat": 45.4791 }, "geometry": { "type": "Point", "coordinates": [ -112.08416, 45.4791 ] } },
{ "type": "Feature", "properties": { "dep_id": "10270076", "site_name": "Blue Grouse Mine", "dev_stat": "Unknown", "code_list": " AU CU ", "target_commodity": "Gold", "lon": -112.10087, "lat": 45.7793 }, "geometry": { "type": "Point", "coordinates": [ -112.10087, 45.7793 ] } },
{ "type": "Feature", "properties": { "dep_id": "10270078", "site_name": "Andretti Mine", "dev_stat": "Past Producer", "code_list": " AU AG ", "target_commodity": "Gold", "lon": -111.98528, "lat": 46.4649 }, "geometry": { "type": "Point", "coordinates": [ -111.98528, 46.4649 ] } },
{ "type": "Feature", "properties": { "dep_id": "10270082", "site_name": "Falcon Prospect", "dev_stat": "Prospect", "code_list": " AU CU ", "target_commodity": "Gold", "lon": -112.20667, "lat": 45.5288 }, "geometry": { "type": "Point", "coordinates": [ -112.20667, 45.5288 ] } },
{ "type": "Feature", "properties": { "dep_id": "10270090", "site_name": "Gold Bug Mine", "dev_stat": "Past Producer", "code_list": " AU ", "target_commodity": "Gold", "lon": -112.39588, "lat": 45.9532 }, "geometry": { "type": "Point", "coordinates": [ -112.39588, 45.9532 ] } },
{ "type": "Feature", "properties": { "dep_id": "10270095", "site_name": "Krueger North Adit", "dev_stat": "Prospect", "code_list": " AU CU ", "target_commodity": "Gold", "lon": -112.21527, "lat": 45.5732 }, "geometry": { "type": "Point", "coordinates": [ -112.21527, 45.5732 ] } },
{ "type": "Feature", "properties": { "dep_id": "10270099", "site_name": "Oregon", "dev_stat": "Prospect", "code_list": " AU ", "target_commodity": "Gold", "lon": -111.95476, "lat": 45.6599 }, "geometry": { "type": "Point", "coordinates": [ -111.95476, 45.6599 ] } },
{ "type": "Feature", "properties": { "dep_id": "10270101", "site_name": "Molly Mc Gregor", "dev_stat": "Past Producer", "code_list": " AU PB ", "target_commodity": "Gold", "lon": -112.15118, "lat": 46.2927 }, "geometry": { "type": "Point", "coordinates": [ -112.15118, 46.2927 ] } },
{ "type": "Feature", "properties": { "dep_id": "10270104", "site_name": "Little Goldie", "dev_stat": "Past Producer", "code_list": " AU AG ", "target_commodity": "Gold", "lon": -112.16447, "lat": 45.5643 }, "geometry": { "type": "Point", "coordinates": [ -112.16447, 45.5643 ] } },
{ "type": "Feature", "properties": { "dep_id": "10270119", "site_name": "U.S. Gold Corp.", "dev_stat": "Past Producer", "code_list": " CU AU ", "target_commodity": "Gold", "lon": -112.13117, "lat": 45.5938 }, "geometry": { "type": "Point", "coordinates": [ -112.13117, 45.5938 ] } },
{ "type": "Feature", "properties": { "dep_id": "10270124", "site_name": "Grubstake", "dev_stat": "Past Producer", "code_list": " AU AG ", "target_commodity": "Gold", "lon": -111.64195, "lat": 45.5563 }, "geometry": { "type": "Point", "coordinates": [ -111.64195, 45.5563 ] } },
{ "type": "Feature", "properties": { "dep_id": "10270137", "site_name": "Montana Mine", "dev_stat": "Past Producer", "code_list": " AU CU ", "target_commodity": "Gold", "lon": -112.12527, "lat": 45.5749 }, "geometry": { "type": "Point", "coordinates": [ -112.12527, 45.5749 ] } },
{ "type": "Feature", "properties": { "dep_id": "10270161", "site_name": "Jupitor", "dev_stat": "Past Producer", "code_list": " AU ", "target_commodity": "Gold", "lon": -112.29398, "lat": 45.8813 }, "geometry": { "type": "Point", "coordinates": [ -112.29398, 45.8813 ] } },
{ "type": "Feature", "properties": { "dep_id": "10270162", "site_name": "Emperor", "dev_stat": "Prospect", "code_list": " AG AU ", "target_commodity": "Gold", "lon": -111.78556, "lat": 45.5327 }, "geometry": { "type": "Point", "coordinates": [ -111.78556, 45.5327 ] } },
{ "type": "Feature", "properties": { "dep_id": "10270164", "site_name": "Winston Brothers", "dev_stat": "Prospect", "code_list": " AU ", "target_commodity": "Gold", "lon": -112.02758, "lat": 46.3821 }, "geometry": { "type": "Point", "coordinates": [ -112.02758, 46.3821 ] } },
{ "type": "Feature", "properties": { "dep_id": "10270168", "site_name": "Heagen", "dev_stat": "Past Producer", "code_list": " AU FE ", "target_commodity": "Gold", "lon": -111.94977, "lat": 46.2807 }, "geometry": { "type": "Point", "coordinates": [ -111.94977, 46.2807 ] } },
{ "type": "Feature", "properties": { "dep_id": "10270181", "site_name": "Cave Gulch", "dev_stat": "Past Producer", "code_list": " AU ", "target_commodity": "Gold", "lon": -111.69947, "lat": 46.6527 }, "geometry": { "type": "Point", "coordinates": [ -111.69947, 46.6527 ] } },
{ "type": "Feature", "properties": { "dep_id": "10270186", "site_name": "Elkhorn-Buckhorn", "dev_stat": "Prospect", "code_list": " SIL AU ", "target_commodity": "Gold", "lon": -112.60089, "lat": 45.8235 }, "geometry": { "type": "Point", "coordinates": [ -112.60089, 45.8235 ] } },
{ "type": "Feature", "properties": { "dep_id": "10270202", "site_name": "Surprise Mine", "dev_stat": "Past Producer", "code_list": " AU AG ", "target_commodity": "Gold", "lon": -111.92306, "lat": 45.8091 }, "geometry": { "type": "Point", "coordinates": [ -111.92306, 45.8091 ] } },
{ "type": "Feature", "properties": { "dep_id": "10270204", "site_name": "Alameda-Wakoosta Mine", "dev_stat": "Past Producer", "code_list": " AU AG ", "target_commodity": "Gold", "lon": -111.95506, "lat": 45.2835 }, "geometry": { "type": "Point", "coordinates": [ -111.95506, 45.2835 ] } },
{ "type": "Feature", "properties": { "dep_id": "10270207", "site_name": "Helena Mine", "dev_stat": "Past Producer", "code_list": " AU PB ", "target_commodity": "Gold", "lon": -112.11508, "lat": 46.6238 }, "geometry": { "type": "Point", "coordinates": [ -112.11508, 46.6238 ] } },
{ "type": "Feature", "properties": { "dep_id": "10270208", "site_name": "Cataract Creek Placer", "dev_stat": "Past Producer", "code_list": " AU ", "target_commodity": "Gold", "lon": -112.22088, "lat": 46.3666 }, "geometry": { "type": "Point", "coordinates": [ -112.22088, 46.3666 ] } },
{ "type": "Feature", "properties": { "dep_id": "10270213", "site_name": "Ry & K Mine", "dev_stat": "Prospect", "code_list": " AU AG ", "target_commodity": "Gold", "lon": -111.80646, "lat": 45.6046 }, "geometry": { "type": "Point", "coordinates": [ -111.80646, 45.6046 ] } },
{ "type": "Feature", "properties": { "dep_id": "10270219", "site_name": "Ding Bat", "dev_stat": "Prospect", "code_list": " AU ", "target_commodity": "Gold", "lon": -112.58449, "lat": 46.3768 }, "geometry": { "type": "Point", "coordinates": [ -112.58449, 46.3768 ] } },
{ "type": "Feature", "properties": { "dep_id": "10270225", "site_name": "Mayflower", "dev_stat": "Unknown", "code_list": " AU PB ", "target_commodity": "Gold", "lon": -112.11198, "lat": 46.316 }, "geometry": { "type": "Point", "coordinates": [ -112.11198, 46.316 ] } },
{ "type": "Feature", "properties": { "dep_id": "10270230", "site_name": "Bullion", "dev_stat": "Past Producer", "code_list": " PB AU ", "target_commodity": "Gold", "lon": -112.29308, "lat": 46.3543 }, "geometry": { "type": "Point", "coordinates": [ -112.29308, 46.3543 ] } },
{ "type": "Feature", "properties": { "dep_id": "10270238", "site_name": "Aurora Gulch Placer", "dev_stat": "Past Producer", "code_list": " AU ", "target_commodity": "Gold", "lon": -111.83416, "lat": 45.5021 }, "geometry": { "type": "Point", "coordinates": [ -111.83416, 45.5021 ] } },
{ "type": "Feature", "properties": { "dep_id": "10270239", "site_name": "West Ridge Prospect", "dev_stat": "Prospect", "code_list": " AU ", "target_commodity": "Gold", "lon": -111.89527, "lat": 46.3555 }, "geometry": { "type": "Point", "coordinates": [ -111.89527, 46.3555 ] } },
{ "type": "Feature", "properties": { "dep_id": "10270257", "site_name": "Ella Mine", "dev_stat": "Past Producer", "code_list": " AU MN ", "target_commodity": "Gold", "lon": -112.08838, "lat": 46.678 }, "geometry": { "type": "Point", "coordinates": [ -112.08838, 46.678 ] } },
{ "type": "Feature", "properties": { "dep_id": "10270269", "site_name": "Keystone", "dev_stat": "Past Producer", "code_list": " AU AG ", "target_commodity": "Gold", "lon": -112.53809, "lat": 46.0127 }, "geometry": { "type": "Point", "coordinates": [ -112.53809, 46.0127 ] } },
{ "type": "Feature", "properties": { "dep_id": "10270280", "site_name": "Golden Crown", "dev_stat": "Past Producer", "code_list": " AU CU ", "target_commodity": "Gold", "lon": -112.08418, "lat": 46.6849 }, "geometry": { "type": "Point", "coordinates": [ -112.08418, 46.6849 ] } },
{ "type": "Feature", "properties": { "dep_id": "10270281", "site_name": "Perry Parks Placer", "dev_stat": "Past Producer", "code_list": " AU ", "target_commodity": "Gold", "lon": -112.30089, "lat": 46.4013 }, "geometry": { "type": "Point", "coordinates": [ -112.30089, 46.4013 ] } },
{ "type": "Feature", "properties": { "dep_id": "10270285", "site_name": "Mastodon Prospect", "dev_stat": "Prospect", "code_list": " AU AG ", "target_commodity": "Gold", "lon": -111.90007, "lat": 46.3616 }, "geometry": { "type": "Point", "coordinates": [ -111.90007, 46.3616 ] } },
{ "type": "Feature", "properties": { "dep_id": "10270287", "site_name": "Elk Creek", "dev_stat": "Unknown", "code_list": " AU ", "target_commodity": "Gold", "lon": -111.25726, "lat": 46.64321 }, "geometry": { "type": "Point", "coordinates": [ -111.25726, 46.64321 ] } },
{ "type": "Feature", "properties": { "dep_id": "10270292", "site_name": "Plainview", "dev_stat": "Prospect", "code_list": " AU AG ", "target_commodity": "Gold", "lon": -112.23147, "lat": 45.5516 }, "geometry": { "type": "Point", "coordinates": [ -112.23147, 45.5516 ] } },
{ "type": "Feature", "properties": { "dep_id": "10270301", "site_name": "Cibola Viii", "dev_stat": "Past Producer", "code_list": " AU ", "target_commodity": "Gold", "lon": -111.73615, "lat": 45.4557 }, "geometry": { "type": "Point", "coordinates": [ -111.73615, 45.4557 ] } },
{ "type": "Feature", "properties": { "dep_id": "10270303", "site_name": "Channel Gold Mines, Ltd.", "dev_stat": "Unknown", "code_list": " AU AG ", "target_commodity": "Gold", "lon": -112.34899, "lat": 46.7293 }, "geometry": { "type": "Point", "coordinates": [ -112.34899, 46.7293 ] } },
{ "type": "Feature", "properties": { "dep_id": "10270309", "site_name": "Last Chance", "dev_stat": "Unknown", "code_list": " AU CU ", "target_commodity": "Gold", "lon": -111.84027, "lat": 46.5224 }, "geometry": { "type": "Point", "coordinates": [ -111.84027, 46.5224 ] } },
{ "type": "Feature", "properties": { "dep_id": "10270312", "site_name": "Cirtel Mine", "dev_stat": "Past Producer", "code_list": " AU ", "target_commodity": "Gold", "lon": -111.93666, "lat": 45.2927 }, "geometry": { "type": "Point", "coordinates": [ -111.93666, 45.2927 ] } },
{ "type": "Feature", "properties": { "dep_id": "10270315", "site_name": "Chile", "dev_stat": "Past Producer", "code_list": " AU ", "target_commodity": "Gold", "lon": -111.78196, "lat": 45.7577 }, "geometry": { "type": "Point", "coordinates": [ -111.78196, 45.7577 ] } },
{ "type": "Feature", "properties": { "dep_id": "10270318", "site_name": "Independence Mine", "dev_stat": "Unknown", "code_list": " AU PB ", "target_commodity": "Gold", "lon": -112.23118, "lat": 46.2863 }, "geometry": { "type": "Point", "coordinates": [ -112.23118, 46.2863 ] } },
{ "type": "Feature", "properties": { "dep_id": "10270320", "site_name": "Ridgeway Mine", "dev_stat": "Prospect", "code_list": " AU AG ", "target_commodity": "Gold", "lon": -111.95776, "lat": 45.6721 }, "geometry": { "type": "Point", "coordinates": [ -111.95776, 45.6721 ] } },
{ "type": "Feature", "properties": { "dep_id": "10270329", "site_name": "Klondike Mine", "dev_stat": "Past Producer", "code_list": " AU CU ", "target_commodity": "Gold", "lon": -112.09087, "lat": 45.5977 }, "geometry": { "type": "Point", "coordinates": [ -112.09087, 45.5977 ] } },
{ "type": "Feature", "properties": { "dep_id": "10270331", "site_name": "Eula Mine", "dev_stat": "Unknown", "code_list": " AU AG ", "target_commodity": "Gold", "lon": -112.05148, "lat": 46.5502 }, "geometry": { "type": "Point", "coordinates": [ -112.05148, 46.5502 ] } },
{ "type": "Feature", "properties": { "dep_id": "10270347", "site_name": "Clipper Mine", "dev_stat": "Past Producer", "code_list": " AU CU ", "target_commodity": "Gold", "lon": -112.33368, "lat": 45.6707 }, "geometry": { "type": "Point", "coordinates": [ -112.33368, 45.6707 ] } },
{ "type": "Feature", "properties": { "dep_id": "10270360", "site_name": "Bumblebee Mine", "dev_stat": "Past Producer", "code_list": " AU CU ", "target_commodity": "Gold", "lon": -112.5056, "lat": 46.6999 }, "geometry": { "type": "Point", "coordinates": [ -112.5056, 46.6999 ] } },
{ "type": "Feature", "properties": { "dep_id": "10270361", "site_name": "Greenback Mine", "dev_stat": "Past Producer", "code_list": " AG AU ", "target_commodity": "Gold", "lon": -111.96166, "lat": 45.2157 }, "geometry": { "type": "Point", "coordinates": [ -111.96166, 45.2157 ] } },
{ "type": "Feature", "properties": { "dep_id": "10270364", "site_name": "Helios Mine", "dev_stat": "Prospect", "code_list": " AU AG ", "target_commodity": "Gold", "lon": -112.10917, "lat": 45.5205 }, "geometry": { "type": "Point", "coordinates": [ -112.10917, 45.5205 ] } },
{ "type": "Feature", "properties": { "dep_id": "10270365", "site_name": "Broadway", "dev_stat": "Past Producer", "code_list": " AU AG ", "target_commodity": "Gold", "lon": -112.31508, "lat": 45.698 }, "geometry": { "type": "Point", "coordinates": [ -112.31508, 45.698 ] } },
{ "type": "Feature", "properties": { "dep_id": "10270367", "site_name": "Ontario", "dev_stat": "Past Producer", "code_list": " AU ", "target_commodity": "Gold", "lon": -112.34059, "lat": 46.4291 }, "geometry": { "type": "Point", "coordinates": [ -112.34059, 46.4291 ] } },
{ "type": "Feature", "properties": { "dep_id": "10270370", "site_name": "Infinite", "dev_stat": "Past Producer", "code_list": " AU AG ", "target_commodity": "Gold", "lon": -112.44759, "lat": 46.2757 }, "geometry": { "type": "Point", "coordinates": [ -112.44759, 46.2757 ] } },
{ "type": "Feature", "properties": { "dep_id": "10270385", "site_name": "Pay Day Group", "dev_stat": "Past Producer", "code_list": " AU AG ", "target_commodity": "Gold", "lon": -112.02417, "lat": 45.9252 }, "geometry": { "type": "Point", "coordinates": [ -112.02417, 45.9252 ] } },
{ "type": "Feature", "properties": { "dep_id": "10270391", "site_name": "Denver Mine", "dev_stat": "Past Producer", "code_list": " AG AU ", "target_commodity": "Gold", "lon": -112.5434, "lat": 46.6813 }, "geometry": { "type": "Point", "coordinates": [ -112.5434, 46.6813 ] } },
{ "type": "Feature", "properties": { "dep_id": "10270393", "site_name": "Golden Link", "dev_stat": "Unknown", "code_list": " AU AG ", "target_commodity": "Gold", "lon": -111.78526, "lat": 45.6002 }, "geometry": { "type": "Point", "coordinates": [ -111.78526, 45.6002 ] } },
{ "type": "Feature", "properties": { "dep_id": "10270394", "site_name": "Ophir Creek", "dev_stat": "Unknown", "code_list": " AU ", "target_commodity": "Gold", "lon": -112.5467, "lat": 46.7207 }, "geometry": { "type": "Point", "coordinates": [ -112.5467, 46.7207 ] } },
{ "type": "Feature", "properties": { "dep_id": "10270400", "site_name": "Big Foot", "dev_stat": "Occurrence", "code_list": " PB AU ", "target_commodity": "Gold", "lon": -112.20868, "lat": 46.0968 }, "geometry": { "type": "Point", "coordinates": [ -112.20868, 46.0968 ] } },
{ "type": "Feature", "properties": { "dep_id": "10270402", "site_name": "Sunrise Mine", "dev_stat": "Past Producer", "code_list": " AU AG ", "target_commodity": "Gold", "lon": -112.43029, "lat": 46.5621 }, "geometry": { "type": "Point", "coordinates": [ -112.43029, 46.5621 ] } },
{ "type": "Feature", "properties": { "dep_id": "10270415", "site_name": "North Butte", "dev_stat": "Unknown", "code_list": " CU AU ", "target_commodity": "Gold", "lon": -112.46258, "lat": 46.0102 }, "geometry": { "type": "Point", "coordinates": [ -112.46258, 46.0102 ] } },
{ "type": "Feature", "properties": { "dep_id": "10270419", "site_name": "Olympic #2", "dev_stat": "Occurrence", "code_list": " AU ", "target_commodity": "Gold", "lon": -112.5762, "lat": 46.7882 }, "geometry": { "type": "Point", "coordinates": [ -112.5762, 46.7882 ] } },
{ "type": "Feature", "properties": { "dep_id": "10270420", "site_name": "Daisy Lode Mine", "dev_stat": "Occurrence", "code_list": " AU ", "target_commodity": "Gold", "lon": -111.69307, "lat": 46.726 }, "geometry": { "type": "Point", "coordinates": [ -111.69307, 46.726 ] } },
{ "type": "Feature", "properties": { "dep_id": "10270423", "site_name": "Urhane", "dev_stat": "Past Producer", "code_list": " AU AG ", "target_commodity": "Gold", "lon": -112.20007, "lat": 45.5655 }, "geometry": { "type": "Point", "coordinates": [ -112.20007, 45.5655 ] } },
{ "type": "Feature", "properties": { "dep_id": "10270425", "site_name": "Tom Mcmillin", "dev_stat": "Past Producer", "code_list": " AU ", "target_commodity": "Gold", "lon": -111.20645, "lat": 46.52071 }, "geometry": { "type": "Point", "coordinates": [ -111.20645, 46.52071 ] } },
{ "type": "Feature", "properties": { "dep_id": "10270428", "site_name": "Bayles", "dev_stat": "Past Producer", "code_list": " AU CU ", "target_commodity": "Gold", "lon": -111.62755, "lat": 45.5618 }, "geometry": { "type": "Point", "coordinates": [ -111.62755, 45.5618 ] } },
{ "type": "Feature", "properties": { "dep_id": "10270430", "site_name": "Wilson Creek & Crow Creek", "dev_stat": "Past Producer", "code_list": " AU ", "target_commodity": "Gold", "lon": -111.82307, "lat": 46.3499 }, "geometry": { "type": "Point", "coordinates": [ -111.82307, 46.3499 ] } },
{ "type": "Feature", "properties": { "dep_id": "10270432", "site_name": "Little Lilly", "dev_stat": "Past Producer", "code_list": " AU ", "target_commodity": "Gold", "lon": -112.24479, "lat": 46.4868 }, "geometry": { "type": "Point", "coordinates": [ -112.24479, 46.4868 ] } },
{ "type": "Feature", "properties": { "dep_id": "10270435", "site_name": "Sparrow Placer", "dev_stat": "Unknown", "code_list": " AU ", "target_commodity": "Gold", "lon": -112.00866, "lat": 45.4438 }, "geometry": { "type": "Point", "coordinates": [ -112.00866, 45.4438 ] } },
{ "type": "Feature", "properties": { "dep_id": "10270440", "site_name": "Unnamed Mine", "dev_stat": "Prospect", "code_list": " AU PB ", "target_commodity": "Gold", "lon": -111.90056, "lat": 45.4688 }, "geometry": { "type": "Point", "coordinates": [ -111.90056, 45.4688 ] } },
{ "type": "Feature", "properties": { "dep_id": "10270445", "site_name": "Big Bonanza", "dev_stat": "Past Producer", "code_list": " AU ", "target_commodity": "Gold", "lon": -112.49058, "lat": 45.6363 }, "geometry": { "type": "Point", "coordinates": [ -112.49058, 45.6363 ] } },
{ "type": "Feature", "properties": { "dep_id": "10270448", "site_name": "Climax Apex Lode Group", "dev_stat": "Past Producer", "code_list": " AU AG ", "target_commodity": "Gold", "lon": -112.63509, "lat": 45.8638 }, "geometry": { "type": "Point", "coordinates": [ -112.63509, 45.8638 ] } },
{ "type": "Feature", "properties": { "dep_id": "10270449", "site_name": "Homestake Shaft, Mt Washington Mine", "dev_stat": "Past Producer", "code_list": " AU CU ", "target_commodity": "Gold", "lon": -112.14478, "lat": 46.3566 }, "geometry": { "type": "Point", "coordinates": [ -112.14478, 46.3566 ] } },
{ "type": "Feature", "properties": { "dep_id": "10270452", "site_name": "Unnamed Gold and Silver", "dev_stat": "Occurrence", "code_list": " AU AG ", "target_commodity": "Gold", "lon": -112.68559, "lat": 46.0277 }, "geometry": { "type": "Point", "coordinates": [ -112.68559, 46.0277 ] } },
{ "type": "Feature", "properties": { "dep_id": "10270456", "site_name": "Dobler Mine", "dev_stat": "Past Producer", "code_list": " AU PB ", "target_commodity": "Gold", "lon": -111.76917, "lat": 46.5216 }, "geometry": { "type": "Point", "coordinates": [ -111.76917, 46.5216 ] } },
{ "type": "Feature", "properties": { "dep_id": "10270462", "site_name": "Unnamed Mine", "dev_stat": "Prospect", "code_list": " AU AG ", "target_commodity": "Gold", "lon": -111.92526, "lat": 45.4957 }, "geometry": { "type": "Point", "coordinates": [ -111.92526, 45.4957 ] } },
{ "type": "Feature", "properties": { "dep_id": "10270469", "site_name": "Lady Luck", "dev_stat": "Past Producer", "code_list": " AU ", "target_commodity": "Gold", "lon": -112.08278, "lat": 46.5516 }, "geometry": { "type": "Point", "coordinates": [ -112.08278, 46.5516 ] } },
{ "type": "Feature", "properties": { "dep_id": "10270484", "site_name": "Snowshoe Creek", "dev_stat": "Unknown", "code_list": " AU ", "target_commodity": "Gold", "lon": -112.5137, "lat": 46.6116 }, "geometry": { "type": "Point", "coordinates": [ -112.5137, 46.6116 ] } },
{ "type": "Feature", "properties": { "dep_id": "10270487", "site_name": "Julia Lee Mine", "dev_stat": "Unknown", "code_list": " AG AU ", "target_commodity": "Gold", "lon": -112.39118, "lat": 45.6771 }, "geometry": { "type": "Point", "coordinates": [ -112.39118, 45.6771 ] } },
{ "type": "Feature", "properties": { "dep_id": "10270504", "site_name": "Highland", "dev_stat": "Past Producer", "code_list": " AU AG ", "target_commodity": "Gold", "lon": -112.28088, "lat": 46.2802 }, "geometry": { "type": "Point", "coordinates": [ -112.28088, 46.2802 ] } },
{ "type": "Feature", "properties": { "dep_id": "10270517", "site_name": "Belle", "dev_stat": "Past Producer", "code_list": " AU PB ", "target_commodity": "Gold", "lon": -111.84587, "lat": 46.3646 }, "geometry": { "type": "Point", "coordinates": [ -111.84587, 46.3646 ] } },
{ "type": "Feature", "properties": { "dep_id": "10270519", "site_name": "California Creek Placer", "dev_stat": "Past Producer", "code_list": " AU ", "target_commodity": "Gold", "lon": -112.05446, "lat": 45.3832 }, "geometry": { "type": "Point", "coordinates": [ -112.05446, 45.3832 ] } },
{ "type": "Feature", "properties": { "dep_id": "10270521", "site_name": "Beaverhead National Forest", "dev_stat": "Past Producer", "code_list": " PB AU ", "target_commodity": "Gold", "lon": -111.90416, "lat": 45.4782 }, "geometry": { "type": "Point", "coordinates": [ -111.90416, 45.4782 ] } },
{ "type": "Feature", "properties": { "dep_id": "10270528", "site_name": "Bonanza", "dev_stat": "Past Producer", "code_list": " AU ", "target_commodity": "Gold", "lon": -112.57089, "lat": 46.3796 }, "geometry": { "type": "Point", "coordinates": [ -112.57089, 46.3796 ] } },
{ "type": "Feature", "properties": { "dep_id": "10270532", "site_name": "Dry Georgia Gulch", "dev_stat": "Past Producer", "code_list": " AU ", "target_commodity": "Gold", "lon": -112.19417, "lat": 45.5482 }, "geometry": { "type": "Point", "coordinates": [ -112.19417, 45.5482 ] } },
{ "type": "Feature", "properties": { "dep_id": "10270537", "site_name": "Unnamed Placer Mine", "dev_stat": "Unknown", "code_list": " AU ", "target_commodity": "Gold", "lon": -112.09258, "lat": 46.5646 }, "geometry": { "type": "Point", "coordinates": [ -112.09258, 46.5646 ] } },
{ "type": "Feature", "properties": { "dep_id": "10270540", "site_name": "Greater Montana Mine", "dev_stat": "Unknown", "code_list": " AG AU ", "target_commodity": "Gold", "lon": -112.43478, "lat": 46.0277 }, "geometry": { "type": "Point", "coordinates": [ -112.43478, 46.0277 ] } },
{ "type": "Feature", "properties": { "dep_id": "10270547", "site_name": "Alameda and Bamboo Chief", "dev_stat": "Past Producer", "code_list": " AU PB ", "target_commodity": "Gold", "lon": -111.95866, "lat": 45.2821 }, "geometry": { "type": "Point", "coordinates": [ -111.95866, 45.2821 ] } },
{ "type": "Feature", "properties": { "dep_id": "10270549", "site_name": "General Mine", "dev_stat": "Past Producer", "code_list": " AU AG ", "target_commodity": "Gold", "lon": -112.25529, "lat": 46.4616 }, "geometry": { "type": "Point", "coordinates": [ -112.25529, 46.4616 ] } },
{ "type": "Feature", "properties": { "dep_id": "10270558", "site_name": "Bivens Creek Placer", "dev_stat": "Past Producer", "code_list": " AU ", "target_commodity": "Gold", "lon": -112.08416, "lat": 45.3946 }, "geometry": { "type": "Point", "coordinates": [ -112.08416, 45.3946 ] } },
{ "type": "Feature", "properties": { "dep_id": "10270562", "site_name": "Anna", "dev_stat": "Unknown", "code_list": " AG AU ", "target_commodity": "Gold", "lon": -112.56029, "lat": 45.9827 }, "geometry": { "type": "Point", "coordinates": [ -112.56029, 45.9827 ] } },
{ "type": "Feature", "properties": { "dep_id": "10270569", "site_name": "Argenta Adit 1", "dev_stat": "Prospect", "code_list": " PB AU ", "target_commodity": "Gold", "lon": -112.17897, "lat": 45.5505 }, "geometry": { "type": "Point", "coordinates": [ -112.17897, 45.5505 ] } },
{ "type": "Feature", "properties": { "dep_id": "10270573", "site_name": "Leroy Quartz Lode", "dev_stat": "Occurrence", "code_list": " AU AG ", "target_commodity": "Gold", "lon": -111.95617, "lat": 46.2235 }, "geometry": { "type": "Point", "coordinates": [ -111.95617, 46.2235 ] } },
{ "type": "Feature", "properties": { "dep_id": "10270578", "site_name": "Moonlight Mine", "dev_stat": "Past Producer", "code_list": " AU ", "target_commodity": "Gold", "lon": -112.46868, "lat": 45.8016 }, "geometry": { "type": "Point", "coordinates": [ -112.46868, 45.8016 ] } },
{ "type": "Feature", "properties": { "dep_id": "10270579", "site_name": "Golden Anchor", "dev_stat": "Past Producer", "code_list": " AU AG PB ", "target_commodity": "Gold", "lon": -112.41309, "lat": 46.4774 }, "geometry": { "type": "Point", "coordinates": [ -112.41309, 46.4774 ] } },
{ "type": "Feature", "properties": { "dep_id": "10270583", "site_name": "Mccarthy Creek Placer", "dev_stat": "Occurrence", "code_list": " AU ", "target_commodity": "Gold", "lon": -112.61758, "lat": 45.5766 }, "geometry": { "type": "Point", "coordinates": [ -112.61758, 45.5766 ] } },
{ "type": "Feature", "properties": { "dep_id": "10270584", "site_name": "Magpie Gulch", "dev_stat": "Past Producer", "code_list": " AU ", "target_commodity": "Gold", "lon": -111.66087, "lat": 46.6602 }, "geometry": { "type": "Point", "coordinates": [ -111.66087, 46.6602 ] } },
{ "type": "Feature", "properties": { "dep_id": "10270589", "site_name": "Copper Czar Mine", "dev_stat": "Past Producer", "code_list": " CU AU ", "target_commodity": "Gold", "lon": -112.45588, "lat": 46.0124 }, "geometry": { "type": "Point", "coordinates": [ -112.45588, 46.0124 ] } },
{ "type": "Feature", "properties": { "dep_id": "10270593", "site_name": "Lee Mountain", "dev_stat": "Past Producer", "code_list": " AU ", "target_commodity": "Gold", "lon": -112.24949, "lat": 46.4852 }, "geometry": { "type": "Point", "coordinates": [ -112.24949, 46.4852 ] } },
{ "type": "Feature", "properties": { "dep_id": "10270596", "site_name": "Snowbank", "dev_stat": "Past Producer", "code_list": " AU ", "target_commodity": "Gold", "lon": -111.23505, "lat": 46.50821 }, "geometry": { "type": "Point", "coordinates": [ -111.23505, 46.50821 ] } },
{ "type": "Feature", "properties": { "dep_id": "10270607", "site_name": "Road Junction Prospect", "dev_stat": "Occurrence", "code_list": " AU AG ", "target_commodity": "Gold", "lon": -111.89727, "lat": 46.3502 }, "geometry": { "type": "Point", "coordinates": [ -111.89727, 46.3502 ] } },
{ "type": "Feature", "properties": { "dep_id": "10270617", "site_name": "Ben Harrison Fraction", "dev_stat": "Past Producer", "code_list": " AU CU ", "target_commodity": "Gold", "lon": -111.97116, "lat": 45.6491 }, "geometry": { "type": "Point", "coordinates": [ -111.97116, 45.6491 ] } },
{ "type": "Feature", "properties": { "dep_id": "10270630", "site_name": "Spanish Creek Res. Study", "dev_stat": "Prospect", "code_list": " AU TI ", "target_commodity": "Gold", "lon": -111.27304, "lat": 45.49301 }, "geometry": { "type": "Point", "coordinates": [ -111.27304, 45.49301 ] } },
{ "type": "Feature", "properties": { "dep_id": "10270631", "site_name": "Trapper Jim Prospects", "dev_stat": "Prospect", "code_list": " AU AG ", "target_commodity": "Gold", "lon": -112.38839, "lat": 46.4218 }, "geometry": { "type": "Point", "coordinates": [ -112.38839, 46.4218 ] } },
{ "type": "Feature", "properties": { "dep_id": "10270635", "site_name": "Unnamed", "dev_stat": "Unknown", "code_list": " AU CU ", "target_commodity": "Gold", "lon": -112.00085, "lat": 45.4168 }, "geometry": { "type": "Point", "coordinates": [ -112.00085, 45.4168 ] } },
{ "type": "Feature", "properties": { "dep_id": "10270643", "site_name": "Buster", "dev_stat": "Occurrence", "code_list": " AU AG ", "target_commodity": "Gold", "lon": -112.26728, "lat": 46.2788 }, "geometry": { "type": "Point", "coordinates": [ -112.26728, 46.2788 ] } },
{ "type": "Feature", "properties": { "dep_id": "10270647", "site_name": "Bismuth Prospect", "dev_stat": "Prospect", "code_list": " AU CU ", "target_commodity": "Gold", "lon": -112.19917, "lat": 45.5638 }, "geometry": { "type": "Point", "coordinates": [ -112.19917, 45.5638 ] } },
{ "type": "Feature", "properties": { "dep_id": "10270653", "site_name": "Revenue Mine North Shaft", "dev_stat": "Past Producer", "code_list": " AU CU ", "target_commodity": "Gold", "lon": -111.77055, "lat": 45.5341 }, "geometry": { "type": "Point", "coordinates": [ -111.77055, 45.5341 ] } },
{ "type": "Feature", "properties": { "dep_id": "10270661", "site_name": "Humbolt", "dev_stat": "Past Producer", "code_list": " AU AG ", "target_commodity": "Gold", "lon": -112.35668, "lat": 46.026 }, "geometry": { "type": "Point", "coordinates": [ -112.35668, 46.026 ] } },
{ "type": "Feature", "properties": { "dep_id": "10270675", "site_name": "Newburgh Mine", "dev_stat": "Past Producer", "code_list": " AU CU ", "target_commodity": "Gold", "lon": -111.88837, "lat": 46.4157 }, "geometry": { "type": "Point", "coordinates": [ -111.88837, 46.4157 ] } },
{ "type": "Feature", "properties": { "dep_id": "10270680", "site_name": "Vanguard Group", "dev_stat": "Prospect", "code_list": " AU ", "target_commodity": "Gold", "lon": -111.98976, "lat": 45.5316 }, "geometry": { "type": "Point", "coordinates": [ -111.98976, 45.5316 ] } },
{ "type": "Feature", "properties": { "dep_id": "10280248", "site_name": "Ramshorn Creek Placer", "dev_stat": "Past Producer", "code_list": " AU ", "target_commodity": "Gold", "lon": -112.02526, "lat": 45.456 }, "geometry": { "type": "Point", "coordinates": [ -112.02526, 45.456 ] } },
{ "type": "Feature", "properties": { "dep_id": "10280400", "site_name": "Crystal Lake", "dev_stat": "Past Producer", "code_list": " AU ", "target_commodity": "Gold", "lon": -112.17977, "lat": 45.5524 }, "geometry": { "type": "Point", "coordinates": [ -112.17977, 45.5524 ] } },
{ "type": "Feature", "properties": { "dep_id": "10280899", "site_name": "Crescent Mine", "dev_stat": "Past Producer", "code_list": " AU CU ", "target_commodity": "Gold", "lon": -112.24698, "lat": 46.421 }, "geometry": { "type": "Point", "coordinates": [ -112.24698, 46.421 ] } },
{ "type": "Feature", "properties": { "dep_id": "10281010", "site_name": "New Bald Eagle Mine", "dev_stat": "Past Producer", "code_list": " AU AG ", "target_commodity": "Gold", "lon": -112.22808, "lat": 46.1321 }, "geometry": { "type": "Point", "coordinates": [ -112.22808, 46.1321 ] } },
{ "type": "Feature", "properties": { "dep_id": "10281149", "site_name": "Highland Lady", "dev_stat": "Past Producer", "code_list": " AU AG ", "target_commodity": "Gold", "lon": -111.95586, "lat": 45.2382 }, "geometry": { "type": "Point", "coordinates": [ -111.95586, 45.2382 ] } },
{ "type": "Feature", "properties": { "dep_id": "10281257", "site_name": "Trinity Gulch", "dev_stat": "Past Producer", "code_list": " AU ", "target_commodity": "Gold", "lon": -112.24529, "lat": 46.7585 }, "geometry": { "type": "Point", "coordinates": [ -112.24529, 46.7585 ] } },
{ "type": "Feature", "properties": { "dep_id": "10281366", "site_name": "Economy Mines Company", "dev_stat": "Unknown", "code_list": " AU AG ", "target_commodity": "Gold", "lon": -111.90338, "lat": 46.5805 }, "geometry": { "type": "Point", "coordinates": [ -111.90338, 46.5805 ] } },
{ "type": "Feature", "properties": { "dep_id": "10281427", "site_name": "North Meadow Creek Placers", "dev_stat": "Past Producer", "code_list": " AU ", "target_commodity": "Gold", "lon": -111.72645, "lat": 45.4563 }, "geometry": { "type": "Point", "coordinates": [ -111.72645, 45.4563 ] } },
{ "type": "Feature", "properties": { "dep_id": "10281448", "site_name": "Hummingbird", "dev_stat": "Unknown", "code_list": " AU CU ", "target_commodity": "Gold", "lon": -111.41306, "lat": 46.62801 }, "geometry": { "type": "Point", "coordinates": [ -111.41306, 46.62801 ] } },
{ "type": "Feature", "properties": { "dep_id": "10281454", "site_name": "Germania", "dev_stat": "Occurrence", "code_list": " AU AG ", "target_commodity": "Gold", "lon": -112.45448, "lat": 45.6052 }, "geometry": { "type": "Point", "coordinates": [ -112.45448, 45.6052 ] } },
{ "type": "Feature", "properties": { "dep_id": "10281512", "site_name": "Edge No. 1, Norway No. 6", "dev_stat": "Unknown", "code_list": " AU CU ", "target_commodity": "Gold", "lon": -111.94258, "lat": 46.5082 }, "geometry": { "type": "Point", "coordinates": [ -111.94258, 46.5082 ] } },
{ "type": "Feature", "properties": { "dep_id": "10281575", "site_name": "Christmas Gift Mine", "dev_stat": "Past Producer", "code_list": " AG AU ", "target_commodity": "Gold", "lon": -111.83867, "lat": 46.4791 }, "geometry": { "type": "Point", "coordinates": [ -111.83867, 46.4791 ] } },
{ "type": "Feature", "properties": { "dep_id": "10289345", "site_name": "Plymouth Mine", "dev_stat": "Past Producer", "code_list": " AU AG ", "target_commodity": "Gold", "lon": -111.95917, "lat": 46.2666 }, "geometry": { "type": "Point", "coordinates": [ -111.95917, 46.2666 ] } },
{ "type": "Feature", "properties": { "dep_id": "10293450", "site_name": "Superior Mine", "dev_stat": "Occurrence", "code_list": " AU CU ", "target_commodity": "Gold", "lon": -111.41756, "lat": 46.62021 }, "geometry": { "type": "Point", "coordinates": [ -111.41756, 46.62021 ] } },
{ "type": "Feature", "properties": { "dep_id": "10293509", "site_name": "Raspberry Group", "dev_stat": "Occurrence", "code_list": " AU CU ", "target_commodity": "Gold", "lon": -111.73417, "lat": 46.3613 }, "geometry": { "type": "Point", "coordinates": [ -111.73417, 46.3613 ] } },
{ "type": "Feature", "properties": { "dep_id": "10293547", "site_name": "Buena Vista", "dev_stat": "Occurrence", "code_list": " AU CU ", "target_commodity": "Gold", "lon": -111.75447, "lat": 46.2588 }, "geometry": { "type": "Point", "coordinates": [ -111.75447, 46.2588 ] } },
{ "type": "Feature", "properties": { "dep_id": "10293596", "site_name": "Vossourg", "dev_stat": "Unknown", "code_list": " AU ", "target_commodity": "Gold", "lon": -111.71917, "lat": 46.3963 }, "geometry": { "type": "Point", "coordinates": [ -111.71917, 46.3963 ] } },
{ "type": "Feature", "properties": { "dep_id": "10293623", "site_name": "Crow Creek", "dev_stat": "Unknown", "code_list": " TI AU ", "target_commodity": "Gold", "lon": -111.63776, "lat": 46.2171 }, "geometry": { "type": "Point", "coordinates": [ -111.63776, 46.2171 ] } },
{ "type": "Feature", "properties": { "dep_id": "10293652", "site_name": "Alice Lode", "dev_stat": "Unknown", "code_list": " PB AU ", "target_commodity": "Gold", "lon": -111.70307, "lat": 46.3774 }, "geometry": { "type": "Point", "coordinates": [ -111.70307, 46.3774 ] } },
{ "type": "Feature", "properties": { "dep_id": "10293653", "site_name": "Santa Clara", "dev_stat": "Occurrence", "code_list": " AG AU ", "target_commodity": "Gold", "lon": -111.74146, "lat": 46.148 }, "geometry": { "type": "Point", "coordinates": [ -111.74146, 46.148 ] } },
{ "type": "Feature", "properties": { "dep_id": "10293692", "site_name": "Hardmore Mine", "dev_stat": "Past Producer", "code_list": " AG AU ", "target_commodity": "Gold", "lon": -111.69916, "lat": 46.3216 }, "geometry": { "type": "Point", "coordinates": [ -111.69916, 46.3216 ] } },
{ "type": "Feature", "properties": { "dep_id": "10293726", "site_name": "Cooney", "dev_stat": "Unknown", "code_list": " AU PB ", "target_commodity": "Gold", "lon": -111.69166, "lat": 46.3321 }, "geometry": { "type": "Point", "coordinates": [ -111.69166, 46.3321 ] } },
{ "type": "Feature", "properties": { "dep_id": "10293730", "site_name": "Sawmill Creek Prospect", "dev_stat": "Prospect", "code_list": " AU AG ", "target_commodity": "Gold", "lon": -111.74527, "lat": 46.4313 }, "geometry": { "type": "Point", "coordinates": [ -111.74527, 46.4313 ] } },
{ "type": "Feature", "properties": { "dep_id": "10293759", "site_name": "Champion Mine", "dev_stat": "Occurrence", "code_list": " AU AG ", "target_commodity": "Gold", "lon": -111.73667, "lat": 46.3899 }, "geometry": { "type": "Point", "coordinates": [ -111.73667, 46.3899 ] } },
{ "type": "Feature", "properties": { "dep_id": "10293780", "site_name": "Homestead Prospect", "dev_stat": "Prospect", "code_list": " CU AU ", "target_commodity": "Gold", "lon": -111.76807, "lat": 46.2752 }, "geometry": { "type": "Point", "coordinates": [ -111.76807, 46.2752 ] } },
{ "type": "Feature", "properties": { "dep_id": "10293805", "site_name": "Monte Christo Group", "dev_stat": "Past Producer", "code_list": " AU AG ", "target_commodity": "Gold", "lon": -111.73417, "lat": 46.4249 }, "geometry": { "type": "Point", "coordinates": [ -111.73417, 46.4249 ] } },
{ "type": "Feature", "properties": { "dep_id": "10293839", "site_name": "Little Giant # 5805", "dev_stat": "Occurrence", "code_list": " AU ", "target_commodity": "Gold", "lon": -111.69026, "lat": 46.3071 }, "geometry": { "type": "Point", "coordinates": [ -111.69026, 46.3071 ] } },
{ "type": "Feature", "properties": { "dep_id": "10293859", "site_name": "Rainbows End", "dev_stat": "Unknown", "code_list": " AU ", "target_commodity": "Gold", "lon": -111.39836, "lat": 46.59681 }, "geometry": { "type": "Point", "coordinates": [ -111.39836, 46.59681 ] } },
{ "type": "Feature", "properties": { "dep_id": "10293882", "site_name": "Hawkeye", "dev_stat": "Past Producer", "code_list": " AU ", "target_commodity": "Gold", "lon": -111.71306, "lat": 46.2891 }, "geometry": { "type": "Point", "coordinates": [ -111.71306, 46.2891 ] } },
{ "type": "Feature", "properties": { "dep_id": "10293893", "site_name": "Mountain Goat No. 5 Claim", "dev_stat": "Prospect", "code_list": " AU AG ", "target_commodity": "Gold", "lon": -111.23863, "lat": 45.31961 }, "geometry": { "type": "Point", "coordinates": [ -111.23863, 45.31961 ] } },
{ "type": "Feature", "properties": { "dep_id": "10293907", "site_name": "Kodiak Mine and Mill", "dev_stat": "Unknown", "code_list": " AU ", "target_commodity": "Gold", "lon": -112.67089, "lat": 45.6055 }, "geometry": { "type": "Point", "coordinates": [ -112.67089, 45.6055 ] } },
{ "type": "Feature", "properties": { "dep_id": "10293926", "site_name": "Custer Mine", "dev_stat": "Past Producer", "code_list": " AU ", "target_commodity": "Gold", "lon": -111.66277, "lat": 46.448 }, "geometry": { "type": "Point", "coordinates": [ -111.66277, 46.448 ] } },
{ "type": "Feature", "properties": { "dep_id": "10294033", "site_name": "Santa Anita Mine", "dev_stat": "Past Producer", "code_list": " AG AU ", "target_commodity": "Gold", "lon": -111.73416, "lat": 46.148 }, "geometry": { "type": "Point", "coordinates": [ -111.73416, 46.148 ] } },
{ "type": "Feature", "properties": { "dep_id": "10294058", "site_name": "Hidden Treasure", "dev_stat": "Occurrence", "code_list": " AU ", "target_commodity": "Gold", "lon": -111.72506, "lat": 46.1799 }, "geometry": { "type": "Point", "coordinates": [ -111.72506, 46.1799 ] } },
{ "type": "Feature", "properties": { "dep_id": "10294101", "site_name": "Quartette Mine", "dev_stat": "Occurrence", "code_list": " AU ZN ", "target_commodity": "Gold", "lon": -111.71587, "lat": 46.3905 }, "geometry": { "type": "Point", "coordinates": [ -111.71587, 46.3905 ] } },
{ "type": "Feature", "properties": { "dep_id": "10294158", "site_name": "Kleinschmidt", "dev_stat": "Past Producer", "code_list": " AU CU ", "target_commodity": "Gold", "lon": -111.71337, "lat": 46.3893 }, "geometry": { "type": "Point", "coordinates": [ -111.71337, 46.3893 ] } },
{ "type": "Feature", "properties": { "dep_id": "10294170", "site_name": "(Facility) Glendale Smelter Mine", "dev_stat": "Plant", "code_list": " AU CU ", "target_commodity": "Gold", "lon": -112.76419, "lat": 45.6341 }, "geometry": { "type": "Point", "coordinates": [ -112.76419, 45.6341 ] } },
{ "type": "Feature", "properties": { "dep_id": "10294233", "site_name": "Highland View", "dev_stat": "Unknown", "code_list": " AU ", "target_commodity": "Gold", "lon": -112.47808, "lat": 45.8082 }, "geometry": { "type": "Point", "coordinates": [ -112.47808, 45.8082 ] } },
{ "type": "Feature", "properties": { "dep_id": "10294235", "site_name": "Dead End", "dev_stat": "Past Producer", "code_list": " AU AG ", "target_commodity": "Gold", "lon": -112.47839, "lat": 46.2671 }, "geometry": { "type": "Point", "coordinates": [ -112.47839, 46.2671 ] } },
{ "type": "Feature", "properties": { "dep_id": "10294241", "site_name": "Ohio-Speculator Mine", "dev_stat": "Past Producer", "code_list": " AU PB ", "target_commodity": "Gold", "lon": -112.41949, "lat": 46.4499 }, "geometry": { "type": "Point", "coordinates": [ -112.41949, 46.4499 ] } },
{ "type": "Feature", "properties": { "dep_id": "10294247", "site_name": "Anderson Prospect", "dev_stat": "Occurrence", "code_list": " W AU ", "target_commodity": "Gold", "lon": -112.20009, "lat": 46.6218 }, "geometry": { "type": "Point", "coordinates": [ -112.20009, 46.6218 ] } },
{ "type": "Feature", "properties": { "dep_id": "10294249", "site_name": "Mcphail Prospect", "dev_stat": "Unknown", "code_list": " AU ", "target_commodity": "Gold", "lon": -112.49778, "lat": 45.7941 }, "geometry": { "type": "Point", "coordinates": [ -112.49778, 45.7941 ] } },
{ "type": "Feature", "properties": { "dep_id": "10294265", "site_name": "St. Nick", "dev_stat": "Prospect", "code_list": " AU AG ", "target_commodity": "Gold", "lon": -112.25228, "lat": 46.3399 }, "geometry": { "type": "Point", "coordinates": [ -112.25228, 46.3399 ] } },
{ "type": "Feature", "properties": { "dep_id": "10294269", "site_name": "Orofino Creek", "dev_stat": "Unknown", "code_list": " AU ", "target_commodity": "Gold", "lon": -112.6937, "lat": 46.2874 }, "geometry": { "type": "Point", "coordinates": [ -112.6937, 46.2874 ] } },
{ "type": "Feature", "properties": { "dep_id": "10294291", "site_name": "Marshall-Changes Mines", "dev_stat": "Past Producer", "code_list": " AU AG ", "target_commodity": "Gold", "lon": -112.23308, "lat": 46.3302 }, "geometry": { "type": "Point", "coordinates": [ -112.23308, 46.3302 ] } },
{ "type": "Feature", "properties": { "dep_id": "10294294", "site_name": "Morning Star Mine", "dev_stat": "Past Producer", "code_list": " PB AU ", "target_commodity": "Gold", "lon": -112.35309, "lat": 46.3696 }, "geometry": { "type": "Point", "coordinates": [ -112.35309, 46.3696 ] } },
{ "type": "Feature", "properties": { "dep_id": "10294302", "site_name": "Sterrett", "dev_stat": "Past Producer", "code_list": " AU ", "target_commodity": "Gold", "lon": -112.56559, "lat": 46.3849 }, "geometry": { "type": "Point", "coordinates": [ -112.56559, 46.3849 ] } },
{ "type": "Feature", "properties": { "dep_id": "10294321", "site_name": "Drumlummon Mine", "dev_stat": "Past Producer", "code_list": " AU BE ", "target_commodity": "Gold", "lon": -112.29669, "lat": 46.7474 }, "geometry": { "type": "Point", "coordinates": [ -112.29669, 46.7474 ] } },
{ "type": "Feature", "properties": { "dep_id": "10294332", "site_name": "Ajax Mine", "dev_stat": "Past Producer", "code_list": " AU CU ", "target_commodity": "Gold", "lon": -112.487, "lat": 46.7157 }, "geometry": { "type": "Point", "coordinates": [ -112.487, 46.7157 ] } },
{ "type": "Feature", "properties": { "dep_id": "10294333", "site_name": "East Riverside", "dev_stat": "Past Producer", "code_list": " AG AU ", "target_commodity": "Gold", "lon": -111.52665, "lat": 45.62071 }, "geometry": { "type": "Point", "coordinates": [ -111.52665, 45.62071 ] } },
{ "type": "Feature", "properties": { "dep_id": "10294334", "site_name": "Pilot", "dev_stat": "Prospect", "code_list": " AU ", "target_commodity": "Gold", "lon": -111.79917, "lat": 46.4638 }, "geometry": { "type": "Point", "coordinates": [ -111.79917, 46.4638 ] } },
{ "type": "Feature", "properties": { "dep_id": "10294340", "site_name": "Little Nugget", "dev_stat": "Unknown", "code_list": " AU AG ", "target_commodity": "Gold", "lon": -112.09837, "lat": 45.7852 }, "geometry": { "type": "Point", "coordinates": [ -112.09837, 45.7852 ] } },
{ "type": "Feature", "properties": { "dep_id": "10294342", "site_name": "Jumper Claims", "dev_stat": "Past Producer", "code_list": " AU CU ", "target_commodity": "Gold", "lon": -111.96476, "lat": 45.6382 }, "geometry": { "type": "Point", "coordinates": [ -111.96476, 45.6382 ] } },
{ "type": "Feature", "properties": { "dep_id": "10294346", "site_name": "Allprot", "dev_stat": "Prospect", "code_list": " AU AG ", "target_commodity": "Gold", "lon": -112.27758, "lat": 46.2291 }, "geometry": { "type": "Point", "coordinates": [ -112.27758, 46.2291 ] } },
{ "type": "Feature", "properties": { "dep_id": "10294351", "site_name": "Benton Gulch and Vermont", "dev_stat": "Unknown", "code_list": " AU ", "target_commodity": "Gold", "lon": -111.35866, "lat": 46.68241 }, "geometry": { "type": "Point", "coordinates": [ -111.35866, 46.68241 ] } },
{ "type": "Feature", "properties": { "dep_id": "10294354", "site_name": "Iron Occurrence", "dev_stat": "Occurrence", "code_list": " AU CU ", "target_commodity": "Gold", "lon": -112.18367, "lat": 45.5302 }, "geometry": { "type": "Point", "coordinates": [ -112.18367, 45.5302 ] } },
{ "type": "Feature", "properties": { "dep_id": "10294361", "site_name": "Golden Dollar Prospect", "dev_stat": "Occurrence", "code_list": " AU ", "target_commodity": "Gold", "lon": -111.88417, "lat": 46.3943 }, "geometry": { "type": "Point", "coordinates": [ -111.88417, 46.3943 ] } },
{ "type": "Feature", "properties": { "dep_id": "10294364", "site_name": "Staple Mine", "dev_stat": "Past Producer", "code_list": " AU ", "target_commodity": "Gold", "lon": -112.29449, "lat": 46.756 }, "geometry": { "type": "Point", "coordinates": [ -112.29449, 46.756 ] } },
{ "type": "Feature", "properties": { "dep_id": "10294366", "site_name": "Forks Mine", "dev_stat": "Past Producer", "code_list": " AU CU ", "target_commodity": "Gold", "lon": -111.97116, "lat": 45.2602 }, "geometry": { "type": "Point", "coordinates": [ -111.97116, 45.2602 ] } },
{ "type": "Feature", "properties": { "dep_id": "10294368", "site_name": "Sunny Corner Mine", "dev_stat": "Past Producer", "code_list": " AU CU ", "target_commodity": "Gold", "lon": -112.04527, "lat": 45.9135 }, "geometry": { "type": "Point", "coordinates": [ -112.04527, 45.9135 ] } },
{ "type": "Feature", "properties": { "dep_id": "10294376", "site_name": "Thomas Creek", "dev_stat": "Occurrence", "code_list": " AU ", "target_commodity": "Gold", "lon": -111.27726, "lat": 46.68491 }, "geometry": { "type": "Point", "coordinates": [ -111.27726, 46.68491 ] } },
{ "type": "Feature", "properties": { "dep_id": "10294382", "site_name": "September Syndicate", "dev_stat": "Past Producer", "code_list": " AG AU ", "target_commodity": "Gold", "lon": -111.52665, "lat": 45.62071 }, "geometry": { "type": "Point", "coordinates": [ -111.52665, 45.62071 ] } },
{ "type": "Feature", "properties": { "dep_id": "10294391", "site_name": "Black Eyed May", "dev_stat": "Past Producer", "code_list": " AU ", "target_commodity": "Gold", "lon": -112.57119, "lat": 46.3866 }, "geometry": { "type": "Point", "coordinates": [ -112.57119, 46.3866 ] } },
{ "type": "Feature", "properties": { "dep_id": "10294393", "site_name": "Mountain Chief", "dev_stat": "Occurrence", "code_list": " AU AG ", "target_commodity": "Gold", "lon": -111.99556, "lat": 45.2618 }, "geometry": { "type": "Point", "coordinates": [ -111.99556, 45.2618 ] } },
{ "type": "Feature", "properties": { "dep_id": "10294402", "site_name": "Betsy Ross Mine", "dev_stat": "Past Producer", "code_list": " AU PB ", "target_commodity": "Gold", "lon": -112.27589, "lat": 46.4577 }, "geometry": { "type": "Point", "coordinates": [ -112.27589, 46.4577 ] } },
{ "type": "Feature", "properties": { "dep_id": "10294404", "site_name": "Belmont Mine", "dev_stat": "Prospect", "code_list": " AU ", "target_commodity": "Gold", "lon": -112.6934, "lat": 46.7513 }, "geometry": { "type": "Point", "coordinates": [ -112.6934, 46.7513 ] } },
{ "type": "Feature", "properties": { "dep_id": "10294405", "site_name": "Original", "dev_stat": "Unknown", "code_list": " AG AU ", "target_commodity": "Gold", "lon": -112.53669, "lat": 46.0152 }, "geometry": { "type": "Point", "coordinates": [ -112.53669, 46.0152 ] } },
{ "type": "Feature", "properties": { "dep_id": "10294407", "site_name": "Otisco Mine", "dev_stat": "Unknown", "code_list": " ZN AU ", "target_commodity": "Gold", "lon": -112.52199, "lat": 46.0113 }, "geometry": { "type": "Point", "coordinates": [ -112.52199, 46.0113 ] } },
{ "type": "Feature", "properties": { "dep_id": "10294415", "site_name": "Big Pipestone Creek", "dev_stat": "Past Producer", "code_list": " AU ", "target_commodity": "Gold", "lon": -112.28118, "lat": 45.9118 }, "geometry": { "type": "Point", "coordinates": [ -112.28118, 45.9118 ] } },
{ "type": "Feature", "properties": { "dep_id": "10294418", "site_name": "Yellowjacket", "dev_stat": "Past Producer", "code_list": " AU AG ", "target_commodity": "Gold", "lon": -112.02978, "lat": 46.5368 }, "geometry": { "type": "Point", "coordinates": [ -112.02978, 46.5368 ] } },
{ "type": "Feature", "properties": { "dep_id": "10294421", "site_name": "Hidden Treasure Mine", "dev_stat": "Unknown", "code_list": " AU CU ", "target_commodity": "Gold", "lon": -112.59838, "lat": 45.503 }, "geometry": { "type": "Point", "coordinates": [ -112.59838, 45.503 ] } },
{ "type": "Feature", "properties": { "dep_id": "10294432", "site_name": "Irene", "dev_stat": "Past Producer", "code_list": " AU CU ", "target_commodity": "Gold", "lon": -112.41528, "lat": 45.9688 }, "geometry": { "type": "Point", "coordinates": [ -112.41528, 45.9688 ] } },
{ "type": "Feature", "properties": { "dep_id": "10294435", "site_name": "Sunbeam Mine", "dev_stat": "Past Producer", "code_list": " AU BI ", "target_commodity": "Gold", "lon": -112.05306, "lat": 45.5271 }, "geometry": { "type": "Point", "coordinates": [ -112.05306, 45.5271 ] } },
{ "type": "Feature", "properties": { "dep_id": "10294442", "site_name": "Evening Star", "dev_stat": "Occurrence", "code_list": " AG AU ", "target_commodity": "Gold", "lon": -112.41398, "lat": 45.9685 }, "geometry": { "type": "Point", "coordinates": [ -112.41398, 45.9685 ] } },
{ "type": "Feature", "properties": { "dep_id": "10294450", "site_name": "Flora Mine", "dev_stat": "Past Producer", "code_list": " AU ", "target_commodity": "Gold", "lon": -112.42779, "lat": 46.4824 }, "geometry": { "type": "Point", "coordinates": [ -112.42779, 46.4824 ] } },
{ "type": "Feature", "properties": { "dep_id": "10294459", "site_name": "Last Chance Mine", "dev_stat": "Past Producer", "code_list": " AU ", "target_commodity": "Gold", "lon": -112.48618, "lat": 45.8024 }, "geometry": { "type": "Point", "coordinates": [ -112.48618, 45.8024 ] } },
{ "type": "Feature", "properties": { "dep_id": "10294465", "site_name": "Bell Boy Mine", "dev_stat": "Past Producer", "code_list": " AU CU ", "target_commodity": "Gold", "lon": -112.36119, "lat": 46.7388 }, "geometry": { "type": "Point", "coordinates": [ -112.36119, 46.7388 ] } },
{ "type": "Feature", "properties": { "dep_id": "10294472", "site_name": "Kidd Mine", "dev_stat": "Past Producer", "code_list": " AU AG ", "target_commodity": "Gold", "lon": -111.93306, "lat": 45.4949 }, "geometry": { "type": "Point", "coordinates": [ -111.93306, 45.4949 ] } },
{ "type": "Feature", "properties": { "dep_id": "10294474", "site_name": "Mammoth and Stella Mines", "dev_stat": "Past Producer", "code_list": " CU AU ", "target_commodity": "Gold", "lon": -112.34418, "lat": 45.6768 }, "geometry": { "type": "Point", "coordinates": [ -112.34418, 45.6768 ] } },
{ "type": "Feature", "properties": { "dep_id": "10294477", "site_name": "Best Wish Placer", "dev_stat": "Unknown", "code_list": " AU ", "target_commodity": "Gold", "lon": -111.98867, "lat": 46.1691 }, "geometry": { "type": "Point", "coordinates": [ -111.98867, 46.1691 ] } },
{ "type": "Feature", "properties": { "dep_id": "10294504", "site_name": "Itha D", "dev_stat": "Past Producer", "code_list": " AU ", "target_commodity": "Gold", "lon": -111.64007, "lat": 46.6863 }, "geometry": { "type": "Point", "coordinates": [ -111.64007, 46.6863 ] } },
{ "type": "Feature", "properties": { "dep_id": "10294505", "site_name": "Miljour-Violet Jane Mine", "dev_stat": "Unknown", "code_list": " AU PB ", "target_commodity": "Gold", "lon": -112.03368, "lat": 46.713 }, "geometry": { "type": "Point", "coordinates": [ -112.03368, 46.713 ] } },
{ "type": "Feature", "properties": { "dep_id": "10294509", "site_name": "Herculese", "dev_stat": "Occurrence", "code_list": " AU ", "target_commodity": "Gold", "lon": -112.58419, "lat": 46.3871 }, "geometry": { "type": "Point", "coordinates": [ -112.58419, 46.3871 ] } },
{ "type": "Feature", "properties": { "dep_id": "10294513", "site_name": "Maverick Prospect", "dev_stat": "Prospect", "code_list": " AU ", "target_commodity": "Gold", "lon": -111.87527, "lat": 46.4249 }, "geometry": { "type": "Point", "coordinates": [ -111.87527, 46.4249 ] } },
{ "type": "Feature", "properties": { "dep_id": "10294514", "site_name": "Inspiration Claim", "dev_stat": "Past Producer", "code_list": " CU AU ", "target_commodity": "Gold", "lon": -112.03257, "lat": 45.9135 }, "geometry": { "type": "Point", "coordinates": [ -112.03257, 45.9135 ] } },
{ "type": "Feature", "properties": { "dep_id": "10294516", "site_name": "Bedford", "dev_stat": "Past Producer", "code_list": " AU CU ", "target_commodity": "Gold", "lon": -111.98806, "lat": 45.4582 }, "geometry": { "type": "Point", "coordinates": [ -111.98806, 45.4582 ] } },
{ "type": "Feature", "properties": { "dep_id": "10294520", "site_name": "I X L", "dev_stat": "Past Producer", "code_list": " AG AU ", "target_commodity": "Gold", "lon": -111.95366, "lat": 45.2688 }, "geometry": { "type": "Point", "coordinates": [ -111.95366, 45.2688 ] } },
{ "type": "Feature", "properties": { "dep_id": "10294521", "site_name": "Copper Hill", "dev_stat": "Occurrence", "code_list": " AU CU ", "target_commodity": "Gold", "lon": -112.57698, "lat": 45.693 }, "geometry": { "type": "Point", "coordinates": [ -112.57698, 45.693 ] } },
{ "type": "Feature", "properties": { "dep_id": "10294529", "site_name": "Eureka Mine", "dev_stat": "Past Producer", "code_list": " PB ZN AU ", "target_commodity": "Gold", "lon": -112.27528, "lat": 46.1677 }, "geometry": { "type": "Point", "coordinates": [ -112.27528, 46.1677 ] } },
{ "type": "Feature", "properties": { "dep_id": "10294532", "site_name": "Carolina Mine", "dev_stat": "Past Producer", "code_list": " AU CU ", "target_commodity": "Gold", "lon": -112.18947, "lat": 45.5552 }, "geometry": { "type": "Point", "coordinates": [ -112.18947, 45.5552 ] } },
{ "type": "Feature", "properties": { "dep_id": "10294533", "site_name": "Arcturus Claim", "dev_stat": "Occurrence", "code_list": " CU AU ", "target_commodity": "Gold", "lon": -111.93917, "lat": 46.286 }, "geometry": { "type": "Point", "coordinates": [ -111.93917, 46.286 ] } },
{ "type": "Feature", "properties": { "dep_id": "10294535", "site_name": "Uncle Sam", "dev_stat": "Past Producer", "code_list": " AU PB ", "target_commodity": "Gold", "lon": -112.00806, "lat": 45.5024 }, "geometry": { "type": "Point", "coordinates": [ -112.00806, 45.5024 ] } },
{ "type": "Feature", "properties": { "dep_id": "10294539", "site_name": "Norwegian Creek", "dev_stat": "Past Producer", "code_list": " AU ", "target_commodity": "Gold", "lon": -111.80146, "lat": 45.6132 }, "geometry": { "type": "Point", "coordinates": [ -111.80146, 45.6132 ] } },
{ "type": "Feature", "properties": { "dep_id": "10294546", "site_name": "Hungry Hollow Placer", "dev_stat": "Producer", "code_list": " AU ", "target_commodity": "Gold", "lon": -111.30946, "lat": 46.61241 }, "geometry": { "type": "Point", "coordinates": [ -111.30946, 46.61241 ] } },
{ "type": "Feature", "properties": { "dep_id": "10294548", "site_name": "Pacific Mines", "dev_stat": "Past Producer", "code_list": " AU AG ", "target_commodity": "Gold", "lon": -111.94166, "lat": 45.2955 }, "geometry": { "type": "Point", "coordinates": [ -111.94166, 45.2955 ] } },
{ "type": "Feature", "properties": { "dep_id": "10294549", "site_name": "Birdia", "dev_stat": "Unknown", "code_list": " AU AG ", "target_commodity": "Gold", "lon": -111.64225, "lat": 45.5599 }, "geometry": { "type": "Point", "coordinates": [ -111.64225, 45.5599 ] } },
{ "type": "Feature", "properties": { "dep_id": "10294555", "site_name": "Jonquil Mine", "dev_stat": "Past Producer", "code_list": " AU CU ", "target_commodity": "Gold", "lon": -112.11557, "lat": 45.528 }, "geometry": { "type": "Point", "coordinates": [ -112.11557, 45.528 ] } },
{ "type": "Feature", "properties": { "dep_id": "10294556", "site_name": "White Pine Mine", "dev_stat": "Past Producer", "code_list": " AU CU ", "target_commodity": "Gold", "lon": -111.96776, "lat": 45.6771 }, "geometry": { "type": "Point", "coordinates": [ -111.96776, 45.6771 ] } },
{ "type": "Feature", "properties": { "dep_id": "10294558", "site_name": "Beatrice", "dev_stat": "Past Producer", "code_list": " AU ", "target_commodity": "Gold", "lon": -112.30529, "lat": 46.4818 }, "geometry": { "type": "Point", "coordinates": [ -112.30529, 46.4818 ] } },
{ "type": "Feature", "properties": { "dep_id": "10294564", "site_name": "Big & Little Goldie", "dev_stat": "Past Producer", "code_list": " AU PB ", "target_commodity": "Gold", "lon": -112.04778, "lat": 46.2588 }, "geometry": { "type": "Point", "coordinates": [ -112.04778, 46.2588 ] } },
{ "type": "Feature", "properties": { "dep_id": "10294578", "site_name": "Mapleton Mine", "dev_stat": "Past Producer", "code_list": " AU AG ", "target_commodity": "Gold", "lon": -111.97196, "lat": 45.326 }, "geometry": { "type": "Point", "coordinates": [ -111.97196, 45.326 ] } },
{ "type": "Feature", "properties": { "dep_id": "10294581", "site_name": "Bluebell Mine", "dev_stat": "Past Producer", "code_list": " AU CU ", "target_commodity": "Gold", "lon": -112.29899, "lat": 46.6152 }, "geometry": { "type": "Point", "coordinates": [ -112.29899, 46.6152 ] } },
{ "type": "Feature", "properties": { "dep_id": "10294585", "site_name": "Gregory", "dev_stat": "Past Producer", "code_list": " PB AG AU ", "target_commodity": "Gold", "lon": -112.11558, "lat": 46.3896 }, "geometry": { "type": "Point", "coordinates": [ -112.11558, 46.3896 ] } },
{ "type": "Feature", "properties": { "dep_id": "10294586", "site_name": "Climax", "dev_stat": "Occurrence", "code_list": " AG AU ", "target_commodity": "Gold", "lon": -112.64149, "lat": 45.8805 }, "geometry": { "type": "Point", "coordinates": [ -112.64149, 45.8805 ] } },
{ "type": "Feature", "properties": { "dep_id": "10294597", "site_name": "Kady Gulch Group", "dev_stat": "Past Producer", "code_list": " ZN AU ", "target_commodity": "Gold", "lon": -112.17228, "lat": 46.3868 }, "geometry": { "type": "Point", "coordinates": [ -112.17228, 46.3868 ] } },
{ "type": "Feature", "properties": { "dep_id": "10294600", "site_name": "Valdemere Mine", "dev_stat": "Occurrence", "code_list": " AU PB ", "target_commodity": "Gold", "lon": -112.52979, "lat": 46.0249 }, "geometry": { "type": "Point", "coordinates": [ -112.52979, 46.0249 ] } },
{ "type": "Feature", "properties": { "dep_id": "10294602", "site_name": "Cop Prospect", "dev_stat": "Past Producer", "code_list": " AU ZN ", "target_commodity": "Gold", "lon": -112.21057, "lat": 45.5405 }, "geometry": { "type": "Point", "coordinates": [ -112.21057, 45.5405 ] } },
{ "type": "Feature", "properties": { "dep_id": "10294616", "site_name": "Badger Nos. 1&2", "dev_stat": "Past Producer", "code_list": " AU AG ", "target_commodity": "Gold", "lon": -111.64805, "lat": 45.561 }, "geometry": { "type": "Point", "coordinates": [ -111.64805, 45.561 ] } },
{ "type": "Feature", "properties": { "dep_id": "10294623", "site_name": "Cooley Cooly Gulch Placer", "dev_stat": "Past Producer", "code_list": " AU ", "target_commodity": "Gold", "lon": -112.49588, "lat": 45.7971 }, "geometry": { "type": "Point", "coordinates": [ -112.49588, 45.7971 ] } },
{ "type": "Feature", "properties": { "dep_id": "10294628", "site_name": "Sunflower 1", "dev_stat": "Prospect", "code_list": " AU PB ", "target_commodity": "Gold", "lon": -112.20087, "lat": 45.5435 }, "geometry": { "type": "Point", "coordinates": [ -112.20087, 45.5435 ] } },
{ "type": "Feature", "properties": { "dep_id": "10294633", "site_name": "Bigler Group", "dev_stat": "Past Producer", "code_list": " AU ", "target_commodity": "Gold", "lon": -111.23225, "lat": 46.50911 }, "geometry": { "type": "Point", "coordinates": [ -111.23225, 46.50911 ] } },
{ "type": "Feature", "properties": { "dep_id": "10294637", "site_name": "Kearsarge Mine", "dev_stat": "Past Producer", "code_list": " AU AG ", "target_commodity": "Gold", "lon": -111.93026, "lat": 45.2168 }, "geometry": { "type": "Point", "coordinates": [ -111.93026, 45.2168 ] } },
{ "type": "Feature", "properties": { "dep_id": "10294639", "site_name": "Unnamed Gold Deposit", "dev_stat": "Occurrence", "code_list": " AU PB ", "target_commodity": "Gold", "lon": -111.99666, "lat": 45.4446 }, "geometry": { "type": "Point", "coordinates": [ -111.99666, 45.4446 ] } },
{ "type": "Feature", "properties": { "dep_id": "10294643", "site_name": "Red Bluff", "dev_stat": "Past Producer", "code_list": " AU ", "target_commodity": "Gold", "lon": -111.63835, "lat": 45.5796 }, "geometry": { "type": "Point", "coordinates": [ -111.63835, 45.5796 ] } },
{ "type": "Feature", "properties": { "dep_id": "10294670", "site_name": "Evonka Mine", "dev_stat": "Past Producer", "code_list": " PB AU ", "target_commodity": "Gold", "lon": -112.59808, "lat": 45.643 }, "geometry": { "type": "Point", "coordinates": [ -112.59808, 45.643 ] } },
{ "type": "Feature", "properties": { "dep_id": "10294675", "site_name": "Good Luck Mine", "dev_stat": "Occurrence", "code_list": " AU AG ", "target_commodity": "Gold", "lon": -112.54029, "lat": 45.8935 }, "geometry": { "type": "Point", "coordinates": [ -112.54029, 45.8935 ] } },
{ "type": "Feature", "properties": { "dep_id": "10294676", "site_name": "Spuhler Group", "dev_stat": "Occurrence", "code_list": " AU PB ", "target_commodity": "Gold", "lon": -111.99646, "lat": 45.5568 }, "geometry": { "type": "Point", "coordinates": [ -111.99646, 45.5568 ] } },
{ "type": "Feature", "properties": { "dep_id": "10294688", "site_name": "Golden Messenger Mine", "dev_stat": "Unknown", "code_list": " AU AG ", "target_commodity": "Gold", "lon": -111.74257, "lat": 46.7416 }, "geometry": { "type": "Point", "coordinates": [ -111.74257, 46.7416 ] } },
{ "type": "Feature", "properties": { "dep_id": "10294689", "site_name": "Unnamed Mine", "dev_stat": "Prospect", "code_list": " AU AG ", "target_commodity": "Gold", "lon": -112.00276, "lat": 45.4807 }, "geometry": { "type": "Point", "coordinates": [ -112.00276, 45.4807 ] } },
{ "type": "Feature", "properties": { "dep_id": "10294696", "site_name": "Rosalie", "dev_stat": "Prospect", "code_list": " PB AU ", "target_commodity": "Gold", "lon": -112.15008, "lat": 46.373 }, "geometry": { "type": "Point", "coordinates": [ -112.15008, 46.373 ] } },
{ "type": "Feature", "properties": { "dep_id": "10294709", "site_name": "Unnamed Placer", "dev_stat": "Occurrence", "code_list": " AU ", "target_commodity": "Gold", "lon": -111.83897, "lat": 46.3427 }, "geometry": { "type": "Point", "coordinates": [ -111.83897, 46.3427 ] } },
{ "type": "Feature", "properties": { "dep_id": "10294714", "site_name": "Bull Moose Mine 2", "dev_stat": "Unknown", "code_list": " AU PB ", "target_commodity": "Gold", "lon": -111.77226, "lat": 45.5452 }, "geometry": { "type": "Point", "coordinates": [ -111.77226, 45.5452 ] } },
{ "type": "Feature", "properties": { "dep_id": "10294726", "site_name": "Rader Mine", "dev_stat": "Past Producer", "code_list": " AU ", "target_commodity": "Gold", "lon": -111.18004, "lat": 45.76661 }, "geometry": { "type": "Point", "coordinates": [ -111.18004, 45.76661 ] } },
{ "type": "Feature", "properties": { "dep_id": "10294727", "site_name": "St. Anthony Mine", "dev_stat": "Past Producer", "code_list": " AU PB ", "target_commodity": "Gold", "lon": -112.21618, "lat": 46.043 }, "geometry": { "type": "Point", "coordinates": [ -112.21618, 46.043 ] } },
{ "type": "Feature", "properties": { "dep_id": "10294732", "site_name": "Big Tizer Wildcat Mine", "dev_stat": "Past Producer", "code_list": " AU CU ", "target_commodity": "Gold", "lon": -111.84197, "lat": 46.346 }, "geometry": { "type": "Point", "coordinates": [ -111.84197, 46.346 ] } },
{ "type": "Feature", "properties": { "dep_id": "10294734", "site_name": "Pie Ore", "dev_stat": "Unknown", "code_list": " AG AU ", "target_commodity": "Gold", "lon": -112.09168, "lat": 46.3588 }, "geometry": { "type": "Point", "coordinates": [ -112.09168, 46.3588 ] } },
{ "type": "Feature", "properties": { "dep_id": "10294737", "site_name": "White Rabbit", "dev_stat": "Unknown", "code_list": " CU AU ", "target_commodity": "Gold", "lon": -112.26839, "lat": 46.541 }, "geometry": { "type": "Point", "coordinates": [ -112.26839, 46.541 ] } },
{ "type": "Feature", "properties": { "dep_id": "10294745", "site_name": "Connie Jo", "dev_stat": "Past Producer", "code_list": " AU AG ", "target_commodity": "Gold", "lon": -112.28918, "lat": 45.9541 }, "geometry": { "type": "Point", "coordinates": [ -112.28918, 45.9541 ] } },
{ "type": "Feature", "properties": { "dep_id": "10294747", "site_name": "Pioneer Mine", "dev_stat": "Unknown", "code_list": " AU CU ", "target_commodity": "Gold", "lon": -111.95616, "lat": 45.2955 }, "geometry": { "type": "Point", "coordinates": [ -111.95616, 45.2955 ] } },
{ "type": "Feature", "properties": { "dep_id": "10294748", "site_name": "Old Baldy Group", "dev_stat": "Past Producer", "code_list": " AU ", "target_commodity": "Gold", "lon": -112.28699, "lat": 46.4213 }, "geometry": { "type": "Point", "coordinates": [ -112.28699, 46.4213 ] } },
{ "type": "Feature", "properties": { "dep_id": "10294755", "site_name": "Silversmith", "dev_stat": "Occurrence", "code_list": " AU AG ", "target_commodity": "Gold", "lon": -112.25558, "lat": 46.2466 }, "geometry": { "type": "Point", "coordinates": [ -112.25558, 46.2466 ] } },
{ "type": "Feature", "properties": { "dep_id": "10294757", "site_name": "Incline Mine", "dev_stat": "Prospect", "code_list": " PB AU ", "target_commodity": "Gold", "lon": -112.56699, "lat": 46.3932 }, "geometry": { "type": "Point", "coordinates": [ -112.56699, 46.3932 ] } },
{ "type": "Feature", "properties": { "dep_id": "10294758", "site_name": "Venus Mine", "dev_stat": "Occurrence", "code_list": " AU ", "target_commodity": "Gold", "lon": -112.17368, "lat": 46.4146 }, "geometry": { "type": "Point", "coordinates": [ -112.17368, 46.4146 ] } },
{ "type": "Feature", "properties": { "dep_id": "10294761", "site_name": "Garrison Mine", "dev_stat": "Past Producer", "code_list": " AU ", "target_commodity": "Gold", "lon": -111.95116, "lat": 45.2007 }, "geometry": { "type": "Point", "coordinates": [ -111.95116, 45.2007 ] } },
{ "type": "Feature", "properties": { "dep_id": "10294765", "site_name": "Adams Brothers Mine", "dev_stat": "Past Producer", "code_list": " AU ", "target_commodity": "Gold", "lon": -112.38979, "lat": 46.4668 }, "geometry": { "type": "Point", "coordinates": [ -112.38979, 46.4668 ] } },
{ "type": "Feature", "properties": { "dep_id": "10294787", "site_name": "Monte Carlo", "dev_stat": "Past Producer", "code_list": " AU ", "target_commodity": "Gold", "lon": -112.21418, "lat": 46.2174 }, "geometry": { "type": "Point", "coordinates": [ -112.21418, 46.2174 ] } },
{ "type": "Feature", "properties": { "dep_id": "10294794", "site_name": "Mammoth Mine", "dev_stat": "Past Producer", "code_list": " AU PB ", "target_commodity": "Gold", "lon": -112.06868, "lat": 46.4005 }, "geometry": { "type": "Point", "coordinates": [ -112.06868, 46.4005 ] } },
{ "type": "Feature", "properties": { "dep_id": "10294812", "site_name": "Grandfather", "dev_stat": "Prospect", "code_list": " AU CU ", "target_commodity": "Gold", "lon": -112.09168, "lat": 46.3732 }, "geometry": { "type": "Point", "coordinates": [ -112.09168, 46.3732 ] } },
{ "type": "Feature", "properties": { "dep_id": "10294813", "site_name": "Holliday Prospect", "dev_stat": "Prospect", "code_list": " AU ", "target_commodity": "Gold", "lon": -112.52089, "lat": 46.3027 }, "geometry": { "type": "Point", "coordinates": [ -112.52089, 46.3027 ] } },
{ "type": "Feature", "properties": { "dep_id": "10294841", "site_name": "Federal Gold Group", "dev_stat": "Past Producer", "code_list": " AU CU ", "target_commodity": "Gold", "lon": -111.73557, "lat": 46.7407 }, "geometry": { "type": "Point", "coordinates": [ -111.73557, 46.7407 ] } },
{ "type": "Feature", "properties": { "dep_id": "10294843", "site_name": "Blue Vein", "dev_stat": "Unknown", "code_list": " AU CU ", "target_commodity": "Gold", "lon": -112.60149, "lat": 45.981 }, "geometry": { "type": "Point", "coordinates": [ -112.60149, 45.981 ] } },
{ "type": "Feature", "properties": { "dep_id": "10294845", "site_name": "Overlook Group Mine", "dev_stat": "Past Producer", "code_list": " AU CU ", "target_commodity": "Gold", "lon": -112.45668, "lat": 45.8216 }, "geometry": { "type": "Point", "coordinates": [ -112.45668, 45.8216 ] } },
{ "type": "Feature", "properties": { "dep_id": "10294854", "site_name": "Phanton", "dev_stat": "Unknown", "code_list": " AU AG ", "target_commodity": "Gold", "lon": -112.24918, "lat": 46.3127 }, "geometry": { "type": "Point", "coordinates": [ -112.24918, 46.3127 ] } },
{ "type": "Feature", "properties": { "dep_id": "10294863", "site_name": "Bull Moose Mine", "dev_stat": "Past Producer", "code_list": " AU PB ", "target_commodity": "Gold", "lon": -111.77416, "lat": 45.546 }, "geometry": { "type": "Point", "coordinates": [ -111.77416, 45.546 ] } },
{ "type": "Feature", "properties": { "dep_id": "10294864", "site_name": "Dana's Bar", "dev_stat": "Past Producer", "code_list": " AU ", "target_commodity": "Gold", "lon": -111.86758, "lat": 46.7232 }, "geometry": { "type": "Point", "coordinates": [ -111.86758, 46.7232 ] } },
{ "type": "Feature", "properties": { "dep_id": "10294870", "site_name": "Crystal Group", "dev_stat": "Past Producer", "code_list": " AU PB ", "target_commodity": "Gold", "lon": -112.34229, "lat": 46.3543 }, "geometry": { "type": "Point", "coordinates": [ -112.34229, 46.3543 ] } },
{ "type": "Feature", "properties": { "dep_id": "10294885", "site_name": "Moonlight Claims", "dev_stat": "Prospect", "code_list": " AU CU ", "target_commodity": "Gold", "lon": -111.86667, "lat": 46.3768 }, "geometry": { "type": "Point", "coordinates": [ -111.86667, 46.3768 ] } },
{ "type": "Feature", "properties": { "dep_id": "10294892", "site_name": "Pearson Prospect", "dev_stat": "Prospect", "code_list": " AU CU ", "target_commodity": "Gold", "lon": -112.20917, "lat": 45.531 }, "geometry": { "type": "Point", "coordinates": [ -112.20917, 45.531 ] } },
{ "type": "Feature", "properties": { "dep_id": "10294900", "site_name": "Bosphorus", "dev_stat": "Occurrence", "code_list": " AU ", "target_commodity": "Gold", "lon": -111.86167, "lat": 46.4799 }, "geometry": { "type": "Point", "coordinates": [ -111.86167, 46.4799 ] } },
{ "type": "Feature", "properties": { "dep_id": "10294902", "site_name": "Unnamed Mine", "dev_stat": "Prospect", "code_list": " AU AG ", "target_commodity": "Gold", "lon": -111.91946, "lat": 45.4818 }, "geometry": { "type": "Point", "coordinates": [ -111.91946, 45.4818 ] } },
{ "type": "Feature", "properties": { "dep_id": "10294906", "site_name": "Lottie Mine", "dev_stat": "Past Producer", "code_list": " AU AG ", "target_commodity": "Gold", "lon": -112.19277, "lat": 45.5635 }, "geometry": { "type": "Point", "coordinates": [ -112.19277, 45.5635 ] } },
{ "type": "Feature", "properties": { "dep_id": "10294911", "site_name": "New Butte Mining Co", "dev_stat": "Occurrence", "code_list": " AU CU ", "target_commodity": "Gold", "lon": -112.48009, "lat": 46.0263 }, "geometry": { "type": "Point", "coordinates": [ -112.48009, 46.0263 ] } },
{ "type": "Feature", "properties": { "dep_id": "10294912", "site_name": "Bell Mine", "dev_stat": "Unknown", "code_list": " AU CU ", "target_commodity": "Gold", "lon": -111.93196, "lat": 45.266 }, "geometry": { "type": "Point", "coordinates": [ -111.93196, 45.266 ] } },
{ "type": "Feature", "properties": { "dep_id": "10294922", "site_name": "Cousin Jack", "dev_stat": "Past Producer", "code_list": " AU ", "target_commodity": "Gold", "lon": -111.98476, "lat": 45.5046 }, "geometry": { "type": "Point", "coordinates": [ -111.98476, 45.5046 ] } },
{ "type": "Feature", "properties": { "dep_id": "10294923", "site_name": "Moose Creek-Fish Creek Traverse", "dev_stat": "Occurrence", "code_list": " AU CU ", "target_commodity": "Gold", "lon": -112.49198, "lat": 45.7966 }, "geometry": { "type": "Point", "coordinates": [ -112.49198, 45.7966 ] } },
{ "type": "Feature", "properties": { "dep_id": "10294925", "site_name": "Original Mine", "dev_stat": "Past Producer", "code_list": " AU ", "target_commodity": "Gold", "lon": -111.73167, "lat": 46.6541 }, "geometry": { "type": "Point", "coordinates": [ -111.73167, 46.6541 ] } },
{ "type": "Feature", "properties": { "dep_id": "10294926", "site_name": "Mc Clellan Creek Placer", "dev_stat": "Past Producer", "code_list": " AU ", "target_commodity": "Gold", "lon": -111.87917, "lat": 46.5366 }, "geometry": { "type": "Point", "coordinates": [ -111.87917, 46.5366 ] } },
{ "type": "Feature", "properties": { "dep_id": "10294934", "site_name": "Portal Mine", "dev_stat": "Occurrence", "code_list": " AU CU ", "target_commodity": "Gold", "lon": -112.10918, "lat": 46.3421 }, "geometry": { "type": "Point", "coordinates": [ -112.10918, 46.3421 ] } },
{ "type": "Feature", "properties": { "dep_id": "10294939", "site_name": "Blue Eyed Maggie", "dev_stat": "Past Producer", "code_list": " AU ", "target_commodity": "Gold", "lon": -112.58449, "lat": 46.3768 }, "geometry": { "type": "Point", "coordinates": [ -112.58449, 46.3768 ] } },
{ "type": "Feature", "properties": { "dep_id": "10294940", "site_name": "B.L.M.W. Mine", "dev_stat": "Past Producer", "code_list": " AU AG ", "target_commodity": "Gold", "lon": -111.93616, "lat": 45.2846 }, "geometry": { "type": "Point", "coordinates": [ -111.93616, 45.2846 ] } },
{ "type": "Feature", "properties": { "dep_id": "10294943", "site_name": "Big Chief", "dev_stat": "Past Producer", "code_list": " PB AU ", "target_commodity": "Gold", "lon": -112.01058, "lat": 46.3638 }, "geometry": { "type": "Point", "coordinates": [ -112.01058, 46.3638 ] } },
{ "type": "Feature", "properties": { "dep_id": "10294944", "site_name": "Nancy Helen Mine", "dev_stat": "Past Producer", "code_list": " AU CU ", "target_commodity": "Gold", "lon": -112.5259, "lat": 46.6921 }, "geometry": { "type": "Point", "coordinates": [ -112.5259, 46.6921 ] } },
{ "type": "Feature", "properties": { "dep_id": "10294947", "site_name": "Alameda", "dev_stat": "Past Producer", "code_list": " AU AG ", "target_commodity": "Gold", "lon": -111.97506, "lat": 45.2393 }, "geometry": { "type": "Point", "coordinates": [ -111.97506, 45.2393 ] } },
{ "type": "Feature", "properties": { "dep_id": "10294953", "site_name": "M and L Mine", "dev_stat": "Occurrence", "code_list": " AU CU ", "target_commodity": "Gold", "lon": -112.34559, "lat": 46.7527 }, "geometry": { "type": "Point", "coordinates": [ -112.34559, 46.7527 ] } },
{ "type": "Feature", "properties": { "dep_id": "10294954", "site_name": "Peerless Jennie", "dev_stat": "Past Producer", "code_list": " AU ", "target_commodity": "Gold", "lon": -112.24088, "lat": 46.4313 }, "geometry": { "type": "Point", "coordinates": [ -112.24088, 46.4313 ] } },
{ "type": "Feature", "properties": { "dep_id": "10294956", "site_name": "Boulder Iron Mine", "dev_stat": "Past Producer", "code_list": " AU ", "target_commodity": "Gold", "lon": -111.91307, "lat": 46.1746 }, "geometry": { "type": "Point", "coordinates": [ -111.91307, 46.1746 ] } },
{ "type": "Feature", "properties": { "dep_id": "10294966", "site_name": "Moore Creek Mine", "dev_stat": "Prospect", "code_list": " AU CU ", "target_commodity": "Gold", "lon": -111.84396, "lat": 45.4057 }, "geometry": { "type": "Point", "coordinates": [ -111.84396, 45.4057 ] } },
{ "type": "Feature", "properties": { "dep_id": "10294970", "site_name": "Sunrise Shaft", "dev_stat": "Unknown", "code_list": " AU PB ", "target_commodity": "Gold", "lon": -112.49868, "lat": 45.6005 }, "geometry": { "type": "Point", "coordinates": [ -112.49868, 45.6005 ] } },
{ "type": "Feature", "properties": { "dep_id": "10294995", "site_name": "Silver Bow Creek", "dev_stat": "Unknown", "code_list": " AU ", "target_commodity": "Gold", "lon": -112.61199, "lat": 46.0043 }, "geometry": { "type": "Point", "coordinates": [ -112.61199, 46.0043 ] } },
{ "type": "Feature", "properties": { "dep_id": "10294998", "site_name": "Apollo Mine", "dev_stat": "Unknown", "code_list": " AU AG ", "target_commodity": "Gold", "lon": -112.21168, "lat": 46.3568 }, "geometry": { "type": "Point", "coordinates": [ -112.21168, 46.3568 ] } },
{ "type": "Feature", "properties": { "dep_id": "10304651", "site_name": "Trout Creek", "dev_stat": "Past Producer", "code_list": " AU ", "target_commodity": "Gold", "lon": -111.73167, "lat": 46.7143 }, "geometry": { "type": "Point", "coordinates": [ -111.73167, 46.7143 ] } },
{ "type": "Feature", "properties": { "dep_id": "10304690", "site_name": "Greenleaf Mines", "dev_stat": "Past Producer", "code_list": " AU AG ", "target_commodity": "Gold", "lon": -111.89397, "lat": 46.4602 }, "geometry": { "type": "Point", "coordinates": [ -111.89397, 46.4602 ] } },
{ "type": "Feature", "properties": { "dep_id": "10305356", "site_name": "Paymaster Heir Mine", "dev_stat": "Prospect", "code_list": " AU AG ", "target_commodity": "Gold", "lon": -112.01396, "lat": 45.4438 }, "geometry": { "type": "Point", "coordinates": [ -112.01396, 45.4438 ] } },
{ "type": "Feature", "properties": { "dep_id": "10305392", "site_name": "Champion", "dev_stat": "Occurrence", "code_list": " AU ", "target_commodity": "Gold", "lon": -111.41506, "lat": 46.62241 }, "geometry": { "type": "Point", "coordinates": [ -111.41506, 46.62241 ] } },
{ "type": "Feature", "properties": { "dep_id": "10305448", "site_name": "Unnamed Deposit", "dev_stat": "Occurrence", "code_list": " AU CU ", "target_commodity": "Gold", "lon": -112.20397, "lat": 45.5913 }, "geometry": { "type": "Point", "coordinates": [ -112.20397, 45.5913 ] } },
{ "type": "Feature", "properties": { "dep_id": "10305451", "site_name": "Big Hat Lode", "dev_stat": "Unknown", "code_list": " AU AG ", "target_commodity": "Gold", "lon": -111.30476, "lat": 46.64051 }, "geometry": { "type": "Point", "coordinates": [ -111.30476, 46.64051 ] } },
{ "type": "Feature", "properties": { "dep_id": "10305514", "site_name": "Lone Tree", "dev_stat": "Occurrence", "code_list": " AU AG ", "target_commodity": "Gold", "lon": -111.83867, "lat": 46.4791 }, "geometry": { "type": "Point", "coordinates": [ -111.83867, 46.4791 ] } },
{ "type": "Feature", "properties": { "dep_id": "10305587", "site_name": "Tidewater Investment Company", "dev_stat": "Past Producer", "code_list": " AU CU ", "target_commodity": "Gold", "lon": -112.24838, "lat": 46.278 }, "geometry": { "type": "Point", "coordinates": [ -112.24838, 46.278 ] } },
{ "type": "Feature", "properties": { "dep_id": "10305660", "site_name": "Unnamed Gold Deposit", "dev_stat": "Occurrence", "code_list": " AU ", "target_commodity": "Gold", "lon": -111.91196, "lat": 45.2549 }, "geometry": { "type": "Point", "coordinates": [ -111.91196, 45.2549 ] } },
{ "type": "Feature", "properties": { "dep_id": "10305714", "site_name": "Silver Queen Mine", "dev_stat": "Past Producer", "code_list": " AU AG ", "target_commodity": "Gold", "lon": -112.27838, "lat": 45.9585 }, "geometry": { "type": "Point", "coordinates": [ -112.27838, 45.9585 ] } },
{ "type": "Feature", "properties": { "dep_id": "10305821", "site_name": "Leiter Mine", "dev_stat": "Past Producer", "code_list": " AU CU ", "target_commodity": "Gold", "lon": -112.11477, "lat": 45.5502 }, "geometry": { "type": "Point", "coordinates": [ -112.11477, 45.5502 ] } },
{ "type": "Feature", "properties": { "dep_id": "10400175", "site_name": "Butte placer", "dev_stat": "Past Producer", "code_list": " AU AG ", "target_commodity": "Gold", "lon": -112.52989, "lat": 46.0249 }, "geometry": { "type": "Point", "coordinates": [ -112.52989, 46.0249 ] } },
{ "type": "Feature", "properties": { "dep_id": "10400176", "site_name": "Finn", "dev_stat": "Past Producer", "code_list": " AU ", "target_commodity": "Gold", "lon": -112.6679, "lat": 46.7969 }, "geometry": { "type": "Point", "coordinates": [ -112.6679, 46.7969 ] } },
{ "type": "Feature", "properties": { "dep_id": "10400177", "site_name": "Marysville-Silver Creek", "dev_stat": "Past Producer", "code_list": " AU AG ", "target_commodity": "Gold", "lon": -112.33389, "lat": 46.7499 }, "geometry": { "type": "Point", "coordinates": [ -112.33389, 46.7499 ] } },
{ "type": "Feature", "properties": { "dep_id": "10400178", "site_name": "White Creek", "dev_stat": "Past Producer", "code_list": " AU ", "target_commodity": "Gold", "lon": -111.50386, "lat": 46.6099 }, "geometry": { "type": "Point", "coordinates": [ -111.50386, 46.6099 ] } },
{ "type": "Feature", "properties": { "dep_id": "10400185", "site_name": "Maltbys Mound", "dev_stat": "Unknown", "code_list": " AU ", "target_commodity": "Gold", "lon": -111.775, "lat": 45.53333 }, "geometry": { "type": "Point", "coordinates": [ -111.775, 45.53333 ] } },
{ "type": "Feature", "properties": { "dep_id": "10400186", "site_name": "York", "dev_stat": "Unknown", "code_list": " AU ", "target_commodity": "Gold", "lon": -111.77896, "lat": 46.62093 }, "geometry": { "type": "Point", "coordinates": [ -111.77896, 46.62093 ] } },
{ "type": "Feature", "properties": { "dep_id": "10400187", "site_name": "Rimini", "dev_stat": "Past Producer", "code_list": " AU PB ", "target_commodity": "Gold", "lon": -112.24789, "lat": 46.4859 }, "geometry": { "type": "Point", "coordinates": [ -112.24789, 46.4859 ] } },
{ "type": "Feature", "properties": { "dep_id": "10400188", "site_name": "Elkhorn (Swan)", "dev_stat": "Unknown", "code_list": " AU ", "target_commodity": "Gold", "lon": -111.95087, "lat": 46.2499 }, "geometry": { "type": "Point", "coordinates": [ -111.95087, 46.2499 ] } },
{ "type": "Feature", "properties": { "dep_id": "10400191", "site_name": "Butte, Veins (Anaconda)", "dev_stat": "Past Producer", "code_list": " AU PB TE ", "target_commodity": "Gold", "lon": -112.53089, "lat": 46.0199 }, "geometry": { "type": "Point", "coordinates": [ -112.53089, 46.0199 ] } },
{ "type": "Feature", "properties": { "dep_id": "10400333", "site_name": "Wet Georgia Gulch Mine", "dev_stat": "Unknown", "code_list": " AU ", "target_commodity": "Gold", "lon": -112.18111, "lat": 45.53278 }, "geometry": { "type": "Point", "coordinates": [ -112.18111, 45.53278 ] } },
{ "type": "Feature", "properties": { "dep_id": "60000258", "site_name": "Clancy-Lump Gulch District", "dev_stat": "Producer", "code_list": " AU CU SB ", "target_commodity": "Gold", "lon": -112.08418, "lat": 46.4666 }, "geometry": { "type": "Point", "coordinates": [ -112.08418, 46.4666 ] } },
{ "type": "Feature", "properties": { "dep_id": "60000324", "site_name": "Sheridan District", "dev_stat": "Producer", "code_list": " AU ZN CR ", "target_commodity": "Gold", "lon": -112.08416, "lat": 45.5199 }, "geometry": { "type": "Point", "coordinates": [ -112.08416, 45.5199 ] } },
{ "type": "Feature", "properties": { "dep_id": "60000343", "site_name": "Finn District", "dev_stat": "Past Producer", "code_list": " AU AG ", "target_commodity": "Gold", "lon": -112.6676, "lat": 46.7971 }, "geometry": { "type": "Point", "coordinates": [ -112.6676, 46.7971 ] } },
{ "type": "Feature", "properties": { "dep_id": "60000352", "site_name": "Lowland District", "dev_stat": "Past Producer", "code_list": " AU ZN ", "target_commodity": "Gold", "lon": -112.41899, "lat": 46.2041 }, "geometry": { "type": "Point", "coordinates": [ -112.41899, 46.2041 ] } },
{ "type": "Feature", "properties": { "dep_id": "60000361", "site_name": "Scratchgravel District", "dev_stat": "Past Producer", "code_list": " AU FE V ", "target_commodity": "Gold", "lon": -112.08418, "lat": 46.6666 }, "geometry": { "type": "Point", "coordinates": [ -112.08418, 46.6666 ] } },
{ "type": "Feature", "properties": { "dep_id": "60001035", "site_name": "White Creek District", "dev_stat": "Past Producer", "code_list": " AU ", "target_commodity": "Gold", "lon": -111.50416, "lat": 46.6096 }, "geometry": { "type": "Point", "coordinates": [ -111.50416, 46.6096 ] } },
{ "type": "Feature", "properties": { "dep_id": "60001101", "site_name": "Butte District", "dev_stat": "Past Producer", "code_list": " AU ", "target_commodity": "Gold", "lon": -112.53009, "lat": 46.0249 }, "geometry": { "type": "Point", "coordinates": [ -112.53009, 46.0249 ] } },
{ "type": "Feature", "properties": { "dep_id": "60001622", "site_name": "Butte District", "dev_stat": "Producer", "code_list": " AU SE ", "target_commodity": "Gold", "lon": -112.53009, "lat": 46.0249 }, "geometry": { "type": "Point", "coordinates": [ -112.53009, 46.0249 ] } }
]
}
